model,split,month,source,destination,target,score
gcn,train,2021-12,country_203,country_344,-0.31800059571372974,0.2880673408508301
gcn,train,2021-12,country_203,country_372,0.2437970725541184,0.2797735929489136
gcn,train,2021-12,country_203,country_380,0.8493865367761986,0.27641990780830383
gcn,train,2021-12,country_203,country_cn,0.7647692720905055,0.29085010290145874
gcn,train,2021-12,country_203,country_de,-0.12122360826623636,0.3234705626964569
gcn,train,2021-12,country_203,country_fr,-0.9276024312247639,0.30714860558509827
gcn,train,2021-12,country_203,country_gb,-0.8741414762074884,0.3169066905975342
gcn,train,2021-12,country_203,country_in,-0.7783881090001606,0.3030633330345154
gcn,train,2021-12,country_203,country_jp,0.36372845113296326,0.287832111120224
gcn,train,2021-12,country_203,country_kr,-0.6140035068204687,0.3190194368362427
gcn,train,2021-12,country_203,country_mx,2.9978295756964224,0.30776655673980713
gcn,train,2021-12,country_203,country_my,-0.3898297121610708,0.3141891658306122
gcn,train,2021-12,country_203,country_ph,-0.31263592082784,0.3054451048374176
gcn,train,2021-12,country_203,country_sg,-0.21296142056257744,0.2889646887779236
gcn,train,2021-12,country_203,country_th,-0.20211872785315915,0.2754172384738922
gcn,train,2021-12,country_203,country_us,0.24117014407340617,0.3199339210987091
gcn,train,2021-12,country_203,country_vn,0.539930067862157,0.28629329800605774
gcn,train,2021-12,country_344,country_203,0.4672451897411968,0.30442333221435547
gcn,train,2021-12,country_344,country_372,5.383890510811044,0.27712225914001465
gcn,train,2021-12,country_344,country_380,0.34268368534274246,0.2661691904067993
gcn,train,2021-12,country_344,country_cn,-0.3341045422833995,0.2842344641685486
gcn,train,2021-12,country_344,country_de,0.8366689117950002,0.31460434198379517
gcn,train,2021-12,country_344,country_fr,0.2760554511541877,0.3004646897315979
gcn,train,2021-12,country_344,country_gb,1.4336684458273554,0.3073137402534485
gcn,train,2021-12,country_344,country_in,0.39707093019601586,0.30959007143974304
gcn,train,2021-12,country_344,country_jp,5.467924056163369,0.28140586614608765
gcn,train,2021-12,country_344,country_kr,0.76703190238061,0.3253258764743805
gcn,train,2021-12,country_344,country_mx,0.2510008598238257,0.3107084333896637
gcn,train,2021-12,country_344,country_my,0.2569176164405594,0.30854666233062744
gcn,train,2021-12,country_344,country_ph,0.43181137026359295,0.3031670153141022
gcn,train,2021-12,country_344,country_sg,0.3191434536624023,0.2856125831604004
gcn,train,2021-12,country_344,country_th,0.8514583454019259,0.2744046449661255
gcn,train,2021-12,country_344,country_us,1.1781178012032474,0.31597328186035156
gcn,train,2021-12,country_344,country_vn,1.2612240905964307,0.28106987476348877
gcn,train,2021-12,country_372,country_203,0.6703916158538366,0.28009921312332153
gcn,train,2021-12,country_372,country_344,1.6597551920461342,0.25235795974731445
gcn,train,2021-12,country_372,country_380,-0.8672031270198178,0.23766498267650604
gcn,train,2021-12,country_372,country_cn,0.08121375479156026,0.26287204027175903
gcn,train,2021-12,country_372,country_de,4.88918928964419,0.2872216999530792
gcn,train,2021-12,country_372,country_fr,0.6634710756522547,0.2697654664516449
gcn,train,2021-12,country_372,country_gb,1.0241519382349464,0.27158665657043457
gcn,train,2021-12,country_372,country_in,-0.849327536891373,0.2747931480407715
gcn,train,2021-12,country_372,country_jp,0.13430102146894332,0.2613791227340698
gcn,train,2021-12,country_372,country_kr,1.1512901448662733,0.2907819449901581
gcn,train,2021-12,country_372,country_mx,-0.3810130885602584,0.27154847979545593
gcn,train,2021-12,country_372,country_my,0.04173948113900575,0.2776285409927368
gcn,train,2021-12,country_372,country_ph,-0.16681270550843352,0.26584315299987793
gcn,train,2021-12,country_372,country_sg,0.3938217894819125,0.25696897506713867
gcn,train,2021-12,country_372,country_th,-0.599569336687021,0.23446962237358093
gcn,train,2021-12,country_372,country_us,-0.23994342490674586,0.2818443775177002
gcn,train,2021-12,country_372,country_vn,-0.13955215657169054,0.2623688280582428
gcn,train,2021-12,country_380,country_203,-0.346108072843301,0.3055012822151184
gcn,train,2021-12,country_380,country_344,0.0884313211991253,0.28318697214126587
gcn,train,2021-12,country_380,country_372,-0.14881140592494915,0.27248015999794006
gcn,train,2021-12,country_380,country_cn,-0.021493819257131102,0.28059253096580505
gcn,train,2021-12,country_380,country_de,-0.003539131547283008,0.3138941526412964
gcn,train,2021-12,country_380,country_fr,0.01748091632896214,0.29838377237319946
gcn,train,2021-12,country_380,country_gb,0.08599835572537737,0.3027711808681488
gcn,train,2021-12,country_380,country_in,-0.19732450631728954,0.29459118843078613
gcn,train,2021-12,country_380,country_jp,0.255812427358842,0.28055840730667114
gcn,train,2021-12,country_380,country_kr,-0.6974502758983907,0.3188159763813019
gcn,train,2021-12,country_380,country_mx,-0.1389991808581921,0.3053813874721527
gcn,train,2021-12,country_380,country_my,0.09807732632999334,0.2995891571044922
gcn,train,2021-12,country_380,country_ph,0.2024102930645171,0.29611849784851074
gcn,train,2021-12,country_380,country_sg,0.045052089134117075,0.2828243374824524
gcn,train,2021-12,country_380,country_th,-0.315158272179374,0.26794031262397766
gcn,train,2021-12,country_380,country_us,-0.11825784484589395,0.3131675124168396
gcn,train,2021-12,country_380,country_vn,0.6275735573672921,0.27470874786376953
gcn,train,2021-12,country_cn,country_203,-0.08610617495857997,0.3119097948074341
gcn,train,2021-12,country_cn,country_344,0.05411265642298099,0.287476122379303
gcn,train,2021-12,country_cn,country_372,0.45055250979301503,0.2795133888721466
gcn,train,2021-12,country_cn,country_380,0.3976702874404787,0.2661355435848236
gcn,train,2021-12,country_cn,country_de,0.1320501974375863,0.32453590631484985
gcn,train,2021-12,country_cn,country_fr,0.16017316334422954,0.3124062716960907
gcn,train,2021-12,country_cn,country_gb,1.2603215206362637,0.31765782833099365
gcn,train,2021-12,country_cn,country_in,0.733547163806026,0.31278082728385925
gcn,train,2021-12,country_cn,country_jp,0.09362998656156023,0.28353196382522583
gcn,train,2021-12,country_cn,country_kr,0.12347522769870331,0.32870322465896606
gcn,train,2021-12,country_cn,country_mx,0.2233820584058921,0.3122466504573822
gcn,train,2021-12,country_cn,country_my,0.3613575340631921,0.3115629255771637
gcn,train,2021-12,country_cn,country_ph,-0.1249426549963331,0.3068591356277466
gcn,train,2021-12,country_cn,country_sg,0.0428596445913697,0.2850645184516907
gcn,train,2021-12,country_cn,country_th,0.2955703263199965,0.2714551091194153
gcn,train,2021-12,country_cn,country_us,-0.011237715867514136,0.3139761984348297
gcn,train,2021-12,country_cn,country_vn,0.19989431311452968,0.27973586320877075
gcn,train,2021-12,country_de,country_203,0.11976794064789847,0.3218817412853241
gcn,train,2021-12,country_de,country_344,-0.10022178002458215,0.2988346815109253
gcn,train,2021-12,country_de,country_372,0.6126921733250078,0.2931302785873413
gcn,train,2021-12,country_de,country_380,0.16251081160686076,0.2817493677139282
gcn,train,2021-12,country_de,country_cn,0.14768106763022315,0.2951408326625824
gcn,train,2021-12,country_de,country_fr,-0.056748859252685364,0.3209450840950012
gcn,train,2021-12,country_de,country_gb,-0.7968733585681607,0.32636529207229614
gcn,train,2021-12,country_de,country_in,0.2812582231579708,0.3186303675174713
gcn,train,2021-12,country_de,country_jp,0.09512251608258214,0.29499608278274536
gcn,train,2021-12,country_de,country_kr,0.005560505129776548,0.33439743518829346
gcn,train,2021-12,country_de,country_mx,-0.10550737976129425,0.3158811330795288
gcn,train,2021-12,country_de,country_my,-0.09845208370495723,0.32153981924057007
gcn,train,2021-12,country_de,country_ph,0.06682892238011365,0.3146515190601349
gcn,train,2021-12,country_de,country_sg,-0.04017652639229487,0.2965908646583557
gcn,train,2021-12,country_de,country_th,0.12785331249335563,0.2818031907081604
gcn,train,2021-12,country_de,country_us,0.08709811701030908,0.3285983204841614
gcn,train,2021-12,country_de,country_vn,0.4485157274296498,0.2920628488063812
gcn,train,2021-12,country_fr,country_203,0.23019894241832914,0.3125469982624054
gcn,train,2021-12,country_fr,country_344,0.06944277155569248,0.2953447699546814
gcn,train,2021-12,country_fr,country_372,-0.3733104960557304,0.28611132502555847
gcn,train,2021-12,country_fr,country_380,-0.16494952204229743,0.2793251872062683
gcn,train,2021-12,country_fr,country_cn,-0.07769828255840074,0.29013919830322266
gcn,train,2021-12,country_fr,country_de,0.2528336999874232,0.3277549147605896
gcn,train,2021-12,country_fr,country_gb,-0.6882143907165417,0.3193947374820709
gcn,train,2021-12,country_fr,country_in,2.5074328386723743,0.3120177388191223
gcn,train,2021-12,country_fr,country_jp,0.10577671348696563,0.29061469435691833
gcn,train,2021-12,country_fr,country_kr,0.13740716810005088,0.32653626799583435
gcn,train,2021-12,country_fr,country_mx,0.5532865475745928,0.3122194707393646
gcn,train,2021-12,country_fr,country_my,0.223393924033437,0.3141661286354065
gcn,train,2021-12,country_fr,country_ph,0.23559060164440193,0.30851396918296814
gcn,train,2021-12,country_fr,country_sg,0.013907675107542506,0.29347607493400574
gcn,train,2021-12,country_fr,country_th,0.3151447265994526,0.27839571237564087
gcn,train,2021-12,country_fr,country_us,0.19004405468931435,0.3231152892112732
gcn,train,2021-12,country_fr,country_vn,-0.1125493361082873,0.286465048789978
gcn,train,2021-12,country_gb,country_203,0.5351071681955961,0.30047106742858887
gcn,train,2021-12,country_gb,country_344,-0.1832928316653571,0.28443771600723267
gcn,train,2021-12,country_gb,country_372,1.2308193089269595,0.2840881943702698
gcn,train,2021-12,country_gb,country_380,-0.11884922142868729,0.2644224762916565
gcn,train,2021-12,country_gb,country_cn,0.15156378345911484,0.28189679980278015
gcn,train,2021-12,country_gb,country_de,0.08227500974969075,0.314045250415802
gcn,train,2021-12,country_gb,country_fr,0.15908218012355832,0.3012443780899048
gcn,train,2021-12,country_gb,country_in,0.8448629677319445,0.30321285128593445
gcn,train,2021-12,country_gb,country_jp,0.26429480911361564,0.28149402141571045
gcn,train,2021-12,country_gb,country_kr,0.3966762492972516,0.31510964035987854
gcn,train,2021-12,country_gb,country_mx,0.12377170965282668,0.3113548159599304
gcn,train,2021-12,country_gb,country_my,-0.07271305195429788,0.30500528216362
gcn,train,2021-12,country_gb,country_ph,0.14280660374225523,0.300092875957489
gcn,train,2021-12,country_gb,country_sg,-0.26347394396295953,0.28315281867980957
gcn,train,2021-12,country_gb,country_th,0.051026348833943455,0.27071288228034973
gcn,train,2021-12,country_gb,country_us,0.6353480245512179,0.3188941776752472
gcn,train,2021-12,country_gb,country_vn,-0.9114737370983407,0.2758857309818268
gcn,train,2021-12,country_in,country_203,1.018186775295495,0.30117398500442505
gcn,train,2021-12,country_in,country_344,-0.006157185570234268,0.2879313826560974
gcn,train,2021-12,country_in,country_372,-0.566422252493848,0.275310754776001
gcn,train,2021-12,country_in,country_380,0.6173376087872726,0.2665891647338867
gcn,train,2021-12,country_in,country_cn,-0.12284358752256379,0.2850467264652252
gcn,train,2021-12,country_in,country_de,0.28933529296213484,0.31808021664619446
gcn,train,2021-12,country_in,country_fr,0.1546532872254073,0.3030610680580139
gcn,train,2021-12,country_in,country_gb,0.7407650876434052,0.30877530574798584
gcn,train,2021-12,country_in,country_jp,0.8701217784876035,0.2813389003276825
gcn,train,2021-12,country_in,country_kr,-0.44515710572996897,0.3150002956390381
gcn,train,2021-12,country_in,country_mx,0.06953580990380978,0.30614134669303894
gcn,train,2021-12,country_in,country_my,4.056257138791396,0.3059501051902771
gcn,train,2021-12,country_in,country_ph,-0.8452770120743875,0.2958502769470215
gcn,train,2021-12,country_in,country_sg,1.1332693588255054,0.28331202268600464
gcn,train,2021-12,country_in,country_th,-0.45218899882216834,0.27641403675079346
gcn,train,2021-12,country_in,country_us,-0.6542305138253653,0.3179086446762085
gcn,train,2021-12,country_in,country_vn,-0.7613610899774703,0.2812616527080536
gcn,train,2021-12,country_jp,country_203,0.08907787373664983,0.30660393834114075
gcn,train,2021-12,country_jp,country_344,-0.07606368915324534,0.2879186272621155
gcn,train,2021-12,country_jp,country_372,-0.21550966554558093,0.27681612968444824
gcn,train,2021-12,country_jp,country_380,-0.19347964891394037,0.26068347692489624
gcn,train,2021-12,country_jp,country_cn,0.0052580215172234246,0.2835317552089691
gcn,train,2021-12,country_jp,country_de,-0.049451045197498926,0.3229218125343323
gcn,train,2021-12,country_jp,country_fr,0.38104921830840494,0.30797189474105835
gcn,train,2021-12,country_jp,country_gb,0.6388338536982655,0.3112652599811554
gcn,train,2021-12,country_jp,country_in,0.10164453710975568,0.31122493743896484
gcn,train,2021-12,country_jp,country_kr,0.23542364971893728,0.32824620604515076
gcn,train,2021-12,country_jp,country_mx,-0.18166279570680063,0.31144773960113525
gcn,train,2021-12,country_jp,country_my,-0.035864911890255,0.31304794549942017
gcn,train,2021-12,country_jp,country_ph,0.012199100061978335,0.30792805552482605
gcn,train,2021-12,country_jp,country_sg,0.10187216582214034,0.28598856925964355
gcn,train,2021-12,country_jp,country_th,-0.1152968787627955,0.2718784213066101
gcn,train,2021-12,country_jp,country_us,-0.020572904971681658,0.31449782848358154
gcn,train,2021-12,country_jp,country_vn,0.14234404877163498,0.2815892696380615
gcn,train,2021-12,country_kr,country_203,0.4974931841856209,0.325870156288147
gcn,train,2021-12,country_kr,country_344,-0.12224792109055876,0.31272879242897034
gcn,train,2021-12,country_kr,country_372,0.5477620501535807,0.29655423760414124
gcn,train,2021-12,country_kr,country_380,0.24299296431377276,0.2842768430709839
gcn,train,2021-12,country_kr,country_cn,0.10402280358047644,0.3105872869491577
gcn,train,2021-12,country_kr,country_de,0.14023157865926245,0.3400682508945465
gcn,train,2021-12,country_kr,country_fr,0.079198688095631,0.3265834450721741
gcn,train,2021-12,country_kr,country_gb,2.1782242288654516,0.32678961753845215
gcn,train,2021-12,country_kr,country_in,0.5319454345842286,0.3287302851676941
gcn,train,2021-12,country_kr,country_jp,0.41619421856385574,0.30614447593688965
gcn,train,2021-12,country_kr,country_mx,-0.22131042265110762,0.32491201162338257
gcn,train,2021-12,country_kr,country_my,-0.03406596195340085,0.32933858036994934
gcn,train,2021-12,country_kr,country_ph,0.19191000433244085,0.3260496258735657
gcn,train,2021-12,country_kr,country_sg,0.3223882984831849,0.3097493648529053
gcn,train,2021-12,country_kr,country_th,0.7186197519290944,0.2983362376689911
gcn,train,2021-12,country_kr,country_us,0.2176558516960374,0.34279054403305054
gcn,train,2021-12,country_kr,country_vn,0.3498930941032363,0.30620667338371277
gcn,train,2021-12,country_mx,country_203,-0.3244303413661128,0.31330806016921997
gcn,train,2021-12,country_mx,country_344,-0.0984299783729709,0.2961529791355133
gcn,train,2021-12,country_mx,country_372,0.6906045828484491,0.2849232852458954
gcn,train,2021-12,country_mx,country_380,-0.19980052904590503,0.2704760432243347
gcn,train,2021-12,country_mx,country_cn,0.05746281050180894,0.2949036955833435
gcn,train,2021-12,country_mx,country_de,0.3006870309099189,0.3284871578216553
gcn,train,2021-12,country_mx,country_fr,1.4217411962047994,0.31643807888031006
gcn,train,2021-12,country_mx,country_gb,1.6318724581379755,0.3168545663356781
gcn,train,2021-12,country_mx,country_in,-0.45421223243124115,0.3099462687969208
gcn,train,2021-12,country_mx,country_jp,0.0649772228088768,0.2937270402908325
gcn,train,2021-12,country_mx,country_kr,0.1741629906969154,0.3312318027019501
gcn,train,2021-12,country_mx,country_my,-0.01658130322553175,0.3159652650356293
gcn,train,2021-12,country_mx,country_ph,1.0349972704152963,0.30655378103256226
gcn,train,2021-12,country_mx,country_sg,0.2098344599571889,0.2945081293582916
gcn,train,2021-12,country_mx,country_th,0.46667490793466326,0.27986812591552734
gcn,train,2021-12,country_mx,country_us,-0.2537752791601993,0.3287801444530487
gcn,train,2021-12,country_mx,country_vn,1.404270845261312,0.29102623462677
gcn,train,2021-12,country_my,country_203,-0.012718425312450371,0.31390485167503357
gcn,train,2021-12,country_my,country_344,0.03453601878349529,0.29753953218460083
gcn,train,2021-12,country_my,country_372,-0.9232555571979695,0.2863081395626068
gcn,train,2021-12,country_my,country_380,1.1958846179105518,0.26928770542144775
gcn,train,2021-12,country_my,country_cn,-0.05349146487874967,0.290793776512146
gcn,train,2021-12,country_my,country_de,0.18190896186186745,0.326579749584198
gcn,train,2021-12,country_my,country_fr,0.28408898883716743,0.3130626380443573
gcn,train,2021-12,country_my,country_gb,2.022217702958255,0.3150491416454315
gcn,train,2021-12,country_my,country_in,1.2647408305330015,0.3128197491168976
gcn,train,2021-12,country_my,country_jp,0.3847916661746961,0.2893647849559784
gcn,train,2021-12,country_my,country_kr,-0.023399809663348654,0.32784104347229004
gcn,train,2021-12,country_my,country_mx,-0.16876510548730858,0.3116975426673889
gcn,train,2021-12,country_my,country_ph,-0.13001407651060481,0.3084656000137329
gcn,train,2021-12,country_my,country_sg,-0.018065038568417936,0.2911105751991272
gcn,train,2021-12,country_my,country_th,0.3250024640167304,0.27971982955932617
gcn,train,2021-12,country_my,country_us,-0.3050866567970088,0.3291316330432892
gcn,train,2021-12,country_my,country_vn,0.2382961971029617,0.28739291429519653
gcn,train,2021-12,country_ph,country_203,0.31994369552380936,0.3154985308647156
gcn,train,2021-12,country_ph,country_344,-0.06572933386562403,0.29911568760871887
gcn,train,2021-12,country_ph,country_372,0.2905355271101153,0.2883380055427551
gcn,train,2021-12,country_ph,country_380,1.0981037802095923,0.2723901867866516
gcn,train,2021-12,country_ph,country_cn,-0.0013068233444058957,0.2925720810890198
gcn,train,2021-12,country_ph,country_de,-0.022387904047359276,0.32876765727996826
gcn,train,2021-12,country_ph,country_fr,0.1607579074379115,0.31636425852775574
gcn,train,2021-12,country_ph,country_gb,2.484809961369698,0.31859201192855835
gcn,train,2021-12,country_ph,country_in,0.27912918861261027,0.3132603168487549
gcn,train,2021-12,country_ph,country_jp,0.17724802057147307,0.2916414737701416
gcn,train,2021-12,country_ph,country_kr,0.016946466065056013,0.32922542095184326
gcn,train,2021-12,country_ph,country_mx,-0.1974375649872486,0.3147808313369751
gcn,train,2021-12,country_ph,country_my,0.19703840056895122,0.3184160888195038
gcn,train,2021-12,country_ph,country_sg,0.14067446385374954,0.29371437430381775
gcn,train,2021-12,country_ph,country_th,0.4699990825822253,0.28115755319595337
gcn,train,2021-12,country_ph,country_us,-0.02686374591172419,0.3264820873737335
gcn,train,2021-12,country_ph,country_vn,0.1332146367608993,0.2888459265232086
gcn,train,2021-12,country_sg,country_203,0.5977234147442588,0.30257049202919006
gcn,train,2021-12,country_sg,country_344,0.03419281587869844,0.28575399518013
gcn,train,2021-12,country_sg,country_372,-0.6600741186058909,0.274136483669281
gcn,train,2021-12,country_sg,country_380,-0.05498179973759897,0.2578016519546509
gcn,train,2021-12,country_sg,country_cn,-0.004295803314849355,0.2794184386730194
gcn,train,2021-12,country_sg,country_de,0.2992564850305264,0.3224124014377594
gcn,train,2021-12,country_sg,country_fr,0.7000238356592653,0.30902034044265747
gcn,train,2021-12,country_sg,country_gb,-0.011750770411060416,0.30979710817337036
gcn,train,2021-12,country_sg,country_in,0.2999015072035572,0.3102678060531616
gcn,train,2021-12,country_sg,country_jp,0.2541439505193741,0.27968376874923706
gcn,train,2021-12,country_sg,country_kr,0.28989273916299524,0.3277037739753723
gcn,train,2021-12,country_sg,country_mx,-0.14244272944947162,0.30882540345191956
gcn,train,2021-12,country_sg,country_my,0.2891933200461988,0.3093934953212738
gcn,train,2021-12,country_sg,country_ph,0.20254027435585156,0.30531397461891174
gcn,train,2021-12,country_sg,country_th,0.06753481390582775,0.26676201820373535
gcn,train,2021-12,country_sg,country_us,-0.2881777358743162,0.31095027923583984
gcn,train,2021-12,country_sg,country_vn,0.31532911409382264,0.27542027831077576
gcn,train,2021-12,country_th,country_203,0.565798496309633,0.29956644773483276
gcn,train,2021-12,country_th,country_344,-0.1423075320738101,0.28073635697364807
gcn,train,2021-12,country_th,country_372,2.2971009126931317,0.2723144292831421
gcn,train,2021-12,country_th,country_380,0.4501933490320396,0.2551390528678894
gcn,train,2021-12,country_th,country_cn,0.1116862549187449,0.27571535110473633
gcn,train,2021-12,country_th,country_de,0.1533868765597147,0.31435924768447876
gcn,train,2021-12,country_th,country_fr,0.6796341428222007,0.3023289740085602
gcn,train,2021-12,country_th,country_gb,1.1386554415308596,0.3090004324913025
gcn,train,2021-12,country_th,country_in,-0.3619025833815355,0.3033924400806427
gcn,train,2021-12,country_th,country_jp,0.2213734491893088,0.27425462007522583
gcn,train,2021-12,country_th,country_kr,-0.0004780866353105479,0.32003986835479736
gcn,train,2021-12,country_th,country_mx,-0.03181333875334418,0.3105044960975647
gcn,train,2021-12,country_th,country_my,0.06666267870671072,0.30557388067245483
gcn,train,2021-12,country_th,country_ph,0.1126245747832536,0.29948776960372925
gcn,train,2021-12,country_th,country_sg,0.3656502006729209,0.27672600746154785
gcn,train,2021-12,country_th,country_us,-0.08707487288721615,0.30802133679389954
gcn,train,2021-12,country_th,country_vn,0.7115103929614063,0.2723362445831299
gcn,train,2021-12,country_us,country_203,0.4526740767693355,0.2877308428287506
gcn,train,2021-12,country_us,country_344,-0.1464839152055685,0.2743629515171051
gcn,train,2021-12,country_us,country_372,-0.3409094709543602,0.2751498222351074
gcn,train,2021-12,country_us,country_380,0.006729786786922418,0.2486165463924408
gcn,train,2021-12,country_us,country_cn,-0.11268235847172431,0.2664644718170166
gcn,train,2021-12,country_us,country_de,-0.12472953432146056,0.3016376793384552
gcn,train,2021-12,country_us,country_fr,-0.037452401742083516,0.29054635763168335
gcn,train,2021-12,country_us,country_gb,0.1747538328626895,0.29911455512046814
gcn,train,2021-12,country_us,country_in,0.13801704163066802,0.29316431283950806
gcn,train,2021-12,country_us,country_jp,0.13096304754037988,0.26657214760780334
gcn,train,2021-12,country_us,country_kr,-0.2513610283695533,0.3061479330062866
gcn,train,2021-12,country_us,country_mx,-0.03571152011690458,0.2987585663795471
gcn,train,2021-12,country_us,country_my,0.05917801150905513,0.2934264838695526
gcn,train,2021-12,country_us,country_ph,0.02250870582865415,0.287856787443161
gcn,train,2021-12,country_us,country_sg,-0.20682768623620945,0.26707279682159424
gcn,train,2021-12,country_us,country_th,0.09976019635047778,0.2586479187011719
gcn,train,2021-12,country_us,country_vn,-0.34629450231104275,0.2652026414871216
gcn,train,2021-12,country_vn,country_203,-0.43870296163968414,0.3072662353515625
gcn,train,2021-12,country_vn,country_344,-0.34708978715092215,0.28852105140686035
gcn,train,2021-12,country_vn,country_372,4.500352309772,0.27460822463035583
gcn,train,2021-12,country_vn,country_380,-0.23411728752904606,0.25997161865234375
gcn,train,2021-12,country_vn,country_cn,-0.3033132677984971,0.28763461112976074
gcn,train,2021-12,country_vn,country_de,0.06544017821313672,0.3201134204864502
gcn,train,2021-12,country_vn,country_fr,0.04073814104824732,0.30672407150268555
gcn,train,2021-12,country_vn,country_gb,8.9455176169937,0.30966562032699585
gcn,train,2021-12,country_vn,country_in,-0.2122743778526357,0.3115900158882141
gcn,train,2021-12,country_vn,country_jp,0.7211228326254385,0.2840356230735779
gcn,train,2021-12,country_vn,country_kr,-0.00708803812919643,0.3245179057121277
gcn,train,2021-12,country_vn,country_mx,-0.29621919406082614,0.31351226568222046
gcn,train,2021-12,country_vn,country_my,0.16692340608089806,0.3133997619152069
gcn,train,2021-12,country_vn,country_ph,4.358206210337506,0.30207863450050354
gcn,train,2021-12,country_vn,country_sg,0.192387983959645,0.2848070561885834
gcn,train,2021-12,country_vn,country_th,-0.03288750751389534,0.27258777618408203
gcn,train,2021-12,country_vn,country_us,-0.27340568757375966,0.31608322262763977
gcn,train,2022-01,country_203,country_344,-0.8895483568205323,0.22499778866767883
gcn,train,2022-01,country_203,country_372,-0.44162027193397435,0.25320154428482056
gcn,train,2022-01,country_203,country_380,0.5020925887242473,0.2293936014175415
gcn,train,2022-01,country_203,country_cn,0.040809729776450324,0.24386322498321533
gcn,train,2022-01,country_203,country_de,0.3133373158228714,0.24586986005306244
gcn,train,2022-01,country_203,country_fr,-0.8732901527540848,0.24077463150024414
gcn,train,2022-01,country_203,country_gb,-0.9023264148738546,0.2696687579154968
gcn,train,2022-01,country_203,country_in,-0.9074696327554649,0.27188095450401306
gcn,train,2022-01,country_203,country_jp,0.20453642453815266,0.26565006375312805
gcn,train,2022-01,country_203,country_kr,-0.39294484470818297,0.22728939354419708
gcn,train,2022-01,country_203,country_mx,-0.19998284588008458,0.2256319373846054
gcn,train,2022-01,country_203,country_my,-0.24443958765764756,0.2420806586742401
gcn,train,2022-01,country_203,country_ph,-0.19189083093462658,0.2288215011358261
gcn,train,2022-01,country_203,country_sg,0.11344299565483139,0.24057666957378387
gcn,train,2022-01,country_203,country_th,-0.39351863224210637,0.23755957186222076
gcn,train,2022-01,country_203,country_us,-0.24066443156165446,0.25024712085723877
gcn,train,2022-01,country_203,country_vn,0.7910880115147508,0.22084380686283112
gcn,train,2022-01,country_344,country_203,0.11183898087702183,0.26402661204338074
gcn,train,2022-01,country_344,country_372,1.8833328032913985,0.27069395780563354
gcn,train,2022-01,country_344,country_380,-0.4834836716914787,0.23605585098266602
gcn,train,2022-01,country_344,country_cn,-0.5321963796623242,0.24632157385349274
gcn,train,2022-01,country_344,country_de,0.5640524965561396,0.2507152855396271
gcn,train,2022-01,country_344,country_fr,-0.1752579422997146,0.2560708522796631
gcn,train,2022-01,country_344,country_gb,1.3302859435094678,0.2871931195259094
gcn,train,2022-01,country_344,country_in,0.18751079538394658,0.3015885353088379
gcn,train,2022-01,country_344,country_jp,0.33124281610911355,0.2789892256259918
gcn,train,2022-01,country_344,country_kr,-0.0019767021803490095,0.23981444537639618
gcn,train,2022-01,country_344,country_mx,0.30325425930609523,0.2329687476158142
gcn,train,2022-01,country_344,country_my,-0.07496353173799197,0.2332931011915207
gcn,train,2022-01,country_344,country_ph,-0.04989793379511704,0.2575305104255676
gcn,train,2022-01,country_344,country_sg,-0.33546402720283947,0.25404003262519836
gcn,train,2022-01,country_344,country_th,0.5164604212446251,0.2548164427280426
gcn,train,2022-01,country_344,country_us,0.11934125013557842,0.27255356311798096
gcn,train,2022-01,country_344,country_vn,0.5543218294838587,0.2422485053539276
gcn,train,2022-01,country_372,country_203,-0.18373927168100723,0.2318452000617981
gcn,train,2022-01,country_372,country_344,-0.5492632854505647,0.20921920239925385
gcn,train,2022-01,country_372,country_380,-0.7524901704931878,0.2108525037765503
gcn,train,2022-01,country_372,country_cn,0.022027715009904632,0.22779294848442078
gcn,train,2022-01,country_372,country_de,8.330486607935942,0.2305402159690857
gcn,train,2022-01,country_372,country_fr,-0.25816542942973264,0.23293575644493103
gcn,train,2022-01,country_372,country_gb,-0.3044927175354399,0.2588183283805847
gcn,train,2022-01,country_372,country_in,-0.789407722779477,0.2598542869091034
gcn,train,2022-01,country_372,country_jp,-0.20182537293391278,0.25440940260887146
gcn,train,2022-01,country_372,country_kr,1.0808746522056798,0.20653818547725677
gcn,train,2022-01,country_372,country_mx,-0.02921314666467021,0.2055548131465912
gcn,train,2022-01,country_372,country_my,-0.07917179110400038,0.20631836354732513
gcn,train,2022-01,country_372,country_ph,3.3947942379496867,0.22398245334625244
gcn,train,2022-01,country_372,country_sg,-0.30048790641390927,0.22623440623283386
gcn,train,2022-01,country_372,country_th,-0.5703463034623965,0.22013524174690247
gcn,train,2022-01,country_372,country_us,-0.1365787330833335,0.25127023458480835
gcn,train,2022-01,country_372,country_vn,0.07111895001397286,0.20527207851409912
gcn,train,2022-01,country_380,country_203,-0.3918000232815752,0.2720274031162262
gcn,train,2022-01,country_380,country_344,-0.23193444430784954,0.2402699589729309
gcn,train,2022-01,country_380,country_372,1.1765879137436772,0.2755449116230011
gcn,train,2022-01,country_380,country_cn,-0.10519188922770781,0.2515854835510254
gcn,train,2022-01,country_380,country_de,-0.17821072248167255,0.2554571032524109
gcn,train,2022-01,country_380,country_fr,-0.009616023863544074,0.26021459698677063
gcn,train,2022-01,country_380,country_gb,1.459373282170357,0.28723597526550293
gcn,train,2022-01,country_380,country_in,-0.05805265612833002,0.29584598541259766
gcn,train,2022-01,country_380,country_jp,0.019080735564457316,0.281259149312973
gcn,train,2022-01,country_380,country_kr,0.44619390048577284,0.23743867874145508
gcn,train,2022-01,country_380,country_mx,-0.23493720118724082,0.23626509308815002
gcn,train,2022-01,country_380,country_my,-0.12954621117584272,0.23597216606140137
gcn,train,2022-01,country_380,country_ph,0.3853474821278125,0.2551845908164978
gcn,train,2022-01,country_380,country_sg,0.31511854694434915,0.25809693336486816
gcn,train,2022-01,country_380,country_th,-0.15196620322169496,0.25655508041381836
gcn,train,2022-01,country_380,country_us,-0.2086619502047245,0.2814863920211792
gcn,train,2022-01,country_380,country_vn,-0.13935667769380736,0.232363760471344
gcn,train,2022-01,country_cn,country_203,0.30075861566459,0.286171555519104
gcn,train,2022-01,country_cn,country_344,-0.1990923631607651,0.24894315004348755
gcn,train,2022-01,country_cn,country_372,0.2577258780798995,0.28855788707733154
gcn,train,2022-01,country_cn,country_380,-0.04916764008285829,0.2489618957042694
gcn,train,2022-01,country_cn,country_de,0.11297481151159904,0.25973206758499146
gcn,train,2022-01,country_cn,country_fr,0.10684708388978029,0.2539903521537781
gcn,train,2022-01,country_cn,country_gb,0.9205162925553942,0.29149115085601807
gcn,train,2022-01,country_cn,country_in,0.6198262997531919,0.30230873823165894
gcn,train,2022-01,country_cn,country_jp,-0.17853602572357574,0.2923222780227661
gcn,train,2022-01,country_cn,country_kr,0.07542424260548279,0.25432634353637695
gcn,train,2022-01,country_cn,country_mx,0.3447695269497169,0.2492351233959198
gcn,train,2022-01,country_cn,country_my,0.028680460838901536,0.25314775109291077
gcn,train,2022-01,country_cn,country_ph,-0.3675792743727006,0.25506526231765747
gcn,train,2022-01,country_cn,country_sg,-0.10122159613512423,0.25565505027770996
gcn,train,2022-01,country_cn,country_th,0.10577329914963317,0.26051637530326843
gcn,train,2022-01,country_cn,country_us,-0.07818031703175167,0.29393482208251953
gcn,train,2022-01,country_cn,country_vn,-0.02280349939908759,0.2510153651237488
gcn,train,2022-01,country_de,country_203,0.08433655567795012,0.2834774851799011
gcn,train,2022-01,country_de,country_344,-0.09076230835084277,0.24322831630706787
gcn,train,2022-01,country_de,country_372,0.9364303553928858,0.2856859266757965
gcn,train,2022-01,country_de,country_380,0.18798021150630337,0.2457219958305359
gcn,train,2022-01,country_de,country_cn,-0.15065875924765074,0.2520318031311035
gcn,train,2022-01,country_de,country_fr,-0.2306986457655393,0.2557348310947418
gcn,train,2022-01,country_de,country_gb,-0.7171156765158594,0.2873523235321045
gcn,train,2022-01,country_de,country_in,0.191411862739917,0.29674187302589417
gcn,train,2022-01,country_de,country_jp,0.337700484618712,0.2903214395046234
gcn,train,2022-01,country_de,country_kr,-0.01620560822216411,0.24904155731201172
gcn,train,2022-01,country_de,country_mx,0.02959505167278044,0.2482442557811737
gcn,train,2022-01,country_de,country_my,-0.2749220405020518,0.23592498898506165
gcn,train,2022-01,country_de,country_ph,0.04367698991716218,0.2510123550891876
gcn,train,2022-01,country_de,country_sg,-0.19991126667419973,0.25124096870422363
gcn,train,2022-01,country_de,country_th,0.0109547731160751,0.2540842294692993
gcn,train,2022-01,country_de,country_us,0.09820595264880745,0.2907975912094116
gcn,train,2022-01,country_de,country_vn,0.524386953301299,0.23625370860099792
gcn,train,2022-01,country_fr,country_203,0.03459008138269359,0.2849525809288025
gcn,train,2022-01,country_fr,country_344,-0.16924479123769215,0.24766325950622559
gcn,train,2022-01,country_fr,country_372,0.1895451661149726,0.2871719002723694
gcn,train,2022-01,country_fr,country_380,0.04419212569385049,0.25043466687202454
gcn,train,2022-01,country_fr,country_cn,-0.23386711114599912,0.2551302909851074
gcn,train,2022-01,country_fr,country_de,0.09664264102123103,0.258762389421463
gcn,train,2022-01,country_fr,country_gb,-0.5833933026589612,0.2923678159713745
gcn,train,2022-01,country_fr,country_in,1.5406642999627267,0.30037540197372437
gcn,train,2022-01,country_fr,country_jp,0.036707098942879095,0.2961927652359009
gcn,train,2022-01,country_fr,country_kr,0.34863547180056303,0.25143569707870483
gcn,train,2022-01,country_fr,country_mx,-0.2549289201033854,0.25220656394958496
gcn,train,2022-01,country_fr,country_my,-0.04595363998958723,0.2407434582710266
gcn,train,2022-01,country_fr,country_ph,-0.02292656135276203,0.2532896101474762
gcn,train,2022-01,country_fr,country_sg,0.051790039773371425,0.25651049613952637
gcn,train,2022-01,country_fr,country_th,0.14672362465340405,0.25838321447372437
gcn,train,2022-01,country_fr,country_us,-0.04221418505428349,0.29422318935394287
gcn,train,2022-01,country_fr,country_vn,-0.34431717062247885,0.24100446701049805
gcn,train,2022-01,country_gb,country_203,0.42486819830936284,0.28307709097862244
gcn,train,2022-01,country_gb,country_344,-0.08474331138531976,0.2494579255580902
gcn,train,2022-01,country_gb,country_372,0.3659131112900872,0.29078760743141174
gcn,train,2022-01,country_gb,country_380,1.1839348039793391,0.2467864751815796
gcn,train,2022-01,country_gb,country_cn,-0.2591558670540826,0.25757578015327454
gcn,train,2022-01,country_gb,country_de,-0.10644029493729838,0.2578965425491333
gcn,train,2022-01,country_gb,country_fr,0.29338985681097696,0.2584184408187866
gcn,train,2022-01,country_gb,country_in,-0.1277778958158276,0.31073838472366333
gcn,train,2022-01,country_gb,country_jp,0.08298428881752118,0.2937552332878113
gcn,train,2022-01,country_gb,country_kr,-0.0873590001985517,0.25593793392181396
gcn,train,2022-01,country_gb,country_mx,-0.07308000783897098,0.25259414315223694
gcn,train,2022-01,country_gb,country_my,-0.10249464047568355,0.24436265230178833
gcn,train,2022-01,country_gb,country_ph,0.07822308877220462,0.25339698791503906
gcn,train,2022-01,country_gb,country_sg,-0.37108866299988963,0.2553388774394989
gcn,train,2022-01,country_gb,country_th,-0.07796843911844024,0.2588897943496704
gcn,train,2022-01,country_gb,country_us,0.49212506793031474,0.29139402508735657
gcn,train,2022-01,country_gb,country_vn,-0.9184776763316566,0.2485864907503128
gcn,train,2022-01,country_in,country_203,0.533879685019165,0.28082531690597534
gcn,train,2022-01,country_in,country_344,-0.2636323621598485,0.2517368197441101
gcn,train,2022-01,country_in,country_372,0.27105837449144826,0.2799723446369171
gcn,train,2022-01,country_in,country_380,-0.6109559684905498,0.24570192396640778
gcn,train,2022-01,country_in,country_cn,-0.15162947955649766,0.2598072290420532
gcn,train,2022-01,country_in,country_de,-0.024985260858398733,0.2615868151187897
gcn,train,2022-01,country_in,country_fr,-0.3977465645439776,0.2621622085571289
gcn,train,2022-01,country_in,country_gb,0.9038293681738226,0.30110964179039
gcn,train,2022-01,country_in,country_jp,2.580760363939763,0.28998827934265137
gcn,train,2022-01,country_in,country_kr,-0.6506548039597397,0.2522447109222412
gcn,train,2022-01,country_in,country_mx,0.10689298157432348,0.25260621309280396
gcn,train,2022-01,country_in,country_my,1.0288399183720045,0.2472277581691742
gcn,train,2022-01,country_in,country_ph,-0.05412340538220603,0.24929462373256683
gcn,train,2022-01,country_in,country_sg,0.7727280609440599,0.2587087154388428
gcn,train,2022-01,country_in,country_th,0.32106714360460636,0.2622290253639221
gcn,train,2022-01,country_in,country_us,-0.5962768941782408,0.2971537709236145
gcn,train,2022-01,country_in,country_vn,-0.8125895547792278,0.24671244621276855
gcn,train,2022-01,country_jp,country_203,0.018930494343733693,0.2960994243621826
gcn,train,2022-01,country_jp,country_344,-0.06746975601102648,0.2674691677093506
gcn,train,2022-01,country_jp,country_372,-0.11849627698120628,0.29609066247940063
gcn,train,2022-01,country_jp,country_380,-0.315292530097385,0.2604972720146179
gcn,train,2022-01,country_jp,country_cn,-0.21669950190173493,0.275298535823822
gcn,train,2022-01,country_jp,country_de,0.22158536976559123,0.27500680088996887
gcn,train,2022-01,country_jp,country_fr,0.619600420149393,0.2778099775314331
gcn,train,2022-01,country_jp,country_gb,0.7473643816634425,0.3133965730667114
gcn,train,2022-01,country_jp,country_in,0.16471679044357795,0.32213446497917175
gcn,train,2022-01,country_jp,country_kr,0.07644449466007587,0.27151432633399963
gcn,train,2022-01,country_jp,country_mx,-0.08304134882636377,0.2638779878616333
gcn,train,2022-01,country_jp,country_my,-0.12895237421370467,0.273324191570282
gcn,train,2022-01,country_jp,country_ph,0.20296916003432278,0.2747092843055725
gcn,train,2022-01,country_jp,country_sg,0.24589413078257452,0.27498316764831543
gcn,train,2022-01,country_jp,country_th,-0.12313558920075426,0.2795286774635315
gcn,train,2022-01,country_jp,country_us,0.10205172771767015,0.30832260847091675
gcn,train,2022-01,country_jp,country_vn,0.10878111442474407,0.25712525844573975
gcn,train,2022-01,country_kr,country_203,-0.22524039569240806,0.26877182722091675
gcn,train,2022-01,country_kr,country_344,-0.23391517472509837,0.24395562708377838
gcn,train,2022-01,country_kr,country_372,-0.6523189384013138,0.26988911628723145
gcn,train,2022-01,country_kr,country_380,-0.14494629211003918,0.23550063371658325
gcn,train,2022-01,country_kr,country_cn,-0.16663890138673063,0.2521902322769165
gcn,train,2022-01,country_kr,country_de,0.07474524970908514,0.25305432081222534
gcn,train,2022-01,country_kr,country_fr,0.2637352024938886,0.2505803108215332
gcn,train,2022-01,country_kr,country_gb,4.100710008671114,0.28275808691978455
gcn,train,2022-01,country_kr,country_in,0.8863337095214435,0.2948075532913208
gcn,train,2022-01,country_kr,country_jp,0.2622701253095862,0.27940237522125244
gcn,train,2022-01,country_kr,country_mx,0.0677829460824164,0.23916931450366974
gcn,train,2022-01,country_kr,country_my,-0.06343152833750922,0.24962851405143738
gcn,train,2022-01,country_kr,country_ph,0.03642166156273177,0.24872025847434998
gcn,train,2022-01,country_kr,country_sg,0.06883742036390146,0.25043970346450806
gcn,train,2022-01,country_kr,country_th,0.011186222514468769,0.25331926345825195
gcn,train,2022-01,country_kr,country_us,-0.08891856092874079,0.28711411356925964
gcn,train,2022-01,country_kr,country_vn,0.1673214477796601,0.23326335847377777
gcn,train,2022-01,country_mx,country_203,-0.29478918910464147,0.2641603350639343
gcn,train,2022-01,country_mx,country_344,-0.515100503799686,0.23655341565608978
gcn,train,2022-01,country_mx,country_372,0.28472840794114723,0.26657208800315857
gcn,train,2022-01,country_mx,country_380,-0.6614973118266736,0.23282518982887268
gcn,train,2022-01,country_mx,country_cn,-0.17756611709330045,0.2491687536239624
gcn,train,2022-01,country_mx,country_de,-0.0010122085148053846,0.25083059072494507
gcn,train,2022-01,country_mx,country_fr,-0.03811298776064445,0.25107845664024353
gcn,train,2022-01,country_mx,country_gb,0.7126448040905728,0.28054434061050415
gcn,train,2022-01,country_mx,country_in,-0.4406238547548545,0.28163596987724304
gcn,train,2022-01,country_mx,country_jp,0.5209641320749425,0.27288830280303955
gcn,train,2022-01,country_mx,country_kr,0.06956578155862829,0.2412886917591095
gcn,train,2022-01,country_mx,country_my,-0.29885215119652203,0.2462274134159088
gcn,train,2022-01,country_mx,country_ph,7.374258094916255,0.23445755243301392
gcn,train,2022-01,country_mx,country_sg,-0.2237381606600456,0.2466777265071869
gcn,train,2022-01,country_mx,country_th,-0.05805289755285239,0.24893838167190552
gcn,train,2022-01,country_mx,country_us,-0.01567920191877804,0.2802388668060303
gcn,train,2022-01,country_mx,country_vn,1.1093896860441657,0.23096409440040588
gcn,train,2022-01,country_my,country_203,-0.2985493341330052,0.2783414125442505
gcn,train,2022-01,country_my,country_344,-0.14179346310695742,0.24559088051319122
gcn,train,2022-01,country_my,country_372,-0.908085670818626,0.28068435192108154
gcn,train,2022-01,country_my,country_380,-0.054315533032697864,0.23987573385238647
gcn,train,2022-01,country_my,country_cn,-0.13109354514033408,0.2548249363899231
gcn,train,2022-01,country_my,country_de,0.19314444042039572,0.2538008391857147
gcn,train,2022-01,country_my,country_fr,0.0853965176272533,0.25303053855895996
gcn,train,2022-01,country_my,country_gb,3.7723047636436875,0.28924673795700073
gcn,train,2022-01,country_my,country_in,0.7228854276131524,0.298547625541687
gcn,train,2022-01,country_my,country_jp,0.2065481903581984,0.2872896194458008
gcn,train,2022-01,country_my,country_kr,0.06931451384677098,0.25077804923057556
gcn,train,2022-01,country_my,country_mx,0.19600814812134187,0.2448873668909073
gcn,train,2022-01,country_my,country_ph,-0.16407579761200514,0.25036048889160156
gcn,train,2022-01,country_my,country_sg,-0.02372129030382537,0.25273677706718445
gcn,train,2022-01,country_my,country_th,0.02262375890616693,0.2563784122467041
gcn,train,2022-01,country_my,country_us,-0.2604025155100118,0.29494670033454895
gcn,train,2022-01,country_my,country_vn,-0.22060969130977337,0.23470410704612732
gcn,train,2022-01,country_ph,country_203,0.5741185659260067,0.2857528328895569
gcn,train,2022-01,country_ph,country_344,-0.10267486753458392,0.24976736307144165
gcn,train,2022-01,country_ph,country_372,0.5283158480027174,0.2881765067577362
gcn,train,2022-01,country_ph,country_380,-0.5559548193686421,0.24410562217235565
gcn,train,2022-01,country_ph,country_cn,-0.17457392570406868,0.2574595510959625
gcn,train,2022-01,country_ph,country_de,0.0953812847610011,0.2575676441192627
gcn,train,2022-01,country_ph,country_fr,0.2890868323289072,0.2587132155895233
gcn,train,2022-01,country_ph,country_gb,1.2050836757690737,0.2918374538421631
gcn,train,2022-01,country_ph,country_in,0.33917944346742,0.3001502752304077
gcn,train,2022-01,country_ph,country_jp,0.10019274687110377,0.2980673909187317
gcn,train,2022-01,country_ph,country_kr,-0.03559339870128303,0.2537376284599304
gcn,train,2022-01,country_ph,country_mx,-0.07593259731458346,0.2501170337200165
gcn,train,2022-01,country_ph,country_my,0.12115190335099724,0.25630563497543335
gcn,train,2022-01,country_ph,country_sg,0.05238035856496745,0.25799232721328735
gcn,train,2022-01,country_ph,country_th,0.09727239034609357,0.26076626777648926
gcn,train,2022-01,country_ph,country_us,0.2583394365878304,0.29633402824401855
gcn,train,2022-01,country_ph,country_vn,-0.1208358481264402,0.23836612701416016
gcn,train,2022-01,country_sg,country_203,0.30494917416274014,0.2836281657218933
gcn,train,2022-01,country_sg,country_344,-0.006009841677989958,0.2506899833679199
gcn,train,2022-01,country_sg,country_372,0.17883416019590512,0.2835506796836853
gcn,train,2022-01,country_sg,country_380,-0.8373269578492828,0.24433232843875885
gcn,train,2022-01,country_sg,country_cn,-0.2366424593470655,0.25582730770111084
gcn,train,2022-01,country_sg,country_de,-0.011447637584078295,0.25809812545776367
gcn,train,2022-01,country_sg,country_fr,0.42714514065683146,0.25893646478652954
gcn,train,2022-01,country_sg,country_gb,0.19633644566173736,0.29188475012779236
gcn,train,2022-01,country_sg,country_in,0.238835873574911,0.30483341217041016
gcn,train,2022-01,country_sg,country_jp,0.054944811837991624,0.298188716173172
gcn,train,2022-01,country_sg,country_kr,0.08648133377266683,0.25271499156951904
gcn,train,2022-01,country_sg,country_mx,-0.00980472800466013,0.24938073754310608
gcn,train,2022-01,country_sg,country_my,0.3856427263576367,0.2542845904827118
gcn,train,2022-01,country_sg,country_ph,-0.09828972810149497,0.2555159330368042
gcn,train,2022-01,country_sg,country_th,-0.04444811728162855,0.2605907618999481
gcn,train,2022-01,country_sg,country_us,-0.27467310789967286,0.29931414127349854
gcn,train,2022-01,country_sg,country_vn,-0.25774017388377585,0.23788416385650635
gcn,train,2022-01,country_th,country_203,0.22952190138168585,0.2867608070373535
gcn,train,2022-01,country_th,country_344,-0.24782442608450284,0.2504979968070984
gcn,train,2022-01,country_th,country_372,0.3096688968389093,0.29043060541152954
gcn,train,2022-01,country_th,country_380,-0.23334074261568508,0.24665798246860504
gcn,train,2022-01,country_th,country_cn,-0.0718893167472026,0.26033273339271545
gcn,train,2022-01,country_th,country_de,0.19778977975998369,0.2582811117172241
gcn,train,2022-01,country_th,country_fr,0.22287266029480088,0.2604178786277771
gcn,train,2022-01,country_th,country_gb,0.8225544809445283,0.2953345775604248
gcn,train,2022-01,country_th,country_in,-0.24055715455807913,0.3032466769218445
gcn,train,2022-01,country_th,country_jp,0.16509777884356144,0.2989739179611206
gcn,train,2022-01,country_th,country_kr,0.10850713102244398,0.25455760955810547
gcn,train,2022-01,country_th,country_mx,0.1010433693424219,0.2504195272922516
gcn,train,2022-01,country_th,country_my,0.138952301414284,0.2584078907966614
gcn,train,2022-01,country_th,country_ph,0.062281129391581286,0.25517868995666504
gcn,train,2022-01,country_th,country_sg,0.330707826751703,0.2583466172218323
gcn,train,2022-01,country_th,country_us,0.15445117099203629,0.30311739444732666
gcn,train,2022-01,country_th,country_vn,0.30244133782225313,0.23875412344932556
gcn,train,2022-01,country_us,country_203,0.755284620148849,0.2585783302783966
gcn,train,2022-01,country_us,country_344,-0.052632138665208196,0.23276951909065247
gcn,train,2022-01,country_us,country_372,-0.1708166124096045,0.26226162910461426
gcn,train,2022-01,country_us,country_380,-0.08772691995571105,0.22724008560180664
gcn,train,2022-01,country_us,country_cn,-0.23115841605968673,0.24450188875198364
gcn,train,2022-01,country_us,country_de,-0.13044951186587758,0.2480390965938568
gcn,train,2022-01,country_us,country_fr,-0.007129663334284935,0.24816745519638062
gcn,train,2022-01,country_us,country_gb,0.22059972404741107,0.2714405655860901
gcn,train,2022-01,country_us,country_in,-0.10012620699550422,0.275471031665802
gcn,train,2022-01,country_us,country_jp,0.11607439481950226,0.2686295509338379
gcn,train,2022-01,country_us,country_kr,-0.23054635770523205,0.239680215716362
gcn,train,2022-01,country_us,country_mx,-0.1294110966552902,0.22897614538669586
gcn,train,2022-01,country_us,country_my,0.13582426576058595,0.24603399634361267
gcn,train,2022-01,country_us,country_ph,-0.09992863985022617,0.24390864372253418
gcn,train,2022-01,country_us,country_sg,-0.23050159602258358,0.24389460682868958
gcn,train,2022-01,country_us,country_th,0.04802591067955379,0.2445410192012787
gcn,train,2022-01,country_us,country_vn,-0.015195092844809287,0.22332359850406647
gcn,train,2022-01,country_vn,country_203,1.046577499090412,0.27634793519973755
gcn,train,2022-01,country_vn,country_344,-0.3191968739587036,0.24595040082931519
gcn,train,2022-01,country_vn,country_372,-0.009620994713789762,0.27485954761505127
gcn,train,2022-01,country_vn,country_380,-0.5214398507988504,0.23593953251838684
gcn,train,2022-01,country_vn,country_cn,-0.32347366008487005,0.2568969130516052
gcn,train,2022-01,country_vn,country_de,-0.07406293606391662,0.2541002035140991
gcn,train,2022-01,country_vn,country_fr,0.14802160729616004,0.25511378049850464
gcn,train,2022-01,country_vn,country_gb,4.725212220101119,0.2887638807296753
gcn,train,2022-01,country_vn,country_in,0.29294867112122797,0.2962387800216675
gcn,train,2022-01,country_vn,country_jp,0.3755200046628355,0.2851795256137848
gcn,train,2022-01,country_vn,country_kr,0.16804331233246242,0.2504156231880188
gcn,train,2022-01,country_vn,country_mx,0.38252515430535516,0.24374926090240479
gcn,train,2022-01,country_vn,country_my,0.13573165143768584,0.25003504753112793
gcn,train,2022-01,country_vn,country_ph,-0.1815142026659406,0.24164623022079468
gcn,train,2022-01,country_vn,country_sg,-0.4821169986870751,0.25245749950408936
gcn,train,2022-01,country_vn,country_th,-0.10193562411962544,0.25840941071510315
gcn,train,2022-01,country_vn,country_us,-0.1840349017059578,0.29489076137542725
gcn,train,2022-02,country_203,country_344,-0.7256983680917393,0.21681198477745056
gcn,train,2022-02,country_203,country_372,-0.38923632653048196,0.22933995723724365
gcn,train,2022-02,country_203,country_380,0.38424468349931845,0.22253310680389404
gcn,train,2022-02,country_203,country_cn,-0.24660435788003135,0.23324275016784668
gcn,train,2022-02,country_203,country_de,0.24353458715189513,0.25567781925201416
gcn,train,2022-02,country_203,country_fr,-0.794544097724609,0.24838516116142273
gcn,train,2022-02,country_203,country_gb,-0.8993546852986507,0.2932782471179962
gcn,train,2022-02,country_203,country_in,2.5126547828589914,0.30411458015441895
gcn,train,2022-02,country_203,country_jp,0.09695583594149293,0.23734045028686523
gcn,train,2022-02,country_203,country_kr,0.665219543236937,0.23165379464626312
gcn,train,2022-02,country_203,country_mx,-0.10134702800235955,0.2352665215730667
gcn,train,2022-02,country_203,country_my,0.2521655242261188,0.23901808261871338
gcn,train,2022-02,country_203,country_ph,-0.34284285152112887,0.23605504631996155
gcn,train,2022-02,country_203,country_sg,0.08925810379448085,0.22252605855464935
gcn,train,2022-02,country_203,country_th,0.3914751201458517,0.23130424320697784
gcn,train,2022-02,country_203,country_us,-0.06749354769392155,0.25661468505859375
gcn,train,2022-02,country_203,country_vn,0.6889776883209381,0.23121538758277893
gcn,train,2022-02,country_344,country_203,0.11408569163254634,0.21815915405750275
gcn,train,2022-02,country_344,country_372,2.415167463266306,0.21585598587989807
gcn,train,2022-02,country_344,country_380,-0.7370468225611804,0.19612561166286469
gcn,train,2022-02,country_344,country_cn,-0.4479610847282541,0.2125750631093979
gcn,train,2022-02,country_344,country_de,0.5069226491861366,0.2343711256980896
gcn,train,2022-02,country_344,country_fr,0.20901619523740397,0.23036924004554749
gcn,train,2022-02,country_344,country_gb,1.0234465049725092,0.2833201289176941
gcn,train,2022-02,country_344,country_in,0.42367628595173645,0.30042320489883423
gcn,train,2022-02,country_344,country_jp,1.7478842904767984,0.21924489736557007
gcn,train,2022-02,country_344,country_kr,0.08187595048237803,0.21958819031715393
gcn,train,2022-02,country_344,country_mx,1.3814450606109423,0.21940363943576813
gcn,train,2022-02,country_344,country_my,0.37694275676216055,0.22451066970825195
gcn,train,2022-02,country_344,country_ph,0.4377450546248117,0.22599942982196808
gcn,train,2022-02,country_344,country_sg,0.2684359823059718,0.2088068276643753
gcn,train,2022-02,country_344,country_th,0.45298323130034435,0.22028540074825287
gcn,train,2022-02,country_344,country_us,0.45229904799437104,0.2443266212940216
gcn,train,2022-02,country_344,country_vn,0.7328316049482426,0.21711233258247375
gcn,train,2022-02,country_372,country_203,0.6754392465843827,0.23054160177707672
gcn,train,2022-02,country_372,country_344,-0.6749580356563154,0.21814975142478943
gcn,train,2022-02,country_372,country_380,1.6874315605227275,0.21686246991157532
gcn,train,2022-02,country_372,country_cn,0.08775623284643909,0.23293930292129517
gcn,train,2022-02,country_372,country_de,0.009879408887608122,0.2545759677886963
gcn,train,2022-02,country_372,country_fr,-0.024420266054935517,0.24894845485687256
gcn,train,2022-02,country_372,country_gb,0.5430711336799782,0.2951785624027252
gcn,train,2022-02,country_372,country_in,5.789110707243376,0.30968886613845825
gcn,train,2022-02,country_372,country_jp,0.23141326116724031,0.24029940366744995
gcn,train,2022-02,country_372,country_kr,0.8271329410177174,0.23056592047214508
gcn,train,2022-02,country_372,country_mx,1.9432105663422887,0.23325355350971222
gcn,train,2022-02,country_372,country_my,-0.13892597154663228,0.22473984956741333
gcn,train,2022-02,country_372,country_ph,-0.08510830173321533,0.235721617937088
gcn,train,2022-02,country_372,country_sg,0.24815236852231323,0.21212637424468994
gcn,train,2022-02,country_372,country_th,-0.5832700439444642,0.23003104329109192
gcn,train,2022-02,country_372,country_us,0.09718998906885772,0.27246853709220886
gcn,train,2022-02,country_372,country_vn,0.005471142186308676,0.22551554441452026
gcn,train,2022-02,country_380,country_203,-0.4721695081724335,0.22398722171783447
gcn,train,2022-02,country_380,country_344,-0.7837255160913098,0.20664004981517792
gcn,train,2022-02,country_380,country_372,0.8062865674503561,0.22278660535812378
gcn,train,2022-02,country_380,country_cn,0.14795120270481912,0.21852144598960876
gcn,train,2022-02,country_380,country_de,0.315435335816697,0.24220450222492218
gcn,train,2022-02,country_380,country_fr,-0.04353437433890838,0.23875117301940918
gcn,train,2022-02,country_380,country_gb,0.5947929841981461,0.2845274806022644
gcn,train,2022-02,country_380,country_in,-0.055003475772617355,0.29474881291389465
gcn,train,2022-02,country_380,country_jp,-0.0967265646852906,0.218537837266922
gcn,train,2022-02,country_380,country_kr,-0.12729756662247527,0.21800406277179718
gcn,train,2022-02,country_380,country_mx,0.3741575857861747,0.22167478501796722
gcn,train,2022-02,country_380,country_my,0.26344481733545116,0.2192934900522232
gcn,train,2022-02,country_380,country_ph,-0.0755686294378043,0.2248607575893402
gcn,train,2022-02,country_380,country_sg,0.31951594760471974,0.21326807141304016
gcn,train,2022-02,country_380,country_th,0.22334122614191376,0.22280889749526978
gcn,train,2022-02,country_380,country_us,-0.14742440724928582,0.2573445439338684
gcn,train,2022-02,country_380,country_vn,2.765584138550841,0.20642197132110596
gcn,train,2022-02,country_cn,country_203,0.6069645048196545,0.23271843791007996
gcn,train,2022-02,country_cn,country_344,-0.07264049066351443,0.22367796301841736
gcn,train,2022-02,country_cn,country_372,0.2213257106111471,0.22688311338424683
gcn,train,2022-02,country_cn,country_380,0.08947747292271707,0.22038549184799194
gcn,train,2022-02,country_cn,country_de,0.25583797172896033,0.25797998905181885
gcn,train,2022-02,country_cn,country_fr,0.42171211529573005,0.25414878129959106
gcn,train,2022-02,country_cn,country_gb,1.3507587067540796,0.288725346326828
gcn,train,2022-02,country_cn,country_in,1.8959216926881288,0.30714696645736694
gcn,train,2022-02,country_cn,country_jp,-0.009293486109286238,0.23493652045726776
gcn,train,2022-02,country_cn,country_kr,0.07554179560122037,0.2346356064081192
gcn,train,2022-02,country_cn,country_mx,0.13947950771916698,0.2223089039325714
gcn,train,2022-02,country_cn,country_my,0.3610526812896199,0.23040160536766052
gcn,train,2022-02,country_cn,country_ph,-0.07817572586329917,0.232887864112854
gcn,train,2022-02,country_cn,country_sg,0.11043873812130862,0.21990472078323364
gcn,train,2022-02,country_cn,country_th,0.3393785880337522,0.23642219603061676
gcn,train,2022-02,country_cn,country_us,0.08585366250964516,0.2718866467475891
gcn,train,2022-02,country_cn,country_vn,0.01474840993909421,0.2148500382900238
gcn,train,2022-02,country_de,country_203,0.049881540795882896,0.23819072544574738
gcn,train,2022-02,country_de,country_344,0.04995444891605597,0.23765237629413605
gcn,train,2022-02,country_de,country_372,-0.05078268679523909,0.23441901803016663
gcn,train,2022-02,country_de,country_380,0.29679125079957125,0.23723085224628448
gcn,train,2022-02,country_de,country_cn,0.07691308019382813,0.25140541791915894
gcn,train,2022-02,country_de,country_fr,0.01737430079813693,0.26831498742103577
gcn,train,2022-02,country_de,country_gb,-0.7525114714358744,0.3064693510532379
gcn,train,2022-02,country_de,country_in,0.35320526527333534,0.32007884979248047
gcn,train,2022-02,country_de,country_jp,0.34196590751062517,0.24623529613018036
gcn,train,2022-02,country_de,country_kr,0.14573242945036263,0.2449590116739273
gcn,train,2022-02,country_de,country_mx,0.358473206327621,0.23272791504859924
gcn,train,2022-02,country_de,country_my,-0.059922122638579475,0.2428131401538849
gcn,train,2022-02,country_de,country_ph,-0.14811770997407897,0.24331898987293243
gcn,train,2022-02,country_de,country_sg,-0.0898437333797553,0.2271859347820282
gcn,train,2022-02,country_de,country_th,0.1883106271871378,0.24019555747509003
gcn,train,2022-02,country_de,country_us,0.1736832311686496,0.29167649149894714
gcn,train,2022-02,country_de,country_vn,0.527332717456952,0.23112699389457703
gcn,train,2022-02,country_fr,country_203,0.19950420802981994,0.23414742946624756
gcn,train,2022-02,country_fr,country_344,-0.5088585154664951,0.23430083692073822
gcn,train,2022-02,country_fr,country_372,-0.0920545715054268,0.23187215626239777
gcn,train,2022-02,country_fr,country_380,0.24059887159149498,0.23545321822166443
gcn,train,2022-02,country_fr,country_cn,-0.019184168675556286,0.24765655398368835
gcn,train,2022-02,country_fr,country_de,0.335988694856507,0.2684769332408905
gcn,train,2022-02,country_fr,country_gb,-0.4424958248649317,0.30392900109291077
gcn,train,2022-02,country_fr,country_in,1.4040914406086804,0.3162459135055542
gcn,train,2022-02,country_fr,country_jp,0.4600731546035069,0.2444460093975067
gcn,train,2022-02,country_fr,country_kr,0.3220950100787146,0.24263644218444824
gcn,train,2022-02,country_fr,country_mx,-0.38348404753169874,0.232927143573761
gcn,train,2022-02,country_fr,country_my,0.2886391194133085,0.24097302556037903
gcn,train,2022-02,country_fr,country_ph,0.214502343243315,0.23951879143714905
gcn,train,2022-02,country_fr,country_sg,0.031207084871075586,0.22604480385780334
gcn,train,2022-02,country_fr,country_th,0.10121608887807096,0.23843081295490265
gcn,train,2022-02,country_fr,country_us,0.10509407720930142,0.28409531712532043
gcn,train,2022-02,country_fr,country_vn,0.35227405786920807,0.23867033421993256
gcn,train,2022-02,country_gb,country_203,0.9107112084655343,0.23875194787979126
gcn,train,2022-02,country_gb,country_344,0.4363653848655159,0.23807895183563232
gcn,train,2022-02,country_gb,country_372,2.5650459381227977,0.23719267547130585
gcn,train,2022-02,country_gb,country_380,-0.1614945920343452,0.23419725894927979
gcn,train,2022-02,country_gb,country_cn,0.07507132406439741,0.2532727122306824
gcn,train,2022-02,country_gb,country_de,0.22691272891277095,0.2711314558982849
gcn,train,2022-02,country_gb,country_fr,-0.1133779192809052,0.27060699462890625
gcn,train,2022-02,country_gb,country_in,1.9634506188101504,0.3240258991718292
gcn,train,2022-02,country_gb,country_jp,0.44761597773243156,0.25117257237434387
gcn,train,2022-02,country_gb,country_kr,0.38269453383433294,0.25090715289115906
gcn,train,2022-02,country_gb,country_mx,0.8115315146818458,0.2346426546573639
gcn,train,2022-02,country_gb,country_my,0.2554353132257607,0.24547424912452698
gcn,train,2022-02,country_gb,country_ph,0.4027430645765468,0.24313390254974365
gcn,train,2022-02,country_gb,country_sg,-0.1301805762955336,0.22927889227867126
gcn,train,2022-02,country_gb,country_th,0.10921398933321952,0.24294225871562958
gcn,train,2022-02,country_gb,country_us,0.3862139504045596,0.2915998101234436
gcn,train,2022-02,country_gb,country_vn,-0.8140402966961529,0.2374902069568634
gcn,train,2022-02,country_in,country_203,1.4108864048241463,0.24376565217971802
gcn,train,2022-02,country_in,country_344,0.17702545623658753,0.23890845477581024
gcn,train,2022-02,country_in,country_372,-0.5501824668733508,0.23781274259090424
gcn,train,2022-02,country_in,country_380,0.937333171366237,0.23191484808921814
gcn,train,2022-02,country_in,country_cn,-0.11943301456614529,0.25841274857521057
gcn,train,2022-02,country_in,country_de,0.28663697149412126,0.27390605211257935
gcn,train,2022-02,country_in,country_fr,-0.21928577985842987,0.2693144679069519
gcn,train,2022-02,country_in,country_gb,1.0324265309761211,0.3116130828857422
gcn,train,2022-02,country_in,country_jp,0.3658132171719058,0.2549927234649658
gcn,train,2022-02,country_in,country_kr,1.641218160557222,0.2535361647605896
gcn,train,2022-02,country_in,country_mx,-0.025327958971693473,0.24569162726402283
gcn,train,2022-02,country_in,country_my,0.6769107832350184,0.23912589251995087
gcn,train,2022-02,country_in,country_ph,-0.9352116294927415,0.2531721591949463
gcn,train,2022-02,country_in,country_sg,1.1977566758734945,0.23820121586322784
gcn,train,2022-02,country_in,country_th,-0.6781208464224933,0.2537209987640381
gcn,train,2022-02,country_in,country_us,-0.5728595243148983,0.2968492805957794
gcn,train,2022-02,country_in,country_vn,0.16149048544220207,0.23954498767852783
gcn,train,2022-02,country_jp,country_203,0.23492183887708382,0.23110908269882202
gcn,train,2022-02,country_jp,country_344,0.05709286871342657,0.23649755120277405
gcn,train,2022-02,country_jp,country_372,-0.3218644244545875,0.22797125577926636
gcn,train,2022-02,country_jp,country_380,-0.027530944100881086,0.22579123079776764
gcn,train,2022-02,country_jp,country_cn,-0.15249997415582506,0.24900293350219727
gcn,train,2022-02,country_jp,country_de,0.2699888835975157,0.2631223797798157
gcn,train,2022-02,country_jp,country_fr,0.3299526553294266,0.26114243268966675
gcn,train,2022-02,country_jp,country_gb,0.6949340129288268,0.29668954014778137
gcn,train,2022-02,country_jp,country_in,0.6570280465095484,0.3148269057273865
gcn,train,2022-02,country_jp,country_kr,0.1937463371088076,0.2404462844133377
gcn,train,2022-02,country_jp,country_mx,0.12253984925539713,0.22659994661808014
gcn,train,2022-02,country_jp,country_my,-0.01949695007542418,0.23812071979045868
gcn,train,2022-02,country_jp,country_ph,0.21993394158049223,0.2380138337612152
gcn,train,2022-02,country_jp,country_sg,0.1561652624521967,0.22380182147026062
gcn,train,2022-02,country_jp,country_th,0.07361099707521553,0.23692429065704346
gcn,train,2022-02,country_jp,country_us,0.1266765057490171,0.28715384006500244
gcn,train,2022-02,country_jp,country_vn,0.47692360997635513,0.22387006878852844
gcn,train,2022-02,country_kr,country_203,0.12519888820614916,0.22725826501846313
gcn,train,2022-02,country_kr,country_344,-0.05885790912600559,0.23492616415023804
gcn,train,2022-02,country_kr,country_372,4.3114313094341385,0.22460097074508667
gcn,train,2022-02,country_kr,country_380,-0.8759830928722104,0.2237437218427658
gcn,train,2022-02,country_kr,country_cn,0.03986898632138998,0.24748200178146362
gcn,train,2022-02,country_kr,country_de,0.1161604190893797,0.2632799744606018
gcn,train,2022-02,country_kr,country_fr,0.31441438843440406,0.26139479875564575
gcn,train,2022-02,country_kr,country_gb,3.284209029243933,0.2955333888530731
gcn,train,2022-02,country_kr,country_in,0.9758314830038246,0.3151792883872986
gcn,train,2022-02,country_kr,country_jp,0.6198536194548461,0.2403552383184433
gcn,train,2022-02,country_kr,country_mx,0.04462507249016696,0.2246946096420288
gcn,train,2022-02,country_kr,country_my,0.06527245536735381,0.23649907112121582
gcn,train,2022-02,country_kr,country_ph,-0.07643101075118357,0.23566076159477234
gcn,train,2022-02,country_kr,country_sg,0.27230415444236744,0.22154392302036285
gcn,train,2022-02,country_kr,country_th,0.4607140700656848,0.2354266196489334
gcn,train,2022-02,country_kr,country_us,0.17211576105042595,0.2873152792453766
gcn,train,2022-02,country_kr,country_vn,0.5185061193087538,0.22149160504341125
gcn,train,2022-02,country_mx,country_203,1.2292587065411722,0.23357611894607544
gcn,train,2022-02,country_mx,country_344,-0.21230307534775603,0.23753416538238525
gcn,train,2022-02,country_mx,country_372,0.15489302147847417,0.23059922456741333
gcn,train,2022-02,country_mx,country_380,-0.23703263714107586,0.22769927978515625
gcn,train,2022-02,country_mx,country_cn,-0.03069186435264066,0.2496541142463684
gcn,train,2022-02,country_mx,country_de,0.007208121614964585,0.26770633459091187
gcn,train,2022-02,country_mx,country_fr,-0.13338393503144022,0.26359230279922485
gcn,train,2022-02,country_mx,country_gb,0.5981083343154966,0.29684633016586304
gcn,train,2022-02,country_mx,country_in,0.005019615228823377,0.30976635217666626
gcn,train,2022-02,country_mx,country_jp,0.5493760191256415,0.24300380051136017
gcn,train,2022-02,country_mx,country_kr,0.23009713682456343,0.242869570851326
gcn,train,2022-02,country_mx,country_my,0.05225300732422617,0.227211594581604
gcn,train,2022-02,country_mx,country_ph,0.28392731186829046,0.2361011803150177
gcn,train,2022-02,country_mx,country_sg,0.08137583007024106,0.2257828414440155
gcn,train,2022-02,country_mx,country_th,0.9530053588872947,0.23933997750282288
gcn,train,2022-02,country_mx,country_us,0.37081514443863905,0.28810861706733704
gcn,train,2022-02,country_mx,country_vn,0.19092806217657146,0.2267141044139862
gcn,train,2022-02,country_my,country_203,0.020410802657475507,0.23144984245300293
gcn,train,2022-02,country_my,country_344,0.03583714665211453,0.2374429702758789
gcn,train,2022-02,country_my,country_372,-0.5160057912899042,0.22884157299995422
gcn,train,2022-02,country_my,country_380,-0.2138424441583861,0.22678759694099426
gcn,train,2022-02,country_my,country_cn,0.10634387392373328,0.2531748116016388
gcn,train,2022-02,country_my,country_de,0.2615415498119211,0.2644432783126831
gcn,train,2022-02,country_my,country_fr,0.35976324952232697,0.26200437545776367
gcn,train,2022-02,country_my,country_gb,2.29058514001503,0.2986268997192383
gcn,train,2022-02,country_my,country_in,0.4000625807716027,0.31260445713996887
gcn,train,2022-02,country_my,country_jp,0.35337725649488366,0.24153105914592743
gcn,train,2022-02,country_my,country_kr,0.17363615138642643,0.2407364696264267
gcn,train,2022-02,country_my,country_mx,-0.03440195604966048,0.22914446890354156
gcn,train,2022-02,country_my,country_ph,-0.057283447231733335,0.23630791902542114
gcn,train,2022-02,country_my,country_sg,0.31934429691181415,0.22550390660762787
gcn,train,2022-02,country_my,country_th,0.22164058081398944,0.23857897520065308
gcn,train,2022-02,country_my,country_us,0.2597331663308907,0.29143667221069336
gcn,train,2022-02,country_my,country_vn,0.21786795111590956,0.22602468729019165
gcn,train,2022-02,country_ph,country_203,0.6959884748078616,0.23251697421073914
gcn,train,2022-02,country_ph,country_344,0.11525108650146199,0.23931792378425598
gcn,train,2022-02,country_ph,country_372,0.6485101649117594,0.22928428649902344
gcn,train,2022-02,country_ph,country_380,-0.47837297609304075,0.2274523377418518
gcn,train,2022-02,country_ph,country_cn,0.13005511254917068,0.2508941888809204
gcn,train,2022-02,country_ph,country_de,0.2223019362850376,0.2639157772064209
gcn,train,2022-02,country_ph,country_fr,0.2837577973255956,0.2623249292373657
gcn,train,2022-02,country_ph,country_gb,1.7185386898518655,0.29709622263908386
gcn,train,2022-02,country_ph,country_in,0.5575435941423772,0.3115478754043579
gcn,train,2022-02,country_ph,country_jp,0.2613803611853068,0.2425941377878189
gcn,train,2022-02,country_ph,country_kr,0.20328620276376816,0.2419523149728775
gcn,train,2022-02,country_ph,country_mx,-0.09328925420001047,0.2305954396724701
gcn,train,2022-02,country_ph,country_my,0.3131040219340255,0.24115687608718872
gcn,train,2022-02,country_ph,country_sg,0.1289228705420632,0.2252289354801178
gcn,train,2022-02,country_ph,country_th,0.28761560702588496,0.23795711994171143
gcn,train,2022-02,country_ph,country_us,0.2944291168039355,0.2871904969215393
gcn,train,2022-02,country_ph,country_vn,0.13544181033419814,0.22609400749206543
gcn,train,2022-02,country_sg,country_203,0.9853857608508882,0.22906552255153656
gcn,train,2022-02,country_sg,country_344,0.1188400747836147,0.23528903722763062
gcn,train,2022-02,country_sg,country_372,0.5460071595148418,0.22873637080192566
gcn,train,2022-02,country_sg,country_380,-0.809423231220269,0.22147993743419647
gcn,train,2022-02,country_sg,country_cn,0.1861735527755873,0.2411084771156311
gcn,train,2022-02,country_sg,country_de,0.7399713915596436,0.2581983506679535
gcn,train,2022-02,country_sg,country_fr,0.18942283929025722,0.2543574571609497
gcn,train,2022-02,country_sg,country_gb,0.02936851637267293,0.2921332120895386
gcn,train,2022-02,country_sg,country_in,0.6638270037389391,0.31285548210144043
gcn,train,2022-02,country_sg,country_jp,0.17278248998341236,0.2383594959974289
gcn,train,2022-02,country_sg,country_kr,-0.1326257897224139,0.23579378426074982
gcn,train,2022-02,country_sg,country_mx,0.2338807401503935,0.23020079731941223
gcn,train,2022-02,country_sg,country_my,0.6490918981063059,0.23430562019348145
gcn,train,2022-02,country_sg,country_ph,0.21460101945544774,0.23588025569915771
gcn,train,2022-02,country_sg,country_th,0.3120032655955416,0.23507755994796753
gcn,train,2022-02,country_sg,country_us,-0.2056528228580218,0.2821655869483948
gcn,train,2022-02,country_sg,country_vn,0.6720721482578191,0.22391702234745026
gcn,train,2022-02,country_th,country_203,0.7552575758449772,0.2332514524459839
gcn,train,2022-02,country_th,country_344,-0.06389035613822601,0.2396872341632843
gcn,train,2022-02,country_th,country_372,0.2977901522074962,0.23067942261695862
gcn,train,2022-02,country_th,country_380,-0.4155842881973081,0.2306385040283203
gcn,train,2022-02,country_th,country_cn,0.13222264290076327,0.254702627658844
gcn,train,2022-02,country_th,country_de,0.3208002396670986,0.26530614495277405
gcn,train,2022-02,country_th,country_fr,0.6235330091042125,0.2643772065639496
gcn,train,2022-02,country_th,country_gb,0.795357105339592,0.29866689443588257
gcn,train,2022-02,country_th,country_in,0.11110800291129388,0.3138880133628845
gcn,train,2022-02,country_th,country_jp,0.26683053628241277,0.2447212189435959
gcn,train,2022-02,country_th,country_kr,0.44549718013605466,0.24421879649162292
gcn,train,2022-02,country_th,country_mx,0.2872030132534864,0.23084114491939545
gcn,train,2022-02,country_th,country_my,0.23803706269106314,0.2257254272699356
gcn,train,2022-02,country_th,country_ph,0.14794298327695357,0.23982343077659607
gcn,train,2022-02,country_th,country_sg,0.6434154632840042,0.22581347823143005
gcn,train,2022-02,country_th,country_us,0.41017697794741087,0.29524555802345276
gcn,train,2022-02,country_th,country_vn,0.38496850520870296,0.2267116904258728
gcn,train,2022-02,country_us,country_203,0.4710464899554228,0.21407246589660645
gcn,train,2022-02,country_us,country_344,0.11770435075833703,0.21260465681552887
gcn,train,2022-02,country_us,country_372,-0.15039723438617084,0.21089030802249908
gcn,train,2022-02,country_us,country_380,-0.17023296825031337,0.2044636607170105
gcn,train,2022-02,country_us,country_cn,-0.18428963622178662,0.22667378187179565
gcn,train,2022-02,country_us,country_de,0.37864783546271596,0.24567335844039917
gcn,train,2022-02,country_us,country_fr,-0.04275490847987236,0.2454908788204193
gcn,train,2022-02,country_us,country_gb,0.21562058768854936,0.28107374906539917
gcn,train,2022-02,country_us,country_in,0.5518498348166244,0.29455986618995667
gcn,train,2022-02,country_us,country_jp,0.012317128153862645,0.2294233739376068
gcn,train,2022-02,country_us,country_kr,-0.24633606007271247,0.22685128450393677
gcn,train,2022-02,country_us,country_mx,0.27628424230532256,0.2078358232975006
gcn,train,2022-02,country_us,country_my,0.19483449682112683,0.2305622547864914
gcn,train,2022-02,country_us,country_ph,-0.01760766010254708,0.22548356652259827
gcn,train,2022-02,country_us,country_sg,0.26586054924666974,0.21005773544311523
gcn,train,2022-02,country_us,country_th,0.1274870635045779,0.22238974273204803
gcn,train,2022-02,country_us,country_vn,-0.09613898392586813,0.20632606744766235
gcn,train,2022-02,country_vn,country_203,-0.08693513732784104,0.22994226217269897
gcn,train,2022-02,country_vn,country_344,0.26396982524017554,0.23436200618743896
gcn,train,2022-02,country_vn,country_372,6.096366921352227,0.226581871509552
gcn,train,2022-02,country_vn,country_380,-0.6649816891157997,0.21938556432724
gcn,train,2022-02,country_vn,country_cn,0.7830378166572121,0.24921810626983643
gcn,train,2022-02,country_vn,country_de,0.4629847382913627,0.26362577080726624
gcn,train,2022-02,country_vn,country_fr,2.5546250067001535,0.2595222592353821
gcn,train,2022-02,country_vn,country_gb,5.19464874195575,0.29423195123672485
gcn,train,2022-02,country_vn,country_in,0.23186129099478855,0.3102334141731262
gcn,train,2022-02,country_vn,country_jp,0.40722541794632544,0.23940697312355042
gcn,train,2022-02,country_vn,country_kr,0.06809174635497901,0.23961709439754486
gcn,train,2022-02,country_vn,country_mx,0.18718660655090558,0.22786591947078705
gcn,train,2022-02,country_vn,country_my,-0.21800077880722993,0.22424468398094177
gcn,train,2022-02,country_vn,country_ph,-0.0505602010083857,0.23269647359848022
gcn,train,2022-02,country_vn,country_sg,0.05014976835737369,0.22145229578018188
gcn,train,2022-02,country_vn,country_th,0.4551093962995176,0.23737424612045288
gcn,train,2022-02,country_vn,country_us,0.09631902702610867,0.2904192805290222
gcn,train,2022-03,country_203,country_344,-0.5260449034970572,0.23863038420677185
gcn,train,2022-03,country_203,country_372,-0.8305953372882268,0.3061128258705139
gcn,train,2022-03,country_203,country_380,-0.19236470015906826,0.2436830848455429
gcn,train,2022-03,country_203,country_cn,-0.10776965828988888,0.24775385856628418
gcn,train,2022-03,country_203,country_de,-0.21292726349672808,0.2832077443599701
gcn,train,2022-03,country_203,country_fr,-0.8988340414124583,0.2708222270011902
gcn,train,2022-03,country_203,country_gb,-0.8323671839683408,0.26549065113067627
gcn,train,2022-03,country_203,country_in,7.847503996793552,0.3532980680465698
gcn,train,2022-03,country_203,country_jp,-0.12134682797351432,0.27004653215408325
gcn,train,2022-03,country_203,country_kr,1.955516274246388,0.2680203318595886
gcn,train,2022-03,country_203,country_mx,-0.6357064630312816,0.23066258430480957
gcn,train,2022-03,country_203,country_my,-0.08889326594928948,0.259940505027771
gcn,train,2022-03,country_203,country_ph,-0.42299687090107535,0.24606023728847504
gcn,train,2022-03,country_203,country_sg,0.23372145788803542,0.28025883436203003
gcn,train,2022-03,country_203,country_th,-0.15592770137752288,0.22602196037769318
gcn,train,2022-03,country_203,country_us,0.3320526448197162,0.33470097184181213
gcn,train,2022-03,country_203,country_vn,-0.09096286650109804,0.23035715520381927
gcn,train,2022-03,country_344,country_203,0.07266903089724869,0.2274676412343979
gcn,train,2022-03,country_344,country_372,1.4578815258712585,0.29630160331726074
gcn,train,2022-03,country_344,country_380,-0.9652251472103104,0.23027300834655762
gcn,train,2022-03,country_344,country_cn,-0.1525124260981846,0.23450329899787903
gcn,train,2022-03,country_344,country_de,1.8228162885718997,0.2794179916381836
gcn,train,2022-03,country_344,country_fr,0.350324915921376,0.2618352174758911
gcn,train,2022-03,country_344,country_gb,2.962923477726765,0.2588311433792114
gcn,train,2022-03,country_344,country_in,0.1643556320570462,0.35826602578163147
gcn,train,2022-03,country_344,country_jp,0.40661219422980593,0.26494765281677246
gcn,train,2022-03,country_344,country_kr,0.03199788521199103,0.26750510931015015
gcn,train,2022-03,country_344,country_mx,0.5145491312869267,0.21590951085090637
gcn,train,2022-03,country_344,country_my,0.5046048698360298,0.2565688490867615
gcn,train,2022-03,country_344,country_ph,0.24689821919807098,0.23946063220500946
gcn,train,2022-03,country_344,country_sg,-0.07408731964483975,0.27858561277389526
gcn,train,2022-03,country_344,country_th,0.457871149495326,0.22100451588630676
gcn,train,2022-03,country_344,country_us,0.8240180238406069,0.32842129468917847
gcn,train,2022-03,country_344,country_vn,-0.067579022327452,0.22253625094890594
gcn,train,2022-03,country_372,country_203,0.20814073394922789,0.252763032913208
gcn,train,2022-03,country_372,country_344,-0.6590751855879385,0.2565293312072754
gcn,train,2022-03,country_372,country_380,-0.15240827446074592,0.26119863986968994
gcn,train,2022-03,country_372,country_cn,-0.1207925749078313,0.26530495285987854
gcn,train,2022-03,country_372,country_de,0.4736610438062083,0.2978805601596832
gcn,train,2022-03,country_372,country_fr,0.3058382834225494,0.28342685103416443
gcn,train,2022-03,country_372,country_gb,-0.06208374289018097,0.2830530107021332
gcn,train,2022-03,country_372,country_in,3.2603663037141,0.3724537491798401
gcn,train,2022-03,country_372,country_jp,-0.16921044547859895,0.29089003801345825
gcn,train,2022-03,country_372,country_kr,-0.2973117111271623,0.28403422236442566
gcn,train,2022-03,country_372,country_mx,-0.24264717294470053,0.2386099398136139
gcn,train,2022-03,country_372,country_my,-0.33927941719729254,0.27815279364585876
gcn,train,2022-03,country_372,country_ph,0.038434729573721925,0.25872328877449036
gcn,train,2022-03,country_372,country_sg,-0.04610896553004262,0.29588639736175537
gcn,train,2022-03,country_372,country_th,7.161750007749477,0.2324199676513672
gcn,train,2022-03,country_372,country_us,0.043177961753274104,0.3595306873321533
gcn,train,2022-03,country_372,country_vn,0.22279236668612595,0.23541493713855743
gcn,train,2022-03,country_380,country_203,-0.524670910395446,0.2300894856452942
gcn,train,2022-03,country_380,country_344,-0.5893103749537627,0.23343577980995178
gcn,train,2022-03,country_380,country_372,1.091619752127881,0.2964233458042145
gcn,train,2022-03,country_380,country_cn,-0.046912161552138704,0.23617619276046753
gcn,train,2022-03,country_380,country_de,-0.24054249729709518,0.27906039357185364
gcn,train,2022-03,country_380,country_fr,-0.2807909744562641,0.26425397396087646
gcn,train,2022-03,country_380,country_gb,0.006335510100204432,0.2551382780075073
gcn,train,2022-03,country_380,country_in,0.07165567515996286,0.3463626503944397
gcn,train,2022-03,country_380,country_jp,-0.43914390503298495,0.25785380601882935
gcn,train,2022-03,country_380,country_kr,-0.245746060744607,0.2608394920825958
gcn,train,2022-03,country_380,country_mx,0.4817378736863051,0.21395251154899597
gcn,train,2022-03,country_380,country_my,-0.0036482301071170562,0.2522149085998535
gcn,train,2022-03,country_380,country_ph,0.16007582713439916,0.234750896692276
gcn,train,2022-03,country_380,country_sg,0.13491199076977878,0.2790107727050781
gcn,train,2022-03,country_380,country_th,-0.2443660660804125,0.2169494479894638
gcn,train,2022-03,country_380,country_us,0.006583639041006721,0.33160853385925293
gcn,train,2022-03,country_380,country_vn,0.3501093359922067,0.21742480993270874
gcn,train,2022-03,country_cn,country_203,-0.14623625242674998,0.2532542049884796
gcn,train,2022-03,country_cn,country_344,-0.15980912352533114,0.26830896735191345
gcn,train,2022-03,country_cn,country_372,0.226140635308592,0.31069231033325195
gcn,train,2022-03,country_cn,country_380,0.027849026657080375,0.2718091607093811
gcn,train,2022-03,country_cn,country_de,0.16228650169305406,0.3029482364654541
gcn,train,2022-03,country_cn,country_fr,0.44679859629199753,0.26921790838241577
gcn,train,2022-03,country_cn,country_gb,1.503653985237086,0.2697656750679016
gcn,train,2022-03,country_cn,country_in,0.05423305362223391,0.3650657832622528
gcn,train,2022-03,country_cn,country_jp,-0.10829664668216624,0.2894641160964966
gcn,train,2022-03,country_cn,country_kr,0.044487409267676165,0.289228618144989
gcn,train,2022-03,country_cn,country_mx,0.14771580942609847,0.23318257927894592
gcn,train,2022-03,country_cn,country_my,0.3143574454870913,0.25991639494895935
gcn,train,2022-03,country_cn,country_ph,-0.20764603325779768,0.24696847796440125
gcn,train,2022-03,country_cn,country_sg,0.016779587266684683,0.30194422602653503
gcn,train,2022-03,country_cn,country_th,0.20059030327238714,0.24049925804138184
gcn,train,2022-03,country_cn,country_us,0.2584153147177648,0.3425785303115845
gcn,train,2022-03,country_cn,country_vn,0.05952083295655789,0.228958398103714
gcn,train,2022-03,country_de,country_203,-0.04402915151325289,0.25589555501937866
gcn,train,2022-03,country_de,country_344,-0.03929874098309029,0.26511216163635254
gcn,train,2022-03,country_de,country_372,0.24245499974251009,0.3161686658859253
gcn,train,2022-03,country_de,country_380,0.14533222714924632,0.2712355852127075
gcn,train,2022-03,country_de,country_cn,-0.06644432582558624,0.2571370601654053
gcn,train,2022-03,country_de,country_fr,-0.013481429762629976,0.2862851023674011
gcn,train,2022-03,country_de,country_gb,-0.7359759915393725,0.281978964805603
gcn,train,2022-03,country_de,country_in,0.2057885757418768,0.36301273107528687
gcn,train,2022-03,country_de,country_jp,-0.0064604107468480025,0.29348063468933105
gcn,train,2022-03,country_de,country_kr,0.0693296121029697,0.29369211196899414
gcn,train,2022-03,country_de,country_mx,0.3548641134396342,0.2343820035457611
gcn,train,2022-03,country_de,country_my,-0.08049753715223468,0.27019453048706055
gcn,train,2022-03,country_de,country_ph,-0.1440021101819934,0.2600133419036865
gcn,train,2022-03,country_de,country_sg,-0.15204482249397894,0.3058374524116516
gcn,train,2022-03,country_de,country_th,0.04403138586858333,0.23778825998306274
gcn,train,2022-03,country_de,country_us,0.05427160338433818,0.3484257757663727
gcn,train,2022-03,country_de,country_vn,0.5084147698536662,0.22929401695728302
gcn,train,2022-03,country_fr,country_203,0.10205812457375078,0.2512417137622833
gcn,train,2022-03,country_fr,country_344,-0.2037574200898232,0.2664775848388672
gcn,train,2022-03,country_fr,country_372,0.39733301392721765,0.3124772906303406
gcn,train,2022-03,country_fr,country_380,-0.18299737398661697,0.27273738384246826
gcn,train,2022-03,country_fr,country_cn,0.04180698340414857,0.2524991035461426
gcn,train,2022-03,country_fr,country_de,0.4718428089994494,0.30741018056869507
gcn,train,2022-03,country_fr,country_gb,-0.45176413059937576,0.27195876836776733
gcn,train,2022-03,country_fr,country_in,1.960424994614428,0.359232634305954
gcn,train,2022-03,country_fr,country_jp,0.08340180286583002,0.2945525646209717
gcn,train,2022-03,country_fr,country_kr,-0.21031901107038575,0.29247355461120605
gcn,train,2022-03,country_fr,country_mx,0.8192004111666603,0.2339240163564682
gcn,train,2022-03,country_fr,country_my,0.12058827053559772,0.26389726996421814
gcn,train,2022-03,country_fr,country_ph,0.13153989522459597,0.2505611777305603
gcn,train,2022-03,country_fr,country_sg,-0.0663265272969936,0.3080010414123535
gcn,train,2022-03,country_fr,country_th,-0.12379609888651093,0.23401764035224915
gcn,train,2022-03,country_fr,country_us,0.2383635860194602,0.34381043910980225
gcn,train,2022-03,country_fr,country_vn,-0.3255355105918777,0.2292051613330841
gcn,train,2022-03,country_gb,country_203,0.7955146978410954,0.24626214802265167
gcn,train,2022-03,country_gb,country_344,0.6322805785107236,0.2643560469150543
gcn,train,2022-03,country_gb,country_372,-0.9689002330505709,0.3153058886528015
gcn,train,2022-03,country_gb,country_380,-0.5670517493333662,0.26443779468536377
gcn,train,2022-03,country_gb,country_cn,-0.11293669684745714,0.2487710565328598
gcn,train,2022-03,country_gb,country_de,0.019768762821232175,0.30135542154312134
gcn,train,2022-03,country_gb,country_fr,-0.22575854960051714,0.2705540657043457
gcn,train,2022-03,country_gb,country_in,2.450530816074055,0.35857927799224854
gcn,train,2022-03,country_gb,country_jp,0.043232793167124486,0.28956466913223267
gcn,train,2022-03,country_gb,country_kr,0.1592369620841185,0.2890297770500183
gcn,train,2022-03,country_gb,country_mx,0.32785289177700944,0.2321598380804062
gcn,train,2022-03,country_gb,country_my,0.2083520973011843,0.25658607482910156
gcn,train,2022-03,country_gb,country_ph,0.2882048223208489,0.24766992032527924
gcn,train,2022-03,country_gb,country_sg,-0.17104247984428236,0.29848235845565796
gcn,train,2022-03,country_gb,country_th,0.010758048166516862,0.22989791631698608
gcn,train,2022-03,country_gb,country_us,0.5953561742868199,0.3383989930152893
gcn,train,2022-03,country_gb,country_vn,-0.9251954920157188,0.22807589173316956
gcn,train,2022-03,country_in,country_203,10.841847100481802,0.2628505825996399
gcn,train,2022-03,country_in,country_344,0.49642008506390267,0.27920961380004883
gcn,train,2022-03,country_in,country_372,-0.05080073143698356,0.3201369047164917
gcn,train,2022-03,country_in,country_380,0.07975860329181969,0.27590411901474
gcn,train,2022-03,country_in,country_cn,1.2932634777732839,0.28328025341033936
gcn,train,2022-03,country_in,country_de,0.403896907374413,0.3182234466075897
gcn,train,2022-03,country_in,country_fr,1.2490499117375116,0.3009340167045593
gcn,train,2022-03,country_in,country_gb,0.18543013353786553,0.29961347579956055
gcn,train,2022-03,country_in,country_jp,0.42646204646689584,0.2992757558822632
gcn,train,2022-03,country_in,country_kr,0.2875080580332492,0.30386728048324585
gcn,train,2022-03,country_in,country_mx,0.7834035022338698,0.2580108642578125
gcn,train,2022-03,country_in,country_my,0.5469636117475501,0.2783156931400299
gcn,train,2022-03,country_in,country_ph,-0.7167700949250656,0.2676335573196411
gcn,train,2022-03,country_in,country_sg,-0.08157659909357944,0.3144407868385315
gcn,train,2022-03,country_in,country_th,-0.6158809672343318,0.25928181409835815
gcn,train,2022-03,country_in,country_us,-0.498244413117252,0.376834511756897
gcn,train,2022-03,country_in,country_vn,-0.5026280293113641,0.26172393560409546
gcn,train,2022-03,country_jp,country_203,0.021959962142140573,0.241468608379364
gcn,train,2022-03,country_jp,country_344,0.08231452094251979,0.26770851016044617
gcn,train,2022-03,country_jp,country_372,-0.4371223157130853,0.3113650679588318
gcn,train,2022-03,country_jp,country_380,-0.3132811265379133,0.2618293762207031
gcn,train,2022-03,country_jp,country_cn,-0.16651626841432107,0.25953209400177
gcn,train,2022-03,country_jp,country_de,0.03579483531859759,0.30340901017189026
gcn,train,2022-03,country_jp,country_fr,0.2747888648382515,0.28117942810058594
gcn,train,2022-03,country_jp,country_gb,0.7266808398254452,0.27995097637176514
gcn,train,2022-03,country_jp,country_in,0.6372682112463398,0.3623371720314026
gcn,train,2022-03,country_jp,country_kr,-0.133986471605085,0.29444223642349243
gcn,train,2022-03,country_jp,country_mx,-0.05383364371565713,0.23528417944908142
gcn,train,2022-03,country_jp,country_my,0.1816930410399645,0.2727753818035126
gcn,train,2022-03,country_jp,country_ph,-0.08373313880354327,0.2572217583656311
gcn,train,2022-03,country_jp,country_sg,0.2524288805178657,0.3046993613243103
gcn,train,2022-03,country_jp,country_th,-0.06247787329198203,0.2414064109325409
gcn,train,2022-03,country_jp,country_us,0.11006116401073954,0.3496757447719574
gcn,train,2022-03,country_jp,country_vn,0.23222038145770132,0.229380264878273
gcn,train,2022-03,country_kr,country_203,0.16043533343334176,0.2581070065498352
gcn,train,2022-03,country_kr,country_344,-0.10034723610087025,0.2703004479408264
gcn,train,2022-03,country_kr,country_372,0.37116055025045613,0.31302911043167114
gcn,train,2022-03,country_kr,country_380,-0.9356247073106994,0.2603514790534973
gcn,train,2022-03,country_kr,country_cn,-0.10837343975763175,0.26040053367614746
gcn,train,2022-03,country_kr,country_de,0.07680552896100737,0.3057785928249359
gcn,train,2022-03,country_kr,country_fr,0.28602543952257625,0.28237998485565186
gcn,train,2022-03,country_kr,country_gb,0.5306886907428173,0.28126004338264465
gcn,train,2022-03,country_kr,country_in,1.1537651647387073,0.36510077118873596
gcn,train,2022-03,country_kr,country_jp,0.26854837011327837,0.2959846556186676
gcn,train,2022-03,country_kr,country_mx,-0.013287783127874441,0.23632973432540894
gcn,train,2022-03,country_kr,country_my,-0.06887112013624029,0.2716274559497833
gcn,train,2022-03,country_kr,country_ph,0.08413026532876205,0.25744059681892395
gcn,train,2022-03,country_kr,country_sg,0.09445994066889032,0.3081296682357788
gcn,train,2022-03,country_kr,country_th,0.1710631572728309,0.2422003149986267
gcn,train,2022-03,country_kr,country_us,0.2672469470741799,0.35342782735824585
gcn,train,2022-03,country_kr,country_vn,0.12480312466593224,0.2301023006439209
gcn,train,2022-03,country_mx,country_203,-0.22245896068204318,0.23715704679489136
gcn,train,2022-03,country_mx,country_344,-0.23931530060215028,0.25551557540893555
gcn,train,2022-03,country_mx,country_372,0.7643655582616923,0.3032301366329193
gcn,train,2022-03,country_mx,country_380,2.8775438276364977,0.253633052110672
gcn,train,2022-03,country_mx,country_cn,-0.1219762872447505,0.24388931691646576
gcn,train,2022-03,country_mx,country_de,0.0009018703200038495,0.2945317327976227
gcn,train,2022-03,country_mx,country_fr,0.897264661677257,0.2647422254085541
gcn,train,2022-03,country_mx,country_gb,0.8567152392617596,0.26119521260261536
gcn,train,2022-03,country_mx,country_in,12.074049853867402,0.3495370149612427
gcn,train,2022-03,country_mx,country_jp,0.2501431542929033,0.2809438705444336
gcn,train,2022-03,country_mx,country_kr,0.5442652250249906,0.283221572637558
gcn,train,2022-03,country_mx,country_my,1.3779557383986165,0.2537679672241211
gcn,train,2022-03,country_mx,country_ph,-0.15673939013401722,0.23833942413330078
gcn,train,2022-03,country_mx,country_sg,0.13757974363130865,0.2929113209247589
gcn,train,2022-03,country_mx,country_th,-0.14315896130700115,0.22427235543727875
gcn,train,2022-03,country_mx,country_us,0.05389814783622819,0.33885735273361206
gcn,train,2022-03,country_mx,country_vn,3.8775292996577106,0.2223961055278778
gcn,train,2022-03,country_my,country_203,-0.0317466267650489,0.252482533454895
gcn,train,2022-03,country_my,country_344,0.006646850813229165,0.27088677883148193
gcn,train,2022-03,country_my,country_372,-0.2680525126919286,0.3148668110370636
gcn,train,2022-03,country_my,country_380,-0.8605678838318346,0.2668774127960205
gcn,train,2022-03,country_my,country_cn,-0.18112845311364814,0.25755077600479126
gcn,train,2022-03,country_my,country_de,0.15395631078089128,0.30756455659866333
gcn,train,2022-03,country_my,country_fr,0.24673656421546883,0.27684035897254944
gcn,train,2022-03,country_my,country_gb,3.0515558811402475,0.272874116897583
gcn,train,2022-03,country_my,country_in,-0.24188155930320035,0.3627626597881317
gcn,train,2022-03,country_my,country_jp,0.17933179720951883,0.29545754194259644
gcn,train,2022-03,country_my,country_kr,0.08608354608496668,0.29450738430023193
gcn,train,2022-03,country_my,country_mx,0.004882630525370692,0.23420771956443787
gcn,train,2022-03,country_my,country_ph,-0.02946550968325752,0.25151172280311584
gcn,train,2022-03,country_my,country_sg,0.16484936824792695,0.30882108211517334
gcn,train,2022-03,country_my,country_th,0.16955624035852843,0.23972955346107483
gcn,train,2022-03,country_my,country_us,-0.2914259557862127,0.3535701632499695
gcn,train,2022-03,country_my,country_vn,0.11040720204862978,0.23026128113269806
gcn,train,2022-03,country_ph,country_203,0.2470756693830035,0.2515687346458435
gcn,train,2022-03,country_ph,country_344,-0.03567670881562083,0.2698892056941986
gcn,train,2022-03,country_ph,country_372,0.31036620354558025,0.31168657541275024
gcn,train,2022-03,country_ph,country_380,-0.9575446554601308,0.2655927240848541
gcn,train,2022-03,country_ph,country_cn,0.05024548724618045,0.25210490822792053
gcn,train,2022-03,country_ph,country_de,0.01845512554645618,0.30248135328292847
gcn,train,2022-03,country_ph,country_fr,0.10211285752201708,0.27200186252593994
gcn,train,2022-03,country_ph,country_gb,1.2105072912988626,0.2685377597808838
gcn,train,2022-03,country_ph,country_in,1.6446446448736125,0.3586920201778412
gcn,train,2022-03,country_ph,country_jp,0.17352255100587147,0.2907991409301758
gcn,train,2022-03,country_ph,country_kr,0.15002645781196583,0.2900804281234741
gcn,train,2022-03,country_ph,country_mx,0.11546027885014173,0.23631177842617035
gcn,train,2022-03,country_ph,country_my,0.2177384533822528,0.26113829016685486
gcn,train,2022-03,country_ph,country_sg,0.24020835085772282,0.30348092317581177
gcn,train,2022-03,country_ph,country_th,0.1251097534108677,0.2385748028755188
gcn,train,2022-03,country_ph,country_us,0.3761676728647741,0.3422963321208954
gcn,train,2022-03,country_ph,country_vn,0.11307212131547272,0.2321593165397644
gcn,train,2022-03,country_sg,country_203,0.10917274992536592,0.25036704540252686
gcn,train,2022-03,country_sg,country_344,0.04430649093203828,0.2702505588531494
gcn,train,2022-03,country_sg,country_372,-0.25494337958311314,0.3140629529953003
gcn,train,2022-03,country_sg,country_380,-0.8277211089058099,0.2579982876777649
gcn,train,2022-03,country_sg,country_cn,-0.15545699824451586,0.2558751702308655
gcn,train,2022-03,country_sg,country_de,0.3337939280122973,0.30670639872550964
gcn,train,2022-03,country_sg,country_fr,0.7796349991281423,0.2851768732070923
gcn,train,2022-03,country_sg,country_gb,0.5127615846989749,0.2780665159225464
gcn,train,2022-03,country_sg,country_in,0.3052877464132831,0.36839941143989563
gcn,train,2022-03,country_sg,country_jp,0.08283552463466658,0.2940463721752167
gcn,train,2022-03,country_sg,country_kr,-0.10762567513311583,0.29342061281204224
gcn,train,2022-03,country_sg,country_mx,0.08879529812890755,0.23293907940387726
gcn,train,2022-03,country_sg,country_my,0.38463033443596795,0.27156299352645874
gcn,train,2022-03,country_sg,country_ph,0.05123883606638564,0.25830358266830444
gcn,train,2022-03,country_sg,country_th,0.22537534095056547,0.2385801523923874
gcn,train,2022-03,country_sg,country_us,-0.2054039888402238,0.3512822985649109
gcn,train,2022-03,country_sg,country_vn,-0.13811840441150344,0.22782719135284424
gcn,train,2022-03,country_th,country_203,0.3002934715559265,0.23155291378498077
gcn,train,2022-03,country_th,country_344,0.00598806879929692,0.2428836077451706
gcn,train,2022-03,country_th,country_372,-0.11039106085705334,0.30712592601776123
gcn,train,2022-03,country_th,country_380,-0.7351130369471227,0.24046243727207184
gcn,train,2022-03,country_th,country_cn,0.0961550571453202,0.2343529462814331
gcn,train,2022-03,country_th,country_de,0.12698666868463002,0.281854510307312
gcn,train,2022-03,country_th,country_fr,0.15602980014525664,0.261078804731369
gcn,train,2022-03,country_th,country_gb,0.7813495068825042,0.25760653614997864
gcn,train,2022-03,country_th,country_in,-0.36206297901950824,0.3555680215358734
gcn,train,2022-03,country_th,country_jp,0.1575435997406134,0.2690693140029907
gcn,train,2022-03,country_th,country_kr,0.29202001664855287,0.26872068643569946
gcn,train,2022-03,country_th,country_mx,0.12623680787406666,0.22118797898292542
gcn,train,2022-03,country_th,country_my,0.10476016163819353,0.24707958102226257
gcn,train,2022-03,country_th,country_ph,-0.08798479418555386,0.231589213013649
gcn,train,2022-03,country_th,country_sg,0.45903047558475923,0.2827610671520233
gcn,train,2022-03,country_th,country_us,0.23938518575926868,0.33993014693260193
gcn,train,2022-03,country_th,country_vn,0.31970851597253946,0.21717658638954163
gcn,train,2022-03,country_us,country_203,0.2111534542843511,0.24478963017463684
gcn,train,2022-03,country_us,country_344,0.057126940560386155,0.2558046579360962
gcn,train,2022-03,country_us,country_372,0.43040927061900347,0.3010936975479126
gcn,train,2022-03,country_us,country_380,-0.5562368253010368,0.2508344054222107
gcn,train,2022-03,country_us,country_cn,-0.21090524553428336,0.2573477029800415
gcn,train,2022-03,country_us,country_de,0.13452190478100115,0.29571333527565
gcn,train,2022-03,country_us,country_fr,0.03244599940684864,0.28185316920280457
gcn,train,2022-03,country_us,country_gb,0.12297703035377057,0.2805193066596985
gcn,train,2022-03,country_us,country_in,0.4702732638802622,0.3569568395614624
gcn,train,2022-03,country_us,country_jp,-0.21535564552632885,0.28523340821266174
gcn,train,2022-03,country_us,country_kr,-0.24101066384167588,0.28262627124786377
gcn,train,2022-03,country_us,country_mx,0.06200742136845346,0.23147469758987427
gcn,train,2022-03,country_us,country_my,0.13776152309098863,0.27013099193573
gcn,train,2022-03,country_us,country_ph,0.03103043573188504,0.25685155391693115
gcn,train,2022-03,country_us,country_sg,-0.11707111940062659,0.2935868501663208
gcn,train,2022-03,country_us,country_th,0.1453572751917848,0.23787981271743774
gcn,train,2022-03,country_us,country_vn,-0.28342114709184196,0.2404041588306427
gcn,train,2022-03,country_vn,country_203,0.9626718854480957,0.23235954344272614
gcn,train,2022-03,country_vn,country_344,-0.28310410875618014,0.2430170178413391
gcn,train,2022-03,country_vn,country_372,0.5804016250543348,0.3028416037559509
gcn,train,2022-03,country_vn,country_380,0.9306950671960927,0.23313185572624207
gcn,train,2022-03,country_vn,country_cn,0.037772301007410525,0.23514536023139954
gcn,train,2022-03,country_vn,country_de,0.7002551170774051,0.28036773204803467
gcn,train,2022-03,country_vn,country_fr,1.7356149250499846,0.2619859576225281
gcn,train,2022-03,country_vn,country_gb,1.4223386931842763,0.25814443826675415
gcn,train,2022-03,country_vn,country_in,1.7985109416807992,0.3564252555370331
gcn,train,2022-03,country_vn,country_jp,0.14643885693249742,0.2665368616580963
gcn,train,2022-03,country_vn,country_kr,0.26118340018491226,0.2676500380039215
gcn,train,2022-03,country_vn,country_mx,0.23963697619458327,0.2217782437801361
gcn,train,2022-03,country_vn,country_my,-0.15087777833997726,0.24535797536373138
gcn,train,2022-03,country_vn,country_ph,-0.4308505351048673,0.23186716437339783
gcn,train,2022-03,country_vn,country_sg,0.8403391215746286,0.2795877158641815
gcn,train,2022-03,country_vn,country_th,-0.2129918195890319,0.2189210057258606
gcn,train,2022-03,country_vn,country_us,0.0787468118163645,0.3405272960662842
gcn,train,2022-04,country_203,country_344,-0.7651136433504495,0.20539215207099915
gcn,train,2022-04,country_203,country_372,-0.4154376626534014,0.21700260043144226
gcn,train,2022-04,country_203,country_380,-0.1331045421281793,0.20453539490699768
gcn,train,2022-04,country_203,country_cn,0.2226319990595634,0.21466290950775146
gcn,train,2022-04,country_203,country_de,-0.26152694676568683,0.21568188071250916
gcn,train,2022-04,country_203,country_fr,-0.7896302883039481,0.22281038761138916
gcn,train,2022-04,country_203,country_gb,-0.8490951232344254,0.24417847394943237
gcn,train,2022-04,country_203,country_in,1.1326826082608141,0.20210132002830505
gcn,train,2022-04,country_203,country_jp,0.3688554419665206,0.18818217515945435
gcn,train,2022-04,country_203,country_kr,-0.31534560788091387,0.20326898992061615
gcn,train,2022-04,country_203,country_mx,-0.3602061221828209,0.21319377422332764
gcn,train,2022-04,country_203,country_my,-0.418855042857767,0.2169530838727951
gcn,train,2022-04,country_203,country_ph,-0.15161438213340134,0.2163774073123932
gcn,train,2022-04,country_203,country_sg,0.10324698843533299,0.20777449011802673
gcn,train,2022-04,country_203,country_th,0.6773101109650629,0.17293742299079895
gcn,train,2022-04,country_203,country_us,-0.3960931143349931,0.2841443717479706
gcn,train,2022-04,country_203,country_vn,0.40079102534768224,0.2325461208820343
gcn,train,2022-04,country_344,country_203,-0.5635633602295108,0.18377161026000977
gcn,train,2022-04,country_344,country_372,0.4002103695941086,0.22563712298870087
gcn,train,2022-04,country_344,country_380,-0.961848975897154,0.20675185322761536
gcn,train,2022-04,country_344,country_cn,-0.33757662976260755,0.2229965627193451
gcn,train,2022-04,country_344,country_de,1.5738489246681688,0.22587893903255463
gcn,train,2022-04,country_344,country_fr,0.5037891901596884,0.22896715998649597
gcn,train,2022-04,country_344,country_gb,0.670862553297698,0.2521912455558777
gcn,train,2022-04,country_344,country_in,-0.19965367659376537,0.22049322724342346
gcn,train,2022-04,country_344,country_jp,0.8958356857468052,0.19775021076202393
gcn,train,2022-04,country_344,country_kr,0.12228966801068779,0.21610265970230103
gcn,train,2022-04,country_344,country_mx,0.8389325050357397,0.22041168808937073
gcn,train,2022-04,country_344,country_my,0.31207633405179663,0.22257737815380096
gcn,train,2022-04,country_344,country_ph,0.4033841867283653,0.23143070936203003
gcn,train,2022-04,country_344,country_sg,0.17162086161298618,0.22103607654571533
gcn,train,2022-04,country_344,country_th,0.5355263616234217,0.19024349749088287
gcn,train,2022-04,country_344,country_us,0.8763896827195978,0.2896706163883209
gcn,train,2022-04,country_344,country_vn,-0.6518601400490598,0.2422768920660019
gcn,train,2022-04,country_372,country_203,0.38283423407605566,0.20213666558265686
gcn,train,2022-04,country_372,country_344,7.392035941577851,0.23254434764385223
gcn,train,2022-04,country_372,country_380,-0.08849433094725313,0.23206111788749695
gcn,train,2022-04,country_372,country_cn,0.01817434095824488,0.2398662269115448
gcn,train,2022-04,country_372,country_de,3.1229531697522375,0.24162261188030243
gcn,train,2022-04,country_372,country_fr,-0.5845261218957662,0.2461083084344864
gcn,train,2022-04,country_372,country_gb,-0.5398302710005493,0.2674029469490051
gcn,train,2022-04,country_372,country_in,3.027386901178372,0.2351786196231842
gcn,train,2022-04,country_372,country_jp,0.0916288131517091,0.21888846158981323
gcn,train,2022-04,country_372,country_kr,0.5257420454684574,0.22542931139469147
gcn,train,2022-04,country_372,country_mx,1.8292665632616885,0.23201632499694824
gcn,train,2022-04,country_372,country_my,0.0882239157542605,0.23523177206516266
gcn,train,2022-04,country_372,country_ph,0.45837262906676846,0.2401299923658371
gcn,train,2022-04,country_372,country_sg,-0.2029057817980932,0.22607237100601196
gcn,train,2022-04,country_372,country_th,-0.4340013731234747,0.19929948449134827
gcn,train,2022-04,country_372,country_us,-0.03965566714191548,0.300974577665329
gcn,train,2022-04,country_372,country_vn,-0.224252182226953,0.2550312876701355
gcn,train,2022-04,country_380,country_203,-0.30126941408571917,0.17518924176692963
gcn,train,2022-04,country_380,country_344,0.21568244489789246,0.20423632860183716
gcn,train,2022-04,country_380,country_372,1.1195608391444365,0.21583522856235504
gcn,train,2022-04,country_380,country_cn,0.04005633688632574,0.20880348980426788
gcn,train,2022-04,country_380,country_de,0.3002476170622862,0.21376165747642517
gcn,train,2022-04,country_380,country_fr,0.03150901762619625,0.22118034958839417
gcn,train,2022-04,country_380,country_gb,0.5144528486144938,0.2348489761352539
gcn,train,2022-04,country_380,country_in,-0.15478063285709326,0.19560961425304413
gcn,train,2022-04,country_380,country_jp,0.30599695927543535,0.17664481699466705
gcn,train,2022-04,country_380,country_kr,-0.6408913368880191,0.19814875721931458
gcn,train,2022-04,country_380,country_mx,0.18485373716851078,0.20441070199012756
gcn,train,2022-04,country_380,country_my,0.20930252934285173,0.21337856352329254
gcn,train,2022-04,country_380,country_ph,-0.05115341365461847,0.21432438492774963
gcn,train,2022-04,country_380,country_sg,0.15679337867457788,0.2085573673248291
gcn,train,2022-04,country_380,country_th,0.15963051445937212,0.1738675832748413
gcn,train,2022-04,country_380,country_us,0.1769479534807272,0.27870142459869385
gcn,train,2022-04,country_380,country_vn,0.943696766555578,0.22476902604103088
gcn,train,2022-04,country_cn,country_203,-0.12368237758739442,0.19851773977279663
gcn,train,2022-04,country_cn,country_344,-0.05049627160520934,0.23480528593063354
gcn,train,2022-04,country_cn,country_372,0.5290085115597832,0.24007606506347656
gcn,train,2022-04,country_cn,country_380,0.15515104189087542,0.23371244966983795
gcn,train,2022-04,country_cn,country_de,0.42810820017250345,0.2332639843225479
gcn,train,2022-04,country_cn,country_fr,0.4512397929210595,0.2338215410709381
gcn,train,2022-04,country_cn,country_gb,0.6797137336147324,0.2691676914691925
gcn,train,2022-04,country_cn,country_in,-0.3997083685849842,0.2222982943058014
gcn,train,2022-04,country_cn,country_jp,0.1262552284510558,0.21150024235248566
gcn,train,2022-04,country_cn,country_kr,0.1493119265117416,0.22183841466903687
gcn,train,2022-04,country_cn,country_mx,-0.05013155074294943,0.22935417294502258
gcn,train,2022-04,country_cn,country_my,0.08825660624578524,0.22924253344535828
gcn,train,2022-04,country_cn,country_ph,0.03807258841733637,0.241235613822937
gcn,train,2022-04,country_cn,country_sg,0.06351807973299749,0.23220744729042053
gcn,train,2022-04,country_cn,country_th,0.16830494269184995,0.1972142904996872
gcn,train,2022-04,country_cn,country_us,0.3694347127038056,0.31035012006759644
gcn,train,2022-04,country_cn,country_vn,0.26486242772939145,0.2504693567752838
gcn,train,2022-04,country_de,country_203,0.10263152052577226,0.18574528396129608
gcn,train,2022-04,country_de,country_344,0.23560874359801484,0.22414670884609222
gcn,train,2022-04,country_de,country_372,0.3030932345835447,0.23031435906887054
gcn,train,2022-04,country_de,country_380,0.11083196671344937,0.23407241702079773
gcn,train,2022-04,country_de,country_cn,0.1336006177494429,0.22320212423801422
gcn,train,2022-04,country_de,country_fr,-0.04700580554603943,0.23352853953838348
gcn,train,2022-04,country_de,country_gb,-0.7189081873395412,0.25413012504577637
gcn,train,2022-04,country_de,country_in,0.2947850430468008,0.21059861779212952
gcn,train,2022-04,country_de,country_jp,0.27783407392356363,0.19528530538082123
gcn,train,2022-04,country_de,country_kr,0.3437526040452556,0.21015408635139465
gcn,train,2022-04,country_de,country_mx,0.231207000302099,0.21696162223815918
gcn,train,2022-04,country_de,country_my,-0.0322340989401826,0.22484275698661804
gcn,train,2022-04,country_de,country_ph,-0.12608564224617586,0.23059344291687012
gcn,train,2022-04,country_de,country_sg,-0.18171938250419403,0.2226923406124115
gcn,train,2022-04,country_de,country_th,0.00801520342251032,0.1804366409778595
gcn,train,2022-04,country_de,country_us,0.22424714318441016,0.29987964034080505
gcn,train,2022-04,country_de,country_vn,-0.11672532459676223,0.2442559450864792
gcn,train,2022-04,country_fr,country_203,-0.19874645959194787,0.1852889358997345
gcn,train,2022-04,country_fr,country_344,-0.06894925093957555,0.2243330478668213
gcn,train,2022-04,country_fr,country_372,0.04127982853772297,0.23049399256706238
gcn,train,2022-04,country_fr,country_380,0.3213662662314233,0.23494315147399902
gcn,train,2022-04,country_fr,country_cn,0.02276888667171394,0.2224360704421997
gcn,train,2022-04,country_fr,country_de,0.42116648034001103,0.22422708570957184
gcn,train,2022-04,country_fr,country_gb,-0.5306709045745996,0.2552071511745453
gcn,train,2022-04,country_fr,country_in,1.4801510812845386,0.21062567830085754
gcn,train,2022-04,country_fr,country_jp,0.2357766638286016,0.19553223252296448
gcn,train,2022-04,country_fr,country_kr,-0.20662046211248267,0.20809701085090637
gcn,train,2022-04,country_fr,country_mx,0.0016551234034449247,0.21704775094985962
gcn,train,2022-04,country_fr,country_my,-0.047639833583552664,0.21987593173980713
gcn,train,2022-04,country_fr,country_ph,0.27478769094381994,0.22741375863552094
gcn,train,2022-04,country_fr,country_sg,0.02208772221622031,0.22435331344604492
gcn,train,2022-04,country_fr,country_th,0.24606262975556378,0.17818669974803925
gcn,train,2022-04,country_fr,country_us,0.28155111283428985,0.29988589882850647
gcn,train,2022-04,country_fr,country_vn,-0.09686744388596699,0.24293434619903564
gcn,train,2022-04,country_gb,country_203,0.8519627564195151,0.1982179582118988
gcn,train,2022-04,country_gb,country_344,0.45279796220929225,0.2400975078344345
gcn,train,2022-04,country_gb,country_372,3.4511927130640783,0.24626198410987854
gcn,train,2022-04,country_gb,country_380,-0.23837759274245318,0.23643675446510315
gcn,train,2022-04,country_gb,country_cn,0.26130192624807397,0.2392067015171051
gcn,train,2022-04,country_gb,country_de,0.15419687901383636,0.23729294538497925
gcn,train,2022-04,country_gb,country_fr,-0.18281414592937065,0.2423771619796753
gcn,train,2022-04,country_gb,country_in,1.6728389694739452,0.22802332043647766
gcn,train,2022-04,country_gb,country_jp,0.38775027586704613,0.21606671810150146
gcn,train,2022-04,country_gb,country_kr,0.5879731065740251,0.2261246293783188
gcn,train,2022-04,country_gb,country_mx,0.41576126094790566,0.23277731239795685
gcn,train,2022-04,country_gb,country_my,0.24988314258779734,0.23494014143943787
gcn,train,2022-04,country_gb,country_ph,0.3658929626503899,0.24626943469047546
gcn,train,2022-04,country_gb,country_sg,-0.3871045768788976,0.24026872217655182
gcn,train,2022-04,country_gb,country_th,0.14371460755342982,0.196062371134758
gcn,train,2022-04,country_gb,country_us,0.18315974025775844,0.31556957960128784
gcn,train,2022-04,country_gb,country_vn,-0.6622291060470812,0.2547846734523773
gcn,train,2022-04,country_in,country_203,2.846547042223524,0.1770639419555664
gcn,train,2022-04,country_in,country_344,0.0341748438649892,0.22037817537784576
gcn,train,2022-04,country_in,country_372,21.496606981105113,0.22491072118282318
gcn,train,2022-04,country_in,country_380,-0.7740074908719022,0.22195281088352203
gcn,train,2022-04,country_in,country_cn,0.07867828662707488,0.22014468908309937
gcn,train,2022-04,country_in,country_de,0.697700882241511,0.21721750497817993
gcn,train,2022-04,country_in,country_fr,0.36067328976536833,0.22359025478363037
gcn,train,2022-04,country_in,country_gb,0.3174674387121803,0.24902375042438507
gcn,train,2022-04,country_in,country_jp,-0.03382908010287714,0.18893015384674072
gcn,train,2022-04,country_in,country_kr,-0.028244845071167438,0.2064131200313568
gcn,train,2022-04,country_in,country_mx,2.07369383858183,0.21790102124214172
gcn,train,2022-04,country_in,country_my,1.762123134995148,0.21724282205104828
gcn,train,2022-04,country_in,country_ph,2.3193602982658392,0.22355127334594727
gcn,train,2022-04,country_in,country_sg,0.3672303900849335,0.2164178490638733
gcn,train,2022-04,country_in,country_th,-0.12736397428859317,0.1781114935874939
gcn,train,2022-04,country_in,country_us,-0.4234939329850685,0.29381340742111206
gcn,train,2022-04,country_in,country_vn,0.7228083264646779,0.2416795790195465
gcn,train,2022-04,country_jp,country_203,0.14489725546449045,0.18029098212718964
gcn,train,2022-04,country_jp,country_344,0.050812464566462684,0.2198902815580368
gcn,train,2022-04,country_jp,country_372,-0.22607397609239166,0.2231551855802536
gcn,train,2022-04,country_jp,country_380,-0.5356612031765872,0.2173881232738495
gcn,train,2022-04,country_jp,country_cn,-0.24446866076480142,0.22048190236091614
gcn,train,2022-04,country_jp,country_de,-0.007335716474234931,0.21370479464530945
gcn,train,2022-04,country_jp,country_fr,0.2714023100123139,0.223270446062088
gcn,train,2022-04,country_jp,country_gb,0.7899200719646144,0.2503097653388977
gcn,train,2022-04,country_jp,country_in,0.08967148348833723,0.20611527562141418
gcn,train,2022-04,country_jp,country_kr,-0.14571399117135533,0.2030448168516159
gcn,train,2022-04,country_jp,country_mx,0.1534311577181533,0.2173669934272766
gcn,train,2022-04,country_jp,country_my,0.052951275858152604,0.21553745865821838
gcn,train,2022-04,country_jp,country_ph,-0.08914421286846874,0.22490930557250977
gcn,train,2022-04,country_jp,country_sg,0.17146354620300677,0.21725624799728394
gcn,train,2022-04,country_jp,country_th,-0.08281636459630487,0.17558050155639648
gcn,train,2022-04,country_jp,country_us,-0.0024434311133564863,0.29585444927215576
gcn,train,2022-04,country_jp,country_vn,-0.04132501164340471,0.24087879061698914
gcn,train,2022-04,country_kr,country_203,-0.13438910345291522,0.18006306886672974
gcn,train,2022-04,country_kr,country_344,0.022416446896602348,0.22341322898864746
gcn,train,2022-04,country_kr,country_372,4.078550961280049,0.22382852435112
gcn,train,2022-04,country_kr,country_380,-0.9119285251491607,0.21949277818202972
gcn,train,2022-04,country_kr,country_cn,-0.15300309548020893,0.22256389260292053
gcn,train,2022-04,country_kr,country_de,0.06339503600053205,0.22076162695884705
gcn,train,2022-04,country_kr,country_fr,0.26745645516866196,0.22852124273777008
gcn,train,2022-04,country_kr,country_gb,4.1196974376013875,0.25222402811050415
gcn,train,2022-04,country_kr,country_in,0.31616022137783695,0.21168145537376404
gcn,train,2022-04,country_kr,country_jp,0.38572115023980685,0.19407181441783905
gcn,train,2022-04,country_kr,country_mx,0.015068790138840629,0.21570485830307007
gcn,train,2022-04,country_kr,country_my,-0.022391437924135785,0.22196704149246216
gcn,train,2022-04,country_kr,country_ph,0.02938156422399514,0.22695648670196533
gcn,train,2022-04,country_kr,country_sg,0.07922181554494087,0.2209777534008026
gcn,train,2022-04,country_kr,country_th,0.19719710546556402,0.18000128865242004
gcn,train,2022-04,country_kr,country_us,0.2688922488324338,0.30195146799087524
gcn,train,2022-04,country_kr,country_vn,-0.03092765773516565,0.24021895229816437
gcn,train,2022-04,country_mx,country_203,0.7894243453538983,0.20444341003894806
gcn,train,2022-04,country_mx,country_344,-0.2967417054717463,0.24576939642429352
gcn,train,2022-04,country_mx,country_372,-0.7632749956668642,0.2483581304550171
gcn,train,2022-04,country_mx,country_380,-0.9603569135253927,0.24312379956245422
gcn,train,2022-04,country_mx,country_cn,0.09615881451286824,0.24729715287685394
gcn,train,2022-04,country_mx,country_de,0.1614692074414903,0.2388477474451065
gcn,train,2022-04,country_mx,country_fr,-0.004971900774556026,0.24540643393993378
gcn,train,2022-04,country_mx,country_gb,0.3284900469607299,0.27103114128112793
gcn,train,2022-04,country_mx,country_in,-0.2742331640721409,0.23201113939285278
gcn,train,2022-04,country_mx,country_jp,0.6696011017205098,0.21760433912277222
gcn,train,2022-04,country_mx,country_kr,0.09844689242563892,0.2291150987148285
gcn,train,2022-04,country_mx,country_my,0.6405409570816766,0.23728151619434357
gcn,train,2022-04,country_mx,country_ph,0.9920127860657977,0.24554145336151123
gcn,train,2022-04,country_mx,country_sg,-0.19807476889925887,0.24306446313858032
gcn,train,2022-04,country_mx,country_th,0.9204089920067113,0.20142900943756104
gcn,train,2022-04,country_mx,country_us,0.1534163710444512,0.319245308637619
gcn,train,2022-04,country_mx,country_vn,0.47737054801712975,0.2622072100639343
gcn,train,2022-04,country_my,country_203,-0.29595294793320887,0.181489959359169
gcn,train,2022-04,country_my,country_344,0.09616141159346109,0.22533459961414337
gcn,train,2022-04,country_my,country_372,-0.1509534000075791,0.22739177942276
gcn,train,2022-04,country_my,country_380,-0.6163843661836858,0.2255798876285553
gcn,train,2022-04,country_my,country_cn,-0.07479372572136816,0.22529707849025726
gcn,train,2022-04,country_my,country_de,0.12532279099694033,0.22365763783454895
gcn,train,2022-04,country_my,country_fr,0.29156607674992774,0.23190221190452576
gcn,train,2022-04,country_my,country_gb,1.1229902961506046,0.2552950382232666
gcn,train,2022-04,country_my,country_in,-0.4822096428815163,0.21077756583690643
gcn,train,2022-04,country_my,country_jp,0.10771020386518562,0.19523300230503082
gcn,train,2022-04,country_my,country_kr,-0.013453797850239573,0.21086090803146362
gcn,train,2022-04,country_my,country_mx,0.04075115186556678,0.21520869433879852
gcn,train,2022-04,country_my,country_ph,0.14011731455519508,0.22766190767288208
gcn,train,2022-04,country_my,country_sg,0.2422919219085914,0.22324030101299286
gcn,train,2022-04,country_my,country_th,0.17128495402720906,0.18145829439163208
gcn,train,2022-04,country_my,country_us,-0.07994608605770799,0.30761176347732544
gcn,train,2022-04,country_my,country_vn,0.19889368984592382,0.2409796416759491
gcn,train,2022-04,country_ph,country_203,0.3923408370421964,0.20541076362133026
gcn,train,2022-04,country_ph,country_344,0.03795543518647519,0.24627842009067535
gcn,train,2022-04,country_ph,country_372,0.677772045406184,0.2489243894815445
gcn,train,2022-04,country_ph,country_380,-0.9643074977193199,0.2344224601984024
gcn,train,2022-04,country_ph,country_cn,-0.023249686435914626,0.24636386334896088
gcn,train,2022-04,country_ph,country_de,0.09303114325003925,0.2387005239725113
gcn,train,2022-04,country_ph,country_fr,0.1277318477229236,0.24671095609664917
gcn,train,2022-04,country_ph,country_gb,0.8698758492187524,0.2728956937789917
gcn,train,2022-04,country_ph,country_in,1.0324144142688099,0.23171639442443848
gcn,train,2022-04,country_ph,country_jp,0.12995251461909924,0.22022303938865662
gcn,train,2022-04,country_ph,country_kr,-0.007605582220434629,0.22864677011966705
gcn,train,2022-04,country_ph,country_mx,0.11634469209307575,0.23878350853919983
gcn,train,2022-04,country_ph,country_my,0.19714476209849605,0.24087055027484894
gcn,train,2022-04,country_ph,country_sg,0.2516543165069234,0.24307997524738312
gcn,train,2022-04,country_ph,country_th,0.12653545946425396,0.20203527808189392
gcn,train,2022-04,country_ph,country_us,0.42370349817519304,0.31539180874824524
gcn,train,2022-04,country_ph,country_vn,-0.0011455747621287706,0.2600952684879303
gcn,train,2022-04,country_sg,country_203,-0.08646800502296904,0.1896074414253235
gcn,train,2022-04,country_sg,country_344,0.07929398439485916,0.2332378625869751
gcn,train,2022-04,country_sg,country_372,2.4320577065871674,0.23819470405578613
gcn,train,2022-04,country_sg,country_380,-0.9296849905719339,0.22446368634700775
gcn,train,2022-04,country_sg,country_cn,-0.15573094061649573,0.23036350309848785
gcn,train,2022-04,country_sg,country_de,0.08955832877124294,0.22838377952575684
gcn,train,2022-04,country_sg,country_fr,0.4817930402034292,0.23244015872478485
gcn,train,2022-04,country_sg,country_gb,0.1584282285223981,0.2579607665538788
gcn,train,2022-04,country_sg,country_in,-0.1253109732450572,0.22089847922325134
gcn,train,2022-04,country_sg,country_jp,0.30853254022624477,0.2063729166984558
gcn,train,2022-04,country_sg,country_kr,-0.09775604361607886,0.21649707853794098
gcn,train,2022-04,country_sg,country_mx,0.05236234292611561,0.22403231263160706
gcn,train,2022-04,country_sg,country_my,0.320949992282473,0.22796893119812012
gcn,train,2022-04,country_sg,country_ph,-0.13418542462798658,0.23669025301933289
gcn,train,2022-04,country_sg,country_th,0.15930714602846588,0.1920999437570572
gcn,train,2022-04,country_sg,country_us,0.2370482288434525,0.3067598342895508
gcn,train,2022-04,country_sg,country_vn,0.9685687743692561,0.24756667017936707
gcn,train,2022-04,country_th,country_203,0.05640467409260874,0.17808915674686432
gcn,train,2022-04,country_th,country_344,-0.09085966334132052,0.2183707058429718
gcn,train,2022-04,country_th,country_372,1.558965323450525,0.22257110476493835
gcn,train,2022-04,country_th,country_380,-0.7405497614454968,0.21678486466407776
gcn,train,2022-04,country_th,country_cn,0.05797005974904626,0.2196122109889984
gcn,train,2022-04,country_th,country_de,0.24259795958534638,0.21584539115428925
gcn,train,2022-04,country_th,country_fr,0.3031304073339474,0.22415998578071594
gcn,train,2022-04,country_th,country_gb,1.1370199009287594,0.25120070576667786
gcn,train,2022-04,country_th,country_in,-0.2142417600825481,0.2055063545703888
gcn,train,2022-04,country_th,country_jp,0.2899268168498035,0.19214633107185364
gcn,train,2022-04,country_th,country_kr,0.2732623364185297,0.20530502498149872
gcn,train,2022-04,country_th,country_mx,0.42201304932902495,0.21595680713653564
gcn,train,2022-04,country_th,country_my,0.32884915316770214,0.218094140291214
gcn,train,2022-04,country_th,country_ph,0.16590481339655092,0.2249085009098053
gcn,train,2022-04,country_th,country_sg,0.5155342331239193,0.21428734064102173
gcn,train,2022-04,country_th,country_us,0.36303822128499996,0.29714348912239075
gcn,train,2022-04,country_th,country_vn,0.2215324406971206,0.24134285748004913
gcn,train,2022-04,country_us,country_203,0.18342149702340604,0.20165817439556122
gcn,train,2022-04,country_us,country_344,-0.05512127417916217,0.23397856950759888
gcn,train,2022-04,country_us,country_372,0.0887974616755926,0.23868286609649658
gcn,train,2022-04,country_us,country_380,-0.6370124665149742,0.22349318861961365
gcn,train,2022-04,country_us,country_cn,-0.12500349222908766,0.23684917390346527
gcn,train,2022-04,country_us,country_de,-0.007387967332073753,0.23699921369552612
gcn,train,2022-04,country_us,country_fr,0.1103601806647117,0.2455664575099945
gcn,train,2022-04,country_us,country_gb,0.07028542833594963,0.26411017775535583
gcn,train,2022-04,country_us,country_in,0.30702562363020847,0.2265532910823822
gcn,train,2022-04,country_us,country_jp,-0.03675396679079033,0.21812830865383148
gcn,train,2022-04,country_us,country_kr,-0.05913815346764609,0.22465041279792786
gcn,train,2022-04,country_us,country_mx,0.19012995224605744,0.22458317875862122
gcn,train,2022-04,country_us,country_my,0.11351356470615549,0.23944085836410522
gcn,train,2022-04,country_us,country_ph,0.028023481868322812,0.24461734294891357
gcn,train,2022-04,country_us,country_sg,0.3060518416071335,0.23387935757637024
gcn,train,2022-04,country_us,country_th,0.15473976219523858,0.20030592381954193
gcn,train,2022-04,country_us,country_vn,0.03479445553281337,0.240367591381073
gcn,train,2022-04,country_vn,country_203,-0.06965401703309519,0.2157849669456482
gcn,train,2022-04,country_vn,country_344,-0.28267314629434337,0.25746071338653564
gcn,train,2022-04,country_vn,country_372,0.5004558475242423,0.25733205676078796
gcn,train,2022-04,country_vn,country_380,0.47716656053373596,0.24668636918067932
gcn,train,2022-04,country_vn,country_cn,-0.2193797137623431,0.2593696117401123
gcn,train,2022-04,country_vn,country_de,0.49766269915851896,0.2528308033943176
gcn,train,2022-04,country_vn,country_fr,7.491765461656598,0.2585758864879608
gcn,train,2022-04,country_vn,country_gb,2.479745127218464,0.28012749552726746
gcn,train,2022-04,country_vn,country_in,-0.20572613832875736,0.2442353218793869
gcn,train,2022-04,country_vn,country_jp,0.34083608359082723,0.22933423519134521
gcn,train,2022-04,country_vn,country_kr,-0.32222032237461584,0.2411910444498062
gcn,train,2022-04,country_vn,country_mx,-0.07122563727007544,0.2461112141609192
gcn,train,2022-04,country_vn,country_my,10.220390031668845,0.2525402903556824
gcn,train,2022-04,country_vn,country_ph,-0.20759986178627046,0.2545894384384155
gcn,train,2022-04,country_vn,country_sg,2.382163564947601,0.2541024088859558
gcn,train,2022-04,country_vn,country_th,-0.004678861080775226,0.21701854467391968
gcn,train,2022-04,country_vn,country_us,0.24663991897431461,0.3320199251174927
gcn,train,2022-05,country_203,country_344,-0.6533208410465736,0.21270063519477844
gcn,train,2022-05,country_203,country_372,0.585069059093463,0.3192910850048065
gcn,train,2022-05,country_203,country_380,0.4719973270421469,0.2100161910057068
gcn,train,2022-05,country_203,country_cn,0.25216524373463833,0.22717279195785522
gcn,train,2022-05,country_203,country_de,-0.09288218540716768,0.25906312465667725
gcn,train,2022-05,country_203,country_fr,-0.8170934020935412,0.24751044809818268
gcn,train,2022-05,country_203,country_gb,-0.7071579603374771,0.2461034059524536
gcn,train,2022-05,country_203,country_in,14.082842718298965,0.2059377282857895
gcn,train,2022-05,country_203,country_jp,0.458912472010835,0.23896649479866028
gcn,train,2022-05,country_203,country_kr,0.5318140281379157,0.24703772366046906
gcn,train,2022-05,country_203,country_mx,-0.25330236428788794,0.21853385865688324
gcn,train,2022-05,country_203,country_my,-0.29381294616276615,0.26493942737579346
gcn,train,2022-05,country_203,country_ph,-0.38931316691561485,0.2278497815132141
gcn,train,2022-05,country_203,country_sg,0.12806895130422252,0.19711892306804657
gcn,train,2022-05,country_203,country_th,0.04442782389761282,0.2357604056596756
gcn,train,2022-05,country_203,country_us,0.041500744524852626,0.2820248603820801
gcn,train,2022-05,country_203,country_vn,0.09699161005875384,0.21327106654644012
gcn,train,2022-05,country_344,country_203,-0.16688222886679183,0.24396786093711853
gcn,train,2022-05,country_344,country_372,2.285782113607853,0.33537864685058594
gcn,train,2022-05,country_344,country_380,1.75871441757631,0.21585127711296082
gcn,train,2022-05,country_344,country_cn,-0.3607581850408087,0.24079148471355438
gcn,train,2022-05,country_344,country_de,2.5321607460499775,0.2748757004737854
gcn,train,2022-05,country_344,country_fr,2.085920021157094,0.26357898116111755
gcn,train,2022-05,country_344,country_gb,0.6726785930982494,0.2637566030025482
gcn,train,2022-05,country_344,country_in,-0.29913790932866763,0.22917455434799194
gcn,train,2022-05,country_344,country_jp,3.116927003180682,0.25778770446777344
gcn,train,2022-05,country_344,country_kr,0.367411570489908,0.27456942200660706
gcn,train,2022-05,country_344,country_mx,0.03125451977314201,0.23695574700832367
gcn,train,2022-05,country_344,country_my,-0.23008017971531466,0.2879391312599182
gcn,train,2022-05,country_344,country_ph,-0.10199306072548513,0.24777857959270477
gcn,train,2022-05,country_344,country_sg,0.023451422594749468,0.22502312064170837
gcn,train,2022-05,country_344,country_th,0.40930199938764356,0.2591370940208435
gcn,train,2022-05,country_344,country_us,0.6140271280953418,0.3078985810279846
gcn,train,2022-05,country_344,country_vn,0.20654712421600394,0.23633131384849548
gcn,train,2022-05,country_372,country_203,-0.27740262422618606,0.2697770297527313
gcn,train,2022-05,country_372,country_344,-0.49401467587168324,0.2632859945297241
gcn,train,2022-05,country_372,country_380,0.28886793479683487,0.25469157099723816
gcn,train,2022-05,country_372,country_cn,-0.025556835232341948,0.2771119475364685
gcn,train,2022-05,country_372,country_de,0.7852001888633813,0.30472850799560547
gcn,train,2022-05,country_372,country_fr,-0.3631878985699202,0.2955911159515381
gcn,train,2022-05,country_372,country_gb,-0.7425310729303123,0.2966119647026062
gcn,train,2022-05,country_372,country_in,1.2804005238685074,0.27100712060928345
gcn,train,2022-05,country_372,country_jp,0.12199853031667882,0.2901807129383087
gcn,train,2022-05,country_372,country_kr,-0.3415496108344172,0.29550275206565857
gcn,train,2022-05,country_372,country_mx,2.8122933746953245,0.26252034306526184
gcn,train,2022-05,country_372,country_my,-0.021029605794970957,0.30069130659103394
gcn,train,2022-05,country_372,country_ph,0.2886120244191572,0.2738940417766571
gcn,train,2022-05,country_372,country_sg,-0.31627408237249416,0.2535235285758972
gcn,train,2022-05,country_372,country_th,23.985650168519697,0.2801932096481323
gcn,train,2022-05,country_372,country_us,1.0171048115506587,0.3460491895675659
gcn,train,2022-05,country_372,country_vn,-0.6256776719027194,0.26301881670951843
gcn,train,2022-05,country_380,country_203,0.06379976184053843,0.24361252784729004
gcn,train,2022-05,country_380,country_344,0.16029202001494494,0.23219792544841766
gcn,train,2022-05,country_380,country_372,1.1336053232949737,0.3338286578655243
gcn,train,2022-05,country_380,country_cn,0.196724500907441,0.23850220441818237
gcn,train,2022-05,country_380,country_de,0.5389691913236627,0.2734794020652771
gcn,train,2022-05,country_380,country_fr,-0.12772642118518165,0.2635748088359833
gcn,train,2022-05,country_380,country_gb,1.1769986093928124,0.2608310878276825
gcn,train,2022-05,country_380,country_in,-0.45721381179395604,0.21389269828796387
gcn,train,2022-05,country_380,country_jp,0.16779825148691604,0.25531449913978577
gcn,train,2022-05,country_380,country_kr,-0.3435292002650013,0.26862865686416626
gcn,train,2022-05,country_380,country_mx,0.12349212001249767,0.2342228889465332
gcn,train,2022-05,country_380,country_my,0.26470515057393834,0.28563615679740906
gcn,train,2022-05,country_380,country_ph,0.11847804048588693,0.24302926659584045
gcn,train,2022-05,country_380,country_sg,0.2782377552031371,0.22148537635803223
gcn,train,2022-05,country_380,country_th,0.32830772024919813,0.2570490837097168
gcn,train,2022-05,country_380,country_us,0.0508541500166192,0.30819281935691833
gcn,train,2022-05,country_380,country_vn,0.19785427017542526,0.22842825949192047
gcn,train,2022-05,country_cn,country_203,0.12274454619899655,0.26678478717803955
gcn,train,2022-05,country_cn,country_344,0.08418719171603974,0.2383739948272705
gcn,train,2022-05,country_cn,country_372,0.9456247116129003,0.33767926692962646
gcn,train,2022-05,country_cn,country_380,1.0449076439406753,0.22903555631637573
gcn,train,2022-05,country_cn,country_de,0.5237897333641638,0.287186861038208
gcn,train,2022-05,country_cn,country_fr,0.42321713702024727,0.28025615215301514
gcn,train,2022-05,country_cn,country_gb,0.9071288693098438,0.283136248588562
gcn,train,2022-05,country_cn,country_in,-0.4330953692882308,0.2360261082649231
gcn,train,2022-05,country_cn,country_jp,0.11761914500360056,0.2610052824020386
gcn,train,2022-05,country_cn,country_kr,0.15182245329129518,0.2838515639305115
gcn,train,2022-05,country_cn,country_mx,0.20001104821142093,0.23585082590579987
gcn,train,2022-05,country_cn,country_my,0.03761441182840012,0.2958356440067291
gcn,train,2022-05,country_cn,country_ph,0.26263221011180204,0.24600768089294434
gcn,train,2022-05,country_cn,country_sg,0.14361091846517499,0.23061859607696533
gcn,train,2022-05,country_cn,country_th,0.22923627139546984,0.275395929813385
gcn,train,2022-05,country_cn,country_us,0.35054566257324205,0.31540122628211975
gcn,train,2022-05,country_cn,country_vn,0.23977705525983092,0.2429026961326599
gcn,train,2022-05,country_de,country_203,0.16437482413585297,0.27379322052001953
gcn,train,2022-05,country_de,country_344,0.5877884491861298,0.247545063495636
gcn,train,2022-05,country_de,country_372,0.45904727627623393,0.346582293510437
gcn,train,2022-05,country_de,country_380,0.17348559998314014,0.24003686010837555
gcn,train,2022-05,country_de,country_cn,0.11441765028078299,0.25747087597846985
gcn,train,2022-05,country_de,country_fr,0.002004393269514422,0.2923595607280731
gcn,train,2022-05,country_de,country_gb,-0.7476705382909491,0.2913167476654053
gcn,train,2022-05,country_de,country_in,0.6449805098311153,0.24353733658790588
gcn,train,2022-05,country_de,country_jp,0.268702345422464,0.27328357100486755
gcn,train,2022-05,country_de,country_kr,0.17055051217819253,0.2950723469257355
gcn,train,2022-05,country_de,country_mx,0.3362124383712763,0.2447803020477295
gcn,train,2022-05,country_de,country_my,-0.03987282631868527,0.3016741871833801
gcn,train,2022-05,country_de,country_ph,-0.075872151782732,0.2614096999168396
gcn,train,2022-05,country_de,country_sg,-0.03680402241408125,0.2406235933303833
gcn,train,2022-05,country_de,country_th,0.2442332657668771,0.2829461097717285
gcn,train,2022-05,country_de,country_us,0.3409341210668978,0.3301822543144226
gcn,train,2022-05,country_de,country_vn,-0.41085745535172463,0.2405742108821869
gcn,train,2022-05,country_fr,country_203,-0.10880192842090493,0.2647976875305176
gcn,train,2022-05,country_fr,country_344,-0.10675990919668753,0.243027001619339
gcn,train,2022-05,country_fr,country_372,0.13797373326484,0.339949369430542
gcn,train,2022-05,country_fr,country_380,0.26198667010217747,0.23650133609771729
gcn,train,2022-05,country_fr,country_cn,0.16291442242558102,0.2521522641181946
gcn,train,2022-05,country_fr,country_de,0.1322112799461745,0.29611438512802124
gcn,train,2022-05,country_fr,country_gb,0.04937688685680097,0.28387823700904846
gcn,train,2022-05,country_fr,country_in,-0.20729131654437588,0.23789295554161072
gcn,train,2022-05,country_fr,country_jp,0.640520254411034,0.26861268281936646
gcn,train,2022-05,country_fr,country_kr,-0.10105662036712887,0.28852152824401855
gcn,train,2022-05,country_fr,country_mx,0.40391216280862596,0.24250009655952454
gcn,train,2022-05,country_fr,country_my,0.39387997710243156,0.2981344759464264
gcn,train,2022-05,country_fr,country_ph,0.038513641631138365,0.25295209884643555
gcn,train,2022-05,country_fr,country_sg,0.227415106326472,0.23625443875789642
gcn,train,2022-05,country_fr,country_th,0.12849998325030065,0.2777888774871826
gcn,train,2022-05,country_fr,country_us,0.17821340517271733,0.3237997889518738
gcn,train,2022-05,country_fr,country_vn,0.056171578793225534,0.23839010298252106
gcn,train,2022-05,country_gb,country_203,2.1063850132287523,0.261859655380249
gcn,train,2022-05,country_gb,country_344,0.6110588812774495,0.24354223906993866
gcn,train,2022-05,country_gb,country_372,-0.4851024583890162,0.34231245517730713
gcn,train,2022-05,country_gb,country_380,0.7887780878423931,0.229519784450531
gcn,train,2022-05,country_gb,country_cn,0.03326553009421987,0.2504650950431824
gcn,train,2022-05,country_gb,country_de,-0.08733811074331452,0.28961536288261414
gcn,train,2022-05,country_gb,country_fr,0.31111112358206827,0.28005024790763855
gcn,train,2022-05,country_gb,country_in,0.3003347009370024,0.23967242240905762
gcn,train,2022-05,country_gb,country_jp,0.16954347889632845,0.2661359906196594
gcn,train,2022-05,country_gb,country_kr,-0.3236462873094058,0.2846423387527466
gcn,train,2022-05,country_gb,country_mx,-0.0282283689925136,0.2415207326412201
gcn,train,2022-05,country_gb,country_my,-0.1210878513162076,0.29638928174972534
gcn,train,2022-05,country_gb,country_ph,0.8302857240031417,0.2498745620250702
gcn,train,2022-05,country_gb,country_sg,-0.3670647789592927,0.23289749026298523
gcn,train,2022-05,country_gb,country_th,0.017368309296366836,0.27422472834587097
gcn,train,2022-05,country_gb,country_us,0.1411561322153943,0.32463860511779785
gcn,train,2022-05,country_gb,country_vn,-0.24051589735985648,0.24042323231697083
gcn,train,2022-05,country_in,country_203,0.6679967893590184,0.22707825899124146
gcn,train,2022-05,country_in,country_344,1.0014305134760744,0.21376225352287292
gcn,train,2022-05,country_in,country_372,-0.4325837131787567,0.31532031297683716
gcn,train,2022-05,country_in,country_380,-0.05983791456366138,0.19754326343536377
gcn,train,2022-05,country_in,country_cn,-0.13126601741419375,0.2260734736919403
gcn,train,2022-05,country_in,country_de,1.0524997180736249,0.2601640820503235
gcn,train,2022-05,country_in,country_fr,0.7674568432045397,0.25027787685394287
gcn,train,2022-05,country_in,country_gb,0.280489126010725,0.249222993850708
gcn,train,2022-05,country_in,country_jp,0.7479507012357055,0.2416796237230301
gcn,train,2022-05,country_in,country_kr,-0.3202911485293826,0.25595492124557495
gcn,train,2022-05,country_in,country_mx,-0.05344125933545012,0.22071334719657898
gcn,train,2022-05,country_in,country_my,1.4182996114773485,0.2725657522678375
gcn,train,2022-05,country_in,country_ph,1.8534180382153107,0.22269320487976074
gcn,train,2022-05,country_in,country_sg,-0.14490300584607085,0.19783559441566467
gcn,train,2022-05,country_in,country_th,-0.5403276870643245,0.24387238919734955
gcn,train,2022-05,country_in,country_us,-0.2620284051707709,0.28882935643196106
gcn,train,2022-05,country_in,country_vn,-0.4864624582833528,0.22129978239536285
gcn,train,2022-05,country_jp,country_203,0.08196231295557031,0.2664380371570587
gcn,train,2022-05,country_jp,country_344,0.10908009177927316,0.23827804625034332
gcn,train,2022-05,country_jp,country_372,-0.23339934253383735,0.341983824968338
gcn,train,2022-05,country_jp,country_380,0.488588627824016,0.22251585125923157
gcn,train,2022-05,country_jp,country_cn,-0.1660396401607932,0.24557837843894958
gcn,train,2022-05,country_jp,country_de,0.08294518714950315,0.28949645161628723
gcn,train,2022-05,country_jp,country_fr,0.007724018588359821,0.2786823809146881
gcn,train,2022-05,country_jp,country_gb,0.438587685647558,0.27853095531463623
gcn,train,2022-05,country_jp,country_in,0.3177231876838046,0.23187091946601868
gcn,train,2022-05,country_jp,country_kr,0.047327250547894065,0.2856111526489258
gcn,train,2022-05,country_jp,country_mx,-0.07653636289994477,0.23153436183929443
gcn,train,2022-05,country_jp,country_my,-0.03362613230269536,0.30302414298057556
gcn,train,2022-05,country_jp,country_ph,-0.031648470401711155,0.2509639263153076
gcn,train,2022-05,country_jp,country_sg,0.6457052413933412,0.2313700169324875
gcn,train,2022-05,country_jp,country_th,0.09853152188576991,0.2756598889827728
gcn,train,2022-05,country_jp,country_us,-0.010066359329464423,0.3193221390247345
gcn,train,2022-05,country_jp,country_vn,0.24688865072082042,0.2398817539215088
gcn,train,2022-05,country_kr,country_203,0.2255874624301084,0.27415433526039124
gcn,train,2022-05,country_kr,country_344,-0.2566227039613387,0.25626078248023987
gcn,train,2022-05,country_kr,country_372,0.0851838848386706,0.3470759093761444
gcn,train,2022-05,country_kr,country_380,-0.40719574839351536,0.2386544644832611
gcn,train,2022-05,country_kr,country_cn,-0.06976757719004685,0.2634539306163788
gcn,train,2022-05,country_kr,country_de,0.058176490381749865,0.30230700969696045
gcn,train,2022-05,country_kr,country_fr,0.33638127318410266,0.2936162054538727
gcn,train,2022-05,country_kr,country_gb,0.695918313640298,0.29394030570983887
gcn,train,2022-05,country_kr,country_in,-0.1402359720058418,0.25310903787612915
gcn,train,2022-05,country_kr,country_jp,0.07831627588573571,0.2789117395877838
gcn,train,2022-05,country_kr,country_mx,0.061601704622973895,0.2505149245262146
gcn,train,2022-05,country_kr,country_my,0.051956274009264856,0.3106526732444763
gcn,train,2022-05,country_kr,country_ph,0.2695566628668856,0.2641735076904297
gcn,train,2022-05,country_kr,country_sg,0.4388523174883442,0.2466607689857483
gcn,train,2022-05,country_kr,country_th,0.06429635480272057,0.28938260674476624
gcn,train,2022-05,country_kr,country_us,0.023876099803888322,0.3391834497451782
gcn,train,2022-05,country_kr,country_vn,-0.053761727654082686,0.24483604729175568
gcn,train,2022-05,country_mx,country_203,0.1595067600966503,0.2591344714164734
gcn,train,2022-05,country_mx,country_344,-0.018322965391059563,0.23348401486873627
gcn,train,2022-05,country_mx,country_372,3.1166959368523357,0.33498209714889526
gcn,train,2022-05,country_mx,country_380,-0.42845733298118305,0.21877893805503845
gcn,train,2022-05,country_mx,country_cn,0.0050450165538212,0.24207767844200134
gcn,train,2022-05,country_mx,country_de,0.08978245975726168,0.28443247079849243
gcn,train,2022-05,country_mx,country_fr,2.3468781379609753,0.2751995027065277
gcn,train,2022-05,country_mx,country_gb,0.36282817793663014,0.27657464146614075
gcn,train,2022-05,country_mx,country_in,1.395693458740897,0.22620749473571777
gcn,train,2022-05,country_mx,country_jp,0.5739086645495405,0.2594233751296997
gcn,train,2022-05,country_mx,country_kr,1.6670984040668342,0.27996009588241577
gcn,train,2022-05,country_mx,country_my,2.2223003372704095,0.29307228326797485
gcn,train,2022-05,country_mx,country_ph,0.46234780595657876,0.24213634431362152
gcn,train,2022-05,country_mx,country_sg,0.693244533339318,0.22473327815532684
gcn,train,2022-05,country_mx,country_th,0.3105050038935643,0.2697660028934479
gcn,train,2022-05,country_mx,country_us,0.4492924907414918,0.3158871531486511
gcn,train,2022-05,country_mx,country_vn,1.5779651349008201,0.2288040816783905
gcn,train,2022-05,country_my,country_203,-0.1483218273651753,0.2780962884426117
gcn,train,2022-05,country_my,country_344,0.15495618191883456,0.26189541816711426
gcn,train,2022-05,country_my,country_372,-0.07899263245095968,0.3558715581893921
gcn,train,2022-05,country_my,country_380,0.39976707254982025,0.244465172290802
gcn,train,2022-05,country_my,country_cn,0.14518289958952144,0.2726145386695862
gcn,train,2022-05,country_my,country_de,0.16549136481443893,0.3089990019798279
gcn,train,2022-05,country_my,country_fr,0.32331963993765495,0.2999413013458252
gcn,train,2022-05,country_my,country_gb,1.5328993659902088,0.2997629642486572
gcn,train,2022-05,country_my,country_in,-0.22739738464847506,0.2529878616333008
gcn,train,2022-05,country_my,country_jp,0.08535663647829748,0.2853180170059204
gcn,train,2022-05,country_my,country_kr,0.037689701792302195,0.3032870292663574
gcn,train,2022-05,country_my,country_mx,-0.12813158849477943,0.2557545006275177
gcn,train,2022-05,country_my,country_ph,0.4496748606210921,0.2705593705177307
gcn,train,2022-05,country_my,country_sg,0.23141588625353948,0.25365614891052246
gcn,train,2022-05,country_my,country_th,0.03730209269772885,0.29356443881988525
gcn,train,2022-05,country_my,country_us,0.0013066567860908606,0.34902462363243103
gcn,train,2022-05,country_my,country_vn,0.29325401800250844,0.25242894887924194
gcn,train,2022-05,country_ph,country_203,-0.03310875375612917,0.2622832953929901
gcn,train,2022-05,country_ph,country_344,0.0493531867663803,0.23454883694648743
gcn,train,2022-05,country_ph,country_372,0.22053770369412162,0.342080295085907
gcn,train,2022-05,country_ph,country_380,2.0923455204006043,0.2183152139186859
gcn,train,2022-05,country_ph,country_cn,0.071642861917986,0.2419397085905075
gcn,train,2022-05,country_ph,country_de,0.11645687088627922,0.286275178194046
gcn,train,2022-05,country_ph,country_fr,0.20266762699193683,0.2795305848121643
gcn,train,2022-05,country_ph,country_gb,0.9813734218320014,0.27728578448295593
gcn,train,2022-05,country_ph,country_in,-0.04329844398500126,0.228920578956604
gcn,train,2022-05,country_ph,country_jp,0.19042792243784437,0.2611505091190338
gcn,train,2022-05,country_ph,country_kr,0.15604298483551676,0.28106892108917236
gcn,train,2022-05,country_ph,country_mx,0.4368031880147017,0.23211094737052917
gcn,train,2022-05,country_ph,country_my,0.2700150054421244,0.2978406846523285
gcn,train,2022-05,country_ph,country_sg,0.2813555268524819,0.22655658423900604
gcn,train,2022-05,country_ph,country_th,0.35912971732424703,0.27149730920791626
gcn,train,2022-05,country_ph,country_us,0.40920517892799824,0.31331339478492737
gcn,train,2022-05,country_ph,country_vn,0.5308360485194721,0.22664275765419006
gcn,train,2022-05,country_sg,country_203,-0.3298370047868974,0.24383588135242462
gcn,train,2022-05,country_sg,country_344,0.2046833435484142,0.22833487391471863
gcn,train,2022-05,country_sg,country_372,-0.10195595511019483,0.3331180810928345
gcn,train,2022-05,country_sg,country_380,0.7240979734673529,0.20997872948646545
gcn,train,2022-05,country_sg,country_cn,-0.11809013358931553,0.23094961047172546
gcn,train,2022-05,country_sg,country_de,0.391879138376666,0.27428188920021057
gcn,train,2022-05,country_sg,country_fr,-0.25920359514159336,0.2638740837574005
gcn,train,2022-05,country_sg,country_gb,-0.05849772708807745,0.2606555223464966
gcn,train,2022-05,country_sg,country_in,-0.08215391616722989,0.2224435806274414
gcn,train,2022-05,country_sg,country_jp,0.04602860564336228,0.2518978714942932
gcn,train,2022-05,country_sg,country_kr,0.35868910021575595,0.2729994058609009
gcn,train,2022-05,country_sg,country_mx,-0.13762024728338254,0.22887831926345825
gcn,train,2022-05,country_sg,country_my,0.223099860581899,0.29040175676345825
gcn,train,2022-05,country_sg,country_ph,-0.01066434848560159,0.23613899946212769
gcn,train,2022-05,country_sg,country_th,0.15281877367851862,0.2577016055583954
gcn,train,2022-05,country_sg,country_us,0.18736299500046874,0.30794578790664673
gcn,train,2022-05,country_sg,country_vn,0.03644016651330062,0.22460617125034332
gcn,train,2022-05,country_th,country_203,0.26566815953232276,0.2653852701187134
gcn,train,2022-05,country_th,country_344,0.08605042083906113,0.24263134598731995
gcn,train,2022-05,country_th,country_372,-0.07095591813935531,0.34172457456588745
gcn,train,2022-05,country_th,country_380,0.5445410105182297,0.22930572926998138
gcn,train,2022-05,country_th,country_cn,0.1347313757749551,0.2528449594974518
gcn,train,2022-05,country_th,country_de,0.33350025010940454,0.2938689589500427
gcn,train,2022-05,country_th,country_fr,0.7022834666098667,0.28354841470718384
gcn,train,2022-05,country_th,country_gb,1.0336557549225935,0.2857440710067749
gcn,train,2022-05,country_th,country_in,1.235649732636599,0.236296147108078
gcn,train,2022-05,country_th,country_jp,0.16856220835642954,0.267769455909729
gcn,train,2022-05,country_th,country_kr,0.2950356176175936,0.2905568480491638
gcn,train,2022-05,country_th,country_mx,0.3353166184125308,0.2372899353504181
gcn,train,2022-05,country_th,country_my,0.2885620822351013,0.30385416746139526
gcn,train,2022-05,country_th,country_ph,-0.020372982708375963,0.2517107427120209
gcn,train,2022-05,country_th,country_sg,0.44014272130683696,0.23481987416744232
gcn,train,2022-05,country_th,country_us,0.3895097782253734,0.32914185523986816
gcn,train,2022-05,country_th,country_vn,0.016317257558743213,0.23222747445106506
gcn,train,2022-05,country_us,country_203,0.08414982592793864,0.23685364425182343
gcn,train,2022-05,country_us,country_344,0.17787935860015522,0.21782298386096954
gcn,train,2022-05,country_us,country_372,0.2726875693258055,0.3179808259010315
gcn,train,2022-05,country_us,country_380,0.7481643155663111,0.20455138385295868
gcn,train,2022-05,country_us,country_cn,-0.09668744567893872,0.2278013527393341
gcn,train,2022-05,country_us,country_de,0.46426631044484473,0.26570039987564087
gcn,train,2022-05,country_us,country_fr,-0.044009502056667975,0.2611527442932129
gcn,train,2022-05,country_us,country_gb,0.22310234168063248,0.25625258684158325
gcn,train,2022-05,country_us,country_in,0.2829463894615958,0.2252621352672577
gcn,train,2022-05,country_us,country_jp,-0.005167294792263568,0.24300029873847961
gcn,train,2022-05,country_us,country_kr,0.11797308272431421,0.2603492736816406
gcn,train,2022-05,country_us,country_mx,0.16282893729130582,0.21337909996509552
gcn,train,2022-05,country_us,country_my,0.1472686008694023,0.2776848077774048
gcn,train,2022-05,country_us,country_ph,0.04825785900809986,0.23171785473823547
gcn,train,2022-05,country_us,country_sg,-0.17315286102145264,0.21181371808052063
gcn,train,2022-05,country_us,country_th,0.016266030404853766,0.24988803267478943
gcn,train,2022-05,country_us,country_vn,-0.04943654351461373,0.20849868655204773
gcn,train,2022-05,country_vn,country_203,-0.643370718404602,0.2593386173248291
gcn,train,2022-05,country_vn,country_344,0.466718998606044,0.24198362231254578
gcn,train,2022-05,country_vn,country_372,0.48436918406549484,0.3318609297275543
gcn,train,2022-05,country_vn,country_380,-0.12138070764270303,0.228243887424469
gcn,train,2022-05,country_vn,country_cn,0.5109163787468827,0.2502303123474121
gcn,train,2022-05,country_vn,country_de,0.450780662039868,0.2853441834449768
gcn,train,2022-05,country_vn,country_fr,1.525600285406668,0.2779149115085602
gcn,train,2022-05,country_vn,country_gb,0.5939068539453057,0.277357280254364
gcn,train,2022-05,country_vn,country_in,1.9152334220318343,0.23481103777885437
gcn,train,2022-05,country_vn,country_jp,0.2354110144995466,0.26145240664482117
gcn,train,2022-05,country_vn,country_kr,0.09252849152448886,0.28057795763015747
gcn,train,2022-05,country_vn,country_mx,-0.008504382574741384,0.23985004425048828
gcn,train,2022-05,country_vn,country_my,1.0373022976486723,0.29786452651023865
gcn,train,2022-05,country_vn,country_ph,-0.0974170125954361,0.2450631558895111
gcn,train,2022-05,country_vn,country_sg,0.3039138035147475,0.23163959383964539
gcn,train,2022-05,country_vn,country_th,1.0937856941768096,0.2748714089393616
gcn,train,2022-05,country_vn,country_us,0.2836293604206495,0.32170504331588745
gcn,train,2022-06,country_203,country_344,-0.8294593213374865,0.17622411251068115
gcn,train,2022-06,country_203,country_372,0.118449577398287,0.19019284844398499
gcn,train,2022-06,country_203,country_380,0.697989910790517,0.3075510263442993
gcn,train,2022-06,country_203,country_cn,-0.3021963350288577,0.21636788547039032
gcn,train,2022-06,country_203,country_de,-0.26623605295027175,0.2253136783838272
gcn,train,2022-06,country_203,country_fr,-0.688796509956022,0.2062092423439026
gcn,train,2022-06,country_203,country_gb,-0.6140791058541594,0.21302863955497742
gcn,train,2022-06,country_203,country_in,0.7456176680901231,0.16234400868415833
gcn,train,2022-06,country_203,country_jp,0.5794526211244204,0.20005716383457184
gcn,train,2022-06,country_203,country_kr,1.1383517100301046,0.2109515219926834
gcn,train,2022-06,country_203,country_mx,-0.32590551080478963,0.20222437381744385
gcn,train,2022-06,country_203,country_my,-0.16691483824735612,0.20103128254413605
gcn,train,2022-06,country_203,country_ph,-0.4644218551461245,0.22026054561138153
gcn,train,2022-06,country_203,country_sg,-0.3161843269593384,0.22352170944213867
gcn,train,2022-06,country_203,country_th,-0.10292861757851264,0.20075933635234833
gcn,train,2022-06,country_203,country_us,-0.047329640959856444,0.24702021479606628
gcn,train,2022-06,country_203,country_vn,-0.36424246199380855,0.1642393320798874
gcn,train,2022-06,country_344,country_203,-0.4401047678650071,0.1703301966190338
gcn,train,2022-06,country_344,country_372,0.3548181177726481,0.20019590854644775
gcn,train,2022-06,country_344,country_380,0.9238643741525159,0.3141106963157654
gcn,train,2022-06,country_344,country_cn,-0.24872352397801273,0.22170299291610718
gcn,train,2022-06,country_344,country_de,1.1171658377959897,0.2324156016111374
gcn,train,2022-06,country_344,country_fr,0.9334942520987222,0.209689199924469
gcn,train,2022-06,country_344,country_gb,0.23689432639908997,0.2215835452079773
gcn,train,2022-06,country_344,country_in,-0.20305958986876424,0.1880704164505005
gcn,train,2022-06,country_344,country_jp,0.7854557975738709,0.2058662623167038
gcn,train,2022-06,country_344,country_kr,0.5412170539994564,0.2192877233028412
gcn,train,2022-06,country_344,country_mx,0.43685493651346974,0.212784081697464
gcn,train,2022-06,country_344,country_my,-0.3993590744779599,0.20127752423286438
gcn,train,2022-06,country_344,country_ph,0.2972853796734984,0.2369357794523239
gcn,train,2022-06,country_344,country_sg,0.15442717601890327,0.23386608064174652
gcn,train,2022-06,country_344,country_th,0.22139821903367826,0.21056456863880157
gcn,train,2022-06,country_344,country_us,0.36747829396798176,0.26071733236312866
gcn,train,2022-06,country_344,country_vn,-0.5488681974778195,0.17798985540866852
gcn,train,2022-06,country_372,country_203,-0.01563435533683898,0.1366657316684723
gcn,train,2022-06,country_372,country_344,0.5103754918485313,0.14961755275726318
gcn,train,2022-06,country_372,country_380,-0.31854215777430017,0.2747665047645569
gcn,train,2022-06,country_372,country_cn,-0.03491658833754335,0.19625608623027802
gcn,train,2022-06,country_372,country_de,2.8815478297994455,0.1965533196926117
gcn,train,2022-06,country_372,country_fr,-0.41498578382353174,0.1837206780910492
gcn,train,2022-06,country_372,country_gb,-0.9244994347344795,0.19288870692253113
gcn,train,2022-06,country_372,country_in,1.7319974967063703,0.1384304016828537
gcn,train,2022-06,country_372,country_jp,-0.2625557621814516,0.18311387300491333
gcn,train,2022-06,country_372,country_kr,-0.5637049393067608,0.18237555027008057
gcn,train,2022-06,country_372,country_mx,-0.3643122099610436,0.16756437718868256
gcn,train,2022-06,country_372,country_my,0.35789237692284004,0.16628898680210114
gcn,train,2022-06,country_372,country_ph,0.6323787927161679,0.194432333111763
gcn,train,2022-06,country_372,country_sg,0.023119518659833315,0.19044645130634308
gcn,train,2022-06,country_372,country_th,-0.4416256733435495,0.1722010225057602
gcn,train,2022-06,country_372,country_us,0.02074041249613872,0.23115193843841553
gcn,train,2022-06,country_372,country_vn,-0.43584666370943986,0.13577617704868317
gcn,train,2022-06,country_380,country_203,-0.28395235208389374,0.21321649849414825
gcn,train,2022-06,country_380,country_344,0.19889240024779323,0.2222720980644226
gcn,train,2022-06,country_380,country_372,0.4231212745488511,0.241018146276474
gcn,train,2022-06,country_380,country_cn,0.16274462520236307,0.257776141166687
gcn,train,2022-06,country_380,country_de,-0.19565200272562921,0.2740498483181
gcn,train,2022-06,country_380,country_fr,-0.28631102944401005,0.25205957889556885
gcn,train,2022-06,country_380,country_gb,-0.05599806453731522,0.2559322714805603
gcn,train,2022-06,country_380,country_in,0.023778528911809458,0.21950793266296387
gcn,train,2022-06,country_380,country_jp,0.2058317751756327,0.24208390712738037
gcn,train,2022-06,country_380,country_kr,-0.16679191893972495,0.2510799765586853
gcn,train,2022-06,country_380,country_mx,-0.008637527556828594,0.24493557214736938
gcn,train,2022-06,country_380,country_my,0.38227819757962916,0.24700576066970825
gcn,train,2022-06,country_380,country_ph,0.00698127532938093,0.27217358350753784
gcn,train,2022-06,country_380,country_sg,0.3932233553760266,0.273440420627594
gcn,train,2022-06,country_380,country_th,0.11132369917634743,0.24730198085308075
gcn,train,2022-06,country_380,country_us,-0.10169104694862995,0.3039815425872803
gcn,train,2022-06,country_380,country_vn,0.1341181744391671,0.21529030799865723
gcn,train,2022-06,country_cn,country_203,-0.2686022431802931,0.1850002408027649
gcn,train,2022-06,country_cn,country_344,-0.08476750699051817,0.19646532833576202
gcn,train,2022-06,country_cn,country_372,3.3561897350550556,0.23938626050949097
gcn,train,2022-06,country_cn,country_380,0.7975531989492972,0.3254454731941223
gcn,train,2022-06,country_cn,country_de,0.46724502512693084,0.2543591856956482
gcn,train,2022-06,country_cn,country_fr,0.49304878978679184,0.21982838213443756
gcn,train,2022-06,country_cn,country_gb,0.4969372602923794,0.23664003610610962
gcn,train,2022-06,country_cn,country_in,-0.37571408436348197,0.194972425699234
gcn,train,2022-06,country_cn,country_jp,-0.003916565046487635,0.21568430960178375
gcn,train,2022-06,country_cn,country_kr,0.03509244364807541,0.23306579887866974
gcn,train,2022-06,country_cn,country_mx,0.27460428120926694,0.21936139464378357
gcn,train,2022-06,country_cn,country_my,0.06466098791651441,0.22174927592277527
gcn,train,2022-06,country_cn,country_ph,0.20384144462405376,0.2563268542289734
gcn,train,2022-06,country_cn,country_sg,0.2508224764147384,0.25127744674682617
gcn,train,2022-06,country_cn,country_th,0.18729503008837456,0.22475898265838623
gcn,train,2022-06,country_cn,country_us,0.03910224911437033,0.2941579818725586
gcn,train,2022-06,country_cn,country_vn,0.20673686660055499,0.21036778390407562
gcn,train,2022-06,country_de,country_203,-0.18133509184843066,0.1872951090335846
gcn,train,2022-06,country_de,country_344,0.8321931689575303,0.19863271713256836
gcn,train,2022-06,country_de,country_372,0.8155144001575068,0.2358800172805786
gcn,train,2022-06,country_de,country_380,0.07936228945167381,0.32500869035720825
gcn,train,2022-06,country_de,country_cn,0.13220750042538026,0.23619110882282257
gcn,train,2022-06,country_de,country_fr,-0.1474134711367394,0.22795958817005157
gcn,train,2022-06,country_de,country_gb,-0.5869363770530525,0.2376379817724228
gcn,train,2022-06,country_de,country_in,0.37792223920193024,0.1987004578113556
gcn,train,2022-06,country_de,country_jp,0.17066676521005844,0.22004297375679016
gcn,train,2022-06,country_de,country_kr,0.2777083444748322,0.23202849924564362
gcn,train,2022-06,country_de,country_mx,0.25362170679142915,0.22580194473266602
gcn,train,2022-06,country_de,country_my,-0.06770963241934942,0.22052817046642303
gcn,train,2022-06,country_de,country_ph,-0.0004338373279731703,0.25984475016593933
gcn,train,2022-06,country_de,country_sg,-0.011697331887313063,0.25473034381866455
gcn,train,2022-06,country_de,country_th,0.06743844084006496,0.22249829769134521
gcn,train,2022-06,country_de,country_us,0.17029818884984202,0.29510122537612915
gcn,train,2022-06,country_de,country_vn,0.014736486063394425,0.2009379267692566
gcn,train,2022-06,country_fr,country_203,0.007161845964093666,0.17363770306110382
gcn,train,2022-06,country_fr,country_344,0.11087588299014617,0.18647214770317078
gcn,train,2022-06,country_fr,country_372,0.8135671262730763,0.2286587655544281
gcn,train,2022-06,country_fr,country_380,-0.08508133388856985,0.3206115961074829
gcn,train,2022-06,country_fr,country_cn,0.0051211620841160365,0.22234001755714417
gcn,train,2022-06,country_fr,country_de,0.17529411031429734,0.24317267537117004
gcn,train,2022-06,country_fr,country_gb,-0.36838424053583557,0.22500079870224
gcn,train,2022-06,country_fr,country_in,0.3818024235928473,0.1861383616924286
gcn,train,2022-06,country_fr,country_jp,0.02984032438590747,0.20720037817955017
gcn,train,2022-06,country_fr,country_kr,0.054093599388775906,0.21861973404884338
gcn,train,2022-06,country_fr,country_mx,0.6399115142772779,0.21654924750328064
gcn,train,2022-06,country_fr,country_my,0.29213134266158935,0.20810341835021973
gcn,train,2022-06,country_fr,country_ph,-0.01026274259842377,0.2428867220878601
gcn,train,2022-06,country_fr,country_sg,0.13895977094329068,0.24257224798202515
gcn,train,2022-06,country_fr,country_th,-0.164398216686691,0.20845697820186615
gcn,train,2022-06,country_fr,country_us,-0.1420495648931704,0.28369027376174927
gcn,train,2022-06,country_fr,country_vn,0.4233352317063439,0.1907227784395218
gcn,train,2022-06,country_gb,country_203,-0.4270917461086226,0.1705552637577057
gcn,train,2022-06,country_gb,country_344,0.16251966176651628,0.1848793476819992
gcn,train,2022-06,country_gb,country_372,-0.9589611830934142,0.22776839137077332
gcn,train,2022-06,country_gb,country_380,0.7040964449250265,0.31642913818359375
gcn,train,2022-06,country_gb,country_cn,0.004187000379115247,0.2206065058708191
gcn,train,2022-06,country_gb,country_de,-0.10487352832860923,0.23727093636989594
gcn,train,2022-06,country_gb,country_fr,-0.10068243136283726,0.21033735573291779
gcn,train,2022-06,country_gb,country_in,0.4316397998980941,0.1854633390903473
gcn,train,2022-06,country_gb,country_jp,0.030342595549034998,0.20402705669403076
gcn,train,2022-06,country_gb,country_kr,-0.1450310310455971,0.21726682782173157
gcn,train,2022-06,country_gb,country_mx,-0.05989625207971673,0.21416765451431274
gcn,train,2022-06,country_gb,country_my,0.19943688782307353,0.19630131125450134
gcn,train,2022-06,country_gb,country_ph,1.0379077599267306,0.23210132122039795
gcn,train,2022-06,country_gb,country_sg,-0.1165457990357343,0.2377496361732483
gcn,train,2022-06,country_gb,country_th,0.03938368284177184,0.20625519752502441
gcn,train,2022-06,country_gb,country_us,0.07978875413094316,0.2797912359237671
gcn,train,2022-06,country_gb,country_vn,0.4610997642233792,0.190024271607399
gcn,train,2022-06,country_in,country_203,-0.838180980847202,0.15190023183822632
gcn,train,2022-06,country_in,country_344,0.456647344715164,0.16972756385803223
gcn,train,2022-06,country_in,country_372,48.213780408889924,0.18342044949531555
gcn,train,2022-06,country_in,country_380,-0.5355898721487542,0.29532337188720703
gcn,train,2022-06,country_in,country_cn,-0.2661924376782513,0.21278581023216248
gcn,train,2022-06,country_in,country_de,-0.08087215703830528,0.21904784440994263
gcn,train,2022-06,country_in,country_fr,-0.12214655490775922,0.2011047899723053
gcn,train,2022-06,country_in,country_gb,0.2665778977228046,0.2086986005306244
gcn,train,2022-06,country_in,country_jp,0.09262833887723977,0.19461171329021454
gcn,train,2022-06,country_in,country_kr,-0.5199120326313206,0.20821049809455872
gcn,train,2022-06,country_in,country_mx,0.5782583051860002,0.19695907831192017
gcn,train,2022-06,country_in,country_my,0.9864417344644412,0.19410331547260284
gcn,train,2022-06,country_in,country_ph,0.9257048551748673,0.2124132215976715
gcn,train,2022-06,country_in,country_sg,0.13564615474271696,0.21913479268550873
gcn,train,2022-06,country_in,country_th,-0.5547541796296617,0.19793975353240967
gcn,train,2022-06,country_in,country_us,1.2577681029584042,0.2513328194618225
gcn,train,2022-06,country_in,country_vn,-0.1560344748125923,0.17212757468223572
gcn,train,2022-06,country_jp,country_203,-0.18695723545080556,0.18727481365203857
gcn,train,2022-06,country_jp,country_344,-0.01346156928994777,0.2002263367176056
gcn,train,2022-06,country_jp,country_372,0.42068473833786596,0.23191507160663605
gcn,train,2022-06,country_jp,country_380,0.03084802060811404,0.3224368989467621
gcn,train,2022-06,country_jp,country_cn,-0.10975384611723638,0.23473450541496277
gcn,train,2022-06,country_jp,country_de,-0.060998824520070355,0.25274375081062317
gcn,train,2022-06,country_jp,country_fr,-0.12491577421444014,0.22351360321044922
gcn,train,2022-06,country_jp,country_gb,0.2900017424137549,0.23621027171611786
gcn,train,2022-06,country_jp,country_in,0.05950689859491477,0.19681289792060852
gcn,train,2022-06,country_jp,country_kr,0.36909784336203,0.2310911864042282
gcn,train,2022-06,country_jp,country_mx,-0.08472541248694734,0.2256363183259964
gcn,train,2022-06,country_jp,country_my,0.19126258624841608,0.22227272391319275
gcn,train,2022-06,country_jp,country_ph,-0.03496677204487046,0.2576597034931183
gcn,train,2022-06,country_jp,country_sg,0.5858496849335398,0.25331181287765503
gcn,train,2022-06,country_jp,country_th,-0.07631933521535174,0.22323854267597198
gcn,train,2022-06,country_jp,country_us,0.03225687234585347,0.2951393723487854
gcn,train,2022-06,country_jp,country_vn,-0.07080460728128873,0.19808119535446167
gcn,train,2022-06,country_kr,country_203,0.19361730390607326,0.17396941781044006
gcn,train,2022-06,country_kr,country_344,-0.15260015207731678,0.18854738771915436
gcn,train,2022-06,country_kr,country_372,0.41794491861898536,0.22339776158332825
gcn,train,2022-06,country_kr,country_380,1.1881785717901598,0.3170647919178009
gcn,train,2022-06,country_kr,country_cn,-0.01629177449116428,0.2258044183254242
gcn,train,2022-06,country_kr,country_de,-0.017265996975381746,0.24208669364452362
gcn,train,2022-06,country_kr,country_fr,1.058794259938969,0.2157307118177414
gcn,train,2022-06,country_kr,country_gb,0.10350954205904163,0.22651146352291107
gcn,train,2022-06,country_kr,country_in,0.20873362476346782,0.18692967295646667
gcn,train,2022-06,country_kr,country_jp,-0.1571109799998845,0.20922337472438812
gcn,train,2022-06,country_kr,country_mx,0.16170472705083555,0.213918536901474
gcn,train,2022-06,country_kr,country_my,-0.04735907019215549,0.21161377429962158
gcn,train,2022-06,country_kr,country_ph,0.02030574726902224,0.2462010681629181
gcn,train,2022-06,country_kr,country_sg,0.45815327694097624,0.2431768923997879
gcn,train,2022-06,country_kr,country_th,-0.038920925744130565,0.21316611766815186
gcn,train,2022-06,country_kr,country_us,-0.10323193049130715,0.2925092577934265
gcn,train,2022-06,country_kr,country_vn,0.024940108023221705,0.1861792653799057
gcn,train,2022-06,country_mx,country_203,0.16215665125075726,0.18280740082263947
gcn,train,2022-06,country_mx,country_344,-0.15393033848941168,0.19621892273426056
gcn,train,2022-06,country_mx,country_372,0.16978827216297174,0.22487154603004456
gcn,train,2022-06,country_mx,country_380,0.7294311147343924,0.31700757145881653
gcn,train,2022-06,country_mx,country_cn,-0.2269032573775643,0.23301222920417786
gcn,train,2022-06,country_mx,country_de,0.15751854162825518,0.25316280126571655
gcn,train,2022-06,country_mx,country_fr,-0.4143565953377345,0.2237211912870407
gcn,train,2022-06,country_mx,country_gb,0.2988712436533889,0.23158445954322815
gcn,train,2022-06,country_mx,country_in,2.071317829866873,0.19104509055614471
gcn,train,2022-06,country_mx,country_jp,0.4250299211884483,0.21569068729877472
gcn,train,2022-06,country_mx,country_kr,-0.06592140584155765,0.22834300994873047
gcn,train,2022-06,country_mx,country_my,0.9105663142149643,0.21751292049884796
gcn,train,2022-06,country_mx,country_ph,1.0488899774204263,0.24871084094047546
gcn,train,2022-06,country_mx,country_sg,0.19898228915208335,0.2520706057548523
gcn,train,2022-06,country_mx,country_th,0.644166899641921,0.21857905387878418
gcn,train,2022-06,country_mx,country_us,-0.22453554247761487,0.2951355576515198
gcn,train,2022-06,country_mx,country_vn,2.0737039929464225,0.19945718348026276
gcn,train,2022-06,country_my,country_203,-0.3139943003456255,0.1701146513223648
gcn,train,2022-06,country_my,country_344,0.05079555994001146,0.18565253913402557
gcn,train,2022-06,country_my,country_372,-0.05996024256616239,0.22463016211986542
gcn,train,2022-06,country_my,country_380,0.6679773211944959,0.31682467460632324
gcn,train,2022-06,country_my,country_cn,-0.006850315798440275,0.22345557808876038
gcn,train,2022-06,country_my,country_de,0.095527359681938,0.24042126536369324
gcn,train,2022-06,country_my,country_fr,0.4736595289455846,0.2139120101928711
gcn,train,2022-06,country_my,country_gb,1.4176418669604718,0.22469717264175415
gcn,train,2022-06,country_my,country_in,-0.029854115407645,0.18376553058624268
gcn,train,2022-06,country_my,country_jp,0.0558610568558704,0.2056240439414978
gcn,train,2022-06,country_my,country_kr,0.14449702937894188,0.21953001618385315
gcn,train,2022-06,country_my,country_mx,0.08405178597593933,0.21199654042720795
gcn,train,2022-06,country_my,country_ph,0.11257904589484334,0.2422591894865036
gcn,train,2022-06,country_my,country_sg,0.1281461170433388,0.24037902057170868
gcn,train,2022-06,country_my,country_th,0.14914039482988725,0.21067512035369873
gcn,train,2022-06,country_my,country_us,-0.2777647625753562,0.29044264554977417
gcn,train,2022-06,country_my,country_vn,0.12792604321196097,0.18466004729270935
gcn,train,2022-06,country_ph,country_203,0.027768586371870112,0.18445062637329102
gcn,train,2022-06,country_ph,country_344,0.03113801268905492,0.19878734648227692
gcn,train,2022-06,country_ph,country_372,0.16062277453267865,0.2313317358493805
gcn,train,2022-06,country_ph,country_380,0.06106636926543675,0.3208222985267639
gcn,train,2022-06,country_ph,country_cn,-0.003498438405066276,0.23628512024879456
gcn,train,2022-06,country_ph,country_de,0.23703541314284698,0.2536121606826782
gcn,train,2022-06,country_ph,country_fr,0.2508652556174684,0.22651925683021545
gcn,train,2022-06,country_ph,country_gb,0.5780151446112743,0.23519402742385864
gcn,train,2022-06,country_ph,country_in,0.22849077077437893,0.19835609197616577
gcn,train,2022-06,country_ph,country_jp,0.18999769759198867,0.21871283650398254
gcn,train,2022-06,country_ph,country_kr,0.304828953417488,0.2318461835384369
gcn,train,2022-06,country_ph,country_mx,0.3209816927420061,0.22398999333381653
gcn,train,2022-06,country_ph,country_my,0.00012307246868457317,0.2184525430202484
gcn,train,2022-06,country_ph,country_sg,0.3285868043037854,0.25429394841194153
gcn,train,2022-06,country_ph,country_th,0.1329346519703376,0.2227490395307541
gcn,train,2022-06,country_ph,country_us,0.2702110436399965,0.2917785048484802
gcn,train,2022-06,country_ph,country_vn,0.13646077140394863,0.19895164668560028
gcn,train,2022-06,country_sg,country_203,-0.3329357379541674,0.18628965318202972
gcn,train,2022-06,country_sg,country_344,-0.12967935672840827,0.2036086767911911
gcn,train,2022-06,country_sg,country_372,-0.2639043278904797,0.23546575009822845
gcn,train,2022-06,country_sg,country_380,0.531455186542137,0.32345086336135864
gcn,train,2022-06,country_sg,country_cn,-0.020803555005409622,0.23775643110275269
gcn,train,2022-06,country_sg,country_de,0.18530641498967124,0.25776684284210205
gcn,train,2022-06,country_sg,country_fr,0.251125825692386,0.22825831174850464
gcn,train,2022-06,country_sg,country_gb,0.16282463949621473,0.23906829953193665
gcn,train,2022-06,country_sg,country_in,0.05333348613436418,0.20463630557060242
gcn,train,2022-06,country_sg,country_jp,0.0955430780084735,0.22208726406097412
gcn,train,2022-06,country_sg,country_kr,0.14678476595461115,0.23403587937355042
gcn,train,2022-06,country_sg,country_mx,0.09829392868852978,0.22775223851203918
gcn,train,2022-06,country_sg,country_my,0.07324995309986757,0.22464673221111298
gcn,train,2022-06,country_sg,country_ph,0.09676289037195135,0.26137828826904297
gcn,train,2022-06,country_sg,country_th,0.09168149308384188,0.22537341713905334
gcn,train,2022-06,country_sg,country_us,0.12272557014739163,0.2999321222305298
gcn,train,2022-06,country_sg,country_vn,-0.22554586150262154,0.20289930701255798
gcn,train,2022-06,country_th,country_203,0.21612652486525438,0.17288224399089813
gcn,train,2022-06,country_th,country_344,-0.023011073380161624,0.18739473819732666
gcn,train,2022-06,country_th,country_372,1.8886561742049381,0.2266674041748047
gcn,train,2022-06,country_th,country_380,0.5518501572737626,0.31792744994163513
gcn,train,2022-06,country_th,country_cn,0.029444142177621018,0.22533421218395233
gcn,train,2022-06,country_th,country_de,0.20047114837476798,0.2415866255760193
gcn,train,2022-06,country_th,country_fr,0.4867496903293396,0.2134413868188858
gcn,train,2022-06,country_th,country_gb,0.4656439881840346,0.22469821572303772
gcn,train,2022-06,country_th,country_in,2.4705038075194268,0.1844138354063034
gcn,train,2022-06,country_th,country_jp,0.15302480265901713,0.20772084593772888
gcn,train,2022-06,country_th,country_kr,0.14748751104289545,0.221596360206604
gcn,train,2022-06,country_th,country_mx,0.20436245891684235,0.2145303338766098
gcn,train,2022-06,country_th,country_my,0.11311234683298377,0.21139049530029297
gcn,train,2022-06,country_th,country_ph,-0.020100643555496497,0.2431289255619049
gcn,train,2022-06,country_th,country_sg,0.23737777554690573,0.24172261357307434
gcn,train,2022-06,country_th,country_us,0.2217781585641363,0.2929629683494568
gcn,train,2022-06,country_th,country_vn,-0.004810010890453509,0.18728604912757874
gcn,train,2022-06,country_us,country_203,0.06203223680630229,0.14434814453125
gcn,train,2022-06,country_us,country_344,-0.2331860687805084,0.1523982733488083
gcn,train,2022-06,country_us,country_372,0.14785264379670776,0.19091777503490448
gcn,train,2022-06,country_us,country_380,-0.023189455368230173,0.27982625365257263
gcn,train,2022-06,country_us,country_cn,-0.17730756987235502,0.18994459509849548
gcn,train,2022-06,country_us,country_de,-0.07286220932318321,0.20975692570209503
gcn,train,2022-06,country_us,country_fr,-0.278523505835932,0.18599820137023926
gcn,train,2022-06,country_us,country_gb,0.053468985931338205,0.19214218854904175
gcn,train,2022-06,country_us,country_in,-0.0795042635434331,0.16863428056240082
gcn,train,2022-06,country_us,country_jp,-0.06717268983025179,0.1775202602148056
gcn,train,2022-06,country_us,country_kr,-0.03283095487809204,0.18788090348243713
gcn,train,2022-06,country_us,country_mx,0.2197344080229239,0.1807735115289688
gcn,train,2022-06,country_us,country_my,0.08448775205008001,0.18056225776672363
gcn,train,2022-06,country_us,country_ph,0.01793899321844897,0.21457244455814362
gcn,train,2022-06,country_us,country_sg,-0.19524692416149103,0.20952577888965607
gcn,train,2022-06,country_us,country_th,0.0937935562967312,0.17788942158222198
gcn,train,2022-06,country_us,country_vn,-0.4870246848459278,0.1538839489221573
gcn,train,2022-06,country_vn,country_203,-0.5394954025402341,0.1559896469116211
gcn,train,2022-06,country_vn,country_344,-0.16778904972963665,0.17232853174209595
gcn,train,2022-06,country_vn,country_372,0.4095387233635551,0.18724749982357025
gcn,train,2022-06,country_vn,country_380,0.013838963271226915,0.2958466112613678
gcn,train,2022-06,country_vn,country_cn,-0.0327934851449601,0.20896509289741516
gcn,train,2022-06,country_vn,country_de,0.4472593785385392,0.2244565635919571
gcn,train,2022-06,country_vn,country_fr,1.3827738287039424,0.19724738597869873
gcn,train,2022-06,country_vn,country_gb,2.1848236766618947,0.20796221494674683
gcn,train,2022-06,country_vn,country_in,0.1664521606921124,0.16237498819828033
gcn,train,2022-06,country_vn,country_jp,-0.10911992629299126,0.19061464071273804
gcn,train,2022-06,country_vn,country_kr,-0.23038103396343018,0.2059241682291031
gcn,train,2022-06,country_vn,country_mx,0.10280907071164938,0.20130428671836853
gcn,train,2022-06,country_vn,country_my,-0.26117844967098497,0.19231826066970825
gcn,train,2022-06,country_vn,country_ph,-0.0782829968724804,0.21436062455177307
gcn,train,2022-06,country_vn,country_sg,-0.39913673087430396,0.2203940898180008
gcn,train,2022-06,country_vn,country_th,-0.15188836565123195,0.1954817771911621
gcn,train,2022-06,country_vn,country_us,-0.3104472719924773,0.2629278600215912
gcn,train,2022-07,country_203,country_344,-0.3823131903102162,0.12452780455350876
gcn,train,2022-07,country_203,country_372,0.5207566453135996,0.11048167943954468
gcn,train,2022-07,country_203,country_380,0.06063008091846846,0.18113026022911072
gcn,train,2022-07,country_203,country_cn,0.05107940459675126,0.16123546659946442
gcn,train,2022-07,country_203,country_de,-0.18298545156805138,0.16770267486572266
gcn,train,2022-07,country_203,country_fr,-0.3638474791726147,0.1551743447780609
gcn,train,2022-07,country_203,country_gb,-0.39616965601670917,0.14325010776519775
gcn,train,2022-07,country_203,country_in,-0.30001577858350736,0.14350810647010803
gcn,train,2022-07,country_203,country_jp,0.24431574765443692,0.13190025091171265
gcn,train,2022-07,country_203,country_kr,1.945500763054258,0.1527862250804901
gcn,train,2022-07,country_203,country_mx,0.11734550397225282,0.15322843194007874
gcn,train,2022-07,country_203,country_my,-0.3229586608309874,0.15114906430244446
gcn,train,2022-07,country_203,country_ph,-0.2344475520123114,0.15883338451385498
gcn,train,2022-07,country_203,country_sg,0.1025646979230114,0.13827605545520782
gcn,train,2022-07,country_203,country_th,-0.35140555860020284,0.1360079050064087
gcn,train,2022-07,country_203,country_us,-0.2336165045755946,0.11199167370796204
gcn,train,2022-07,country_203,country_vn,0.4574992388665021,0.1137068048119545
gcn,train,2022-07,country_344,country_203,-0.02276893122870454,0.12202862650156021
gcn,train,2022-07,country_344,country_372,1.1365907122080305,0.12414683401584625
gcn,train,2022-07,country_344,country_380,-0.14000380816397565,0.18651854991912842
gcn,train,2022-07,country_344,country_cn,5.083466026594189,0.16673803329467773
gcn,train,2022-07,country_344,country_de,-0.18560377228898534,0.16702032089233398
gcn,train,2022-07,country_344,country_fr,-0.48369040256669066,0.1643359363079071
gcn,train,2022-07,country_344,country_gb,-0.0656200088715922,0.1664501428604126
gcn,train,2022-07,country_344,country_in,0.07603417797974467,0.17151612043380737
gcn,train,2022-07,country_344,country_jp,0.4842381199482159,0.14762400090694427
gcn,train,2022-07,country_344,country_kr,0.3937179753741475,0.16677382588386536
gcn,train,2022-07,country_344,country_mx,-0.2658730155254322,0.16096672415733337
gcn,train,2022-07,country_344,country_my,-0.4017545225317284,0.13609641790390015
gcn,train,2022-07,country_344,country_ph,0.20488815206252783,0.1718396097421646
gcn,train,2022-07,country_344,country_sg,-0.4031434079255901,0.15168732404708862
gcn,train,2022-07,country_344,country_th,1.023775792937992,0.16562914848327637
gcn,train,2022-07,country_344,country_us,0.1842068291994833,0.14666403830051422
gcn,train,2022-07,country_344,country_vn,-0.44954103193521777,0.14527474343776703
gcn,train,2022-07,country_372,country_203,-0.38590144154319717,0.12937578558921814
gcn,train,2022-07,country_372,country_344,7.920549703651947,0.1495477557182312
gcn,train,2022-07,country_372,country_380,-0.32626988836423654,0.19664818048477173
gcn,train,2022-07,country_372,country_cn,-0.2046910804575641,0.16992740333080292
gcn,train,2022-07,country_372,country_de,5.642396110193904,0.17113643884658813
gcn,train,2022-07,country_372,country_fr,-0.5162147149536981,0.1756506711244583
gcn,train,2022-07,country_372,country_gb,-0.8541473232010384,0.16725614666938782
gcn,train,2022-07,country_372,country_in,1.360194037189512,0.17517907917499542
gcn,train,2022-07,country_372,country_jp,-0.20113172578712324,0.15877200663089752
gcn,train,2022-07,country_372,country_kr,-0.3242052992886284,0.16383613646030426
gcn,train,2022-07,country_372,country_mx,0.09124750720141812,0.16677230596542358
gcn,train,2022-07,country_372,country_my,0.031627971919645045,0.13989080488681793
gcn,train,2022-07,country_372,country_ph,0.14175948942043862,0.1704394370317459
gcn,train,2022-07,country_372,country_sg,-0.2534703949993657,0.153849259018898
gcn,train,2022-07,country_372,country_th,0.7689205397421139,0.15572041273117065
gcn,train,2022-07,country_372,country_us,0.5374269146301606,0.15961389243602753
gcn,train,2022-07,country_372,country_vn,-0.43886025208291646,0.13572116196155548
gcn,train,2022-07,country_380,country_203,-0.6593662030809619,0.15495972335338593
gcn,train,2022-07,country_380,country_344,0.2509476164017243,0.17360755801200867
gcn,train,2022-07,country_380,country_372,0.08840480619241882,0.1537090390920639
gcn,train,2022-07,country_380,country_cn,0.18276267440179253,0.18459375202655792
gcn,train,2022-07,country_380,country_de,-0.0032498872040226372,0.18714569509029388
gcn,train,2022-07,country_380,country_fr,-0.17074607302190614,0.195712149143219
gcn,train,2022-07,country_380,country_gb,-0.5099916915867411,0.18710100650787354
gcn,train,2022-07,country_380,country_in,0.4434242653711144,0.1886293888092041
gcn,train,2022-07,country_380,country_jp,0.15822331743860407,0.17659233510494232
gcn,train,2022-07,country_380,country_kr,0.1750744302509968,0.18546035885810852
gcn,train,2022-07,country_380,country_mx,-0.004460862279530802,0.18814325332641602
gcn,train,2022-07,country_380,country_my,0.30522659966928356,0.171622633934021
gcn,train,2022-07,country_380,country_ph,0.07401365487600693,0.1870732307434082
gcn,train,2022-07,country_380,country_sg,0.2517146571042036,0.17191638052463531
gcn,train,2022-07,country_380,country_th,0.16462365757963426,0.18743330240249634
gcn,train,2022-07,country_380,country_us,0.09627115984159518,0.19550682604312897
gcn,train,2022-07,country_380,country_vn,0.06956096416534274,0.1666170358657837
gcn,train,2022-07,country_cn,country_203,-0.1989376306261994,0.17843598127365112
gcn,train,2022-07,country_cn,country_344,-0.1356015094675538,0.19263413548469543
gcn,train,2022-07,country_cn,country_372,7.21651635877385,0.1598757654428482
gcn,train,2022-07,country_cn,country_380,0.6299626075581534,0.2212669998407364
gcn,train,2022-07,country_cn,country_de,0.36763130589569193,0.1986640989780426
gcn,train,2022-07,country_cn,country_fr,0.37689188006883695,0.19930221140384674
gcn,train,2022-07,country_cn,country_gb,0.28435730069576076,0.20028135180473328
gcn,train,2022-07,country_cn,country_in,-0.3529526599957599,0.19949863851070404
gcn,train,2022-07,country_cn,country_jp,-0.004698959423341411,0.1848430633544922
gcn,train,2022-07,country_cn,country_kr,0.09512319949966204,0.19537369906902313
gcn,train,2022-07,country_cn,country_mx,0.09866176237200407,0.18839791417121887
gcn,train,2022-07,country_cn,country_my,0.07662122967837637,0.180228590965271
gcn,train,2022-07,country_cn,country_ph,0.21147083639733447,0.19754217565059662
gcn,train,2022-07,country_cn,country_sg,0.14192450269236145,0.17610278725624084
gcn,train,2022-07,country_cn,country_th,0.5078678558184307,0.1976163685321808
gcn,train,2022-07,country_cn,country_us,0.040753896341156295,0.2197437584400177
gcn,train,2022-07,country_cn,country_vn,0.10879858439553067,0.17933106422424316
gcn,train,2022-07,country_de,country_203,-0.00645035721984866,0.17036771774291992
gcn,train,2022-07,country_de,country_344,0.5585843932421302,0.18432722985744476
gcn,train,2022-07,country_de,country_372,0.3769304156179547,0.14865294098854065
gcn,train,2022-07,country_de,country_380,-0.15133788727194866,0.21421100199222565
gcn,train,2022-07,country_de,country_cn,0.13683164654709504,0.18443819880485535
gcn,train,2022-07,country_de,country_fr,-0.03941060357818029,0.1977187842130661
gcn,train,2022-07,country_de,country_gb,0.17597619604004114,0.19028930366039276
gcn,train,2022-07,country_de,country_in,-0.0643975483336083,0.19016407430171967
gcn,train,2022-07,country_de,country_jp,0.3060695052770445,0.17844530940055847
gcn,train,2022-07,country_de,country_kr,0.08396824116327718,0.1827608197927475
gcn,train,2022-07,country_de,country_mx,0.2613769273967857,0.18398775160312653
gcn,train,2022-07,country_de,country_my,0.01188332101913499,0.17121116816997528
gcn,train,2022-07,country_de,country_ph,-0.048313753586116025,0.1896105706691742
gcn,train,2022-07,country_de,country_sg,-0.015024625850848497,0.16737906634807587
gcn,train,2022-07,country_de,country_th,0.18314759712393452,0.18468838930130005
gcn,train,2022-07,country_de,country_us,0.19213763833244388,0.21477586030960083
gcn,train,2022-07,country_de,country_vn,-0.41286232625257224,0.16911450028419495
gcn,train,2022-07,country_fr,country_203,1.2962849513395642,0.17644506692886353
gcn,train,2022-07,country_fr,country_344,-0.12010217862365177,0.19190308451652527
gcn,train,2022-07,country_fr,country_372,0.9121752744683229,0.16219691932201385
gcn,train,2022-07,country_fr,country_380,0.12395752671541012,0.22231486439704895
gcn,train,2022-07,country_fr,country_cn,0.013923931555748325,0.19154399633407593
gcn,train,2022-07,country_fr,country_de,0.3100186764047381,0.19416023790836334
gcn,train,2022-07,country_fr,country_gb,-0.459241749811816,0.19613666832447052
gcn,train,2022-07,country_fr,country_in,0.9986833491309695,0.1992519497871399
gcn,train,2022-07,country_fr,country_jp,0.3644865191817794,0.18621359765529633
gcn,train,2022-07,country_fr,country_kr,0.37088859938981794,0.18974332511425018
gcn,train,2022-07,country_fr,country_mx,-0.5274671691071428,0.19052176177501678
gcn,train,2022-07,country_fr,country_my,0.02693112180519441,0.1780678778886795
gcn,train,2022-07,country_fr,country_ph,-0.05616431378265287,0.1939261555671692
gcn,train,2022-07,country_fr,country_sg,0.21136421675119277,0.17863108217716217
gcn,train,2022-07,country_fr,country_th,0.2309208599935824,0.19193272292613983
gcn,train,2022-07,country_fr,country_us,-0.05490164543687472,0.21355023980140686
gcn,train,2022-07,country_fr,country_vn,0.4195847219944934,0.16885513067245483
gcn,train,2022-07,country_gb,country_203,0.16788106464688216,0.17201265692710876
gcn,train,2022-07,country_gb,country_344,-0.14166439179146384,0.18940523266792297
gcn,train,2022-07,country_gb,country_372,-0.9534305080827504,0.15771856904029846
gcn,train,2022-07,country_gb,country_380,-0.49269253737701807,0.21510475873947144
gcn,train,2022-07,country_gb,country_cn,-0.06557228816188458,0.1897837072610855
gcn,train,2022-07,country_gb,country_de,-0.13603530317837556,0.1893927901983261
gcn,train,2022-07,country_gb,country_fr,-0.4033193402124009,0.20060411095619202
gcn,train,2022-07,country_gb,country_in,0.1285501030610068,0.19799691438674927
gcn,train,2022-07,country_gb,country_jp,0.14658563356223472,0.18338941037654877
gcn,train,2022-07,country_gb,country_kr,0.06586730499188755,0.18961656093597412
gcn,train,2022-07,country_gb,country_mx,-0.008892213419647868,0.1894354373216629
gcn,train,2022-07,country_gb,country_my,-0.07959562476390979,0.17432473599910736
gcn,train,2022-07,country_gb,country_ph,1.2426822665478179,0.19210085272789001
gcn,train,2022-07,country_gb,country_sg,-0.28511148808250886,0.1744038313627243
gcn,train,2022-07,country_gb,country_th,-0.08953647476328616,0.18866756558418274
gcn,train,2022-07,country_gb,country_us,0.03986447179354344,0.2120559960603714
gcn,train,2022-07,country_gb,country_vn,-0.6435484679095733,0.16778410971164703
gcn,train,2022-07,country_in,country_203,-0.7811470006591957,0.16616207361221313
gcn,train,2022-07,country_in,country_344,0.2155901917832919,0.18888786435127258
gcn,train,2022-07,country_in,country_372,0.33645946123726117,0.15378716588020325
gcn,train,2022-07,country_in,country_380,-0.41095057828104464,0.21269512176513672
gcn,train,2022-07,country_in,country_cn,0.15560859386846637,0.18861041963100433
gcn,train,2022-07,country_in,country_de,0.448348382534596,0.18822744488716125
gcn,train,2022-07,country_in,country_fr,0.5823626950752882,0.20200610160827637
gcn,train,2022-07,country_in,country_gb,-0.09537051123690572,0.19574955105781555
gcn,train,2022-07,country_in,country_jp,1.370454037767261,0.17959259450435638
gcn,train,2022-07,country_in,country_kr,0.7965504348584939,0.18666601181030273
gcn,train,2022-07,country_in,country_mx,0.1291930735749527,0.1887664794921875
gcn,train,2022-07,country_in,country_my,8.960326590974079,0.16475583612918854
gcn,train,2022-07,country_in,country_ph,3.3167673014398513,0.1828460544347763
gcn,train,2022-07,country_in,country_sg,1.8924580988785604,0.17270302772521973
gcn,train,2022-07,country_in,country_th,-0.05789130045226399,0.1901264190673828
gcn,train,2022-07,country_in,country_us,1.928318937189723,0.21564270555973053
gcn,train,2022-07,country_in,country_vn,-0.4322962687533925,0.1667560636997223
gcn,train,2022-07,country_jp,country_203,-0.14840276045521808,0.1664644479751587
gcn,train,2022-07,country_jp,country_344,-0.0934769965651995,0.1824091225862503
gcn,train,2022-07,country_jp,country_372,0.8778790305666949,0.147419273853302
gcn,train,2022-07,country_jp,country_380,0.013892987914382425,0.20625337958335876
gcn,train,2022-07,country_jp,country_cn,-0.06881029085104252,0.18385593593120575
gcn,train,2022-07,country_jp,country_de,0.021388683227381716,0.18240264058113098
gcn,train,2022-07,country_jp,country_fr,0.14728894979616594,0.19308173656463623
gcn,train,2022-07,country_jp,country_gb,-0.051879377458255244,0.1872386336326599
gcn,train,2022-07,country_jp,country_in,0.29463446445896135,0.1891523152589798
gcn,train,2022-07,country_jp,country_kr,0.07248482542064776,0.18187347054481506
gcn,train,2022-07,country_jp,country_mx,0.11309476442597725,0.1818513423204422
gcn,train,2022-07,country_jp,country_my,0.06256198901745529,0.17007945477962494
gcn,train,2022-07,country_jp,country_ph,0.06873141575436506,0.18623724579811096
gcn,train,2022-07,country_jp,country_sg,0.4652927789449493,0.16749466955661774
gcn,train,2022-07,country_jp,country_th,0.07103073854045984,0.1855052411556244
gcn,train,2022-07,country_jp,country_us,-0.03992577475595275,0.20819522440433502
gcn,train,2022-07,country_jp,country_vn,0.501205719537204,0.15401595830917358
gcn,train,2022-07,country_kr,country_203,0.522657746046132,0.16684074699878693
gcn,train,2022-07,country_kr,country_344,-0.33885081889441176,0.18548516929149628
gcn,train,2022-07,country_kr,country_372,-0.44906336557042587,0.14402031898498535
gcn,train,2022-07,country_kr,country_380,-0.05063286739340366,0.2084348201751709
gcn,train,2022-07,country_kr,country_cn,-0.12062392043647673,0.18657386302947998
gcn,train,2022-07,country_kr,country_de,0.2081467305105724,0.18235541880130768
gcn,train,2022-07,country_kr,country_fr,0.7669736547554036,0.19519414007663727
gcn,train,2022-07,country_kr,country_gb,-0.04204861134665426,0.1918015480041504
gcn,train,2022-07,country_kr,country_in,0.5735633369661007,0.19232811033725739
gcn,train,2022-07,country_kr,country_jp,-0.06281263768323633,0.17859120666980743
gcn,train,2022-07,country_kr,country_mx,0.1352026299990169,0.18262089788913727
gcn,train,2022-07,country_kr,country_my,0.01617354073975817,0.17354723811149597
gcn,train,2022-07,country_kr,country_ph,-0.2256331666532903,0.1874646544456482
gcn,train,2022-07,country_kr,country_sg,0.4488194461524526,0.1671810746192932
gcn,train,2022-07,country_kr,country_th,0.3762837339224183,0.1864984780550003
gcn,train,2022-07,country_kr,country_us,0.2662700233138407,0.21914106607437134
gcn,train,2022-07,country_kr,country_vn,0.17642258072759748,0.1565794050693512
gcn,train,2022-07,country_mx,country_203,1.1390505178859025,0.1666976660490036
gcn,train,2022-07,country_mx,country_344,0.2590454012903495,0.18619154393672943
gcn,train,2022-07,country_mx,country_372,4.838110357249261,0.14950910210609436
gcn,train,2022-07,country_mx,country_380,-0.08267574050812637,0.2113601267337799
gcn,train,2022-07,country_mx,country_cn,0.10288032217701817,0.186262845993042
gcn,train,2022-07,country_mx,country_de,0.10272216337827417,0.18782968819141388
gcn,train,2022-07,country_mx,country_fr,0.11583051138491438,0.19502371549606323
gcn,train,2022-07,country_mx,country_gb,0.7686823800676105,0.18902179598808289
gcn,train,2022-07,country_mx,country_in,1.9373667469048244,0.19059178233146667
gcn,train,2022-07,country_mx,country_jp,-0.10015882094772678,0.17835791409015656
gcn,train,2022-07,country_mx,country_kr,0.1989033278201098,0.18642142415046692
gcn,train,2022-07,country_mx,country_my,0.1540753683168834,0.1600705087184906
gcn,train,2022-07,country_mx,country_ph,1.2040485458205343,0.18413197994232178
gcn,train,2022-07,country_mx,country_sg,0.1098054941552729,0.16793425381183624
gcn,train,2022-07,country_mx,country_th,0.37762697724640476,0.18612904846668243
gcn,train,2022-07,country_mx,country_us,0.09669488975687952,0.22075140476226807
gcn,train,2022-07,country_mx,country_vn,-0.32368722231277314,0.15859851241111755
gcn,train,2022-07,country_my,country_203,-0.11535953656649722,0.16712820529937744
gcn,train,2022-07,country_my,country_344,0.18589036660758823,0.18517233431339264
gcn,train,2022-07,country_my,country_372,7.068875783123854e-05,0.1503724902868271
gcn,train,2022-07,country_my,country_380,0.07420556312558549,0.21065166592597961
gcn,train,2022-07,country_my,country_cn,-0.07180390079069511,0.18821771442890167
gcn,train,2022-07,country_my,country_de,0.08981330357928886,0.18882787227630615
gcn,train,2022-07,country_my,country_fr,0.22538247171993875,0.19590561091899872
gcn,train,2022-07,country_my,country_gb,0.20471245218573259,0.18830782175064087
gcn,train,2022-07,country_my,country_in,-0.04220538392114048,0.19040054082870483
gcn,train,2022-07,country_my,country_jp,-0.046632774733737746,0.17817223072052002
gcn,train,2022-07,country_my,country_kr,0.18056024017144653,0.18424266576766968
gcn,train,2022-07,country_my,country_mx,0.21952333492948284,0.18417476117610931
gcn,train,2022-07,country_my,country_ph,0.453017047657948,0.18675702810287476
gcn,train,2022-07,country_my,country_sg,0.09687604428048176,0.1689247190952301
gcn,train,2022-07,country_my,country_th,0.13563387071488084,0.18603244423866272
gcn,train,2022-07,country_my,country_us,-0.2459124542642386,0.21709543466567993
gcn,train,2022-07,country_my,country_vn,0.17825661299480303,0.1597503423690796
gcn,train,2022-07,country_ph,country_203,-0.10480030541421247,0.16493719816207886
gcn,train,2022-07,country_ph,country_344,-0.03175519399436911,0.18230947852134705
gcn,train,2022-07,country_ph,country_372,-0.014302735310591374,0.14301761984825134
gcn,train,2022-07,country_ph,country_380,-0.37330495242032957,0.20593447983264923
gcn,train,2022-07,country_ph,country_cn,-0.030823305606372142,0.1831653118133545
gcn,train,2022-07,country_ph,country_de,0.22215441150842552,0.18188902735710144
gcn,train,2022-07,country_ph,country_fr,0.3347748216116706,0.19373999536037445
gcn,train,2022-07,country_ph,country_gb,0.21480792376776628,0.1859995722770691
gcn,train,2022-07,country_ph,country_in,0.9150336015179371,0.18668219447135925
gcn,train,2022-07,country_ph,country_jp,0.18832553561410156,0.1751689314842224
gcn,train,2022-07,country_ph,country_kr,0.12610673400932085,0.18047600984573364
gcn,train,2022-07,country_ph,country_mx,0.20165779598909972,0.18010219931602478
gcn,train,2022-07,country_ph,country_my,0.1870199771680411,0.171813502907753
gcn,train,2022-07,country_ph,country_sg,0.1357293618612474,0.1641528159379959
gcn,train,2022-07,country_ph,country_th,0.2232701306440944,0.1829051971435547
gcn,train,2022-07,country_ph,country_us,0.3772758852798562,0.21025347709655762
gcn,train,2022-07,country_ph,country_vn,0.2882701001007082,0.15504786372184753
gcn,train,2022-07,country_sg,country_203,-0.3978305171740916,0.15234875679016113
gcn,train,2022-07,country_sg,country_344,-0.10773391442628835,0.17335857450962067
gcn,train,2022-07,country_sg,country_372,4.14577590218754,0.13285958766937256
gcn,train,2022-07,country_sg,country_380,0.42405222924927866,0.20186394453048706
gcn,train,2022-07,country_sg,country_cn,-0.013799594038375284,0.1737881600856781
gcn,train,2022-07,country_sg,country_de,0.6655195717823996,0.17424827814102173
gcn,train,2022-07,country_sg,country_fr,-0.03283613729402748,0.1827719360589981
gcn,train,2022-07,country_sg,country_gb,1.0561301977899116,0.17474567890167236
gcn,train,2022-07,country_sg,country_in,0.09194293748410179,0.18207743763923645
gcn,train,2022-07,country_sg,country_jp,0.12121286618568607,0.1672995388507843
gcn,train,2022-07,country_sg,country_kr,0.7820659340145815,0.17265895009040833
gcn,train,2022-07,country_sg,country_mx,-0.12577608610574054,0.1750197857618332
gcn,train,2022-07,country_sg,country_my,-0.0770145933807019,0.16434802114963531
gcn,train,2022-07,country_sg,country_ph,0.3106255040889633,0.17670473456382751
gcn,train,2022-07,country_sg,country_th,0.17761056938108746,0.17604495584964752
gcn,train,2022-07,country_sg,country_us,0.23699574568462137,0.20264197885990143
gcn,train,2022-07,country_sg,country_vn,0.14433026562930576,0.1506979912519455
gcn,train,2022-07,country_th,country_203,0.3647988556425643,0.17391833662986755
gcn,train,2022-07,country_th,country_344,-0.036988018795575645,0.19198866188526154
gcn,train,2022-07,country_th,country_372,0.550314411097035,0.15647375583648682
gcn,train,2022-07,country_th,country_380,0.16374489383991309,0.21632114052772522
gcn,train,2022-07,country_th,country_cn,0.09691015438426412,0.1920318901538849
gcn,train,2022-07,country_th,country_de,0.24152840993450703,0.19053611159324646
gcn,train,2022-07,country_th,country_fr,0.2738648103200889,0.20070679485797882
gcn,train,2022-07,country_th,country_gb,0.19172753116026517,0.1960144340991974
gcn,train,2022-07,country_th,country_in,2.1329652431940302,0.1976231187582016
gcn,train,2022-07,country_th,country_jp,0.10728189244613445,0.18579766154289246
gcn,train,2022-07,country_th,country_kr,0.17491700959082848,0.19025345146656036
gcn,train,2022-07,country_th,country_mx,0.048667505305922905,0.18810057640075684
gcn,train,2022-07,country_th,country_my,0.16257765023756515,0.18017426133155823
gcn,train,2022-07,country_th,country_ph,0.12837563902172178,0.19297653436660767
gcn,train,2022-07,country_th,country_sg,0.08682374343306384,0.17618533968925476
gcn,train,2022-07,country_th,country_us,0.21745915905513707,0.22135046124458313
gcn,train,2022-07,country_th,country_vn,0.294171676022634,0.16474753618240356
gcn,train,2022-07,country_us,country_203,0.20041331670186446,0.11948376893997192
gcn,train,2022-07,country_us,country_344,-0.2620746116478383,0.13398724794387817
gcn,train,2022-07,country_us,country_372,0.6899368801085862,0.09662895649671555
gcn,train,2022-07,country_us,country_380,-0.18314239782755162,0.15571172535419464
gcn,train,2022-07,country_us,country_cn,-0.0466260337808348,0.13414165377616882
gcn,train,2022-07,country_us,country_de,0.24611429788802114,0.13812774419784546
gcn,train,2022-07,country_us,country_fr,-0.22696157769894257,0.15306060016155243
gcn,train,2022-07,country_us,country_gb,1.0096417988651163,0.14494937658309937
gcn,train,2022-07,country_us,country_in,0.1525009637722688,0.1450752317905426
gcn,train,2022-07,country_us,country_jp,0.006084067942032322,0.13620951771736145
gcn,train,2022-07,country_us,country_kr,-0.06478790930186734,0.13374865055084229
gcn,train,2022-07,country_us,country_mx,0.19152165695350845,0.1267094612121582
gcn,train,2022-07,country_us,country_my,0.09226101531029855,0.13388824462890625
gcn,train,2022-07,country_us,country_ph,0.23431058616402806,0.14067614078521729
gcn,train,2022-07,country_us,country_sg,0.16492095418118846,0.12369401752948761
gcn,train,2022-07,country_us,country_th,0.1083543283648753,0.1401386260986328
gcn,train,2022-07,country_us,country_vn,-0.3111564183164615,0.10340213775634766
gcn,train,2022-07,country_vn,country_203,-0.25420463310572733,0.15910020470619202
gcn,train,2022-07,country_vn,country_344,0.22522396388266555,0.17862798273563385
gcn,train,2022-07,country_vn,country_372,-0.6438567184488038,0.1421743631362915
gcn,train,2022-07,country_vn,country_380,-0.8469214649451573,0.20689702033996582
gcn,train,2022-07,country_vn,country_cn,-0.07818604175001873,0.18584659695625305
gcn,train,2022-07,country_vn,country_de,0.28420898993343835,0.18295279145240784
gcn,train,2022-07,country_vn,country_fr,4.113860185375795,0.19162896275520325
gcn,train,2022-07,country_vn,country_gb,1.5726915970181459,0.18205329775810242
gcn,train,2022-07,country_vn,country_in,1.1104658897829782,0.1871800571680069
gcn,train,2022-07,country_vn,country_jp,-0.05884201570525933,0.17062389850616455
gcn,train,2022-07,country_vn,country_kr,-0.304796982486119,0.17905136942863464
gcn,train,2022-07,country_vn,country_mx,0.3928532703254045,0.18136683106422424
gcn,train,2022-07,country_vn,country_my,0.06902237348720654,0.1651945859193802
gcn,train,2022-07,country_vn,country_ph,0.6009202816308294,0.17849697172641754
gcn,train,2022-07,country_vn,country_sg,0.6396130793167715,0.16280218958854675
gcn,train,2022-07,country_vn,country_th,-0.19235232000496225,0.18403294682502747
gcn,train,2022-07,country_vn,country_us,0.37018465035310727,0.20585721731185913
gcn,train,2022-08,country_203,country_344,2.008422245447477,0.10152991861104965
gcn,train,2022-08,country_203,country_372,-0.8330572869366014,0.20257288217544556
gcn,train,2022-08,country_203,country_380,0.8499897160055079,0.11761806160211563
gcn,train,2022-08,country_203,country_cn,0.10308284815554124,0.10031026601791382
gcn,train,2022-08,country_203,country_de,-0.06895459946396311,0.13539206981658936
gcn,train,2022-08,country_203,country_fr,0.04536743588747354,0.12177354097366333
gcn,train,2022-08,country_203,country_gb,0.19700057615303002,0.12933838367462158
gcn,train,2022-08,country_203,country_in,1.202370785732858,0.15449173748493195
gcn,train,2022-08,country_203,country_jp,-0.2277859472032973,0.11216118931770325
gcn,train,2022-08,country_203,country_kr,0.054471331591745234,0.12117002159357071
gcn,train,2022-08,country_203,country_mx,-0.6981048799731278,0.12893953919410706
gcn,train,2022-08,country_203,country_my,-0.498046087433865,0.10873819142580032
gcn,train,2022-08,country_203,country_ph,-0.31406841511515565,0.10446657240390778
gcn,train,2022-08,country_203,country_sg,-0.2753887332207405,0.10773807764053345
gcn,train,2022-08,country_203,country_th,0.748553464302528,0.13136877119541168
gcn,train,2022-08,country_203,country_us,0.24153047540333641,0.1332678198814392
gcn,train,2022-08,country_203,country_vn,-0.430223529039059,0.11674103140830994
gcn,train,2022-08,country_344,country_203,0.31532902208933083,0.09596612304449081
gcn,train,2022-08,country_344,country_372,-0.17884457117895333,0.1883625090122223
gcn,train,2022-08,country_344,country_380,0.22573561174814027,0.08900314569473267
gcn,train,2022-08,country_344,country_cn,2.133286595864587,0.09434841573238373
gcn,train,2022-08,country_344,country_de,-0.08495864364786083,0.12392859160900116
gcn,train,2022-08,country_344,country_fr,-0.018294705655086847,0.11088163405656815
gcn,train,2022-08,country_344,country_gb,-0.30207340447477216,0.1271108090877533
gcn,train,2022-08,country_344,country_in,0.11125840350481495,0.15869759023189545
gcn,train,2022-08,country_344,country_jp,-0.2329929182619096,0.10468240082263947
gcn,train,2022-08,country_344,country_kr,-0.6528559460840858,0.11711423099040985
gcn,train,2022-08,country_344,country_mx,-0.2519141498755287,0.11878722161054611
gcn,train,2022-08,country_344,country_my,-0.4954640862286525,0.07970136404037476
gcn,train,2022-08,country_344,country_ph,0.3670292269788304,0.12094949185848236
gcn,train,2022-08,country_344,country_sg,-0.2682401301498988,0.10645119845867157
gcn,train,2022-08,country_344,country_th,0.23645689903623276,0.14054375886917114
gcn,train,2022-08,country_344,country_us,0.194944162393308,0.1243312805891037
gcn,train,2022-08,country_344,country_vn,-0.18238736587303425,0.12311124056577682
gcn,train,2022-08,country_372,country_203,-0.14680489085146586,0.14164189994335175
gcn,train,2022-08,country_372,country_344,-0.461865261106,0.1421230584383011
gcn,train,2022-08,country_372,country_380,-0.3816828820663823,0.143535777926445
gcn,train,2022-08,country_372,country_cn,-0.2333074606270573,0.13551649451255798
gcn,train,2022-08,country_372,country_de,2.769775097674402,0.1632760465145111
gcn,train,2022-08,country_372,country_fr,-0.49639361798771225,0.156123548746109
gcn,train,2022-08,country_372,country_gb,-0.36137987918670733,0.16209684312343597
gcn,train,2022-08,country_372,country_in,0.6764188629579222,0.1856350600719452
gcn,train,2022-08,country_372,country_jp,-0.24678888261008977,0.15219439566135406
gcn,train,2022-08,country_372,country_kr,0.2376676584928896,0.15670941770076752
gcn,train,2022-08,country_372,country_mx,-0.717759658566105,0.1673247516155243
gcn,train,2022-08,country_372,country_my,-0.10210047754313588,0.142923042178154
gcn,train,2022-08,country_372,country_ph,0.6646266765436069,0.15259355306625366
gcn,train,2022-08,country_372,country_sg,-0.094527274130754,0.1442505419254303
gcn,train,2022-08,country_372,country_th,7.002680446124372,0.1707296222448349
gcn,train,2022-08,country_372,country_us,1.3712052559310346,0.1882164180278778
gcn,train,2022-08,country_372,country_vn,-0.36871884493018087,0.15244464576244354
gcn,train,2022-08,country_380,country_203,-0.2760563520721846,0.08840447664260864
gcn,train,2022-08,country_380,country_344,0.35952374936517734,0.09242172539234161
gcn,train,2022-08,country_380,country_372,0.7671354272947543,0.18828658759593964
gcn,train,2022-08,country_380,country_cn,0.2716938300613933,0.09180692583322525
gcn,train,2022-08,country_380,country_de,-0.07914438537194782,0.12533661723136902
gcn,train,2022-08,country_380,country_fr,0.2526284590435671,0.11999303847551346
gcn,train,2022-08,country_380,country_gb,-0.715517601525063,0.1219332292675972
gcn,train,2022-08,country_380,country_in,-0.4327679637869773,0.14154264330863953
gcn,train,2022-08,country_380,country_jp,0.1571771185502507,0.09688057005405426
gcn,train,2022-08,country_380,country_kr,0.4797777916484614,0.1073855310678482
gcn,train,2022-08,country_380,country_mx,-0.0519242073034875,0.11727646738290787
gcn,train,2022-08,country_380,country_my,0.2887870490540932,0.07831376045942307
gcn,train,2022-08,country_380,country_ph,0.2635650856376668,0.11302569508552551
gcn,train,2022-08,country_380,country_sg,0.2455394915186186,0.1072523295879364
gcn,train,2022-08,country_380,country_th,0.15120777065991162,0.12753188610076904
gcn,train,2022-08,country_380,country_us,0.03203033297802792,0.130863755941391
gcn,train,2022-08,country_380,country_vn,-0.5741886098363163,0.10158762335777283
gcn,train,2022-08,country_cn,country_203,0.2696931332123408,0.112905353307724
gcn,train,2022-08,country_cn,country_344,0.2549142139695168,0.11778628081083298
gcn,train,2022-08,country_cn,country_372,3.576702416739892,0.2026599645614624
gcn,train,2022-08,country_cn,country_380,0.7574050389147542,0.12544669210910797
gcn,train,2022-08,country_cn,country_de,0.49261213575767643,0.13477830588817596
gcn,train,2022-08,country_cn,country_fr,0.3742977448125254,0.12481510639190674
gcn,train,2022-08,country_cn,country_gb,0.15795857781092565,0.13654059171676636
gcn,train,2022-08,country_cn,country_in,-0.2634892603026883,0.16071951389312744
gcn,train,2022-08,country_cn,country_jp,-0.045864068747560605,0.11780761927366257
gcn,train,2022-08,country_cn,country_kr,-0.05523655912033443,0.130350723862648
gcn,train,2022-08,country_cn,country_mx,0.4423533811264016,0.13213105499744415
gcn,train,2022-08,country_cn,country_my,-0.046965567087377404,0.11531318724155426
gcn,train,2022-08,country_cn,country_ph,0.34699522295154434,0.12889918684959412
gcn,train,2022-08,country_cn,country_sg,-0.03372368212074504,0.11861234903335571
gcn,train,2022-08,country_cn,country_th,0.20554812640497436,0.14659270644187927
gcn,train,2022-08,country_cn,country_us,0.011222682805177608,0.1608625054359436
gcn,train,2022-08,country_cn,country_vn,0.13978746492464025,0.13401584327220917
gcn,train,2022-08,country_de,country_203,0.35112479327140933,0.1429637223482132
gcn,train,2022-08,country_de,country_344,0.3801861205750387,0.14718379080295563
gcn,train,2022-08,country_de,country_372,0.18484223668099878,0.22154384851455688
gcn,train,2022-08,country_de,country_380,0.2639099410372351,0.15462027490139008
gcn,train,2022-08,country_de,country_cn,0.20601856248167344,0.12664557993412018
gcn,train,2022-08,country_de,country_fr,0.08551384249637792,0.14984868466854095
gcn,train,2022-08,country_de,country_gb,0.09307544124029861,0.1517672836780548
gcn,train,2022-08,country_de,country_in,0.14946953087272266,0.17779330909252167
gcn,train,2022-08,country_de,country_jp,0.17217731601327305,0.1394398957490921
gcn,train,2022-08,country_de,country_kr,-0.16489600789020423,0.14977097511291504
gcn,train,2022-08,country_de,country_mx,0.18291631225144864,0.15787732601165771
gcn,train,2022-08,country_de,country_my,-0.13657124276940058,0.13101078569889069
gcn,train,2022-08,country_de,country_ph,-0.20936696944509503,0.14573660492897034
gcn,train,2022-08,country_de,country_sg,-0.15955922523018046,0.13501375913619995
gcn,train,2022-08,country_de,country_th,0.12877161387383118,0.16621661186218262
gcn,train,2022-08,country_de,country_us,0.10047519106748375,0.19496405124664307
gcn,train,2022-08,country_de,country_vn,-0.3068480700926182,0.14997579157352448
gcn,train,2022-08,country_fr,country_203,0.1123009533879174,0.12182019650936127
gcn,train,2022-08,country_fr,country_344,0.007603155299659509,0.12626561522483826
gcn,train,2022-08,country_fr,country_372,0.14877770035323892,0.21192005276679993
gcn,train,2022-08,country_fr,country_380,-0.16642235618590953,0.1311778426170349
gcn,train,2022-08,country_fr,country_cn,-0.01339831429728591,0.11291132867336273
gcn,train,2022-08,country_fr,country_de,0.29415044961258285,0.14315861463546753
gcn,train,2022-08,country_fr,country_gb,0.11739282894565503,0.13715006411075592
gcn,train,2022-08,country_fr,country_in,1.7170366476282153,0.16546419262886047
gcn,train,2022-08,country_fr,country_jp,0.34965033766813736,0.12866362929344177
gcn,train,2022-08,country_fr,country_kr,0.21488289913725922,0.13773685693740845
gcn,train,2022-08,country_fr,country_mx,1.7183227082698007,0.14440923929214478
gcn,train,2022-08,country_fr,country_my,-0.09451667470276909,0.1181502565741539
gcn,train,2022-08,country_fr,country_ph,0.03820302497854558,0.13086047768592834
gcn,train,2022-08,country_fr,country_sg,0.1105246105225759,0.1251252293586731
gcn,train,2022-08,country_fr,country_th,0.13693874345180593,0.15220379829406738
gcn,train,2022-08,country_fr,country_us,0.11071759648276348,0.17176516354084015
gcn,train,2022-08,country_fr,country_vn,0.2416884059960743,0.13542571663856506
gcn,train,2022-08,country_gb,country_203,-0.08041415678638832,0.12484771013259888
gcn,train,2022-08,country_gb,country_344,-0.06798277865113367,0.13379935920238495
gcn,train,2022-08,country_gb,country_372,-0.9204463089200765,0.21662244200706482
gcn,train,2022-08,country_gb,country_380,-0.2210405263295165,0.1337479054927826
gcn,train,2022-08,country_gb,country_cn,0.15018668302360755,0.11934580653905869
gcn,train,2022-08,country_gb,country_de,0.10906283662280401,0.1460416615009308
gcn,train,2022-08,country_gb,country_fr,-0.1215350786480697,0.13830949366092682
gcn,train,2022-08,country_gb,country_in,-0.007739728384204244,0.17089131474494934
gcn,train,2022-08,country_gb,country_jp,0.3967885279161316,0.1335630714893341
gcn,train,2022-08,country_gb,country_kr,0.049671581194571934,0.14514215290546417
gcn,train,2022-08,country_gb,country_mx,-0.07189577919196852,0.14999645948410034
gcn,train,2022-08,country_gb,country_my,0.08162402775615908,0.1234334409236908
gcn,train,2022-08,country_gb,country_ph,0.9092247943990922,0.1426895707845688
gcn,train,2022-08,country_gb,country_sg,-0.046158935677750014,0.1291903406381607
gcn,train,2022-08,country_gb,country_th,-0.37679402225357417,0.15729212760925293
gcn,train,2022-08,country_gb,country_us,0.005706888861940189,0.18106359243392944
gcn,train,2022-08,country_gb,country_vn,-0.41648952115880733,0.1487446278333664
gcn,train,2022-08,country_in,country_203,-0.6160410326798565,0.1333768367767334
gcn,train,2022-08,country_in,country_344,-0.07545917430116612,0.14341765642166138
gcn,train,2022-08,country_in,country_372,-0.25809338496231476,0.22022630274295807
gcn,train,2022-08,country_in,country_380,-0.5858056763757614,0.14302854239940643
gcn,train,2022-08,country_in,country_cn,-0.0038319488671888793,0.12833034992218018
gcn,train,2022-08,country_in,country_de,-0.12432912854908013,0.154697448015213
gcn,train,2022-08,country_in,country_fr,0.06302708550744057,0.14606282114982605
gcn,train,2022-08,country_in,country_gb,0.3627876699319912,0.15229719877243042
gcn,train,2022-08,country_in,country_jp,0.02746002489086627,0.1423901915550232
gcn,train,2022-08,country_in,country_kr,-0.20277303853319423,0.15232522785663605
gcn,train,2022-08,country_in,country_mx,0.3126893797226481,0.15719443559646606
gcn,train,2022-08,country_in,country_my,-0.27778121496851915,0.12299097329378128
gcn,train,2022-08,country_in,country_ph,-0.14446936980561512,0.13739140331745148
gcn,train,2022-08,country_in,country_sg,0.1330650122934744,0.13478760421276093
gcn,train,2022-08,country_in,country_th,-0.27015660626023813,0.1658957153558731
gcn,train,2022-08,country_in,country_us,5.794765980503629,0.19807495176792145
gcn,train,2022-08,country_in,country_vn,0.3968243731386711,0.14948996901512146
gcn,train,2022-08,country_jp,country_203,0.10749213798675392,0.1265319287776947
gcn,train,2022-08,country_jp,country_344,-0.09277294113672394,0.13472509384155273
gcn,train,2022-08,country_jp,country_372,0.760788368787068,0.21005509793758392
gcn,train,2022-08,country_jp,country_380,0.15536793819514497,0.13237729668617249
gcn,train,2022-08,country_jp,country_cn,0.19037778108885073,0.11687985062599182
gcn,train,2022-08,country_jp,country_de,0.021195810040036952,0.14495375752449036
gcn,train,2022-08,country_jp,country_fr,-0.31008376738734533,0.13400843739509583
gcn,train,2022-08,country_jp,country_gb,0.0674681892142756,0.13926856219768524
gcn,train,2022-08,country_jp,country_in,0.3774276498110341,0.16825148463249207
gcn,train,2022-08,country_jp,country_kr,0.6967600481182175,0.14024823904037476
gcn,train,2022-08,country_jp,country_mx,-0.07718696298806116,0.14662222564220428
gcn,train,2022-08,country_jp,country_my,-0.09905394543650438,0.1216064840555191
gcn,train,2022-08,country_jp,country_ph,0.0737773969806471,0.13375824689865112
gcn,train,2022-08,country_jp,country_sg,0.20535135476822106,0.12471693009138107
gcn,train,2022-08,country_jp,country_th,0.04892537869320632,0.15855097770690918
gcn,train,2022-08,country_jp,country_us,0.030183116572940698,0.18018333613872528
gcn,train,2022-08,country_jp,country_vn,0.23250731491339105,0.13747566938400269
gcn,train,2022-08,country_kr,country_203,0.27511511892468204,0.13609807193279266
gcn,train,2022-08,country_kr,country_344,0.021666045660022226,0.1462661772966385
gcn,train,2022-08,country_kr,country_372,-0.6587437419738476,0.22108516097068787
gcn,train,2022-08,country_kr,country_380,-0.17457835544831835,0.14242739975452423
gcn,train,2022-08,country_kr,country_cn,-0.0016358673003777431,0.1264703869819641
gcn,train,2022-08,country_kr,country_de,0.10777316506885055,0.1543479561805725
gcn,train,2022-08,country_kr,country_fr,0.023055184842456163,0.1435384750366211
gcn,train,2022-08,country_kr,country_gb,-0.3316807817736954,0.14753709733486176
gcn,train,2022-08,country_kr,country_in,0.2342378646530296,0.1772782802581787
gcn,train,2022-08,country_kr,country_jp,-0.3978997431766946,0.14043496549129486
gcn,train,2022-08,country_kr,country_mx,0.359359590722815,0.15624794363975525
gcn,train,2022-08,country_kr,country_my,-0.0520976485219135,0.13066330552101135
gcn,train,2022-08,country_kr,country_ph,-0.29348932186188004,0.14263637363910675
gcn,train,2022-08,country_kr,country_sg,-0.1351036151660517,0.13285961747169495
gcn,train,2022-08,country_kr,country_th,0.029653905687161492,0.16685225069522858
gcn,train,2022-08,country_kr,country_us,0.3867613224899678,0.1982409656047821
gcn,train,2022-08,country_kr,country_vn,-0.11341017602156023,0.1450817883014679
gcn,train,2022-08,country_mx,country_203,0.8353067260623235,0.1325010359287262
gcn,train,2022-08,country_mx,country_344,3.5819851186378755,0.14200684428215027
gcn,train,2022-08,country_mx,country_372,-0.08324141486823686,0.220382958650589
gcn,train,2022-08,country_mx,country_380,0.028794653940591476,0.14259371161460876
gcn,train,2022-08,country_mx,country_cn,0.39116451440989547,0.12776483595371246
gcn,train,2022-08,country_mx,country_de,0.23554468355738645,0.1543058454990387
gcn,train,2022-08,country_mx,country_fr,-0.010130624625761022,0.14531603455543518
gcn,train,2022-08,country_mx,country_gb,0.15683213967595352,0.15008991956710815
gcn,train,2022-08,country_mx,country_in,0.486876592294273,0.174738347530365
gcn,train,2022-08,country_mx,country_jp,0.22513484666467481,0.14053654670715332
gcn,train,2022-08,country_mx,country_kr,-0.19624255938865065,0.15256072580814362
gcn,train,2022-08,country_mx,country_my,-0.2621059255588527,0.1305934637784958
gcn,train,2022-08,country_mx,country_ph,0.4752435665304316,0.14304083585739136
gcn,train,2022-08,country_mx,country_sg,0.6943266254338046,0.1351231187582016
gcn,train,2022-08,country_mx,country_th,0.07198140608196273,0.16538451611995697
gcn,train,2022-08,country_mx,country_us,0.39681724026101256,0.1939619481563568
gcn,train,2022-08,country_mx,country_vn,-0.2078570086971971,0.14757654070854187
gcn,train,2022-08,country_my,country_203,0.42094322926948397,0.1099773421883583
gcn,train,2022-08,country_my,country_344,0.19282227695086612,0.117697574198246
gcn,train,2022-08,country_my,country_372,0.2678754293136378,0.20247022807598114
gcn,train,2022-08,country_my,country_380,-0.12741702336376948,0.11672436445951462
gcn,train,2022-08,country_my,country_cn,0.0710695423565396,0.11004196107387543
gcn,train,2022-08,country_my,country_de,-0.04291540322761829,0.1329527050256729
gcn,train,2022-08,country_my,country_fr,0.034955749960189825,0.13080406188964844
gcn,train,2022-08,country_my,country_gb,-0.030709010597516226,0.1316991150379181
gcn,train,2022-08,country_my,country_in,-0.11804723882811868,0.15851850807666779
gcn,train,2022-08,country_my,country_jp,-0.140927709244492,0.11900980770587921
gcn,train,2022-08,country_my,country_kr,0.12878670481150717,0.12966936826705933
gcn,train,2022-08,country_my,country_mx,-0.011918034665074595,0.13338515162467957
gcn,train,2022-08,country_my,country_ph,0.7969794065200786,0.12566617131233215
gcn,train,2022-08,country_my,country_sg,0.08280574797961554,0.11803703010082245
gcn,train,2022-08,country_my,country_th,0.13489301342521415,0.14520907402038574
gcn,train,2022-08,country_my,country_us,0.027579180693884833,0.1669515073299408
gcn,train,2022-08,country_my,country_vn,-0.33386193419235216,0.12318764626979828
gcn,train,2022-08,country_ph,country_203,-0.35483139301280603,0.11661098152399063
gcn,train,2022-08,country_ph,country_344,0.41995622540979244,0.12605413794517517
gcn,train,2022-08,country_ph,country_372,0.2473481454202433,0.2085946500301361
gcn,train,2022-08,country_ph,country_380,0.6735541825695018,0.12409074604511261
gcn,train,2022-08,country_ph,country_cn,0.0873705800184191,0.11453220993280411
gcn,train,2022-08,country_ph,country_de,0.14541532795498652,0.13920611143112183
gcn,train,2022-08,country_ph,country_fr,0.3644780633158395,0.1354062706232071
gcn,train,2022-08,country_ph,country_gb,-0.15084833668360995,0.13817742466926575
gcn,train,2022-08,country_ph,country_in,0.8408126840443371,0.16394096612930298
gcn,train,2022-08,country_ph,country_jp,-0.10259930566003325,0.12671919167041779
gcn,train,2022-08,country_ph,country_kr,0.11898021151102355,0.13782674074172974
gcn,train,2022-08,country_ph,country_mx,0.32723840934057496,0.14126916229724884
gcn,train,2022-08,country_ph,country_my,-0.040209906244829965,0.12030711770057678
gcn,train,2022-08,country_ph,country_sg,-0.418404765696736,0.12321161478757858
gcn,train,2022-08,country_ph,country_th,-0.05838278424068076,0.1524558663368225
gcn,train,2022-08,country_ph,country_us,0.009094107190771772,0.16991963982582092
gcn,train,2022-08,country_ph,country_vn,0.1328664411517931,0.1327296942472458
gcn,train,2022-08,country_sg,country_203,0.09419479409160832,0.11893029510974884
gcn,train,2022-08,country_sg,country_344,0.020291932487846772,0.12985573709011078
gcn,train,2022-08,country_sg,country_372,0.6273806506592433,0.21241125464439392
gcn,train,2022-08,country_sg,country_380,0.3515987717624707,0.13002116978168488
gcn,train,2022-08,country_sg,country_cn,0.23642604431140832,0.11560876667499542
gcn,train,2022-08,country_sg,country_de,0.8775953752709033,0.14371326565742493
gcn,train,2022-08,country_sg,country_fr,-0.22859624388324376,0.13912901282310486
gcn,train,2022-08,country_sg,country_gb,-0.12734820911843553,0.14144089818000793
gcn,train,2022-08,country_sg,country_in,0.6896214136817432,0.16907237470149994
gcn,train,2022-08,country_sg,country_jp,0.058059022853637975,0.1297128051519394
gcn,train,2022-08,country_sg,country_kr,0.7340553464038136,0.13926829397678375
gcn,train,2022-08,country_sg,country_mx,-0.11681880686002438,0.14366795122623444
gcn,train,2022-08,country_sg,country_my,-0.2044155063379105,0.12300649285316467
gcn,train,2022-08,country_sg,country_ph,0.6963281939107246,0.1345096379518509
gcn,train,2022-08,country_sg,country_th,0.44107240401689346,0.15612196922302246
gcn,train,2022-08,country_sg,country_us,0.03738340297376084,0.17834046483039856
gcn,train,2022-08,country_sg,country_vn,-0.09542112737787979,0.13247911632061005
gcn,train,2022-08,country_th,country_203,0.248922130383549,0.14312900602817535
gcn,train,2022-08,country_th,country_344,-0.16088330852329089,0.15198606252670288
gcn,train,2022-08,country_th,country_372,0.15364045726965142,0.22408518195152283
gcn,train,2022-08,country_th,country_380,0.4336457903994829,0.151777982711792
gcn,train,2022-08,country_th,country_cn,0.05641997418620968,0.13229016959667206
gcn,train,2022-08,country_th,country_de,0.24138514075723014,0.15861885249614716
gcn,train,2022-08,country_th,country_fr,0.25776626332430275,0.14764715731143951
gcn,train,2022-08,country_th,country_gb,-0.10015611077919997,0.15476106107234955
gcn,train,2022-08,country_th,country_in,2.133757945071748,0.1808382123708725
gcn,train,2022-08,country_th,country_jp,-0.06884394007030267,0.14329887926578522
gcn,train,2022-08,country_th,country_kr,0.04299591965257548,0.15557631850242615
gcn,train,2022-08,country_th,country_mx,0.072761645798946,0.1607939898967743
gcn,train,2022-08,country_th,country_my,0.22681679690539142,0.13282136619091034
gcn,train,2022-08,country_th,country_ph,0.37047376937168547,0.14562596380710602
gcn,train,2022-08,country_th,country_sg,-0.2517643100935097,0.13824909925460815
gcn,train,2022-08,country_th,country_us,0.1918606692544777,0.2050713300704956
gcn,train,2022-08,country_th,country_vn,0.07685582925589028,0.15320256352424622
gcn,train,2022-08,country_us,country_203,-0.22893067386638266,0.08040737360715866
gcn,train,2022-08,country_us,country_344,-0.1521781522184697,0.08791922777891159
gcn,train,2022-08,country_us,country_372,0.2905601358310883,0.16148656606674194
gcn,train,2022-08,country_us,country_380,0.3835819676945955,0.08535207808017731
gcn,train,2022-08,country_us,country_cn,0.037480383917111094,0.06962238252162933
gcn,train,2022-08,country_us,country_de,-0.11900059246894377,0.09644815325737
gcn,train,2022-08,country_us,country_fr,-0.2967105442872402,0.09231413900852203
gcn,train,2022-08,country_us,country_gb,-0.07912568789835603,0.09641048312187195
gcn,train,2022-08,country_us,country_in,-0.5065808108704274,0.12048879265785217
gcn,train,2022-08,country_us,country_jp,0.06585612300422047,0.08460590243339539
gcn,train,2022-08,country_us,country_kr,-0.032206638980050994,0.09386149048805237
gcn,train,2022-08,country_us,country_mx,0.028532486951301533,0.09608319401741028
gcn,train,2022-08,country_us,country_my,0.38907737440581563,0.07894794642925262
gcn,train,2022-08,country_us,country_ph,0.03605797157968089,0.08950161188840866
gcn,train,2022-08,country_us,country_sg,-0.31816867629008194,0.08002854883670807
gcn,train,2022-08,country_us,country_th,0.13461394232038532,0.10667416453361511
gcn,train,2022-08,country_us,country_vn,-0.33114882175847427,0.09673929959535599
gcn,train,2022-08,country_vn,country_203,-0.1330659853303007,0.13493487238883972
gcn,train,2022-08,country_vn,country_344,1.2738630591493247,0.14547714591026306
gcn,train,2022-08,country_vn,country_372,2.9471346411157726,0.21778659522533417
gcn,train,2022-08,country_vn,country_380,-0.01460355025634292,0.13918915390968323
gcn,train,2022-08,country_vn,country_cn,0.6926438209830763,0.13041231036186218
gcn,train,2022-08,country_vn,country_de,0.07976001248408864,0.15533821284770966
gcn,train,2022-08,country_vn,country_fr,0.2576479013248528,0.14583775401115417
gcn,train,2022-08,country_vn,country_gb,0.7087160617942134,0.14622126519680023
gcn,train,2022-08,country_vn,country_in,1.8689707315578978,0.1763293445110321
gcn,train,2022-08,country_vn,country_jp,-0.30100898769261214,0.13779646158218384
gcn,train,2022-08,country_vn,country_kr,0.15603912965551106,0.14867863059043884
gcn,train,2022-08,country_vn,country_mx,-0.08662939960187012,0.15587304532527924
gcn,train,2022-08,country_vn,country_my,0.3609726080714253,0.13021352887153625
gcn,train,2022-08,country_vn,country_ph,-0.08278860399399812,0.1382497102022171
gcn,train,2022-08,country_vn,country_sg,0.44565739338279226,0.13345398008823395
gcn,train,2022-08,country_vn,country_th,0.0670079337152176,0.16676077246665955
gcn,train,2022-08,country_vn,country_us,0.43818545622172667,0.19965700805187225
gcn,train,2022-09,country_203,country_344,0.36898799925655257,0.10774189233779907
gcn,train,2022-09,country_203,country_372,-0.8191770845792621,0.12542730569839478
gcn,train,2022-09,country_203,country_380,-0.3157545005971176,0.09619760513305664
gcn,train,2022-09,country_203,country_cn,-0.1659253830743359,0.12638017535209656
gcn,train,2022-09,country_203,country_de,-0.05450080729123022,0.1199546605348587
gcn,train,2022-09,country_203,country_fr,0.700982411477656,0.1094895675778389
gcn,train,2022-09,country_203,country_gb,-0.29154962490062314,0.10038422048091888
gcn,train,2022-09,country_203,country_in,-0.5662457954229208,0.1617996245622635
gcn,train,2022-09,country_203,country_jp,0.702325850275384,0.07078640908002853
gcn,train,2022-09,country_203,country_kr,-0.2328921857877434,0.10235318541526794
gcn,train,2022-09,country_203,country_mx,15.187833576897416,0.0937703549861908
gcn,train,2022-09,country_203,country_my,-0.26039744953540434,0.07354062795639038
gcn,train,2022-09,country_203,country_ph,-0.220616356288198,0.10261574387550354
gcn,train,2022-09,country_203,country_sg,-0.2370870255978811,0.0629890114068985
gcn,train,2022-09,country_203,country_th,0.21896877726469,0.11159134656190872
gcn,train,2022-09,country_203,country_us,0.2457681665048742,0.1949443221092224
gcn,train,2022-09,country_203,country_vn,-0.518569725948825,0.07634839415550232
gcn,train,2022-09,country_344,country_203,-0.625440377554682,0.13647903501987457
gcn,train,2022-09,country_344,country_372,1.256158495484825,0.10672986507415771
gcn,train,2022-09,country_344,country_380,0.6834830799278937,0.071930892765522
gcn,train,2022-09,country_344,country_cn,4.626400012177837,0.10238662362098694
gcn,train,2022-09,country_344,country_de,-0.020682530948163386,0.08933746814727783
gcn,train,2022-09,country_344,country_fr,-0.2614691847888155,0.08154118061065674
gcn,train,2022-09,country_344,country_gb,-0.43675838396773053,0.07804808020591736
gcn,train,2022-09,country_344,country_in,-0.24946125264383315,0.15475541353225708
gcn,train,2022-09,country_344,country_jp,-0.4282469392605722,0.05119266360998154
gcn,train,2022-09,country_344,country_kr,0.668660005746567,0.08739215135574341
gcn,train,2022-09,country_344,country_mx,0.6099744172718408,0.07101789861917496
gcn,train,2022-09,country_344,country_my,-0.5206880360882753,0.051127247512340546
gcn,train,2022-09,country_344,country_ph,-0.15650292755582002,0.09082338958978653
gcn,train,2022-09,country_344,country_sg,-0.5107133415479461,0.042652204632759094
gcn,train,2022-09,country_344,country_th,0.18457048408288146,0.10177705436944962
gcn,train,2022-09,country_344,country_us,-0.29098454256303224,0.18046827614307404
gcn,train,2022-09,country_344,country_vn,-0.7624364148375985,0.05307536572217941
gcn,train,2022-09,country_372,country_203,-0.33107371421118603,0.1350574493408203
gcn,train,2022-09,country_372,country_344,2.8940365456008075,0.0933217704296112
gcn,train,2022-09,country_372,country_380,15.675919786945231,0.07822851836681366
gcn,train,2022-09,country_372,country_cn,0.06899783465817118,0.11348751932382584
gcn,train,2022-09,country_372,country_de,0.8700937210981126,0.10094764828681946
gcn,train,2022-09,country_372,country_fr,-0.36040691335664143,0.09367699176073074
gcn,train,2022-09,country_372,country_gb,-0.2743046975818462,0.07831525802612305
gcn,train,2022-09,country_372,country_in,0.924328572825399,0.15896178781986237
gcn,train,2022-09,country_372,country_jp,-0.15857318043878052,0.061678387224674225
gcn,train,2022-09,country_372,country_kr,-0.11389561907930995,0.08785249292850494
gcn,train,2022-09,country_372,country_mx,-0.43342062578721785,0.07854484021663666
gcn,train,2022-09,country_372,country_my,0.5865049749474438,0.06059190630912781
gcn,train,2022-09,country_372,country_ph,0.2799851087642703,0.08401323109865189
gcn,train,2022-09,country_372,country_sg,0.020499452333743638,0.04312075674533844
gcn,train,2022-09,country_372,country_th,27.54192106347017,0.09527865052223206
gcn,train,2022-09,country_372,country_us,1.10823991483294,0.192234605550766
gcn,train,2022-09,country_372,country_vn,-0.11447356510237812,0.06344053149223328
gcn,train,2022-09,country_380,country_203,-0.2708401566147157,0.11083044111728668
gcn,train,2022-09,country_380,country_344,0.256655954563636,0.07222002744674683
gcn,train,2022-09,country_380,country_372,1.1628636250816358,0.0904177874326706
gcn,train,2022-09,country_380,country_cn,0.23395673898130545,0.08033107966184616
gcn,train,2022-09,country_380,country_de,0.2965134846296861,0.07037531584501266
gcn,train,2022-09,country_380,country_fr,-0.19720085556699243,0.0634734183549881
gcn,train,2022-09,country_380,country_gb,-0.42092238285038674,0.045461878180503845
gcn,train,2022-09,country_380,country_in,-0.30189633194992216,0.11490751057863235
gcn,train,2022-09,country_380,country_jp,0.015608502212682169,0.020421937108039856
gcn,train,2022-09,country_380,country_kr,-0.04908549513263573,0.060246482491493225
gcn,train,2022-09,country_380,country_mx,0.2791561225542938,0.04804564267396927
gcn,train,2022-09,country_380,country_my,0.1990633038766438,0.029783397912979126
gcn,train,2022-09,country_380,country_ph,0.20942311935409125,0.06335277855396271
gcn,train,2022-09,country_380,country_sg,0.028204107849336777,0.01967760920524597
gcn,train,2022-09,country_380,country_th,-0.0018786257690546473,0.07370016723871231
gcn,train,2022-09,country_380,country_us,0.3008854271034607,0.16303740441799164
gcn,train,2022-09,country_380,country_vn,-0.16700496917586446,0.029289565980434418
gcn,train,2022-09,country_cn,country_203,0.029049602347219306,0.13728494942188263
gcn,train,2022-09,country_cn,country_344,0.0231641315615258,0.10659202188253403
gcn,train,2022-09,country_cn,country_372,1.7490408342107873,0.13036945462226868
gcn,train,2022-09,country_cn,country_380,0.6436456603463437,0.0942160114645958
gcn,train,2022-09,country_cn,country_de,0.3763151875060029,0.11725122481584549
gcn,train,2022-09,country_cn,country_fr,0.08913309303364754,0.10661353915929794
gcn,train,2022-09,country_cn,country_gb,0.18183044247987676,0.10218305140733719
gcn,train,2022-09,country_cn,country_in,-0.4248421181510268,0.1581340879201889
gcn,train,2022-09,country_cn,country_jp,0.010808507191019454,0.08261989057064056
gcn,train,2022-09,country_cn,country_kr,0.03247456424551371,0.10908689349889755
gcn,train,2022-09,country_cn,country_mx,-0.01782882794752949,0.09255533665418625
gcn,train,2022-09,country_cn,country_my,-0.0374929539348719,0.08828798681497574
gcn,train,2022-09,country_cn,country_ph,0.24546202871946965,0.09704486280679703
gcn,train,2022-09,country_cn,country_sg,-0.008500855804901928,0.06548385322093964
gcn,train,2022-09,country_cn,country_th,-0.09763103809093768,0.11965994536876678
gcn,train,2022-09,country_cn,country_us,-0.1762392557089889,0.2028726041316986
gcn,train,2022-09,country_cn,country_vn,-0.11390900227442706,0.09588292241096497
gcn,train,2022-09,country_de,country_203,0.06674069609085882,0.13393978774547577
gcn,train,2022-09,country_de,country_344,0.06360608687086583,0.09860114753246307
gcn,train,2022-09,country_de,country_372,-0.4367826954940998,0.1267286092042923
gcn,train,2022-09,country_de,country_380,0.04228451896856907,0.08775108307600021
gcn,train,2022-09,country_de,country_cn,0.013333511599510465,0.1180325448513031
gcn,train,2022-09,country_de,country_fr,-0.11708186493198511,0.10343843698501587
gcn,train,2022-09,country_de,country_gb,-0.3644090223381133,0.09245134890079498
gcn,train,2022-09,country_de,country_in,0.11994371350824243,0.15037477016448975
gcn,train,2022-09,country_de,country_jp,0.11573066416227287,0.07053359597921371
gcn,train,2022-09,country_de,country_kr,-0.38452260969135144,0.0998876690864563
gcn,train,2022-09,country_de,country_mx,0.08323536941360819,0.08636818826198578
gcn,train,2022-09,country_de,country_my,-0.060109491906004855,0.08284713327884674
gcn,train,2022-09,country_de,country_ph,-0.0627662112538605,0.09092740714550018
gcn,train,2022-09,country_de,country_sg,-0.16872741767226393,0.05733014643192291
gcn,train,2022-09,country_de,country_th,0.19106113922463513,0.10956566780805588
gcn,train,2022-09,country_de,country_us,0.3407675912691231,0.1941041350364685
gcn,train,2022-09,country_de,country_vn,-0.025581142504347117,0.06911221146583557
gcn,train,2022-09,country_fr,country_203,-0.09802502090839921,0.12976758182048798
gcn,train,2022-09,country_fr,country_344,-0.18734337400512824,0.09225374460220337
gcn,train,2022-09,country_fr,country_372,-0.11006878949071634,0.11535107344388962
gcn,train,2022-09,country_fr,country_380,0.0653456701663684,0.081472247838974
gcn,train,2022-09,country_fr,country_cn,-0.0027418648710377954,0.11338745057582855
gcn,train,2022-09,country_fr,country_de,0.28356041597654436,0.10434769839048386
gcn,train,2022-09,country_fr,country_gb,-0.20616835859516958,0.08123191446065903
gcn,train,2022-09,country_fr,country_in,3.0412871265856487,0.14646673202514648
gcn,train,2022-09,country_fr,country_jp,0.330093992252997,0.06469248980283737
gcn,train,2022-09,country_fr,country_kr,0.11218299865556013,0.09314250946044922
gcn,train,2022-09,country_fr,country_mx,0.3231068287764053,0.081014484167099
gcn,train,2022-09,country_fr,country_my,-0.05531282423551664,0.07557230442762375
gcn,train,2022-09,country_fr,country_ph,0.09535702010033598,0.08667698502540588
gcn,train,2022-09,country_fr,country_sg,0.037514712489413946,0.05290370434522629
gcn,train,2022-09,country_fr,country_th,-0.00840681991963562,0.104200080037117
gcn,train,2022-09,country_fr,country_us,0.14606794138906873,0.18734368681907654
gcn,train,2022-09,country_fr,country_vn,-0.06964411066990696,0.06344641000032425
gcn,train,2022-09,country_gb,country_203,0.35078235297108123,0.11425907909870148
gcn,train,2022-09,country_gb,country_344,-0.1709806239159379,0.07843822985887527
gcn,train,2022-09,country_gb,country_372,-0.8975681833982345,0.09743992239236832
gcn,train,2022-09,country_gb,country_380,-0.23803877460076386,0.06063099205493927
gcn,train,2022-09,country_gb,country_cn,-0.021727618881344803,0.09450778365135193
gcn,train,2022-09,country_gb,country_de,0.09802328680361716,0.08264915645122528
gcn,train,2022-09,country_gb,country_fr,-0.028060991691665038,0.07541939616203308
gcn,train,2022-09,country_gb,country_in,0.2493715679394757,0.13123837113380432
gcn,train,2022-09,country_gb,country_jp,0.4176296442589703,0.04624011367559433
gcn,train,2022-09,country_gb,country_kr,-0.2753648391052185,0.07620116323232651
gcn,train,2022-09,country_gb,country_mx,-0.09204309100239082,0.06275328993797302
gcn,train,2022-09,country_gb,country_my,-0.11294403900824193,0.05841117352247238
gcn,train,2022-09,country_gb,country_ph,1.6482811100345516,0.07197106629610062
gcn,train,2022-09,country_gb,country_sg,0.02099994966293224,0.03334897756576538
gcn,train,2022-09,country_gb,country_th,-0.6149605272889095,0.08614756166934967
gcn,train,2022-09,country_gb,country_us,-0.09122860674827696,0.17415376007556915
gcn,train,2022-09,country_gb,country_vn,-0.3459930463906974,0.0530267208814621
gcn,train,2022-09,country_in,country_203,-0.5415609394894393,0.1381106674671173
gcn,train,2022-09,country_in,country_344,0.08538787223773181,0.10100957006216049
gcn,train,2022-09,country_in,country_372,0.8510597386731673,0.12445581704378128
gcn,train,2022-09,country_in,country_380,-0.28571418408334415,0.08535342663526535
gcn,train,2022-09,country_in,country_cn,-0.3508562839169982,0.12955261766910553
gcn,train,2022-09,country_in,country_de,-0.016261391382868317,0.11905883252620697
gcn,train,2022-09,country_in,country_fr,1.1250589810197824,0.11669829487800598
gcn,train,2022-09,country_in,country_gb,-0.496911013987449,0.10865959525108337
gcn,train,2022-09,country_in,country_jp,0.22831907772986035,0.07014217227697372
gcn,train,2022-09,country_in,country_kr,0.5532005933081873,0.1102733314037323
gcn,train,2022-09,country_in,country_mx,1.6758497092669533,0.10314485430717468
gcn,train,2022-09,country_in,country_my,6.016773750787118,0.09098726511001587
gcn,train,2022-09,country_in,country_ph,4.170272515960748,0.09944270551204681
gcn,train,2022-09,country_in,country_sg,1.7900954825538873,0.07067854702472687
gcn,train,2022-09,country_in,country_th,0.24932191012501578,0.12019555270671844
gcn,train,2022-09,country_in,country_us,8.667008319044504,0.2160375863313675
gcn,train,2022-09,country_in,country_vn,3.173882171340084,0.08707015216350555
gcn,train,2022-09,country_jp,country_203,0.08963252964404632,0.11468598991632462
gcn,train,2022-09,country_jp,country_344,-0.020223943383147445,0.07953812927007675
gcn,train,2022-09,country_jp,country_372,0.4152710459152257,0.09332798421382904
gcn,train,2022-09,country_jp,country_380,-0.05068224350714937,0.057948410511016846
gcn,train,2022-09,country_jp,country_cn,0.04851988240252649,0.09648105502128601
gcn,train,2022-09,country_jp,country_de,0.03282664010893891,0.08015952259302139
gcn,train,2022-09,country_jp,country_fr,-0.004364617926111136,0.07031989097595215
gcn,train,2022-09,country_jp,country_gb,0.016122095316050404,0.05895408242940903
gcn,train,2022-09,country_jp,country_in,0.15465566605607894,0.13332879543304443
gcn,train,2022-09,country_jp,country_kr,0.5786245878080802,0.0807458907365799
gcn,train,2022-09,country_jp,country_mx,0.028573770553855907,0.05593280494213104
gcn,train,2022-09,country_jp,country_my,-0.0191278965879964,0.06959238648414612
gcn,train,2022-09,country_jp,country_ph,0.036680263486152415,0.08220429718494415
gcn,train,2022-09,country_jp,country_sg,0.38962785984751797,0.03066997230052948
gcn,train,2022-09,country_jp,country_th,0.011111275963902403,0.09487918019294739
gcn,train,2022-09,country_jp,country_us,0.03906511060205072,0.17485958337783813
gcn,train,2022-09,country_jp,country_vn,-0.1427296920330334,0.038149118423461914
gcn,train,2022-09,country_kr,country_203,0.23040691293694984,0.12007612735033035
gcn,train,2022-09,country_kr,country_344,-0.09757104388782795,0.08357849717140198
gcn,train,2022-09,country_kr,country_372,-0.418378623169077,0.09843151271343231
gcn,train,2022-09,country_kr,country_380,0.06801980187663907,0.06450003385543823
gcn,train,2022-09,country_kr,country_cn,-0.16950502272595208,0.1053689569234848
gcn,train,2022-09,country_kr,country_de,0.1826435436191867,0.09150583297014236
gcn,train,2022-09,country_kr,country_fr,0.6892530563943182,0.08667056262493134
gcn,train,2022-09,country_kr,country_gb,1.1162728365354184,0.07208705693483353
gcn,train,2022-09,country_kr,country_in,0.058924690281750396,0.14059245586395264
gcn,train,2022-09,country_kr,country_jp,-0.2652242388484167,0.05334773659706116
gcn,train,2022-09,country_kr,country_mx,0.2295966418016662,0.06837965548038483
gcn,train,2022-09,country_kr,country_my,0.03934648746577345,0.072901651263237
gcn,train,2022-09,country_kr,country_ph,-0.2507217198712991,0.08145967870950699
gcn,train,2022-09,country_kr,country_sg,-0.19455890786410673,0.04222200810909271
gcn,train,2022-09,country_kr,country_th,0.218761500172193,0.09885736554861069
gcn,train,2022-09,country_kr,country_us,0.365772021655194,0.18721365928649902
gcn,train,2022-09,country_kr,country_vn,-0.08169015420096262,0.05044005811214447
gcn,train,2022-09,country_mx,country_203,0.10122738142337143,0.124424509704113
gcn,train,2022-09,country_mx,country_344,-0.1272137463303662,0.09033486247062683
gcn,train,2022-09,country_mx,country_372,-0.5840822649905967,0.10146141797304153
gcn,train,2022-09,country_mx,country_380,0.37512466025578894,0.07052654027938843
gcn,train,2022-09,country_mx,country_cn,-0.003899760704322075,0.10737157613039017
gcn,train,2022-09,country_mx,country_de,-0.014495960028454739,0.09299416095018387
gcn,train,2022-09,country_mx,country_fr,0.025905565832149244,0.08206519484519958
gcn,train,2022-09,country_mx,country_gb,0.09498613961369351,0.06944723427295685
gcn,train,2022-09,country_mx,country_in,1.397560980625961,0.1394987255334854
gcn,train,2022-09,country_mx,country_jp,-0.27849087458688926,0.05276210606098175
gcn,train,2022-09,country_mx,country_kr,-0.17673464655122587,0.08752720803022385
gcn,train,2022-09,country_mx,country_my,-0.2315662743925187,0.068367138504982
gcn,train,2022-09,country_mx,country_ph,1.5563207051203,0.07820124924182892
gcn,train,2022-09,country_mx,country_sg,0.5132639931746427,0.04425468295812607
gcn,train,2022-09,country_mx,country_th,0.3259096768835258,0.09694872051477432
gcn,train,2022-09,country_mx,country_us,0.21077797846188562,0.18420986831188202
gcn,train,2022-09,country_mx,country_vn,1.017531817697923,0.053957633674144745
gcn,train,2022-09,country_my,country_203,0.16110815719477156,0.1318347454071045
gcn,train,2022-09,country_my,country_344,-0.1988167884908507,0.09565715491771698
gcn,train,2022-09,country_my,country_372,-0.14353335302294976,0.11323873698711395
gcn,train,2022-09,country_my,country_380,-0.024306542716263296,0.07611259073019028
gcn,train,2022-09,country_my,country_cn,-0.12613207707961568,0.11523006111383438
gcn,train,2022-09,country_my,country_de,-0.08092439024686673,0.10289853066205978
gcn,train,2022-09,country_my,country_fr,-0.03324430342420655,0.09620951116085052
gcn,train,2022-09,country_my,country_gb,-0.40275126601885053,0.08070899546146393
gcn,train,2022-09,country_my,country_in,0.3583691602568648,0.14645233750343323
gcn,train,2022-09,country_my,country_jp,-0.23615072414079394,0.06341693550348282
gcn,train,2022-09,country_my,country_kr,0.07283748061157286,0.09417033195495605
gcn,train,2022-09,country_my,country_mx,0.2588870011141345,0.07510572671890259
gcn,train,2022-09,country_my,country_ph,0.29842370521356076,0.09072055667638779
gcn,train,2022-09,country_my,country_sg,-0.24350020301741487,0.051698192954063416
gcn,train,2022-09,country_my,country_th,0.08539767996116364,0.10686802864074707
gcn,train,2022-09,country_my,country_us,0.041160015150977114,0.1963166445493698
gcn,train,2022-09,country_my,country_vn,0.26800025771983094,0.07554034143686295
gcn,train,2022-09,country_ph,country_203,-0.1906195106974258,0.1368524432182312
gcn,train,2022-09,country_ph,country_344,0.4302221008347273,0.10086023807525635
gcn,train,2022-09,country_ph,country_372,-0.04085365811220752,0.11808471381664276
gcn,train,2022-09,country_ph,country_380,-0.10578024565530189,0.08096887171268463
gcn,train,2022-09,country_ph,country_cn,-0.10909388136090054,0.12090152502059937
gcn,train,2022-09,country_ph,country_de,0.11855113470483478,0.10706204175949097
gcn,train,2022-09,country_ph,country_fr,0.25457337259338225,0.10197117924690247
gcn,train,2022-09,country_ph,country_gb,-0.1114737833869595,0.08504383265972137
gcn,train,2022-09,country_ph,country_in,0.25589927564142206,0.15326254069805145
gcn,train,2022-09,country_ph,country_jp,-0.02282826378271977,0.07298652827739716
gcn,train,2022-09,country_ph,country_kr,0.12187403565103937,0.10029450058937073
gcn,train,2022-09,country_ph,country_mx,-0.004327585412133967,0.08184311538934708
gcn,train,2022-09,country_ph,country_my,0.03932533360499269,0.07942987233400345
gcn,train,2022-09,country_ph,country_sg,-0.37779522397821946,0.05545005947351456
gcn,train,2022-09,country_ph,country_th,-0.06060125704052539,0.11227497458457947
gcn,train,2022-09,country_ph,country_us,0.056862325879866775,0.19854962825775146
gcn,train,2022-09,country_ph,country_vn,-0.06121639425114909,0.06395111978054047
gcn,train,2022-09,country_sg,country_203,0.7887445298505771,0.10471098124980927
gcn,train,2022-09,country_sg,country_344,-0.40858870084512877,0.07573028653860092
gcn,train,2022-09,country_sg,country_372,-0.393444231563056,0.08294457197189331
gcn,train,2022-09,country_sg,country_380,0.5287673877387232,0.050101086497306824
gcn,train,2022-09,country_sg,country_cn,-0.1398011506797353,0.08329630643129349
gcn,train,2022-09,country_sg,country_de,0.7751583697055918,0.07367968559265137
gcn,train,2022-09,country_sg,country_fr,0.030423090500589563,0.06415694206953049
gcn,train,2022-09,country_sg,country_gb,0.21975318740531793,0.047641366720199585
gcn,train,2022-09,country_sg,country_in,-0.14012073200740313,0.12791788578033447
gcn,train,2022-09,country_sg,country_jp,-0.09595223249002051,0.038853324949741364
gcn,train,2022-09,country_sg,country_kr,-0.1357935573357251,0.07026262581348419
gcn,train,2022-09,country_sg,country_mx,-0.054445751215684776,0.04189002513885498
gcn,train,2022-09,country_sg,country_my,-0.14274656057314264,0.058818936347961426
gcn,train,2022-09,country_sg,country_ph,0.02687725172708341,0.07097212970256805
gcn,train,2022-09,country_sg,country_th,0.2368091761784333,0.08283558487892151
gcn,train,2022-09,country_sg,country_us,0.2279738804504869,0.1601506471633911
gcn,train,2022-09,country_sg,country_vn,-0.3646344299538224,0.024267181754112244
gcn,train,2022-09,country_th,country_203,-0.08284841443382122,0.12380208820104599
gcn,train,2022-09,country_th,country_344,-0.1532354132256319,0.08737283200025558
gcn,train,2022-09,country_th,country_372,-0.04799961118782846,0.10811369121074677
gcn,train,2022-09,country_th,country_380,-0.06454945777598228,0.06973820179700851
gcn,train,2022-09,country_th,country_cn,-0.16262202333929324,0.11063124984502792
gcn,train,2022-09,country_th,country_de,0.015837565968894202,0.09915405511856079
gcn,train,2022-09,country_th,country_fr,0.22123637759312353,0.09212329238653183
gcn,train,2022-09,country_th,country_gb,-0.3785018768967003,0.08100970089435577
gcn,train,2022-09,country_th,country_in,2.7205076574420533,0.14328470826148987
gcn,train,2022-09,country_th,country_jp,-0.03331394704740715,0.061710432171821594
gcn,train,2022-09,country_th,country_kr,-0.05432421710062608,0.0921456515789032
gcn,train,2022-09,country_th,country_mx,0.06405962450989354,0.07634130865335464
gcn,train,2022-09,country_th,country_my,-0.1286048435714879,0.07777944207191467
gcn,train,2022-09,country_th,country_ph,-0.01795771976482622,0.0832558274269104
gcn,train,2022-09,country_th,country_sg,-0.2517434672635646,0.04874090850353241
gcn,train,2022-09,country_th,country_us,0.2565380203904229,0.1932140588760376
gcn,train,2022-09,country_th,country_vn,0.22368063979689357,0.058307304978370667
gcn,train,2022-09,country_us,country_203,0.016901020786035933,0.08988584578037262
gcn,train,2022-09,country_us,country_344,-0.21206962649703062,0.0551023930311203
gcn,train,2022-09,country_us,country_372,0.007753045548177874,0.07841275632381439
gcn,train,2022-09,country_us,country_380,0.5193082532057871,0.04000145196914673
gcn,train,2022-09,country_us,country_cn,0.0068975089650193475,0.08036339282989502
gcn,train,2022-09,country_us,country_de,-0.10952235459739576,0.07279988378286362
gcn,train,2022-09,country_us,country_fr,-0.13895298757847963,0.07144495844841003
gcn,train,2022-09,country_us,country_gb,-0.277308353517015,0.05525347590446472
gcn,train,2022-09,country_us,country_in,-0.5426373007690254,0.11374948173761368
gcn,train,2022-09,country_us,country_jp,-0.09426606513811632,0.03452339768409729
gcn,train,2022-09,country_us,country_kr,-0.039114697927587115,0.06231515109539032
gcn,train,2022-09,country_us,country_mx,0.08326639528253627,0.047617360949516296
gcn,train,2022-09,country_us,country_my,0.14984450588852935,0.04889075458049774
gcn,train,2022-09,country_us,country_ph,0.3255323139034081,0.05472799390554428
gcn,train,2022-09,country_us,country_sg,-0.38687887160476947,0.021387338638305664
gcn,train,2022-09,country_us,country_th,0.008342103816290298,0.07312233746051788
gcn,train,2022-09,country_us,country_vn,-0.1661782270047415,0.03334394097328186
gcn,train,2022-09,country_vn,country_203,-0.5391510003166365,0.12155934423208237
gcn,train,2022-09,country_vn,country_344,0.5236830547922781,0.08670435845851898
gcn,train,2022-09,country_vn,country_372,1.2955485492487482,0.09842804819345474
gcn,train,2022-09,country_vn,country_380,1.1165002056933757,0.06381652504205704
gcn,train,2022-09,country_vn,country_cn,0.20246942705416734,0.11117962002754211
gcn,train,2022-09,country_vn,country_de,-0.12045432502779194,0.09577124565839767
gcn,train,2022-09,country_vn,country_fr,0.02057575749290866,0.08611316978931427
gcn,train,2022-09,country_vn,country_gb,0.04544012013208022,0.06695161759853363
gcn,train,2022-09,country_vn,country_in,2.2768519053561236,0.13927307724952698
gcn,train,2022-09,country_vn,country_jp,-0.5142426056802206,0.05568529665470123
gcn,train,2022-09,country_vn,country_kr,-0.335624299076887,0.08751362562179565
gcn,train,2022-09,country_vn,country_mx,0.7264693840206796,0.06848376244306564
gcn,train,2022-09,country_vn,country_my,-0.029606125917028478,0.06807589530944824
gcn,train,2022-09,country_vn,country_ph,-0.10696457526879666,0.07060196995735168
gcn,train,2022-09,country_vn,country_sg,-0.0923649519033006,0.037574879825115204
gcn,train,2022-09,country_vn,country_th,-0.30995646635914137,0.09922950714826584
gcn,train,2022-09,country_vn,country_us,0.5131052942752464,0.19192132353782654
gcn,train,2022-10,country_203,country_344,-0.5304889113311474,0.01801326870918274
gcn,train,2022-10,country_203,country_372,-0.674277245485666,0.01514466106891632
gcn,train,2022-10,country_203,country_380,0.01835706648117428,0.03847014158964157
gcn,train,2022-10,country_203,country_cn,-0.21557526889979478,0.016272500157356262
gcn,train,2022-10,country_203,country_de,-0.1412124131747921,0.013700485229492188
gcn,train,2022-10,country_203,country_fr,3.4678975501029377,0.016398131847381592
gcn,train,2022-10,country_203,country_gb,-0.40142390617750506,-0.00578249990940094
gcn,train,2022-10,country_203,country_in,0.5712977026898504,-0.012261554598808289
gcn,train,2022-10,country_203,country_jp,-0.012934843490203922,-0.00022718310356140137
gcn,train,2022-10,country_203,country_kr,0.674854589901374,0.03009118139743805
gcn,train,2022-10,country_203,country_mx,0.6311714416545968,-0.0008747577667236328
gcn,train,2022-10,country_203,country_my,0.09655159509913704,0.01732221245765686
gcn,train,2022-10,country_203,country_ph,0.3893015116310665,0.025989100337028503
gcn,train,2022-10,country_203,country_sg,-0.08884215462678687,-0.02737167477607727
gcn,train,2022-10,country_203,country_th,0.2568547125318854,-0.007997706532478333
gcn,train,2022-10,country_203,country_us,-0.07256954127361362,0.0893121063709259
gcn,train,2022-10,country_203,country_vn,-0.1331935522182625,0.008416980504989624
gcn,train,2022-10,country_344,country_203,0.08524078680053139,0.029869213700294495
gcn,train,2022-10,country_344,country_372,-0.45256780247591516,0.009385541081428528
gcn,train,2022-10,country_344,country_380,-0.08973518491060206,0.030964896082878113
gcn,train,2022-10,country_344,country_cn,4.295939863597765,0.018778175115585327
gcn,train,2022-10,country_344,country_de,-0.22219968927953404,0.0012992769479751587
gcn,train,2022-10,country_344,country_fr,-0.02924435657553844,0.0060707926750183105
gcn,train,2022-10,country_344,country_gb,-0.5148986466690882,-0.0021431148052215576
gcn,train,2022-10,country_344,country_in,-0.21679748533167628,-0.003988578915596008
gcn,train,2022-10,country_344,country_jp,-0.7318281363430302,-0.007578045129776001
gcn,train,2022-10,country_344,country_kr,-0.231206411003236,0.03813298046588898
gcn,train,2022-10,country_344,country_mx,-0.3057999705026392,-0.0032485276460647583
gcn,train,2022-10,country_344,country_my,-0.41874478058337505,0.01494164764881134
gcn,train,2022-10,country_344,country_ph,-0.146824642994415,0.04126361757516861
gcn,train,2022-10,country_344,country_sg,-0.46861421358913496,-0.028414249420166016
gcn,train,2022-10,country_344,country_th,-0.2672588195437574,0.0004682391881942749
gcn,train,2022-10,country_344,country_us,-0.009436569437924027,0.09655342251062393
gcn,train,2022-10,country_344,country_vn,0.2679343852694773,0.006118208169937134
gcn,train,2022-10,country_372,country_203,-0.24543115785064748,0.0217655748128891
gcn,train,2022-10,country_372,country_344,2.3584336847279483,0.005572140216827393
gcn,train,2022-10,country_372,country_380,-0.22610032490643497,0.02967642992734909
gcn,train,2022-10,country_372,country_cn,-0.5503147838363939,0.006986886262893677
gcn,train,2022-10,country_372,country_de,0.5360990534180722,-0.007814466953277588
gcn,train,2022-10,country_372,country_fr,-0.15306959193341818,0.0009937435388565063
gcn,train,2022-10,country_372,country_gb,-0.4641120805918116,-0.018546193838119507
gcn,train,2022-10,country_372,country_in,1.10059641955632,-0.01574835181236267
gcn,train,2022-10,country_372,country_jp,-0.027378653109356017,-0.01076623797416687
gcn,train,2022-10,country_372,country_kr,0.8267034704303529,0.0192946195602417
gcn,train,2022-10,country_372,country_mx,-0.4527941136493381,-0.017006337642669678
gcn,train,2022-10,country_372,country_my,-0.12240075117340317,0.033947378396987915
gcn,train,2022-10,country_372,country_ph,0.36800831564093217,0.022827595472335815
gcn,train,2022-10,country_372,country_sg,0.05032026690729305,-0.05791020393371582
gcn,train,2022-10,country_372,country_th,-0.8765660747281018,-0.025230497121810913
gcn,train,2022-10,country_372,country_us,0.016740450253700197,0.09053517132997513
gcn,train,2022-10,country_372,country_vn,-0.46584327479994886,-0.0013189464807510376
gcn,train,2022-10,country_380,country_203,-0.4697205980326112,0.0362141951918602
gcn,train,2022-10,country_380,country_344,0.22670467965045285,0.01936277747154236
gcn,train,2022-10,country_380,country_372,0.5424441476708494,0.017100036144256592
gcn,train,2022-10,country_380,country_cn,0.1680098204781872,0.015848234295845032
gcn,train,2022-10,country_380,country_de,0.21289483263687423,0.012764692306518555
gcn,train,2022-10,country_380,country_fr,-0.1979422477182295,0.01658092439174652
gcn,train,2022-10,country_380,country_gb,-0.41035066205680426,-0.004852414131164551
gcn,train,2022-10,country_380,country_in,0.07738935097599337,-0.014945030212402344
gcn,train,2022-10,country_380,country_jp,0.24751008739388197,0.0031253844499588013
gcn,train,2022-10,country_380,country_kr,-0.24502342838374686,0.03144744038581848
gcn,train,2022-10,country_380,country_mx,-0.08259389327467884,-0.002382025122642517
gcn,train,2022-10,country_380,country_my,0.27870054762842666,0.041537731885910034
gcn,train,2022-10,country_380,country_ph,0.08109628053941595,0.03656245023012161
gcn,train,2022-10,country_380,country_sg,0.009248945552376148,-0.024598151445388794
gcn,train,2022-10,country_380,country_th,-0.2764966641194836,-0.00704541802406311
gcn,train,2022-10,country_380,country_us,-0.016398804725810213,0.11127621680498123
gcn,train,2022-10,country_380,country_vn,-0.04081108746791473,0.0069596171379089355
gcn,train,2022-10,country_cn,country_203,0.052456891529880985,0.03748755902051926
gcn,train,2022-10,country_cn,country_344,-0.10679472513091885,0.023261576890945435
gcn,train,2022-10,country_cn,country_372,1.2027268368404649,0.015209823846817017
gcn,train,2022-10,country_cn,country_380,0.5110739006191022,0.036635465919971466
gcn,train,2022-10,country_cn,country_de,0.313369487585313,0.017949596047401428
gcn,train,2022-10,country_cn,country_fr,0.03707774370525056,0.023228511214256287
gcn,train,2022-10,country_cn,country_gb,0.38438725757778386,0.004944846034049988
gcn,train,2022-10,country_cn,country_in,-0.4156190741912393,-0.008148044347763062
gcn,train,2022-10,country_cn,country_jp,-0.015356581165149534,0.012011557817459106
gcn,train,2022-10,country_cn,country_kr,-0.1467031239961857,0.04608112573623657
gcn,train,2022-10,country_cn,country_mx,-0.17920259549096937,-0.008642256259918213
gcn,train,2022-10,country_cn,country_my,0.03819972936733537,0.04043245315551758
gcn,train,2022-10,country_cn,country_ph,-0.05362157023396349,0.04000961035490036
gcn,train,2022-10,country_cn,country_sg,-0.149606113198108,-0.023682594299316406
gcn,train,2022-10,country_cn,country_th,-0.05837744465224826,0.006380915641784668
gcn,train,2022-10,country_cn,country_us,-0.16633382396746352,0.1105186715722084
gcn,train,2022-10,country_cn,country_vn,-0.1281422212648283,0.03145112842321396
gcn,train,2022-10,country_de,country_203,0.1598673405661065,0.031294263899326324
gcn,train,2022-10,country_de,country_344,0.0608673730469788,0.02078673243522644
gcn,train,2022-10,country_de,country_372,-0.14433162805838937,0.012153536081314087
gcn,train,2022-10,country_de,country_380,-0.024151283264927964,0.03271572291851044
gcn,train,2022-10,country_de,country_cn,-0.05366482612649607,0.020235538482666016
gcn,train,2022-10,country_de,country_fr,0.03838174145233381,0.017890632152557373
gcn,train,2022-10,country_de,country_gb,-0.021907321990798465,-0.0024052560329437256
gcn,train,2022-10,country_de,country_in,0.45831088686094545,-0.011986315250396729
gcn,train,2022-10,country_de,country_jp,-0.12106037847758645,-0.0010714530944824219
gcn,train,2022-10,country_de,country_kr,-0.2916225195296963,0.03903016448020935
gcn,train,2022-10,country_de,country_mx,0.04821431711982163,-0.003941476345062256
gcn,train,2022-10,country_de,country_my,0.03369097379655874,0.015549898147583008
gcn,train,2022-10,country_de,country_ph,-0.0117830689789075,0.035335659980773926
gcn,train,2022-10,country_de,country_sg,-0.039682519846130554,-0.02753320336341858
gcn,train,2022-10,country_de,country_th,0.24812826264142415,-0.005199432373046875
gcn,train,2022-10,country_de,country_us,0.2542958417338728,0.10997609794139862
gcn,train,2022-10,country_de,country_vn,-0.14025187452150267,0.006870195269584656
gcn,train,2022-10,country_fr,country_203,0.2612606664277135,0.03428547829389572
gcn,train,2022-10,country_fr,country_344,-0.030384211748066933,0.020791277289390564
gcn,train,2022-10,country_fr,country_372,1.652686465662629,0.012952283024787903
gcn,train,2022-10,country_fr,country_380,0.0682600086385201,0.03554072976112366
gcn,train,2022-10,country_fr,country_cn,-0.10056601180749618,0.02049611508846283
gcn,train,2022-10,country_fr,country_de,0.38205480383928103,0.013283535838127136
gcn,train,2022-10,country_fr,country_gb,0.19550261385550058,-0.0006534159183502197
gcn,train,2022-10,country_fr,country_in,-0.05173946018935241,-0.011694520711898804
gcn,train,2022-10,country_fr,country_jp,0.1988646941551111,0.0013169348239898682
gcn,train,2022-10,country_fr,country_kr,0.10107944979690295,0.03846883773803711
gcn,train,2022-10,country_fr,country_mx,0.681009451456751,0.0013770610094070435
gcn,train,2022-10,country_fr,country_my,-0.18254729760829677,0.03964691609144211
gcn,train,2022-10,country_fr,country_ph,0.2599126545887232,0.03833489120006561
gcn,train,2022-10,country_fr,country_sg,0.05777221376732826,-0.021463990211486816
gcn,train,2022-10,country_fr,country_th,-0.4135887515075816,-0.004900380969047546
gcn,train,2022-10,country_fr,country_us,-0.1400455266041911,0.11341916024684906
gcn,train,2022-10,country_fr,country_vn,-0.4098135816842684,0.011467784643173218
gcn,train,2022-10,country_gb,country_203,0.3677510786118297,0.024415627121925354
gcn,train,2022-10,country_gb,country_344,0.2544371804186629,0.00951358675956726
gcn,train,2022-10,country_gb,country_372,-0.7903587697927528,0.0043714046478271484
gcn,train,2022-10,country_gb,country_380,0.6389069764271175,0.02097274363040924
gcn,train,2022-10,country_gb,country_cn,0.10814879780029965,0.006360828876495361
gcn,train,2022-10,country_gb,country_de,-0.030846544956912424,-0.0035511255264282227
gcn,train,2022-10,country_gb,country_fr,-0.10746414629235553,0.004104867577552795
gcn,train,2022-10,country_gb,country_in,0.32319500735180223,-0.018793970346450806
gcn,train,2022-10,country_gb,country_jp,0.13344625021639872,-0.0075819045305252075
gcn,train,2022-10,country_gb,country_kr,-0.3644156493249114,0.027420908212661743
gcn,train,2022-10,country_gb,country_mx,0.0376216229505246,-0.012609675526618958
gcn,train,2022-10,country_gb,country_my,0.3738257393540126,0.03483879566192627
gcn,train,2022-10,country_gb,country_ph,1.4378912529471746,0.028184793889522552
gcn,train,2022-10,country_gb,country_sg,0.16506995193714996,-0.033075109124183655
gcn,train,2022-10,country_gb,country_th,-0.4057691978095011,-0.015384510159492493
gcn,train,2022-10,country_gb,country_us,-0.09652618532730539,0.09986560046672821
gcn,train,2022-10,country_gb,country_vn,0.1632044606324657,-0.0007759928703308105
gcn,train,2022-10,country_in,country_203,-0.569988989420269,0.01781405508518219
gcn,train,2022-10,country_in,country_344,-0.11577336796897694,0.011499956250190735
gcn,train,2022-10,country_in,country_372,0.2889173181490295,-0.002824455499649048
gcn,train,2022-10,country_in,country_380,-0.021519211467146363,0.024098098278045654
gcn,train,2022-10,country_in,country_cn,-0.3362065034349975,0.01173180341720581
gcn,train,2022-10,country_in,country_de,0.05370201218775859,0.00023028254508972168
gcn,train,2022-10,country_in,country_fr,0.04723281213637617,0.010166049003601074
gcn,train,2022-10,country_in,country_gb,-0.2765091446056474,-0.013445138931274414
gcn,train,2022-10,country_in,country_jp,0.5301667425509582,-0.024238944053649902
gcn,train,2022-10,country_in,country_kr,-0.23757612925901522,0.02855394035577774
gcn,train,2022-10,country_in,country_mx,0.6424458801648224,-0.009535655379295349
gcn,train,2022-10,country_in,country_my,0.05408256876608266,0.0368628054857254
gcn,train,2022-10,country_in,country_ph,-0.5323579835291395,0.031160995364189148
gcn,train,2022-10,country_in,country_sg,0.7110389932476261,-0.035125553607940674
gcn,train,2022-10,country_in,country_th,0.9125424026735932,-0.011755496263504028
gcn,train,2022-10,country_in,country_us,14.270379935811453,0.104619100689888
gcn,train,2022-10,country_in,country_vn,0.10116272698093966,0.0014325231313705444
gcn,train,2022-10,country_jp,country_203,-0.048086591164458126,0.030741222202777863
gcn,train,2022-10,country_jp,country_344,-0.09388106253964941,0.020050078630447388
gcn,train,2022-10,country_jp,country_372,0.8323515771121308,0.005203276872634888
gcn,train,2022-10,country_jp,country_380,-0.008365672462169182,0.02687692642211914
gcn,train,2022-10,country_jp,country_cn,-0.05492473373449587,0.021374911069869995
gcn,train,2022-10,country_jp,country_de,0.020937950805789137,0.0037344396114349365
gcn,train,2022-10,country_jp,country_fr,-0.006139826808905593,0.0073857903480529785
gcn,train,2022-10,country_jp,country_gb,-0.09529412749841414,-0.008304759860038757
gcn,train,2022-10,country_jp,country_in,0.260677556131893,-0.013498306274414062
gcn,train,2022-10,country_jp,country_kr,0.3632090108953981,0.03959904611110687
gcn,train,2022-10,country_jp,country_mx,0.01047211102622668,-0.00750201940536499
gcn,train,2022-10,country_jp,country_my,0.1570927357634709,0.03954041749238968
gcn,train,2022-10,country_jp,country_ph,-0.15532967034451983,0.03662946820259094
gcn,train,2022-10,country_jp,country_sg,0.5823569533911372,-0.02808627486228943
gcn,train,2022-10,country_jp,country_th,-0.11136890141920194,-0.002729758620262146
gcn,train,2022-10,country_jp,country_us,-0.07817508962746907,0.10833034664392471
gcn,train,2022-10,country_jp,country_vn,-0.3665177122117466,0.0031536370515823364
gcn,train,2022-10,country_kr,country_203,0.4135373411582539,0.03229747712612152
gcn,train,2022-10,country_kr,country_344,-0.023228294090135045,0.027025192975997925
gcn,train,2022-10,country_kr,country_372,-0.5801560171294556,0.009732455015182495
gcn,train,2022-10,country_kr,country_380,0.6098018780381229,0.028665602207183838
gcn,train,2022-10,country_kr,country_cn,-0.2083718641566871,0.022869914770126343
gcn,train,2022-10,country_kr,country_de,0.2665408233720908,0.01341596245765686
gcn,train,2022-10,country_kr,country_fr,0.19227141341525703,0.01925620436668396
gcn,train,2022-10,country_kr,country_gb,1.427852928327829,0.00032073259353637695
gcn,train,2022-10,country_kr,country_in,-0.056408172722395976,0.0002584308385848999
gcn,train,2022-10,country_kr,country_jp,-0.4157145251868017,0.007686153054237366
gcn,train,2022-10,country_kr,country_mx,-0.0018658629342235146,0.0009493827819824219
gcn,train,2022-10,country_kr,country_my,0.03460456038413316,0.03671056032180786
gcn,train,2022-10,country_kr,country_ph,-0.37559541449403855,0.03520484268665314
gcn,train,2022-10,country_kr,country_sg,-0.07036007576178124,-0.016319766640663147
gcn,train,2022-10,country_kr,country_th,-0.12435882414835527,0.007549658417701721
gcn,train,2022-10,country_kr,country_us,0.27795150808029534,0.11806972324848175
gcn,train,2022-10,country_kr,country_vn,-0.25414518722241536,0.009768113493919373
gcn,train,2022-10,country_mx,country_203,0.6001580772001311,0.036055631935596466
gcn,train,2022-10,country_mx,country_344,-0.22730058391935676,0.025463178753852844
gcn,train,2022-10,country_mx,country_372,-0.27975458291560845,0.015391230583190918
gcn,train,2022-10,country_mx,country_380,0.3020653915497009,0.03594034165143967
gcn,train,2022-10,country_mx,country_cn,-0.1719256545698129,0.026440352201461792
gcn,train,2022-10,country_mx,country_de,0.051669387092818354,0.012472331523895264
gcn,train,2022-10,country_mx,country_fr,1.0285592427374262,0.015871182084083557
gcn,train,2022-10,country_mx,country_gb,-0.22470347515470568,-0.0004496723413467407
gcn,train,2022-10,country_mx,country_in,0.3724065092723592,-0.007290303707122803
gcn,train,2022-10,country_mx,country_jp,-0.4028265965416052,-0.0012821853160858154
gcn,train,2022-10,country_mx,country_kr,-0.30362165157572724,0.04210580885410309
gcn,train,2022-10,country_mx,country_my,-0.2714177322777528,0.04279273748397827
gcn,train,2022-10,country_mx,country_ph,0.6172676919019116,0.036473944783210754
gcn,train,2022-10,country_mx,country_sg,0.22113900725097288,-0.021360725164413452
gcn,train,2022-10,country_mx,country_th,0.53099289419823,0.00040274858474731445
gcn,train,2022-10,country_mx,country_us,-0.16885269569634312,0.12295085191726685
gcn,train,2022-10,country_mx,country_vn,-0.44251717745373675,0.014554828405380249
gcn,train,2022-10,country_my,country_203,0.49160002925078405,0.033483341336250305
gcn,train,2022-10,country_my,country_344,-0.18525594561953765,0.024232804775238037
gcn,train,2022-10,country_my,country_372,0.0547532248850573,0.013332679867744446
gcn,train,2022-10,country_my,country_380,-0.022427522452945117,0.030880838632583618
gcn,train,2022-10,country_my,country_cn,0.05201978716459119,0.02906590700149536
gcn,train,2022-10,country_my,country_de,-0.05040935131472751,0.012573987245559692
gcn,train,2022-10,country_my,country_fr,0.04068091766093914,0.0164688378572464
gcn,train,2022-10,country_my,country_gb,-0.11552802880998328,-0.003148794174194336
gcn,train,2022-10,country_my,country_in,1.5056597477107083,-0.009721845388412476
gcn,train,2022-10,country_my,country_jp,-0.15757154045775837,0.004123702645301819
gcn,train,2022-10,country_my,country_kr,0.15350997205058997,0.0400526225566864
gcn,train,2022-10,country_my,country_mx,0.12083546345954801,-0.0026008039712905884
gcn,train,2022-10,country_my,country_ph,0.5300352498985293,0.03619848191738129
gcn,train,2022-10,country_my,country_sg,0.020439761095554374,-0.020241931080818176
gcn,train,2022-10,country_my,country_th,0.07258216798276755,0.0031305551528930664
gcn,train,2022-10,country_my,country_us,-0.1602874492054238,0.11941690742969513
gcn,train,2022-10,country_my,country_vn,-0.11640548455199808,0.00615440309047699
gcn,train,2022-10,country_ph,country_203,-0.1351722709311508,0.031666629016399384
gcn,train,2022-10,country_ph,country_344,0.3072169846938559,0.02235153317451477
gcn,train,2022-10,country_ph,country_372,-0.08020043270586591,0.008551448583602905
gcn,train,2022-10,country_ph,country_380,-0.29457439261372853,0.02815224975347519
gcn,train,2022-10,country_ph,country_cn,-0.15848526087274423,0.01983124017715454
gcn,train,2022-10,country_ph,country_de,0.20600674388722315,0.008658304810523987
gcn,train,2022-10,country_ph,country_fr,0.013749875729519884,0.019236594438552856
gcn,train,2022-10,country_ph,country_gb,0.057938616090216784,-0.0038430243730545044
gcn,train,2022-10,country_ph,country_in,1.0442146250894464,-0.011233270168304443
gcn,train,2022-10,country_ph,country_jp,0.051736346845080515,0.007831871509552002
gcn,train,2022-10,country_ph,country_kr,-0.015487676790332562,0.0378427654504776
gcn,train,2022-10,country_ph,country_mx,0.05713806672654363,-0.004470884799957275
gcn,train,2022-10,country_ph,country_my,0.14403289867399868,0.04508309066295624
gcn,train,2022-10,country_ph,country_sg,-0.4106869823137131,-0.023695170879364014
gcn,train,2022-10,country_ph,country_th,-0.17421161227949983,-0.00031013786792755127
gcn,train,2022-10,country_ph,country_us,-0.059000851797160615,0.11442549526691437
gcn,train,2022-10,country_ph,country_vn,-0.15313207538283038,0.004555165767669678
gcn,train,2022-10,country_sg,country_203,0.04743844220828435,0.03208649158477783
gcn,train,2022-10,country_sg,country_344,-0.35101166656376426,0.021245181560516357
gcn,train,2022-10,country_sg,country_372,0.0968718383113607,-0.0015886873006820679
gcn,train,2022-10,country_sg,country_380,0.5017041532362517,0.02891739457845688
gcn,train,2022-10,country_sg,country_cn,-0.11028958256828253,0.018030494451522827
gcn,train,2022-10,country_sg,country_de,-0.16167044754812243,0.0031606554985046387
gcn,train,2022-10,country_sg,country_fr,-0.19153609529767127,0.011029243469238281
gcn,train,2022-10,country_sg,country_gb,0.7731994076697178,-0.014713510870933533
gcn,train,2022-10,country_sg,country_in,-0.19721975289372387,-0.012111097574234009
gcn,train,2022-10,country_sg,country_jp,0.0468301601368901,-0.0033836066722869873
gcn,train,2022-10,country_sg,country_kr,-0.28275198565885484,0.03617046773433685
gcn,train,2022-10,country_sg,country_mx,0.002385146779678572,-0.013024449348449707
gcn,train,2022-10,country_sg,country_my,-0.004242100243220599,0.04185435175895691
gcn,train,2022-10,country_sg,country_ph,-0.07985926365787933,0.039943501353263855
gcn,train,2022-10,country_sg,country_th,0.16701044273400273,-0.005744561553001404
gcn,train,2022-10,country_sg,country_us,0.2042798083434196,0.10569217801094055
gcn,train,2022-10,country_sg,country_vn,-0.3864665239995518,0.003095582127571106
gcn,train,2022-10,country_th,country_203,0.02115282821401727,0.027840986847877502
gcn,train,2022-10,country_th,country_344,-0.1290865846225784,0.01846376061439514
gcn,train,2022-10,country_th,country_372,0.0942266598726444,0.00759732723236084
gcn,train,2022-10,country_th,country_380,0.24926984445218736,0.025551751255989075
gcn,train,2022-10,country_th,country_cn,-0.06534578511984628,0.021672189235687256
gcn,train,2022-10,country_th,country_de,0.09022618720740883,0.005288764834403992
gcn,train,2022-10,country_th,country_fr,0.0911673615778518,0.01245136559009552
gcn,train,2022-10,country_th,country_gb,-0.1899698820912385,-0.007921159267425537
gcn,train,2022-10,country_th,country_in,6.643726830674657,-0.01469460129737854
gcn,train,2022-10,country_th,country_jp,0.25661713413029946,-0.004115596413612366
gcn,train,2022-10,country_th,country_kr,-0.08695170859354767,0.039247892796993256
gcn,train,2022-10,country_th,country_mx,-0.05979898924777012,-0.0069226473569869995
gcn,train,2022-10,country_th,country_my,-0.11973557565040027,0.0384962260723114
gcn,train,2022-10,country_th,country_ph,-0.005049606434805534,0.03355036675930023
gcn,train,2022-10,country_th,country_sg,-0.22068359344248917,-0.029355481266975403
gcn,train,2022-10,country_th,country_us,0.1712228203238713,0.1093396544456482
gcn,train,2022-10,country_th,country_vn,0.0690775806490841,0.004784733057022095
gcn,train,2022-10,country_us,country_203,0.055982736947612355,0.008369743824005127
gcn,train,2022-10,country_us,country_344,-0.33541364231209553,-0.004800975322723389
gcn,train,2022-10,country_us,country_372,0.6119282869206331,-0.022770658135414124
gcn,train,2022-10,country_us,country_380,0.5803429754321142,2.0712614059448242e-05
gcn,train,2022-10,country_us,country_cn,0.08563500842684912,-0.011545658111572266
gcn,train,2022-10,country_us,country_de,-0.002420702471787398,-0.010982781648635864
gcn,train,2022-10,country_us,country_fr,-0.0021296682165965553,-0.0008674860000610352
gcn,train,2022-10,country_us,country_gb,-0.15175435227332076,-0.028053343296051025
gcn,train,2022-10,country_us,country_in,-0.6029316711966642,-0.030524522066116333
gcn,train,2022-10,country_us,country_jp,-0.22893422441539846,-0.019977852702140808
gcn,train,2022-10,country_us,country_kr,-0.12984795014902678,0.008407533168792725
gcn,train,2022-10,country_us,country_mx,-0.02500757650735532,-0.02619767189025879
gcn,train,2022-10,country_us,country_my,0.07295193023346137,0.012142181396484375
gcn,train,2022-10,country_us,country_ph,0.19272861940959796,0.009942188858985901
gcn,train,2022-10,country_us,country_sg,-0.1252352445599286,-0.046201229095458984
gcn,train,2022-10,country_us,country_th,-0.2045236042772152,-0.02313767373561859
gcn,train,2022-10,country_us,country_vn,-0.22721523022520387,-0.006730705499649048
gcn,train,2022-10,country_vn,country_203,-0.4375805398093728,0.031064271926879883
gcn,train,2022-10,country_vn,country_344,-0.3527572451892697,0.02214328944683075
gcn,train,2022-10,country_vn,country_372,-0.07383607688949971,0.006250396370887756
gcn,train,2022-10,country_vn,country_380,1.4042979818261296,0.029540061950683594
gcn,train,2022-10,country_vn,country_cn,-0.39065204500476247,0.028037644922733307
gcn,train,2022-10,country_vn,country_de,0.22706305618188583,0.013511627912521362
gcn,train,2022-10,country_vn,country_fr,1.2524537854019713,0.01906725764274597
gcn,train,2022-10,country_vn,country_gb,0.7452571460587196,-0.0038264691829681396
gcn,train,2022-10,country_vn,country_in,0.24817573865962958,-0.010378807783126831
gcn,train,2022-10,country_vn,country_jp,-0.5249924295040467,0.004374966025352478
gcn,train,2022-10,country_vn,country_kr,-0.2541418112878547,0.037066102027893066
gcn,train,2022-10,country_vn,country_mx,0.2927986233996942,-0.004571154713630676
gcn,train,2022-10,country_vn,country_my,0.1763533708026703,0.03899616003036499
gcn,train,2022-10,country_vn,country_ph,-0.003398250804694866,0.013471424579620361
gcn,train,2022-10,country_vn,country_sg,-0.2547967587510125,-0.026376545429229736
gcn,train,2022-10,country_vn,country_th,-0.4894812130695592,0.0011172592639923096
gcn,train,2022-10,country_vn,country_us,0.34684245487184734,0.11810767650604248
gcn,train,2022-11,country_203,country_344,0.5671520481699334,0.02568782866001129
gcn,train,2022-11,country_203,country_372,0.2752534033096308,0.03806538134813309
gcn,train,2022-11,country_203,country_380,0.23373857363412084,0.035597190260887146
gcn,train,2022-11,country_203,country_cn,-0.11760412477829901,0.02964141219854355
gcn,train,2022-11,country_203,country_de,-0.4068212849047745,0.02945176512002945
gcn,train,2022-11,country_203,country_fr,1.75456948209413,0.042758964002132416
gcn,train,2022-11,country_203,country_gb,-0.5039233042718508,0.06411890685558319
gcn,train,2022-11,country_203,country_in,-0.3583079829066383,-0.02232445776462555
gcn,train,2022-11,country_203,country_jp,-0.04833085324125511,0.0062672048807144165
gcn,train,2022-11,country_203,country_kr,0.5054796854149514,-0.004014164209365845
gcn,train,2022-11,country_203,country_mx,-0.5422602590701405,-0.010991573333740234
gcn,train,2022-11,country_203,country_my,-0.3697041654134245,0.043582163751125336
gcn,train,2022-11,country_203,country_ph,0.06667028960161783,-0.011914432048797607
gcn,train,2022-11,country_203,country_sg,-0.1029952192721832,0.04270589351654053
gcn,train,2022-11,country_203,country_th,0.017566056475143935,-0.012583047151565552
gcn,train,2022-11,country_203,country_us,-0.04011518581016669,0.04791990667581558
gcn,train,2022-11,country_203,country_vn,-0.3906743595869586,-0.014284491539001465
gcn,train,2022-11,country_344,country_203,-0.4810260919946487,0.019957005977630615
gcn,train,2022-11,country_344,country_372,-0.7135613850378704,0.030938848853111267
gcn,train,2022-11,country_344,country_380,-0.20792263429127728,0.021589651703834534
gcn,train,2022-11,country_344,country_cn,12.185556336522115,0.023482367396354675
gcn,train,2022-11,country_344,country_de,-0.39785799375820885,0.013899996876716614
gcn,train,2022-11,country_344,country_fr,-0.10086375306647577,0.03042823076248169
gcn,train,2022-11,country_344,country_gb,-0.5636885870427552,0.06741338223218918
gcn,train,2022-11,country_344,country_in,-0.47415641656940904,-0.010683789849281311
gcn,train,2022-11,country_344,country_jp,-0.40528663293136663,-1.755356788635254e-05
gcn,train,2022-11,country_344,country_kr,0.23140913391838844,-0.008596330881118774
gcn,train,2022-11,country_344,country_mx,-0.1532862379427587,-0.01894107460975647
gcn,train,2022-11,country_344,country_my,-0.2792934566616751,0.020368799567222595
gcn,train,2022-11,country_344,country_ph,0.0977258368606844,0.0002963840961456299
gcn,train,2022-11,country_344,country_sg,-0.7311647560401545,0.041252993047237396
gcn,train,2022-11,country_344,country_th,-0.3906194222417361,-0.005446985363960266
gcn,train,2022-11,country_344,country_us,-0.6516171851467685,0.03970982879400253
gcn,train,2022-11,country_344,country_vn,-0.30134591538425903,-0.008209079504013062
gcn,train,2022-11,country_372,country_203,-0.6293532112440849,0.02220572531223297
gcn,train,2022-11,country_372,country_344,0.7790464165041403,0.02221357822418213
gcn,train,2022-11,country_372,country_380,1.1919260843438886,0.0254858136177063
gcn,train,2022-11,country_372,country_cn,-0.5330433713424987,0.019878745079040527
gcn,train,2022-11,country_372,country_de,-0.059986057518527765,0.016678333282470703
gcn,train,2022-11,country_372,country_fr,0.03171430606436857,0.034595198929309845
gcn,train,2022-11,country_372,country_gb,-0.7361840068585614,0.058086976408958435
gcn,train,2022-11,country_372,country_in,1.0325771193752606,-0.011594235897064209
gcn,train,2022-11,country_372,country_jp,-0.0216112620888845,0.0060861557722091675
gcn,train,2022-11,country_372,country_kr,-0.3687304910260086,-0.016347527503967285
gcn,train,2022-11,country_372,country_mx,-0.6044759176171685,-0.014844372868537903
gcn,train,2022-11,country_372,country_my,-0.17785035672235863,0.04366733878850937
gcn,train,2022-11,country_372,country_ph,0.05566365680596567,-0.009187668561935425
gcn,train,2022-11,country_372,country_sg,0.17098565131373694,0.034863315522670746
gcn,train,2022-11,country_372,country_th,-0.5460950048371155,-0.025423482060432434
gcn,train,2022-11,country_372,country_us,0.13393707490181037,0.05221766233444214
gcn,train,2022-11,country_372,country_vn,-0.3228705302946031,-0.025172442197799683
gcn,train,2022-11,country_380,country_203,-0.2818319648121317,0.028912335634231567
gcn,train,2022-11,country_380,country_344,0.3947149606392662,0.028053849935531616
gcn,train,2022-11,country_380,country_372,-0.5639363345662624,0.04323031008243561
gcn,train,2022-11,country_380,country_cn,0.31792267212656466,0.02684609591960907
gcn,train,2022-11,country_380,country_de,0.15668240220449284,0.026469573378562927
gcn,train,2022-11,country_380,country_fr,-0.1980445567804429,0.04166998714208603
gcn,train,2022-11,country_380,country_gb,-0.30094605131970714,0.0664224848151207
gcn,train,2022-11,country_380,country_in,-0.10081949283259839,-0.013345703482627869
gcn,train,2022-11,country_380,country_jp,-0.40155604350714563,0.011334642767906189
gcn,train,2022-11,country_380,country_kr,-0.5345451908312953,-0.003989547491073608
gcn,train,2022-11,country_380,country_mx,0.5022296686653763,-0.014085754752159119
gcn,train,2022-11,country_380,country_my,0.28526517558126485,0.047381095588207245
gcn,train,2022-11,country_380,country_ph,-0.18639312891182203,0.0022927075624465942
gcn,train,2022-11,country_380,country_sg,0.028101745409104577,0.04852515459060669
gcn,train,2022-11,country_380,country_th,-0.42964353182198317,-0.00816299021244049
gcn,train,2022-11,country_380,country_us,-0.0005633169326624619,0.05463749170303345
gcn,train,2022-11,country_380,country_vn,-0.6300085893622428,-0.01840868592262268
gcn,train,2022-11,country_cn,country_203,0.5117287190778789,0.030773267149925232
gcn,train,2022-11,country_cn,country_344,0.1819932884614211,0.02481687068939209
gcn,train,2022-11,country_cn,country_372,-0.016629299832726156,0.029434040188789368
gcn,train,2022-11,country_cn,country_380,0.19671456727421366,0.028136231005191803
gcn,train,2022-11,country_cn,country_de,0.08422830813152352,0.029389671981334686
gcn,train,2022-11,country_cn,country_fr,-0.21917532115877478,0.03147844970226288
gcn,train,2022-11,country_cn,country_gb,0.34415103919093243,0.06494927406311035
gcn,train,2022-11,country_cn,country_in,-0.18676544203148787,-0.007240712642669678
gcn,train,2022-11,country_cn,country_jp,-0.1106982020653478,0.01857471466064453
gcn,train,2022-11,country_cn,country_kr,-0.20411964417928433,0.0033464431762695312
gcn,train,2022-11,country_cn,country_mx,-0.08824559418235363,-0.02222388982772827
gcn,train,2022-11,country_cn,country_my,-0.07232875498054804,0.04121120274066925
gcn,train,2022-11,country_cn,country_ph,-0.06142931928697511,0.00654090940952301
gcn,train,2022-11,country_cn,country_sg,-0.10006158083590588,0.039143942296504974
gcn,train,2022-11,country_cn,country_th,0.040634336888201644,5.170702934265137e-05
gcn,train,2022-11,country_cn,country_us,-0.23470171883973237,0.05287697911262512
gcn,train,2022-11,country_cn,country_vn,-0.26133610872200824,-0.001614391803741455
gcn,train,2022-11,country_de,country_203,0.005869174347249475,0.043984487652778625
gcn,train,2022-11,country_de,country_344,0.2823119104454672,0.03655001521110535
gcn,train,2022-11,country_de,country_372,0.027572972458316684,0.04232371598482132
gcn,train,2022-11,country_de,country_380,-0.1388096882006408,0.044216275215148926
gcn,train,2022-11,country_de,country_cn,-0.23935086744752396,0.03975316882133484
gcn,train,2022-11,country_de,country_fr,-0.001423971941067882,0.0520053505897522
gcn,train,2022-11,country_de,country_gb,0.09571589619830523,0.07406267523765564
gcn,train,2022-11,country_de,country_in,0.4571564290591265,-0.0003694891929626465
gcn,train,2022-11,country_de,country_jp,-0.0809831156114267,0.018196523189544678
gcn,train,2022-11,country_de,country_kr,-0.3570841221915153,0.007497638463973999
gcn,train,2022-11,country_de,country_mx,0.16638478215609995,-0.006316676735877991
gcn,train,2022-11,country_de,country_my,-0.0556341358626583,0.04992992430925369
gcn,train,2022-11,country_de,country_ph,0.03292020348129458,0.011768564581871033
gcn,train,2022-11,country_de,country_sg,-0.17682372587861675,0.049882471561431885
gcn,train,2022-11,country_de,country_th,0.1282166102419985,0.0018334686756134033
gcn,train,2022-11,country_de,country_us,0.2843270119956337,0.06697937846183777
gcn,train,2022-11,country_de,country_vn,-0.3936011381099301,-0.010660052299499512
gcn,train,2022-11,country_fr,country_203,-0.010568959987926578,0.024693548679351807
gcn,train,2022-11,country_fr,country_344,-0.099345048553599,0.022382766008377075
gcn,train,2022-11,country_fr,country_372,-0.1725088307340021,0.03413473814725876
gcn,train,2022-11,country_fr,country_380,0.5185099634017497,0.030863851308822632
gcn,train,2022-11,country_fr,country_cn,-0.07759547588296294,0.023385286331176758
gcn,train,2022-11,country_fr,country_de,-0.004088367899211004,0.023705944418907166
gcn,train,2022-11,country_fr,country_gb,0.3408931489361471,0.06353864818811417
gcn,train,2022-11,country_fr,country_in,0.651748263220334,-0.017850220203399658
gcn,train,2022-11,country_fr,country_jp,-0.02441920913716714,0.007098004221916199
gcn,train,2022-11,country_fr,country_kr,-0.08809379267404809,-0.012321710586547852
gcn,train,2022-11,country_fr,country_mx,-0.28935377661510114,-0.018590182065963745
gcn,train,2022-11,country_fr,country_my,0.04138413933797816,0.04053457826375961
gcn,train,2022-11,country_fr,country_ph,0.43752972628425874,-0.006029680371284485
gcn,train,2022-11,country_fr,country_sg,0.30550725874823376,0.043267250061035156
gcn,train,2022-11,country_fr,country_th,-0.2720903954569236,-0.015992015600204468
gcn,train,2022-11,country_fr,country_us,0.46575727087002555,0.05064300447702408
gcn,train,2022-11,country_fr,country_vn,-0.16104796230208873,-0.025011569261550903
gcn,train,2022-11,country_gb,country_203,0.48313840021533816,0.04980003088712692
gcn,train,2022-11,country_gb,country_344,0.6014426759751195,0.04481332004070282
gcn,train,2022-11,country_gb,country_372,2.0498382251090823,0.05494546890258789
gcn,train,2022-11,country_gb,country_380,0.9464147368245036,0.043640635907649994
gcn,train,2022-11,country_gb,country_cn,-0.1288184190008291,0.04435953497886658
gcn,train,2022-11,country_gb,country_de,-0.24122548291520862,0.04286468029022217
gcn,train,2022-11,country_gb,country_fr,-0.13375160551442444,0.05125686526298523
gcn,train,2022-11,country_gb,country_in,0.45263420369525376,0.010405763983726501
gcn,train,2022-11,country_gb,country_jp,0.23041442923244024,0.030158035457134247
gcn,train,2022-11,country_gb,country_kr,0.46784667098360777,0.014378383755683899
gcn,train,2022-11,country_gb,country_mx,0.27371249680069576,0.007028922438621521
gcn,train,2022-11,country_gb,country_my,-0.14882155203110686,0.056564852595329285
gcn,train,2022-11,country_gb,country_ph,0.4659241045810339,0.013287350535392761
gcn,train,2022-11,country_gb,country_sg,-0.135770083889946,0.05651869624853134
gcn,train,2022-11,country_gb,country_th,-0.35083143966543456,0.009441226720809937
gcn,train,2022-11,country_gb,country_us,-0.04443404950392367,0.07622210681438446
gcn,train,2022-11,country_gb,country_vn,-0.053008010903634356,0.00029098987579345703
gcn,train,2022-11,country_in,country_203,-0.4056919910000479,0.01545630395412445
gcn,train,2022-11,country_in,country_344,-0.3268339453534193,0.014858916401863098
gcn,train,2022-11,country_in,country_372,47.3703397230923,0.018904268741607666
gcn,train,2022-11,country_in,country_380,-0.036426577130277284,0.013492226600646973
gcn,train,2022-11,country_in,country_cn,-0.22028545445330036,0.019417405128479004
gcn,train,2022-11,country_in,country_de,-0.2770029613936581,0.011490315198898315
gcn,train,2022-11,country_in,country_fr,-0.01231469591878621,0.027125537395477295
gcn,train,2022-11,country_in,country_gb,-0.07471755652193333,0.05094155669212341
gcn,train,2022-11,country_in,country_jp,1.0822367974075533,0.0020075589418411255
gcn,train,2022-11,country_in,country_kr,-0.5445895214501069,-0.01695410907268524
gcn,train,2022-11,country_in,country_mx,0.18609170251935478,-0.020019441843032837
gcn,train,2022-11,country_in,country_my,-0.5502111112936933,0.01599019765853882
gcn,train,2022-11,country_in,country_ph,-0.10899586650819862,-0.025521010160446167
gcn,train,2022-11,country_in,country_sg,-0.43722706226113944,0.030026875436306
gcn,train,2022-11,country_in,country_th,2.0227548753017377,-0.021093815565109253
gcn,train,2022-11,country_in,country_us,16.25584748208595,0.04917392134666443
gcn,train,2022-11,country_in,country_vn,-0.3229855626411331,-0.018686950206756592
gcn,train,2022-11,country_jp,country_203,-0.22683111399120878,0.0331481471657753
gcn,train,2022-11,country_jp,country_344,0.02947407789693754,0.03224366903305054
gcn,train,2022-11,country_jp,country_372,0.17833596874747987,0.03355918079614639
gcn,train,2022-11,country_jp,country_380,0.12687885992792636,0.02846726030111313
gcn,train,2022-11,country_jp,country_cn,0.2156377765369506,0.03848159313201904
gcn,train,2022-11,country_jp,country_de,0.14354677500909918,0.027348756790161133
gcn,train,2022-11,country_jp,country_fr,-0.38322972136961403,0.04054085910320282
gcn,train,2022-11,country_jp,country_gb,-0.07103667365562963,0.06678663939237595
gcn,train,2022-11,country_jp,country_in,0.2811937070644788,-0.0052370429039001465
gcn,train,2022-11,country_jp,country_kr,0.33378732948382484,0.0020773857831954956
gcn,train,2022-11,country_jp,country_mx,0.13028601717093707,-0.013231620192527771
gcn,train,2022-11,country_jp,country_my,0.050810161160110875,0.04956984519958496
gcn,train,2022-11,country_jp,country_ph,-0.2680332962171078,0.007651045918464661
gcn,train,2022-11,country_jp,country_sg,-0.24515112495526845,0.04785187542438507
gcn,train,2022-11,country_jp,country_th,0.25444386614960685,0.00035691261291503906
gcn,train,2022-11,country_jp,country_us,-0.024641511936223808,0.060940563678741455
gcn,train,2022-11,country_jp,country_vn,-0.08600006494692447,-0.017843231558799744
gcn,train,2022-11,country_kr,country_203,-0.1308434566226588,0.029635421931743622
gcn,train,2022-11,country_kr,country_344,-0.2662823712520794,0.02623891830444336
gcn,train,2022-11,country_kr,country_372,0.09258562607103196,0.024976074695587158
gcn,train,2022-11,country_kr,country_380,0.5167150109337406,0.01831650733947754
gcn,train,2022-11,country_kr,country_cn,-0.12606161445364283,0.03327842056751251
gcn,train,2022-11,country_kr,country_de,0.22217524789627896,0.018341630697250366
gcn,train,2022-11,country_kr,country_fr,0.21294608373459095,0.03281152993440628
gcn,train,2022-11,country_kr,country_gb,0.04686285100496969,0.06263954192399979
gcn,train,2022-11,country_kr,country_in,0.22966281832869037,-0.012454688549041748
gcn,train,2022-11,country_kr,country_jp,-0.5008460439570396,0.008561819791793823
gcn,train,2022-11,country_kr,country_mx,0.30484088256113717,-0.018369436264038086
gcn,train,2022-11,country_kr,country_my,0.009432456794781439,0.04348345845937729
gcn,train,2022-11,country_kr,country_ph,-0.35788437311235,0.0011982172727584839
gcn,train,2022-11,country_kr,country_sg,0.14274430624438153,0.04202745854854584
gcn,train,2022-11,country_kr,country_th,-0.21610620202158967,-0.0069621652364730835
gcn,train,2022-11,country_kr,country_us,0.16644267144822772,0.05621662735939026
gcn,train,2022-11,country_kr,country_vn,-0.04132928542529077,-0.0042463988065719604
gcn,train,2022-11,country_mx,country_203,0.018080719151105137,0.03971491754055023
gcn,train,2022-11,country_mx,country_344,1.6246927729127547,0.0382566973567009
gcn,train,2022-11,country_mx,country_372,-0.13866108489061066,0.04120422154664993
gcn,train,2022-11,country_mx,country_380,-0.6203657422861857,0.03811813145875931
gcn,train,2022-11,country_mx,country_cn,-0.17014751569499634,0.037497714161872864
gcn,train,2022-11,country_mx,country_de,-0.06909000926680414,0.034664541482925415
gcn,train,2022-11,country_mx,country_fr,1.40686009896036,0.03917926549911499
gcn,train,2022-11,country_mx,country_gb,-0.18310546723544377,0.06895045936107635
gcn,train,2022-11,country_mx,country_in,0.7673933240791266,-0.005161941051483154
gcn,train,2022-11,country_mx,country_jp,0.03386811756910991,0.022281020879745483
gcn,train,2022-11,country_mx,country_kr,-0.4216230439434681,0.009540483355522156
gcn,train,2022-11,country_mx,country_my,-0.39613904523488663,0.04443782567977905
gcn,train,2022-11,country_mx,country_ph,0.2635853438738653,0.0068847984075546265
gcn,train,2022-11,country_mx,country_sg,-0.016413166740041226,0.0455259308218956
gcn,train,2022-11,country_mx,country_th,0.2161965266833263,0.0023524612188339233
gcn,train,2022-11,country_mx,country_us,0.14191183360287268,0.07232676446437836
gcn,train,2022-11,country_mx,country_vn,0.16796894356087766,-0.011416241526603699
gcn,train,2022-11,country_my,country_203,0.48043050194924464,0.030362717807292938
gcn,train,2022-11,country_my,country_344,-0.07199813502883315,0.031307123601436615
gcn,train,2022-11,country_my,country_372,5.540083492616557,0.033914752304553986
gcn,train,2022-11,country_my,country_380,-0.24281737259673244,0.025665640830993652
gcn,train,2022-11,country_my,country_cn,-0.022397139285090965,0.039685964584350586
gcn,train,2022-11,country_my,country_de,0.07454128451653008,0.026234924793243408
gcn,train,2022-11,country_my,country_fr,-0.3218958632672254,0.04088778793811798
gcn,train,2022-11,country_my,country_gb,-0.09937387491677215,0.0655989870429039
gcn,train,2022-11,country_my,country_in,1.6790202214886372,-0.003351062536239624
gcn,train,2022-11,country_my,country_jp,-0.08415472087767266,0.015896335244178772
gcn,train,2022-11,country_my,country_kr,-0.044660078936774386,-0.0023816823959350586
gcn,train,2022-11,country_my,country_mx,-0.20657517962365887,-0.01696246862411499
gcn,train,2022-11,country_my,country_ph,0.5484193182053393,0.0013026148080825806
gcn,train,2022-11,country_my,country_sg,-0.10034922815839147,0.04529090225696564
gcn,train,2022-11,country_my,country_th,0.37864846497116006,-0.003123074769973755
gcn,train,2022-11,country_my,country_us,-0.180761499988181,0.06375522166490555
gcn,train,2022-11,country_my,country_vn,-0.20689682882893232,-0.022447481751441956
gcn,train,2022-11,country_ph,country_203,-0.4063243556243864,0.025032788515090942
gcn,train,2022-11,country_ph,country_344,0.3056779351610975,0.02491205930709839
gcn,train,2022-11,country_ph,country_372,-0.27504581732292943,0.026836901903152466
gcn,train,2022-11,country_ph,country_380,-0.33425156348254603,0.01922185719013214
gcn,train,2022-11,country_ph,country_cn,-0.05474086513496856,0.030758745968341827
gcn,train,2022-11,country_ph,country_de,0.14454276019987805,0.023025691509246826
gcn,train,2022-11,country_ph,country_fr,-0.18258686153012815,0.037665024399757385
gcn,train,2022-11,country_ph,country_gb,0.25278973535341553,0.061375752091407776
gcn,train,2022-11,country_ph,country_in,-0.22741650384534504,-0.01673787832260132
gcn,train,2022-11,country_ph,country_jp,0.09368741442802889,0.017144933342933655
gcn,train,2022-11,country_ph,country_kr,-0.09775865245634707,-0.005055651068687439
gcn,train,2022-11,country_ph,country_mx,0.254057337065148,-0.017917871475219727
gcn,train,2022-11,country_ph,country_my,-0.04862419765237675,0.04153601825237274
gcn,train,2022-11,country_ph,country_sg,-0.41598485455896606,0.04040996730327606
gcn,train,2022-11,country_ph,country_th,-0.12950955163871802,-0.008284509181976318
gcn,train,2022-11,country_ph,country_us,-0.11910092508829576,0.04813447594642639
gcn,train,2022-11,country_ph,country_vn,-0.04368438370894725,-0.00842350721359253
gcn,train,2022-11,country_sg,country_203,-0.31359865049036106,0.023938670754432678
gcn,train,2022-11,country_sg,country_344,0.04398195024338272,0.032471634447574615
gcn,train,2022-11,country_sg,country_372,0.8983361189675038,0.030937910079956055
gcn,train,2022-11,country_sg,country_380,-0.055456585678296054,0.02471679449081421
gcn,train,2022-11,country_sg,country_cn,0.014068218511915108,0.028858445584774017
gcn,train,2022-11,country_sg,country_de,-0.2043540338541901,0.026149913668632507
gcn,train,2022-11,country_sg,country_fr,-0.26158083712454455,0.03652176260948181
gcn,train,2022-11,country_sg,country_gb,-0.14502010836852916,0.06158342957496643
gcn,train,2022-11,country_sg,country_in,-0.16697918625451424,-0.006559103727340698
gcn,train,2022-11,country_sg,country_jp,-0.03578930600189849,0.010139673948287964
gcn,train,2022-11,country_sg,country_kr,0.16168446531780373,-0.006155103445053101
gcn,train,2022-11,country_sg,country_mx,0.2883240646577908,-0.018373236060142517
gcn,train,2022-11,country_sg,country_my,-0.1736610914809836,0.04799675941467285
gcn,train,2022-11,country_sg,country_ph,-0.21736452714582274,0.0038656145334243774
gcn,train,2022-11,country_sg,country_th,-0.25106475108206816,-0.006148412823677063
gcn,train,2022-11,country_sg,country_us,0.12202629166795514,0.06062167137861252
gcn,train,2022-11,country_sg,country_vn,-0.5022655590083306,-0.02384120225906372
gcn,train,2022-11,country_th,country_203,0.06392999868086437,0.02233542501926422
gcn,train,2022-11,country_th,country_344,-0.2053367666215918,0.01964038610458374
gcn,train,2022-11,country_th,country_372,-0.05245231449502818,0.025551676750183105
gcn,train,2022-11,country_th,country_380,-0.13320816376401845,0.01838928461074829
gcn,train,2022-11,country_th,country_cn,-0.01819206591791582,0.028139807283878326
gcn,train,2022-11,country_th,country_de,0.016288552521898196,0.019587382674217224
gcn,train,2022-11,country_th,country_fr,-0.18202695604446198,0.03026232123374939
gcn,train,2022-11,country_th,country_gb,0.11895025402080124,0.057056643068790436
gcn,train,2022-11,country_th,country_in,2.753241363815163,-0.009989827871322632
gcn,train,2022-11,country_th,country_jp,0.2808141093024033,0.007767722010612488
gcn,train,2022-11,country_th,country_kr,-0.05712388440049655,-0.0083855539560318
gcn,train,2022-11,country_th,country_mx,-0.011331743330456258,-0.02096390724182129
gcn,train,2022-11,country_th,country_my,-0.1093664256473938,0.037132397294044495
gcn,train,2022-11,country_th,country_ph,-0.06602522145572669,-0.0050404369831085205
gcn,train,2022-11,country_th,country_sg,-0.20969806142949424,0.03597419708967209
gcn,train,2022-11,country_th,country_us,0.15999723566711088,0.05182580649852753
gcn,train,2022-11,country_th,country_vn,0.3662209849186147,-0.032164424657821655
gcn,train,2022-11,country_us,country_203,-0.22347667706675592,0.02550843358039856
gcn,train,2022-11,country_us,country_344,-0.21645656900184493,0.024050593376159668
gcn,train,2022-11,country_us,country_372,0.18491096652096253,0.026326820254325867
gcn,train,2022-11,country_us,country_380,0.4716799540056483,0.016702517867088318
gcn,train,2022-11,country_us,country_cn,-0.12281718769821759,0.023456335067749023
gcn,train,2022-11,country_us,country_de,0.02205582447577807,0.01640106737613678
gcn,train,2022-11,country_us,country_fr,-0.4838963540283251,0.03897586464881897
gcn,train,2022-11,country_us,country_gb,-0.029251520568357697,0.06268130242824554
gcn,train,2022-11,country_us,country_in,-0.6145839400652227,-0.02049887180328369
gcn,train,2022-11,country_us,country_jp,-0.19302967305245583,0.0037719905376434326
gcn,train,2022-11,country_us,country_kr,0.00011672764527184604,-0.011794805526733398
gcn,train,2022-11,country_us,country_mx,0.010437055466155212,-0.02495741844177246
gcn,train,2022-11,country_us,country_my,-0.22333428340392186,0.041904062032699585
gcn,train,2022-11,country_us,country_ph,0.029105365653572544,-0.006827980279922485
gcn,train,2022-11,country_us,country_sg,-0.41334057531465446,0.03778170049190521
gcn,train,2022-11,country_us,country_th,-0.1192229562779367,-0.01646195352077484
gcn,train,2022-11,country_us,country_vn,-0.3278953399023779,-0.03048822283744812
gcn,train,2022-11,country_vn,country_203,0.08171470480039973,0.033063195645809174
gcn,train,2022-11,country_vn,country_344,0.6463839347017647,0.03835996240377426
gcn,train,2022-11,country_vn,country_372,2.7503149929185944,0.036742888391017914
gcn,train,2022-11,country_vn,country_380,-0.7278043191624577,0.03268280625343323
gcn,train,2022-11,country_vn,country_cn,0.4308039821007724,0.04871251434087753
gcn,train,2022-11,country_vn,country_de,0.16371263161808192,0.03501403331756592
gcn,train,2022-11,country_vn,country_fr,0.007802061403581012,0.05169691890478134
gcn,train,2022-11,country_vn,country_gb,0.9651665811756142,0.07573202252388
gcn,train,2022-11,country_vn,country_in,1.0403366790822375,-0.00931181013584137
gcn,train,2022-11,country_vn,country_jp,-0.47391851481413544,0.017885208129882812
gcn,train,2022-11,country_vn,country_kr,0.4372843237366857,0.003277510404586792
gcn,train,2022-11,country_vn,country_mx,-0.44701025655964055,-0.008347243070602417
gcn,train,2022-11,country_vn,country_my,-0.04953747308427027,0.05565202236175537
gcn,train,2022-11,country_vn,country_ph,0.011855680890693342,-0.0032874494791030884
gcn,train,2022-11,country_vn,country_sg,-0.23966833911537683,0.05232545733451843
gcn,train,2022-11,country_vn,country_th,-0.22434783196268246,0.0031549930572509766
gcn,train,2022-11,country_vn,country_us,0.43569344020595063,0.06986547261476517
gcn,train,2022-12,country_203,country_344,0.8007573198822757,0.06168443709611893
gcn,train,2022-12,country_203,country_372,1.6316922086470478,0.059270814061164856
gcn,train,2022-12,country_203,country_380,0.21986884633318146,0.06123897433280945
gcn,train,2022-12,country_203,country_cn,-0.30447137926602924,0.06419803202152252
gcn,train,2022-12,country_203,country_de,0.19740189128892818,0.07129020243883133
gcn,train,2022-12,country_203,country_fr,13.116651511342297,0.017584174871444702
gcn,train,2022-12,country_203,country_gb,-0.049439813352340836,0.09574434161186218
gcn,train,2022-12,country_203,country_in,-0.32080333784034376,0.061381563544273376
gcn,train,2022-12,country_203,country_jp,-0.06691015080943569,0.049322888255119324
gcn,train,2022-12,country_203,country_kr,0.34915976345212424,0.018266424536705017
gcn,train,2022-12,country_203,country_mx,0.6443463191130736,0.008243575692176819
gcn,train,2022-12,country_203,country_my,-0.16750011012101643,0.022925853729248047
gcn,train,2022-12,country_203,country_ph,0.14478215157974772,0.008005812764167786
gcn,train,2022-12,country_203,country_sg,0.14904509011218192,0.04256606847047806
gcn,train,2022-12,country_203,country_th,-0.1949548896995073,0.05628429353237152
gcn,train,2022-12,country_203,country_us,2.2500939687729344,0.0687652975320816
gcn,train,2022-12,country_203,country_vn,-0.009706645732470086,0.015247642993927002
gcn,train,2022-12,country_344,country_203,0.08605830034059939,0.050757892429828644
gcn,train,2022-12,country_344,country_372,-0.4168921506444543,0.048993274569511414
gcn,train,2022-12,country_344,country_380,0.1287353940215869,0.04500740021467209
gcn,train,2022-12,country_344,country_cn,-0.5488830695346922,0.04987967014312744
gcn,train,2022-12,country_344,country_de,-0.5459409215642299,0.05802682787179947
gcn,train,2022-12,country_344,country_fr,-0.10384484953113521,-0.0025517642498016357
gcn,train,2022-12,country_344,country_gb,-0.7029264847458636,0.0873856246471405
gcn,train,2022-12,country_344,country_in,-0.9719583031438201,0.07098051905632019
gcn,train,2022-12,country_344,country_jp,-0.8253588531653182,0.039359062910079956
gcn,train,2022-12,country_344,country_kr,-0.4088662970647875,0.012461721897125244
gcn,train,2022-12,country_344,country_mx,-0.2574148457419955,-0.007224977016448975
gcn,train,2022-12,country_344,country_my,-0.22791434398466576,-0.004808664321899414
gcn,train,2022-12,country_344,country_ph,0.1980476258414652,0.015130013227462769
gcn,train,2022-12,country_344,country_sg,-0.8451644840524185,0.03680954873561859
gcn,train,2022-12,country_344,country_th,-0.13560786843668682,0.0593641996383667
gcn,train,2022-12,country_344,country_us,0.07824201922233123,0.06981474161148071
gcn,train,2022-12,country_344,country_vn,0.6701559127624745,0.0014428943395614624
gcn,train,2022-12,country_372,country_203,-0.10436455469180664,0.050898902118206024
gcn,train,2022-12,country_372,country_344,0.775680086850517,0.051718637347221375
gcn,train,2022-12,country_372,country_380,-0.41135734863338025,0.04423113912343979
gcn,train,2022-12,country_372,country_cn,-0.7423158547132664,0.049267396330833435
gcn,train,2022-12,country_372,country_de,0.21000158025751037,0.05657762289047241
gcn,train,2022-12,country_372,country_fr,-0.22312350454902732,0.0002707839012145996
gcn,train,2022-12,country_372,country_gb,-0.7326578739070786,0.0843464732170105
gcn,train,2022-12,country_372,country_in,-0.9989665038725767,0.07021208107471466
gcn,train,2022-12,country_372,country_jp,-0.13821172014125016,0.04335332661867142
gcn,train,2022-12,country_372,country_kr,-0.2508109577005192,0.0025607049465179443
gcn,train,2022-12,country_372,country_mx,3.986972268771285,-0.005615651607513428
gcn,train,2022-12,country_372,country_my,-0.32005677579761305,0.018078774213790894
gcn,train,2022-12,country_372,country_ph,0.23860784111649308,0.0055626630783081055
gcn,train,2022-12,country_372,country_sg,0.1458523488406727,0.032815709710121155
gcn,train,2022-12,country_372,country_th,1.7437946012706587,0.03802892565727234
gcn,train,2022-12,country_372,country_us,-0.3960293546400832,0.07933065295219421
gcn,train,2022-12,country_372,country_vn,-0.17067340378621454,0.002046242356300354
gcn,train,2022-12,country_380,country_203,0.2110455049104082,0.0471900999546051
gcn,train,2022-12,country_380,country_344,0.1637731930573199,0.04690410941839218
gcn,train,2022-12,country_380,country_372,0.10267401608378911,0.04745732992887497
gcn,train,2022-12,country_380,country_cn,0.04320497870310853,0.041251689195632935
gcn,train,2022-12,country_380,country_de,0.2352155814676975,0.055151209235191345
gcn,train,2022-12,country_380,country_fr,-0.04646547217816309,-0.006324887275695801
gcn,train,2022-12,country_380,country_gb,-0.09434964176998084,0.07643789052963257
gcn,train,2022-12,country_380,country_in,-0.24421810026775176,0.052024051547050476
gcn,train,2022-12,country_380,country_jp,0.15164926880470325,0.03716633468866348
gcn,train,2022-12,country_380,country_kr,-0.3476797505711892,-0.002337157726287842
gcn,train,2022-12,country_380,country_mx,-0.16545107150373675,-0.015987008810043335
gcn,train,2022-12,country_380,country_my,0.08149136339026827,-0.013915091753005981
gcn,train,2022-12,country_380,country_ph,0.3046029066263371,-0.00019203126430511475
gcn,train,2022-12,country_380,country_sg,0.07137597855029149,0.03332752734422684
gcn,train,2022-12,country_380,country_th,-0.1602051377595324,0.041609026491642
gcn,train,2022-12,country_380,country_us,0.07612100004844949,0.06655588001012802
gcn,train,2022-12,country_380,country_vn,-0.0327886623966165,-0.003596007823944092
gcn,train,2022-12,country_cn,country_203,-0.06143672325901019,0.08196207880973816
gcn,train,2022-12,country_cn,country_344,-0.35919231306507055,0.06995672732591629
gcn,train,2022-12,country_cn,country_372,-0.17238389871921989,0.06800118088722229
gcn,train,2022-12,country_cn,country_380,0.13597479993510855,0.06826809048652649
gcn,train,2022-12,country_cn,country_de,-0.18356160795482698,0.08406606316566467
gcn,train,2022-12,country_cn,country_fr,-0.2013256484812065,0.02660590410232544
gcn,train,2022-12,country_cn,country_gb,0.2367441491171972,0.10708969831466675
gcn,train,2022-12,country_cn,country_in,0.4257370944807575,0.08694466948509216
gcn,train,2022-12,country_cn,country_jp,-0.11300015720025537,0.06996175646781921
gcn,train,2022-12,country_cn,country_kr,-0.23847867373347642,0.04334869980812073
gcn,train,2022-12,country_cn,country_mx,-0.180706210270654,0.015759915113449097
gcn,train,2022-12,country_cn,country_my,-0.10141658091774615,0.04500141739845276
gcn,train,2022-12,country_cn,country_ph,-0.1317193958194397,0.0416509211063385
gcn,train,2022-12,country_cn,country_sg,-0.18779896642353455,0.06237772852182388
gcn,train,2022-12,country_cn,country_th,0.03349927105073637,0.08031252771615982
gcn,train,2022-12,country_cn,country_us,-0.21179685899123232,0.09962701797485352
gcn,train,2022-12,country_cn,country_vn,-0.33055472769328587,0.05072549730539322
gcn,train,2022-12,country_de,country_203,1.268241954788146,0.05977422744035721
gcn,train,2022-12,country_de,country_344,-0.06848551096131868,0.04925549030303955
gcn,train,2022-12,country_de,country_372,-0.3066194947186127,0.048946186900138855
gcn,train,2022-12,country_de,country_380,0.09637825734192251,0.04598652571439743
gcn,train,2022-12,country_de,country_cn,-0.13683396962455763,0.05155755579471588
gcn,train,2022-12,country_de,country_fr,0.12495731225173635,0.009067431092262268
gcn,train,2022-12,country_de,country_gb,0.0712830659766209,0.08708211034536362
gcn,train,2022-12,country_de,country_in,-0.22501716254454965,0.06521420180797577
gcn,train,2022-12,country_de,country_jp,-0.026496775518063214,0.04674399644136429
gcn,train,2022-12,country_de,country_kr,-0.05112227333595089,0.011956974864006042
gcn,train,2022-12,country_de,country_mx,0.16600429205842784,-0.008581727743148804
gcn,train,2022-12,country_de,country_my,0.10481263467455418,0.01795278489589691
gcn,train,2022-12,country_de,country_ph,0.1565172821931525,0.011102050542831421
gcn,train,2022-12,country_de,country_sg,-0.07276995296889181,0.040221698582172394
gcn,train,2022-12,country_de,country_th,0.5586548262086519,0.05341910570859909
gcn,train,2022-12,country_de,country_us,0.30249825421603793,0.0812772810459137
gcn,train,2022-12,country_de,country_vn,-0.3799396024304669,0.020785018801689148
gcn,train,2022-12,country_fr,country_203,0.1281583713630649,0.045671507716178894
gcn,train,2022-12,country_fr,country_344,-0.42052914443722944,0.044684916734695435
gcn,train,2022-12,country_fr,country_372,1.699135581365928,0.04293464124202728
gcn,train,2022-12,country_fr,country_380,0.05410598270575166,0.041872188448905945
gcn,train,2022-12,country_fr,country_cn,-0.28107081731059735,0.04113954305648804
gcn,train,2022-12,country_fr,country_de,-0.7273613606892071,0.056868456304073334
gcn,train,2022-12,country_fr,country_gb,-0.11529801172637577,0.07114681601524353
gcn,train,2022-12,country_fr,country_in,0.29673014646486123,0.06805914640426636
gcn,train,2022-12,country_fr,country_jp,0.10622376732827117,0.038293495774269104
gcn,train,2022-12,country_fr,country_kr,-0.07715625285852552,-0.0026741623878479004
gcn,train,2022-12,country_fr,country_mx,0.13116345162811277,-0.01901017129421234
gcn,train,2022-12,country_fr,country_my,-0.021620916036208193,0.005770385265350342
gcn,train,2022-12,country_fr,country_ph,0.03661475959000476,0.0016022026538848877
gcn,train,2022-12,country_fr,country_sg,0.07217489862095514,0.0380551740527153
gcn,train,2022-12,country_fr,country_th,-0.2621648116155445,0.04220755398273468
gcn,train,2022-12,country_fr,country_us,-0.0936057725456472,0.05957929790019989
gcn,train,2022-12,country_fr,country_vn,-0.07029122969821437,0.01191382110118866
gcn,train,2022-12,country_gb,country_203,0.40660143984160324,0.08605843782424927
gcn,train,2022-12,country_gb,country_344,-0.36576714286385786,0.07466338574886322
gcn,train,2022-12,country_gb,country_372,-0.8049785129883927,0.07280933856964111
gcn,train,2022-12,country_gb,country_380,0.10535810745230037,0.06862004101276398
gcn,train,2022-12,country_gb,country_cn,0.016125427854520265,0.08127743005752563
gcn,train,2022-12,country_gb,country_de,0.10247975191114742,0.07924571633338928
gcn,train,2022-12,country_gb,country_fr,0.36616267739662933,0.03334048390388489
gcn,train,2022-12,country_gb,country_in,-0.829637061585068,0.09003661572933197
gcn,train,2022-12,country_gb,country_jp,-0.17490655102950123,0.06853858381509781
gcn,train,2022-12,country_gb,country_kr,-0.5575687133332848,0.045305125415325165
gcn,train,2022-12,country_gb,country_mx,-0.15251785580031577,0.029955416917800903
gcn,train,2022-12,country_gb,country_my,-0.26705481027367295,0.048978373408317566
gcn,train,2022-12,country_gb,country_ph,0.2947983891153098,0.043521732091903687
gcn,train,2022-12,country_gb,country_sg,-0.2683957534608357,0.06575096398591995
gcn,train,2022-12,country_gb,country_th,-0.03072109224550615,0.08018814027309418
gcn,train,2022-12,country_gb,country_us,-0.08921248848760364,0.11167879402637482
gcn,train,2022-12,country_gb,country_vn,-0.1084074560524329,0.03701195865869522
gcn,train,2022-12,country_in,country_203,-0.852660337408647,0.05705728381872177
gcn,train,2022-12,country_in,country_344,-0.4305172208198092,0.049911871552467346
gcn,train,2022-12,country_in,country_372,22.546465990881867,0.04906053841114044
gcn,train,2022-12,country_in,country_380,-0.1817867962984123,0.04389798641204834
gcn,train,2022-12,country_in,country_cn,-0.2707931601462725,0.057690925896167755
gcn,train,2022-12,country_in,country_de,-0.2034811938360892,0.05873647332191467
gcn,train,2022-12,country_in,country_fr,-0.2859764506322945,0.006023764610290527
gcn,train,2022-12,country_in,country_gb,0.1350495851053789,0.0895976722240448
gcn,train,2022-12,country_in,country_jp,4.136892094265204,0.03918810933828354
gcn,train,2022-12,country_in,country_kr,3.141806981154263,0.017146393656730652
gcn,train,2022-12,country_in,country_mx,0.11768853164036248,0.0017690807580947876
gcn,train,2022-12,country_in,country_my,-0.5812208825623387,0.021049991250038147
gcn,train,2022-12,country_in,country_ph,-0.643236534598273,0.00847315788269043
gcn,train,2022-12,country_in,country_sg,0.7126119053342197,0.04328683018684387
gcn,train,2022-12,country_in,country_th,1.4574492742993572,0.05840303748846054
gcn,train,2022-12,country_in,country_us,17.530348570912444,0.09009348601102829
gcn,train,2022-12,country_in,country_vn,-0.6149479550268889,0.023671716451644897
gcn,train,2022-12,country_jp,country_203,0.009396541391965966,0.053847283124923706
gcn,train,2022-12,country_jp,country_344,-0.23687595160314048,0.05062609910964966
gcn,train,2022-12,country_jp,country_372,1.0858916159690568,0.04465147852897644
gcn,train,2022-12,country_jp,country_380,0.1158024448497931,0.03761455416679382
gcn,train,2022-12,country_jp,country_cn,-0.052545330260913445,0.053585849702358246
gcn,train,2022-12,country_jp,country_de,0.06592107236661934,0.0594712570309639
gcn,train,2022-12,country_jp,country_fr,-0.26302583627066056,0.0011352896690368652
gcn,train,2022-12,country_jp,country_gb,-0.09418168960369111,0.08404187113046646
gcn,train,2022-12,country_jp,country_in,0.3519845610188842,0.06663141399621964
gcn,train,2022-12,country_jp,country_kr,0.48167786385978634,0.012210428714752197
gcn,train,2022-12,country_jp,country_mx,-0.15600753841167603,-0.010360762476921082
gcn,train,2022-12,country_jp,country_my,0.045721171904663654,0.020596742630004883
gcn,train,2022-12,country_jp,country_ph,-0.13872941100889993,0.012230858206748962
gcn,train,2022-12,country_jp,country_sg,-0.5305434581049953,0.042760759592056274
gcn,train,2022-12,country_jp,country_th,-0.07057668579215143,0.05823354423046112
gcn,train,2022-12,country_jp,country_us,-0.04205687621481335,0.07761242985725403
gcn,train,2022-12,country_jp,country_vn,0.4613825514373079,-0.0013647228479385376
gcn,train,2022-12,country_kr,country_203,0.32431000876821553,0.053599171340465546
gcn,train,2022-12,country_kr,country_344,-0.5521602677557769,0.04695301502943039
gcn,train,2022-12,country_kr,country_372,-0.31670954706800475,0.0383056104183197
gcn,train,2022-12,country_kr,country_380,1.8334640355671101,0.03506666421890259
gcn,train,2022-12,country_kr,country_cn,-0.3671619480204809,0.05295281857252121
gcn,train,2022-12,country_kr,country_de,0.5203052057510045,0.05539532005786896
gcn,train,2022-12,country_kr,country_fr,0.9642483525722678,-0.0002406388521194458
gcn,train,2022-12,country_kr,country_gb,-0.27883344555285583,0.0778503343462944
gcn,train,2022-12,country_kr,country_in,0.016473837527148212,0.06600157171487808
gcn,train,2022-12,country_kr,country_jp,-0.46472862069465554,0.044924378395080566
gcn,train,2022-12,country_kr,country_mx,0.24503361403747467,-0.010327666997909546
gcn,train,2022-12,country_kr,country_my,0.0026797182809216898,0.021237492561340332
gcn,train,2022-12,country_kr,country_ph,-0.5093528210922226,0.011396363377571106
gcn,train,2022-12,country_kr,country_sg,-0.05522622727965183,0.042936116456985474
gcn,train,2022-12,country_kr,country_th,-0.05260367828994242,0.05795104801654816
gcn,train,2022-12,country_kr,country_us,0.09685784906407133,0.07982412725687027
gcn,train,2022-12,country_kr,country_vn,-0.26848388677294305,-0.0009928345680236816
gcn,train,2022-12,country_mx,country_203,0.6169608436468011,0.044750504195690155
gcn,train,2022-12,country_mx,country_344,-0.3194232215403833,0.04250632971525192
gcn,train,2022-12,country_mx,country_372,-0.44636724771213354,0.03754658252000809
gcn,train,2022-12,country_mx,country_380,0.32492874013449496,0.02863413840532303
gcn,train,2022-12,country_mx,country_cn,-0.07898709259656382,0.04630327969789505
gcn,train,2022-12,country_mx,country_de,0.28739381744820175,0.050361886620521545
gcn,train,2022-12,country_mx,country_fr,-0.0734294206022862,-0.0008887797594070435
gcn,train,2022-12,country_mx,country_gb,-0.3093006016263027,0.07215780764818192
gcn,train,2022-12,country_mx,country_in,63.294247957789686,0.051610298454761505
gcn,train,2022-12,country_mx,country_jp,-0.2797349721680075,0.039050519466400146
gcn,train,2022-12,country_mx,country_kr,-0.38136443274577936,0.005854815244674683
gcn,train,2022-12,country_mx,country_my,-0.07271109236786323,-0.010051324963569641
gcn,train,2022-12,country_mx,country_ph,-0.18699728094113538,-0.0011454969644546509
gcn,train,2022-12,country_mx,country_sg,0.12098962119065021,0.035785824060440063
gcn,train,2022-12,country_mx,country_th,0.5044545896073032,0.0467221662402153
gcn,train,2022-12,country_mx,country_us,-0.14479459801214675,0.07302534580230713
gcn,train,2022-12,country_mx,country_vn,-0.07150493085827397,-0.0016858428716659546
gcn,train,2022-12,country_my,country_203,0.08033060308376437,0.056674472987651825
gcn,train,2022-12,country_my,country_344,-0.2507307900375799,0.04896138608455658
gcn,train,2022-12,country_my,country_372,-0.0821589567350639,0.04357071965932846
gcn,train,2022-12,country_my,country_380,0.03581888114189667,0.038501664996147156
gcn,train,2022-12,country_my,country_cn,-0.33121371950753614,0.05827980488538742
gcn,train,2022-12,country_my,country_de,0.03550793091129585,0.059878863394260406
gcn,train,2022-12,country_my,country_fr,-0.13123712411184782,0.005404621362686157
gcn,train,2022-12,country_my,country_gb,0.02715605650976215,0.08428645133972168
gcn,train,2022-12,country_my,country_in,3.9922981977188168,0.07044513523578644
gcn,train,2022-12,country_my,country_jp,-0.1593074488823889,0.04807625710964203
gcn,train,2022-12,country_my,country_kr,0.17143133006121664,0.010882213711738586
gcn,train,2022-12,country_my,country_mx,-0.2057163724887763,-0.007935687899589539
gcn,train,2022-12,country_my,country_ph,0.3098002742069559,0.010952979326248169
gcn,train,2022-12,country_my,country_sg,-0.24711748296391362,0.04442053288221359
gcn,train,2022-12,country_my,country_th,0.021416418308681552,0.06246834248304367
gcn,train,2022-12,country_my,country_us,-0.16081694374161262,0.0837605819106102
gcn,train,2022-12,country_my,country_vn,0.33828831686231703,0.00030700862407684326
gcn,train,2022-12,country_ph,country_203,-0.26427651018386755,0.04520626366138458
gcn,train,2022-12,country_ph,country_344,0.00788563167345378,0.04366771876811981
gcn,train,2022-12,country_ph,country_372,-0.002979907057376915,0.0378318727016449
gcn,train,2022-12,country_ph,country_380,0.1923589205231534,0.02982015162706375
gcn,train,2022-12,country_ph,country_cn,-0.2809491856967616,0.048000484704971313
gcn,train,2022-12,country_ph,country_de,0.2014379998565827,0.052118003368377686
gcn,train,2022-12,country_ph,country_fr,-0.12538617873039,-0.000603020191192627
gcn,train,2022-12,country_ph,country_gb,0.03995517153473979,0.07493746280670166
gcn,train,2022-12,country_ph,country_in,1.4856514988719876,0.05448921024799347
gcn,train,2022-12,country_ph,country_jp,-0.021962211191270294,0.044674597680568695
gcn,train,2022-12,country_ph,country_kr,0.08833907821944194,0.00685475766658783
gcn,train,2022-12,country_ph,country_mx,-0.199702354353358,-0.017683058977127075
gcn,train,2022-12,country_ph,country_my,0.09121354999618796,0.01324230432510376
gcn,train,2022-12,country_ph,country_sg,-0.4386294759023655,0.038734838366508484
gcn,train,2022-12,country_ph,country_th,-0.10400052859516297,0.05132041126489639
gcn,train,2022-12,country_ph,country_us,-0.15495250486976506,0.06674304604530334
gcn,train,2022-12,country_ph,country_vn,0.16598633711686067,0.02245330810546875
gcn,train,2022-12,country_sg,country_203,-0.25404920619219795,0.06827272474765778
gcn,train,2022-12,country_sg,country_344,-0.2191523414912213,0.06639563292264938
gcn,train,2022-12,country_sg,country_372,0.25046853993875423,0.06522698700428009
gcn,train,2022-12,country_sg,country_380,-0.10167302453507292,0.06062699854373932
gcn,train,2022-12,country_sg,country_cn,-0.27156141808793455,0.0705614686012268
gcn,train,2022-12,country_sg,country_de,-0.14930627758661374,0.0725666880607605
gcn,train,2022-12,country_sg,country_fr,0.4203397794349585,0.02250155806541443
gcn,train,2022-12,country_sg,country_gb,-0.1562072860435781,0.09882675111293793
gcn,train,2022-12,country_sg,country_in,-0.7880294172755522,0.08191078901290894
gcn,train,2022-12,country_sg,country_jp,0.06056909084037261,0.056924208998680115
gcn,train,2022-12,country_sg,country_kr,-0.09548400089526839,0.030152074992656708
gcn,train,2022-12,country_sg,country_mx,-0.20875342165286231,0.008922815322875977
gcn,train,2022-12,country_sg,country_my,-0.25883969754301467,0.03882937133312225
gcn,train,2022-12,country_sg,country_ph,-0.07514284296873738,0.032109588384628296
gcn,train,2022-12,country_sg,country_th,0.09081307061322466,0.06975801289081573
gcn,train,2022-12,country_sg,country_us,0.29664387212153076,0.10162672400474548
gcn,train,2022-12,country_sg,country_vn,-0.29340826321776237,0.016955211758613586
gcn,train,2022-12,country_th,country_203,0.2201190880081515,0.057943426072597504
gcn,train,2022-12,country_th,country_344,-0.31742798640216996,0.04779428243637085
gcn,train,2022-12,country_th,country_372,-0.07449329928241848,0.04592760652303696
gcn,train,2022-12,country_th,country_380,-0.07047203687751193,0.04227224737405777
gcn,train,2022-12,country_th,country_cn,-0.32295229178796625,0.05764304846525192
gcn,train,2022-12,country_th,country_de,0.12496176135622121,0.05765506625175476
gcn,train,2022-12,country_th,country_fr,-0.09917359090889513,0.010495871305465698
gcn,train,2022-12,country_th,country_gb,0.030024335495943983,0.08646724373102188
gcn,train,2022-12,country_th,country_in,2.2748420397845086,0.06243591010570526
gcn,train,2022-12,country_th,country_jp,0.08778556885083597,0.04534482955932617
gcn,train,2022-12,country_th,country_kr,-0.10353285333087349,0.020243018865585327
gcn,train,2022-12,country_th,country_mx,-0.13775481398250128,-0.0030571967363357544
gcn,train,2022-12,country_th,country_my,-0.16661463452075106,0.023683160543441772
gcn,train,2022-12,country_th,country_ph,-0.12508114119769154,0.016372114419937134
gcn,train,2022-12,country_th,country_sg,-0.3077845977491418,0.04568494111299515
gcn,train,2022-12,country_th,country_us,0.5312422212031254,0.08597008138895035
gcn,train,2022-12,country_th,country_vn,0.3725417730522435,0.027959637343883514
gcn,train,2022-12,country_us,country_203,0.2076053619961841,0.0547027587890625
gcn,train,2022-12,country_us,country_344,-0.15780712013419476,0.04558953642845154
gcn,train,2022-12,country_us,country_372,-0.1279027532496809,0.03913528472185135
gcn,train,2022-12,country_us,country_380,0.19670317828600298,0.03652329742908478
gcn,train,2022-12,country_us,country_cn,-0.3750938986059343,0.04844817519187927
gcn,train,2022-12,country_us,country_de,-0.04294679311792165,0.05535060912370682
gcn,train,2022-12,country_us,country_fr,-0.019708474183263866,0.0018829256296157837
gcn,train,2022-12,country_us,country_gb,0.13299577937554127,0.0811534970998764
gcn,train,2022-12,country_us,country_in,-0.6930330077567401,0.060497626662254333
gcn,train,2022-12,country_us,country_jp,-0.1799952689810362,0.04116994887590408
gcn,train,2022-12,country_us,country_kr,-0.13073148342187993,0.006885230541229248
gcn,train,2022-12,country_us,country_mx,-0.20978334682072303,-0.010390162467956543
gcn,train,2022-12,country_us,country_my,-0.2843016229831008,-0.00880955159664154
gcn,train,2022-12,country_us,country_ph,0.16312994169169281,0.00834512710571289
gcn,train,2022-12,country_us,country_sg,-0.30423563633297757,0.035446323454380035
gcn,train,2022-12,country_us,country_th,0.06454515879652567,0.0507616251707077
gcn,train,2022-12,country_us,country_vn,-0.11690473964063251,0.015562519431114197
gcn,train,2022-12,country_vn,country_203,-0.541328483031641,0.06677114963531494
gcn,train,2022-12,country_vn,country_344,0.07517079140356399,0.06053081154823303
gcn,train,2022-12,country_vn,country_372,-0.6602571558759917,0.05672678351402283
gcn,train,2022-12,country_vn,country_380,0.9711748465864085,0.04638899862766266
gcn,train,2022-12,country_vn,country_cn,-0.452793748549424,0.07164683938026428
gcn,train,2022-12,country_vn,country_de,-0.11211669540881009,0.06982148438692093
gcn,train,2022-12,country_vn,country_fr,-0.32662260591506787,0.01680561900138855
gcn,train,2022-12,country_vn,country_gb,-0.14858759507369781,0.09518548846244812
gcn,train,2022-12,country_vn,country_in,0.20813496810575174,0.07245209813117981
gcn,train,2022-12,country_vn,country_jp,-0.6234641970820031,0.05319149047136307
gcn,train,2022-12,country_vn,country_kr,-0.35910603987540096,0.030969977378845215
gcn,train,2022-12,country_vn,country_mx,0.25232061349563756,0.00279960036277771
gcn,train,2022-12,country_vn,country_my,-0.33684578069136106,0.030740484595298767
gcn,train,2022-12,country_vn,country_ph,-0.31892095515141367,0.0035792291164398193
gcn,train,2022-12,country_vn,country_sg,-0.17810938282969302,0.04723474383354187
gcn,train,2022-12,country_vn,country_th,-0.31946256461935385,0.06615367531776428
gcn,train,2022-12,country_vn,country_us,-0.04791980208245469,0.09819323569536209
gcn,validation,2023-01,country_203,country_344,0.3821775786078959,0.04296158254146576
gcn,validation,2023-01,country_203,country_372,3.0921069798391034,0.053834304213523865
gcn,validation,2023-01,country_203,country_380,-0.41900615258795026,0.0703074112534523
gcn,validation,2023-01,country_203,country_cn,0.5291318648222709,0.032249823212623596
gcn,validation,2023-01,country_203,country_de,0.16239459973673465,0.06407198309898376
gcn,validation,2023-01,country_203,country_fr,4.731049053254636,0.05433115363121033
gcn,validation,2023-01,country_203,country_gb,0.8401706686949649,0.05799880623817444
gcn,validation,2023-01,country_203,country_in,-0.12256212090411252,0.05325247347354889
gcn,validation,2023-01,country_203,country_jp,-0.5138461902131041,0.0548214465379715
gcn,validation,2023-01,country_203,country_kr,0.46692173653556146,0.05880466103553772
gcn,validation,2023-01,country_203,country_mx,1.1742990765140184,0.022051244974136353
gcn,validation,2023-01,country_203,country_my,0.4840859831505828,0.044242821633815765
gcn,validation,2023-01,country_203,country_ph,-0.0741630117049431,0.07057158648967743
gcn,validation,2023-01,country_203,country_sg,0.32388436225016204,0.03196888417005539
gcn,validation,2023-01,country_203,country_th,-0.07263341617712858,0.056836992502212524
gcn,validation,2023-01,country_203,country_us,0.11670028955409827,0.10514500737190247
gcn,validation,2023-01,country_203,country_vn,-0.09418111780543591,0.047167301177978516
gcn,validation,2023-01,country_344,country_203,-0.8469262147154312,0.05190920829772949
gcn,validation,2023-01,country_344,country_372,-0.7977346627244793,0.038016580045223236
gcn,validation,2023-01,country_344,country_380,0.07368952314676153,0.05322706699371338
gcn,validation,2023-01,country_344,country_cn,0.23754062424226546,0.024679020047187805
gcn,validation,2023-01,country_344,country_de,-0.5948484346848789,0.05574624985456467
gcn,validation,2023-01,country_344,country_fr,-0.574756216673595,0.038401998579502106
gcn,validation,2023-01,country_344,country_gb,-0.5631216857399757,0.046849943697452545
gcn,validation,2023-01,country_344,country_in,-0.957734632134577,0.04705458879470825
gcn,validation,2023-01,country_344,country_jp,-0.5988391722647936,0.049774229526519775
gcn,validation,2023-01,country_344,country_kr,-0.5000683194831943,0.06116551160812378
gcn,validation,2023-01,country_344,country_mx,-0.027624281776634268,0.008403509855270386
gcn,validation,2023-01,country_344,country_my,-0.31402914621830735,0.04234258830547333
gcn,validation,2023-01,country_344,country_ph,-0.3450558231175825,0.0685773715376854
gcn,validation,2023-01,country_344,country_sg,-0.39754418747691267,0.02228599786758423
gcn,validation,2023-01,country_344,country_th,-0.587488972979571,0.05265665799379349
gcn,validation,2023-01,country_344,country_us,-0.6976399810061511,0.09815128892660141
gcn,validation,2023-01,country_344,country_vn,0.6302280493143345,0.042054347693920135
gcn,validation,2023-01,country_372,country_203,-0.07754277962280462,0.07077028602361679
gcn,validation,2023-01,country_372,country_344,-0.3275327970784869,0.04119737446308136
gcn,validation,2023-01,country_372,country_380,3.895870626588392,0.07359978556632996
gcn,validation,2023-01,country_372,country_cn,-0.4833641300027929,0.025655150413513184
gcn,validation,2023-01,country_372,country_de,0.8722833734620808,0.06949764490127563
gcn,validation,2023-01,country_372,country_fr,0.1618843138815793,0.04573499411344528
gcn,validation,2023-01,country_372,country_gb,-0.865260612485706,0.05223292112350464
gcn,validation,2023-01,country_372,country_in,-0.998906753067577,0.038512833416461945
gcn,validation,2023-01,country_372,country_jp,0.06140975060014603,0.07071255892515182
gcn,validation,2023-01,country_372,country_kr,0.9326244280481706,0.06026031821966171
gcn,validation,2023-01,country_372,country_mx,1.4783747292876754,0.01343737542629242
gcn,validation,2023-01,country_372,country_my,-0.27092910490702254,0.04830792546272278
gcn,validation,2023-01,country_372,country_ph,0.014262879109456145,0.0777391567826271
gcn,validation,2023-01,country_372,country_sg,-0.029864957637032962,0.02118973433971405
gcn,validation,2023-01,country_372,country_th,0.6386565116013332,0.03636127710342407
gcn,validation,2023-01,country_372,country_us,-0.1903137097394738,0.11001113802194595
gcn,validation,2023-01,country_372,country_vn,-0.3176928718838465,0.029959335923194885
gcn,validation,2023-01,country_380,country_203,-0.21201687895508076,0.06245526671409607
gcn,validation,2023-01,country_380,country_344,0.06739468430552503,0.043433815240859985
gcn,validation,2023-01,country_380,country_372,0.8261064213636429,0.05441702902317047
gcn,validation,2023-01,country_380,country_cn,0.20413406392990624,0.030390098690986633
gcn,validation,2023-01,country_380,country_de,-0.1501518300281144,0.065916508436203
gcn,validation,2023-01,country_380,country_fr,-0.1398548826509771,0.056938931345939636
gcn,validation,2023-01,country_380,country_gb,0.017267021146061854,0.059927329421043396
gcn,validation,2023-01,country_380,country_in,0.19548871346790675,0.054051801562309265
gcn,validation,2023-01,country_380,country_jp,0.4420389616100664,0.06064867973327637
gcn,validation,2023-01,country_380,country_kr,2.4014064607722525,0.05967128276824951
gcn,validation,2023-01,country_380,country_mx,-0.22291321913314047,0.021265238523483276
gcn,validation,2023-01,country_380,country_my,-0.36933473169166386,0.04610954970121384
gcn,validation,2023-01,country_380,country_ph,0.011764053225656948,0.07208675891160965
gcn,validation,2023-01,country_380,country_sg,-0.09649228244427635,0.03478781878948212
gcn,validation,2023-01,country_380,country_th,-0.11454379561147365,0.05605665594339371
gcn,validation,2023-01,country_380,country_us,-0.015120784723325103,0.12829303741455078
gcn,validation,2023-01,country_380,country_vn,-0.7921281498878894,0.04562385380268097
gcn,validation,2023-01,country_cn,country_203,-0.3011449516485068,0.05697990953922272
gcn,validation,2023-01,country_cn,country_344,-0.22560045476072432,0.04839371144771576
gcn,validation,2023-01,country_cn,country_372,0.1986697611126818,0.05679422616958618
gcn,validation,2023-01,country_cn,country_380,0.21275198162159367,0.05814594030380249
gcn,validation,2023-01,country_cn,country_de,-0.170780450530722,0.06618118286132812
gcn,validation,2023-01,country_cn,country_fr,-0.12901739800017878,0.05610121786594391
gcn,validation,2023-01,country_cn,country_gb,0.006549529207112558,0.06286518275737762
gcn,validation,2023-01,country_cn,country_in,0.4919125279572588,0.0567847341299057
gcn,validation,2023-01,country_cn,country_jp,-0.24544313719447014,0.0636589452624321
gcn,validation,2023-01,country_cn,country_kr,-0.2540696767990156,0.06685975193977356
gcn,validation,2023-01,country_cn,country_mx,-0.21346188642199257,0.011103197932243347
gcn,validation,2023-01,country_cn,country_my,-0.07210235922630559,0.05083620548248291
gcn,validation,2023-01,country_cn,country_ph,-0.25545690140338084,0.067735455930233
gcn,validation,2023-01,country_cn,country_sg,-0.20899342938152074,0.037333592772483826
gcn,validation,2023-01,country_cn,country_th,-0.1286946339934282,0.06452912092208862
gcn,validation,2023-01,country_cn,country_us,-0.2521757335514226,0.11575707793235779
gcn,validation,2023-01,country_cn,country_vn,-0.13161522472447165,0.050617776811122894
gcn,validation,2023-01,country_de,country_203,0.4521212294130545,0.05671929568052292
gcn,validation,2023-01,country_de,country_344,-0.03495394959501393,0.0497928187251091
gcn,validation,2023-01,country_de,country_372,-0.43616125608033957,0.052805982530117035
gcn,validation,2023-01,country_de,country_380,0.2785164374025347,0.060919202864170074
gcn,validation,2023-01,country_de,country_cn,-0.3943269423697781,0.03583765774965286
gcn,validation,2023-01,country_de,country_fr,-0.06054706737076177,0.059032075107097626
gcn,validation,2023-01,country_de,country_gb,0.043963368928348685,0.0640227347612381
gcn,validation,2023-01,country_de,country_in,-0.2743402801964553,0.06164979934692383
gcn,validation,2023-01,country_de,country_jp,0.014903553906910283,0.055986225605010986
gcn,validation,2023-01,country_de,country_kr,-0.011196604996257324,0.05985260009765625
gcn,validation,2023-01,country_de,country_mx,0.05382306547697367,0.02230168879032135
gcn,validation,2023-01,country_de,country_my,-0.0024773315518216536,0.049297869205474854
gcn,validation,2023-01,country_de,country_ph,-0.041813487262552095,0.06457140296697617
gcn,validation,2023-01,country_de,country_sg,-0.09433587156398812,0.03760199248790741
gcn,validation,2023-01,country_de,country_th,0.13904179208858208,0.062213219702243805
gcn,validation,2023-01,country_de,country_us,0.24972351234245801,0.13102242350578308
gcn,validation,2023-01,country_de,country_vn,-0.2651431403229119,0.05026290565729141
gcn,validation,2023-01,country_fr,country_203,0.3614722172364925,0.05198637396097183
gcn,validation,2023-01,country_fr,country_344,-0.23157532455894936,0.04065527021884918
gcn,validation,2023-01,country_fr,country_372,0.2965826324554972,0.055450454354286194
gcn,validation,2023-01,country_fr,country_380,0.0837817643252394,0.0568336620926857
gcn,validation,2023-01,country_fr,country_cn,-0.21993072716423534,0.024383261799812317
gcn,validation,2023-01,country_fr,country_de,-0.7180040523049445,0.057125017046928406
gcn,validation,2023-01,country_fr,country_gb,0.4301504576605565,0.05215130001306534
gcn,validation,2023-01,country_fr,country_in,-0.5998327087722592,0.0493481308221817
gcn,validation,2023-01,country_fr,country_jp,-0.22365034167834466,0.0524049773812294
gcn,validation,2023-01,country_fr,country_kr,-0.17493052818621377,0.05453465133905411
gcn,validation,2023-01,country_fr,country_mx,-0.667628182687493,0.01370614767074585
gcn,validation,2023-01,country_fr,country_my,-0.044712673946915284,0.0381954088807106
gcn,validation,2023-01,country_fr,country_ph,-0.048931774451054434,0.05949541926383972
gcn,validation,2023-01,country_fr,country_sg,-0.02568791859557321,0.03112262487411499
gcn,validation,2023-01,country_fr,country_th,-0.009972594873177473,0.05113016813993454
gcn,validation,2023-01,country_fr,country_us,-0.14087726968202213,0.12270316481590271
gcn,validation,2023-01,country_fr,country_vn,0.09649004707163131,0.034004099667072296
gcn,validation,2023-01,country_gb,country_203,0.02846176013379601,0.05050510913133621
gcn,validation,2023-01,country_gb,country_344,-0.11791148342972681,0.04045621305704117
gcn,validation,2023-01,country_gb,country_372,0.0983603827253722,0.04948724806308746
gcn,validation,2023-01,country_gb,country_380,-0.05234972795815145,0.04901352524757385
gcn,validation,2023-01,country_gb,country_cn,-0.10283932451797177,0.023734763264656067
gcn,validation,2023-01,country_gb,country_de,-0.059487142091826435,0.05409461259841919
gcn,validation,2023-01,country_gb,country_fr,0.28863769642540016,0.04710026830434799
gcn,validation,2023-01,country_gb,country_in,-0.7001985076454935,0.047991856932640076
gcn,validation,2023-01,country_gb,country_jp,-0.18025337415820883,0.05044502764940262
gcn,validation,2023-01,country_gb,country_kr,-0.44835487150978914,0.05431177467107773
gcn,validation,2023-01,country_gb,country_mx,-0.13227576873919253,0.013688907027244568
gcn,validation,2023-01,country_gb,country_my,-0.17079921417895255,0.037692032754421234
gcn,validation,2023-01,country_gb,country_ph,-0.3521723001834782,0.0594698041677475
gcn,validation,2023-01,country_gb,country_sg,0.011338662006985136,0.028484061360359192
gcn,validation,2023-01,country_gb,country_th,-0.1777314175587529,0.05148923397064209
gcn,validation,2023-01,country_gb,country_us,-0.17276613592805515,0.12400500476360321
gcn,validation,2023-01,country_gb,country_vn,0.3398671596641338,0.03136409819126129
gcn,validation,2023-01,country_in,country_203,-0.5631011889351363,0.04899951070547104
gcn,validation,2023-01,country_in,country_344,-0.15547710273941884,0.04418019950389862
gcn,validation,2023-01,country_in,country_372,21.710786676923036,0.048795104026794434
gcn,validation,2023-01,country_in,country_380,0.6121361539011566,0.05026998370885849
gcn,validation,2023-01,country_in,country_cn,-0.33398082401084944,0.028570272028446198
gcn,validation,2023-01,country_in,country_de,0.05146126373705103,0.057896219193935394
gcn,validation,2023-01,country_in,country_fr,-0.5178512556512174,0.04532121121883392
gcn,validation,2023-01,country_in,country_gb,-0.21734278069391197,0.055830806493759155
gcn,validation,2023-01,country_in,country_jp,-0.6675531862425832,0.05239872634410858
gcn,validation,2023-01,country_in,country_kr,0.36261105644633784,0.056667134165763855
gcn,validation,2023-01,country_in,country_mx,-0.06687076644087685,0.019050046801567078
gcn,validation,2023-01,country_in,country_my,-0.5046876984083526,0.03584301471710205
gcn,validation,2023-01,country_in,country_ph,-0.3627270528098278,0.058709755539894104
gcn,validation,2023-01,country_in,country_sg,-0.41405869110019855,0.032249316573143005
gcn,validation,2023-01,country_in,country_th,3.0321295003176525,0.055395543575286865
gcn,validation,2023-01,country_in,country_us,11.86652553130698,0.13571690022945404
gcn,validation,2023-01,country_in,country_vn,0.08014745316400902,0.028849273920059204
gcn,validation,2023-01,country_jp,country_203,-0.2739783354681351,0.05997409671545029
gcn,validation,2023-01,country_jp,country_344,-0.23287258010086231,0.05151790380477905
gcn,validation,2023-01,country_jp,country_372,-0.2236650367236727,0.050777584314346313
gcn,validation,2023-01,country_jp,country_380,0.20987724011352527,0.05931731313467026
gcn,validation,2023-01,country_jp,country_cn,-0.10455086391244452,0.03962694853544235
gcn,validation,2023-01,country_jp,country_de,0.025402732162860157,0.06578269600868225
gcn,validation,2023-01,country_jp,country_fr,-0.11151548010941417,0.056148461997509
gcn,validation,2023-01,country_jp,country_gb,-0.0201041267006785,0.06283627450466156
gcn,validation,2023-01,country_jp,country_in,0.6794781353206506,0.06500507146120071
gcn,validation,2023-01,country_jp,country_kr,-0.19311240640679134,0.06554323434829712
gcn,validation,2023-01,country_jp,country_mx,-0.06742032361682819,0.023220285773277283
gcn,validation,2023-01,country_jp,country_my,-0.017451282705091612,0.05368215590715408
gcn,validation,2023-01,country_jp,country_ph,-0.17045673365730923,0.07094021141529083
gcn,validation,2023-01,country_jp,country_sg,-0.3651787535762459,0.0395309254527092
gcn,validation,2023-01,country_jp,country_th,-0.042332717753715214,0.06850235909223557
gcn,validation,2023-01,country_jp,country_us,-0.04954725129246217,0.1336173713207245
gcn,validation,2023-01,country_jp,country_vn,0.15169397428793235,0.05524896830320358
gcn,validation,2023-01,country_kr,country_203,0.38165580600099264,0.058573201298713684
gcn,validation,2023-01,country_kr,country_344,-0.5937613032936465,0.052068524062633514
gcn,validation,2023-01,country_kr,country_372,-0.4281734261824883,0.04767656326293945
gcn,validation,2023-01,country_kr,country_380,0.6105067547273705,0.05655912309885025
gcn,validation,2023-01,country_kr,country_cn,-0.2983281319817798,0.04047652333974838
gcn,validation,2023-01,country_kr,country_de,0.1282808366705453,0.062291137874126434
gcn,validation,2023-01,country_kr,country_fr,-0.10676982167973906,0.05756890028715134
gcn,validation,2023-01,country_kr,country_gb,-0.1756525365750673,0.0615125447511673
gcn,validation,2023-01,country_kr,country_in,0.060804218780624614,0.06629707664251328
gcn,validation,2023-01,country_kr,country_jp,-0.32914406431126775,0.05840497463941574
gcn,validation,2023-01,country_kr,country_mx,0.09257074045818134,0.022274911403656006
gcn,validation,2023-01,country_kr,country_my,-0.006631489673654234,0.051558926701545715
gcn,validation,2023-01,country_kr,country_ph,-0.44690153109482555,0.06727966666221619
gcn,validation,2023-01,country_kr,country_th,-0.3344284290551903,0.06603814661502838
gcn,validation,2023-01,country_kr,country_us,-0.08297391200995792,0.1360793560743332
gcn,validation,2023-01,country_kr,country_vn,-0.29649730280964,0.052988871932029724
gcn,validation,2023-01,country_mx,country_203,0.09598169445348163,0.04809580743312836
gcn,validation,2023-01,country_mx,country_344,-0.514316365801834,0.04162205010652542
gcn,validation,2023-01,country_mx,country_372,-0.7690587245745383,0.041808195412158966
gcn,validation,2023-01,country_mx,country_380,0.4878882287430748,0.04884457588195801
gcn,validation,2023-01,country_mx,country_cn,-0.3463647997008771,0.025440260767936707
gcn,validation,2023-01,country_mx,country_de,0.11453067899290856,0.05622636526823044
gcn,validation,2023-01,country_mx,country_fr,0.3918041523820075,0.03752976655960083
gcn,validation,2023-01,country_mx,country_gb,-0.24793000708593746,0.04649220407009125
gcn,validation,2023-01,country_mx,country_in,70.07611413978951,0.05180846154689789
gcn,validation,2023-01,country_mx,country_jp,-0.4066466927322184,0.051518514752388
gcn,validation,2023-01,country_mx,country_kr,-0.07425948521379347,0.05612053722143173
gcn,validation,2023-01,country_mx,country_my,-0.49680680416938666,0.03659447282552719
gcn,validation,2023-01,country_mx,country_ph,1.5986937644509207,0.053168751299381256
gcn,validation,2023-01,country_mx,country_sg,0.2142729161586945,0.026772916316986084
gcn,validation,2023-01,country_mx,country_th,0.07872243457411211,0.050622567534446716
gcn,validation,2023-01,country_mx,country_us,-0.23965638468309208,0.12417823076248169
gcn,validation,2023-01,country_mx,country_vn,-0.33462581070712705,0.02095124125480652
gcn,validation,2023-01,country_my,country_203,-0.5438754102403713,0.045644357800483704
gcn,validation,2023-01,country_my,country_344,-0.21854336090607762,0.04089060425758362
gcn,validation,2023-01,country_my,country_372,-0.37725834930245916,0.04595499485731125
gcn,validation,2023-01,country_my,country_380,0.2771926920078206,0.044850870966911316
gcn,validation,2023-01,country_my,country_cn,-0.2215513278567354,0.037414103746414185
gcn,validation,2023-01,country_my,country_de,-0.008675871547082378,0.05348731577396393
gcn,validation,2023-01,country_my,country_fr,-0.14266195927845926,0.049162328243255615
gcn,validation,2023-01,country_my,country_gb,-0.347123071570102,0.05383026599884033
gcn,validation,2023-01,country_my,country_in,3.8879583759116847,0.05610765516757965
gcn,validation,2023-01,country_my,country_jp,-0.23139915805056122,0.04996208846569061
gcn,validation,2023-01,country_my,country_kr,-0.1703134052910692,0.053736694157123566
gcn,validation,2023-01,country_my,country_mx,-0.20027517563786887,0.012495338916778564
gcn,validation,2023-01,country_my,country_ph,0.039051881407885285,0.05775456130504608
gcn,validation,2023-01,country_my,country_sg,-0.16272140037892124,0.03368474543094635
gcn,validation,2023-01,country_my,country_th,-0.27170796391253543,0.054376021027565
gcn,validation,2023-01,country_my,country_us,-0.23962384975919807,0.12194690853357315
gcn,validation,2023-01,country_my,country_vn,-0.3790432377382593,0.04681045562028885
gcn,validation,2023-01,country_ph,country_203,-0.16904314670974607,0.055455416440963745
gcn,validation,2023-01,country_ph,country_344,0.01595344492610779,0.04967553913593292
gcn,validation,2023-01,country_ph,country_372,-0.23065682317642666,0.05064196139574051
gcn,validation,2023-01,country_ph,country_380,0.42203609005154236,0.055021122097969055
gcn,validation,2023-01,country_ph,country_cn,-0.28597277991226194,0.040029093623161316
gcn,validation,2023-01,country_ph,country_de,0.10344118468981787,0.06142708659172058
gcn,validation,2023-01,country_ph,country_fr,-0.3162828641906277,0.058859214186668396
gcn,validation,2023-01,country_ph,country_gb,-0.04934607016960972,0.06427794694900513
gcn,validation,2023-01,country_ph,country_in,1.7333714129370323,0.06356203556060791
gcn,validation,2023-01,country_ph,country_jp,0.054737186506069006,0.06224832683801651
gcn,validation,2023-01,country_ph,country_kr,-0.060915606092283775,0.06108696013689041
gcn,validation,2023-01,country_ph,country_mx,-0.10074850461398815,0.02347126603126526
gcn,validation,2023-01,country_ph,country_my,-0.18336419174091095,0.05120974779129028
gcn,validation,2023-01,country_ph,country_sg,-0.3966698454396227,0.040102750062942505
gcn,validation,2023-01,country_ph,country_th,-0.1739117136462236,0.0643957108259201
gcn,validation,2023-01,country_ph,country_us,-0.1213896046269877,0.1299344003200531
gcn,validation,2023-01,country_ph,country_vn,-0.07948031201329453,0.05018448084592819
gcn,validation,2023-01,country_sg,country_203,0.12475306385053171,0.06507597863674164
gcn,validation,2023-01,country_sg,country_344,-0.4612421761076429,0.062234312295913696
gcn,validation,2023-01,country_sg,country_372,0.5286424429913452,0.059684090316295624
gcn,validation,2023-01,country_sg,country_380,-0.11945992715007125,0.06446269154548645
gcn,validation,2023-01,country_sg,country_cn,-0.33229082642896585,0.04399611055850983
gcn,validation,2023-01,country_sg,country_de,-0.08352195266420247,0.07709180563688278
gcn,validation,2023-01,country_sg,country_fr,-0.17093080170832795,0.06442712992429733
gcn,validation,2023-01,country_sg,country_gb,-0.03925599734001988,0.06791992485523224
gcn,validation,2023-01,country_sg,country_in,-0.770445151601155,0.07040798664093018
gcn,validation,2023-01,country_sg,country_jp,0.00217606713724381,0.07623723149299622
gcn,validation,2023-01,country_sg,country_kr,0.28854341757753393,0.07720407843589783
gcn,validation,2023-01,country_sg,country_mx,-0.13455770971570533,0.02820640802383423
gcn,validation,2023-01,country_sg,country_my,-0.1049877619439001,0.0653270035982132
gcn,validation,2023-01,country_sg,country_ph,-0.15856551060441632,0.08196388930082321
gcn,validation,2023-01,country_sg,country_th,-0.036402324110299165,0.07427188009023666
gcn,validation,2023-01,country_sg,country_us,0.1377374208094639,0.12152600288391113
gcn,validation,2023-01,country_sg,country_vn,-0.3276087329693512,0.05941621959209442
gcn,validation,2023-01,country_th,country_203,-0.06962071576345275,0.054231420159339905
gcn,validation,2023-01,country_th,country_344,-0.2222393800619381,0.04854028671979904
gcn,validation,2023-01,country_th,country_372,-0.09875449646083685,0.05054458975791931
gcn,validation,2023-01,country_th,country_380,0.2707569835035689,0.0532228946685791
gcn,validation,2023-01,country_th,country_cn,-0.17155259234992631,0.03606441617012024
gcn,validation,2023-01,country_th,country_de,0.010252537420220212,0.06009788066148758
gcn,validation,2023-01,country_th,country_fr,-0.06891305644043448,0.049401722848415375
gcn,validation,2023-01,country_th,country_gb,-0.03717395616729706,0.05872819572687149
gcn,validation,2023-01,country_th,country_in,0.23139184921933126,0.05633801966905594
gcn,validation,2023-01,country_th,country_jp,0.09895362094657183,0.057162582874298096
gcn,validation,2023-01,country_th,country_kr,-0.013546321522615014,0.06130167096853256
gcn,validation,2023-01,country_th,country_mx,0.024970098888038972,0.016854122281074524
gcn,validation,2023-01,country_th,country_my,-0.262197597315101,0.045949630439281464
gcn,validation,2023-01,country_th,country_ph,-0.166508878342203,0.06323043256998062
gcn,validation,2023-01,country_th,country_sg,-0.29338579772638274,0.034935399889945984
gcn,validation,2023-01,country_th,country_us,0.2814873633862535,0.13398993015289307
gcn,validation,2023-01,country_th,country_vn,0.07895138440034337,0.05082935094833374
gcn,validation,2023-01,country_us,country_203,0.04788707920374348,0.029256105422973633
gcn,validation,2023-01,country_us,country_344,-0.31764582095501404,0.02782343327999115
gcn,validation,2023-01,country_us,country_372,-0.18669721275851578,0.027372688055038452
gcn,validation,2023-01,country_us,country_380,-0.14951116776935197,0.028233639895915985
gcn,validation,2023-01,country_us,country_cn,-0.4109350508807291,0.013906717300415039
gcn,validation,2023-01,country_us,country_de,-0.0766891798586789,0.04395829141139984
gcn,validation,2023-01,country_us,country_fr,-0.2153254681534161,0.046618618071079254
gcn,validation,2023-01,country_us,country_gb,-0.15352695010551726,0.04813232272863388
gcn,validation,2023-01,country_us,country_in,-0.7481614654079178,0.042830854654312134
gcn,validation,2023-01,country_us,country_jp,-0.2220796898928121,0.037644997239112854
gcn,validation,2023-01,country_us,country_kr,-0.1564934519471014,0.03850254416465759
gcn,validation,2023-01,country_us,country_mx,-0.08964680640987373,-0.0037782788276672363
gcn,validation,2023-01,country_us,country_my,-0.35030480665584085,0.0332072377204895
gcn,validation,2023-01,country_us,country_ph,0.04948795691044027,0.05063153803348541
gcn,validation,2023-01,country_us,country_sg,-0.42432951335720925,0.011506721377372742
gcn,validation,2023-01,country_us,country_th,-0.22114415566556125,0.04397360980510712
gcn,validation,2023-01,country_us,country_vn,-0.393342000561845,0.02716457098722458
gcn,validation,2023-01,country_vn,country_203,-0.34137856873388805,0.061196282505989075
gcn,validation,2023-01,country_vn,country_344,0.2146910675745828,0.054969169199466705
gcn,validation,2023-01,country_vn,country_372,-0.4323820334729651,0.0492854043841362
gcn,validation,2023-01,country_vn,country_380,1.5280209895304975,0.06143268942832947
gcn,validation,2023-01,country_vn,country_cn,-0.48760722876235746,0.04105927795171738
gcn,validation,2023-01,country_vn,country_de,-0.21668728672834603,0.0691351443529129
gcn,validation,2023-01,country_vn,country_fr,0.49460311145267477,0.05438074469566345
gcn,validation,2023-01,country_vn,country_gb,-0.20368300361117783,0.05805586278438568
gcn,validation,2023-01,country_vn,country_in,0.37307428156626377,0.06612361967563629
gcn,validation,2023-01,country_vn,country_jp,-0.3829892558343782,0.0624084547162056
gcn,validation,2023-01,country_vn,country_kr,0.3806379369862022,0.06732640415430069
gcn,validation,2023-01,country_vn,country_mx,-0.23568629776197572,0.01993180811405182
gcn,validation,2023-01,country_vn,country_my,-0.0894521045528292,0.04986032843589783
gcn,validation,2023-01,country_vn,country_ph,0.3315665560404738,0.06278415024280548
gcn,validation,2023-01,country_vn,country_sg,-0.2496447178289875,0.03531681001186371
gcn,validation,2023-01,country_vn,country_th,-0.04906705830781985,0.06247042864561081
gcn,validation,2023-01,country_vn,country_us,0.058069872523240064,0.14511027932167053
gcn,validation,2023-02,country_203,country_344,1.0410905950964384,0.029530227184295654
gcn,validation,2023-02,country_203,country_372,3.106036961342168,0.037027448415756226
gcn,validation,2023-02,country_203,country_380,-0.16281639250662816,0.0751507431268692
gcn,validation,2023-02,country_203,country_cn,0.48242444141442564,0.03015878051519394
gcn,validation,2023-02,country_203,country_de,0.8491195466443358,0.04739789664745331
gcn,validation,2023-02,country_203,country_fr,3.2669121885949735,0.04611998796463013
gcn,validation,2023-02,country_203,country_gb,0.5808121034816357,0.02883794903755188
gcn,validation,2023-02,country_203,country_in,-0.2533160347567914,0.062130771577358246
gcn,validation,2023-02,country_203,country_jp,-0.17750745334991383,0.03417341411113739
gcn,validation,2023-02,country_203,country_kr,1.726572960130092,0.03689999878406525
gcn,validation,2023-02,country_203,country_mx,1.5409795123804098,0.018359020352363586
gcn,validation,2023-02,country_203,country_my,-0.15114123371474922,0.038730449974536896
gcn,validation,2023-02,country_203,country_ph,0.21520160410258343,0.042623817920684814
gcn,validation,2023-02,country_203,country_sg,0.5093858711736516,0.03268568217754364
gcn,validation,2023-02,country_203,country_th,0.8050267692163278,0.02473282814025879
gcn,validation,2023-02,country_203,country_us,0.1598522908593572,0.07435060292482376
gcn,validation,2023-02,country_203,country_vn,0.32727454595907635,0.03869086503982544
gcn,validation,2023-02,country_344,country_203,-0.6324392590995479,0.025677919387817383
gcn,validation,2023-02,country_344,country_372,0.7378780962822481,0.02622625231742859
gcn,validation,2023-02,country_344,country_380,-0.09791957776175579,0.06327026337385178
gcn,validation,2023-02,country_344,country_cn,0.34140493922082255,0.027249671518802643
gcn,validation,2023-02,country_344,country_de,-0.46481498537751503,0.03740285336971283
gcn,validation,2023-02,country_344,country_fr,-0.1496629521834521,0.03291504830121994
gcn,validation,2023-02,country_344,country_gb,-0.3662807849504837,0.03082188218832016
gcn,validation,2023-02,country_344,country_in,-0.9520467759579498,0.0680551528930664
gcn,validation,2023-02,country_344,country_jp,-0.5488557771188672,0.032947249710559845
gcn,validation,2023-02,country_344,country_kr,0.4134824040933511,0.03596053272485733
gcn,validation,2023-02,country_344,country_mx,0.057544784381233005,0.019760996103286743
gcn,validation,2023-02,country_344,country_my,-0.11854028703767981,0.040128543972969055
gcn,validation,2023-02,country_344,country_ph,-0.31073777905768174,0.04520455747842789
gcn,validation,2023-02,country_344,country_sg,-0.052452302360105306,0.03728560358285904
gcn,validation,2023-02,country_344,country_th,-0.5917801348657304,0.03900083154439926
gcn,validation,2023-02,country_344,country_us,-0.6830761289243141,0.08651318401098251
gcn,validation,2023-02,country_344,country_vn,0.1549331800656129,0.03796793520450592
gcn,validation,2023-02,country_372,country_203,0.24311022843600416,0.035715728998184204
gcn,validation,2023-02,country_372,country_344,-0.7590394435946813,0.03681781888008118
gcn,validation,2023-02,country_372,country_380,0.22462281734188538,0.0835009515285492
gcn,validation,2023-02,country_372,country_cn,-0.33953731605625387,0.03910186141729355
gcn,validation,2023-02,country_372,country_de,1.7753218567356808,0.05041652172803879
gcn,validation,2023-02,country_372,country_fr,-0.12154174812510568,0.05758962035179138
gcn,validation,2023-02,country_372,country_gb,-0.8165012344887953,0.038174405694007874
gcn,validation,2023-02,country_372,country_in,-0.9993107364969401,0.07303379476070404
gcn,validation,2023-02,country_372,country_jp,0.14622023440817797,0.051420100033283234
gcn,validation,2023-02,country_372,country_kr,-0.11874784922113414,0.04566492885351181
gcn,validation,2023-02,country_372,country_mx,2.0949735857263247,0.024494647979736328
gcn,validation,2023-02,country_372,country_my,0.2946694837558525,0.055997639894485474
gcn,validation,2023-02,country_372,country_ph,0.38381766843360243,0.06404408812522888
gcn,validation,2023-02,country_372,country_sg,0.12327422394830803,0.03425385057926178
gcn,validation,2023-02,country_372,country_th,-0.9061530888924529,0.03006485104560852
gcn,validation,2023-02,country_372,country_us,0.7017147035539062,0.102588951587677
gcn,validation,2023-02,country_372,country_vn,0.11393856225125808,0.03992517292499542
gcn,validation,2023-02,country_380,country_203,0.03901679711433362,0.019215121865272522
gcn,validation,2023-02,country_380,country_344,0.3751452387540566,0.020719006657600403
gcn,validation,2023-02,country_380,country_372,-0.8289923721568552,0.02663944661617279
gcn,validation,2023-02,country_380,country_cn,0.3284679449548621,0.024865657091140747
gcn,validation,2023-02,country_380,country_de,0.19819043337350756,0.044075995683670044
gcn,validation,2023-02,country_380,country_fr,0.49019976173036295,0.041867420077323914
gcn,validation,2023-02,country_380,country_gb,0.024368581694128737,0.028423994779586792
gcn,validation,2023-02,country_380,country_in,0.03507322865654734,0.061840400099754333
gcn,validation,2023-02,country_380,country_jp,-0.21821755937279363,0.041084304451942444
gcn,validation,2023-02,country_380,country_kr,-0.16673704296301706,0.03163812309503555
gcn,validation,2023-02,country_380,country_mx,0.08427181901841757,0.023005962371826172
gcn,validation,2023-02,country_380,country_my,-0.8407079702243166,0.03875088691711426
gcn,validation,2023-02,country_380,country_ph,0.027778435118961928,0.04776579141616821
gcn,validation,2023-02,country_380,country_sg,0.12245181517834378,0.03516270965337753
gcn,validation,2023-02,country_380,country_th,0.04609191295359846,0.025271058082580566
gcn,validation,2023-02,country_380,country_us,0.11578116637679592,0.10559388995170593
gcn,validation,2023-02,country_380,country_vn,-0.10504987486842404,0.0286128968000412
gcn,validation,2023-02,country_cn,country_203,0.3780851846494303,0.02922065556049347
gcn,validation,2023-02,country_cn,country_344,0.17646544767165878,0.0279453843832016
gcn,validation,2023-02,country_cn,country_372,1.7361412196250183,0.032553255558013916
gcn,validation,2023-02,country_cn,country_380,0.3871806441634303,0.05659902095794678
gcn,validation,2023-02,country_cn,country_de,0.00021587737392385096,0.042554281651973724
gcn,validation,2023-02,country_cn,country_fr,0.008799543563766242,0.04454107582569122
gcn,validation,2023-02,country_cn,country_gb,0.15128008023768283,0.035844601690769196
gcn,validation,2023-02,country_cn,country_in,1.0732717731790766,0.06151403486728668
gcn,validation,2023-02,country_cn,country_jp,-0.20949551574258096,0.041831567883491516
gcn,validation,2023-02,country_cn,country_kr,-0.22490912650778241,0.03930538892745972
gcn,validation,2023-02,country_cn,country_mx,-0.12343552660249758,0.018768981099128723
gcn,validation,2023-02,country_cn,country_my,-0.02841035110740273,0.037637606263160706
gcn,validation,2023-02,country_cn,country_ph,-0.2341863406764155,0.04361283779144287
gcn,validation,2023-02,country_cn,country_sg,-0.08934410228686242,0.04303760081529617
gcn,validation,2023-02,country_cn,country_th,0.1548829255763852,0.03997282683849335
gcn,validation,2023-02,country_cn,country_us,-0.18238128202233986,0.09936556220054626
gcn,validation,2023-02,country_cn,country_vn,0.04642371876505674,0.038798414170742035
gcn,validation,2023-02,country_de,country_203,0.4500632732139733,0.03213728219270706
gcn,validation,2023-02,country_de,country_344,0.5843642160361991,0.033739835023880005
gcn,validation,2023-02,country_de,country_372,0.1902235529362231,0.030099503695964813
gcn,validation,2023-02,country_de,country_380,0.12216599779299314,0.06651447713375092
gcn,validation,2023-02,country_de,country_cn,-0.27106914714707697,0.02981513738632202
gcn,validation,2023-02,country_de,country_fr,0.19813615162536924,0.04808863252401352
gcn,validation,2023-02,country_de,country_gb,-0.14527170043753693,0.030569985508918762
gcn,validation,2023-02,country_de,country_in,-0.22951325986591892,0.06896045058965683
gcn,validation,2023-02,country_de,country_jp,0.029332625834149712,0.03933592885732651
gcn,validation,2023-02,country_de,country_kr,-0.2810176792536713,0.039771147072315216
gcn,validation,2023-02,country_de,country_mx,0.24689053507993505,0.022218778729438782
gcn,validation,2023-02,country_de,country_my,0.27766587387940705,0.037282794713974
gcn,validation,2023-02,country_de,country_ph,0.19251851473162154,0.04485537111759186
gcn,validation,2023-02,country_de,country_sg,-0.012066107167562035,0.039131008088588715
gcn,validation,2023-02,country_de,country_th,0.45696946133401617,0.03373856097459793
gcn,validation,2023-02,country_de,country_us,0.2189685032249981,0.10907471179962158
gcn,validation,2023-02,country_de,country_vn,0.013673717186675526,0.016408175230026245
gcn,validation,2023-02,country_fr,country_203,0.6532744597980273,0.025159180164337158
gcn,validation,2023-02,country_fr,country_344,0.03690754818592262,0.027442730963230133
gcn,validation,2023-02,country_fr,country_372,0.9713503212227365,0.032839201390743256
gcn,validation,2023-02,country_fr,country_380,0.25938941812803784,0.06220414489507675
gcn,validation,2023-02,country_fr,country_cn,0.005794126390833584,0.028985783457756042
gcn,validation,2023-02,country_fr,country_de,-0.6739996209253216,0.043297894299030304
gcn,validation,2023-02,country_fr,country_gb,0.018604990017366214,0.035163454711437225
gcn,validation,2023-02,country_fr,country_in,0.6228135752330883,0.06649809330701828
gcn,validation,2023-02,country_fr,country_jp,0.27241461707902753,0.04281749576330185
gcn,validation,2023-02,country_fr,country_kr,0.012911013319036956,0.03595445305109024
gcn,validation,2023-02,country_fr,country_mx,-0.8157728849648467,0.027326762676239014
gcn,validation,2023-02,country_fr,country_my,-0.6914709226198681,0.040669530630111694
gcn,validation,2023-02,country_fr,country_ph,0.23592446906206208,0.04227730631828308
gcn,validation,2023-02,country_fr,country_sg,0.18001836202719382,0.04196524620056152
gcn,validation,2023-02,country_fr,country_th,-0.13388040366578657,0.03189855068922043
gcn,validation,2023-02,country_fr,country_us,0.3874140241274215,0.10393466055393219
gcn,validation,2023-02,country_fr,country_vn,0.5520850530019602,0.031106621026992798
gcn,validation,2023-02,country_gb,country_203,-0.2656863296965282,0.028613373637199402
gcn,validation,2023-02,country_gb,country_344,-0.061637308937724,0.029839739203453064
gcn,validation,2023-02,country_gb,country_372,0.47269530633236057,0.03138433396816254
gcn,validation,2023-02,country_gb,country_380,0.7926340704013309,0.05931108444929123
gcn,validation,2023-02,country_gb,country_cn,0.09199252201488411,0.025219276547431946
gcn,validation,2023-02,country_gb,country_de,0.1755662163229376,0.03578945994377136
gcn,validation,2023-02,country_gb,country_fr,0.3606067513369269,0.04408298432826996
gcn,validation,2023-02,country_gb,country_in,-0.6738504203834106,0.06764611601829529
gcn,validation,2023-02,country_gb,country_jp,-0.005844550108739511,0.03556451201438904
gcn,validation,2023-02,country_gb,country_kr,0.13586719268577796,0.035621099174022675
gcn,validation,2023-02,country_gb,country_mx,0.8699565016593811,0.022214680910110474
gcn,validation,2023-02,country_gb,country_my,0.1110064850150726,0.03417380154132843
gcn,validation,2023-02,country_gb,country_ph,0.11353468769624903,0.043695271015167236
gcn,validation,2023-02,country_gb,country_sg,-0.1770483232655873,0.039595670998096466
gcn,validation,2023-02,country_gb,country_th,-0.4003134797921533,0.029432907700538635
gcn,validation,2023-02,country_gb,country_us,-0.028371210760967516,0.1054365336894989
gcn,validation,2023-02,country_gb,country_vn,-0.3471264273782945,0.02148178219795227
gcn,validation,2023-02,country_in,country_203,-0.030614680292477596,0.033773645758628845
gcn,validation,2023-02,country_in,country_344,-0.34211045402500434,0.04112058877944946
gcn,validation,2023-02,country_in,country_372,35.31579427409382,0.03694344311952591
gcn,validation,2023-02,country_in,country_380,3.2541800355550508,0.07129378616809845
gcn,validation,2023-02,country_in,country_cn,0.08413716512113925,0.043135300278663635
gcn,validation,2023-02,country_in,country_de,-0.1551959325781964,0.05556227266788483
gcn,validation,2023-02,country_in,country_fr,-0.2322139824045867,0.055126309394836426
gcn,validation,2023-02,country_in,country_gb,0.1693351636192327,0.04601079970598221
gcn,validation,2023-02,country_in,country_jp,1.3534581798687344,0.050851836800575256
gcn,validation,2023-02,country_in,country_kr,-0.7172857897055313,0.05236004292964935
gcn,validation,2023-02,country_in,country_mx,0.13269294362365994,0.042520880699157715
gcn,validation,2023-02,country_in,country_my,1.3930631114214853,0.053735069930553436
gcn,validation,2023-02,country_in,country_ph,1.116250014595472,0.048934631049633026
gcn,validation,2023-02,country_in,country_sg,0.18551411834971596,0.0534205436706543
gcn,validation,2023-02,country_in,country_th,1.0645790896507454,0.048957861959934235
gcn,validation,2023-02,country_in,country_us,8.342398080022033,0.12397243082523346
gcn,validation,2023-02,country_in,country_vn,0.3606040348196018,0.04484434425830841
gcn,validation,2023-02,country_jp,country_203,-0.17324489163723092,0.03006051480770111
gcn,validation,2023-02,country_jp,country_344,-0.05571792019861695,0.03455278277397156
gcn,validation,2023-02,country_jp,country_372,-0.389283336596535,0.027061663568019867
gcn,validation,2023-02,country_jp,country_380,0.2359379820840351,0.05878517031669617
gcn,validation,2023-02,country_jp,country_cn,0.42825175329640275,0.0335487499833107
gcn,validation,2023-02,country_jp,country_de,0.254987207193334,0.039733611047267914
gcn,validation,2023-02,country_jp,country_fr,-0.02589639061573515,0.04325857758522034
gcn,validation,2023-02,country_jp,country_gb,0.006144125753446072,0.028407052159309387
gcn,validation,2023-02,country_jp,country_in,1.1573575551586648,0.0709657073020935
gcn,validation,2023-02,country_jp,country_kr,-0.1556029319808229,0.04321114718914032
gcn,validation,2023-02,country_jp,country_mx,0.01721197661339098,0.02274492383003235
gcn,validation,2023-02,country_jp,country_my,0.11801383213559705,0.03911951184272766
gcn,validation,2023-02,country_jp,country_ph,-0.13823849814230815,0.04760830104351044
gcn,validation,2023-02,country_jp,country_sg,0.16415311470379151,0.04076524078845978
gcn,validation,2023-02,country_jp,country_th,0.00243413942400656,0.039972417056560516
gcn,validation,2023-02,country_jp,country_us,0.07617050339364399,0.10836374759674072
gcn,validation,2023-02,country_jp,country_vn,-0.3313868075689183,0.03784840553998947
gcn,validation,2023-02,country_kr,country_203,0.026910943162698535,0.025582075119018555
gcn,validation,2023-02,country_kr,country_344,-0.22035473987042534,0.029615774750709534
gcn,validation,2023-02,country_kr,country_372,-0.10236185856082528,0.02031506597995758
gcn,validation,2023-02,country_kr,country_380,0.4339497382555635,0.052735693752765656
gcn,validation,2023-02,country_kr,country_cn,-0.1938163614705382,0.03273674100637436
gcn,validation,2023-02,country_kr,country_de,0.4159846509779301,0.03902773559093475
gcn,validation,2023-02,country_kr,country_fr,0.1099323896823249,0.043214455246925354
gcn,validation,2023-02,country_kr,country_gb,0.06114927588697834,0.029361598193645477
gcn,validation,2023-02,country_kr,country_in,0.47781658493396584,0.06523425132036209
gcn,validation,2023-02,country_kr,country_jp,-0.20024794826170153,0.040121398866176605
gcn,validation,2023-02,country_kr,country_mx,0.05417796544579088,0.022507086396217346
gcn,validation,2023-02,country_kr,country_my,-0.13086108993865966,0.03873513638973236
gcn,validation,2023-02,country_kr,country_ph,-0.27228000828825866,0.04372391104698181
gcn,validation,2023-02,country_kr,country_th,-0.23896346360155132,0.03739427775144577
gcn,validation,2023-02,country_kr,country_us,-0.16231511005356905,0.1071263924241066
gcn,validation,2023-02,country_kr,country_vn,-0.02837829526289554,0.03547636419534683
gcn,validation,2023-02,country_mx,country_203,0.17214041757671572,0.024740591645240784
gcn,validation,2023-02,country_mx,country_344,-0.287625225777672,0.030006177723407745
gcn,validation,2023-02,country_mx,country_372,-0.45676510392202097,0.02413278818130493
gcn,validation,2023-02,country_mx,country_380,0.32113967522231573,0.0559694766998291
gcn,validation,2023-02,country_mx,country_cn,-0.20768081371539837,0.029141366481781006
gcn,validation,2023-02,country_mx,country_de,0.12885170124143677,0.036124080419540405
gcn,validation,2023-02,country_mx,country_fr,1.3262900933264183,0.039314255118370056
gcn,validation,2023-02,country_mx,country_gb,-0.17100065393676855,0.026579082012176514
gcn,validation,2023-02,country_mx,country_in,58.33784737930791,0.06728678196668625
gcn,validation,2023-02,country_mx,country_jp,-0.4078306477636465,0.03617151081562042
gcn,validation,2023-02,country_mx,country_kr,-0.3020792005804795,0.03741873800754547
gcn,validation,2023-02,country_mx,country_my,6.2568225821621,0.03159724175930023
gcn,validation,2023-02,country_mx,country_ph,1.0302366594372594,0.04059547930955887
gcn,validation,2023-02,country_mx,country_sg,1.078689845170407,0.03694351762533188
gcn,validation,2023-02,country_mx,country_th,-0.04538711340759524,0.031597889959812164
gcn,validation,2023-02,country_mx,country_us,0.03011713583162731,0.10732541978359222
gcn,validation,2023-02,country_mx,country_vn,-0.5001943217561116,0.029491469264030457
gcn,validation,2023-02,country_my,country_203,-0.08219009885360283,0.029273852705955505
gcn,validation,2023-02,country_my,country_344,-0.12480311846112455,0.03616940975189209
gcn,validation,2023-02,country_my,country_372,0.10900216089869415,0.029073216021060944
gcn,validation,2023-02,country_my,country_380,0.2788846122046086,0.0622236430644989
gcn,validation,2023-02,country_my,country_cn,-0.14023832468606265,0.03597244620323181
gcn,validation,2023-02,country_my,country_de,0.09469599231523834,0.04308527708053589
gcn,validation,2023-02,country_my,country_fr,-0.38580751396556967,0.05066820979118347
gcn,validation,2023-02,country_my,country_gb,-0.08075336557535504,0.03232121467590332
gcn,validation,2023-02,country_my,country_in,6.386516486806654,0.07625758647918701
gcn,validation,2023-02,country_my,country_jp,-0.11728496330437302,0.044598326086997986
gcn,validation,2023-02,country_my,country_kr,-0.035275007166262085,0.04282648116350174
gcn,validation,2023-02,country_my,country_mx,-0.2508966743064785,0.02353985607624054
gcn,validation,2023-02,country_my,country_ph,0.1255804772070067,0.04802144318819046
gcn,validation,2023-02,country_my,country_sg,-0.21803960080853055,0.042876534163951874
gcn,validation,2023-02,country_my,country_th,1.062683059995611,0.039256900548934937
gcn,validation,2023-02,country_my,country_us,-0.0022608745993719626,0.11516512930393219
gcn,validation,2023-02,country_my,country_vn,-0.4254863245949029,0.04054874926805496
gcn,validation,2023-02,country_ph,country_203,-0.16652100156206998,0.02730204164981842
gcn,validation,2023-02,country_ph,country_344,0.02670742243430237,0.031754329800605774
gcn,validation,2023-02,country_ph,country_372,-0.30595669436005,0.025792956352233887
gcn,validation,2023-02,country_ph,country_380,0.23254310338143644,0.055128395557403564
gcn,validation,2023-02,country_ph,country_cn,-0.1522448911754297,0.035088151693344116
gcn,validation,2023-02,country_ph,country_de,0.24127798976454004,0.04223953187465668
gcn,validation,2023-02,country_ph,country_fr,-0.05092082406068906,0.0455918163061142
gcn,validation,2023-02,country_ph,country_gb,0.015860370015365652,0.03552505373954773
gcn,validation,2023-02,country_ph,country_in,0.8546687766986675,0.06695697456598282
gcn,validation,2023-02,country_ph,country_jp,0.11553676377424446,0.045922212302684784
gcn,validation,2023-02,country_ph,country_kr,0.1079876394065364,0.04141930490732193
gcn,validation,2023-02,country_ph,country_mx,0.05092723972790947,0.026018738746643066
gcn,validation,2023-02,country_ph,country_my,-0.19565110231036162,0.04405246675014496
gcn,validation,2023-02,country_ph,country_sg,-0.1810266507359468,0.04309062659740448
gcn,validation,2023-02,country_ph,country_th,-0.16390510353615345,0.03911471366882324
gcn,validation,2023-02,country_ph,country_us,-0.09539775949018267,0.10466813296079636
gcn,validation,2023-02,country_ph,country_vn,-0.32952821357430445,0.03508025407791138
gcn,validation,2023-02,country_sg,country_203,0.48445471396503637,0.051141537725925446
gcn,validation,2023-02,country_sg,country_344,-0.2095955092791405,0.0596909373998642
gcn,validation,2023-02,country_sg,country_372,-0.25311530635907126,0.04768097400665283
gcn,validation,2023-02,country_sg,country_380,0.07975378048858972,0.0802137702703476
gcn,validation,2023-02,country_sg,country_cn,-0.22059921749484102,0.05561651289463043
gcn,validation,2023-02,country_sg,country_de,0.045492356652348735,0.06678101420402527
gcn,validation,2023-02,country_sg,country_fr,-0.28626551960984764,0.06263302266597748
gcn,validation,2023-02,country_sg,country_gb,0.06549113954907446,0.05094572901725769
gcn,validation,2023-02,country_sg,country_in,-0.7195526522977617,0.09232137352228165
gcn,validation,2023-02,country_sg,country_jp,0.030500138907201543,0.06534604728221893
gcn,validation,2023-02,country_sg,country_kr,-0.260551633599817,0.0634780004620552
gcn,validation,2023-02,country_sg,country_mx,0.25553239603007116,0.042029231786727905
gcn,validation,2023-02,country_sg,country_my,0.44686527712884483,0.06723795086145401
gcn,validation,2023-02,country_sg,country_ph,-0.224813610215671,0.07377389073371887
gcn,validation,2023-02,country_sg,country_th,0.025435817582827498,0.0607040673494339
gcn,validation,2023-02,country_sg,country_us,0.19283964800054595,0.11656844615936279
gcn,validation,2023-02,country_sg,country_vn,-0.08424934740103565,0.059742145240306854
gcn,validation,2023-02,country_th,country_203,0.158438179825875,0.02315765619277954
gcn,validation,2023-02,country_th,country_344,-0.21837171314654272,0.027184680104255676
gcn,validation,2023-02,country_th,country_372,0.2695860277022578,0.02522692084312439
gcn,validation,2023-02,country_th,country_380,0.11551895472102898,0.05150255560874939
gcn,validation,2023-02,country_th,country_cn,-0.11845097154889617,0.032237835228443146
gcn,validation,2023-02,country_th,country_de,0.22137207571496778,0.038116730749607086
gcn,validation,2023-02,country_th,country_fr,0.015320506175029775,0.039006203413009644
gcn,validation,2023-02,country_th,country_gb,0.1631018779541398,0.03158116340637207
gcn,validation,2023-02,country_th,country_in,1.5560098089290024,0.06098958104848862
gcn,validation,2023-02,country_th,country_jp,0.0011253553760228532,0.03822639584541321
gcn,validation,2023-02,country_th,country_kr,-0.013529577985742966,0.03790321946144104
gcn,validation,2023-02,country_th,country_mx,0.08141322854553662,0.020934700965881348
gcn,validation,2023-02,country_th,country_my,-0.16171475293461485,0.03712770342826843
gcn,validation,2023-02,country_th,country_ph,-0.054583495069748626,0.04030755162239075
gcn,validation,2023-02,country_th,country_sg,-0.2203751295906691,0.038638703525066376
gcn,validation,2023-02,country_th,country_us,0.7467395489482117,0.10417207330465317
gcn,validation,2023-02,country_th,country_vn,0.3590319479307667,0.03933262825012207
gcn,validation,2023-02,country_us,country_203,0.34565511154929124,0.014279589056968689
gcn,validation,2023-02,country_us,country_344,-0.004577631660484781,0.0256473571062088
gcn,validation,2023-02,country_us,country_372,-0.26700591932876766,0.01518702507019043
gcn,validation,2023-02,country_us,country_380,0.06515669408680988,0.044241152703762054
gcn,validation,2023-02,country_us,country_cn,-0.354788931522304,0.021293506026268005
gcn,validation,2023-02,country_us,country_de,-0.012090023055744562,0.03654174506664276
gcn,validation,2023-02,country_us,country_fr,-0.3588712774542408,0.044771403074264526
gcn,validation,2023-02,country_us,country_gb,0.1458144172254632,0.024899080395698547
gcn,validation,2023-02,country_us,country_in,-0.7026206698046908,0.0553867369890213
gcn,validation,2023-02,country_us,country_jp,-0.1194251513065022,0.03716038167476654
gcn,validation,2023-02,country_us,country_kr,-0.2797119381696761,0.03151339292526245
gcn,validation,2023-02,country_us,country_mx,-0.09452727322020106,0.013815775513648987
gcn,validation,2023-02,country_us,country_my,-0.3310049761881345,0.03701689839363098
gcn,validation,2023-02,country_us,country_ph,0.11361032815242907,0.04353306442499161
gcn,validation,2023-02,country_us,country_sg,0.08633503407639452,0.02639111876487732
gcn,validation,2023-02,country_us,country_th,-0.14937302542361228,0.027795501053333282
gcn,validation,2023-02,country_us,country_vn,-0.14913589585977463,0.02074025571346283
gcn,validation,2023-02,country_vn,country_203,0.9921054420340808,0.03594209998846054
gcn,validation,2023-02,country_vn,country_344,0.2453394337174695,0.038186103105545044
gcn,validation,2023-02,country_vn,country_372,0.7629083144099452,0.03060173988342285
gcn,validation,2023-02,country_vn,country_380,-0.05138269758650521,0.06314067542552948
gcn,validation,2023-02,country_vn,country_cn,0.37216029438118065,0.04332386702299118
gcn,validation,2023-02,country_vn,country_de,-0.09952160494767054,0.052529655396938324
gcn,validation,2023-02,country_vn,country_fr,-0.28637214500989455,0.052916884422302246
gcn,validation,2023-02,country_vn,country_gb,-0.037591726396165634,0.041455864906311035
gcn,validation,2023-02,country_vn,country_in,1.5193159091842818,0.07243101298809052
gcn,validation,2023-02,country_vn,country_jp,-0.3177171875565763,0.05004255473613739
gcn,validation,2023-02,country_vn,country_kr,-0.04459743258848212,0.04759128391742706
gcn,validation,2023-02,country_vn,country_mx,0.37330997079674694,0.03271981328725815
gcn,validation,2023-02,country_vn,country_my,-0.1901349445086103,0.04719388484954834
gcn,validation,2023-02,country_vn,country_ph,0.24186426134817823,0.04637504369020462
gcn,validation,2023-02,country_vn,country_sg,-0.016937883705732938,0.05243595689535141
gcn,validation,2023-02,country_vn,country_th,0.3195349111947501,0.043909721076488495
gcn,validation,2023-02,country_vn,country_us,0.09136520003682608,0.11618992686271667
gcn,validation,2023-03,country_203,country_344,-0.337865294669588,-0.06800855696201324
gcn,validation,2023-03,country_203,country_372,1.2822386548702123,-0.08528174459934235
gcn,validation,2023-03,country_203,country_380,-0.504640217241551,-0.07860256731510162
gcn,validation,2023-03,country_203,country_cn,0.12454223926970973,-0.05601957440376282
gcn,validation,2023-03,country_203,country_de,-0.0217999452431776,-0.0854826271533966
gcn,validation,2023-03,country_203,country_fr,2.911197817349374,-0.0807521641254425
gcn,validation,2023-03,country_203,country_gb,1.10875746467475,-0.08105780184268951
gcn,validation,2023-03,country_203,country_in,0.19794272646316505,-0.015923038125038147
gcn,validation,2023-03,country_203,country_jp,0.9693652355930923,-0.09234653413295746
gcn,validation,2023-03,country_203,country_kr,-0.8481310100498879,-0.11506110429763794
gcn,validation,2023-03,country_203,country_mx,4.497948389241032,-0.11426395177841187
gcn,validation,2023-03,country_203,country_my,-0.3344774438552422,-0.07570907473564148
gcn,validation,2023-03,country_203,country_ph,0.3972590823515742,-0.11329463124275208
gcn,validation,2023-03,country_203,country_sg,0.4409555569796911,-0.08296787738800049
gcn,validation,2023-03,country_203,country_th,2.5965238619888527,-0.09402480721473694
gcn,validation,2023-03,country_203,country_us,-0.4377871031726242,0.024820372462272644
gcn,validation,2023-03,country_203,country_vn,-0.09040054541506223,-0.08084261417388916
gcn,validation,2023-03,country_344,country_203,-0.7700957557194191,-0.07376141846179962
gcn,validation,2023-03,country_344,country_372,-0.6686981197768371,-0.07295513153076172
gcn,validation,2023-03,country_344,country_380,-0.2554092539418082,-0.06907829642295837
gcn,validation,2023-03,country_344,country_cn,-0.3893570848344787,-0.04003402590751648
gcn,validation,2023-03,country_344,country_de,-0.209944233893351,-0.07338181138038635
gcn,validation,2023-03,country_344,country_fr,-0.48171975739094014,-0.06704121828079224
gcn,validation,2023-03,country_344,country_gb,-0.29909138615836245,-0.05661609768867493
gcn,validation,2023-03,country_344,country_in,-0.976594104368269,0.01063317060470581
gcn,validation,2023-03,country_344,country_jp,-0.7144647704730649,-0.07785774767398834
gcn,validation,2023-03,country_344,country_kr,0.10922646889923629,-0.09582237899303436
gcn,validation,2023-03,country_344,country_mx,-0.12072617856622336,-0.10045817494392395
gcn,validation,2023-03,country_344,country_my,-0.22969351394312554,-0.05318047106266022
gcn,validation,2023-03,country_344,country_ph,-0.08202127367563554,-0.08105187118053436
gcn,validation,2023-03,country_344,country_sg,-0.6871814062672031,-0.06317625939846039
gcn,validation,2023-03,country_344,country_th,-0.7485745585079867,-0.06413288414478302
gcn,validation,2023-03,country_344,country_us,-0.8394854359102574,0.045101508498191833
gcn,validation,2023-03,country_344,country_vn,0.06621898357886342,-0.06009167432785034
gcn,validation,2023-03,country_372,country_203,-0.36516008390401183,-0.09070654213428497
gcn,validation,2023-03,country_372,country_344,0.2801105641514771,-0.06985440850257874
gcn,validation,2023-03,country_372,country_380,-0.3519204053689911,-0.0848737359046936
gcn,validation,2023-03,country_372,country_cn,-0.20158354752108112,-0.05567646026611328
gcn,validation,2023-03,country_372,country_de,1.0763322865247256,-0.09022948145866394
gcn,validation,2023-03,country_372,country_fr,-0.11114633929483554,-0.08034959435462952
gcn,validation,2023-03,country_372,country_gb,-0.37729867162167563,-0.07778014242649078
gcn,validation,2023-03,country_372,country_in,-0.999473175911579,-0.013055995106697083
gcn,validation,2023-03,country_372,country_jp,1.2514295569717038,-0.08704346418380737
gcn,validation,2023-03,country_372,country_kr,-0.3335426611217009,-0.11948129534721375
gcn,validation,2023-03,country_372,country_mx,1.0751017153420264,-0.11270621418952942
gcn,validation,2023-03,country_372,country_my,0.34087361382404807,-0.06755778193473816
gcn,validation,2023-03,country_372,country_ph,0.3052028868794767,-0.10090351104736328
gcn,validation,2023-03,country_372,country_sg,-0.36526598136613464,-0.08431892096996307
gcn,validation,2023-03,country_372,country_th,0.7546270958232867,-0.09631991386413574
gcn,validation,2023-03,country_372,country_us,0.18186772502728454,0.04102649539709091
gcn,validation,2023-03,country_372,country_vn,-0.11110340604391632,-0.09314057230949402
gcn,validation,2023-03,country_380,country_203,0.13802789985389602,-0.08723998069763184
gcn,validation,2023-03,country_380,country_344,0.3468118698973426,-0.06282781064510345
gcn,validation,2023-03,country_380,country_372,-0.4773390078830886,-0.08857820928096771
gcn,validation,2023-03,country_380,country_cn,0.252647990503403,-0.052890270948410034
gcn,validation,2023-03,country_380,country_de,0.5163602855884276,-0.08374878764152527
gcn,validation,2023-03,country_380,country_fr,-0.031115579436241936,-0.07312500476837158
gcn,validation,2023-03,country_380,country_gb,-0.11026471890661903,-0.07474115490913391
gcn,validation,2023-03,country_380,country_in,1.4648039509679027,-0.008850395679473877
gcn,validation,2023-03,country_380,country_jp,-0.005384916410621175,-0.08564354479312897
gcn,validation,2023-03,country_380,country_kr,-0.4331767940518553,-0.11163437366485596
gcn,validation,2023-03,country_380,country_mx,-0.06497938701650277,-0.11187276244163513
gcn,validation,2023-03,country_380,country_my,-0.861165420468916,-0.0736297070980072
gcn,validation,2023-03,country_380,country_ph,-0.07641788333701212,-0.09670987725257874
gcn,validation,2023-03,country_380,country_sg,0.09491186402161496,-0.07617396116256714
gcn,validation,2023-03,country_380,country_th,-0.025895903650870578,-0.08809703588485718
gcn,validation,2023-03,country_380,country_us,0.10390342982542657,0.04078255593776703
gcn,validation,2023-03,country_380,country_vn,-0.273468269351952,-0.08119234442710876
gcn,validation,2023-03,country_cn,country_203,-0.20997820924726884,-0.059730470180511475
gcn,validation,2023-03,country_cn,country_344,-0.03088928484735513,-0.03165781497955322
gcn,validation,2023-03,country_cn,country_372,-0.14138740305042385,-0.05958567559719086
gcn,validation,2023-03,country_cn,country_380,0.037655969422756626,-0.054536327719688416
gcn,validation,2023-03,country_cn,country_de,-0.01733290855316069,-0.0501134991645813
gcn,validation,2023-03,country_cn,country_fr,-0.005350991447270501,-0.04093565046787262
gcn,validation,2023-03,country_cn,country_gb,0.09130486256753259,-0.03945419192314148
gcn,validation,2023-03,country_cn,country_in,0.7614960983439254,0.02726469188928604
gcn,validation,2023-03,country_cn,country_jp,-0.29164933677810745,-0.04992878437042236
gcn,validation,2023-03,country_cn,country_kr,-0.3366368914803477,-0.07433179020881653
gcn,validation,2023-03,country_cn,country_mx,0.44181875831222434,-0.08468484878540039
gcn,validation,2023-03,country_cn,country_my,-0.18049958329688098,-0.03673627972602844
gcn,validation,2023-03,country_cn,country_ph,-0.07050220169282194,-0.06466703116893768
gcn,validation,2023-03,country_cn,country_sg,-0.2123418136304434,-0.053269162774086
gcn,validation,2023-03,country_cn,country_th,0.11902109766819698,-0.05360245704650879
gcn,validation,2023-03,country_cn,country_us,-0.18430062259134697,0.0767395943403244
gcn,validation,2023-03,country_cn,country_vn,-0.2120366999464397,-0.041849151253700256
gcn,validation,2023-03,country_de,country_203,-0.0554569203887135,-0.08036084473133087
gcn,validation,2023-03,country_de,country_344,-0.14241338949449803,-0.054235294461250305
gcn,validation,2023-03,country_de,country_372,-0.3430099297361322,-0.0821644514799118
gcn,validation,2023-03,country_de,country_380,0.08485032389154946,-0.07343989610671997
gcn,validation,2023-03,country_de,country_cn,-0.24915342483230796,-0.04324263334274292
gcn,validation,2023-03,country_de,country_fr,0.03693795098606858,-0.06359010934829712
gcn,validation,2023-03,country_de,country_gb,-0.15439286490328513,-0.06647852063179016
gcn,validation,2023-03,country_de,country_in,-0.3430283123835095,1.0520219802856445e-05
gcn,validation,2023-03,country_de,country_jp,0.30009830650847885,-0.07640114426612854
gcn,validation,2023-03,country_de,country_kr,-0.20116825041978503,-0.10171717405319214
gcn,validation,2023-03,country_de,country_mx,0.15948547517660797,-0.10474199056625366
gcn,validation,2023-03,country_de,country_my,0.18302974241849015,-0.059482842683792114
gcn,validation,2023-03,country_de,country_ph,0.0027962617762329225,-0.08936671912670135
gcn,validation,2023-03,country_de,country_sg,0.031965711789089496,-0.07508900761604309
gcn,validation,2023-03,country_de,country_th,0.5802323752772929,-0.08115383982658386
gcn,validation,2023-03,country_de,country_us,0.0602463163822803,0.06256787478923798
gcn,validation,2023-03,country_de,country_vn,-0.11695218707936123,-0.07194709777832031
gcn,validation,2023-03,country_fr,country_203,2.05096460838908,-0.0934862494468689
gcn,validation,2023-03,country_fr,country_344,-0.1527798341712853,-0.06940686702728271
gcn,validation,2023-03,country_fr,country_372,0.04061660874578616,-0.09009367227554321
gcn,validation,2023-03,country_fr,country_380,-0.024011191489508373,-0.08218282461166382
gcn,validation,2023-03,country_fr,country_cn,-0.1407641062951229,-0.05807602405548096
gcn,validation,2023-03,country_fr,country_de,-0.7380672140966773,-0.09046080708503723
gcn,validation,2023-03,country_fr,country_gb,-0.10434539182765232,-0.08261339366436005
gcn,validation,2023-03,country_fr,country_in,-0.062374677663996014,-0.010910362005233765
gcn,validation,2023-03,country_fr,country_jp,-0.07827374509193541,-0.09154254198074341
gcn,validation,2023-03,country_fr,country_kr,-0.17266955531292755,-0.11846321821212769
gcn,validation,2023-03,country_fr,country_mx,-0.1824153435145959,-0.1136242151260376
gcn,validation,2023-03,country_fr,country_my,-0.5260404884156529,-0.07731987535953522
gcn,validation,2023-03,country_fr,country_ph,-0.00034540658473570715,-0.10494008660316467
gcn,validation,2023-03,country_fr,country_sg,0.0884509111288474,-0.08204850554466248
gcn,validation,2023-03,country_fr,country_th,-0.39438142645758556,-0.09450383484363556
gcn,validation,2023-03,country_fr,country_us,0.06360834458040661,0.048445068299770355
gcn,validation,2023-03,country_fr,country_vn,0.05237401974577637,-0.08526965975761414
gcn,validation,2023-03,country_gb,country_203,-0.7107765323973665,-0.10025310516357422
gcn,validation,2023-03,country_gb,country_344,-0.1753452649517356,-0.07535961270332336
gcn,validation,2023-03,country_gb,country_372,0.23687083143092016,-0.09768420457839966
gcn,validation,2023-03,country_gb,country_380,-0.16427674242449858,-0.09630849957466125
gcn,validation,2023-03,country_gb,country_cn,0.0903703395999858,-0.06505627930164337
gcn,validation,2023-03,country_gb,country_de,-0.22279826369808378,-0.1003064215183258
gcn,validation,2023-03,country_gb,country_fr,-0.02167687764395183,-0.08930598199367523
gcn,validation,2023-03,country_gb,country_in,-0.8554443589187082,-0.015777230262756348
gcn,validation,2023-03,country_gb,country_jp,-0.00196496491038807,-0.09905984997749329
gcn,validation,2023-03,country_gb,country_kr,-0.2940597645087236,-0.12184572219848633
gcn,validation,2023-03,country_gb,country_mx,0.06160095374139431,-0.11893510818481445
gcn,validation,2023-03,country_gb,country_my,-0.18299096327270017,-0.08177047967910767
gcn,validation,2023-03,country_gb,country_ph,-0.3413243792771078,-0.10382050275802612
gcn,validation,2023-03,country_gb,country_sg,-0.05051208906683666,-0.08925069868564606
gcn,validation,2023-03,country_gb,country_th,-0.28867846733133495,-0.09957018494606018
gcn,validation,2023-03,country_gb,country_us,0.03821094317358695,0.04062288999557495
gcn,validation,2023-03,country_gb,country_vn,-0.6790655016745017,-0.09144607186317444
gcn,validation,2023-03,country_in,country_203,0.5893942521617468,-0.061555296182632446
gcn,validation,2023-03,country_in,country_344,-0.19919519350344347,-0.029773280024528503
gcn,validation,2023-03,country_in,country_372,-0.5276093285846332,-0.05719718337059021
gcn,validation,2023-03,country_in,country_380,1.6271487167830818,-0.053349077701568604
gcn,validation,2023-03,country_in,country_cn,-0.2499931479584179,-0.013574227690696716
gcn,validation,2023-03,country_in,country_de,-0.133090402791169,-0.04903174936771393
gcn,validation,2023-03,country_in,country_fr,-0.19765030627061952,-0.04168729484081268
gcn,validation,2023-03,country_in,country_gb,-0.019768870883599635,-0.037570029497146606
gcn,validation,2023-03,country_in,country_jp,1.1266746763535744,-0.047867804765701294
gcn,validation,2023-03,country_in,country_kr,0.1810857571533682,-0.07603561878204346
gcn,validation,2023-03,country_in,country_mx,-0.11903742981940817,-0.07052890956401825
gcn,validation,2023-03,country_in,country_my,0.11870618019334249,-0.035718098282814026
gcn,validation,2023-03,country_in,country_ph,-0.30480109329609356,-0.06494204699993134
gcn,validation,2023-03,country_in,country_sg,0.7389259724848929,-0.047215238213539124
gcn,validation,2023-03,country_in,country_th,0.01791748287812215,-0.05453573167324066
gcn,validation,2023-03,country_in,country_us,2.8770678800558955,0.11015009880065918
gcn,validation,2023-03,country_in,country_vn,0.287808681193471,-0.051520779728889465
gcn,validation,2023-03,country_jp,country_203,-0.10392340070469369,-0.09526678919792175
gcn,validation,2023-03,country_jp,country_344,-0.05318517252944488,-0.06792117655277252
gcn,validation,2023-03,country_jp,country_372,-0.5243310107596638,-0.09810668230056763
gcn,validation,2023-03,country_jp,country_380,-0.10809226872449523,-0.09298945963382721
gcn,validation,2023-03,country_jp,country_cn,-0.09291934673245851,-0.0563666969537735
gcn,validation,2023-03,country_jp,country_de,0.04105773000563073,-0.09429346024990082
gcn,validation,2023-03,country_jp,country_fr,0.12315727439272482,-0.08274105191230774
gcn,validation,2023-03,country_jp,country_gb,-0.16777184731194703,-0.0853739082813263
gcn,validation,2023-03,country_jp,country_in,0.7627364166132001,-0.010994762182235718
gcn,validation,2023-03,country_jp,country_kr,-0.24241230662769628,-0.11691653728485107
gcn,validation,2023-03,country_jp,country_mx,-0.05125852574791397,-0.12061145901679993
gcn,validation,2023-03,country_jp,country_my,-0.39991784615060016,-0.07228024303913116
gcn,validation,2023-03,country_jp,country_ph,-0.1703707449264333,-0.10490638017654419
gcn,validation,2023-03,country_jp,country_sg,-0.33136400703853647,-0.08388638496398926
gcn,validation,2023-03,country_jp,country_th,0.007740456626650628,-0.08985203504562378
gcn,validation,2023-03,country_jp,country_us,0.04994675234124197,0.05436887592077255
gcn,validation,2023-03,country_jp,country_vn,-0.21719218189771336,-0.10120844841003418
gcn,validation,2023-03,country_kr,country_203,-0.4630658065374783,-0.09880784153938293
gcn,validation,2023-03,country_kr,country_344,-0.2166625756379983,-0.07172882556915283
gcn,validation,2023-03,country_kr,country_372,-0.1907423593530017,-0.1036520004272461
gcn,validation,2023-03,country_kr,country_380,0.14532790856148842,-0.09831690788269043
gcn,validation,2023-03,country_kr,country_cn,-0.21164670510179723,-0.061573609709739685
gcn,validation,2023-03,country_kr,country_de,0.17588691436811194,-0.10129973292350769
gcn,validation,2023-03,country_kr,country_fr,1.0115928963255432,-0.08998456597328186
gcn,validation,2023-03,country_kr,country_gb,-0.1655026090879881,-0.09208458662033081
gcn,validation,2023-03,country_kr,country_in,-0.15470512784748316,-0.01400071382522583
gcn,validation,2023-03,country_kr,country_jp,-0.09880215427832802,-0.09888720512390137
gcn,validation,2023-03,country_kr,country_mx,-0.0709645656279466,-0.12831419706344604
gcn,validation,2023-03,country_kr,country_my,-0.33077432253727784,-0.0773705244064331
gcn,validation,2023-03,country_kr,country_ph,-0.28901262211729656,-0.10993298888206482
gcn,validation,2023-03,country_kr,country_th,0.024721722401273107,-0.09333810210227966
gcn,validation,2023-03,country_kr,country_us,-0.29666710069147545,0.055802926421165466
gcn,validation,2023-03,country_kr,country_vn,-0.2926143475566322,-0.08605942130088806
gcn,validation,2023-03,country_mx,country_203,0.5759249551629539,-0.08728578686714172
gcn,validation,2023-03,country_mx,country_344,-0.4107306931457009,-0.05769506096839905
gcn,validation,2023-03,country_mx,country_372,-0.26239259835041356,-0.0908074676990509
gcn,validation,2023-03,country_mx,country_380,0.4501480959469438,-0.0826822817325592
gcn,validation,2023-03,country_mx,country_cn,-0.17137988579699776,-0.04272867739200592
gcn,validation,2023-03,country_mx,country_de,0.028526587096784392,-0.07981736958026886
gcn,validation,2023-03,country_mx,country_fr,-0.30412671492714244,-0.06525765359401703
gcn,validation,2023-03,country_mx,country_gb,0.3317838565511707,-0.06937699019908905
gcn,validation,2023-03,country_mx,country_in,43.589332448051685,0.004709109663963318
gcn,validation,2023-03,country_mx,country_jp,-0.2765497798205141,-0.07750794291496277
gcn,validation,2023-03,country_mx,country_kr,-0.2749659874457779,-0.10239538550376892
gcn,validation,2023-03,country_mx,country_my,-0.6523493363911613,-0.06246045231819153
gcn,validation,2023-03,country_mx,country_ph,-0.24790319157770416,-0.09316329658031464
gcn,validation,2023-03,country_mx,country_sg,0.29893766599339755,-0.07589229941368103
gcn,validation,2023-03,country_mx,country_th,0.26245228725212,-0.08218671381473541
gcn,validation,2023-03,country_mx,country_us,-0.30976324572718844,0.06946974247694016
gcn,validation,2023-03,country_mx,country_vn,-0.2281318862218358,-0.0719953328371048
gcn,validation,2023-03,country_my,country_203,-0.27003245139904547,-0.08548280596733093
gcn,validation,2023-03,country_my,country_344,-0.172798467932068,-0.056235507130622864
gcn,validation,2023-03,country_my,country_372,-0.4281906443065493,-0.08748979866504669
gcn,validation,2023-03,country_my,country_380,0.014981336355439977,-0.08521151542663574
gcn,validation,2023-03,country_my,country_cn,-0.2810946476731111,-0.0419640988111496
gcn,validation,2023-03,country_my,country_de,-0.07198195907331077,-0.08196903765201569
gcn,validation,2023-03,country_my,country_fr,-0.27514672263515455,-0.06904110312461853
gcn,validation,2023-03,country_my,country_gb,-0.09729225730668865,-0.06950503587722778
gcn,validation,2023-03,country_my,country_in,6.942161601707328,0.006423011422157288
gcn,validation,2023-03,country_my,country_jp,-0.056504271779403654,-0.08204701542854309
gcn,validation,2023-03,country_my,country_kr,-0.13904276089302367,-0.10552287101745605
gcn,validation,2023-03,country_my,country_mx,-0.047902826964871026,-0.11040592193603516
gcn,validation,2023-03,country_my,country_ph,0.19193502186855962,-0.094281405210495
gcn,validation,2023-03,country_my,country_sg,-0.21088564780405603,-0.07389324903488159
gcn,validation,2023-03,country_my,country_th,0.09656468204967764,-0.08004702627658844
gcn,validation,2023-03,country_my,country_us,-0.18862318477929227,0.0759643167257309
gcn,validation,2023-03,country_my,country_vn,-0.3227788753660162,-0.06736133992671967
gcn,validation,2023-03,country_ph,country_203,-0.14696899796468163,-0.09982722997665405
gcn,validation,2023-03,country_ph,country_344,-0.12564793663689766,-0.07151761651039124
gcn,validation,2023-03,country_ph,country_372,-0.20855527594556977,-0.10201376676559448
gcn,validation,2023-03,country_ph,country_380,-0.3893729775364858,-0.09874090552330017
gcn,validation,2023-03,country_ph,country_cn,-0.17113502529222732,-0.06162700057029724
gcn,validation,2023-03,country_ph,country_de,0.05794632940646084,-0.09795163571834564
gcn,validation,2023-03,country_ph,country_fr,-0.05744329977139846,-0.08600623905658722
gcn,validation,2023-03,country_ph,country_gb,-0.02154488239387134,-0.08671388030052185
gcn,validation,2023-03,country_ph,country_in,1.1077410519922328,-0.018083184957504272
gcn,validation,2023-03,country_ph,country_jp,-0.07581545701535118,-0.09204797446727753
gcn,validation,2023-03,country_ph,country_kr,0.0109217286410513,-0.12242546677589417
gcn,validation,2023-03,country_ph,country_mx,0.005584013671017451,-0.1255786120891571
gcn,validation,2023-03,country_ph,country_my,-0.30733456697286526,-0.07897880673408508
gcn,validation,2023-03,country_ph,country_sg,-0.052070921937597936,-0.08773620426654816
gcn,validation,2023-03,country_ph,country_th,-0.09745844908454943,-0.09540919959545135
gcn,validation,2023-03,country_ph,country_us,-0.19852716546474242,0.04769950360059738
gcn,validation,2023-03,country_ph,country_vn,-0.19182590986042666,-0.08737358450889587
gcn,validation,2023-03,country_sg,country_203,0.685925914903748,-0.0641038715839386
gcn,validation,2023-03,country_sg,country_344,-0.32217333166405343,-0.03418916463851929
gcn,validation,2023-03,country_sg,country_372,-0.7784232039739952,-0.06876476109027863
gcn,validation,2023-03,country_sg,country_380,-0.13114235336856409,-0.06328554451465607
gcn,validation,2023-03,country_sg,country_cn,-0.1392007218314476,-0.030886560678482056
gcn,validation,2023-03,country_sg,country_de,-0.1561207296387751,-0.0650317519903183
gcn,validation,2023-03,country_sg,country_fr,0.2871299039128175,-0.0584682822227478
gcn,validation,2023-03,country_sg,country_gb,-0.1634356829234454,-0.06010892987251282
gcn,validation,2023-03,country_sg,country_in,-0.7083240115953684,0.018010780215263367
gcn,validation,2023-03,country_sg,country_jp,-0.11218353749682673,-0.06462906301021576
gcn,validation,2023-03,country_sg,country_kr,0.17573005438398764,-0.0893494188785553
gcn,validation,2023-03,country_sg,country_mx,0.011015411205134551,-0.0937049388885498
gcn,validation,2023-03,country_sg,country_my,0.13918713224914292,-0.044508129358291626
gcn,validation,2023-03,country_sg,country_ph,-0.05096954840156365,-0.07560804486274719
gcn,validation,2023-03,country_sg,country_th,0.07452087059727257,-0.06082254648208618
gcn,validation,2023-03,country_sg,country_us,0.07955209591223864,0.07842178642749786
gcn,validation,2023-03,country_sg,country_vn,-0.13497899558694798,-0.07377402484416962
gcn,validation,2023-03,country_th,country_203,-0.09934413837546757,-0.06864103674888611
gcn,validation,2023-03,country_th,country_344,-0.13708074187078353,-0.043764084577560425
gcn,validation,2023-03,country_th,country_372,0.010083928034918888,-0.06886973977088928
gcn,validation,2023-03,country_th,country_380,-0.21710794643640846,-0.0667949914932251
gcn,validation,2023-03,country_th,country_cn,-0.1698385429986822,-0.03320515155792236
gcn,validation,2023-03,country_th,country_de,-0.04606091847285514,-0.06913445889949799
gcn,validation,2023-03,country_th,country_fr,-0.004110567694410868,-0.06400991976261139
gcn,validation,2023-03,country_th,country_gb,0.11385670637445086,-0.061133623123168945
gcn,validation,2023-03,country_th,country_in,0.9655782417953064,0.01762816309928894
gcn,validation,2023-03,country_th,country_jp,-0.08361523894158461,-0.07095156610012054
gcn,validation,2023-03,country_th,country_kr,-0.0378248931169967,-0.0935383290052414
gcn,validation,2023-03,country_th,country_mx,-0.009576596509404693,-0.09984010457992554
gcn,validation,2023-03,country_th,country_my,-0.3045820193405164,-0.053062230348587036
gcn,validation,2023-03,country_th,country_ph,-0.2300321507513146,-0.08372616767883301
gcn,validation,2023-03,country_th,country_sg,-0.20186713913545987,-0.059850797057151794
gcn,validation,2023-03,country_th,country_us,0.26844126585487627,0.07905854284763336
gcn,validation,2023-03,country_th,country_vn,0.49021254148146737,-0.05347388982772827
gcn,validation,2023-03,country_us,country_203,0.10978107141523998,-0.15613502264022827
gcn,validation,2023-03,country_us,country_344,-0.09227030791404427,-0.1298084855079651
gcn,validation,2023-03,country_us,country_372,-0.5622300846562922,-0.15894249081611633
gcn,validation,2023-03,country_us,country_380,-0.31220421120846953,-0.1541004776954651
gcn,validation,2023-03,country_us,country_cn,-0.39058999810636186,-0.12208294868469238
gcn,validation,2023-03,country_us,country_de,-0.13338518411039382,-0.15006950497627258
gcn,validation,2023-03,country_us,country_fr,-0.27135891829457526,-0.14417168498039246
gcn,validation,2023-03,country_us,country_gb,-0.06475669430975257,-0.14335519075393677
gcn,validation,2023-03,country_us,country_in,-0.5348255789024465,-0.07881654798984528
gcn,validation,2023-03,country_us,country_jp,-0.16759650222406025,-0.15404313802719116
gcn,validation,2023-03,country_us,country_kr,-0.18153687310281258,-0.1757115125656128
gcn,validation,2023-03,country_us,country_mx,-0.0672490874312034,-0.17267125844955444
gcn,validation,2023-03,country_us,country_my,-0.43913304661366503,-0.1342877447605133
gcn,validation,2023-03,country_us,country_ph,0.03390831727712025,-0.16067057847976685
gcn,validation,2023-03,country_us,country_sg,-0.12449298890430537,-0.14622822403907776
gcn,validation,2023-03,country_us,country_th,-0.13948005235609914,-0.15260261297225952
gcn,validation,2023-03,country_us,country_vn,0.06765554218651877,-0.15722835063934326
gcn,validation,2023-03,country_vn,country_203,0.0786662613732207,-0.09269700944423676
gcn,validation,2023-03,country_vn,country_344,-0.2178231280730222,-0.06487943232059479
gcn,validation,2023-03,country_vn,country_372,-0.6896655629473362,-0.09652993083000183
gcn,validation,2023-03,country_vn,country_380,1.0344884842953534,-0.09335577487945557
gcn,validation,2023-03,country_vn,country_cn,-0.3697738827871692,-0.052527040243148804
gcn,validation,2023-03,country_vn,country_de,0.13445092438378642,-0.08721017837524414
gcn,validation,2023-03,country_vn,country_fr,-0.18326462217571973,-0.08231441676616669
gcn,validation,2023-03,country_vn,country_gb,-0.156787732817093,-0.08207547664642334
gcn,validation,2023-03,country_vn,country_in,2.016875027412936,-0.008656293153762817
gcn,validation,2023-03,country_vn,country_jp,-0.37117042492108243,-0.09435068070888519
gcn,validation,2023-03,country_vn,country_kr,0.22518570126410328,-0.11583399772644043
gcn,validation,2023-03,country_vn,country_mx,1.7200306970324122,-0.11730462312698364
gcn,validation,2023-03,country_vn,country_my,-0.014266512645729324,-0.07395930588245392
gcn,validation,2023-03,country_vn,country_ph,1.05861132620388,-0.11045363545417786
gcn,validation,2023-03,country_vn,country_sg,-0.1875707342110965,-0.08209787309169769
gcn,validation,2023-03,country_vn,country_th,3.0570115754536196,-0.08801029622554779
gcn,validation,2023-03,country_vn,country_us,-0.1095773880982526,0.06370788812637329
gcn,validation,2023-04,country_203,country_344,0.5198222812688401,-0.17828699946403503
gcn,validation,2023-04,country_203,country_372,0.8492539637946341,-0.23765748739242554
gcn,validation,2023-04,country_203,country_380,-0.33997837704294054,-0.20308881998062134
gcn,validation,2023-04,country_203,country_cn,0.24199216000966656,-0.15448391437530518
gcn,validation,2023-04,country_203,country_de,-0.009829826527555053,-0.19155725836753845
gcn,validation,2023-04,country_203,country_fr,1.040929504653222,-0.1644163429737091
gcn,validation,2023-04,country_203,country_gb,1.1819086884640853,-0.18368470668792725
gcn,validation,2023-04,country_203,country_in,0.8846829491439844,-0.16100454330444336
gcn,validation,2023-04,country_203,country_jp,-0.08449839019870073,-0.19191712141036987
gcn,validation,2023-04,country_203,country_kr,0.4153452162439811,-0.21960225701332092
gcn,validation,2023-04,country_203,country_mx,0.10184992652729687,-0.14450156688690186
gcn,validation,2023-04,country_203,country_my,-0.3430330283554177,-0.19586896896362305
gcn,validation,2023-04,country_203,country_ph,0.38051514780870277,-0.1742936372756958
gcn,validation,2023-04,country_203,country_sg,0.7731467411573625,-0.18329721689224243
gcn,validation,2023-04,country_203,country_th,-0.02789229816254247,-0.1847487986087799
gcn,validation,2023-04,country_203,country_us,0.02725871894232961,-0.1397077441215515
gcn,validation,2023-04,country_203,country_vn,0.11129330977120623,-0.21258258819580078
gcn,validation,2023-04,country_344,country_203,-0.5498767983467133,-0.20729872584342957
gcn,validation,2023-04,country_344,country_372,-0.7041232409749302,-0.21575653553009033
gcn,validation,2023-04,country_344,country_380,-0.15480870643743833,-0.17970046401023865
gcn,validation,2023-04,country_344,country_cn,-0.22554703616401703,-0.12615075707435608
gcn,validation,2023-04,country_344,country_de,-0.625118756396448,-0.16338446736335754
gcn,validation,2023-04,country_344,country_fr,0.25577387708016824,-0.14088714122772217
gcn,validation,2023-04,country_344,country_gb,-0.4213616966738099,-0.15172863006591797
gcn,validation,2023-04,country_344,country_in,-0.920963269960774,-0.12502306699752808
gcn,validation,2023-04,country_344,country_jp,-0.8273486843083006,-0.16478529572486877
gcn,validation,2023-04,country_344,country_kr,-0.3885553639450448,-0.18444710969924927
gcn,validation,2023-04,country_344,country_mx,0.11166022130890403,-0.11268121004104614
gcn,validation,2023-04,country_344,country_my,-0.21576151959590825,-0.16293251514434814
gcn,validation,2023-04,country_344,country_ph,0.05654261531174973,-0.14097213745117188
gcn,validation,2023-04,country_344,country_sg,-0.6425550064841319,-0.15762212872505188
gcn,validation,2023-04,country_344,country_th,-0.48596882381966144,-0.15096253156661987
gcn,validation,2023-04,country_344,country_us,-0.8218809565785926,-0.09411761164665222
gcn,validation,2023-04,country_344,country_vn,-0.2980319133943976,-0.17845463752746582
gcn,validation,2023-04,country_372,country_203,0.8652324100093967,-0.23320209980010986
gcn,validation,2023-04,country_372,country_344,-0.6444945753128444,-0.17441415786743164
gcn,validation,2023-04,country_372,country_380,0.6098476018707657,-0.20789149403572083
gcn,validation,2023-04,country_372,country_cn,-0.010019106109803031,-0.15145573019981384
gcn,validation,2023-04,country_372,country_de,0.8276765515633024,-0.19644621014595032
gcn,validation,2023-04,country_372,country_fr,0.19529795962338442,-0.16400396823883057
gcn,validation,2023-04,country_372,country_gb,0.03968111830991924,-0.18609777092933655
gcn,validation,2023-04,country_372,country_in,-0.9995782101540525,-0.16177096962928772
gcn,validation,2023-04,country_372,country_jp,0.0287013888621458,-0.18396520614624023
gcn,validation,2023-04,country_372,country_kr,1.130339857136005,-0.22383251786231995
gcn,validation,2023-04,country_372,country_mx,-0.38038520739970805,-0.14415788650512695
gcn,validation,2023-04,country_372,country_my,0.023901237743738306,-0.18772900104522705
gcn,validation,2023-04,country_372,country_ph,0.2503140560800817,-0.16562995314598083
gcn,validation,2023-04,country_372,country_sg,0.6853846840241058,-0.18019473552703857
gcn,validation,2023-04,country_372,country_th,-0.19792405961462475,-0.1891070306301117
gcn,validation,2023-04,country_372,country_us,-0.23253677076865692,-0.12271708250045776
gcn,validation,2023-04,country_372,country_vn,-0.2441759506006065,-0.2220698893070221
gcn,validation,2023-04,country_380,country_203,0.6825545328725334,-0.22475183010101318
gcn,validation,2023-04,country_380,country_344,0.39176464332078736,-0.16551744937896729
gcn,validation,2023-04,country_380,country_372,-0.546955233271343,-0.2325802743434906
gcn,validation,2023-04,country_380,country_cn,0.25238049124871803,-0.14903423190116882
gcn,validation,2023-04,country_380,country_de,-0.041664978832998974,-0.18072789907455444
gcn,validation,2023-04,country_380,country_fr,0.544863725320432,-0.1573573648929596
gcn,validation,2023-04,country_380,country_gb,0.42483938270994576,-0.17798879742622375
gcn,validation,2023-04,country_380,country_in,-0.3291875984304406,-0.14942368865013123
gcn,validation,2023-04,country_380,country_jp,-0.2225132801452211,-0.18120858073234558
gcn,validation,2023-04,country_380,country_kr,-0.04789118043445311,-0.20706790685653687
gcn,validation,2023-04,country_380,country_mx,0.18459433657057778,-0.1344757080078125
gcn,validation,2023-04,country_380,country_my,-0.8397468809527693,-0.19021105766296387
gcn,validation,2023-04,country_380,country_ph,-0.05876554914457887,-0.16330373287200928
gcn,validation,2023-04,country_380,country_sg,0.2756222469540818,-0.17596974968910217
gcn,validation,2023-04,country_380,country_th,0.4899132462919976,-0.17521876096725464
gcn,validation,2023-04,country_380,country_us,0.01953779349121374,-0.10145336389541626
gcn,validation,2023-04,country_380,country_vn,0.15299677500138192,-0.20607692003250122
gcn,validation,2023-04,country_cn,country_203,-0.051616356851308734,-0.2118946611881256
gcn,validation,2023-04,country_cn,country_344,-0.10793011876282527,-0.1501998007297516
gcn,validation,2023-04,country_cn,country_372,-0.16449942279971694,-0.21954256296157837
gcn,validation,2023-04,country_cn,country_380,0.128794335593479,-0.1810263991355896
gcn,validation,2023-04,country_cn,country_de,-0.0027926892393361482,-0.16858375072479248
gcn,validation,2023-04,country_cn,country_fr,0.2475301796817478,-0.14332807064056396
gcn,validation,2023-04,country_cn,country_gb,0.22173289350920145,-0.16259965300559998
gcn,validation,2023-04,country_cn,country_in,0.9210923577456083,-0.13329008221626282
gcn,validation,2023-04,country_cn,country_jp,-0.32435501306561487,-0.16821950674057007
gcn,validation,2023-04,country_cn,country_kr,-0.15459576522195825,-0.18921738862991333
gcn,validation,2023-04,country_cn,country_mx,-0.04797013685163007,-0.12668800354003906
gcn,validation,2023-04,country_cn,country_my,-0.25078535347683445,-0.17532572150230408
gcn,validation,2023-04,country_cn,country_ph,-0.18722038726135717,-0.1535080075263977
gcn,validation,2023-04,country_cn,country_sg,-0.28475563005618804,-0.16698837280273438
gcn,validation,2023-04,country_cn,country_th,0.3117952741353299,-0.15717461705207825
gcn,validation,2023-04,country_cn,country_us,-0.10741573268532836,-0.08136160671710968
gcn,validation,2023-04,country_cn,country_vn,-0.19487421962399182,-0.19114640355110168
gcn,validation,2023-04,country_de,country_203,0.013037869784275529,-0.21572309732437134
gcn,validation,2023-04,country_de,country_344,-0.17243710120176617,-0.15767523646354675
gcn,validation,2023-04,country_de,country_372,-0.5107512670955349,-0.22357508540153503
gcn,validation,2023-04,country_de,country_380,0.5062526332688703,-0.18663066625595093
gcn,validation,2023-04,country_de,country_cn,-0.18289674768689404,-0.13728737831115723
gcn,validation,2023-04,country_de,country_fr,0.16272508371124517,-0.14409899711608887
gcn,validation,2023-04,country_de,country_gb,-0.19336404972125645,-0.1653434932231903
gcn,validation,2023-04,country_de,country_in,-0.1574825991691552,-0.13782459497451782
gcn,validation,2023-04,country_de,country_jp,-0.1995979380103803,-0.17309916019439697
gcn,validation,2023-04,country_de,country_kr,-0.18811909183605355,-0.197892963886261
gcn,validation,2023-04,country_de,country_mx,0.07606768620688381,-0.12575724720954895
gcn,validation,2023-04,country_de,country_my,0.10887477126659113,-0.17765384912490845
gcn,validation,2023-04,country_de,country_ph,0.0592469350604311,-0.1568720042705536
gcn,validation,2023-04,country_de,country_sg,-0.08013365521753524,-0.17209309339523315
gcn,validation,2023-04,country_de,country_th,0.9482840189779612,-0.16247132420539856
gcn,validation,2023-04,country_de,country_us,0.21242579119735888,-0.08220869302749634
gcn,validation,2023-04,country_de,country_vn,0.020491413147106275,-0.20460563898086548
gcn,validation,2023-04,country_fr,country_203,0.3987293145700309,-0.2212543487548828
gcn,validation,2023-04,country_fr,country_344,0.005767597463372188,-0.16105815768241882
gcn,validation,2023-04,country_fr,country_372,-0.12058291849489614,-0.22635048627853394
gcn,validation,2023-04,country_fr,country_380,-0.16666868325420167,-0.18620747327804565
gcn,validation,2023-04,country_fr,country_cn,-0.12417410183552041,-0.1420116424560547
gcn,validation,2023-04,country_fr,country_de,-0.7119129034831658,-0.1758662760257721
gcn,validation,2023-04,country_fr,country_gb,-0.019722660664691267,-0.17295727133750916
gcn,validation,2023-04,country_fr,country_in,0.033361357033830585,-0.14115533232688904
gcn,validation,2023-04,country_fr,country_jp,0.014198376948985675,-0.17703178524971008
gcn,validation,2023-04,country_fr,country_kr,0.20079422765048455,-0.20022010803222656
gcn,validation,2023-04,country_fr,country_mx,1.360638780243239,-0.12647342681884766
gcn,validation,2023-04,country_fr,country_my,-0.4074603022980583,-0.18321049213409424
gcn,validation,2023-04,country_fr,country_ph,-0.011375192504129541,-0.16135510802268982
gcn,validation,2023-04,country_fr,country_sg,0.11795074302133442,-0.17252182960510254
gcn,validation,2023-04,country_fr,country_th,-0.3426703705884023,-0.1684851348400116
gcn,validation,2023-04,country_fr,country_us,0.00724907387701798,-0.08560898900032043
gcn,validation,2023-04,country_fr,country_vn,0.7326501657673656,-0.19939211010932922
gcn,validation,2023-04,country_gb,country_203,-0.45231105445274083,-0.22902190685272217
gcn,validation,2023-04,country_gb,country_344,-0.4758452229599252,-0.16839563846588135
gcn,validation,2023-04,country_gb,country_372,0.686732892073115,-0.231381356716156
gcn,validation,2023-04,country_gb,country_380,0.45625941438173817,-0.2018672227859497
gcn,validation,2023-04,country_gb,country_cn,-0.03532847629774231,-0.15128660202026367
gcn,validation,2023-04,country_gb,country_de,0.0050360287075022275,-0.1845720112323761
gcn,validation,2023-04,country_gb,country_fr,-0.018651124598958745,-0.16177892684936523
gcn,validation,2023-04,country_gb,country_in,-0.7621136871650224,-0.14923471212387085
gcn,validation,2023-04,country_gb,country_jp,0.0023168885628168843,-0.1868429183959961
gcn,validation,2023-04,country_gb,country_kr,-0.10477982690014356,-0.2045837640762329
gcn,validation,2023-04,country_gb,country_mx,-0.11724746796696274,-0.1373005211353302
gcn,validation,2023-04,country_gb,country_my,-0.23511010335069255,-0.191208153963089
gcn,validation,2023-04,country_gb,country_ph,-0.29066366180884556,-0.16929861903190613
gcn,validation,2023-04,country_gb,country_sg,0.06226821305858815,-0.17990216612815857
gcn,validation,2023-04,country_gb,country_th,0.19359581462782632,-0.17555320262908936
gcn,validation,2023-04,country_gb,country_us,-0.028092875533751133,-0.09832793474197388
gcn,validation,2023-04,country_gb,country_vn,-0.4201999742702166,-0.20989418029785156
gcn,validation,2023-04,country_in,country_203,2.8216931580999565,-0.2155192494392395
gcn,validation,2023-04,country_in,country_344,-0.5143514275268718,-0.15638142824172974
gcn,validation,2023-04,country_in,country_372,-0.8217948812109954,-0.21965306997299194
gcn,validation,2023-04,country_in,country_380,0.713261205939182,-0.1897442638874054
gcn,validation,2023-04,country_in,country_cn,-0.24682683301889088,-0.13301494717597961
gcn,validation,2023-04,country_in,country_de,-0.09164174560933626,-0.17265808582305908
gcn,validation,2023-04,country_in,country_fr,-0.130023246674251,-0.14308848977088928
gcn,validation,2023-04,country_in,country_gb,-0.23534191397629037,-0.16433408856391907
gcn,validation,2023-04,country_in,country_jp,0.3390129095798361,-0.17118296027183533
gcn,validation,2023-04,country_in,country_kr,-0.006378565075054422,-0.19218191504478455
gcn,validation,2023-04,country_in,country_mx,-0.2711600618699664,-0.1178361177444458
gcn,validation,2023-04,country_in,country_my,3.077721814265743,-0.17538222670555115
gcn,validation,2023-04,country_in,country_ph,7.061662061574577,-0.1533139944076538
gcn,validation,2023-04,country_in,country_sg,-0.28105910870123435,-0.168980211019516
gcn,validation,2023-04,country_in,country_th,1.8260510214297418,-0.1597515344619751
gcn,validation,2023-04,country_in,country_us,1.6979383423407477,-0.06868183612823486
gcn,validation,2023-04,country_in,country_vn,1.6198175691340857,-0.193345308303833
gcn,validation,2023-04,country_jp,country_203,-0.1454869401363045,-0.22242242097854614
gcn,validation,2023-04,country_jp,country_344,-0.04665240267785597,-0.1596049666404724
gcn,validation,2023-04,country_jp,country_372,-0.4593867528595767,-0.23250767588615417
gcn,validation,2023-04,country_jp,country_380,-0.13415810150515697,-0.19666796922683716
gcn,validation,2023-04,country_jp,country_cn,-0.09162407669500224,-0.14444300532341003
gcn,validation,2023-04,country_jp,country_de,0.03647954052163233,-0.18150344491004944
gcn,validation,2023-04,country_jp,country_fr,-0.08410847944863685,-0.1551969349384308
gcn,validation,2023-04,country_jp,country_gb,-0.0895032416882803,-0.17672517895698547
gcn,validation,2023-04,country_jp,country_in,0.9117561675846079,-0.1453651785850525
gcn,validation,2023-04,country_jp,country_kr,-0.39482672434552624,-0.20072537660598755
gcn,validation,2023-04,country_jp,country_mx,0.10565203138056191,-0.1352585256099701
gcn,validation,2023-04,country_jp,country_my,0.029497504468423016,-0.18553653359413147
gcn,validation,2023-04,country_jp,country_ph,-0.15230006704371216,-0.16399776935577393
gcn,validation,2023-04,country_jp,country_sg,-0.21055077239110825,-0.17611661553382874
gcn,validation,2023-04,country_jp,country_th,-0.0744272908541551,-0.16931748390197754
gcn,validation,2023-04,country_jp,country_us,-0.037703833414512354,-0.08857789635658264
gcn,validation,2023-04,country_jp,country_vn,-0.3944259906401235,-0.2019818127155304
gcn,validation,2023-04,country_kr,country_203,-0.3041373977949617,-0.22489947080612183
gcn,validation,2023-04,country_kr,country_344,-0.2690917999164514,-0.16002848744392395
gcn,validation,2023-04,country_kr,country_372,-0.03365856242959402,-0.2344302237033844
gcn,validation,2023-04,country_kr,country_380,-0.2265858533182887,-0.20009475946426392
gcn,validation,2023-04,country_kr,country_cn,-0.2432411233217781,-0.14122796058654785
gcn,validation,2023-04,country_kr,country_de,0.34417657276154434,-0.1838449239730835
gcn,validation,2023-04,country_kr,country_fr,0.4780250048179658,-0.1552705466747284
gcn,validation,2023-04,country_kr,country_gb,0.6609961758654346,-0.17682871222496033
gcn,validation,2023-04,country_kr,country_in,-0.19377034398012408,-0.14089447259902954
gcn,validation,2023-04,country_kr,country_jp,0.10251673782917956,-0.17912453413009644
gcn,validation,2023-04,country_kr,country_mx,0.04556784533563436,-0.13398393988609314
gcn,validation,2023-04,country_kr,country_my,-0.11949343652134793,-0.1828186810016632
gcn,validation,2023-04,country_kr,country_ph,-0.13024842238388898,-0.16252249479293823
gcn,validation,2023-04,country_kr,country_th,-0.31712093107556594,-0.1673475205898285
gcn,validation,2023-04,country_kr,country_us,-0.25004493651958787,-0.08306816220283508
gcn,validation,2023-04,country_kr,country_vn,-0.3688585576232613,-0.1993367075920105
gcn,validation,2023-04,country_mx,country_203,0.10638413746346126,-0.19534990191459656
gcn,validation,2023-04,country_mx,country_344,-0.24574393920150622,-0.1380998194217682
gcn,validation,2023-04,country_mx,country_372,-0.4209840209940336,-0.204471617937088
gcn,validation,2023-04,country_mx,country_380,-0.19330663697649034,-0.17057543992996216
gcn,validation,2023-04,country_mx,country_cn,-0.16958837270193192,-0.11299273371696472
gcn,validation,2023-04,country_mx,country_de,-0.06996129428773716,-0.15245038270950317
gcn,validation,2023-04,country_mx,country_fr,0.15380121890768045,-0.1259676218032837
gcn,validation,2023-04,country_mx,country_gb,-0.24593817170586102,-0.14421162009239197
gcn,validation,2023-04,country_mx,country_in,56.049412421993274,-0.11153072118759155
gcn,validation,2023-04,country_mx,country_jp,-0.30862627597785786,-0.149539053440094
gcn,validation,2023-04,country_mx,country_kr,0.08285130737537834,-0.17370101809501648
gcn,validation,2023-04,country_mx,country_my,-0.3899619105017357,-0.1567833125591278
gcn,validation,2023-04,country_mx,country_ph,0.8231714631063214,-0.1359698474407196
gcn,validation,2023-04,country_mx,country_sg,0.4978070883501591,-0.14935770630836487
gcn,validation,2023-04,country_mx,country_th,0.3178915949820972,-0.13907334208488464
gcn,validation,2023-04,country_mx,country_us,-0.06954547274072113,-0.05053284764289856
gcn,validation,2023-04,country_mx,country_vn,-0.1683374914956812,-0.17251187562942505
gcn,validation,2023-04,country_my,country_203,-0.01087269805157576,-0.22407716512680054
gcn,validation,2023-04,country_my,country_344,-0.13170237570246404,-0.15933525562286377
gcn,validation,2023-04,country_my,country_372,0.09179369672859997,-0.23221534490585327
gcn,validation,2023-04,country_my,country_380,-0.10074343472532538,-0.19841060042381287
gcn,validation,2023-04,country_my,country_cn,-0.337442096865552,-0.14350175857543945
gcn,validation,2023-04,country_my,country_de,0.06456323679490322,-0.18259036540985107
gcn,validation,2023-04,country_my,country_fr,-0.13409974507392092,-0.15418967604637146
gcn,validation,2023-04,country_my,country_gb,-0.015861881858531112,-0.176065593957901
gcn,validation,2023-04,country_my,country_in,3.0147144409810047,-0.14640706777572632
gcn,validation,2023-04,country_my,country_jp,-0.08708902889262041,-0.18208137154579163
gcn,validation,2023-04,country_my,country_kr,0.09353119049975175,-0.20078027248382568
gcn,validation,2023-04,country_my,country_mx,-0.24112022948021175,-0.13621065020561218
gcn,validation,2023-04,country_my,country_ph,0.15205225285232232,-0.16567453742027283
gcn,validation,2023-04,country_my,country_sg,-0.24247933021790138,-0.17510801553726196
gcn,validation,2023-04,country_my,country_th,0.5914395618310553,-0.17032119631767273
gcn,validation,2023-04,country_my,country_us,-0.03635181947588495,-0.08214214444160461
gcn,validation,2023-04,country_my,country_vn,-0.25039216530584296,-0.2015509307384491
gcn,validation,2023-04,country_ph,country_203,-0.19064009566540285,-0.2221207618713379
gcn,validation,2023-04,country_ph,country_344,-0.038959291184082596,-0.157018780708313
gcn,validation,2023-04,country_ph,country_372,0.08542687247185113,-0.23047322034835815
gcn,validation,2023-04,country_ph,country_380,-0.35846493027885895,-0.195357084274292
gcn,validation,2023-04,country_ph,country_cn,-0.20298513565760268,-0.14250633120536804
gcn,validation,2023-04,country_ph,country_de,0.05168387184476571,-0.17930972576141357
gcn,validation,2023-04,country_ph,country_fr,-0.21934969717408498,-0.15252172946929932
gcn,validation,2023-04,country_ph,country_gb,-0.019126846211446585,-0.17345577478408813
gcn,validation,2023-04,country_ph,country_in,1.1788695882695086,-0.14353308081626892
gcn,validation,2023-04,country_ph,country_jp,0.07218662269724471,-0.17607581615447998
gcn,validation,2023-04,country_ph,country_kr,0.0879083523760078,-0.1977919340133667
gcn,validation,2023-04,country_ph,country_mx,-0.13258088136334253,-0.1320490539073944
gcn,validation,2023-04,country_ph,country_my,-0.31534786423537187,-0.18403130769729614
gcn,validation,2023-04,country_ph,country_sg,-0.07514070133520484,-0.17388767004013062
gcn,validation,2023-04,country_ph,country_th,-0.07717019083413167,-0.1679791808128357
gcn,validation,2023-04,country_ph,country_us,-0.07880786663899013,-0.08916056156158447
gcn,validation,2023-04,country_ph,country_vn,-0.3355099335817024,-0.20256119966506958
gcn,validation,2023-04,country_sg,country_203,0.09720427181824366,-0.2079838216304779
gcn,validation,2023-04,country_sg,country_344,-0.21986840041393285,-0.13386887311935425
gcn,validation,2023-04,country_sg,country_372,0.6157710875036154,-0.21616002917289734
gcn,validation,2023-04,country_sg,country_380,-0.14212665795849275,-0.1790061891078949
gcn,validation,2023-04,country_sg,country_cn,-0.27043330611653427,-0.12106427550315857
gcn,validation,2023-04,country_sg,country_de,-0.25947399129912896,-0.16306275129318237
gcn,validation,2023-04,country_sg,country_fr,-0.16277511297193126,-0.13107895851135254
gcn,validation,2023-04,country_sg,country_gb,-0.16634177614840964,-0.15750250220298767
gcn,validation,2023-04,country_sg,country_in,-0.6318344924222968,-0.12007534503936768
gcn,validation,2023-04,country_sg,country_jp,-0.04417411539358544,-0.16035333275794983
gcn,validation,2023-04,country_sg,country_kr,-0.4054736622511379,-0.1837557852268219
gcn,validation,2023-04,country_sg,country_mx,0.2019074389665813,-0.11166945099830627
gcn,validation,2023-04,country_sg,country_my,0.22933011178368978,-0.16106489300727844
gcn,validation,2023-04,country_sg,country_ph,-0.12948720684478707,-0.14213180541992188
gcn,validation,2023-04,country_sg,country_th,0.11609747899361886,-0.148149311542511
gcn,validation,2023-04,country_sg,country_us,0.1424782303175896,-0.060202568769454956
gcn,validation,2023-04,country_sg,country_vn,-0.288164499788673,-0.1841345727443695
gcn,validation,2023-04,country_th,country_203,-0.0033794447406077684,-0.22421544790267944
gcn,validation,2023-04,country_th,country_344,-0.17080863429290477,-0.1599695086479187
gcn,validation,2023-04,country_th,country_372,-0.026782772105839642,-0.2291598618030548
gcn,validation,2023-04,country_th,country_380,-0.1943245545112857,-0.19615939259529114
gcn,validation,2023-04,country_th,country_cn,-0.2385946781230123,-0.14246603846549988
gcn,validation,2023-04,country_th,country_de,0.11669461659331025,-0.18163108825683594
gcn,validation,2023-04,country_th,country_fr,-0.1598400105970331,-0.156477153301239
gcn,validation,2023-04,country_th,country_gb,0.010461540953263291,-0.17443904280662537
gcn,validation,2023-04,country_th,country_in,0.5247415451780961,-0.1442047655582428
gcn,validation,2023-04,country_th,country_jp,0.15247063867281038,-0.18022644519805908
gcn,validation,2023-04,country_th,country_kr,-0.029422583644133127,-0.20009219646453857
gcn,validation,2023-04,country_th,country_mx,-0.030459616255719708,-0.13230496644973755
gcn,validation,2023-04,country_th,country_my,-0.3289333602848919,-0.1853863000869751
gcn,validation,2023-04,country_th,country_ph,0.21660742410533224,-0.1645662784576416
gcn,validation,2023-04,country_th,country_sg,-0.07012050843116724,-0.17622095346450806
gcn,validation,2023-04,country_th,country_us,0.5035964989759181,-0.07834678888320923
gcn,validation,2023-04,country_th,country_vn,0.012138290076857721,-0.21299320459365845
gcn,validation,2023-04,country_us,country_203,0.11267462620741367,-0.26271259784698486
gcn,validation,2023-04,country_us,country_344,-0.17225776477141916,-0.2055230438709259
gcn,validation,2023-04,country_us,country_372,-0.1735434687494139,-0.2711319327354431
gcn,validation,2023-04,country_us,country_380,-0.3234318371477514,-0.2381352186203003
gcn,validation,2023-04,country_us,country_cn,-0.26566115086403375,-0.1805717647075653
gcn,validation,2023-04,country_us,country_de,0.13760804916569322,-0.2169950008392334
gcn,validation,2023-04,country_us,country_fr,0.24299437907276572,-0.1908467411994934
gcn,validation,2023-04,country_us,country_gb,0.11983073551466959,-0.20818156003952026
gcn,validation,2023-04,country_us,country_in,-0.5344590765817209,-0.17777970433235168
gcn,validation,2023-04,country_us,country_jp,0.1700873578224307,-0.214714914560318
gcn,validation,2023-04,country_us,country_kr,-0.03938372505601534,-0.24062424898147583
gcn,validation,2023-04,country_us,country_mx,-0.17993114914081215,-0.16659560799598694
gcn,validation,2023-04,country_us,country_my,-0.38808228438288667,-0.2183786928653717
gcn,validation,2023-04,country_us,country_ph,0.045526863019695295,-0.19747450947761536
gcn,validation,2023-04,country_us,country_sg,-0.2512639816381188,-0.21505272388458252
gcn,validation,2023-04,country_us,country_th,-0.07454041528636719,-0.20496857166290283
gcn,validation,2023-04,country_us,country_vn,0.06951105352475268,-0.2349490523338318
gcn,validation,2023-04,country_vn,country_203,-0.042809589963186456,-0.22713333368301392
gcn,validation,2023-04,country_vn,country_344,0.3264633628379165,-0.16141295433044434
gcn,validation,2023-04,country_vn,country_372,15.0271210992124,-0.23320597410202026
gcn,validation,2023-04,country_vn,country_380,-0.3746203729228907,-0.19683974981307983
gcn,validation,2023-04,country_vn,country_cn,0.03411288466461026,-0.14511016011238098
gcn,validation,2023-04,country_vn,country_de,-0.04962726204385394,-0.17772594094276428
gcn,validation,2023-04,country_vn,country_fr,0.15936666282095374,-0.15715518593788147
gcn,validation,2023-04,country_vn,country_gb,-0.1231724279435386,-0.17968052625656128
gcn,validation,2023-04,country_vn,country_in,2.179851603059272,-0.1479191780090332
gcn,validation,2023-04,country_vn,country_jp,-0.1572655867525693,-0.18472769856452942
gcn,validation,2023-04,country_vn,country_kr,0.07917602715993552,-0.20136386156082153
gcn,validation,2023-04,country_vn,country_mx,0.20868160538993352,-0.13960295915603638
gcn,validation,2023-04,country_vn,country_my,0.7331004909811772,-0.18928444385528564
gcn,validation,2023-04,country_vn,country_ph,0.017390694484851005,-0.17085206508636475
gcn,validation,2023-04,country_vn,country_sg,-0.150001669408945,-0.1776859164237976
gcn,validation,2023-04,country_vn,country_th,2.699352841771379,-0.17314445972442627
gcn,validation,2023-04,country_vn,country_us,0.025317971093358142,-0.08644063770771027
gcn,validation,2023-05,country_203,country_344,1.7074859125923094,-0.1874348521232605
gcn,validation,2023-05,country_203,country_372,0.7570383478544815,-0.18618541955947876
gcn,validation,2023-05,country_203,country_380,-0.08246769023753672,-0.16795778274536133
gcn,validation,2023-05,country_203,country_cn,-0.04035379769409071,-0.19330120086669922
gcn,validation,2023-05,country_203,country_de,-0.2022371592158425,-0.20246076583862305
gcn,validation,2023-05,country_203,country_fr,0.28589352556009834,-0.16551637649536133
gcn,validation,2023-05,country_203,country_gb,0.5881731817188718,-0.16913098096847534
gcn,validation,2023-05,country_203,country_in,-0.3901068137728481,-0.18802326917648315
gcn,validation,2023-05,country_203,country_jp,-0.13679627198654393,-0.2098599672317505
gcn,validation,2023-05,country_203,country_kr,1.370991793796544,-0.2004343867301941
gcn,validation,2023-05,country_203,country_mx,5.991667129067824,-0.19704300165176392
gcn,validation,2023-05,country_203,country_my,-0.21244400401506874,-0.18439146876335144
gcn,validation,2023-05,country_203,country_ph,0.011149663319813962,-0.1853766143321991
gcn,validation,2023-05,country_203,country_sg,-0.3797043402312201,-0.20114782452583313
gcn,validation,2023-05,country_203,country_th,4.06120900574318,-0.21102437376976013
gcn,validation,2023-05,country_203,country_us,-0.48360079385587895,-0.13034945726394653
gcn,validation,2023-05,country_203,country_vn,0.6973292901811615,-0.23788979649543762
gcn,validation,2023-05,country_344,country_203,-0.6030245746691871,-0.176445871591568
gcn,validation,2023-05,country_344,country_372,-0.13164945270445594,-0.20189636945724487
gcn,validation,2023-05,country_344,country_380,-0.3164336104566991,-0.1877272129058838
gcn,validation,2023-05,country_344,country_cn,-0.41057633382438113,-0.20234927535057068
gcn,validation,2023-05,country_344,country_de,-0.5598963511945582,-0.2178966999053955
gcn,validation,2023-05,country_344,country_fr,-0.3389066240924121,-0.17776235938072205
gcn,validation,2023-05,country_344,country_gb,-0.6628358315594239,-0.17441105842590332
gcn,validation,2023-05,country_344,country_in,-0.8580407384551024,-0.1873733401298523
gcn,validation,2023-05,country_344,country_jp,-0.7190827304585267,-0.22155091166496277
gcn,validation,2023-05,country_344,country_kr,-0.28591791492431484,-0.20806342363357544
gcn,validation,2023-05,country_344,country_mx,-0.4649910190671807,-0.208511620759964
gcn,validation,2023-05,country_344,country_my,-0.2991761208523776,-0.19470971822738647
gcn,validation,2023-05,country_344,country_ph,-0.1894215213712094,-0.19109845161437988
gcn,validation,2023-05,country_344,country_sg,-0.595226216238227,-0.21137547492980957
gcn,validation,2023-05,country_344,country_th,-0.5286213374467347,-0.21632397174835205
gcn,validation,2023-05,country_344,country_us,-0.7651978073081741,-0.14208826422691345
gcn,validation,2023-05,country_344,country_vn,-0.607138577255971,-0.2380903661251068
gcn,validation,2023-05,country_372,country_203,0.011011930125919884,-0.17453306913375854
gcn,validation,2023-05,country_372,country_344,-0.5644431046192168,-0.19846788048744202
gcn,validation,2023-05,country_372,country_380,-0.10290450414373047,-0.18576163053512573
gcn,validation,2023-05,country_372,country_cn,-0.1646944658799612,-0.2059888243675232
gcn,validation,2023-05,country_372,country_de,0.05213563846336185,-0.21697035431861877
gcn,validation,2023-05,country_372,country_fr,-0.062426123982790946,-0.17665746808052063
gcn,validation,2023-05,country_372,country_gb,1.075084676777152,-0.17780232429504395
gcn,validation,2023-05,country_372,country_in,-0.9988322445980016,-0.19455257058143616
gcn,validation,2023-05,country_372,country_jp,-0.25209149156105515,-0.21823573112487793
gcn,validation,2023-05,country_372,country_kr,-0.2210448150957608,-0.21329247951507568
gcn,validation,2023-05,country_372,country_mx,1.8653890874639336,-0.2059946358203888
gcn,validation,2023-05,country_372,country_my,-0.07332648951804166,-0.1947052776813507
gcn,validation,2023-05,country_372,country_ph,0.3102410893814574,-0.18971940875053406
gcn,validation,2023-05,country_372,country_sg,0.4206519805538701,-0.21239781379699707
gcn,validation,2023-05,country_372,country_th,0.7115052026276539,-0.2210974097251892
gcn,validation,2023-05,country_372,country_us,-0.1727691570599134,-0.13042527437210083
gcn,validation,2023-05,country_372,country_vn,0.8800426443497442,-0.24893218278884888
gcn,validation,2023-05,country_380,country_203,0.23327588927579945,-0.16494587063789368
gcn,validation,2023-05,country_380,country_344,0.09591564834913319,-0.1928575038909912
gcn,validation,2023-05,country_380,country_372,-0.4783661265858011,-0.1987534463405609
gcn,validation,2023-05,country_380,country_cn,0.055181132060165776,-0.20197710394859314
gcn,validation,2023-05,country_380,country_de,-0.049100001300879666,-0.20902058482170105
gcn,validation,2023-05,country_380,country_fr,0.4752529925808239,-0.1717129945755005
gcn,validation,2023-05,country_380,country_gb,0.6936426198716207,-0.17524272203445435
gcn,validation,2023-05,country_380,country_in,-0.17284760704149518,-0.19114473462104797
gcn,validation,2023-05,country_380,country_jp,0.11025403887345468,-0.21581962704658508
gcn,validation,2023-05,country_380,country_kr,-0.23870735453525205,-0.20805490016937256
gcn,validation,2023-05,country_380,country_mx,-0.3630594472325042,-0.20539039373397827
gcn,validation,2023-05,country_380,country_my,-0.8060417581976272,-0.1941935122013092
gcn,validation,2023-05,country_380,country_ph,-0.5382912295607228,-0.19186240434646606
gcn,validation,2023-05,country_380,country_sg,0.006145196071064646,-0.20639801025390625
gcn,validation,2023-05,country_380,country_th,0.15131526101523868,-0.21556317806243896
gcn,validation,2023-05,country_380,country_us,-0.16108163726638516,-0.129452645778656
gcn,validation,2023-05,country_380,country_vn,-0.21764458265615622,-0.23726850748062134
gcn,validation,2023-05,country_cn,country_203,0.07781965391855752,-0.1785474419593811
gcn,validation,2023-05,country_cn,country_344,0.11986688361049015,-0.20260152220726013
gcn,validation,2023-05,country_cn,country_372,-0.20491778068396316,-0.20342004299163818
gcn,validation,2023-05,country_cn,country_380,0.18060605955509457,-0.1895427703857422
gcn,validation,2023-05,country_cn,country_de,-0.0726922559371593,-0.21367177367210388
gcn,validation,2023-05,country_cn,country_fr,0.07300813055833044,-0.1782834827899933
gcn,validation,2023-05,country_cn,country_gb,-0.023450952374387168,-0.1804829239845276
gcn,validation,2023-05,country_cn,country_in,0.8925720422668113,-0.19566434621810913
gcn,validation,2023-05,country_cn,country_jp,-0.2355771333569075,-0.21734660863876343
gcn,validation,2023-05,country_cn,country_kr,-0.12668829585399147,-0.21370536088943481
gcn,validation,2023-05,country_cn,country_mx,-0.15638265439988946,-0.2184583842754364
gcn,validation,2023-05,country_cn,country_my,-0.38824139294122234,-0.20202991366386414
gcn,validation,2023-05,country_cn,country_ph,-0.21903058398679087,-0.1996000111103058
gcn,validation,2023-05,country_cn,country_sg,-0.19078175629428185,-0.2172757089138031
gcn,validation,2023-05,country_cn,country_th,-0.13844585078338387,-0.21572479605674744
gcn,validation,2023-05,country_cn,country_us,-0.0786244500203617,-0.12174835801124573
gcn,validation,2023-05,country_cn,country_vn,-0.19582580856539605,-0.2455058991909027
gcn,validation,2023-05,country_de,country_203,0.1495613171227981,-0.17473596334457397
gcn,validation,2023-05,country_de,country_344,-0.13542829893655936,-0.19870930910110474
gcn,validation,2023-05,country_de,country_372,-0.4055257378659159,-0.19555073976516724
gcn,validation,2023-05,country_de,country_380,-0.08346105659560751,-0.18244698643684387
gcn,validation,2023-05,country_de,country_cn,0.41797636979332153,-0.20230698585510254
gcn,validation,2023-05,country_de,country_fr,0.09154005595499135,-0.1714186668395996
gcn,validation,2023-05,country_de,country_gb,-0.19272410699353607,-0.17651915550231934
gcn,validation,2023-05,country_de,country_in,-0.2713351908139221,-0.19059783220291138
gcn,validation,2023-05,country_de,country_jp,-0.043309805148118365,-0.21724539995193481
gcn,validation,2023-05,country_de,country_kr,0.004900768262515718,-0.20714956521987915
gcn,validation,2023-05,country_de,country_mx,0.03622982122600118,-0.20963287353515625
gcn,validation,2023-05,country_de,country_my,0.29253324868943614,-0.19448938965797424
gcn,validation,2023-05,country_de,country_ph,-0.06848165203188118,-0.1928630769252777
gcn,validation,2023-05,country_de,country_sg,0.024706182785058848,-0.20886147022247314
gcn,validation,2023-05,country_de,country_th,0.7991466908702844,-0.2182043194770813
gcn,validation,2023-05,country_de,country_us,0.25289620213565295,-0.11117139458656311
gcn,validation,2023-05,country_de,country_vn,0.290190475706186,-0.23885327577590942
gcn,validation,2023-05,country_fr,country_203,-0.20707299502675902,-0.17657318711280823
gcn,validation,2023-05,country_fr,country_344,0.04928324116578889,-0.19854006171226501
gcn,validation,2023-05,country_fr,country_372,0.44097919989669515,-0.19633737206459045
gcn,validation,2023-05,country_fr,country_380,0.0030794047217631505,-0.18254679441452026
gcn,validation,2023-05,country_fr,country_cn,-0.024198129961991534,-0.20434516668319702
gcn,validation,2023-05,country_fr,country_de,-0.6325635973124754,-0.212413489818573
gcn,validation,2023-05,country_fr,country_gb,0.048886334225338404,-0.17940905690193176
gcn,validation,2023-05,country_fr,country_in,0.01616312237048521,-0.18771710991859436
gcn,validation,2023-05,country_fr,country_jp,0.20592488821368926,-0.217543363571167
gcn,validation,2023-05,country_fr,country_kr,0.10176322096963326,-0.21118664741516113
gcn,validation,2023-05,country_fr,country_mx,0.4966347332835003,-0.20638805627822876
gcn,validation,2023-05,country_fr,country_my,-0.6125593232909686,-0.19771647453308105
gcn,validation,2023-05,country_fr,country_ph,0.14311169755452535,-0.19307023286819458
gcn,validation,2023-05,country_fr,country_sg,0.09654399339231173,-0.20972338318824768
gcn,validation,2023-05,country_fr,country_th,-0.2704721575391875,-0.21878111362457275
gcn,validation,2023-05,country_fr,country_us,-0.0553698863043747,-0.11581778526306152
gcn,validation,2023-05,country_fr,country_vn,-0.10965203595519814,-0.2401370406150818
gcn,validation,2023-05,country_gb,country_203,-0.4602760510665942,-0.18114686012268066
gcn,validation,2023-05,country_gb,country_344,-0.15385412228806938,-0.20372435450553894
gcn,validation,2023-05,country_gb,country_372,0.36156959729382043,-0.20325663685798645
gcn,validation,2023-05,country_gb,country_380,-0.10428558530952252,-0.1940629482269287
gcn,validation,2023-05,country_gb,country_cn,-0.12704152234790217,-0.20954269170761108
gcn,validation,2023-05,country_gb,country_de,-0.03808975851676604,-0.22100156545639038
gcn,validation,2023-05,country_gb,country_fr,0.38952891309482607,-0.1811283826828003
gcn,validation,2023-05,country_gb,country_in,-0.7268747724890348,-0.1950778365135193
gcn,validation,2023-05,country_gb,country_jp,0.25074241908505013,-0.22316831350326538
gcn,validation,2023-05,country_gb,country_kr,-0.4478918412549717,-0.21415889263153076
gcn,validation,2023-05,country_gb,country_mx,0.04653840767499371,-0.21067190170288086
gcn,validation,2023-05,country_gb,country_my,-0.18833147980045764,-0.1992729902267456
gcn,validation,2023-05,country_gb,country_ph,-0.20095518307621232,-0.19850364327430725
gcn,validation,2023-05,country_gb,country_sg,0.12790206059967615,-0.21441078186035156
gcn,validation,2023-05,country_gb,country_th,0.14706006774650984,-0.22361674904823303
gcn,validation,2023-05,country_gb,country_us,0.08723359751608256,-0.11797797679901123
gcn,validation,2023-05,country_gb,country_vn,0.09303831084686612,-0.24507617950439453
gcn,validation,2023-05,country_in,country_203,0.4669143787701553,-0.1821180284023285
gcn,validation,2023-05,country_in,country_344,-0.30906060689032455,-0.20128613710403442
gcn,validation,2023-05,country_in,country_372,0.21745469014647756,-0.2054736614227295
gcn,validation,2023-05,country_in,country_380,0.2895265061092009,-0.1902381181716919
gcn,validation,2023-05,country_in,country_cn,-0.15821683027247754,-0.20552614331245422
gcn,validation,2023-05,country_in,country_de,-0.14500005988606418,-0.2173248827457428
gcn,validation,2023-05,country_in,country_fr,-0.42355308244252926,-0.1771600842475891
gcn,validation,2023-05,country_in,country_gb,0.04221113691873403,-0.18064019083976746
gcn,validation,2023-05,country_in,country_jp,-0.811324428047704,-0.21671801805496216
gcn,validation,2023-05,country_in,country_kr,-0.7587528335877539,-0.21309664845466614
gcn,validation,2023-05,country_in,country_mx,-0.24520029785375907,-0.20797881484031677
gcn,validation,2023-05,country_in,country_my,0.716377466636929,-0.2012629508972168
gcn,validation,2023-05,country_in,country_ph,2.8366079304789054,-0.19552764296531677
gcn,validation,2023-05,country_in,country_sg,-0.08217724632234748,-0.21455436944961548
gcn,validation,2023-05,country_in,country_th,5.673125950838056,-0.2189617156982422
gcn,validation,2023-05,country_in,country_us,1.6662810645671091,-0.10782545804977417
gcn,validation,2023-05,country_in,country_vn,0.8398940118326115,-0.24215388298034668
gcn,validation,2023-05,country_jp,country_203,0.042338473842680066,-0.179743230342865
gcn,validation,2023-05,country_jp,country_344,0.10781890582504823,-0.2000274956226349
gcn,validation,2023-05,country_jp,country_372,-0.5097632697706609,-0.20211580395698547
gcn,validation,2023-05,country_jp,country_380,0.050610865462181895,-0.19274687767028809
gcn,validation,2023-05,country_jp,country_cn,-0.002811463310409348,-0.20215049386024475
gcn,validation,2023-05,country_jp,country_de,0.10529730244915701,-0.21676522493362427
gcn,validation,2023-05,country_jp,country_fr,-0.04065518407050737,-0.17957699298858643
gcn,validation,2023-05,country_jp,country_gb,0.19663472365377177,-0.18172922730445862
gcn,validation,2023-05,country_jp,country_in,0.11904272048010099,-0.19002872705459595
gcn,validation,2023-05,country_jp,country_kr,0.1586579878404017,-0.20836317539215088
gcn,validation,2023-05,country_jp,country_mx,0.12093773560272561,-0.21164539456367493
gcn,validation,2023-05,country_jp,country_my,-0.13983605075233566,-0.1941545009613037
gcn,validation,2023-05,country_jp,country_ph,-0.011551282096243565,-0.19277328252792358
gcn,validation,2023-05,country_jp,country_sg,0.10210710280279797,-0.20964598655700684
gcn,validation,2023-05,country_jp,country_th,0.047437584788677475,-0.21620559692382812
gcn,validation,2023-05,country_jp,country_us,-0.03443863267728163,-0.11542725563049316
gcn,validation,2023-05,country_jp,country_vn,0.21437399974010923,-0.2373688817024231
gcn,validation,2023-05,country_kr,country_203,0.26713832230444484,-0.1820308268070221
gcn,validation,2023-05,country_kr,country_344,0.32582283857718736,-0.2015112042427063
gcn,validation,2023-05,country_kr,country_372,-0.38826013282699506,-0.20989888906478882
gcn,validation,2023-05,country_kr,country_380,-0.5690039773504655,-0.19523584842681885
gcn,validation,2023-05,country_kr,country_cn,-0.004077899533551337,-0.2083233892917633
gcn,validation,2023-05,country_kr,country_de,0.26153975796290707,-0.22072088718414307
gcn,validation,2023-05,country_kr,country_fr,0.3352153071284481,-0.1818016767501831
gcn,validation,2023-05,country_kr,country_gb,0.061687830201067224,-0.18532750010490417
gcn,validation,2023-05,country_kr,country_in,-0.2748711348126951,-0.19326218962669373
gcn,validation,2023-05,country_kr,country_jp,0.20622893122012378,-0.22193390130996704
gcn,validation,2023-05,country_kr,country_mx,0.05198198194614771,-0.21469807624816895
gcn,validation,2023-05,country_kr,country_my,-0.1867078604971395,-0.20090657472610474
gcn,validation,2023-05,country_kr,country_ph,-0.34735295756665074,-0.19924819469451904
gcn,validation,2023-05,country_kr,country_th,0.21383966786477723,-0.21955227851867676
gcn,validation,2023-05,country_kr,country_us,-0.12258990753444003,-0.1140802800655365
gcn,validation,2023-05,country_kr,country_vn,-0.20974520249363815,-0.24542707204818726
gcn,validation,2023-05,country_mx,country_203,-0.41093465830980735,-0.18485668301582336
gcn,validation,2023-05,country_mx,country_344,-0.4031998145319937,-0.20569077134132385
gcn,validation,2023-05,country_mx,country_372,-0.5346249585100004,-0.20978891849517822
gcn,validation,2023-05,country_mx,country_380,-0.08260321128270881,-0.1954389214515686
gcn,validation,2023-05,country_mx,country_cn,-0.019317613263357295,-0.21021926403045654
gcn,validation,2023-05,country_mx,country_de,-0.2219835171628366,-0.221737802028656
gcn,validation,2023-05,country_mx,country_fr,0.09032159793155137,-0.18384715914726257
gcn,validation,2023-05,country_mx,country_gb,-0.38012535717005275,-0.18457868695259094
gcn,validation,2023-05,country_mx,country_in,31.90852331522111,-0.19508790969848633
gcn,validation,2023-05,country_mx,country_jp,-0.2624548990523825,-0.22439539432525635
gcn,validation,2023-05,country_mx,country_kr,0.026204998239035715,-0.21663498878479004
gcn,validation,2023-05,country_mx,country_my,-0.3965455377070686,-0.20569604635238647
gcn,validation,2023-05,country_mx,country_ph,0.290082121425578,-0.2003498077392578
gcn,validation,2023-05,country_mx,country_sg,0.46179891468967543,-0.21793943643569946
gcn,validation,2023-05,country_mx,country_th,0.0023524235901854224,-0.22378429770469666
gcn,validation,2023-05,country_mx,country_us,0.36348644080063913,-0.11529728770256042
gcn,validation,2023-05,country_mx,country_vn,-0.09443996347274836,-0.2466939091682434
gcn,validation,2023-05,country_my,country_203,-0.3358089523471901,-0.1782037615776062
gcn,validation,2023-05,country_my,country_344,0.09949554712274186,-0.19958817958831787
gcn,validation,2023-05,country_my,country_372,0.45194119793639065,-0.2066449224948883
gcn,validation,2023-05,country_my,country_380,-0.040950141735944884,-0.1940423548221588
gcn,validation,2023-05,country_my,country_cn,-0.021965785338443223,-0.20620638132095337
gcn,validation,2023-05,country_my,country_de,0.003156987671139366,-0.21872925758361816
gcn,validation,2023-05,country_my,country_fr,0.15325867077441716,-0.17638960480690002
gcn,validation,2023-05,country_my,country_gb,-0.19587841131562503,-0.1811743974685669
gcn,validation,2023-05,country_my,country_in,1.6950399381209376,-0.19302994012832642
gcn,validation,2023-05,country_my,country_jp,-0.03248275817794139,-0.22078275680541992
gcn,validation,2023-05,country_my,country_kr,-0.07064045439421471,-0.21309423446655273
gcn,validation,2023-05,country_my,country_mx,-0.03013520680859174,-0.21382638812065125
gcn,validation,2023-05,country_my,country_ph,0.0659642494411931,-0.19770729541778564
gcn,validation,2023-05,country_my,country_sg,0.07557823358792642,-0.21397432684898376
gcn,validation,2023-05,country_my,country_th,-0.04710019194240548,-0.22006171941757202
gcn,validation,2023-05,country_my,country_us,-0.12079022871516283,-0.11118617653846741
gcn,validation,2023-05,country_my,country_vn,-0.26478915671342934,-0.2549283802509308
gcn,validation,2023-05,country_ph,country_203,0.20818639431242858,-0.17930251359939575
gcn,validation,2023-05,country_ph,country_344,-0.05758012913025189,-0.19851985573768616
gcn,validation,2023-05,country_ph,country_372,-0.4382790559260809,-0.20518526434898376
gcn,validation,2023-05,country_ph,country_380,-0.20786046485005455,-0.1927228569984436
gcn,validation,2023-05,country_ph,country_cn,-0.09002450616372515,-0.20530450344085693
gcn,validation,2023-05,country_ph,country_de,0.0395849309866875,-0.21718204021453857
gcn,validation,2023-05,country_ph,country_fr,-0.11962898356623602,-0.17604508996009827
gcn,validation,2023-05,country_ph,country_gb,0.03308756641834839,-0.17987701296806335
gcn,validation,2023-05,country_ph,country_in,0.2303841116533139,-0.19070160388946533
gcn,validation,2023-05,country_ph,country_jp,-0.024845250638893843,-0.215602308511734
gcn,validation,2023-05,country_ph,country_kr,-0.04201961078238437,-0.21172034740447998
gcn,validation,2023-05,country_ph,country_mx,-0.03877199444144287,-0.2110324203968048
gcn,validation,2023-05,country_ph,country_my,-0.3859695257641,-0.1981237530708313
gcn,validation,2023-05,country_ph,country_sg,0.0009317652611690779,-0.21284544467926025
gcn,validation,2023-05,country_ph,country_th,-0.12117067661332717,-0.21818506717681885
gcn,validation,2023-05,country_ph,country_us,-0.1294328409594065,-0.1165199875831604
gcn,validation,2023-05,country_ph,country_vn,-0.3211749850466204,-0.24264639616012573
gcn,validation,2023-05,country_sg,country_203,-0.5846755393353658,-0.18438246846199036
gcn,validation,2023-05,country_sg,country_344,-0.028003511166737525,-0.2004307210445404
gcn,validation,2023-05,country_sg,country_372,0.27254857863406057,-0.2080337405204773
gcn,validation,2023-05,country_sg,country_380,-0.26677706590516465,-0.19639438390731812
gcn,validation,2023-05,country_sg,country_cn,-0.06000032833791491,-0.20934650301933289
gcn,validation,2023-05,country_sg,country_de,-0.029322730606776322,-0.2182428240776062
gcn,validation,2023-05,country_sg,country_fr,-0.23539057805962638,-0.1787751317024231
gcn,validation,2023-05,country_sg,country_gb,-0.15749581842425486,-0.18588560819625854
gcn,validation,2023-05,country_sg,country_in,-0.6423232463167013,-0.1938006579875946
gcn,validation,2023-05,country_sg,country_jp,-0.08968472431463365,-0.22182169556617737
gcn,validation,2023-05,country_sg,country_kr,0.19252954442154535,-0.21566838026046753
gcn,validation,2023-05,country_sg,country_mx,0.2296424932309259,-0.2144641876220703
gcn,validation,2023-05,country_sg,country_my,0.10892062840527061,-0.20083504915237427
gcn,validation,2023-05,country_sg,country_ph,-0.22698878107063347,-0.19908377528190613
gcn,validation,2023-05,country_sg,country_th,-0.0159352797162061,-0.22080367803573608
gcn,validation,2023-05,country_sg,country_us,0.08825093312626425,-0.11434546113014221
gcn,validation,2023-05,country_sg,country_vn,-0.09093284398705725,-0.25593703985214233
gcn,validation,2023-05,country_th,country_203,-0.023384991232380928,-0.1759604811668396
gcn,validation,2023-05,country_th,country_344,-0.06842518413026187,-0.1967461109161377
gcn,validation,2023-05,country_th,country_372,0.0223286930481024,-0.20047825574874878
gcn,validation,2023-05,country_th,country_380,-0.18571779980287573,-0.18913912773132324
gcn,validation,2023-05,country_th,country_cn,-0.15780763255364547,-0.197514146566391
gcn,validation,2023-05,country_th,country_de,0.1357331174005485,-0.21301457285881042
gcn,validation,2023-05,country_th,country_fr,0.0048908267550173004,-0.17431828379631042
gcn,validation,2023-05,country_th,country_gb,-0.011612662458656694,-0.17543548345565796
gcn,validation,2023-05,country_th,country_in,0.29397071914080003,-0.18705332279205322
gcn,validation,2023-05,country_th,country_jp,0.0931834158820816,-0.2158544659614563
gcn,validation,2023-05,country_th,country_kr,0.10053818669799541,-0.2044295072555542
gcn,validation,2023-05,country_th,country_mx,0.05188817136916798,-0.20736929774284363
gcn,validation,2023-05,country_th,country_my,-0.3627724405380174,-0.19063806533813477
gcn,validation,2023-05,country_th,country_ph,0.16689159674507834,-0.1908704936504364
gcn,validation,2023-05,country_th,country_sg,-0.017474507465431742,-0.20599675178527832
gcn,validation,2023-05,country_th,country_us,0.49479527917888244,-0.10369229316711426
gcn,validation,2023-05,country_th,country_vn,-0.08060316206262452,-0.23076680302619934
gcn,validation,2023-05,country_us,country_203,-0.04449131460564547,-0.229574054479599
gcn,validation,2023-05,country_us,country_344,0.17881097206856406,-0.24961844086647034
gcn,validation,2023-05,country_us,country_372,0.3776072322491383,-0.2544589340686798
gcn,validation,2023-05,country_us,country_380,0.06928462315723241,-0.24236255884170532
gcn,validation,2023-05,country_us,country_cn,-0.21412920989746448,-0.25448423624038696
gcn,validation,2023-05,country_us,country_de,0.13798223425958578,-0.2583867907524109
gcn,validation,2023-05,country_us,country_fr,-0.40726365812969034,-0.22407430410385132
gcn,validation,2023-05,country_us,country_gb,-0.1917363000238866,-0.22747522592544556
gcn,validation,2023-05,country_us,country_in,-0.46543771851304194,-0.2396431863307953
gcn,validation,2023-05,country_us,country_jp,-0.002319276720732565,-0.2613956332206726
gcn,validation,2023-05,country_us,country_kr,0.0038974675394522216,-0.2601511478424072
gcn,validation,2023-05,country_us,country_mx,0.19461227224418065,-0.2590193748474121
gcn,validation,2023-05,country_us,country_my,-0.35265555775632,-0.2425002157688141
gcn,validation,2023-05,country_us,country_ph,-0.0526775881027685,-0.24133449792861938
gcn,validation,2023-05,country_us,country_sg,-0.07337636848845536,-0.25908154249191284
gcn,validation,2023-05,country_us,country_th,-0.040720953111744305,-0.26080766320228577
gcn,validation,2023-05,country_us,country_vn,0.693057142548126,-0.28994303941726685
gcn,validation,2023-05,country_vn,country_203,0.010430711329526436,-0.18234586715698242
gcn,validation,2023-05,country_vn,country_344,0.42865338851707185,-0.20307916402816772
gcn,validation,2023-05,country_vn,country_372,0.9287149137781578,-0.2079949975013733
gcn,validation,2023-05,country_vn,country_380,-0.6231212442705758,-0.19765126705169678
gcn,validation,2023-05,country_vn,country_cn,0.40247839060220797,-0.20800495147705078
gcn,validation,2023-05,country_vn,country_de,0.060382008853003016,-0.21417492628097534
gcn,validation,2023-05,country_vn,country_fr,0.3607296403867104,-0.17811855673789978
gcn,validation,2023-05,country_vn,country_gb,0.33647400337429884,-0.18606531620025635
gcn,validation,2023-05,country_vn,country_in,1.3364542023056296,-0.18377608060836792
gcn,validation,2023-05,country_vn,country_jp,-0.3298727406916177,-0.223635733127594
gcn,validation,2023-05,country_vn,country_kr,-0.1725246649543527,-0.21541106700897217
gcn,validation,2023-05,country_vn,country_mx,0.192824595417545,-0.21733152866363525
gcn,validation,2023-05,country_vn,country_my,-0.21273200162056777,-0.19967883825302124
gcn,validation,2023-05,country_vn,country_ph,-0.12681749443726278,-0.20518064498901367
gcn,validation,2023-05,country_vn,country_sg,0.19848784865571306,-0.2183550000190735
gcn,validation,2023-05,country_vn,country_th,4.80763884076149,-0.2201579511165619
gcn,validation,2023-05,country_vn,country_us,0.011245089208743652,-0.11717349290847778
gcn,validation,2023-06,country_203,country_344,-0.07901726032169476,-0.17145314812660217
gcn,validation,2023-06,country_203,country_372,0.8329018582943364,-0.16536873579025269
gcn,validation,2023-06,country_203,country_380,-0.4324412533055748,-0.23270612955093384
gcn,validation,2023-06,country_203,country_cn,-0.02112957250809709,-0.17986276745796204
gcn,validation,2023-06,country_203,country_de,-0.21848390663909617,-0.23288506269454956
gcn,validation,2023-06,country_203,country_fr,-0.1235887904890862,-0.19578316807746887
gcn,validation,2023-06,country_203,country_gb,1.3570744673061426,-0.23225313425064087
gcn,validation,2023-06,country_203,country_in,-0.1799309966391708,-0.2357797920703888
gcn,validation,2023-06,country_203,country_jp,1.1129735334449318,-0.20223766565322876
gcn,validation,2023-06,country_203,country_kr,-0.861111291865406,-0.1869204342365265
gcn,validation,2023-06,country_203,country_mx,0.6479306398804794,-0.23186522722244263
gcn,validation,2023-06,country_203,country_my,0.4135327366412592,-0.247430682182312
gcn,validation,2023-06,country_203,country_ph,0.18499029209125686,-0.22930192947387695
gcn,validation,2023-06,country_203,country_sg,-0.1710555647847292,-0.2148655652999878
gcn,validation,2023-06,country_203,country_th,0.21554310686445974,-0.2084214687347412
gcn,validation,2023-06,country_203,country_us,-0.10000755302314357,-0.1574280560016632
gcn,validation,2023-06,country_203,country_vn,-0.27898615476115307,-0.18092691898345947
gcn,validation,2023-06,country_344,country_203,-0.7569455302550261,-0.17882564663887024
gcn,validation,2023-06,country_344,country_372,10.724904186324874,-0.15538093447685242
gcn,validation,2023-06,country_344,country_380,0.04493840428194427,-0.2265666127204895
gcn,validation,2023-06,country_344,country_cn,-0.22301569835909413,-0.16502165794372559
gcn,validation,2023-06,country_344,country_de,-0.5208456496706169,-0.22233110666275024
gcn,validation,2023-06,country_344,country_fr,-0.47116090430065755,-0.18281015753746033
gcn,validation,2023-06,country_344,country_gb,-0.5627181794537058,-0.21576464176177979
gcn,validation,2023-06,country_344,country_in,-0.951768108090477,-0.21166950464248657
gcn,validation,2023-06,country_344,country_jp,-0.6517261147636619,-0.1903364360332489
gcn,validation,2023-06,country_344,country_kr,-0.11025722001793443,-0.16956979036331177
gcn,validation,2023-06,country_344,country_mx,-0.6447669355460964,-0.21714332699775696
gcn,validation,2023-06,country_344,country_my,-0.0749207719082032,-0.22355908155441284
gcn,validation,2023-06,country_344,country_ph,-0.3740542797681919,-0.209809809923172
gcn,validation,2023-06,country_344,country_sg,-0.15167352672191703,-0.19924771785736084
gcn,validation,2023-06,country_344,country_th,-0.5307573062310124,-0.1886269748210907
gcn,validation,2023-06,country_344,country_us,-0.7264903263587359,-0.13816124200820923
gcn,validation,2023-06,country_344,country_vn,-0.23913384246007924,-0.16733121871948242
gcn,validation,2023-06,country_372,country_203,-0.06855313810959442,-0.17492881417274475
gcn,validation,2023-06,country_372,country_344,-0.5703760104420958,-0.15574491024017334
gcn,validation,2023-06,country_372,country_380,-0.570214984437208,-0.21910890936851501
gcn,validation,2023-06,country_372,country_cn,-0.00198081203177374,-0.1601848006248474
gcn,validation,2023-06,country_372,country_de,-0.4645028532919071,-0.2147800326347351
gcn,validation,2023-06,country_372,country_fr,-0.28540598627596686,-0.17450007796287537
gcn,validation,2023-06,country_372,country_gb,2.4839087741341737,-0.20766830444335938
gcn,validation,2023-06,country_372,country_in,-0.9992711851427661,-0.21126648783683777
gcn,validation,2023-06,country_372,country_jp,-0.08819943907666977,-0.1786004602909088
gcn,validation,2023-06,country_372,country_kr,0.07301634727374837,-0.16942724585533142
gcn,validation,2023-06,country_372,country_mx,-0.1301666594892554,-0.20985910296440125
gcn,validation,2023-06,country_372,country_my,-0.03056683706568305,-0.2218223512172699
gcn,validation,2023-06,country_372,country_ph,0.5636260856112197,-0.2005942463874817
gcn,validation,2023-06,country_372,country_sg,-0.20578149625850475,-0.1953558623790741
gcn,validation,2023-06,country_372,country_th,1.5020377683760602,-0.1871669590473175
gcn,validation,2023-06,country_372,country_us,-0.28772486487545773,-0.11854967474937439
gcn,validation,2023-06,country_372,country_vn,0.40553802849563575,-0.17174190282821655
gcn,validation,2023-06,country_380,country_203,-0.1068565501506581,-0.20063433051109314
gcn,validation,2023-06,country_380,country_344,0.08874655711673826,-0.18245762586593628
gcn,validation,2023-06,country_380,country_372,-0.6118509123207208,-0.18226149678230286
gcn,validation,2023-06,country_380,country_cn,-0.01837479061249869,-0.18972399830818176
gcn,validation,2023-06,country_380,country_de,-0.016784914114536458,-0.24007925391197205
gcn,validation,2023-06,country_380,country_fr,0.24608337588755727,-0.20329028367996216
gcn,validation,2023-06,country_380,country_gb,-0.0492371616113196,-0.24037528038024902
gcn,validation,2023-06,country_380,country_in,-0.48785129247060494,-0.24067407846450806
gcn,validation,2023-06,country_380,country_jp,-0.1640836020968076,-0.20874154567718506
gcn,validation,2023-06,country_380,country_kr,0.014031437906386677,-0.19687840342521667
gcn,validation,2023-06,country_380,country_mx,0.06178580442102116,-0.24092671275138855
gcn,validation,2023-06,country_380,country_my,-0.8944437702198036,-0.25671687722206116
gcn,validation,2023-06,country_380,country_ph,0.03156943060299243,-0.23746049404144287
gcn,validation,2023-06,country_380,country_sg,0.14468679560676323,-0.22151175141334534
gcn,validation,2023-06,country_380,country_th,0.17377572642667244,-0.2162383794784546
gcn,validation,2023-06,country_380,country_us,-0.10583411431246686,-0.15822291374206543
gcn,validation,2023-06,country_380,country_vn,-0.11163588203444148,-0.1948457658290863
gcn,validation,2023-06,country_cn,country_203,-0.2178238972936946,-0.1872536838054657
gcn,validation,2023-06,country_cn,country_344,0.012430568857067628,-0.1681288480758667
gcn,validation,2023-06,country_cn,country_372,0.09809872901467444,-0.16589775681495667
gcn,validation,2023-06,country_cn,country_380,-0.0917522342332492,-0.2341930866241455
gcn,validation,2023-06,country_cn,country_de,-0.12398315439309347,-0.2253153920173645
gcn,validation,2023-06,country_cn,country_fr,-0.02606925433366867,-0.19131001830101013
gcn,validation,2023-06,country_cn,country_gb,0.011559326601742238,-0.22715887427330017
gcn,validation,2023-06,country_cn,country_in,0.8938624829182849,-0.2261328101158142
gcn,validation,2023-06,country_cn,country_jp,-0.21550892582373696,-0.1960974931716919
gcn,validation,2023-06,country_cn,country_kr,-0.09337965439467918,-0.1813587248325348
gcn,validation,2023-06,country_cn,country_mx,-0.21282582012906504,-0.2337990701198578
gcn,validation,2023-06,country_cn,country_my,-0.26891504192799814,-0.23962724208831787
gcn,validation,2023-06,country_cn,country_ph,0.11475372990356525,-0.22645479440689087
gcn,validation,2023-06,country_cn,country_sg,-0.17168741014418448,-0.21052342653274536
gcn,validation,2023-06,country_cn,country_th,-0.15413080372357305,-0.19903475046157837
gcn,validation,2023-06,country_cn,country_us,-0.168566138602542,-0.13068315386772156
gcn,validation,2023-06,country_cn,country_vn,0.020790936821820535,-0.17686709761619568
gcn,validation,2023-06,country_de,country_203,-0.024910363658914143,-0.20047014951705933
gcn,validation,2023-06,country_de,country_344,-0.11155075269348447,-0.18322551250457764
gcn,validation,2023-06,country_de,country_372,-0.15268049109906495,-0.1828681230545044
gcn,validation,2023-06,country_de,country_380,-0.13952921089795892,-0.24585559964179993
gcn,validation,2023-06,country_de,country_cn,-0.08227710461019434,-0.189576655626297
gcn,validation,2023-06,country_de,country_fr,-0.03792859147246786,-0.20164349675178528
gcn,validation,2023-06,country_de,country_gb,-0.1224487494780614,-0.23921021819114685
gcn,validation,2023-06,country_de,country_in,-0.1698347896127644,-0.2405773401260376
gcn,validation,2023-06,country_de,country_jp,-0.0543687725700692,-0.21074843406677246
gcn,validation,2023-06,country_de,country_kr,0.09683290699397214,-0.19719892740249634
gcn,validation,2023-06,country_de,country_mx,0.08640117373418395,-0.24447929859161377
gcn,validation,2023-06,country_de,country_my,0.3248653570600044,-0.24954313039779663
gcn,validation,2023-06,country_de,country_ph,-0.02049904502213952,-0.23650485277175903
gcn,validation,2023-06,country_de,country_sg,0.23629406530358144,-0.22329336404800415
gcn,validation,2023-06,country_de,country_th,1.1683483383856355,-0.21431434154510498
gcn,validation,2023-06,country_de,country_us,-0.027520661182373465,-0.13862547278404236
gcn,validation,2023-06,country_de,country_vn,0.324720877835898,-0.20399904251098633
gcn,validation,2023-06,country_fr,country_203,-0.3102234864441211,-0.2026989758014679
gcn,validation,2023-06,country_fr,country_344,-0.11270546850601361,-0.1845288872718811
gcn,validation,2023-06,country_fr,country_372,0.768170414894999,-0.1739988625049591
gcn,validation,2023-06,country_fr,country_380,-0.3531448185892759,-0.24256575107574463
gcn,validation,2023-06,country_fr,country_cn,0.01456882213513508,-0.1868765652179718
gcn,validation,2023-06,country_fr,country_de,-0.5408950662755663,-0.2367148995399475
gcn,validation,2023-06,country_fr,country_gb,0.11891846424597818,-0.24016502499580383
gcn,validation,2023-06,country_fr,country_in,0.7797574775009742,-0.23461204767227173
gcn,validation,2023-06,country_fr,country_jp,0.06798335286834743,-0.20788073539733887
gcn,validation,2023-06,country_fr,country_kr,0.20105509451212328,-0.19491291046142578
gcn,validation,2023-06,country_fr,country_mx,0.7874310569656569,-0.23731884360313416
gcn,validation,2023-06,country_fr,country_my,-0.5034792010199151,-0.2526157796382904
gcn,validation,2023-06,country_fr,country_ph,0.3627835132218917,-0.2366163432598114
gcn,validation,2023-06,country_fr,country_sg,0.009488298748939663,-0.21854832768440247
gcn,validation,2023-06,country_fr,country_th,-0.28367259708409476,-0.21428197622299194
gcn,validation,2023-06,country_fr,country_us,-0.2952714903733622,-0.13842618465423584
gcn,validation,2023-06,country_fr,country_vn,0.42984480974152856,-0.18921607732772827
gcn,validation,2023-06,country_gb,country_203,0.2133111740971994,-0.2080451250076294
gcn,validation,2023-06,country_gb,country_344,0.088851168760463,-0.1907843053340912
gcn,validation,2023-06,country_gb,country_372,0.19238858795005767,-0.17513614892959595
gcn,validation,2023-06,country_gb,country_380,-0.05409729069162671,-0.2541539669036865
gcn,validation,2023-06,country_gb,country_cn,-0.051669865794385574,-0.1930803656578064
gcn,validation,2023-06,country_gb,country_de,-0.1340609730959828,-0.24289166927337646
gcn,validation,2023-06,country_gb,country_fr,0.03157389503235978,-0.2094613015651703
gcn,validation,2023-06,country_gb,country_in,-0.574477735138881,-0.23569655418395996
gcn,validation,2023-06,country_gb,country_jp,0.19241665710501762,-0.21371978521347046
gcn,validation,2023-06,country_gb,country_kr,0.13664647555234474,-0.19891560077667236
gcn,validation,2023-06,country_gb,country_mx,-0.09839646857916161,-0.2429998815059662
gcn,validation,2023-06,country_gb,country_my,-0.1883672797336841,-0.255680650472641
gcn,validation,2023-06,country_gb,country_ph,-0.44557609889973004,-0.2392708659172058
gcn,validation,2023-06,country_gb,country_sg,0.013414960463874718,-0.22105902433395386
gcn,validation,2023-06,country_gb,country_th,-0.444670114625095,-0.22012734413146973
gcn,validation,2023-06,country_gb,country_us,-0.1816905854433605,-0.14561012387275696
gcn,validation,2023-06,country_gb,country_vn,0.023447743218460562,-0.19557923078536987
gcn,validation,2023-06,country_in,country_203,-0.48191472281474346,-0.2076624035835266
gcn,validation,2023-06,country_in,country_344,0.10905085183028729,-0.18800175189971924
gcn,validation,2023-06,country_in,country_372,23.363717719614094,-0.18583038449287415
gcn,validation,2023-06,country_in,country_380,0.11470570482214752,-0.25164639949798584
gcn,validation,2023-06,country_in,country_cn,-0.1524020354537196,-0.1896061897277832
gcn,validation,2023-06,country_in,country_de,0.006155324513599848,-0.2450529932975769
gcn,validation,2023-06,country_in,country_fr,-0.6256212807577263,-0.2066631019115448
gcn,validation,2023-06,country_in,country_gb,0.12024265581225947,-0.2397729456424713
gcn,validation,2023-06,country_in,country_jp,-0.2992844739711858,-0.21456938982009888
gcn,validation,2023-06,country_in,country_kr,-0.15056477549805125,-0.1979910433292389
gcn,validation,2023-06,country_in,country_mx,-0.17083364955547417,-0.24059635400772095
gcn,validation,2023-06,country_in,country_my,0.06292765239845106,-0.25794968008995056
gcn,validation,2023-06,country_in,country_ph,2.66604212383445,-0.23860198259353638
gcn,validation,2023-06,country_in,country_sg,0.566678354736234,-0.22391948103904724
gcn,validation,2023-06,country_in,country_th,-0.09643704188230351,-0.21474239230155945
gcn,validation,2023-06,country_in,country_us,0.3628680310153166,-0.133443683385849
gcn,validation,2023-06,country_in,country_vn,1.786279579901803,-0.19167867302894592
gcn,validation,2023-06,country_jp,country_203,-0.12018393024798829,-0.20705407857894897
gcn,validation,2023-06,country_jp,country_344,-0.03447539343749716,-0.1849551796913147
gcn,validation,2023-06,country_jp,country_372,-0.6216089227558543,-0.18554621934890747
gcn,validation,2023-06,country_jp,country_380,-0.32000161578862574,-0.25419771671295166
gcn,validation,2023-06,country_jp,country_cn,0.07620235983927712,-0.18949967622756958
gcn,validation,2023-06,country_jp,country_de,-0.05796835466354492,-0.24306493997573853
gcn,validation,2023-06,country_jp,country_fr,-0.28587717569527427,-0.20663371682167053
gcn,validation,2023-06,country_jp,country_gb,0.0076534446029350835,-0.24401086568832397
gcn,validation,2023-06,country_jp,country_in,1.1579542641628202,-0.23765918612480164
gcn,validation,2023-06,country_jp,country_kr,-0.3242781765098819,-0.1975347399711609
gcn,validation,2023-06,country_jp,country_mx,0.09694109212252706,-0.24406930804252625
gcn,validation,2023-06,country_jp,country_my,-0.24886624748221822,-0.25302574038505554
gcn,validation,2023-06,country_jp,country_ph,0.0029810382916580303,-0.23911312222480774
gcn,validation,2023-06,country_jp,country_sg,-0.13082143035238328,-0.22260558605194092
gcn,validation,2023-06,country_jp,country_th,-0.06480318884613903,-0.21472176909446716
gcn,validation,2023-06,country_jp,country_us,-0.049072227523119384,-0.14188247919082642
gcn,validation,2023-06,country_jp,country_vn,-0.06726379252393737,-0.19112005829811096
gcn,validation,2023-06,country_kr,country_203,-0.15035671103559417,-0.20143932104110718
gcn,validation,2023-06,country_kr,country_344,-0.055993169393220805,-0.17589259147644043
gcn,validation,2023-06,country_kr,country_372,1.3092285202013108,-0.1819790005683899
gcn,validation,2023-06,country_kr,country_380,0.21597507735918456,-0.24825003743171692
gcn,validation,2023-06,country_kr,country_cn,-0.1291936696413998,-0.18314114212989807
gcn,validation,2023-06,country_kr,country_de,0.3008353011523552,-0.23983529210090637
gcn,validation,2023-06,country_kr,country_fr,-0.15741151419325294,-0.20260745286941528
gcn,validation,2023-06,country_kr,country_gb,0.4793240239262817,-0.2393440306186676
gcn,validation,2023-06,country_kr,country_in,0.2469845211655851,-0.23160508275032043
gcn,validation,2023-06,country_kr,country_jp,0.041499773398604806,-0.20648443698883057
gcn,validation,2023-06,country_kr,country_mx,0.07987564036089624,-0.23819777369499207
gcn,validation,2023-06,country_kr,country_my,-0.2050917512815773,-0.24602487683296204
gcn,validation,2023-06,country_kr,country_ph,-0.3139142407223377,-0.23403391242027283
gcn,validation,2023-06,country_kr,country_th,0.013973813820580359,-0.2093261182308197
gcn,validation,2023-06,country_kr,country_us,-0.09483362885195493,-0.13104671239852905
gcn,validation,2023-06,country_kr,country_vn,-0.2283056403922854,-0.18612396717071533
gcn,validation,2023-06,country_mx,country_203,-0.3849783140878699,-0.20008713006973267
gcn,validation,2023-06,country_mx,country_344,-0.14122276274560444,-0.1789015233516693
gcn,validation,2023-06,country_mx,country_372,3.0576546579815584,-0.18150594830513
gcn,validation,2023-06,country_mx,country_380,-0.31419555593678705,-0.24312251806259155
gcn,validation,2023-06,country_mx,country_cn,-0.043087720150988496,-0.17931225895881653
gcn,validation,2023-06,country_mx,country_de,-0.12767104595552675,-0.23757946491241455
gcn,validation,2023-06,country_mx,country_fr,-0.27584799434146806,-0.19955939054489136
gcn,validation,2023-06,country_mx,country_gb,-0.18836991815477747,-0.23225361108779907
gcn,validation,2023-06,country_mx,country_in,0.8280674045318919,-0.22975200414657593
gcn,validation,2023-06,country_mx,country_jp,-0.14977182220785004,-0.20220685005187988
gcn,validation,2023-06,country_mx,country_kr,-0.15332887239045465,-0.18823829293251038
gcn,validation,2023-06,country_mx,country_my,-0.3728646201153457,-0.2511354386806488
gcn,validation,2023-06,country_mx,country_ph,0.12630204390154676,-0.22995102405548096
gcn,validation,2023-06,country_mx,country_sg,0.21329844575827075,-0.21550482511520386
gcn,validation,2023-06,country_mx,country_th,-0.22903682796187438,-0.20616838335990906
gcn,validation,2023-06,country_mx,country_us,-0.08612752314187348,-0.1273946762084961
gcn,validation,2023-06,country_mx,country_vn,0.5994799477139089,-0.18201252818107605
gcn,validation,2023-06,country_my,country_203,0.5954076651528626,-0.19262278079986572
gcn,validation,2023-06,country_my,country_344,-0.0004343519103288869,-0.16852018237113953
gcn,validation,2023-06,country_my,country_372,-0.17088934285751547,-0.17431360483169556
gcn,validation,2023-06,country_my,country_380,-0.2145815969970751,-0.24440330266952515
gcn,validation,2023-06,country_my,country_cn,-0.06656880072326649,-0.17744413018226624
gcn,validation,2023-06,country_my,country_de,-0.005123879461570032,-0.2357003390789032
gcn,validation,2023-06,country_my,country_fr,-0.23809599774811335,-0.1944383978843689
gcn,validation,2023-06,country_my,country_gb,0.18067681128367444,-0.23364803194999695
gcn,validation,2023-06,country_my,country_in,0.9204404311714922,-0.23161113262176514
gcn,validation,2023-06,country_my,country_jp,0.03191779988995807,-0.20299696922302246
gcn,validation,2023-06,country_my,country_kr,-0.11792912585015808,-0.18833863735198975
gcn,validation,2023-06,country_my,country_mx,-0.10509586111482123,-0.2385351061820984
gcn,validation,2023-06,country_my,country_ph,0.15086715237414047,-0.23044317960739136
gcn,validation,2023-06,country_my,country_sg,-0.2001826890953795,-0.21178004145622253
gcn,validation,2023-06,country_my,country_th,-0.12076051998677596,-0.20645147562026978
gcn,validation,2023-06,country_my,country_us,0.18224025080913211,-0.12751412391662598
gcn,validation,2023-06,country_my,country_vn,-0.0426422870225369,-0.19755131006240845
gcn,validation,2023-06,country_ph,country_203,-0.04167376220409122,-0.2044210433959961
gcn,validation,2023-06,country_ph,country_344,-0.06428990622965122,-0.1814853847026825
gcn,validation,2023-06,country_ph,country_372,-0.08390967324434914,-0.18199843168258667
gcn,validation,2023-06,country_ph,country_380,-0.24266207648956517,-0.2512241303920746
gcn,validation,2023-06,country_ph,country_cn,-0.09588738974123534,-0.18680492043495178
gcn,validation,2023-06,country_ph,country_de,0.01634638686193547,-0.2391108274459839
gcn,validation,2023-06,country_ph,country_fr,-0.16243963205904394,-0.20312559604644775
gcn,validation,2023-06,country_ph,country_gb,0.06959778051058571,-0.23958241939544678
gcn,validation,2023-06,country_ph,country_in,0.7787338506562824,-0.23410442471504211
gcn,validation,2023-06,country_ph,country_jp,-0.09891267723216984,-0.20603138208389282
gcn,validation,2023-06,country_ph,country_kr,0.13632213933101064,-0.19441455602645874
gcn,validation,2023-06,country_ph,country_mx,-0.025276147369555337,-0.24137908220291138
gcn,validation,2023-06,country_ph,country_my,-0.24233300002747285,-0.24970000982284546
gcn,validation,2023-06,country_ph,country_sg,0.02539228728131239,-0.21873325109481812
gcn,validation,2023-06,country_ph,country_th,0.01373313858199243,-0.2126328945159912
gcn,validation,2023-06,country_ph,country_us,-0.060463885770104524,-0.14160999655723572
gcn,validation,2023-06,country_ph,country_vn,-0.162658277080739,-0.1902153491973877
gcn,validation,2023-06,country_sg,country_203,-0.38683963238530217,-0.1926671862602234
gcn,validation,2023-06,country_sg,country_344,-0.00020665886348585858,-0.16645961999893188
gcn,validation,2023-06,country_sg,country_372,-0.5019719999462211,-0.17196643352508545
gcn,validation,2023-06,country_sg,country_380,-0.2771136066435129,-0.23873931169509888
gcn,validation,2023-06,country_sg,country_cn,0.0597096845997168,-0.1734425127506256
gcn,validation,2023-06,country_sg,country_de,0.024857190419814688,-0.22832724452018738
gcn,validation,2023-06,country_sg,country_fr,-0.15072404630499542,-0.19222667813301086
gcn,validation,2023-06,country_sg,country_gb,-0.29129947136313716,-0.22676050662994385
gcn,validation,2023-06,country_sg,country_in,-0.35315029572902773,-0.2221331000328064
gcn,validation,2023-06,country_sg,country_jp,-0.02700186763882855,-0.1946532428264618
gcn,validation,2023-06,country_sg,country_kr,0.3206120822826447,-0.18126443028450012
gcn,validation,2023-06,country_sg,country_mx,0.2207557450155495,-0.22901472449302673
gcn,validation,2023-06,country_sg,country_my,0.2165070527431835,-0.23842781782150269
gcn,validation,2023-06,country_sg,country_ph,-0.15917985234816082,-0.21978148818016052
gcn,validation,2023-06,country_sg,country_th,0.12010969505734817,-0.1978236734867096
gcn,validation,2023-06,country_sg,country_us,0.08403947066081319,-0.12230560183525085
gcn,validation,2023-06,country_sg,country_vn,0.1783043271408036,-0.18831932544708252
gcn,validation,2023-06,country_th,country_203,-0.23018115641474549,-0.20499208569526672
gcn,validation,2023-06,country_th,country_344,-0.009678207323473126,-0.18306481838226318
gcn,validation,2023-06,country_th,country_372,0.4767447551023125,-0.1817866563796997
gcn,validation,2023-06,country_th,country_380,0.03816771144394114,-0.25139498710632324
gcn,validation,2023-06,country_th,country_cn,-0.05095439274765953,-0.18731895089149475
gcn,validation,2023-06,country_th,country_de,-0.04513124558871067,-0.2396065890789032
gcn,validation,2023-06,country_th,country_fr,-0.1103329635568394,-0.20689332485198975
gcn,validation,2023-06,country_th,country_gb,-0.1983511205696059,-0.24092721939086914
gcn,validation,2023-06,country_th,country_in,-0.2120298117974179,-0.23688000440597534
gcn,validation,2023-06,country_th,country_jp,-0.049935768190262846,-0.21062353253364563
gcn,validation,2023-06,country_th,country_kr,0.03936454913869553,-0.19497156143188477
gcn,validation,2023-06,country_th,country_mx,-0.0524575045001379,-0.24217629432678223
gcn,validation,2023-06,country_th,country_my,-0.21152188483920875,-0.2511575222015381
gcn,validation,2023-06,country_th,country_ph,-0.14083346327141041,-0.23908671736717224
gcn,validation,2023-06,country_th,country_sg,0.0034861436916080965,-0.22135984897613525
gcn,validation,2023-06,country_th,country_us,0.21634649719068916,-0.13426628708839417
gcn,validation,2023-06,country_th,country_vn,0.015105376650903411,-0.20186546444892883
gcn,validation,2023-06,country_us,country_203,0.3036468332860361,-0.24192741513252258
gcn,validation,2023-06,country_us,country_344,-0.13638838778064033,-0.2213643193244934
gcn,validation,2023-06,country_us,country_372,-0.11055241534195888,-0.21884629130363464
gcn,validation,2023-06,country_us,country_380,-0.16517324779701473,-0.2851090431213379
gcn,validation,2023-06,country_us,country_cn,-0.15657695409695163,-0.21918505430221558
gcn,validation,2023-06,country_us,country_de,-0.0509543205690494,-0.2679882049560547
gcn,validation,2023-06,country_us,country_fr,-0.29972548196050236,-0.23722952604293823
gcn,validation,2023-06,country_us,country_gb,-0.23294989106035036,-0.2704973816871643
gcn,validation,2023-06,country_us,country_in,0.44686951708334477,-0.26578086614608765
gcn,validation,2023-06,country_us,country_jp,-0.04249168129483916,-0.24012494087219238
gcn,validation,2023-06,country_us,country_kr,0.06240818396212156,-0.22658345103263855
gcn,validation,2023-06,country_us,country_mx,-0.13918470330852517,-0.2744399607181549
gcn,validation,2023-06,country_us,country_my,-0.10979888575092828,-0.28202584385871887
gcn,validation,2023-06,country_us,country_ph,-0.03205567401749433,-0.2650427222251892
gcn,validation,2023-06,country_us,country_sg,0.10882255287884995,-0.24905818700790405
gcn,validation,2023-06,country_us,country_th,-0.12226215956679831,-0.24457547068595886
gcn,validation,2023-06,country_us,country_vn,0.7772186275210693,-0.22329986095428467
gcn,validation,2023-06,country_vn,country_203,-0.032673743677481215,-0.19928497076034546
gcn,validation,2023-06,country_vn,country_344,0.19173233252474864,-0.17687678337097168
gcn,validation,2023-06,country_vn,country_372,-0.7450229824314679,-0.17997419834136963
gcn,validation,2023-06,country_vn,country_380,0.24445806360801497,-0.24860405921936035
gcn,validation,2023-06,country_vn,country_cn,-0.02587023801684459,-0.18299001455307007
gcn,validation,2023-06,country_vn,country_de,-0.11507888441958194,-0.2324492335319519
gcn,validation,2023-06,country_vn,country_fr,0.10653049983672822,-0.1992696225643158
gcn,validation,2023-06,country_vn,country_gb,0.3432020995993092,-0.2369316816329956
gcn,validation,2023-06,country_vn,country_in,1.9501592015980567,-0.23313000798225403
gcn,validation,2023-06,country_vn,country_jp,-0.23643334631837631,-0.20530271530151367
gcn,validation,2023-06,country_vn,country_kr,0.02770622347021053,-0.19026076793670654
gcn,validation,2023-06,country_vn,country_mx,-0.06421545404665246,-0.23768633604049683
gcn,validation,2023-06,country_vn,country_my,0.576252568884344,-0.24789443612098694
gcn,validation,2023-06,country_vn,country_ph,0.012484034976477015,-0.2341054081916809
gcn,validation,2023-06,country_vn,country_sg,-0.09069873864958782,-0.21821707487106323
gcn,validation,2023-06,country_vn,country_th,4.031567543197734,-0.20898157358169556
gcn,validation,2023-06,country_vn,country_us,0.08844456703773047,-0.12955120205879211
gcn,validation,2023-07,country_203,country_344,-0.5569253985942745,-0.13292688131332397
gcn,validation,2023-07,country_203,country_372,-0.0020402472499342445,-0.1254417896270752
gcn,validation,2023-07,country_203,country_380,-0.3833397442742928,-0.18812549114227295
gcn,validation,2023-07,country_203,country_cn,0.44779157466974123,-0.13642394542694092
gcn,validation,2023-07,country_203,country_de,-0.3126296027308213,-0.1823180615901947
gcn,validation,2023-07,country_203,country_fr,0.11049142485853757,-0.1945154070854187
gcn,validation,2023-07,country_203,country_gb,0.21269076286283004,-0.13467681407928467
gcn,validation,2023-07,country_203,country_in,2.010614518774028,-0.1486991047859192
gcn,validation,2023-07,country_203,country_jp,0.0024146893321568214,-0.15912523865699768
gcn,validation,2023-07,country_203,country_kr,0.08629005840026206,-0.17533719539642334
gcn,validation,2023-07,country_203,country_mx,1.0480119015417906,-0.21504849195480347
gcn,validation,2023-07,country_203,country_my,-0.5277929962645562,-0.17177021503448486
gcn,validation,2023-07,country_203,country_ph,0.19803621655006362,-0.1551465392112732
gcn,validation,2023-07,country_203,country_sg,-0.051156920148317304,-0.17980539798736572
gcn,validation,2023-07,country_203,country_th,8.738037246218038,-0.21468698978424072
gcn,validation,2023-07,country_203,country_us,-0.06376777954014984,-0.08808135986328125
gcn,validation,2023-07,country_203,country_vn,-0.08100853274791846,-0.1324765682220459
gcn,validation,2023-07,country_344,country_203,-0.7526414225478569,-0.15549325942993164
gcn,validation,2023-07,country_344,country_372,-0.4608515940824015,-0.1368880569934845
gcn,validation,2023-07,country_344,country_380,-0.12582813304218787,-0.1996707022190094
gcn,validation,2023-07,country_344,country_cn,-0.4493767974000859,-0.13772881031036377
gcn,validation,2023-07,country_344,country_de,-0.49097689087800206,-0.1901344358921051
gcn,validation,2023-07,country_344,country_fr,-0.7163395336015872,-0.20231592655181885
gcn,validation,2023-07,country_344,country_gb,-0.6656136390041646,-0.1336989402770996
gcn,validation,2023-07,country_344,country_in,-0.8342691517702429,-0.14340505003929138
gcn,validation,2023-07,country_344,country_jp,-0.6537034932911298,-0.16490265727043152
gcn,validation,2023-07,country_344,country_kr,-0.003866185093669741,-0.17108118534088135
gcn,validation,2023-07,country_344,country_mx,-0.09550079195058184,-0.21499919891357422
gcn,validation,2023-07,country_344,country_my,0.009535977947026132,-0.1688818335533142
gcn,validation,2023-07,country_344,country_ph,-0.07837255751699694,-0.15525278449058533
gcn,validation,2023-07,country_344,country_sg,-0.3038452688683971,-0.1787678599357605
gcn,validation,2023-07,country_344,country_th,-0.011651869850879461,-0.20449090003967285
gcn,validation,2023-07,country_344,country_us,-0.7064264482820758,-0.09383383393287659
gcn,validation,2023-07,country_344,country_vn,-0.6976229465779572,-0.13447624444961548
gcn,validation,2023-07,country_372,country_203,-0.07657620301453362,-0.1528298258781433
gcn,validation,2023-07,country_372,country_344,-0.09532068590721644,-0.13545602560043335
gcn,validation,2023-07,country_372,country_380,0.2709749512460818,-0.1992371678352356
gcn,validation,2023-07,country_372,country_cn,0.09695705433865594,-0.13903450965881348
gcn,validation,2023-07,country_372,country_de,2.4374083072697603,-0.18815654516220093
gcn,validation,2023-07,country_372,country_fr,-0.3526019482643491,-0.19878315925598145
gcn,validation,2023-07,country_372,country_gb,0.1840853806938292,-0.13902100920677185
gcn,validation,2023-07,country_372,country_in,-0.8264596143783415,-0.15007978677749634
gcn,validation,2023-07,country_372,country_jp,-0.1851046686155212,-0.15910139679908752
gcn,validation,2023-07,country_372,country_kr,0.36020843379089174,-0.17738401889801025
gcn,validation,2023-07,country_372,country_mx,-0.1906636234442961,-0.21010524034500122
gcn,validation,2023-07,country_372,country_my,0.38694893398245345,-0.17005693912506104
gcn,validation,2023-07,country_372,country_ph,0.14540750569583613,-0.15284126996994019
gcn,validation,2023-07,country_372,country_sg,0.3045995032898243,-0.18015515804290771
gcn,validation,2023-07,country_372,country_th,1.3702899131250479,-0.20967987179756165
gcn,validation,2023-07,country_372,country_us,-0.20498285203870206,-0.07899884879589081
gcn,validation,2023-07,country_372,country_vn,0.21048765640739592,-0.14594608545303345
gcn,validation,2023-07,country_380,country_203,0.35287816003026934,-0.16818901896476746
gcn,validation,2023-07,country_380,country_344,-0.850745106016649,-0.15133020281791687
gcn,validation,2023-07,country_380,country_372,0.3056715310026095,-0.15490472316741943
gcn,validation,2023-07,country_380,country_cn,-0.026178311471167486,-0.1584264636039734
gcn,validation,2023-07,country_380,country_de,-0.2156909424107112,-0.20192795991897583
gcn,validation,2023-07,country_380,country_fr,0.3473705360486014,-0.21555843949317932
gcn,validation,2023-07,country_380,country_gb,0.01667559036188808,-0.15473562479019165
gcn,validation,2023-07,country_380,country_in,0.44432166456098326,-0.17039883136749268
gcn,validation,2023-07,country_380,country_jp,-0.08002896866143153,-0.17930740118026733
gcn,validation,2023-07,country_380,country_kr,-0.3677256682347135,-0.19444194436073303
gcn,validation,2023-07,country_380,country_mx,-0.05782314584703712,-0.2316175103187561
gcn,validation,2023-07,country_380,country_my,-0.9112840820447098,-0.1965842843055725
gcn,validation,2023-07,country_380,country_ph,-0.15906638070122256,-0.1777942180633545
gcn,validation,2023-07,country_380,country_sg,0.20611516043417935,-0.1943461298942566
gcn,validation,2023-07,country_380,country_th,0.017664431836855208,-0.22658509016036987
gcn,validation,2023-07,country_380,country_us,0.07650022579940363,-0.10739079117774963
gcn,validation,2023-07,country_380,country_vn,0.18915916426663848,-0.15566495060920715
gcn,validation,2023-07,country_cn,country_203,0.40860262605546016,-0.15711098909378052
gcn,validation,2023-07,country_cn,country_344,0.0838041731055147,-0.1449774205684662
gcn,validation,2023-07,country_cn,country_372,1.024020807790364,-0.14422133564949036
gcn,validation,2023-07,country_cn,country_380,-0.2614823117902785,-0.20196157693862915
gcn,validation,2023-07,country_cn,country_de,-0.26030708047791457,-0.19030073285102844
gcn,validation,2023-07,country_cn,country_fr,-0.3300495482121891,-0.20517992973327637
gcn,validation,2023-07,country_cn,country_gb,-0.20971851505564673,-0.14634838700294495
gcn,validation,2023-07,country_cn,country_in,0.5605172482875727,-0.15750712156295776
gcn,validation,2023-07,country_cn,country_jp,-0.23826346095732304,-0.16987627744674683
gcn,validation,2023-07,country_cn,country_kr,-0.13817167740255978,-0.17882221937179565
gcn,validation,2023-07,country_cn,country_mx,-0.17926077577950733,-0.22884678840637207
gcn,validation,2023-07,country_cn,country_my,-0.12479782684956385,-0.18148469924926758
gcn,validation,2023-07,country_cn,country_ph,-0.29573821545234513,-0.16984793543815613
gcn,validation,2023-07,country_cn,country_sg,-0.11394369330604236,-0.18625685572624207
gcn,validation,2023-07,country_cn,country_th,-0.0872490769663986,-0.20870539546012878
gcn,validation,2023-07,country_cn,country_us,-0.04710237240160157,-0.08393494784832001
gcn,validation,2023-07,country_cn,country_vn,0.22707454917396575,-0.14316004514694214
gcn,validation,2023-07,country_de,country_203,0.18482051943448827,-0.16613388061523438
gcn,validation,2023-07,country_de,country_344,-0.07977339612026488,-0.15085893869400024
gcn,validation,2023-07,country_de,country_372,-0.24533889000594294,-0.15072187781333923
gcn,validation,2023-07,country_de,country_380,-0.3701275820446149,-0.204756498336792
gcn,validation,2023-07,country_de,country_cn,0.03145817996667232,-0.15134039521217346
gcn,validation,2023-07,country_de,country_fr,0.07452583170254455,-0.20558562874794006
gcn,validation,2023-07,country_de,country_gb,-0.15070503278012598,-0.14910122752189636
gcn,validation,2023-07,country_de,country_in,0.049906294800191695,-0.16111454367637634
gcn,validation,2023-07,country_de,country_jp,-0.19782327164360763,-0.17203372716903687
gcn,validation,2023-07,country_de,country_kr,0.014023279550654516,-0.18658572435379028
gcn,validation,2023-07,country_de,country_mx,0.026169351101917232,-0.2337946891784668
gcn,validation,2023-07,country_de,country_my,0.29898106930424534,-0.1890815794467926
gcn,validation,2023-07,country_de,country_ph,0.0006142477661760559,-0.17125600576400757
gcn,validation,2023-07,country_de,country_sg,0.4059321058404715,-0.19562643766403198
gcn,validation,2023-07,country_de,country_th,0.6584098387629808,-0.22533094882965088
gcn,validation,2023-07,country_de,country_us,0.1435058273923868,-0.08461911976337433
gcn,validation,2023-07,country_de,country_vn,0.013083645846396076,-0.1515083611011505
gcn,validation,2023-07,country_fr,country_203,-0.0489524558955358,-0.17085736989974976
gcn,validation,2023-07,country_fr,country_344,-0.5575592744444725,-0.15691518783569336
gcn,validation,2023-07,country_fr,country_372,0.5434570411487278,-0.14877864718437195
gcn,validation,2023-07,country_fr,country_380,-0.4831325219607629,-0.20868146419525146
gcn,validation,2023-07,country_fr,country_cn,0.21184546582818206,-0.15753981471061707
gcn,validation,2023-07,country_fr,country_de,-0.1483946422107102,-0.20010298490524292
gcn,validation,2023-07,country_fr,country_gb,-0.326284369720144,-0.15805116295814514
gcn,validation,2023-07,country_fr,country_in,0.18650521238205284,-0.1648920774459839
gcn,validation,2023-07,country_fr,country_jp,0.10961086023033574,-0.18013089895248413
gcn,validation,2023-07,country_fr,country_kr,0.18327732072549432,-0.18984422087669373
gcn,validation,2023-07,country_fr,country_mx,0.2612142449133946,-0.22678065299987793
gcn,validation,2023-07,country_fr,country_my,-0.5558804981458059,-0.1905198097229004
gcn,validation,2023-07,country_fr,country_ph,-0.0964826993883423,-0.1791553497314453
gcn,validation,2023-07,country_fr,country_sg,0.14129089551107513,-0.19113802909851074
gcn,validation,2023-07,country_fr,country_th,-0.11603726335106584,-0.22161293029785156
gcn,validation,2023-07,country_fr,country_us,-0.12731346611412292,-0.09052117168903351
gcn,validation,2023-07,country_fr,country_vn,0.4985448407901881,-0.1628330945968628
gcn,validation,2023-07,country_gb,country_203,-0.36646223765986946,-0.17498761415481567
gcn,validation,2023-07,country_gb,country_344,-0.2850939718635408,-0.1582716405391693
gcn,validation,2023-07,country_gb,country_372,0.3107604088036806,-0.15332001447677612
gcn,validation,2023-07,country_gb,country_380,-0.4861381869800898,-0.21871140599250793
gcn,validation,2023-07,country_gb,country_cn,-0.05750534855608635,-0.15900123119354248
gcn,validation,2023-07,country_gb,country_de,-0.26737191434560814,-0.20461741089820862
gcn,validation,2023-07,country_gb,country_fr,-0.08613822232366979,-0.21734970808029175
gcn,validation,2023-07,country_gb,country_in,-0.04051426434064307,-0.16351768374443054
gcn,validation,2023-07,country_gb,country_jp,0.06614564642194741,-0.1802372932434082
gcn,validation,2023-07,country_gb,country_kr,-0.13063915594261807,-0.18868571519851685
gcn,validation,2023-07,country_gb,country_mx,-0.14098165721344033,-0.22749435901641846
gcn,validation,2023-07,country_gb,country_my,-0.19998387841158316,-0.19048339128494263
gcn,validation,2023-07,country_gb,country_ph,-0.44126555121299893,-0.17789429426193237
gcn,validation,2023-07,country_gb,country_sg,-0.1600150080065491,-0.19214442372322083
gcn,validation,2023-07,country_gb,country_th,-0.09058488991479902,-0.22387677431106567
gcn,validation,2023-07,country_gb,country_us,-0.12671335788543145,-0.08915883302688599
gcn,validation,2023-07,country_gb,country_vn,1.0917516186312037,-0.1536356508731842
gcn,validation,2023-07,country_in,country_203,1.4115232000733962,-0.15758171677589417
gcn,validation,2023-07,country_in,country_344,-0.27918999148168,-0.13461098074913025
gcn,validation,2023-07,country_in,country_372,21.16354215719256,-0.13460177183151245
gcn,validation,2023-07,country_in,country_380,0.8178806833158455,-0.1913118064403534
gcn,validation,2023-07,country_in,country_cn,0.10339849267184052,-0.1268538534641266
gcn,validation,2023-07,country_in,country_de,-0.04302735800311422,-0.17994901537895203
gcn,validation,2023-07,country_in,country_fr,-0.7004648920948187,-0.18846529722213745
gcn,validation,2023-07,country_in,country_gb,0.6297732977240047,-0.12920039892196655
gcn,validation,2023-07,country_in,country_jp,-0.1844441482605168,-0.15288525819778442
gcn,validation,2023-07,country_in,country_kr,-0.5818810470945781,-0.16515123844146729
gcn,validation,2023-07,country_in,country_mx,0.12120445013058335,-0.20738887786865234
gcn,validation,2023-07,country_in,country_my,-0.026902439706788954,-0.16932827234268188
gcn,validation,2023-07,country_in,country_ph,-0.8942457004964751,-0.14826911687850952
gcn,validation,2023-07,country_in,country_sg,-0.16931119809880515,-0.17582625150680542
gcn,validation,2023-07,country_in,country_th,1.560222757483679,-0.20161327719688416
gcn,validation,2023-07,country_in,country_us,-0.012621534155275956,-0.05259758234024048
gcn,validation,2023-07,country_in,country_vn,0.005800351294205342,-0.12685540318489075
gcn,validation,2023-07,country_jp,country_203,0.0466163600376767,-0.16915816068649292
gcn,validation,2023-07,country_jp,country_344,-0.04105386228721691,-0.15411806106567383
gcn,validation,2023-07,country_jp,country_372,-0.5183510835898709,-0.15888777375221252
gcn,validation,2023-07,country_jp,country_380,-0.30936984940576706,-0.21550476551055908
gcn,validation,2023-07,country_jp,country_cn,-0.03402969922206219,-0.1569352149963379
gcn,validation,2023-07,country_jp,country_de,0.08131650933070579,-0.20181363821029663
gcn,validation,2023-07,country_jp,country_fr,-0.3517922792384199,-0.21732109785079956
gcn,validation,2023-07,country_jp,country_gb,0.02078176538575074,-0.15754437446594238
gcn,validation,2023-07,country_jp,country_in,0.9762860744474005,-0.16431742906570435
gcn,validation,2023-07,country_jp,country_kr,-0.048830029399902546,-0.18760544061660767
gcn,validation,2023-07,country_jp,country_mx,0.1963622244669285,-0.23024755716323853
gcn,validation,2023-07,country_jp,country_my,-0.16697021425255648,-0.18658065795898438
gcn,validation,2023-07,country_jp,country_ph,0.16317467385531315,-0.17720797657966614
gcn,validation,2023-07,country_jp,country_sg,-0.004327209183405318,-0.19218266010284424
gcn,validation,2023-07,country_jp,country_th,0.0051343848529382926,-0.21837341785430908
gcn,validation,2023-07,country_jp,country_us,0.009883145619300978,-0.08995269238948822
gcn,validation,2023-07,country_jp,country_vn,0.8260862091692495,-0.16488495469093323
gcn,validation,2023-07,country_kr,country_203,-0.08745989237405498,-0.16229382157325745
gcn,validation,2023-07,country_kr,country_344,0.07146627364062379,-0.14170730113983154
gcn,validation,2023-07,country_kr,country_372,1.6851156341063853,-0.15001526474952698
gcn,validation,2023-07,country_kr,country_380,0.3446708982200584,-0.20590737462043762
gcn,validation,2023-07,country_kr,country_cn,-0.01570027676209226,-0.14165636897087097
gcn,validation,2023-07,country_kr,country_de,0.23386866652373337,-0.19545257091522217
gcn,validation,2023-07,country_kr,country_fr,-0.12592848121515665,-0.20185303688049316
gcn,validation,2023-07,country_kr,country_gb,0.008358645250464534,-0.14546462893486023
gcn,validation,2023-07,country_kr,country_in,0.2815635840690417,-0.14820533990859985
gcn,validation,2023-07,country_kr,country_jp,0.07203623036591927,-0.16472548246383667
gcn,validation,2023-07,country_kr,country_mx,-0.06365916139867872,-0.22655481100082397
gcn,validation,2023-07,country_kr,country_my,-0.01945016254249689,-0.1805838644504547
gcn,validation,2023-07,country_kr,country_ph,-0.09265556055647611,-0.16268998384475708
gcn,validation,2023-07,country_kr,country_th,-0.1045530475355663,-0.21625149250030518
gcn,validation,2023-07,country_kr,country_us,-0.06824090240168572,-0.06868965923786163
gcn,validation,2023-07,country_kr,country_vn,0.06862823383607165,-0.1379682421684265
gcn,validation,2023-07,country_mx,country_203,-0.25039480703590905,-0.16612005233764648
gcn,validation,2023-07,country_mx,country_344,-0.006747453584539441,-0.142135351896286
gcn,validation,2023-07,country_mx,country_372,1.2714881836924743,-0.1447961926460266
gcn,validation,2023-07,country_mx,country_380,-0.5951255749128131,-0.20792776346206665
gcn,validation,2023-07,country_mx,country_cn,0.576888068830758,-0.14454331994056702
gcn,validation,2023-07,country_mx,country_de,-0.1799697892216043,-0.19747120141983032
gcn,validation,2023-07,country_mx,country_fr,-0.3942084791970312,-0.20772680640220642
gcn,validation,2023-07,country_mx,country_gb,0.039848638120582876,-0.15057843923568726
gcn,validation,2023-07,country_mx,country_in,0.34593303606502757,-0.15507090091705322
gcn,validation,2023-07,country_mx,country_jp,-0.2698631532920279,-0.17005744576454163
gcn,validation,2023-07,country_mx,country_kr,-0.4274377020263803,-0.17730075120925903
gcn,validation,2023-07,country_mx,country_my,-0.15067310913740922,-0.1881096363067627
gcn,validation,2023-07,country_mx,country_ph,-0.0036408731034361015,-0.17207494378089905
gcn,validation,2023-07,country_mx,country_sg,-0.22288309887912305,-0.1893429458141327
gcn,validation,2023-07,country_mx,country_th,-0.15200185622501733,-0.22215873003005981
gcn,validation,2023-07,country_mx,country_us,0.26342571730584524,-0.06963786482810974
gcn,validation,2023-07,country_mx,country_vn,0.06527028035412286,-0.1461907923221588
gcn,validation,2023-07,country_my,country_203,0.5751182437509673,-0.16214478015899658
gcn,validation,2023-07,country_my,country_344,-0.20791501823958183,-0.14158940315246582
gcn,validation,2023-07,country_my,country_372,-0.23603204985672466,-0.14569130539894104
gcn,validation,2023-07,country_my,country_380,-0.5409653022951935,-0.20646971464157104
gcn,validation,2023-07,country_my,country_cn,-0.17969927109800937,-0.14080411195755005
gcn,validation,2023-07,country_my,country_de,0.025761596987609655,-0.19406914710998535
gcn,validation,2023-07,country_my,country_fr,-0.3677675383501152,-0.1975538730621338
gcn,validation,2023-07,country_my,country_gb,-0.2190689856663929,-0.14347219467163086
gcn,validation,2023-07,country_my,country_in,0.35045547280606526,-0.1456821858882904
gcn,validation,2023-07,country_my,country_jp,0.017338328118193882,-0.16403979063034058
gcn,validation,2023-07,country_my,country_kr,-0.04140894191994777,-0.17759770154953003
gcn,validation,2023-07,country_my,country_mx,-0.06672340093474025,-0.22754165530204773
gcn,validation,2023-07,country_my,country_ph,-0.11246049250441047,-0.1630060076713562
gcn,validation,2023-07,country_my,country_sg,-0.11175837913320312,-0.18696916103363037
gcn,validation,2023-07,country_my,country_th,-0.140032870459398,-0.21685290336608887
gcn,validation,2023-07,country_my,country_us,-0.10695087158519674,-0.06664140522480011
gcn,validation,2023-07,country_my,country_vn,0.1103316981111273,-0.1528051197528839
gcn,validation,2023-07,country_ph,country_203,-0.03731358461789577,-0.16994905471801758
gcn,validation,2023-07,country_ph,country_344,-0.056645305044532274,-0.15280240774154663
gcn,validation,2023-07,country_ph,country_372,0.24550707657373044,-0.1580357849597931
gcn,validation,2023-07,country_ph,country_380,-0.49267396394994745,-0.21700304746627808
gcn,validation,2023-07,country_ph,country_cn,-0.054341042455945586,-0.1563749611377716
gcn,validation,2023-07,country_ph,country_de,-0.01720603986403474,-0.2012118697166443
gcn,validation,2023-07,country_ph,country_fr,-0.30396592522580024,-0.2114415466785431
gcn,validation,2023-07,country_ph,country_gb,-0.14364719012536156,-0.1563970446586609
gcn,validation,2023-07,country_ph,country_in,0.7433171550214339,-0.16415587067604065
gcn,validation,2023-07,country_ph,country_jp,-0.08308827987793457,-0.1756877899169922
gcn,validation,2023-07,country_ph,country_kr,-0.17220819040078122,-0.18648815155029297
gcn,validation,2023-07,country_ph,country_mx,0.029018098397034082,-0.22959250211715698
gcn,validation,2023-07,country_ph,country_my,-0.22279509437534348,-0.18950235843658447
gcn,validation,2023-07,country_ph,country_sg,-0.07246796726817012,-0.1915258765220642
gcn,validation,2023-07,country_ph,country_th,-0.07801953025566224,-0.2183353304862976
gcn,validation,2023-07,country_ph,country_us,-0.07043428717098844,-0.08982594311237335
gcn,validation,2023-07,country_ph,country_vn,0.09010440096973805,-0.15222769975662231
gcn,validation,2023-07,country_sg,country_203,-0.4723455499083845,-0.15544909238815308
gcn,validation,2023-07,country_sg,country_344,0.03638212338607892,-0.12768679857254028
gcn,validation,2023-07,country_sg,country_372,-0.7182766126929957,-0.1378706395626068
gcn,validation,2023-07,country_sg,country_380,-0.4609850309310366,-0.1980000138282776
gcn,validation,2023-07,country_sg,country_cn,-0.08569717902748179,-0.1352112591266632
gcn,validation,2023-07,country_sg,country_de,-0.14920532291577596,-0.19052645564079285
gcn,validation,2023-07,country_sg,country_fr,0.016099266428361132,-0.19823941588401794
gcn,validation,2023-07,country_sg,country_gb,-0.0070725996136509735,-0.14163130521774292
gcn,validation,2023-07,country_sg,country_in,0.097898467677779,-0.14384713768959045
gcn,validation,2023-07,country_sg,country_jp,-0.048821199762307206,-0.15588000416755676
gcn,validation,2023-07,country_sg,country_kr,0.282649707932171,-0.17162877321243286
gcn,validation,2023-07,country_sg,country_mx,0.03329895016327047,-0.2222774624824524
gcn,validation,2023-07,country_sg,country_my,0.19055910744719803,-0.16947132349014282
gcn,validation,2023-07,country_sg,country_ph,-0.2595176342891579,-0.15428218245506287
gcn,validation,2023-07,country_sg,country_th,-0.05390504442256696,-0.2098737359046936
gcn,validation,2023-07,country_sg,country_us,0.03958889042922055,-0.06118352711200714
gcn,validation,2023-07,country_sg,country_vn,0.06970344977045492,-0.1333235800266266
gcn,validation,2023-07,country_th,country_203,0.047127656788392265,-0.16013672947883606
gcn,validation,2023-07,country_th,country_344,0.036341921347705954,-0.137547105550766
gcn,validation,2023-07,country_th,country_372,-0.08105040740576201,-0.13894888758659363
gcn,validation,2023-07,country_th,country_380,-0.3672597023814755,-0.20375698804855347
gcn,validation,2023-07,country_th,country_cn,-0.06942024409379367,-0.14232689142227173
gcn,validation,2023-07,country_th,country_de,0.007472230532884324,-0.1953049898147583
gcn,validation,2023-07,country_th,country_fr,-0.15188483049885482,-0.20387494564056396
gcn,validation,2023-07,country_th,country_gb,-0.03884754713447134,-0.14590418338775635
gcn,validation,2023-07,country_th,country_in,-0.21163559682917824,-0.15614622831344604
gcn,validation,2023-07,country_th,country_jp,0.06073832289601407,-0.16694647073745728
gcn,validation,2023-07,country_th,country_kr,0.30333487627550615,-0.1791832447052002
gcn,validation,2023-07,country_th,country_mx,-0.05521212406897086,-0.2319728434085846
gcn,validation,2023-07,country_th,country_my,-0.2041521144518373,-0.1813664734363556
gcn,validation,2023-07,country_th,country_ph,-0.12415919452469987,-0.1667361855506897
gcn,validation,2023-07,country_th,country_sg,-0.06732386626260488,-0.18660223484039307
gcn,validation,2023-07,country_th,country_us,0.234221826952867,-0.06711435317993164
gcn,validation,2023-07,country_th,country_vn,-0.1232619423756123,-0.13405483961105347
gcn,validation,2023-07,country_us,country_203,0.2733828298893947,-0.2075706124305725
gcn,validation,2023-07,country_us,country_344,0.10384765231215144,-0.19641271233558655
gcn,validation,2023-07,country_us,country_372,-0.3810410515921506,-0.19866690039634705
gcn,validation,2023-07,country_us,country_380,-0.42279622570201697,-0.25438809394836426
gcn,validation,2023-07,country_us,country_cn,0.06126821622776845,-0.19496896862983704
gcn,validation,2023-07,country_us,country_de,0.05212883687284475,-0.234848290681839
gcn,validation,2023-07,country_us,country_fr,-0.2038346846904222,-0.2498491108417511
gcn,validation,2023-07,country_us,country_gb,-0.18214989371197424,-0.19370174407958984
gcn,validation,2023-07,country_us,country_in,-0.44577478166317347,-0.20007765293121338
gcn,validation,2023-07,country_us,country_jp,-0.07157659018749621,-0.21578630805015564
gcn,validation,2023-07,country_us,country_kr,0.188763280264417,-0.22352778911590576
gcn,validation,2023-07,country_us,country_mx,0.04178701869556504,-0.26585596799850464
gcn,validation,2023-07,country_us,country_my,-0.12748366607357203,-0.2202586829662323
gcn,validation,2023-07,country_us,country_ph,0.09314109382026411,-0.21349096298217773
gcn,validation,2023-07,country_us,country_sg,-0.12365301815270996,-0.22567591071128845
gcn,validation,2023-07,country_us,country_th,0.015277319414281131,-0.2557336986064911
gcn,validation,2023-07,country_us,country_vn,0.2141689453290708,-0.1916140913963318
gcn,validation,2023-07,country_vn,country_203,2.959589732401725,-0.16518324613571167
gcn,validation,2023-07,country_vn,country_344,0.2664406816534638,-0.14691996574401855
gcn,validation,2023-07,country_vn,country_372,1.4502999267693748,-0.15455636382102966
gcn,validation,2023-07,country_vn,country_380,-0.030144049353605075,-0.21219834685325623
gcn,validation,2023-07,country_vn,country_cn,0.1535783906823808,-0.14876961708068848
gcn,validation,2023-07,country_vn,country_de,-0.01653456662977687,-0.19324803352355957
gcn,validation,2023-07,country_vn,country_fr,-0.06963818349556278,-0.20933836698532104
gcn,validation,2023-07,country_vn,country_gb,0.3922287104794391,-0.15142321586608887
gcn,validation,2023-07,country_vn,country_in,2.179375801038359,-0.1502111554145813
gcn,validation,2023-07,country_vn,country_jp,-0.16150735217484852,-0.174221932888031
gcn,validation,2023-07,country_vn,country_kr,0.23228365471181928,-0.18353822827339172
gcn,validation,2023-07,country_vn,country_mx,-0.029081563097948498,-0.22753950953483582
gcn,validation,2023-07,country_vn,country_my,0.4203394494860574,-0.18550795316696167
gcn,validation,2023-07,country_vn,country_ph,1.0060213751116496,-0.17513281106948853
gcn,validation,2023-07,country_vn,country_sg,0.7707983339423062,-0.19030168652534485
gcn,validation,2023-07,country_vn,country_th,3.408288379251718,-0.21625494956970215
gcn,validation,2023-07,country_vn,country_us,0.04599657451854905,-0.073754221200943
gcn,validation,2023-08,country_203,country_344,0.10044161175199344,-0.11256140470504761
gcn,validation,2023-08,country_203,country_372,0.02517756141460781,-0.15511134266853333
gcn,validation,2023-08,country_203,country_380,-0.012266181169814346,-0.1714075803756714
gcn,validation,2023-08,country_203,country_cn,0.29314669651610165,-0.11358699202537537
gcn,validation,2023-08,country_203,country_de,-0.42454291322140386,-0.14371246099472046
gcn,validation,2023-08,country_203,country_fr,-0.25459845643227064,-0.1901950240135193
gcn,validation,2023-08,country_203,country_gb,0.3438948161672678,-0.1700180172920227
gcn,validation,2023-08,country_203,country_in,-0.5563721735771358,-0.12152940034866333
gcn,validation,2023-08,country_203,country_jp,-0.18781788313366848,-0.14071056246757507
gcn,validation,2023-08,country_203,country_kr,0.6737763620138488,-0.11944893002510071
gcn,validation,2023-08,country_203,country_mx,-0.2684722030344321,-0.13698911666870117
gcn,validation,2023-08,country_203,country_my,-0.2582894800775459,-0.11403849720954895
gcn,validation,2023-08,country_203,country_ph,0.15377867472242768,-0.12288910150527954
gcn,validation,2023-08,country_203,country_sg,-0.00034822361852693127,-0.11871945858001709
gcn,validation,2023-08,country_203,country_th,0.19647593967951565,-0.1696852743625641
gcn,validation,2023-08,country_203,country_us,0.4953217311529045,-0.06357944011688232
gcn,validation,2023-08,country_203,country_vn,-0.25416494510812343,-0.10746139287948608
gcn,validation,2023-08,country_344,country_203,-0.4522715053112391,-0.09552694857120514
gcn,validation,2023-08,country_344,country_372,3.02255347902252,-0.16300064325332642
gcn,validation,2023-08,country_344,country_380,-0.5329208345969926,-0.18541035056114197
gcn,validation,2023-08,country_344,country_cn,3.13511613641262,-0.11786285042762756
gcn,validation,2023-08,country_344,country_de,-0.3064412586319052,-0.15040266513824463
gcn,validation,2023-08,country_344,country_fr,-0.5115053192638498,-0.19610965251922607
gcn,validation,2023-08,country_344,country_gb,-0.6339971814758031,-0.16740217804908752
gcn,validation,2023-08,country_344,country_in,-0.5471530462329404,-0.12553063035011292
gcn,validation,2023-08,country_344,country_jp,-0.7308007633654867,-0.14913210272789001
gcn,validation,2023-08,country_344,country_kr,0.4226354899410714,-0.12044808268547058
gcn,validation,2023-08,country_344,country_mx,0.4972184099556944,-0.14471888542175293
gcn,validation,2023-08,country_344,country_my,2.311694928542764,-0.11095109581947327
gcn,validation,2023-08,country_344,country_ph,-0.3461090468293169,-0.12244376540184021
gcn,validation,2023-08,country_344,country_sg,-0.1778710070466819,-0.12288263440132141
gcn,validation,2023-08,country_344,country_th,-0.08231117506678498,-0.16847029328346252
gcn,validation,2023-08,country_344,country_us,-0.5686396592885142,-0.0781182199716568
gcn,validation,2023-08,country_344,country_vn,-0.9541163176948012,-0.10165378451347351
gcn,validation,2023-08,country_372,country_203,1.0912828939955415,-0.11729416251182556
gcn,validation,2023-08,country_372,country_344,-0.5188121002836044,-0.1365983784198761
gcn,validation,2023-08,country_372,country_380,-0.824669742076307,-0.2036391794681549
gcn,validation,2023-08,country_372,country_cn,0.2892780766789979,-0.1440252661705017
gcn,validation,2023-08,country_372,country_de,1.1431930382729758,-0.17250075936317444
gcn,validation,2023-08,country_372,country_fr,-0.026426735427350887,-0.2168026566505432
gcn,validation,2023-08,country_372,country_gb,-0.33903054489918927,-0.19092315435409546
gcn,validation,2023-08,country_372,country_in,-0.6504480773912532,-0.15414929389953613
gcn,validation,2023-08,country_372,country_jp,0.10899357330925277,-0.16646090149879456
gcn,validation,2023-08,country_372,country_kr,0.27696030172589386,-0.1478978991508484
gcn,validation,2023-08,country_372,country_mx,23.45656457954513,-0.16280260682106018
gcn,validation,2023-08,country_372,country_my,0.469493997080913,-0.13517707586288452
gcn,validation,2023-08,country_372,country_ph,-0.000466653682789287,-0.14497223496437073
gcn,validation,2023-08,country_372,country_sg,0.2218791338918104,-0.14723703265190125
gcn,validation,2023-08,country_372,country_th,1.2442361961954702,-0.1930193305015564
gcn,validation,2023-08,country_372,country_us,-0.17315071824322203,-0.09121689200401306
gcn,validation,2023-08,country_372,country_vn,0.9370579572719866,-0.13532164692878723
gcn,validation,2023-08,country_380,country_203,0.2104766484604556,-0.11477327346801758
gcn,validation,2023-08,country_380,country_344,-0.8585213651765332,-0.13382163643836975
gcn,validation,2023-08,country_380,country_372,0.1769234337632037,-0.18933355808258057
gcn,validation,2023-08,country_380,country_cn,0.08112724403571063,-0.14191210269927979
gcn,validation,2023-08,country_380,country_de,-0.14667016707566666,-0.17498472332954407
gcn,validation,2023-08,country_380,country_fr,-0.2918475358676135,-0.2230386734008789
gcn,validation,2023-08,country_380,country_gb,0.06045492298168547,-0.20196035504341125
gcn,validation,2023-08,country_380,country_in,-0.39160559196868966,-0.1630861759185791
gcn,validation,2023-08,country_380,country_jp,0.0013190835895133075,-0.16730573773384094
gcn,validation,2023-08,country_380,country_kr,-0.3723786001212779,-0.1488625705242157
gcn,validation,2023-08,country_380,country_mx,-0.13753615620550091,-0.17029905319213867
gcn,validation,2023-08,country_380,country_my,-0.7138964015875384,-0.13745740056037903
gcn,validation,2023-08,country_380,country_ph,0.07812503531854383,-0.1483238935470581
gcn,validation,2023-08,country_380,country_sg,0.052066019969915216,-0.14146769046783447
gcn,validation,2023-08,country_380,country_th,0.0324696478391865,-0.1967129111289978
gcn,validation,2023-08,country_380,country_us,-0.13317181838437567,-0.10584834218025208
gcn,validation,2023-08,country_380,country_vn,0.019833452964421083,-0.12249651551246643
gcn,validation,2023-08,country_cn,country_203,0.077600972906766,-0.10180845856666565
gcn,validation,2023-08,country_cn,country_344,0.2173856274176215,-0.12449896335601807
gcn,validation,2023-08,country_cn,country_372,0.15080786731461515,-0.1711922287940979
gcn,validation,2023-08,country_cn,country_380,-0.2617022010291703,-0.18854963779449463
gcn,validation,2023-08,country_cn,country_de,-0.32158576825526164,-0.15587973594665527
gcn,validation,2023-08,country_cn,country_fr,-0.23952290111074703,-0.20060056447982788
gcn,validation,2023-08,country_cn,country_gb,-0.2868846536563972,-0.17710810899734497
gcn,validation,2023-08,country_cn,country_in,0.7376755786993864,-0.14021393656730652
gcn,validation,2023-08,country_cn,country_jp,-0.0815975697765512,-0.15683278441429138
gcn,validation,2023-08,country_cn,country_kr,-0.10567553603157501,-0.13390609622001648
gcn,validation,2023-08,country_cn,country_mx,0.035575289483951646,-0.16270607709884644
gcn,validation,2023-08,country_cn,country_my,-0.10206278993696286,-0.12906327843666077
gcn,validation,2023-08,country_cn,country_ph,-0.15853943141620716,-0.14152514934539795
gcn,validation,2023-08,country_cn,country_sg,-0.09631733578540963,-0.137611985206604
gcn,validation,2023-08,country_cn,country_th,-0.1342183996994913,-0.17379695177078247
gcn,validation,2023-08,country_cn,country_us,-0.13636359775509863,-0.06815378367900848
gcn,validation,2023-08,country_cn,country_vn,0.30502749680460756,-0.11209538578987122
gcn,validation,2023-08,country_de,country_203,-0.07704658847091889,-0.10370579361915588
gcn,validation,2023-08,country_de,country_344,0.019842849745340518,-0.12801715731620789
gcn,validation,2023-08,country_de,country_372,0.5129967073460658,-0.17769327759742737
gcn,validation,2023-08,country_de,country_380,-0.0285534449452164,-0.1891879141330719
gcn,validation,2023-08,country_de,country_cn,-0.13492177892147802,-0.1326158046722412
gcn,validation,2023-08,country_de,country_fr,-0.13667104023736282,-0.2039775848388672
gcn,validation,2023-08,country_de,country_gb,-0.01862490591360142,-0.18642693758010864
gcn,validation,2023-08,country_de,country_in,-0.051668448793709784,-0.14148133993148804
gcn,validation,2023-08,country_de,country_jp,-0.041122685101811864,-0.1577422022819519
gcn,validation,2023-08,country_de,country_kr,0.14844808071742938,-0.13669472932815552
gcn,validation,2023-08,country_de,country_mx,0.1549088708316637,-0.1575450897216797
gcn,validation,2023-08,country_de,country_my,0.1242776160632705,-0.12735521793365479
gcn,validation,2023-08,country_de,country_ph,0.0410889519578453,-0.13959354162216187
gcn,validation,2023-08,country_de,country_sg,0.21248636562618975,-0.13598662614822388
gcn,validation,2023-08,country_de,country_th,0.03408610883298806,-0.18395325541496277
gcn,validation,2023-08,country_de,country_us,0.4083011099218875,-0.06617528200149536
gcn,validation,2023-08,country_de,country_vn,0.11813350216066353,-0.12804511189460754
gcn,validation,2023-08,country_fr,country_203,-0.15128904633798312,-0.11122572422027588
gcn,validation,2023-08,country_fr,country_344,-0.6095845523132852,-0.13734346628189087
gcn,validation,2023-08,country_fr,country_372,0.2527518068791151,-0.1805165410041809
gcn,validation,2023-08,country_fr,country_380,-0.288654800500264,-0.19732216000556946
gcn,validation,2023-08,country_fr,country_cn,0.27949613346081087,-0.13932856917381287
gcn,validation,2023-08,country_fr,country_de,0.09309838810122952,-0.1698586344718933
gcn,validation,2023-08,country_fr,country_gb,0.03322770584987659,-0.19134745001792908
gcn,validation,2023-08,country_fr,country_in,1.1628921162871422,-0.1494789719581604
gcn,validation,2023-08,country_fr,country_jp,0.05360666293187493,-0.1660856008529663
gcn,validation,2023-08,country_fr,country_kr,0.19564930220472782,-0.14506348967552185
gcn,validation,2023-08,country_fr,country_mx,-0.4040353897923329,-0.1659923791885376
gcn,validation,2023-08,country_fr,country_my,-0.4783376383864076,-0.1380157470703125
gcn,validation,2023-08,country_fr,country_ph,0.19573730707897305,-0.14836472272872925
gcn,validation,2023-08,country_fr,country_sg,0.022324406065856083,-0.14014768600463867
gcn,validation,2023-08,country_fr,country_th,-0.2536862009201758,-0.18930616974830627
gcn,validation,2023-08,country_fr,country_us,-0.06207380634137588,-0.08188356459140778
gcn,validation,2023-08,country_fr,country_vn,0.29653797197115433,-0.12183672189712524
gcn,validation,2023-08,country_gb,country_203,-0.45163791877413156,-0.12205639481544495
gcn,validation,2023-08,country_gb,country_344,-0.17923183948101643,-0.13999801874160767
gcn,validation,2023-08,country_gb,country_372,0.4037340023519856,-0.18412461876869202
gcn,validation,2023-08,country_gb,country_380,0.36741268349470707,-0.2075912356376648
gcn,validation,2023-08,country_gb,country_cn,-0.024444919839895576,-0.1459660530090332
gcn,validation,2023-08,country_gb,country_de,-0.1344845229994065,-0.1765008270740509
gcn,validation,2023-08,country_gb,country_fr,0.2821854136608492,-0.21929019689559937
gcn,validation,2023-08,country_gb,country_in,-0.41406563753844394,-0.15108883380889893
gcn,validation,2023-08,country_gb,country_jp,0.06387486725031659,-0.16915857791900635
gcn,validation,2023-08,country_gb,country_kr,-0.06516570796877924,-0.1480196714401245
gcn,validation,2023-08,country_gb,country_mx,-0.5534818869533281,-0.1671278476715088
gcn,validation,2023-08,country_gb,country_my,-0.04304447213038835,-0.13796475529670715
gcn,validation,2023-08,country_gb,country_ph,-0.28042921421566314,-0.15079596638679504
gcn,validation,2023-08,country_gb,country_sg,-0.3165132442715096,-0.14654254913330078
gcn,validation,2023-08,country_gb,country_th,-0.5089006570725997,-0.1956595480442047
gcn,validation,2023-08,country_gb,country_us,-0.32104030606210515,-0.07770957052707672
gcn,validation,2023-08,country_gb,country_vn,-0.19250367016898373,-0.1321055293083191
gcn,validation,2023-08,country_in,country_203,0.40171302578018997,-0.10480546951293945
gcn,validation,2023-08,country_in,country_344,-0.15136525826685515,-0.12169453501701355
gcn,validation,2023-08,country_in,country_372,6.05148447864006,-0.1673189401626587
gcn,validation,2023-08,country_in,country_380,0.2665014766702964,-0.1860218346118927
gcn,validation,2023-08,country_in,country_cn,0.4769558102012463,-0.11884540319442749
gcn,validation,2023-08,country_in,country_de,0.050543759865348745,-0.14898353815078735
gcn,validation,2023-08,country_in,country_fr,-0.2961935114034528,-0.1974460780620575
gcn,validation,2023-08,country_in,country_gb,-0.07831803446073693,-0.17642411589622498
gcn,validation,2023-08,country_in,country_jp,-0.7158225277480523,-0.14377641677856445
gcn,validation,2023-08,country_in,country_kr,-0.30601433436376757,-0.12468287348747253
gcn,validation,2023-08,country_in,country_mx,-0.4845764419057316,-0.14213091135025024
gcn,validation,2023-08,country_in,country_my,0.30294615416771464,-0.1203698217868805
gcn,validation,2023-08,country_in,country_ph,-0.3923100899456764,-0.13035893440246582
gcn,validation,2023-08,country_in,country_sg,0.7081433323767163,-0.12380993366241455
gcn,validation,2023-08,country_in,country_th,4.765117402043743,-0.17101937532424927
gcn,validation,2023-08,country_in,country_us,0.3052391129094606,-0.04663214087486267
gcn,validation,2023-08,country_in,country_vn,-0.4340207543195564,-0.10455885529518127
gcn,validation,2023-08,country_jp,country_203,-0.33405961198022777,-0.10924461483955383
gcn,validation,2023-08,country_jp,country_344,0.014818513912799248,-0.12821170687675476
gcn,validation,2023-08,country_jp,country_372,-0.3643572287821245,-0.1820584237575531
gcn,validation,2023-08,country_jp,country_380,-0.18920125867264698,-0.19909203052520752
gcn,validation,2023-08,country_jp,country_cn,-0.006458680789945358,-0.1356412172317505
gcn,validation,2023-08,country_jp,country_de,0.12342322930320167,-0.16279596090316772
gcn,validation,2023-08,country_jp,country_fr,-0.21860273062458188,-0.21041473746299744
gcn,validation,2023-08,country_jp,country_gb,-0.06579457137236162,-0.1835336685180664
gcn,validation,2023-08,country_jp,country_in,0.5941550933375535,-0.14210015535354614
gcn,validation,2023-08,country_jp,country_kr,-0.14070327830613874,-0.14086660742759705
gcn,validation,2023-08,country_jp,country_mx,0.0034473880253597755,-0.1617337167263031
gcn,validation,2023-08,country_jp,country_my,0.004657783751864878,-0.13137006759643555
gcn,validation,2023-08,country_jp,country_ph,0.09974116939206953,-0.14364567399024963
gcn,validation,2023-08,country_jp,country_sg,-0.0031558099465587197,-0.1405838131904602
gcn,validation,2023-08,country_jp,country_th,0.06719235346355712,-0.1787855327129364
gcn,validation,2023-08,country_jp,country_us,0.10020915024336267,-0.06947238743305206
gcn,validation,2023-08,country_jp,country_vn,0.2527190888255959,-0.11462074518203735
gcn,validation,2023-08,country_kr,country_203,-0.4171931036504261,-0.10383990406990051
gcn,validation,2023-08,country_kr,country_344,0.30922678155559125,-0.12146863341331482
gcn,validation,2023-08,country_kr,country_372,0.07775684952139936,-0.1798819899559021
gcn,validation,2023-08,country_kr,country_380,-0.32177168733019534,-0.1972222626209259
gcn,validation,2023-08,country_kr,country_cn,0.1275478855327723,-0.12968629598617554
gcn,validation,2023-08,country_kr,country_de,0.06757434742052537,-0.1605871319770813
gcn,validation,2023-08,country_kr,country_fr,-0.041962121610756756,-0.20237946510314941
gcn,validation,2023-08,country_kr,country_gb,0.5523861524953654,-0.18017065525054932
gcn,validation,2023-08,country_kr,country_in,0.36070926982971374,-0.13589292764663696
gcn,validation,2023-08,country_kr,country_jp,-0.26577345689449566,-0.15727335214614868
gcn,validation,2023-08,country_kr,country_mx,-0.1840008909088232,-0.15633860230445862
gcn,validation,2023-08,country_kr,country_my,0.015323396060816275,-0.12902674078941345
gcn,validation,2023-08,country_kr,country_ph,-0.27210081294647875,-0.13961005210876465
gcn,validation,2023-08,country_kr,country_th,0.09265051759153993,-0.17498382925987244
gcn,validation,2023-08,country_kr,country_us,-0.31863056878469964,-0.05487954616546631
gcn,validation,2023-08,country_kr,country_vn,0.10636778994455068,-0.11145448684692383
gcn,validation,2023-08,country_mx,country_203,0.5205852744424744,-0.11252331733703613
gcn,validation,2023-08,country_mx,country_344,-0.05419321988973213,-0.13182830810546875
gcn,validation,2023-08,country_mx,country_372,2.202168397293061,-0.18285074830055237
gcn,validation,2023-08,country_mx,country_380,-0.06661213128566734,-0.1981227695941925
gcn,validation,2023-08,country_mx,country_cn,0.4712239474614943,-0.1358645260334015
gcn,validation,2023-08,country_mx,country_de,-0.28292057357175854,-0.16413342952728271
gcn,validation,2023-08,country_mx,country_fr,-0.35790507101592606,-0.20923101902008057
gcn,validation,2023-08,country_mx,country_gb,-0.4588330520536181,-0.18506714701652527
gcn,validation,2023-08,country_mx,country_in,0.1438181075507383,-0.14117369055747986
gcn,validation,2023-08,country_mx,country_jp,-0.15490953725440068,-0.16226786375045776
gcn,validation,2023-08,country_mx,country_kr,-0.23903707725849033,-0.1386324167251587
gcn,validation,2023-08,country_mx,country_my,0.11778613461663792,-0.1371995508670807
gcn,validation,2023-08,country_mx,country_ph,-0.4488133643884376,-0.14580664038658142
gcn,validation,2023-08,country_mx,country_sg,-0.3797146790075005,-0.1404092013835907
gcn,validation,2023-08,country_mx,country_th,1.0955324671247395,-0.1809733808040619
gcn,validation,2023-08,country_mx,country_us,0.15185445757427551,-0.0606345534324646
gcn,validation,2023-08,country_mx,country_vn,0.4829553807934169,-0.11890286207199097
gcn,validation,2023-08,country_my,country_203,0.3910843758205994,-0.10292381048202515
gcn,validation,2023-08,country_my,country_344,0.30543390279279503,-0.12035179138183594
gcn,validation,2023-08,country_my,country_372,0.45164680674906593,-0.17589646577835083
gcn,validation,2023-08,country_my,country_380,-0.14678041931630628,-0.19434869289398193
gcn,validation,2023-08,country_my,country_cn,-0.09715028499178695,-0.12735944986343384
gcn,validation,2023-08,country_my,country_de,-0.03700719612554864,-0.1573483943939209
gcn,validation,2023-08,country_my,country_fr,-0.22102324228586184,-0.19700735807418823
gcn,validation,2023-08,country_my,country_gb,-0.2903856360932209,-0.17836636304855347
gcn,validation,2023-08,country_my,country_in,0.16308139007590858,-0.12999355792999268
gcn,validation,2023-08,country_my,country_jp,-0.019947777296401445,-0.15392211079597473
gcn,validation,2023-08,country_my,country_kr,-0.09252083773023531,-0.13307130336761475
gcn,validation,2023-08,country_my,country_mx,-0.29121768853157903,-0.1553519070148468
gcn,validation,2023-08,country_my,country_ph,0.09927577966046508,-0.13817960023880005
gcn,validation,2023-08,country_my,country_sg,-0.17036314319200063,-0.1318155825138092
gcn,validation,2023-08,country_my,country_th,-0.09086721364712083,-0.17375648021697998
gcn,validation,2023-08,country_my,country_us,0.014034318182012812,-0.052104294300079346
gcn,validation,2023-08,country_my,country_vn,0.07519524248589739,-0.12395820021629333
gcn,validation,2023-08,country_ph,country_203,-0.21608072268418246,-0.10918107628822327
gcn,validation,2023-08,country_ph,country_344,-0.20364187402683165,-0.12601310014724731
gcn,validation,2023-08,country_ph,country_372,-0.05703653359829076,-0.1805102825164795
gcn,validation,2023-08,country_ph,country_380,-0.2768936733125568,-0.19907712936401367
gcn,validation,2023-08,country_ph,country_cn,-0.053704949014242345,-0.13399794697761536
gcn,validation,2023-08,country_ph,country_de,-0.028086854941429613,-0.16193577647209167
gcn,validation,2023-08,country_ph,country_fr,-0.21784272922484713,-0.20465004444122314
gcn,validation,2023-08,country_ph,country_gb,-0.22848289679752348,-0.18193379044532776
gcn,validation,2023-08,country_ph,country_in,0.48395123138798035,-0.14105337858200073
gcn,validation,2023-08,country_ph,country_jp,-0.014654383308224965,-0.1575353741645813
gcn,validation,2023-08,country_ph,country_kr,-0.2264329353587851,-0.13885289430618286
gcn,validation,2023-08,country_ph,country_mx,-0.16253493957900417,-0.16007956862449646
gcn,validation,2023-08,country_ph,country_my,-0.093252184509535,-0.13363051414489746
gcn,validation,2023-08,country_ph,country_sg,-0.05978453702790372,-0.13850566744804382
gcn,validation,2023-08,country_ph,country_th,-0.11253239921243871,-0.17816874384880066
gcn,validation,2023-08,country_ph,country_us,-0.10673801305839621,-0.06796438992023468
gcn,validation,2023-08,country_ph,country_vn,0.1289834809187733,-0.11768946051597595
gcn,validation,2023-08,country_sg,country_203,-0.5053117231172496,-0.11187529563903809
gcn,validation,2023-08,country_sg,country_344,0.15038106088349637,-0.1237725019454956
gcn,validation,2023-08,country_sg,country_372,-0.6482655489961469,-0.1799507737159729
gcn,validation,2023-08,country_sg,country_380,-0.20752511062370765,-0.20015066862106323
gcn,validation,2023-08,country_sg,country_cn,0.0454124349993084,-0.13497698307037354
gcn,validation,2023-08,country_sg,country_de,-0.07117219406237099,-0.16042810678482056
gcn,validation,2023-08,country_sg,country_fr,-0.11953380551089773,-0.2077333927154541
gcn,validation,2023-08,country_sg,country_gb,-0.2360510115245507,-0.18439185619354248
gcn,validation,2023-08,country_sg,country_in,-0.14907291064962427,-0.13989964127540588
gcn,validation,2023-08,country_sg,country_jp,-0.13279343150355727,-0.161332368850708
gcn,validation,2023-08,country_sg,country_kr,0.09760168700681289,-0.13972291350364685
gcn,validation,2023-08,country_sg,country_mx,-0.034128962705888354,-0.15961095690727234
gcn,validation,2023-08,country_sg,country_my,0.06115361459936443,-0.13087069988250732
gcn,validation,2023-08,country_sg,country_ph,-0.06800022076810976,-0.14140701293945312
gcn,validation,2023-08,country_sg,country_th,-0.05120438181989263,-0.178838849067688
gcn,validation,2023-08,country_sg,country_us,0.14297043026235312,-0.06160712242126465
gcn,validation,2023-08,country_sg,country_vn,-0.10021782555342497,-0.11752492189407349
gcn,validation,2023-08,country_th,country_203,-0.1428962629331149,-0.1128980815410614
gcn,validation,2023-08,country_th,country_344,0.1667327732610308,-0.13098731637001038
gcn,validation,2023-08,country_th,country_372,0.15500489366100584,-0.18121936917304993
gcn,validation,2023-08,country_th,country_380,0.12126614020477204,-0.2019205391407013
gcn,validation,2023-08,country_th,country_cn,0.024559738046019138,-0.13214999437332153
gcn,validation,2023-08,country_th,country_de,0.03016308390506627,-0.1687018871307373
gcn,validation,2023-08,country_th,country_fr,0.034388464766174305,-0.21417385339736938
gcn,validation,2023-08,country_th,country_gb,-0.2382610841916261,-0.19261103868484497
gcn,validation,2023-08,country_th,country_in,-0.013887508527225116,-0.1462218165397644
gcn,validation,2023-08,country_th,country_jp,0.03130062204358673,-0.16260629892349243
gcn,validation,2023-08,country_th,country_kr,-0.006703641654855916,-0.13957101106643677
gcn,validation,2023-08,country_th,country_mx,-0.09634980314485382,-0.16362187266349792
gcn,validation,2023-08,country_th,country_my,-0.0790264014969507,-0.13111740350723267
gcn,validation,2023-08,country_th,country_ph,-0.1053246477703747,-0.14599671959877014
gcn,validation,2023-08,country_th,country_sg,-0.07106664694718781,-0.14052605628967285
gcn,validation,2023-08,country_th,country_us,0.179002671050877,-0.06014978885650635
gcn,validation,2023-08,country_th,country_vn,-0.20701019637197296,-0.13474246859550476
gcn,validation,2023-08,country_us,country_203,-0.39834012676784913,-0.15827804803848267
gcn,validation,2023-08,country_us,country_344,0.03886217406382543,-0.18201231956481934
gcn,validation,2023-08,country_us,country_372,-0.5460745244008955,-0.22596648335456848
gcn,validation,2023-08,country_us,country_380,0.6973734375751968,-0.24614179134368896
gcn,validation,2023-08,country_us,country_cn,0.015348733827988802,-0.18276235461235046
gcn,validation,2023-08,country_us,country_de,-0.03949353047573945,-0.20699450373649597
gcn,validation,2023-08,country_us,country_fr,-0.36791609793488855,-0.24785944819450378
gcn,validation,2023-08,country_us,country_gb,-0.20255327878423304,-0.2285861074924469
gcn,validation,2023-08,country_us,country_in,-0.37531816467875784,-0.18707174062728882
gcn,validation,2023-08,country_us,country_jp,-0.12166960191737837,-0.20722144842147827
gcn,validation,2023-08,country_us,country_kr,0.35256427162271076,-0.1863243579864502
gcn,validation,2023-08,country_us,country_mx,-0.08712229157359411,-0.2065725326538086
gcn,validation,2023-08,country_us,country_my,0.18563982705173893,-0.17986607551574707
gcn,validation,2023-08,country_us,country_ph,-0.10518925321283264,-0.18903425335884094
gcn,validation,2023-08,country_us,country_sg,0.05110346116503812,-0.18541395664215088
gcn,validation,2023-08,country_us,country_th,-0.055126119139085536,-0.22539380192756653
gcn,validation,2023-08,country_us,country_vn,0.7944949589662503,-0.16638359427452087
gcn,validation,2023-08,country_vn,country_203,2.5768399175560774,-0.10288786888122559
gcn,validation,2023-08,country_vn,country_344,0.41040887264507764,-0.11909684538841248
gcn,validation,2023-08,country_vn,country_372,2.7423153700919336,-0.1765335500240326
gcn,validation,2023-08,country_vn,country_380,-0.24866190311869166,-0.19484803080558777
gcn,validation,2023-08,country_vn,country_cn,0.24833452618413848,-0.1256747841835022
gcn,validation,2023-08,country_vn,country_de,-0.22359235117467413,-0.1528680920600891
gcn,validation,2023-08,country_vn,country_fr,-0.04778976416771367,-0.20239302515983582
gcn,validation,2023-08,country_vn,country_gb,0.6229466428386126,-0.18038806319236755
gcn,validation,2023-08,country_vn,country_in,0.4777108305338109,-0.1352139711380005
gcn,validation,2023-08,country_vn,country_jp,-0.04724402372052689,-0.15407806634902954
gcn,validation,2023-08,country_vn,country_kr,-0.07270161318049903,-0.13240092992782593
gcn,validation,2023-08,country_vn,country_mx,-0.10075234228788317,-0.15421342849731445
gcn,validation,2023-08,country_vn,country_my,0.012272111023582022,-0.12653768062591553
gcn,validation,2023-08,country_vn,country_ph,0.13833506154841227,-0.13544660806655884
gcn,validation,2023-08,country_vn,country_sg,0.9771380844494487,-0.13355284929275513
gcn,validation,2023-08,country_vn,country_th,3.2295622958508914,-0.1765713095664978
gcn,validation,2023-08,country_vn,country_us,-0.23505671165097064,-0.05132494866847992
gcn,validation,2023-09,country_203,country_344,0.26294369735862316,-0.12070834636688232
gcn,validation,2023-09,country_203,country_372,0.24755473308095077,-0.1738884150981903
gcn,validation,2023-09,country_203,country_380,0.3548150782178226,-0.12255600094795227
gcn,validation,2023-09,country_203,country_cn,0.3567960568496057,-0.13267412781715393
gcn,validation,2023-09,country_203,country_de,-0.34473561866311814,-0.15568292140960693
gcn,validation,2023-09,country_203,country_fr,0.47660173360795605,-0.1595907211303711
gcn,validation,2023-09,country_203,country_gb,0.21781283019067368,-0.15728169679641724
gcn,validation,2023-09,country_203,country_in,-0.7623118527192674,-0.12471029162406921
gcn,validation,2023-09,country_203,country_jp,1.0780548313067586,-0.1569294035434723
gcn,validation,2023-09,country_203,country_kr,-0.07057619460157298,-0.12561523914337158
gcn,validation,2023-09,country_203,country_mx,-0.29795780601593946,-0.16342419385910034
gcn,validation,2023-09,country_203,country_my,-0.4549828156593013,-0.13005638122558594
gcn,validation,2023-09,country_203,country_ph,-0.04622958774283718,-0.1560227870941162
gcn,validation,2023-09,country_203,country_sg,0.10739948197900441,-0.13981613516807556
gcn,validation,2023-09,country_203,country_th,0.2341732930548116,-0.1607615053653717
gcn,validation,2023-09,country_203,country_us,-0.24128132432128718,-0.07686051726341248
gcn,validation,2023-09,country_203,country_vn,-0.4977869544293434,-0.1010376513004303
gcn,validation,2023-09,country_344,country_203,-0.7151709985762018,-0.10967022180557251
gcn,validation,2023-09,country_344,country_372,-0.8728113196580848,-0.18803179264068604
gcn,validation,2023-09,country_344,country_380,-0.4501710897325114,-0.1435902714729309
gcn,validation,2023-09,country_344,country_cn,0.5952668251224214,-0.14185619354248047
gcn,validation,2023-09,country_344,country_de,-0.3458944647836046,-0.17462041974067688
gcn,validation,2023-09,country_344,country_fr,-0.6724953391729337,-0.16925710439682007
gcn,validation,2023-09,country_344,country_gb,-0.619374829642976,-0.16650858521461487
gcn,validation,2023-09,country_344,country_in,-0.07384805792783355,-0.12019559741020203
gcn,validation,2023-09,country_344,country_jp,-0.4507878365250714,-0.17103880643844604
gcn,validation,2023-09,country_344,country_kr,0.8478880084466727,-0.13152846693992615
gcn,validation,2023-09,country_344,country_mx,-0.3697326374447791,-0.17265689373016357
gcn,validation,2023-09,country_344,country_my,-0.11946101382573682,-0.13146468997001648
gcn,validation,2023-09,country_344,country_ph,-0.5015609352017457,-0.16019392013549805
gcn,validation,2023-09,country_344,country_sg,-0.6935287626461165,-0.14722198247909546
gcn,validation,2023-09,country_344,country_th,0.14813431194049714,-0.16846680641174316
gcn,validation,2023-09,country_344,country_us,0.09981842176148333,-0.09087394177913666
gcn,validation,2023-09,country_344,country_vn,-0.9589516359927567,-0.11105763912200928
gcn,validation,2023-09,country_372,country_203,-0.049620997350722354,-0.1337028443813324
gcn,validation,2023-09,country_372,country_344,-0.8520277480105521,-0.16788005828857422
gcn,validation,2023-09,country_372,country_380,-0.13243260708537927,-0.17474836111068726
gcn,validation,2023-09,country_372,country_cn,0.561204243734312,-0.17597341537475586
gcn,validation,2023-09,country_372,country_de,-0.3668989573695746,-0.20293709635734558
gcn,validation,2023-09,country_372,country_fr,-0.5664043325614441,-0.19803613424301147
gcn,validation,2023-09,country_372,country_gb,-0.08932600369402527,-0.19511446356773376
gcn,validation,2023-09,country_372,country_in,-0.8305985491291843,-0.15387308597564697
gcn,validation,2023-09,country_372,country_jp,0.11077697145331222,-0.1947338879108429
gcn,validation,2023-09,country_372,country_kr,-0.7054828700623277,-0.16332021355628967
gcn,validation,2023-09,country_372,country_mx,37.84808868591981,-0.20043885707855225
gcn,validation,2023-09,country_372,country_my,0.4235861232327323,-0.16527995467185974
gcn,validation,2023-09,country_372,country_ph,-0.06798118642019087,-0.1897711455821991
gcn,validation,2023-09,country_372,country_sg,0.17410217308725695,-0.17583754658699036
gcn,validation,2023-09,country_372,country_th,3.3097716022805743,-0.20542654395103455
gcn,validation,2023-09,country_372,country_us,-0.16614886895225076,-0.12011650204658508
gcn,validation,2023-09,country_372,country_vn,-0.02781663335255561,-0.14943623542785645
gcn,validation,2023-09,country_380,country_203,-0.2286185898177293,-0.11043959856033325
gcn,validation,2023-09,country_380,country_344,-0.28268518419292665,-0.13783234357833862
gcn,validation,2023-09,country_380,country_372,1.258443549032504,-0.19095978140830994
gcn,validation,2023-09,country_380,country_cn,0.1347290003620357,-0.1500568389892578
gcn,validation,2023-09,country_380,country_de,-0.2099282599983597,-0.17439821362495422
gcn,validation,2023-09,country_380,country_fr,-0.26844735710110124,-0.17248252034187317
gcn,validation,2023-09,country_380,country_gb,-0.043236092087467884,-0.17177647352218628
gcn,validation,2023-09,country_380,country_in,0.574052283246012,-0.13591328263282776
gcn,validation,2023-09,country_380,country_jp,0.366197407854861,-0.1705712080001831
gcn,validation,2023-09,country_380,country_kr,0.7336679928507235,-0.14352506399154663
gcn,validation,2023-09,country_380,country_mx,-0.30134359400256994,-0.178705096244812
gcn,validation,2023-09,country_380,country_my,-0.42394006714315574,-0.1417100727558136
gcn,validation,2023-09,country_380,country_ph,-0.5187603182196336,-0.17135733366012573
gcn,validation,2023-09,country_380,country_sg,0.23943537282817481,-0.14976388216018677
gcn,validation,2023-09,country_380,country_th,-0.19343247786010404,-0.17969781160354614
gcn,validation,2023-09,country_380,country_us,-0.22043168649543013,-0.08641254901885986
gcn,validation,2023-09,country_380,country_vn,0.785987317639712,-0.1291956901550293
gcn,validation,2023-09,country_cn,country_203,-0.3468651955001597,-0.1129840612411499
gcn,validation,2023-09,country_cn,country_344,0.1328495718265701,-0.13635888695716858
gcn,validation,2023-09,country_cn,country_372,0.009481252763549107,-0.1913680136203766
gcn,validation,2023-09,country_cn,country_380,-0.03314988674389512,-0.14554166793823242
gcn,validation,2023-09,country_cn,country_de,-0.3511561667531351,-0.1730409562587738
gcn,validation,2023-09,country_cn,country_fr,-0.20747788447665155,-0.16812914609909058
gcn,validation,2023-09,country_cn,country_gb,-0.09153706133253775,-0.16633042693138123
gcn,validation,2023-09,country_cn,country_in,0.3011596457251485,-0.12476164102554321
gcn,validation,2023-09,country_cn,country_jp,-0.03865269717377769,-0.1674596071243286
gcn,validation,2023-09,country_cn,country_kr,0.003473531129273041,-0.13376393914222717
gcn,validation,2023-09,country_cn,country_mx,-0.07714138938553305,-0.18010079860687256
gcn,validation,2023-09,country_cn,country_my,-0.026667126268472716,-0.14197516441345215
gcn,validation,2023-09,country_cn,country_ph,0.03020659999598806,-0.16983696818351746
gcn,validation,2023-09,country_cn,country_sg,-0.06143759174937829,-0.15151527523994446
gcn,validation,2023-09,country_cn,country_th,-0.11086395923398623,-0.1704983115196228
gcn,validation,2023-09,country_cn,country_us,-0.30518870677849236,-0.07857657968997955
gcn,validation,2023-09,country_cn,country_vn,0.2410468172145438,-0.11141598224639893
gcn,validation,2023-09,country_de,country_203,-0.007831477585260146,-0.12484550476074219
gcn,validation,2023-09,country_de,country_344,0.012246267958754865,-0.15162193775177002
gcn,validation,2023-09,country_de,country_372,-0.08808688323361494,-0.20612135529518127
gcn,validation,2023-09,country_de,country_380,-0.1673103268109545,-0.15496039390563965
gcn,validation,2023-09,country_de,country_cn,-0.058996251689707256,-0.16388821601867676
gcn,validation,2023-09,country_de,country_fr,-0.04882351048523373,-0.18287253379821777
gcn,validation,2023-09,country_de,country_gb,0.2015164577040755,-0.1835378110408783
gcn,validation,2023-09,country_de,country_in,-0.12549805722617594,-0.14451220631599426
gcn,validation,2023-09,country_de,country_jp,-0.23871206241068202,-0.1867886781692505
gcn,validation,2023-09,country_de,country_kr,0.36485566591825513,-0.1548856794834137
gcn,validation,2023-09,country_de,country_mx,-0.011469450262356393,-0.19082579016685486
gcn,validation,2023-09,country_de,country_my,0.1011660569117856,-0.1554771065711975
gcn,validation,2023-09,country_de,country_ph,0.03772506305824619,-0.1859970986843109
gcn,validation,2023-09,country_de,country_sg,-0.010788780984718681,-0.16640421748161316
gcn,validation,2023-09,country_de,country_th,0.09816017734610408,-0.1905096173286438
gcn,validation,2023-09,country_de,country_us,0.10366184416078919,-0.08946698904037476
gcn,validation,2023-09,country_de,country_vn,0.19350043705520137,-0.14411398768424988
gcn,validation,2023-09,country_fr,country_203,0.3766802585624915,-0.13050147891044617
gcn,validation,2023-09,country_fr,country_344,0.18278626040520315,-0.15139025449752808
gcn,validation,2023-09,country_fr,country_372,0.22019517177466663,-0.20161905884742737
gcn,validation,2023-09,country_fr,country_380,-0.2757749023613747,-0.15059757232666016
gcn,validation,2023-09,country_fr,country_cn,0.23092588448485188,-0.16394361853599548
gcn,validation,2023-09,country_fr,country_de,0.08488357291527641,-0.1852688193321228
gcn,validation,2023-09,country_fr,country_gb,0.07903144127639972,-0.18816757202148438
gcn,validation,2023-09,country_fr,country_in,-0.33397679056492835,-0.1459425687789917
gcn,validation,2023-09,country_fr,country_jp,0.205304563814233,-0.18212097883224487
gcn,validation,2023-09,country_fr,country_kr,0.30842021148958276,-0.16000759601593018
gcn,validation,2023-09,country_fr,country_mx,0.05502023855664945,-0.19347530603408813
gcn,validation,2023-09,country_fr,country_my,-0.13627197108693626,-0.16026520729064941
gcn,validation,2023-09,country_fr,country_ph,0.43923196756366867,-0.18262749910354614
gcn,validation,2023-09,country_fr,country_sg,0.09879755146403234,-0.1705508828163147
gcn,validation,2023-09,country_fr,country_th,0.1385354332825323,-0.18662196397781372
gcn,validation,2023-09,country_fr,country_us,-0.10061571446899284,-0.09716272354125977
gcn,validation,2023-09,country_fr,country_vn,0.7872575096389374,-0.13584405183792114
gcn,validation,2023-09,country_gb,country_203,-0.42913970576012406,-0.13844239711761475
gcn,validation,2023-09,country_gb,country_344,-0.30039928008883715,-0.1547340452671051
gcn,validation,2023-09,country_gb,country_372,0.2416109581964747,-0.20534655451774597
gcn,validation,2023-09,country_gb,country_380,-0.05348353855402385,-0.16579437255859375
gcn,validation,2023-09,country_gb,country_cn,0.32745598065239445,-0.16668346524238586
gcn,validation,2023-09,country_gb,country_de,3.3968661299908622,-0.19105559587478638
gcn,validation,2023-09,country_gb,country_fr,0.11116473073556404,-0.1925778090953827
gcn,validation,2023-09,country_gb,country_in,-0.1243674198186782,-0.14746999740600586
gcn,validation,2023-09,country_gb,country_jp,-0.14590877146256565,-0.18480083346366882
gcn,validation,2023-09,country_gb,country_kr,0.4365049562734976,-0.16012832522392273
gcn,validation,2023-09,country_gb,country_mx,-0.3461749616064136,-0.19500526785850525
gcn,validation,2023-09,country_gb,country_my,-0.3485978782778277,-0.15495651960372925
gcn,validation,2023-09,country_gb,country_ph,-0.195516061138106,-0.1834288239479065
gcn,validation,2023-09,country_gb,country_sg,0.282081837448558,-0.17195060849189758
gcn,validation,2023-09,country_gb,country_th,0.28836503217251336,-0.18962544202804565
gcn,validation,2023-09,country_gb,country_us,-0.20410079114102592,-0.09812033176422119
gcn,validation,2023-09,country_gb,country_vn,0.7054257965534051,-0.1387690007686615
gcn,validation,2023-09,country_in,country_203,-0.5454563559237647,-0.126982182264328
gcn,validation,2023-09,country_in,country_344,0.06303014549305903,-0.14343029260635376
gcn,validation,2023-09,country_in,country_372,3.141233040282387,-0.1980791687965393
gcn,validation,2023-09,country_in,country_380,0.3206824323348723,-0.1551443636417389
gcn,validation,2023-09,country_in,country_cn,-0.4498334621577569,-0.14950335025787354
gcn,validation,2023-09,country_in,country_de,-0.2116790699292837,-0.17703810334205627
gcn,validation,2023-09,country_in,country_fr,-0.21220946083759304,-0.18006843328475952
gcn,validation,2023-09,country_in,country_gb,-0.254331010589071,-0.17601603269577026
gcn,validation,2023-09,country_in,country_jp,0.21415607382572438,-0.17500054836273193
gcn,validation,2023-09,country_in,country_kr,0.31930753444244453,-0.1459571123123169
gcn,validation,2023-09,country_in,country_mx,-0.5149696407539741,-0.18014287948608398
gcn,validation,2023-09,country_in,country_my,0.4253150049181209,-0.1489977240562439
gcn,validation,2023-09,country_in,country_ph,-0.6066724407500309,-0.1745142638683319
gcn,validation,2023-09,country_in,country_sg,-0.4019483525375689,-0.15900805592536926
gcn,validation,2023-09,country_in,country_th,6.588671189088936,-0.17263031005859375
gcn,validation,2023-09,country_in,country_us,0.21661602007050662,-0.07232750952243805
gcn,validation,2023-09,country_in,country_vn,-0.6651492166455654,-0.12603521347045898
gcn,validation,2023-09,country_jp,country_203,-0.21498445177129388,-0.1280689537525177
gcn,validation,2023-09,country_jp,country_344,0.006010151068257348,-0.14796870946884155
gcn,validation,2023-09,country_jp,country_372,0.09363913099435411,-0.20885908603668213
gcn,validation,2023-09,country_jp,country_380,-0.1922014441394765,-0.16549751162528992
gcn,validation,2023-09,country_jp,country_cn,0.04610274836750171,-0.15894120931625366
gcn,validation,2023-09,country_jp,country_de,-0.04603114746092275,-0.190667986869812
gcn,validation,2023-09,country_jp,country_fr,-0.13549578972802376,-0.1870344877243042
gcn,validation,2023-09,country_jp,country_gb,-0.16709274973150878,-0.18167796730995178
gcn,validation,2023-09,country_jp,country_in,0.34821889940700856,-0.13855746388435364
gcn,validation,2023-09,country_jp,country_kr,0.1647150375531915,-0.15113535523414612
gcn,validation,2023-09,country_jp,country_mx,0.26827120575686153,-0.18937119841575623
gcn,validation,2023-09,country_jp,country_my,-0.18538829853487984,-0.154800146818161
gcn,validation,2023-09,country_jp,country_ph,0.1399019506098323,-0.18286126852035522
gcn,validation,2023-09,country_jp,country_sg,0.07417534653746277,-0.16362440586090088
gcn,validation,2023-09,country_jp,country_th,0.07918178878011602,-0.18572640419006348
gcn,validation,2023-09,country_jp,country_us,0.03538829592995553,-0.08985704183578491
gcn,validation,2023-09,country_jp,country_vn,0.6017439464233213,-0.14367449283599854
gcn,validation,2023-09,country_kr,country_203,1.580195042254395,-0.1263510286808014
gcn,validation,2023-09,country_kr,country_344,0.39652168885948363,-0.1416894793510437
gcn,validation,2023-09,country_kr,country_372,-0.2769615158345039,-0.20837920904159546
gcn,validation,2023-09,country_kr,country_380,-0.30650903915321975,-0.1598321795463562
gcn,validation,2023-09,country_kr,country_cn,0.055584713855314515,-0.15719953179359436
gcn,validation,2023-09,country_kr,country_de,-0.061999283490574576,-0.18478891253471375
gcn,validation,2023-09,country_kr,country_fr,0.01845978885938004,-0.1854599118232727
gcn,validation,2023-09,country_kr,country_gb,-0.06354553910285997,-0.18642741441726685
gcn,validation,2023-09,country_kr,country_in,-0.07211324699089781,-0.1385800838470459
gcn,validation,2023-09,country_kr,country_jp,0.11423342657192424,-0.17836913466453552
gcn,validation,2023-09,country_kr,country_mx,-0.09247470688580055,-0.19189834594726562
gcn,validation,2023-09,country_kr,country_my,0.28863139008289085,-0.15534508228302002
gcn,validation,2023-09,country_kr,country_ph,-0.18656891295294262,-0.17806875705718994
gcn,validation,2023-09,country_kr,country_th,-0.07169456781513991,-0.17981651425361633
gcn,validation,2023-09,country_kr,country_us,-0.13499321670096917,-0.0833168774843216
gcn,validation,2023-09,country_kr,country_vn,0.03201592290489825,-0.12722501158714294
gcn,validation,2023-09,country_mx,country_203,-0.19478088799584647,-0.13321000337600708
gcn,validation,2023-09,country_mx,country_344,-0.14828730424974745,-0.1509910523891449
gcn,validation,2023-09,country_mx,country_372,-0.1398315196813691,-0.20960965752601624
gcn,validation,2023-09,country_mx,country_380,0.18016633576317306,-0.16170886158943176
gcn,validation,2023-09,country_mx,country_cn,0.300786092649441,-0.16202011704444885
gcn,validation,2023-09,country_mx,country_de,-0.06384883032936776,-0.18696990609169006
gcn,validation,2023-09,country_mx,country_fr,-0.19530544710908587,-0.1910962462425232
gcn,validation,2023-09,country_mx,country_gb,-0.26160111308904704,-0.1882697343826294
gcn,validation,2023-09,country_mx,country_in,-0.5691029469563657,-0.14462202787399292
gcn,validation,2023-09,country_mx,country_jp,-0.19684179132337865,-0.1818961501121521
gcn,validation,2023-09,country_mx,country_kr,-0.4279078554694684,-0.15765216946601868
gcn,validation,2023-09,country_mx,country_my,3.493340415791639,-0.15979501605033875
gcn,validation,2023-09,country_mx,country_ph,2.028371336553418,-0.17927610874176025
gcn,validation,2023-09,country_mx,country_sg,0.10927209400876459,-0.17117583751678467
gcn,validation,2023-09,country_mx,country_th,-0.1460515044771862,-0.17963969707489014
gcn,validation,2023-09,country_mx,country_us,0.17751293921566397,-0.08761464059352875
gcn,validation,2023-09,country_mx,country_vn,0.5238316168652959,-0.13671833276748657
gcn,validation,2023-09,country_my,country_203,0.14742971194706778,-0.1142013669013977
gcn,validation,2023-09,country_my,country_344,0.15509317870824438,-0.13428762555122375
gcn,validation,2023-09,country_my,country_372,-0.061130962294529315,-0.19282132387161255
gcn,validation,2023-09,country_my,country_380,-0.4315015223176976,-0.1520024836063385
gcn,validation,2023-09,country_my,country_cn,0.032860511955486366,-0.13987630605697632
gcn,validation,2023-09,country_my,country_de,-0.006286932762515153,-0.17512834072113037
gcn,validation,2023-09,country_my,country_fr,-0.22446155154877523,-0.16648581624031067
gcn,validation,2023-09,country_my,country_gb,-0.08664379063561038,-0.16735202074050903
gcn,validation,2023-09,country_my,country_in,0.09984578851990855,-0.12339448928833008
gcn,validation,2023-09,country_my,country_jp,-0.0050521715482354426,-0.16869759559631348
gcn,validation,2023-09,country_my,country_kr,0.04783960038750319,-0.13590428233146667
gcn,validation,2023-09,country_my,country_mx,-0.20333825419819807,-0.17493587732315063
gcn,validation,2023-09,country_my,country_ph,-0.07375082793378251,-0.16891473531723022
gcn,validation,2023-09,country_my,country_sg,-0.04774210933474856,-0.14672532677650452
gcn,validation,2023-09,country_my,country_th,-0.13441063175242557,-0.1712138056755066
gcn,validation,2023-09,country_my,country_us,0.031907595148008304,-0.06500643491744995
gcn,validation,2023-09,country_my,country_vn,0.3522089370454236,-0.12717083096504211
gcn,validation,2023-09,country_ph,country_203,-0.26430425543826425,-0.12877503037452698
gcn,validation,2023-09,country_ph,country_344,-0.23898565781903197,-0.1476866602897644
gcn,validation,2023-09,country_ph,country_372,-0.23637926456324101,-0.2079101800918579
gcn,validation,2023-09,country_ph,country_380,-0.03193810589826534,-0.16579103469848633
gcn,validation,2023-09,country_ph,country_cn,0.0029307848854698993,-0.15904057025909424
gcn,validation,2023-09,country_ph,country_de,-0.12789127953279972,-0.1897754669189453
gcn,validation,2023-09,country_ph,country_fr,-0.17627732870670698,-0.18378996849060059
gcn,validation,2023-09,country_ph,country_gb,-0.18994870226531543,-0.18234866857528687
gcn,validation,2023-09,country_ph,country_in,0.8801652846518228,-0.13881957530975342
gcn,validation,2023-09,country_ph,country_jp,-0.04592312803287736,-0.17901787161827087
gcn,validation,2023-09,country_ph,country_kr,0.07659327114360279,-0.1509810984134674
gcn,validation,2023-09,country_ph,country_mx,-0.13735208780277144,-0.18848443031311035
gcn,validation,2023-09,country_ph,country_my,-0.20188610710915053,-0.15826290845870972
gcn,validation,2023-09,country_ph,country_sg,-0.16483788936157742,-0.1628313958644867
gcn,validation,2023-09,country_ph,country_th,-0.10684428495786272,-0.18616166710853577
gcn,validation,2023-09,country_ph,country_us,-0.16457752085804542,-0.09058257937431335
gcn,validation,2023-09,country_ph,country_vn,0.08805824765867043,-0.12838152050971985
gcn,validation,2023-09,country_sg,country_203,0.36526751456653833,-0.1326439380645752
gcn,validation,2023-09,country_sg,country_344,0.09819268644976052,-0.13987094163894653
gcn,validation,2023-09,country_sg,country_372,-0.25153198155710405,-0.20636293292045593
gcn,validation,2023-09,country_sg,country_380,-0.2867552915298357,-0.15958303213119507
gcn,validation,2023-09,country_sg,country_cn,0.18025318120800776,-0.15890055894851685
gcn,validation,2023-09,country_sg,country_de,0.7095377894721141,-0.1810862421989441
gcn,validation,2023-09,country_sg,country_fr,0.20272527045856886,-0.18694955110549927
gcn,validation,2023-09,country_sg,country_gb,0.4895477294605686,-0.18460410833358765
gcn,validation,2023-09,country_sg,country_in,0.47703788012961545,-0.1405077576637268
gcn,validation,2023-09,country_sg,country_jp,-0.10128408537612572,-0.17732396721839905
gcn,validation,2023-09,country_sg,country_kr,-0.13902345707036204,-0.15408673882484436
gcn,validation,2023-09,country_sg,country_mx,-0.20511028127781258,-0.19106033444404602
gcn,validation,2023-09,country_sg,country_my,0.003254562841193379,-0.15342038869857788
gcn,validation,2023-09,country_sg,country_ph,0.02741756812932584,-0.1762579083442688
gcn,validation,2023-09,country_sg,country_th,0.2074122202415951,-0.17960971593856812
gcn,validation,2023-09,country_sg,country_us,-0.4142533602864137,-0.08362548053264618
gcn,validation,2023-09,country_sg,country_vn,0.2797559216740947,-0.13116568326950073
gcn,validation,2023-09,country_th,country_203,-0.32895027823534345,-0.12551206350326538
gcn,validation,2023-09,country_th,country_344,-0.14517385322044662,-0.14670032262802124
gcn,validation,2023-09,country_th,country_372,-0.08202861444672505,-0.2045476734638214
gcn,validation,2023-09,country_th,country_380,-0.28617131428036285,-0.16139906644821167
gcn,validation,2023-09,country_th,country_cn,-0.003776996008319274,-0.15082216262817383
gcn,validation,2023-09,country_th,country_de,-0.16380949890787244,-0.18828558921813965
gcn,validation,2023-09,country_th,country_fr,-0.185186619414672,-0.1842450499534607
gcn,validation,2023-09,country_th,country_gb,0.0031076055555826223,-0.18061476945877075
gcn,validation,2023-09,country_th,country_in,-0.358206940482296,-0.13765528798103333
gcn,validation,2023-09,country_th,country_jp,-0.09344515461475796,-0.18178272247314453
gcn,validation,2023-09,country_th,country_kr,0.12232776180986904,-0.14811241626739502
gcn,validation,2023-09,country_th,country_mx,-0.09440762752431409,-0.18724438548088074
gcn,validation,2023-09,country_th,country_my,-0.12295143955319653,-0.15274980664253235
gcn,validation,2023-09,country_th,country_ph,-0.22776651698846176,-0.1830952763557434
gcn,validation,2023-09,country_th,country_sg,-0.19067510667120655,-0.16130918264389038
gcn,validation,2023-09,country_th,country_us,0.15924402970979046,-0.07690508663654327
gcn,validation,2023-09,country_th,country_vn,-0.1751067469662268,-0.14107689261436462
gcn,validation,2023-09,country_us,country_203,-0.39812187829342055,-0.1760176420211792
gcn,validation,2023-09,country_us,country_344,0.11642120099777076,-0.18997663259506226
gcn,validation,2023-09,country_us,country_372,-0.47585334166756776,-0.246587336063385
gcn,validation,2023-09,country_us,country_380,-0.16927241404614563,-0.20248037576675415
gcn,validation,2023-09,country_us,country_cn,-0.021126523940094507,-0.2023320198059082
gcn,validation,2023-09,country_us,country_de,-0.2563508841991487,-0.22366243600845337
gcn,validation,2023-09,country_us,country_fr,0.0021582033511698445,-0.22847580909729004
gcn,validation,2023-09,country_us,country_gb,0.38576536046466087,-0.22647935152053833
gcn,validation,2023-09,country_us,country_in,0.3099285277252111,-0.18634504079818726
gcn,validation,2023-09,country_us,country_jp,-0.1941125539499304,-0.21927618980407715
gcn,validation,2023-09,country_us,country_kr,0.41120540676428974,-0.19277071952819824
gcn,validation,2023-09,country_us,country_mx,-0.11844181110665769,-0.23559445142745972
gcn,validation,2023-09,country_us,country_my,0.16292670437992737,-0.19138994812965393
gcn,validation,2023-09,country_us,country_ph,-0.115159193435369,-0.2170788049697876
gcn,validation,2023-09,country_us,country_sg,0.030110732674807406,-0.20908048748970032
gcn,validation,2023-09,country_us,country_th,0.18819346287458114,-0.223021000623703
gcn,validation,2023-09,country_us,country_vn,0.3902137941700439,-0.17641472816467285
gcn,validation,2023-09,country_vn,country_203,4.14459779881616,-0.11898836493492126
gcn,validation,2023-09,country_vn,country_344,0.12718076546120413,-0.13670289516448975
gcn,validation,2023-09,country_vn,country_372,0.20611630724095534,-0.2006452977657318
gcn,validation,2023-09,country_vn,country_380,0.38202562453093764,-0.1568869948387146
gcn,validation,2023-09,country_vn,country_cn,0.10608401043820938,-0.145577073097229
gcn,validation,2023-09,country_vn,country_de,0.07321062803409907,-0.17771607637405396
gcn,validation,2023-09,country_vn,country_fr,1.1015405373913418,-0.18199634552001953
gcn,validation,2023-09,country_vn,country_gb,0.4772813107489082,-0.178863525390625
gcn,validation,2023-09,country_vn,country_in,0.28108038531001284,-0.13467490673065186
gcn,validation,2023-09,country_vn,country_jp,0.14214258538190125,-0.17315661907196045
gcn,validation,2023-09,country_vn,country_kr,0.259182353642151,-0.1453346610069275
gcn,validation,2023-09,country_vn,country_mx,0.4765234005386057,-0.1840808093547821
gcn,validation,2023-09,country_vn,country_my,0.009741111897552931,-0.14986145496368408
gcn,validation,2023-09,country_vn,country_ph,0.9035829721097541,-0.17209362983703613
gcn,validation,2023-09,country_vn,country_sg,0.5639938307000174,-0.16012614965438843
gcn,validation,2023-09,country_vn,country_th,1.095961332171053,-0.17692792415618896
gcn,validation,2023-09,country_vn,country_us,-0.08579558340544119,-0.07200728356838226
gcn,validation,2023-10,country_203,country_344,-0.10895830234739383,-0.1039864718914032
gcn,validation,2023-10,country_203,country_372,0.025734271433531086,-0.14370906352996826
gcn,validation,2023-10,country_203,country_380,0.04502176903440772,-0.12101203203201294
gcn,validation,2023-10,country_203,country_cn,0.5498171023710576,-0.13476645946502686
gcn,validation,2023-10,country_203,country_de,-0.33344134269402975,-0.1467660367488861
gcn,validation,2023-10,country_203,country_fr,-0.20961517587541817,-0.11108160018920898
gcn,validation,2023-10,country_203,country_gb,0.8387335438845908,-0.1025770902633667
gcn,validation,2023-10,country_203,country_in,-0.958722098060808,-0.15528428554534912
gcn,validation,2023-10,country_203,country_jp,0.8021569628846794,-0.11791792511940002
gcn,validation,2023-10,country_203,country_kr,-0.13100698160322072,-0.1387399435043335
gcn,validation,2023-10,country_203,country_mx,-0.37459509644133004,-0.16326725482940674
gcn,validation,2023-10,country_203,country_my,-0.36897714633651696,-0.10355451703071594
gcn,validation,2023-10,country_203,country_ph,0.02642726144372814,-0.130325049161911
gcn,validation,2023-10,country_203,country_sg,0.6298050913423376,-0.14338910579681396
gcn,validation,2023-10,country_203,country_th,-0.22580961614958697,-0.12079238891601562
gcn,validation,2023-10,country_203,country_us,-0.1966670192295563,-0.05077625811100006
gcn,validation,2023-10,country_203,country_vn,-0.15850259406063494,-0.12522736191749573
gcn,validation,2023-10,country_344,country_203,-0.6449067217953942,-0.12010714411735535
gcn,validation,2023-10,country_344,country_372,0.0695656617839431,-0.13372057676315308
gcn,validation,2023-10,country_344,country_380,-0.4349800319014902,-0.10646381974220276
gcn,validation,2023-10,country_344,country_cn,2.8768165766623914,-0.1108083426952362
gcn,validation,2023-10,country_344,country_de,-0.5194744638926844,-0.13020145893096924
gcn,validation,2023-10,country_344,country_fr,-0.3191816676767336,-0.09622688591480255
gcn,validation,2023-10,country_344,country_gb,-0.5723122026208749,-0.07713444530963898
gcn,validation,2023-10,country_344,country_in,-0.3783080044210611,-0.12444153428077698
gcn,validation,2023-10,country_344,country_jp,-0.3115907514993161,-0.09991824626922607
gcn,validation,2023-10,country_344,country_kr,0.6803199753079036,-0.11149945855140686
gcn,validation,2023-10,country_344,country_mx,0.28141487531835846,-0.1452879011631012
gcn,validation,2023-10,country_344,country_my,-0.09442542813444162,-0.08538854122161865
gcn,validation,2023-10,country_344,country_ph,-0.21810297442985596,-0.10320225358009338
gcn,validation,2023-10,country_344,country_sg,-0.42836271868805614,-0.12088930606842041
gcn,validation,2023-10,country_344,country_th,0.09868411374120613,-0.09071549773216248
gcn,validation,2023-10,country_344,country_us,-0.7451743959639874,-0.03291979432106018
gcn,validation,2023-10,country_344,country_vn,-0.9641955776851441,-0.10302603244781494
gcn,validation,2023-10,country_372,country_203,0.3277153743738501,-0.14940625429153442
gcn,validation,2023-10,country_372,country_344,-0.6765190411833046,-0.12004959583282471
gcn,validation,2023-10,country_372,country_380,0.0912004532331779,-0.13709402084350586
gcn,validation,2023-10,country_372,country_cn,0.3252188659016428,-0.1488187313079834
gcn,validation,2023-10,country_372,country_de,-0.11901767551793449,-0.16381564736366272
gcn,validation,2023-10,country_372,country_fr,-0.30917787578637274,-0.12094372510910034
gcn,validation,2023-10,country_372,country_gb,-0.6923495945503388,-0.11000728607177734
gcn,validation,2023-10,country_372,country_in,-0.9040303284372817,-0.16788703203201294
gcn,validation,2023-10,country_372,country_jp,0.14305737122681314,-0.12326812744140625
gcn,validation,2023-10,country_372,country_kr,-0.5611246938188009,-0.15191036462783813
gcn,validation,2023-10,country_372,country_mx,87.39146839453302,-0.17369753122329712
gcn,validation,2023-10,country_372,country_my,0.5302748397438305,-0.11490243673324585
gcn,validation,2023-10,country_372,country_ph,-0.111334694332753,-0.13115912675857544
gcn,validation,2023-10,country_372,country_sg,0.3431061961373051,-0.15704157948493958
gcn,validation,2023-10,country_372,country_th,5.248672819840722,-0.12867122888565063
gcn,validation,2023-10,country_372,country_us,0.23384525522816046,-0.05857309699058533
gcn,validation,2023-10,country_372,country_vn,0.3004397389941404,-0.14719858765602112
gcn,validation,2023-10,country_380,country_203,-0.04826842561338641,-0.12470448017120361
gcn,validation,2023-10,country_380,country_344,0.620103424752038,-0.08775252103805542
gcn,validation,2023-10,country_380,country_372,-0.015896404197558764,-0.13424894213676453
gcn,validation,2023-10,country_380,country_cn,0.025386741538797986,-0.12484994530677795
gcn,validation,2023-10,country_380,country_de,-0.2046440669250755,-0.13485929369926453
gcn,validation,2023-10,country_380,country_fr,0.16819131445533977,-0.09980335831642151
gcn,validation,2023-10,country_380,country_gb,0.19738895423230832,-0.08920218050479889
gcn,validation,2023-10,country_380,country_in,0.14005141695025441,-0.14850232005119324
gcn,validation,2023-10,country_380,country_jp,-0.29743981585551355,-0.10254937410354614
gcn,validation,2023-10,country_380,country_kr,1.2737968413930991,-0.12618836760520935
gcn,validation,2023-10,country_380,country_mx,-0.23621640073719863,-0.15357160568237305
gcn,validation,2023-10,country_380,country_my,-0.14475505505960368,-0.10210782289505005
gcn,validation,2023-10,country_380,country_ph,-0.15790726625172227,-0.11718454957008362
gcn,validation,2023-10,country_380,country_sg,0.3003394858792007,-0.12605169415473938
gcn,validation,2023-10,country_380,country_th,-0.19117738575751256,-0.10567408800125122
gcn,validation,2023-10,country_380,country_us,-0.12167314117317665,-0.03182157874107361
gcn,validation,2023-10,country_380,country_vn,0.8350595700925074,-0.11602011322975159
gcn,validation,2023-10,country_cn,country_203,0.12813253900553873,-0.12318536639213562
gcn,validation,2023-10,country_cn,country_344,0.16169789674447785,-0.09116899967193604
gcn,validation,2023-10,country_cn,country_372,4.159868232380842,-0.13580197095870972
gcn,validation,2023-10,country_cn,country_380,-0.43304826339292474,-0.1113031804561615
gcn,validation,2023-10,country_cn,country_de,-0.39376056956156136,-0.1323344111442566
gcn,validation,2023-10,country_cn,country_fr,-0.32898555450816513,-0.09369164705276489
gcn,validation,2023-10,country_cn,country_gb,-0.44799266702628765,-0.08181700110435486
gcn,validation,2023-10,country_cn,country_in,0.14661276466539855,-0.13941028714179993
gcn,validation,2023-10,country_cn,country_jp,-0.04343185765915917,-0.09783178567886353
gcn,validation,2023-10,country_cn,country_kr,-0.0574438083155362,-0.11681240797042847
gcn,validation,2023-10,country_cn,country_mx,-0.08788215377702559,-0.15677976608276367
gcn,validation,2023-10,country_cn,country_my,-0.05708447164413222,-0.09510324895381927
gcn,validation,2023-10,country_cn,country_ph,0.15217021953583448,-0.11261233687400818
gcn,validation,2023-10,country_cn,country_sg,-0.03271848393998967,-0.12856248021125793
gcn,validation,2023-10,country_cn,country_th,-0.09620811913895284,-0.093143031001091
gcn,validation,2023-10,country_cn,country_us,-0.3363801500747089,-0.023363828659057617
gcn,validation,2023-10,country_cn,country_vn,0.26314486462223674,-0.10700047016143799
gcn,validation,2023-10,country_de,country_203,0.03579421953389747,-0.13246425986289978
gcn,validation,2023-10,country_de,country_344,-0.09518209147617374,-0.10445472598075867
gcn,validation,2023-10,country_de,country_372,-0.2223602697964016,-0.14507970213890076
gcn,validation,2023-10,country_de,country_380,-0.2165116198086424,-0.11621102690696716
gcn,validation,2023-10,country_de,country_cn,0.024393699588483128,-0.13364040851593018
gcn,validation,2023-10,country_de,country_fr,0.005853705506286759,-0.10884472727775574
gcn,validation,2023-10,country_de,country_gb,-0.15614156449746583,-0.10305988788604736
gcn,validation,2023-10,country_de,country_in,-0.12321529969280727,-0.1510055661201477
gcn,validation,2023-10,country_de,country_jp,-0.23998777725661335,-0.11972355842590332
gcn,validation,2023-10,country_de,country_kr,0.396297771583746,-0.13442501425743103
gcn,validation,2023-10,country_de,country_mx,-0.12159056099101233,-0.16381299495697021
gcn,validation,2023-10,country_de,country_my,-0.05404841712101967,-0.10479137301445007
gcn,validation,2023-10,country_de,country_ph,-0.0959794317036649,-0.13168540596961975
gcn,validation,2023-10,country_de,country_sg,-0.0384958265684559,-0.1389409899711609
gcn,validation,2023-10,country_de,country_th,-0.2471145135523848,-0.11792159080505371
gcn,validation,2023-10,country_de,country_us,0.3559360867594829,-0.03540278971195221
gcn,validation,2023-10,country_de,country_vn,-0.3964417123980309,-0.1293518841266632
gcn,validation,2023-10,country_fr,country_203,-0.3063601716982025,-0.1333451271057129
gcn,validation,2023-10,country_fr,country_344,0.37650309755895944,-0.09983551502227783
gcn,validation,2023-10,country_fr,country_372,-0.5373925436377852,-0.13728120923042297
gcn,validation,2023-10,country_fr,country_380,-0.24429382368329042,-0.11253061890602112
gcn,validation,2023-10,country_fr,country_cn,0.30243348937408115,-0.1309642195701599
gcn,validation,2023-10,country_fr,country_de,-0.061552212177588043,-0.1469653844833374
gcn,validation,2023-10,country_fr,country_gb,-0.09849098670598064,-0.1016438901424408
gcn,validation,2023-10,country_fr,country_in,0.01577033624564036,-0.14532387256622314
gcn,validation,2023-10,country_fr,country_jp,0.3378207284584022,-0.11723312735557556
gcn,validation,2023-10,country_fr,country_kr,0.22645613735952802,-0.13344237208366394
gcn,validation,2023-10,country_fr,country_mx,0.09145044310565714,-0.1566973626613617
gcn,validation,2023-10,country_fr,country_my,0.08478374289254893,-0.11574980616569519
gcn,validation,2023-10,country_fr,country_ph,-0.3086455148644438,-0.13009437918663025
gcn,validation,2023-10,country_fr,country_sg,0.2424787352876276,-0.13272824883460999
gcn,validation,2023-10,country_fr,country_th,-0.08628564236819612,-0.11710390448570251
gcn,validation,2023-10,country_fr,country_us,-0.19667091759371227,-0.03282584249973297
gcn,validation,2023-10,country_fr,country_vn,0.31726538313825153,-0.1328946053981781
gcn,validation,2023-10,country_gb,country_203,-0.19733058036593237,-0.13331830501556396
gcn,validation,2023-10,country_gb,country_344,-0.35247507889285273,-0.10130462050437927
gcn,validation,2023-10,country_gb,country_372,0.2873360388802749,-0.13704833388328552
gcn,validation,2023-10,country_gb,country_380,0.20638999626468035,-0.12244555354118347
gcn,validation,2023-10,country_gb,country_cn,0.3055908512789345,-0.13016864657402039
gcn,validation,2023-10,country_gb,country_de,3.1040855058220624,-0.14753472805023193
gcn,validation,2023-10,country_gb,country_fr,0.22017301006166953,-0.11180117726325989
gcn,validation,2023-10,country_gb,country_in,-0.16621645419853814,-0.14129239320755005
gcn,validation,2023-10,country_gb,country_jp,-0.133994736620483,-0.1160898208618164
gcn,validation,2023-10,country_gb,country_kr,0.28829541290214583,-0.12782925367355347
gcn,validation,2023-10,country_gb,country_mx,-0.5572996683922404,-0.15286993980407715
gcn,validation,2023-10,country_gb,country_my,-0.2555113047754395,-0.10413092374801636
gcn,validation,2023-10,country_gb,country_ph,-0.09375494548927639,-0.1262381672859192
gcn,validation,2023-10,country_gb,country_sg,-0.3287785810089512,-0.13283473253250122
gcn,validation,2023-10,country_gb,country_th,0.2656969465161052,-0.1126929521560669
gcn,validation,2023-10,country_gb,country_us,-0.26060514217941705,-0.028630807995796204
gcn,validation,2023-10,country_gb,country_vn,2.2842415666481206,-0.1233014464378357
gcn,validation,2023-10,country_in,country_203,2.6433599050203527,-0.14086541533470154
gcn,validation,2023-10,country_in,country_344,0.36828994640954593,-0.10466030240058899
gcn,validation,2023-10,country_in,country_372,1.4102537678361087,-0.1476270854473114
gcn,validation,2023-10,country_in,country_380,-0.49992749957907073,-0.1303211748600006
gcn,validation,2023-10,country_in,country_cn,-0.3971166337204845,-0.13415539264678955
gcn,validation,2023-10,country_in,country_de,-0.28244721509473075,-0.14981412887573242
gcn,validation,2023-10,country_in,country_fr,-0.17367760834986093,-0.11481958627700806
gcn,validation,2023-10,country_in,country_gb,-0.09854843335243116,-0.10163074731826782
gcn,validation,2023-10,country_in,country_jp,-0.558666526898987,-0.11642616987228394
gcn,validation,2023-10,country_in,country_kr,0.4961688562921594,-0.13644474744796753
gcn,validation,2023-10,country_in,country_mx,0.9049897596925834,-0.15943700075149536
gcn,validation,2023-10,country_in,country_my,-0.6271328097739448,-0.11541914939880371
gcn,validation,2023-10,country_in,country_ph,-0.8831415515058085,-0.13018855452537537
gcn,validation,2023-10,country_in,country_sg,-0.2916537223264702,-0.14231011271476746
gcn,validation,2023-10,country_in,country_th,11.393499372787092,-0.10882624983787537
gcn,validation,2023-10,country_in,country_us,-0.316392513361295,-0.02003362774848938
gcn,validation,2023-10,country_in,country_vn,-0.4332820550278589,-0.12441369891166687
gcn,validation,2023-10,country_jp,country_203,-0.25577456620786326,-0.1333170235157013
gcn,validation,2023-10,country_jp,country_344,0.06088736747386684,-0.09886050224304199
gcn,validation,2023-10,country_jp,country_372,0.23844307541547702,-0.14952829480171204
gcn,validation,2023-10,country_jp,country_380,-0.2740264591546507,-0.1252027451992035
gcn,validation,2023-10,country_jp,country_cn,0.21283491083891143,-0.12738561630249023
gcn,validation,2023-10,country_jp,country_de,-0.047724761420532065,-0.1492626667022705
gcn,validation,2023-10,country_jp,country_fr,-0.4870192104918129,-0.10866153240203857
gcn,validation,2023-10,country_jp,country_gb,-0.09032528623439973,-0.10416293144226074
gcn,validation,2023-10,country_jp,country_in,-0.13137462447819792,-0.14608067274093628
gcn,validation,2023-10,country_jp,country_kr,0.08780299971448928,-0.1292189657688141
gcn,validation,2023-10,country_jp,country_mx,0.033135354288210336,-0.16170981526374817
gcn,validation,2023-10,country_jp,country_my,-0.032860308954316235,-0.10410979390144348
gcn,validation,2023-10,country_jp,country_ph,-0.07781232370218794,-0.1265162229537964
gcn,validation,2023-10,country_jp,country_sg,0.10761289362484606,-0.13372820615768433
gcn,validation,2023-10,country_jp,country_th,0.05569652931233456,-0.1105271577835083
gcn,validation,2023-10,country_jp,country_us,-0.032190822995066565,-0.031816497445106506
gcn,validation,2023-10,country_jp,country_vn,0.3490705096242193,-0.11916249990463257
gcn,validation,2023-10,country_kr,country_203,-0.09720880648389456,-0.12747502326965332
gcn,validation,2023-10,country_kr,country_344,0.3441115324733998,-0.090212881565094
gcn,validation,2023-10,country_kr,country_372,0.5465383324561252,-0.14362293481826782
gcn,validation,2023-10,country_kr,country_380,0.01539283792949818,-0.1224629282951355
gcn,validation,2023-10,country_kr,country_cn,0.13443052611524076,-0.11870232224464417
gcn,validation,2023-10,country_kr,country_de,-0.10218308461552439,-0.13914614915847778
gcn,validation,2023-10,country_kr,country_fr,-0.5052108324031382,-0.10156860947608948
gcn,validation,2023-10,country_kr,country_gb,0.07035683201204798,-0.09157764911651611
gcn,validation,2023-10,country_kr,country_in,0.009532575909402298,-0.1375357210636139
gcn,validation,2023-10,country_kr,country_jp,-0.11298076298905953,-0.1007864773273468
gcn,validation,2023-10,country_kr,country_mx,-0.021579221972863112,-0.15270107984542847
gcn,validation,2023-10,country_kr,country_my,0.4421591243724902,-0.09594011306762695
gcn,validation,2023-10,country_kr,country_ph,-0.20889006355847797,-0.11418679356575012
gcn,validation,2023-10,country_kr,country_th,0.053682431837095736,-0.09701059758663177
gcn,validation,2023-10,country_kr,country_us,-0.26657517161261746,-0.013527050614356995
gcn,validation,2023-10,country_kr,country_vn,0.22070763097121315,-0.10796386003494263
gcn,validation,2023-10,country_mx,country_203,-0.8522442492786928,-0.13649994134902954
gcn,validation,2023-10,country_mx,country_344,-0.3108398755859784,-0.10234889388084412
gcn,validation,2023-10,country_mx,country_372,-0.22617602390066968,-0.14899349212646484
gcn,validation,2023-10,country_mx,country_380,-0.7214910744509189,-0.12585914134979248
gcn,validation,2023-10,country_mx,country_cn,0.13009542470761837,-0.12824326753616333
gcn,validation,2023-10,country_mx,country_de,-0.28273491944356677,-0.14662480354309082
gcn,validation,2023-10,country_mx,country_fr,-0.3566901183025455,-0.11135214567184448
gcn,validation,2023-10,country_mx,country_gb,-0.38410238154385384,-0.0999169647693634
gcn,validation,2023-10,country_mx,country_in,0.8813719041149467,-0.1478046476840973
gcn,validation,2023-10,country_mx,country_jp,-0.29242132890731565,-0.11267906427383423
gcn,validation,2023-10,country_mx,country_kr,-0.31358677087682746,-0.13273829221725464
gcn,validation,2023-10,country_mx,country_my,0.005777069990668605,-0.11010637879371643
gcn,validation,2023-10,country_mx,country_ph,-0.5670650034836058,-0.12493541836738586
gcn,validation,2023-10,country_mx,country_sg,-0.45874704941285027,-0.13701671361923218
gcn,validation,2023-10,country_mx,country_th,0.21254299726970527,-0.10813868045806885
gcn,validation,2023-10,country_mx,country_us,-0.008190865977904409,-0.020223021507263184
gcn,validation,2023-10,country_mx,country_vn,0.4652231601953804,-0.11895939707756042
gcn,validation,2023-10,country_my,country_203,0.09570591732142739,-0.1318754255771637
gcn,validation,2023-10,country_my,country_344,0.01672250496939987,-0.09649141132831573
gcn,validation,2023-10,country_my,country_372,0.3361975197124205,-0.14549165964126587
gcn,validation,2023-10,country_my,country_380,-0.45089047769117796,-0.12413620948791504
gcn,validation,2023-10,country_my,country_cn,-0.025879242996566746,-0.11974933743476868
gcn,validation,2023-10,country_my,country_de,-0.0987118992772569,-0.14656096696853638
gcn,validation,2023-10,country_my,country_fr,-0.39914613619229433,-0.1094403862953186
gcn,validation,2023-10,country_my,country_gb,-0.28364023983110115,-0.09884101152420044
gcn,validation,2023-10,country_my,country_in,-0.12314346686521076,-0.13377082347869873
gcn,validation,2023-10,country_my,country_jp,0.10450744661043976,-0.114228755235672
gcn,validation,2023-10,country_my,country_kr,-0.039407200376205945,-0.127273827791214
gcn,validation,2023-10,country_my,country_mx,0.026913261259105356,-0.1615525782108307
gcn,validation,2023-10,country_my,country_ph,-0.34679206453934613,-0.12640810012817383
gcn,validation,2023-10,country_my,country_sg,-0.1617859196347628,-0.13079488277435303
gcn,validation,2023-10,country_my,country_th,-0.13448487430251904,-0.11031487584114075
gcn,validation,2023-10,country_my,country_us,-0.08722315189059872,-0.020481303334236145
gcn,validation,2023-10,country_my,country_vn,0.06914533599351093,-0.1359526813030243
gcn,validation,2023-10,country_ph,country_203,-0.23736007389684455,-0.1378156542778015
gcn,validation,2023-10,country_ph,country_344,-0.14482478662988313,-0.10210350155830383
gcn,validation,2023-10,country_ph,country_372,0.08376561291225083,-0.15147042274475098
gcn,validation,2023-10,country_ph,country_380,-0.33246667907701444,-0.12842020392417908
gcn,validation,2023-10,country_ph,country_cn,-0.08241749727138273,-0.13009139895439148
gcn,validation,2023-10,country_ph,country_de,-0.09779856941168223,-0.1516662836074829
gcn,validation,2023-10,country_ph,country_fr,-0.1826577893706363,-0.1118510365486145
gcn,validation,2023-10,country_ph,country_gb,-0.3226136097385321,-0.10463038086891174
gcn,validation,2023-10,country_ph,country_in,0.43232833339000903,-0.1482553482055664
gcn,validation,2023-10,country_ph,country_jp,-0.0607386584802252,-0.1127660870552063
gcn,validation,2023-10,country_ph,country_kr,-0.14425247032992772,-0.1322997510433197
gcn,validation,2023-10,country_ph,country_mx,-0.09195148179731401,-0.16367694735527039
gcn,validation,2023-10,country_ph,country_my,-0.19384616495920742,-0.11670219898223877
gcn,validation,2023-10,country_ph,country_sg,-0.2416936554260681,-0.1368560492992401
gcn,validation,2023-10,country_ph,country_th,0.00758261241688317,-0.11551359295845032
gcn,validation,2023-10,country_ph,country_us,-0.25850569882918695,-0.03670106828212738
gcn,validation,2023-10,country_ph,country_vn,-0.06383632962671962,-0.12528878450393677
gcn,validation,2023-10,country_sg,country_203,-0.19335227730707968,-0.13912400603294373
gcn,validation,2023-10,country_sg,country_344,0.12429007157455522,-0.09674128890037537
gcn,validation,2023-10,country_sg,country_372,0.65573187167087,-0.15185388922691345
gcn,validation,2023-10,country_sg,country_380,-0.154222898799674,-0.12763214111328125
gcn,validation,2023-10,country_sg,country_cn,0.2112009615652365,-0.13117140531539917
gcn,validation,2023-10,country_sg,country_de,0.15374634209942628,-0.1471567451953888
gcn,validation,2023-10,country_sg,country_fr,-0.11859430542137044,-0.11171719431877136
gcn,validation,2023-10,country_sg,country_gb,0.06303821906322812,-0.10256054997444153
gcn,validation,2023-10,country_sg,country_in,0.20445785253984133,-0.14753735065460205
gcn,validation,2023-10,country_sg,country_jp,-0.057031933322145435,-0.11239296197891235
gcn,validation,2023-10,country_sg,country_kr,-0.14998408926795712,-0.1319185495376587
gcn,validation,2023-10,country_sg,country_mx,0.09224649746987272,-0.1610824465751648
gcn,validation,2023-10,country_sg,country_my,-0.0337788944465071,-0.10357260704040527
gcn,validation,2023-10,country_sg,country_ph,-0.24988773540244863,-0.12089931964874268
gcn,validation,2023-10,country_sg,country_th,-0.23964266583209265,-0.10735636949539185
gcn,validation,2023-10,country_sg,country_us,-0.5299775013865332,-0.026211202144622803
gcn,validation,2023-10,country_sg,country_vn,-0.03174826735797872,-0.12139540910720825
gcn,validation,2023-10,country_th,country_203,-0.27716771098932075,-0.12736108899116516
gcn,validation,2023-10,country_th,country_344,-0.012304015688785115,-0.09349498152732849
gcn,validation,2023-10,country_th,country_372,-0.022777230718565918,-0.13902506232261658
gcn,validation,2023-10,country_th,country_380,-0.2652412548843623,-0.11576724052429199
gcn,validation,2023-10,country_th,country_cn,-0.06565064279226537,-0.11440092325210571
gcn,validation,2023-10,country_th,country_de,-0.11983434296772262,-0.14075610041618347
gcn,validation,2023-10,country_th,country_fr,-0.11199108424250762,-0.10772141814231873
gcn,validation,2023-10,country_th,country_gb,-0.4144155366174361,-0.09319184720516205
gcn,validation,2023-10,country_th,country_in,-0.5282833914504915,-0.14136898517608643
gcn,validation,2023-10,country_th,country_jp,0.050653626294162556,-0.10838699340820312
gcn,validation,2023-10,country_th,country_kr,0.12603019438490254,-0.12231144309043884
gcn,validation,2023-10,country_th,country_mx,-0.01793340392833743,-0.15519630908966064
gcn,validation,2023-10,country_th,country_my,0.1021437186815721,-0.09623602032661438
gcn,validation,2023-10,country_th,country_ph,-0.2621658431584265,-0.12210100889205933
gcn,validation,2023-10,country_th,country_sg,-0.20186659955792874,-0.12828636169433594
gcn,validation,2023-10,country_th,country_us,0.006303169666280777,-0.01396411657333374
gcn,validation,2023-10,country_th,country_vn,-0.3212075038002453,-0.13045579195022583
gcn,validation,2023-10,country_us,country_203,-0.030708384579225614,-0.1802312135696411
gcn,validation,2023-10,country_us,country_344,-0.06285761325244942,-0.14706012606620789
gcn,validation,2023-10,country_us,country_372,-0.5240594105341367,-0.19433042407035828
gcn,validation,2023-10,country_us,country_380,-0.18869941142295865,-0.17210638523101807
gcn,validation,2023-10,country_us,country_cn,0.12990864711127853,-0.17098352313041687
gcn,validation,2023-10,country_us,country_de,-0.30463167073822334,-0.18769419193267822
gcn,validation,2023-10,country_us,country_fr,-0.048462780217717515,-0.14837822318077087
gcn,validation,2023-10,country_us,country_gb,0.18738211804989854,-0.14106613397598267
gcn,validation,2023-10,country_us,country_in,0.04692524100708292,-0.18420425057411194
gcn,validation,2023-10,country_us,country_jp,-0.21002115165925775,-0.1546129584312439
gcn,validation,2023-10,country_us,country_kr,0.1036421103702999,-0.16377323865890503
gcn,validation,2023-10,country_us,country_mx,0.07348216819052088,-0.19937664270401
gcn,validation,2023-10,country_us,country_my,0.04359243467837443,-0.14714044332504272
gcn,validation,2023-10,country_us,country_ph,-0.08179762317035302,-0.16434937715530396
gcn,validation,2023-10,country_us,country_sg,-0.10628735949714951,-0.17459452152252197
gcn,validation,2023-10,country_us,country_th,0.11088546258855529,-0.15171638131141663
gcn,validation,2023-10,country_us,country_vn,0.7662203501721448,-0.1639586091041565
gcn,validation,2023-10,country_vn,country_203,0.9571255272350886,-0.13832861185073853
gcn,validation,2023-10,country_vn,country_344,0.2914654900333153,-0.103493332862854
gcn,validation,2023-10,country_vn,country_372,29.776893340879464,-0.15493080019950867
gcn,validation,2023-10,country_vn,country_380,-0.5785236509086507,-0.12997221946716309
gcn,validation,2023-10,country_vn,country_cn,-0.014391720876627193,-0.12525597214698792
gcn,validation,2023-10,country_vn,country_de,-0.3889691191924635,-0.15037354826927185
gcn,validation,2023-10,country_vn,country_fr,-0.06286376187025307,-0.11460432410240173
gcn,validation,2023-10,country_vn,country_gb,-0.10554688784411997,-0.1058158278465271
gcn,validation,2023-10,country_vn,country_in,0.03645857415243218,-0.15286380052566528
gcn,validation,2023-10,country_vn,country_jp,0.06976929024759691,-0.12370094656944275
gcn,validation,2023-10,country_vn,country_kr,0.025755813412596956,-0.1342836618423462
gcn,validation,2023-10,country_vn,country_mx,0.3441561496213794,-0.1663283109664917
gcn,validation,2023-10,country_vn,country_my,-0.14732630937601526,-0.1175743043422699
gcn,validation,2023-10,country_vn,country_ph,0.5887049575292902,-0.13838842511177063
gcn,validation,2023-10,country_vn,country_sg,0.34535771493098744,-0.14161020517349243
gcn,validation,2023-10,country_vn,country_th,0.5621542950608526,-0.11739945411682129
gcn,validation,2023-10,country_vn,country_us,-0.14284332457083035,-0.02737128734588623
gcn,validation,2023-11,country_203,country_344,-0.642348598160186,-0.10879740118980408
gcn,validation,2023-11,country_203,country_372,-0.08174393274592631,-0.026145830750465393
gcn,validation,2023-11,country_203,country_380,0.8012462555873667,-0.12784519791603088
gcn,validation,2023-11,country_203,country_cn,-0.2336445856959835,-0.09123975038528442
gcn,validation,2023-11,country_203,country_de,-0.5108478548690291,-0.14129704236984253
gcn,validation,2023-11,country_203,country_fr,0.051703001224723384,-0.14759892225265503
gcn,validation,2023-11,country_203,country_gb,0.4956870280330901,-0.13675710558891296
gcn,validation,2023-11,country_203,country_in,2.667783201583074,-0.12877050042152405
gcn,validation,2023-11,country_203,country_jp,0.2730114757458758,-0.1053037941455841
gcn,validation,2023-11,country_203,country_kr,-0.5132115374815268,-0.10260272026062012
gcn,validation,2023-11,country_203,country_mx,-0.16107782039379276,-0.10549086332321167
gcn,validation,2023-11,country_203,country_my,-0.6104625125088659,-0.1013060212135315
gcn,validation,2023-11,country_203,country_ph,-0.2958885727084664,-0.12299013137817383
gcn,validation,2023-11,country_203,country_sg,0.039479160496036086,-0.12401890754699707
gcn,validation,2023-11,country_203,country_th,0.02087287749403111,-0.09918180108070374
gcn,validation,2023-11,country_203,country_us,0.28283177219132716,-0.08085699379444122
gcn,validation,2023-11,country_203,country_vn,0.2582436733363396,-0.12558132410049438
gcn,validation,2023-11,country_344,country_203,-0.6882414285672555,-0.11501133441925049
gcn,validation,2023-11,country_344,country_372,-0.9349692367487971,-0.024917393922805786
gcn,validation,2023-11,country_344,country_380,-0.6445118009043008,-0.1277504563331604
gcn,validation,2023-11,country_344,country_cn,1.7307130358243643,-0.08495885133743286
gcn,validation,2023-11,country_344,country_de,-0.38671951774360497,-0.1400720775127411
gcn,validation,2023-11,country_344,country_fr,-0.6423149062293241,-0.14436763525009155
gcn,validation,2023-11,country_344,country_gb,-0.340174373221042,-0.12537407875061035
gcn,validation,2023-11,country_344,country_in,-0.40825124685048186,-0.11343804001808167
gcn,validation,2023-11,country_344,country_jp,-0.6666360179114786,-0.10323059558868408
gcn,validation,2023-11,country_344,country_kr,-0.16938163585091706,-0.0920078456401825
gcn,validation,2023-11,country_344,country_mx,-0.20200884292580146,-0.10196647047996521
gcn,validation,2023-11,country_344,country_my,1.5052429373967466,-0.08672401309013367
gcn,validation,2023-11,country_344,country_ph,-0.26026211938749383,-0.11282342672348022
gcn,validation,2023-11,country_344,country_sg,-0.47126316962322956,-0.12038743495941162
gcn,validation,2023-11,country_344,country_th,-0.620427541667904,-0.088524729013443
gcn,validation,2023-11,country_344,country_us,2.1106457641261893,-0.07924248278141022
gcn,validation,2023-11,country_344,country_vn,-0.9414150655192901,-0.12287774682044983
gcn,validation,2023-11,country_372,country_203,-0.5277008601610048,-0.09182263910770416
gcn,validation,2023-11,country_372,country_344,-0.4352222277118367,-0.08629654347896576
gcn,validation,2023-11,country_372,country_380,-0.5438183597511389,-0.1046326756477356
gcn,validation,2023-11,country_372,country_cn,0.23377655152443735,-0.0679379403591156
gcn,validation,2023-11,country_372,country_de,-0.49555738185621767,-0.11872616410255432
gcn,validation,2023-11,country_372,country_fr,-0.1641580279978153,-0.12221407890319824
gcn,validation,2023-11,country_372,country_gb,-0.4736494547164774,-0.10945558547973633
gcn,validation,2023-11,country_372,country_in,0.64653435748177,-0.10101139545440674
gcn,validation,2023-11,country_372,country_jp,-0.14159588126875575,-0.0764826089143753
gcn,validation,2023-11,country_372,country_kr,-0.7224694301984466,-0.08075280487537384
gcn,validation,2023-11,country_372,country_mx,49.547265552828144,-0.0809660404920578
gcn,validation,2023-11,country_372,country_my,0.2810379328983215,-0.07188425958156586
gcn,validation,2023-11,country_372,country_ph,-0.27510686650251864,-0.09452164173126221
gcn,validation,2023-11,country_372,country_sg,-0.1844846130206869,-0.10046893358230591
gcn,validation,2023-11,country_372,country_th,20.11897526439314,-0.07477942109107971
gcn,validation,2023-11,country_372,country_us,-0.19075395127112033,-0.03427135944366455
gcn,validation,2023-11,country_372,country_vn,0.2906993028243794,-0.1118307113647461
gcn,validation,2023-11,country_380,country_203,-0.4307468109600838,-0.12428370118141174
gcn,validation,2023-11,country_380,country_344,0.04142766999165367,-0.11375725269317627
gcn,validation,2023-11,country_380,country_372,-0.6357944109661399,-0.03863793611526489
gcn,validation,2023-11,country_380,country_cn,0.2688663543753299,-0.10196402668952942
gcn,validation,2023-11,country_380,country_de,-0.07067606849050807,-0.14923831820487976
gcn,validation,2023-11,country_380,country_fr,-0.09669277778839148,-0.15322041511535645
gcn,validation,2023-11,country_380,country_gb,0.6909889343955367,-0.14292359352111816
gcn,validation,2023-11,country_380,country_in,0.08047535154287067,-0.1337818205356598
gcn,validation,2023-11,country_380,country_jp,-0.46610849968368223,-0.11038163304328918
gcn,validation,2023-11,country_380,country_kr,0.01827710514889277,-0.11040827631950378
gcn,validation,2023-11,country_380,country_mx,-0.2029877829082264,-0.11463958024978638
gcn,validation,2023-11,country_380,country_my,-0.18524257779726383,-0.10630622506141663
gcn,validation,2023-11,country_380,country_ph,-0.11198130442899208,-0.13256597518920898
gcn,validation,2023-11,country_380,country_sg,0.11593374149024128,-0.12665286660194397
gcn,validation,2023-11,country_380,country_th,-0.04459692759289885,-0.10657006502151489
gcn,validation,2023-11,country_380,country_us,-0.014844684978144783,-0.08273909986019135
gcn,validation,2023-11,country_380,country_vn,-0.23755456380888396,-0.13715657591819763
gcn,validation,2023-11,country_cn,country_203,-0.17410235534454271,-0.1130267083644867
gcn,validation,2023-11,country_cn,country_344,0.28484353388154454,-0.10451275110244751
gcn,validation,2023-11,country_cn,country_372,-0.045912436198468694,-0.022326573729515076
gcn,validation,2023-11,country_cn,country_380,-0.6655701971574186,-0.1248965859413147
gcn,validation,2023-11,country_cn,country_de,-0.45221903868680857,-0.13740605115890503
gcn,validation,2023-11,country_cn,country_fr,-0.3759760722177522,-0.14087677001953125
gcn,validation,2023-11,country_cn,country_gb,-0.4534992161331643,-0.13135090470314026
gcn,validation,2023-11,country_cn,country_in,0.4536758493630195,-0.12121480703353882
gcn,validation,2023-11,country_cn,country_jp,-0.07900945576441855,-0.09881293773651123
gcn,validation,2023-11,country_cn,country_kr,0.06431764365798802,-0.09461730718612671
gcn,validation,2023-11,country_cn,country_mx,-0.26972517424975306,-0.11073172092437744
gcn,validation,2023-11,country_cn,country_my,0.2164959026944608,-0.09879231452941895
gcn,validation,2023-11,country_cn,country_ph,1.3209091310010164,-0.12330317497253418
gcn,validation,2023-11,country_cn,country_sg,-0.015478574433953124,-0.12174037098884583
gcn,validation,2023-11,country_cn,country_th,-0.24465798442654343,-0.08780938386917114
gcn,validation,2023-11,country_cn,country_us,-0.3634435646490023,-0.06475642323493958
gcn,validation,2023-11,country_cn,country_vn,0.29137124058938635,-0.11803612112998962
gcn,validation,2023-11,country_de,country_203,-0.2532776551063702,-0.11875450611114502
gcn,validation,2023-11,country_de,country_344,0.17809895961457198,-0.1109156608581543
gcn,validation,2023-11,country_de,country_372,-0.014285864350181117,-0.036686524748802185
gcn,validation,2023-11,country_de,country_380,-0.37865155258079486,-0.12662124633789062
gcn,validation,2023-11,country_de,country_cn,-0.03713904445780867,-0.09573094546794891
gcn,validation,2023-11,country_de,country_fr,-0.098085938444304,-0.1472976803779602
gcn,validation,2023-11,country_de,country_gb,-0.08969495729603764,-0.14197731018066406
gcn,validation,2023-11,country_de,country_in,0.16587321614505757,-0.12867075204849243
gcn,validation,2023-11,country_de,country_jp,0.10871422962187366,-0.10807165503501892
gcn,validation,2023-11,country_de,country_kr,0.1918290603261757,-0.10505327582359314
gcn,validation,2023-11,country_de,country_mx,-0.21330546625263286,-0.11407268047332764
gcn,validation,2023-11,country_de,country_my,-0.06679568227009636,-0.10507276654243469
gcn,validation,2023-11,country_de,country_ph,-0.19672080331989691,-0.13135969638824463
gcn,validation,2023-11,country_de,country_sg,-0.014149801692701093,-0.12436103820800781
gcn,validation,2023-11,country_de,country_th,-0.19556935927781982,-0.09938296675682068
gcn,validation,2023-11,country_de,country_us,-0.04978296572322404,-0.06751537322998047
gcn,validation,2023-11,country_de,country_vn,-0.2551247172029378,-0.1304835081100464
gcn,validation,2023-11,country_fr,country_203,-0.3404505399914588,-0.124839186668396
gcn,validation,2023-11,country_fr,country_344,0.3042459081427791,-0.11202308535575867
gcn,validation,2023-11,country_fr,country_372,-0.34023438697059194,-0.036735132336616516
gcn,validation,2023-11,country_fr,country_380,-0.21339625186931863,-0.1286173164844513
gcn,validation,2023-11,country_fr,country_cn,0.21409778250224093,-0.09803086519241333
gcn,validation,2023-11,country_fr,country_de,0.002899444125485692,-0.14986395835876465
gcn,validation,2023-11,country_fr,country_gb,0.10860140637095879,-0.14443722367286682
gcn,validation,2023-11,country_fr,country_in,0.48128043939009896,-0.12828347086906433
gcn,validation,2023-11,country_fr,country_jp,0.2277076633336173,-0.10896629095077515
gcn,validation,2023-11,country_fr,country_kr,0.0723931687223437,-0.10765168070793152
gcn,validation,2023-11,country_fr,country_mx,-0.14032483826908212,-0.1134621798992157
gcn,validation,2023-11,country_fr,country_my,-0.3173931378539662,-0.11031994223594666
gcn,validation,2023-11,country_fr,country_ph,-0.25792642481890804,-0.13382276892662048
gcn,validation,2023-11,country_fr,country_sg,-0.12799700781444054,-0.1227409839630127
gcn,validation,2023-11,country_fr,country_th,0.030819815784639423,-0.10383009910583496
gcn,validation,2023-11,country_fr,country_us,-0.003481250857920117,-0.07446834444999695
gcn,validation,2023-11,country_fr,country_vn,0.6688756125695059,-0.13184517621994019
gcn,validation,2023-11,country_gb,country_203,0.04955574425698412,-0.12862032651901245
gcn,validation,2023-11,country_gb,country_344,-0.16456038468212522,-0.11777922511100769
gcn,validation,2023-11,country_gb,country_372,-0.0022213326693042187,-0.03841882944107056
gcn,validation,2023-11,country_gb,country_380,-0.22201216910812624,-0.14034026861190796
gcn,validation,2023-11,country_gb,country_cn,0.003930489629598432,-0.10158693790435791
gcn,validation,2023-11,country_gb,country_de,1.4854715548180968,-0.15374556183815002
gcn,validation,2023-11,country_gb,country_fr,-0.1205238235130918,-0.1560584306716919
gcn,validation,2023-11,country_gb,country_in,1.5599422725730547,-0.13197138905525208
gcn,validation,2023-11,country_gb,country_jp,0.0844546151740023,-0.11246058344841003
gcn,validation,2023-11,country_gb,country_kr,-0.12913171086465286,-0.10865584015846252
gcn,validation,2023-11,country_gb,country_mx,-0.5890457354583007,-0.11370858550071716
gcn,validation,2023-11,country_gb,country_my,-0.2708308993805599,-0.11256155371665955
gcn,validation,2023-11,country_gb,country_ph,-0.15388575431632004,-0.13345658779144287
gcn,validation,2023-11,country_gb,country_sg,-0.1648832333071349,-0.1263822317123413
gcn,validation,2023-11,country_gb,country_th,-0.41530035383741815,-0.1035565435886383
gcn,validation,2023-11,country_gb,country_us,-0.20078256925882682,-0.07455378770828247
gcn,validation,2023-11,country_gb,country_vn,2.3889302969169806,-0.1327926516532898
gcn,validation,2023-11,country_in,country_203,-0.7244001619518722,-0.12274923920631409
gcn,validation,2023-11,country_in,country_344,-0.25912595336095917,-0.11528819799423218
gcn,validation,2023-11,country_in,country_372,0.23688623985260313,-0.03982234001159668
gcn,validation,2023-11,country_in,country_380,-0.5153493106741794,-0.13998141884803772
gcn,validation,2023-11,country_in,country_cn,-0.01565675176736598,-0.09745852649211884
gcn,validation,2023-11,country_in,country_de,0.0020996441388592964,-0.1504022479057312
gcn,validation,2023-11,country_in,country_fr,-0.249792376237976,-0.15057259798049927
gcn,validation,2023-11,country_in,country_gb,0.36345360284837624,-0.14135590195655823
gcn,validation,2023-11,country_in,country_jp,-0.3242814439326856,-0.113192617893219
gcn,validation,2023-11,country_in,country_kr,0.6615489375996086,-0.10802748799324036
gcn,validation,2023-11,country_in,country_mx,-0.20587164713444175,-0.11142739653587341
gcn,validation,2023-11,country_in,country_my,-0.43587994793087487,-0.11229309439659119
gcn,validation,2023-11,country_in,country_ph,-0.35360347960138744,-0.13376441597938538
gcn,validation,2023-11,country_in,country_sg,1.0698619096726716,-0.12906426191329956
gcn,validation,2023-11,country_in,country_th,-0.20224344844927739,-0.09819436073303223
gcn,validation,2023-11,country_in,country_us,-0.2063080974252188,-0.06199786067008972
gcn,validation,2023-11,country_in,country_vn,-0.058238794940840916,-0.1311149299144745
gcn,validation,2023-11,country_jp,country_203,-0.3384130812990941,-0.12276092171669006
gcn,validation,2023-11,country_jp,country_344,0.2082382730420058,-0.10853704810142517
gcn,validation,2023-11,country_jp,country_372,0.9622773642399057,-0.0394391268491745
gcn,validation,2023-11,country_jp,country_380,-0.2946895500651573,-0.13871023058891296
gcn,validation,2023-11,country_jp,country_cn,0.08065432360527389,-0.09379419684410095
gcn,validation,2023-11,country_jp,country_de,-0.09459887189930513,-0.1489226222038269
gcn,validation,2023-11,country_jp,country_fr,-0.2612074043919711,-0.15359875559806824
gcn,validation,2023-11,country_jp,country_gb,-0.19369506254087945,-0.141535222530365
gcn,validation,2023-11,country_jp,country_in,0.1403500040121925,-0.12629884481430054
gcn,validation,2023-11,country_jp,country_kr,0.03215497489823813,-0.10491326451301575
gcn,validation,2023-11,country_jp,country_mx,-0.10243390955653253,-0.11209699511528015
gcn,validation,2023-11,country_jp,country_my,-0.1629425296680512,-0.10244932770729065
gcn,validation,2023-11,country_jp,country_ph,-0.12452826461004048,-0.12851181626319885
gcn,validation,2023-11,country_jp,country_sg,0.04997229047099831,-0.12462323904037476
gcn,validation,2023-11,country_jp,country_th,-0.12879594180425502,-0.096776083111763
gcn,validation,2023-11,country_jp,country_us,-0.04216875447457747,-0.06793572008609772
gcn,validation,2023-11,country_jp,country_vn,0.11103051758345835,-0.12351089715957642
gcn,validation,2023-11,country_kr,country_203,0.7403274988515816,-0.12065529823303223
gcn,validation,2023-11,country_kr,country_344,0.6731910314812398,-0.10497424006462097
gcn,validation,2023-11,country_kr,country_372,-0.4008920103542604,-0.036694496870040894
gcn,validation,2023-11,country_kr,country_380,-0.3994346914006267,-0.136674702167511
gcn,validation,2023-11,country_kr,country_cn,0.15770447592612585,-0.09052969515323639
gcn,validation,2023-11,country_kr,country_de,-0.15022452705906458,-0.1477765142917633
gcn,validation,2023-11,country_kr,country_fr,-0.5017865207214428,-0.14847996830940247
gcn,validation,2023-11,country_kr,country_gb,1.3795002998118604,-0.13744229078292847
gcn,validation,2023-11,country_kr,country_in,0.5294066046469482,-0.12152528762817383
gcn,validation,2023-11,country_kr,country_jp,-0.1507231359342329,-0.10590860247612
gcn,validation,2023-11,country_kr,country_mx,-0.12788976516579417,-0.10913825035095215
gcn,validation,2023-11,country_kr,country_my,0.30197743366143914,-0.1024026870727539
gcn,validation,2023-11,country_kr,country_ph,-0.13739315429807503,-0.1268305778503418
gcn,validation,2023-11,country_kr,country_th,-0.008239771685464282,-0.09765055775642395
gcn,validation,2023-11,country_kr,country_us,-0.2283831151432573,-0.05887790024280548
gcn,validation,2023-11,country_kr,country_vn,0.4130093747654703,-0.12452137470245361
gcn,validation,2023-11,country_mx,country_203,-0.6286678733401376,-0.11975839734077454
gcn,validation,2023-11,country_mx,country_344,0.24781100489312138,-0.10831835865974426
gcn,validation,2023-11,country_mx,country_372,-0.45065430674224144,-0.0331244170665741
gcn,validation,2023-11,country_mx,country_380,0.10959768175584775,-0.1328144073486328
gcn,validation,2023-11,country_mx,country_cn,0.05536378483665832,-0.08880820870399475
gcn,validation,2023-11,country_mx,country_de,-0.35748197898030376,-0.14297497272491455
gcn,validation,2023-11,country_mx,country_fr,-0.2837575958816112,-0.14637300372123718
gcn,validation,2023-11,country_mx,country_gb,-0.45454681829839,-0.13400349020957947
gcn,validation,2023-11,country_mx,country_in,0.23809599921165672,-0.11727353930473328
gcn,validation,2023-11,country_mx,country_jp,-0.07330315097764914,-0.10233533382415771
gcn,validation,2023-11,country_mx,country_kr,-0.29702893091204186,-0.0989755392074585
gcn,validation,2023-11,country_mx,country_my,-0.5190347043769059,-0.10283002257347107
gcn,validation,2023-11,country_mx,country_ph,-0.18380507957188477,-0.12476050853729248
gcn,validation,2023-11,country_mx,country_sg,-0.3093554597099469,-0.12382921576499939
gcn,validation,2023-11,country_mx,country_th,0.9053514176589994,-0.09126754105091095
gcn,validation,2023-11,country_mx,country_us,0.00941016428778942,-0.05253945291042328
gcn,validation,2023-11,country_mx,country_vn,0.21777209612010276,-0.1240103542804718
gcn,validation,2023-11,country_my,country_203,0.10027096476011346,-0.1177104115486145
gcn,validation,2023-11,country_my,country_344,-0.040131823927227465,-0.10583114624023438
gcn,validation,2023-11,country_my,country_372,-0.088282252892114,-0.0334627628326416
gcn,validation,2023-11,country_my,country_380,-0.6884390434762964,-0.13736844062805176
gcn,validation,2023-11,country_my,country_cn,0.11467636185108322,-0.08739617466926575
gcn,validation,2023-11,country_my,country_de,-0.15443906986171987,-0.1443478763103485
gcn,validation,2023-11,country_my,country_fr,-0.2908288369607471,-0.14541113376617432
gcn,validation,2023-11,country_my,country_gb,-0.3839079135681382,-0.1374424695968628
gcn,validation,2023-11,country_my,country_in,-0.026684988547924466,-0.12318482995033264
gcn,validation,2023-11,country_my,country_jp,0.1022741621445483,-0.10367897152900696
gcn,validation,2023-11,country_my,country_kr,-0.15471487810200285,-0.10103893280029297
gcn,validation,2023-11,country_my,country_mx,-0.18865929593282343,-0.10929906368255615
gcn,validation,2023-11,country_my,country_ph,-0.39957981400643,-0.12672212719917297
gcn,validation,2023-11,country_my,country_sg,-0.18230920707990456,-0.12185710668563843
gcn,validation,2023-11,country_my,country_th,0.21925564835808745,-0.0942738801240921
gcn,validation,2023-11,country_my,country_us,0.19837391669089205,-0.05453066527843475
gcn,validation,2023-11,country_my,country_vn,0.19757560717709696,-0.1205451488494873
gcn,validation,2023-11,country_ph,country_203,-0.20172656751448487,-0.1253560185432434
gcn,validation,2023-11,country_ph,country_344,-0.17910568678667274,-0.10961258411407471
gcn,validation,2023-11,country_ph,country_372,-0.1925274867115051,-0.032396599650382996
gcn,validation,2023-11,country_ph,country_380,-0.04141705486062941,-0.139501690864563
gcn,validation,2023-11,country_ph,country_cn,-0.044692181870954244,-0.09363323450088501
gcn,validation,2023-11,country_ph,country_de,-0.2158512321374549,-0.14962825179100037
gcn,validation,2023-11,country_ph,country_fr,-0.326213136127569,-0.1497202217578888
gcn,validation,2023-11,country_ph,country_gb,-0.3243251091240489,-0.14239507913589478
gcn,validation,2023-11,country_ph,country_in,1.0537846321822955,-0.12752991914749146
gcn,validation,2023-11,country_ph,country_jp,0.052169047986068286,-0.10258731245994568
gcn,validation,2023-11,country_ph,country_kr,0.00028579386863347006,-0.10467669367790222
gcn,validation,2023-11,country_ph,country_mx,-0.23132661357199058,-0.11389732360839844
gcn,validation,2023-11,country_ph,country_my,-0.19589863799563584,-0.0997852087020874
gcn,validation,2023-11,country_ph,country_sg,-0.25094600134845024,-0.12322622537612915
gcn,validation,2023-11,country_ph,country_th,-0.10815442905425883,-0.09738652408123016
gcn,validation,2023-11,country_ph,country_us,-0.22111545976771058,-0.07264161109924316
gcn,validation,2023-11,country_ph,country_vn,0.07955607902303678,-0.1289384365081787
gcn,validation,2023-11,country_sg,country_203,-0.7355392133088153,-0.10770592093467712
gcn,validation,2023-11,country_sg,country_344,0.14268007103118396,-0.08929961919784546
gcn,validation,2023-11,country_sg,country_372,-0.6774279309503156,-0.02068890631198883
gcn,validation,2023-11,country_sg,country_380,0.6981385854323381,-0.12075221538543701
gcn,validation,2023-11,country_sg,country_cn,0.07712332851759311,-0.07945418357849121
gcn,validation,2023-11,country_sg,country_de,-0.12867984298338783,-0.13363829255104065
gcn,validation,2023-11,country_sg,country_fr,-0.047907108655339266,-0.13904598355293274
gcn,validation,2023-11,country_sg,country_gb,-0.05433851360756094,-0.12836310267448425
gcn,validation,2023-11,country_sg,country_in,-0.029955338166246993,-0.10917124152183533
gcn,validation,2023-11,country_sg,country_jp,0.046557062179301,-0.09084773063659668
gcn,validation,2023-11,country_sg,country_kr,-0.40787836224757834,-0.08831676840782166
gcn,validation,2023-11,country_sg,country_mx,-0.10403907893599483,-0.10071456432342529
gcn,validation,2023-11,country_sg,country_my,-0.03525764034435199,-0.08617661893367767
gcn,validation,2023-11,country_sg,country_ph,-0.22227745734270643,-0.11242258548736572
gcn,validation,2023-11,country_sg,country_th,-0.2067858658946459,-0.08153897523880005
gcn,validation,2023-11,country_sg,country_us,-0.5830037651131822,-0.05165410041809082
gcn,validation,2023-11,country_sg,country_vn,-0.08582409031391926,-0.11431962251663208
gcn,validation,2023-11,country_th,country_203,-0.26685789780443425,-0.11892521381378174
gcn,validation,2023-11,country_th,country_344,0.04447574514441102,-0.10597306489944458
gcn,validation,2023-11,country_th,country_372,-0.29713000250043353,-0.031300559639930725
gcn,validation,2023-11,country_th,country_380,-0.42738046926341855,-0.13304871320724487
gcn,validation,2023-11,country_th,country_cn,-0.07091599946826727,-0.08601860702037811
gcn,validation,2023-11,country_th,country_de,-0.19893477023570072,-0.14434969425201416
gcn,validation,2023-11,country_th,country_fr,-0.21857246496957602,-0.14788302779197693
gcn,validation,2023-11,country_th,country_gb,-0.407069683777167,-0.13540291786193848
gcn,validation,2023-11,country_th,country_in,0.023810552177103112,-0.12212350964546204
gcn,validation,2023-11,country_th,country_jp,-0.02936285277509817,-0.10331088304519653
gcn,validation,2023-11,country_th,country_kr,0.31999899250730135,-0.10012632608413696
gcn,validation,2023-11,country_th,country_mx,-0.07685256525600373,-0.10696545243263245
gcn,validation,2023-11,country_th,country_my,-0.08192332794982408,-0.09504368901252747
gcn,validation,2023-11,country_th,country_ph,-0.07484160621515178,-0.12595734000205994
gcn,validation,2023-11,country_th,country_sg,-0.24347065660773062,-0.12357175350189209
gcn,validation,2023-11,country_th,country_us,-0.21731559354376825,-0.05254596471786499
gcn,validation,2023-11,country_th,country_vn,-0.31471965776547217,-0.11906072497367859
gcn,validation,2023-11,country_us,country_203,-0.30787278569450793,-0.1511547565460205
gcn,validation,2023-11,country_us,country_344,-0.021610903516714065,-0.13997876644134521
gcn,validation,2023-11,country_us,country_372,-0.4449607173309689,-0.06372721493244171
gcn,validation,2023-11,country_us,country_380,0.0710681099683614,-0.1642688810825348
gcn,validation,2023-11,country_us,country_cn,0.10847335564177274,-0.12044650316238403
gcn,validation,2023-11,country_us,country_de,-0.5746799502513669,-0.17275267839431763
gcn,validation,2023-11,country_us,country_fr,-0.1753758009916801,-0.1757519543170929
gcn,validation,2023-11,country_us,country_gb,-0.12413880302202933,-0.16368579864501953
gcn,validation,2023-11,country_us,country_in,-0.03789353817125712,-0.14936146140098572
gcn,validation,2023-11,country_us,country_jp,-0.14666431837915628,-0.13101622462272644
gcn,validation,2023-11,country_us,country_kr,-0.023796620438580617,-0.1283930242061615
gcn,validation,2023-11,country_us,country_mx,-0.10572036353279303,-0.1338708996772766
gcn,validation,2023-11,country_us,country_my,-0.16632777684841943,-0.12618252635002136
gcn,validation,2023-11,country_us,country_ph,-0.15570895682864466,-0.15117719769477844
gcn,validation,2023-11,country_us,country_sg,-0.2615051213254794,-0.15650272369384766
gcn,validation,2023-11,country_us,country_th,0.0057157832772440405,-0.12205100059509277
gcn,validation,2023-11,country_us,country_vn,0.49854587381794346,-0.15503397583961487
gcn,validation,2023-11,country_vn,country_203,2.103119673476882,-0.1152697205543518
gcn,validation,2023-11,country_vn,country_344,0.4285268671370813,-0.10385817289352417
gcn,validation,2023-11,country_vn,country_372,43.85986181647136,-0.029627323150634766
gcn,validation,2023-11,country_vn,country_380,-0.19650949430475148,-0.13118496537208557
gcn,validation,2023-11,country_vn,country_cn,0.3707119780836791,-0.08112341165542603
gcn,validation,2023-11,country_vn,country_de,0.5770058684343022,-0.13716143369674683
gcn,validation,2023-11,country_vn,country_fr,0.1691246876121854,-0.140555739402771
gcn,validation,2023-11,country_vn,country_gb,0.09029359153587149,-0.1312345266342163
gcn,validation,2023-11,country_vn,country_in,-0.07722834937702139,-0.11784306168556213
gcn,validation,2023-11,country_vn,country_jp,0.4463682484024546,-0.09920209646224976
gcn,validation,2023-11,country_vn,country_kr,0.12533661252111916,-0.09399402141571045
gcn,validation,2023-11,country_vn,country_mx,-0.16787569987704956,-0.10347229242324829
gcn,validation,2023-11,country_vn,country_my,-0.504512753610974,-0.0980980396270752
gcn,validation,2023-11,country_vn,country_ph,0.15130974952871235,-0.12325140833854675
gcn,validation,2023-11,country_vn,country_sg,0.5194237706235058,-0.12499353289604187
gcn,validation,2023-11,country_vn,country_th,0.30138903810487083,-0.08883318305015564
gcn,validation,2023-11,country_vn,country_us,0.05854377289134529,-0.05027264356613159
gcn,validation,2023-12,country_203,country_344,-0.3610911785715306,-0.024493277072906494
gcn,validation,2023-12,country_203,country_372,0.9260751663823273,-0.04735012352466583
gcn,validation,2023-12,country_203,country_380,0.05739303889082146,-0.04532548785209656
gcn,validation,2023-12,country_203,country_cn,-0.08971806654220864,-0.024622201919555664
gcn,validation,2023-12,country_203,country_de,-0.2889437548832369,-0.08667103946208954
gcn,validation,2023-12,country_203,country_fr,0.12164378778218718,-0.09732668101787567
gcn,validation,2023-12,country_203,country_gb,0.09376024079035716,-0.05460062623023987
gcn,validation,2023-12,country_203,country_in,-0.6603585179950594,-0.039958491921424866
gcn,validation,2023-12,country_203,country_jp,0.5064795568897797,-0.06097695231437683
gcn,validation,2023-12,country_203,country_kr,0.38039545431381544,-0.039894118905067444
gcn,validation,2023-12,country_203,country_mx,-0.0007511113232711044,-0.09292079508304596
gcn,validation,2023-12,country_203,country_my,-0.7335066827600654,-0.05147188901901245
gcn,validation,2023-12,country_203,country_ph,0.276916272178729,-0.028854981064796448
gcn,validation,2023-12,country_203,country_sg,-0.23993551536151644,-0.07710421085357666
gcn,validation,2023-12,country_203,country_th,-0.3654866587376864,-0.08886063098907471
gcn,validation,2023-12,country_203,country_us,-0.3317897562100049,-0.002311035990715027
gcn,validation,2023-12,country_344,country_203,-0.31293238367883974,-0.04687097668647766
gcn,validation,2023-12,country_344,country_372,-0.5022482060170548,-0.053166553378105164
gcn,validation,2023-12,country_344,country_380,-0.45124243417739557,-0.04523061215877533
gcn,validation,2023-12,country_344,country_cn,-0.46042137977081693,-0.015945017337799072
gcn,validation,2023-12,country_344,country_de,-0.43191006042968066,-0.07978454232215881
gcn,validation,2023-12,country_344,country_fr,-0.015007417017545675,-0.0918012261390686
gcn,validation,2023-12,country_344,country_gb,-0.16426601445984584,-0.041007936000823975
gcn,validation,2023-12,country_344,country_in,0.165171072222632,-0.014077350497245789
gcn,validation,2023-12,country_344,country_jp,-0.6747164350966152,-0.05640336871147156
gcn,validation,2023-12,country_344,country_kr,0.6715214044568558,-0.02362571656703949
gcn,validation,2023-12,country_344,country_mx,-0.20570556742059085,-0.08305799961090088
gcn,validation,2023-12,country_344,country_my,1.1183619419887838,-0.042905405163764954
gcn,validation,2023-12,country_344,country_ph,0.0682442076651772,-0.012830778956413269
gcn,validation,2023-12,country_344,country_sg,0.2438666154332054,-0.06839273869991302
gcn,validation,2023-12,country_344,country_th,3.1141103897589524,-0.07248270511627197
gcn,validation,2023-12,country_344,country_us,-0.7125742043359763,0.010285690426826477
gcn,validation,2023-12,country_372,country_203,-0.24376380503607717,-0.052777960896492004
gcn,validation,2023-12,country_372,country_344,-0.702705774363794,-0.028448030352592468
gcn,validation,2023-12,country_372,country_380,-0.5859044555398863,-0.05423824489116669
gcn,validation,2023-12,country_372,country_cn,0.1916885920462531,-0.02713915705680847
gcn,validation,2023-12,country_372,country_de,-0.5795688776069366,-0.08558176457881927
gcn,validation,2023-12,country_372,country_fr,-0.206896105919247,-0.09788592159748077
gcn,validation,2023-12,country_372,country_gb,-0.5781826756282389,-0.05335479974746704
gcn,validation,2023-12,country_372,country_in,-0.15286981830853583,-0.03219504654407501
gcn,validation,2023-12,country_372,country_jp,-0.16134078064958976,-0.05978319048881531
gcn,validation,2023-12,country_372,country_kr,-0.646071548920192,-0.04335115849971771
gcn,validation,2023-12,country_372,country_mx,24.129482467615293,-0.0909271389245987
gcn,validation,2023-12,country_372,country_my,0.3795797053581526,-0.058219507336616516
gcn,validation,2023-12,country_372,country_ph,-0.46010395150621497,-0.02063445746898651
gcn,validation,2023-12,country_372,country_sg,-0.42277845740970926,-0.0863988846540451
gcn,validation,2023-12,country_372,country_th,11.946704237921818,-0.08359956741333008
gcn,validation,2023-12,country_372,country_us,0.05381681417368223,0.008146047592163086
gcn,validation,2023-12,country_380,country_203,-0.017816630872077195,-0.05022627115249634
gcn,validation,2023-12,country_380,country_344,-0.025179146030845145,-0.022543728351593018
gcn,validation,2023-12,country_380,country_372,-0.22857106875007005,-0.05746230483055115
gcn,validation,2023-12,country_380,country_cn,0.2611860549056885,-0.028666213154792786
gcn,validation,2023-12,country_380,country_de,-0.06036226388113926,-0.08704224228858948
gcn,validation,2023-12,country_380,country_fr,0.6660227016621495,-0.09574230015277863
gcn,validation,2023-12,country_380,country_gb,-0.1205389767943313,-0.05206038057804108
gcn,validation,2023-12,country_380,country_in,-0.24509591247831003,-0.04063352942466736
gcn,validation,2023-12,country_380,country_jp,-0.07871832479790107,-0.06585410237312317
gcn,validation,2023-12,country_380,country_kr,-0.16091024466582693,-0.04085324704647064
gcn,validation,2023-12,country_380,country_mx,-0.3385648762696303,-0.09445428848266602
gcn,validation,2023-12,country_380,country_my,-0.3969171124837532,-0.07027477025985718
gcn,validation,2023-12,country_380,country_ph,0.20333251010734427,-0.02665463089942932
gcn,validation,2023-12,country_380,country_sg,0.09208579497771359,-0.0777381956577301
gcn,validation,2023-12,country_380,country_th,0.12896844304878718,-0.08711396157741547
gcn,validation,2023-12,country_380,country_us,-0.19738461884500808,-0.007162868976593018
gcn,validation,2023-12,country_cn,country_203,-0.23533835739404727,-0.041463762521743774
gcn,validation,2023-12,country_cn,country_344,-0.011517300300852311,-0.014572709798812866
gcn,validation,2023-12,country_cn,country_372,0.2908963447730565,-0.042134881019592285
gcn,validation,2023-12,country_cn,country_380,-0.7047042536733983,-0.04185599088668823
gcn,validation,2023-12,country_cn,country_de,-0.36260956329951166,-0.07094289362430573
gcn,validation,2023-12,country_cn,country_fr,-0.24565529609764164,-0.08083520829677582
gcn,validation,2023-12,country_cn,country_gb,-0.5446456373119792,-0.04064108431339264
gcn,validation,2023-12,country_cn,country_in,0.4789200939822015,-0.01733778417110443
gcn,validation,2023-12,country_cn,country_jp,-0.0907070876453943,-0.044503673911094666
gcn,validation,2023-12,country_cn,country_kr,0.022584650350145254,-0.020932525396347046
gcn,validation,2023-12,country_cn,country_mx,-0.22403428084567387,-0.09163832664489746
gcn,validation,2023-12,country_cn,country_my,-0.01763257987664305,-0.04777984321117401
gcn,validation,2023-12,country_cn,country_ph,0.32931516148544926,-0.01731094717979431
gcn,validation,2023-12,country_cn,country_sg,0.03315736156586341,-0.06788018345832825
gcn,validation,2023-12,country_cn,country_th,-0.01286952697841643,-0.065644770860672
gcn,validation,2023-12,country_cn,country_us,-0.28562423396573183,0.015385672450065613
gcn,validation,2023-12,country_de,country_203,0.1286704251189392,-0.05326443910598755
gcn,validation,2023-12,country_de,country_344,0.08149925229732555,-0.026219412684440613
gcn,validation,2023-12,country_de,country_372,-0.04911361543985842,-0.05834783613681793
gcn,validation,2023-12,country_de,country_380,-0.12043526600456474,-0.05019894242286682
gcn,validation,2023-12,country_de,country_cn,-0.08855539901420133,-0.027481019496917725
gcn,validation,2023-12,country_de,country_fr,0.15066292871970724,-0.0933452695608139
gcn,validation,2023-12,country_de,country_gb,-0.057358110779812836,-0.0537882000207901
gcn,validation,2023-12,country_de,country_in,0.3709404183877713,-0.03694064915180206
gcn,validation,2023-12,country_de,country_jp,-0.23844265917675037,-0.062270522117614746
gcn,validation,2023-12,country_de,country_kr,0.26390564793231774,-0.03723260760307312
gcn,validation,2023-12,country_de,country_mx,-0.016085055179141328,-0.100186288356781
gcn,validation,2023-12,country_de,country_my,-0.06296858352808309,-0.06444600224494934
gcn,validation,2023-12,country_de,country_ph,0.09750250660658177,-0.029137060046195984
gcn,validation,2023-12,country_de,country_sg,-0.029786518215556553,-0.07816305756568909
gcn,validation,2023-12,country_de,country_th,0.20765428046992127,-0.08776220679283142
gcn,validation,2023-12,country_de,country_us,0.011525454502448575,0.005506962537765503
gcn,validation,2023-12,country_fr,country_203,0.16302672683582556,-0.05989903211593628
gcn,validation,2023-12,country_fr,country_344,-0.1228025018286411,-0.028131932020187378
gcn,validation,2023-12,country_fr,country_372,-0.6818934303635129,-0.045835286378860474
gcn,validation,2023-12,country_fr,country_380,-0.15868609532364322,-0.052078977227211
gcn,validation,2023-12,country_fr,country_cn,-0.0324919636184715,-0.0286523699760437
gcn,validation,2023-12,country_fr,country_de,0.21161558713418058,-0.08992242813110352
gcn,validation,2023-12,country_fr,country_gb,-0.005397936088011245,-0.05957624316215515
gcn,validation,2023-12,country_fr,country_in,-0.5042663304200214,-0.040624141693115234
gcn,validation,2023-12,country_fr,country_jp,-0.18212599578412617,-0.06642526388168335
gcn,validation,2023-12,country_fr,country_kr,-0.07940016461991302,-0.04188653826713562
gcn,validation,2023-12,country_fr,country_mx,-0.3045570531620909,-0.1012798547744751
gcn,validation,2023-12,country_fr,country_my,-0.11347647122582992,-0.07376331090927124
gcn,validation,2023-12,country_fr,country_ph,0.06603413150867228,-0.03243914246559143
gcn,validation,2023-12,country_fr,country_sg,0.14765811431422662,-0.07798251509666443
gcn,validation,2023-12,country_fr,country_th,0.4498392784942059,-0.09289011359214783
gcn,validation,2023-12,country_fr,country_us,-0.2050533250582891,-0.0041304826736450195
gcn,validation,2023-12,country_gb,country_203,0.10530300391588827,-0.0627058893442154
gcn,validation,2023-12,country_gb,country_344,-0.19936889807566943,-0.03301696479320526
gcn,validation,2023-12,country_gb,country_372,0.08527969468638044,-0.05367210507392883
gcn,validation,2023-12,country_gb,country_380,-0.43355979993107974,-0.062208324670791626
gcn,validation,2023-12,country_gb,country_cn,-0.06930281540646274,-0.03560119867324829
gcn,validation,2023-12,country_gb,country_de,3.50125926081675,-0.09230813384056091
gcn,validation,2023-12,country_gb,country_fr,-0.27256613926973894,-0.10222870111465454
gcn,validation,2023-12,country_gb,country_in,-0.029704734788654465,-0.03858743607997894
gcn,validation,2023-12,country_gb,country_jp,0.10521759925734571,-0.0661115050315857
gcn,validation,2023-12,country_gb,country_kr,-0.23034571291356512,-0.045530274510383606
gcn,validation,2023-12,country_gb,country_mx,-0.6725548742962643,-0.09713266789913177
gcn,validation,2023-12,country_gb,country_my,-0.17568564739493092,-0.061882391571998596
gcn,validation,2023-12,country_gb,country_ph,-0.226803994404978,-0.03349924087524414
gcn,validation,2023-12,country_gb,country_sg,0.13612052130773614,-0.08173094689846039
gcn,validation,2023-12,country_gb,country_th,-0.12220461952284636,-0.09190240502357483
gcn,validation,2023-12,country_gb,country_us,-0.24748875272655874,0.001230880618095398
gcn,validation,2023-12,country_in,country_203,-0.45350442771139793,-0.04241904616355896
gcn,validation,2023-12,country_in,country_344,-0.2082296636083631,-0.00867559015750885
gcn,validation,2023-12,country_in,country_372,0.983969286910521,-0.043667733669281006
gcn,validation,2023-12,country_in,country_380,0.1951777762345409,-0.04205535352230072
gcn,validation,2023-12,country_in,country_cn,-0.1892640179652326,-0.0053434818983078
gcn,validation,2023-12,country_in,country_de,0.1391188730452449,-0.06782636046409607
gcn,validation,2023-12,country_in,country_fr,-0.27193901857469177,-0.07649737596511841
gcn,validation,2023-12,country_in,country_gb,0.3677274848434119,-0.03171214461326599
gcn,validation,2023-12,country_in,country_jp,-0.25677909991928793,-0.04762712121009827
gcn,validation,2023-12,country_in,country_kr,9.519609186505027,-0.01832197606563568
gcn,validation,2023-12,country_in,country_mx,-0.31282655097785766,-0.06878936290740967
gcn,validation,2023-12,country_in,country_my,0.025810258291533255,-0.04925234615802765
gcn,validation,2023-12,country_in,country_ph,-0.6231637437055044,-0.013960689306259155
gcn,validation,2023-12,country_in,country_sg,0.5551919155992323,-0.06227383017539978
gcn,validation,2023-12,country_in,country_th,0.7987648398376846,-0.06375126540660858
gcn,validation,2023-12,country_in,country_us,-0.31638206033054794,0.04040037840604782
gcn,validation,2023-12,country_jp,country_203,-0.10035174968787339,-0.04482048749923706
gcn,validation,2023-12,country_jp,country_344,0.05168866750497724,-0.012462258338928223
gcn,validation,2023-12,country_jp,country_372,0.04079585034420446,-0.04891332983970642
gcn,validation,2023-12,country_jp,country_380,-0.02030883845680145,-0.04712854325771332
gcn,validation,2023-12,country_jp,country_cn,-0.06336812080636048,-0.009977608919143677
gcn,validation,2023-12,country_jp,country_de,-0.08385783960435395,-0.07659648358821869
gcn,validation,2023-12,country_jp,country_fr,-0.15631603551558515,-0.08539152145385742
gcn,validation,2023-12,country_jp,country_gb,-0.1958746273331147,-0.045718997716903687
gcn,validation,2023-12,country_jp,country_in,0.243971306775752,-0.015018627047538757
gcn,validation,2023-12,country_jp,country_kr,0.11775243096368344,-0.021743491291999817
gcn,validation,2023-12,country_jp,country_mx,-0.1132879836494945,-0.08401864767074585
gcn,validation,2023-12,country_jp,country_my,-0.1732258229350245,-0.044239699840545654
gcn,validation,2023-12,country_jp,country_ph,0.05031726800856224,-0.01231972873210907
gcn,validation,2023-12,country_jp,country_sg,0.18780232523696663,-0.07301926612854004
gcn,validation,2023-12,country_jp,country_th,-0.0749018247134434,-0.06730891764163971
gcn,validation,2023-12,country_jp,country_us,-0.22553339729038924,0.019390329718589783
gcn,validation,2023-12,country_kr,country_203,0.9883979687294374,-0.055215492844581604
gcn,validation,2023-12,country_kr,country_344,0.248343686737623,-0.02151009440422058
gcn,validation,2023-12,country_kr,country_372,-0.3348946905617306,-0.061617881059646606
gcn,validation,2023-12,country_kr,country_380,0.19593837115768944,-0.05991910398006439
gcn,validation,2023-12,country_kr,country_cn,0.16270544568472323,-0.02167537808418274
gcn,validation,2023-12,country_kr,country_de,-0.13890941132195475,-0.08607950806617737
gcn,validation,2023-12,country_kr,country_fr,0.16124190073426223,-0.09480786323547363
gcn,validation,2023-12,country_kr,country_gb,-0.07077721189527719,-0.05817873775959015
gcn,validation,2023-12,country_kr,country_in,0.3850975617886723,-0.02410784363746643
gcn,validation,2023-12,country_kr,country_jp,0.05210644196887849,-0.05901862680912018
gcn,validation,2023-12,country_kr,country_mx,-0.24871366909069798,-0.09649918973445892
gcn,validation,2023-12,country_kr,country_my,-0.21011933465200258,-0.056100308895111084
gcn,validation,2023-12,country_kr,country_ph,0.016564222832569978,-0.027225077152252197
gcn,validation,2023-12,country_kr,country_th,0.6114570950574105,-0.07973639667034149
gcn,validation,2023-12,country_kr,country_us,-0.29201850674625185,0.014453709125518799
gcn,validation,2023-12,country_mx,country_203,-0.6510982946896923,-0.06305135786533356
gcn,validation,2023-12,country_mx,country_344,0.11093842128597162,-0.031062260270118713
gcn,validation,2023-12,country_mx,country_372,0.04032204718639912,-0.06382095813751221
gcn,validation,2023-12,country_mx,country_380,0.241873865562246,-0.059595465660095215
gcn,validation,2023-12,country_mx,country_cn,-0.16135413358938439,-0.02692405879497528
gcn,validation,2023-12,country_mx,country_de,-0.4207624435474247,-0.0921337902545929
gcn,validation,2023-12,country_mx,country_fr,0.036486701972930795,-0.10410487651824951
gcn,validation,2023-12,country_mx,country_gb,-0.24489222550291678,-0.0626080334186554
gcn,validation,2023-12,country_mx,country_in,0.7420424957767713,-0.03276592493057251
gcn,validation,2023-12,country_mx,country_jp,-0.5153235715758498,-0.06448489427566528
gcn,validation,2023-12,country_mx,country_kr,-0.2698115214222451,-0.04175230860710144
gcn,validation,2023-12,country_mx,country_my,-0.3302976900409348,-0.06951247155666351
gcn,validation,2023-12,country_mx,country_ph,-0.45983541667689654,-0.036482274532318115
gcn,validation,2023-12,country_mx,country_sg,0.5021326812087432,-0.08158773183822632
gcn,validation,2023-12,country_mx,country_th,-0.32447679636679283,-0.08516603708267212
gcn,validation,2023-12,country_mx,country_us,-0.04801330024629783,0.00952845811843872
gcn,validation,2023-12,country_my,country_203,0.3630218049200836,-0.04501773416996002
gcn,validation,2023-12,country_my,country_344,-0.024601583781620355,-0.01391667127609253
gcn,validation,2023-12,country_my,country_372,0.18047341610893122,-0.05244433879852295
gcn,validation,2023-12,country_my,country_380,-0.19191826648150073,-0.04970468580722809
gcn,validation,2023-12,country_my,country_cn,-0.1550780053617128,-0.008534044027328491
gcn,validation,2023-12,country_my,country_de,0.0025147337785558846,-0.0766914039850235
gcn,validation,2023-12,country_my,country_fr,-0.22856031038667773,-0.08695034682750702
gcn,validation,2023-12,country_my,country_gb,-0.06785053509746468,-0.04562419652938843
gcn,validation,2023-12,country_my,country_in,-0.18282118905577785,-0.017359375953674316
gcn,validation,2023-12,country_my,country_jp,0.014779891474702777,-0.04978775978088379
gcn,validation,2023-12,country_my,country_kr,0.0708935889618049,-0.023674994707107544
gcn,validation,2023-12,country_my,country_mx,-0.23002089637037812,-0.08671575784683228
gcn,validation,2023-12,country_my,country_ph,-0.19680096940681427,-0.0161343514919281
gcn,validation,2023-12,country_my,country_sg,0.01186758283622982,-0.07332843542098999
gcn,validation,2023-12,country_my,country_th,-0.09061244244442251,-0.07017645239830017
gcn,validation,2023-12,country_my,country_us,-0.14418836466558627,0.027124375104904175
gcn,validation,2023-12,country_ph,country_203,-0.044861417269524945,-0.05022488534450531
gcn,validation,2023-12,country_ph,country_344,-0.29551790701627384,-0.01642143726348877
gcn,validation,2023-12,country_ph,country_372,1.3055909480435333,-0.043359726667404175
gcn,validation,2023-12,country_ph,country_380,2.726283677015781,-0.05093604326248169
gcn,validation,2023-12,country_ph,country_cn,-0.11384957374147452,-0.018452510237693787
gcn,validation,2023-12,country_ph,country_de,-0.15002279623893572,-0.07958544790744781
gcn,validation,2023-12,country_ph,country_fr,-0.11798432476286055,-0.08518746495246887
gcn,validation,2023-12,country_ph,country_gb,-0.20768999195557805,-0.04893767833709717
gcn,validation,2023-12,country_ph,country_in,-0.07377128426591575,-0.020030900835990906
gcn,validation,2023-12,country_ph,country_jp,-0.11829366971936113,-0.04582051932811737
gcn,validation,2023-12,country_ph,country_kr,0.2455603985669357,-0.030090928077697754
gcn,validation,2023-12,country_ph,country_mx,-0.25898356077621637,-0.08917327225208282
gcn,validation,2023-12,country_ph,country_my,0.12706685114666458,-0.051430076360702515
gcn,validation,2023-12,country_ph,country_sg,-0.33661430248683427,-0.07049906253814697
gcn,validation,2023-12,country_ph,country_th,0.1231994628507611,-0.07397454977035522
gcn,validation,2023-12,country_ph,country_us,-0.2582696231790143,0.014354154467582703
gcn,validation,2023-12,country_sg,country_203,-0.5051467915291918,-0.04729485511779785
gcn,validation,2023-12,country_sg,country_344,0.07546886894293506,-0.005820631980895996
gcn,validation,2023-12,country_sg,country_372,-0.17075520346947007,-0.05158229172229767
gcn,validation,2023-12,country_sg,country_380,0.4472063804330114,-0.04007671773433685
gcn,validation,2023-12,country_sg,country_cn,0.011212728733252708,-0.012399911880493164
gcn,validation,2023-12,country_sg,country_de,0.45591391131406317,-0.07823756337165833
gcn,validation,2023-12,country_sg,country_fr,0.17373230767025838,-0.09005311131477356
gcn,validation,2023-12,country_sg,country_gb,-0.1853486285283121,-0.042023852467536926
gcn,validation,2023-12,country_sg,country_in,0.2670618467685637,-0.013526290655136108
gcn,validation,2023-12,country_sg,country_jp,-0.022413600053277825,-0.048489898443222046
gcn,validation,2023-12,country_sg,country_kr,0.1635734086578584,-0.023410558700561523
gcn,validation,2023-12,country_sg,country_mx,0.03318579617907807,-0.08376815915107727
gcn,validation,2023-12,country_sg,country_my,0.137192269422924,-0.04239851236343384
gcn,validation,2023-12,country_sg,country_ph,-0.07207483603882954,-0.012893587350845337
gcn,validation,2023-12,country_sg,country_th,-0.004151021169119934,-0.0677097737789154
gcn,validation,2023-12,country_sg,country_us,-0.4350393544573947,0.02247181534767151
gcn,validation,2023-12,country_th,country_203,-0.348263915414789,-0.05689430236816406
gcn,validation,2023-12,country_th,country_344,-0.1655294700552173,-0.024473950266838074
gcn,validation,2023-12,country_th,country_372,-0.26696396119369303,-0.057071298360824585
gcn,validation,2023-12,country_th,country_380,-0.047807523872209455,-0.05897323787212372
gcn,validation,2023-12,country_th,country_cn,-0.14741057281381661,-0.019536301493644714
gcn,validation,2023-12,country_th,country_de,-0.09775587383925695,-0.08774346113204956
gcn,validation,2023-12,country_th,country_fr,0.00909345739486602,-0.10034433007240295
gcn,validation,2023-12,country_th,country_gb,-0.3125065806586635,-0.055887073278427124
gcn,validation,2023-12,country_th,country_in,0.2295544119183985,-0.03451645374298096
gcn,validation,2023-12,country_th,country_jp,0.14626470294189084,-0.06080526113510132
gcn,validation,2023-12,country_th,country_kr,0.1913657451186632,-0.03526398539543152
gcn,validation,2023-12,country_th,country_mx,-0.21256896195439912,-0.09947016835212708
gcn,validation,2023-12,country_th,country_my,-0.037935788413006356,-0.053566619753837585
gcn,validation,2023-12,country_th,country_ph,-0.19232288749528198,-0.028458788990974426
gcn,validation,2023-12,country_th,country_sg,-0.37403350415002057,-0.07675603032112122
gcn,validation,2023-12,country_th,country_us,0.08367581979627393,0.013045281171798706
gcn,validation,2023-12,country_us,country_203,-0.2751404942357762,-0.08863884210586548
gcn,validation,2023-12,country_us,country_344,0.4856050980082252,-0.05625241994857788
gcn,validation,2023-12,country_us,country_372,-0.36867050907805965,-0.08978131413459778
gcn,validation,2023-12,country_us,country_380,0.4871175752374214,-0.09225364029407501
gcn,validation,2023-12,country_us,country_cn,0.09830273443567825,-0.05916161835193634
gcn,validation,2023-12,country_us,country_de,-0.4163823390438685,-0.11557161808013916
gcn,validation,2023-12,country_us,country_fr,0.0047454275096017,-0.12469229102134705
gcn,validation,2023-12,country_us,country_gb,-0.04203885752496079,-0.08353596925735474
gcn,validation,2023-12,country_us,country_in,-0.1074680406263901,-0.05676242709159851
gcn,validation,2023-12,country_us,country_jp,-0.09658136247806434,-0.08385586738586426
gcn,validation,2023-12,country_us,country_kr,0.11384142085264516,-0.06808513402938843
gcn,validation,2023-12,country_us,country_mx,0.05415545356686144,-0.12084653973579407
gcn,validation,2023-12,country_us,country_my,0.04444704280792918,-0.08088700473308563
gcn,validation,2023-12,country_us,country_ph,-0.06495876691802988,-0.05881410837173462
gcn,validation,2023-12,country_us,country_sg,-0.26772363338026345,-0.10587418079376221
gcn,validation,2023-12,country_us,country_th,0.02044020869902014,-0.10993018746376038
gcn,validation,2023-12,country_vn,country_203,1.6332376262276789,-0.04617539048194885
gcn,validation,2023-12,country_vn,country_344,-0.277205872968218,-0.014877289533615112
gcn,validation,2023-12,country_vn,country_372,6.217016806560717,-0.053044065833091736
gcn,validation,2023-12,country_vn,country_380,0.3249283040364046,-0.05064789950847626
gcn,validation,2023-12,country_vn,country_cn,-0.23053972716926263,-0.011914640665054321
gcn,validation,2023-12,country_vn,country_de,-0.30935319360299873,-0.07439053058624268
gcn,validation,2023-12,country_vn,country_fr,0.4841292069480319,-0.09297570586204529
gcn,validation,2023-12,country_vn,country_gb,0.04044508899811463,-0.04903903603553772
gcn,validation,2023-12,country_vn,country_in,0.30945382687177747,-0.022124290466308594
gcn,validation,2023-12,country_vn,country_jp,0.01104038117775214,-0.05395512282848358
gcn,validation,2023-12,country_vn,country_kr,0.015039476697957126,-0.026115015149116516
gcn,validation,2023-12,country_vn,country_mx,-0.01822680981226993,-0.088803231716156
gcn,validation,2023-12,country_vn,country_my,-0.5243840115713059,-0.048930153250694275
gcn,validation,2023-12,country_vn,country_ph,-0.7534135301047932,-0.029885560274124146
gcn,validation,2023-12,country_vn,country_sg,0.26612932257995836,-0.07234406471252441
gcn,validation,2023-12,country_vn,country_th,0.0035363111396788495,-0.07516887784004211
gcn,validation,2023-12,country_vn,country_us,0.022285354232588213,0.028036653995513916
gcn,test,2024-01,country_203,country_344,-0.5289158371416232,-0.09196312725543976
gcn,test,2024-01,country_203,country_372,-0.5358834521552983,-0.07269224524497986
gcn,test,2024-01,country_203,country_380,-0.42074433858226246,-0.07400009036064148
gcn,test,2024-01,country_203,country_cn,0.19430608571829439,-0.0876094400882721
gcn,test,2024-01,country_203,country_de,-0.36906456461783327,-0.07733885943889618
gcn,test,2024-01,country_203,country_fr,-0.15523067684170905,-0.046411171555519104
gcn,test,2024-01,country_203,country_gb,0.4732484591836027,-0.09183020889759064
gcn,test,2024-01,country_203,country_in,-0.02015907903264943,-0.043324559926986694
gcn,test,2024-01,country_203,country_jp,0.12353741216986318,-0.07388707995414734
gcn,test,2024-01,country_203,country_kr,-0.5576954774005767,-0.06815652549266815
gcn,test,2024-01,country_203,country_mx,-0.6810552862443666,-0.12325802445411682
gcn,test,2024-01,country_203,country_my,-0.6648052681631759,-0.10482621192932129
gcn,test,2024-01,country_203,country_ph,-0.23657384475674406,-0.06800954043865204
gcn,test,2024-01,country_203,country_sg,-0.16958187193769284,-0.00564950704574585
gcn,test,2024-01,country_203,country_th,-0.626737690671492,-0.0775958001613617
gcn,test,2024-01,country_203,country_us,0.07187315651975007,-0.036431923508644104
gcn,test,2024-01,country_344,country_203,3.2875874591797936,-0.08507813513278961
gcn,test,2024-01,country_344,country_372,-0.5390081068353312,-0.08505935966968536
gcn,test,2024-01,country_344,country_380,-0.5874079498642062,-0.08600454032421112
gcn,test,2024-01,country_344,country_cn,-0.17209772007590202,-0.09254108369350433
gcn,test,2024-01,country_344,country_de,-0.5476891728705867,-0.08878876268863678
gcn,test,2024-01,country_344,country_fr,0.37330728013841313,-0.058501824736595154
gcn,test,2024-01,country_344,country_gb,-0.4350435693420622,-0.10051265358924866
gcn,test,2024-01,country_344,country_in,0.9282685517105194,-0.03813387453556061
gcn,test,2024-01,country_344,country_jp,-0.36688299934173624,-0.08661513030529022
gcn,test,2024-01,country_344,country_kr,0.39938218698047595,-0.07037469744682312
gcn,test,2024-01,country_344,country_mx,-0.42183565097702996,-0.13260531425476074
gcn,test,2024-01,country_344,country_my,0.37026750999522134,-0.10116204619407654
gcn,test,2024-01,country_344,country_ph,-0.2875107981273398,-0.07025690376758575
gcn,test,2024-01,country_344,country_sg,-0.5881442157287894,-0.013350367546081543
gcn,test,2024-01,country_344,country_th,-0.41273978904870606,-0.07609352469444275
gcn,test,2024-01,country_344,country_us,-0.35714469867500537,-0.0508609414100647
gcn,test,2024-01,country_372,country_203,0.04842378012189394,-0.07366374135017395
gcn,test,2024-01,country_372,country_344,2.973214550639697,-0.0925053209066391
gcn,test,2024-01,country_372,country_380,0.08556517826525376,-0.0816371738910675
gcn,test,2024-01,country_372,country_cn,0.0376262133786627,-0.08828330039978027
gcn,test,2024-01,country_372,country_de,-0.6604226327619179,-0.0789080560207367
gcn,test,2024-01,country_372,country_fr,-0.4329181282894544,-0.04968905448913574
gcn,test,2024-01,country_372,country_gb,-0.05093563072192403,-0.09333494305610657
gcn,test,2024-01,country_372,country_in,0.635714785371378,-0.04093535244464874
gcn,test,2024-01,country_372,country_jp,-0.2859611448902651,-0.07101540267467499
gcn,test,2024-01,country_372,country_kr,-0.5375093824633231,-0.07130765914916992
gcn,test,2024-01,country_372,country_mx,77.67955825687665,-0.1231754720211029
gcn,test,2024-01,country_372,country_my,0.1742212384123752,-0.09747032821178436
gcn,test,2024-01,country_372,country_ph,-0.23950237373524888,-0.06977656483650208
gcn,test,2024-01,country_372,country_sg,-0.4221313563793407,-0.013813123106956482
gcn,test,2024-01,country_372,country_th,23.544429736486762,-0.07552582025527954
gcn,test,2024-01,country_372,country_us,-0.20424149852268278,-0.02594977617263794
gcn,test,2024-01,country_380,country_203,-0.014032401310752458,-0.07875487208366394
gcn,test,2024-01,country_380,country_344,0.26466085392172434,-0.0876707136631012
gcn,test,2024-01,country_380,country_372,-0.3950755471844888,-0.07849812507629395
gcn,test,2024-01,country_380,country_cn,0.015782662065434203,-0.09005969762802124
gcn,test,2024-01,country_380,country_de,0.39462589595120195,-0.07802160084247589
gcn,test,2024-01,country_380,country_fr,-0.25766626967672657,-0.04528158903121948
gcn,test,2024-01,country_380,country_gb,0.09799232096814192,-0.09396453201770782
gcn,test,2024-01,country_380,country_in,1.8927490083094265,-0.04341965913772583
gcn,test,2024-01,country_380,country_jp,0.5267016273015611,-0.0725996345281601
gcn,test,2024-01,country_380,country_kr,-0.14278097446467422,-0.06970009207725525
gcn,test,2024-01,country_380,country_mx,0.1125500746569994,-0.1255018413066864
gcn,test,2024-01,country_380,country_my,-0.1657433524720395,-0.10063737630844116
gcn,test,2024-01,country_380,country_ph,0.43909511101679244,-0.0684584528207779
gcn,test,2024-01,country_380,country_sg,0.04374324695485723,-0.001719549298286438
gcn,test,2024-01,country_380,country_th,-0.1575847642801785,-0.07693292200565338
gcn,test,2024-01,country_380,country_us,-0.023379300133128895,-0.031093135476112366
gcn,test,2024-01,country_cn,country_203,-0.1761058046797228,-0.07646156847476959
gcn,test,2024-01,country_cn,country_344,-0.2402073808372862,-0.0932019054889679
gcn,test,2024-01,country_cn,country_372,-0.5600084799088997,-0.07756099104881287
gcn,test,2024-01,country_cn,country_380,-0.6279287804354995,-0.08003908395767212
gcn,test,2024-01,country_cn,country_de,-0.39704554688568444,-0.07784493267536163
gcn,test,2024-01,country_cn,country_fr,-0.3043053148796187,-0.04532535374164581
gcn,test,2024-01,country_cn,country_gb,-0.26070036598332363,-0.09764900803565979
gcn,test,2024-01,country_cn,country_in,0.06907744008520385,-0.03696140646934509
gcn,test,2024-01,country_cn,country_jp,-0.2255139397565158,-0.0705539882183075
gcn,test,2024-01,country_cn,country_kr,0.05084854073132563,-0.06227549910545349
gcn,test,2024-01,country_cn,country_mx,-0.25246302631129613,-0.1350545585155487
gcn,test,2024-01,country_cn,country_my,-0.17088731581089736,-0.10244554281234741
gcn,test,2024-01,country_cn,country_ph,0.37153380920456097,-0.06620824337005615
gcn,test,2024-01,country_cn,country_sg,-0.13551263968280794,-0.009651541709899902
gcn,test,2024-01,country_cn,country_th,-0.022652676798815,-0.06850433349609375
gcn,test,2024-01,country_cn,country_us,-0.334433759090969,-0.023364782333374023
gcn,test,2024-01,country_de,country_203,-0.12293257003608352,-0.07862341403961182
gcn,test,2024-01,country_de,country_344,-0.11506274151444021,-0.09662336111068726
gcn,test,2024-01,country_de,country_372,0.17760940975530065,-0.08263832330703735
gcn,test,2024-01,country_de,country_380,-0.05794822535434658,-0.07904374599456787
gcn,test,2024-01,country_de,country_cn,-0.09647655087160471,-0.09689533710479736
gcn,test,2024-01,country_de,country_fr,-0.11024600828710496,-0.04916626214981079
gcn,test,2024-01,country_de,country_gb,0.08301904872011812,-0.10226768255233765
gcn,test,2024-01,country_de,country_in,0.02858662323969904,-0.043047964572906494
gcn,test,2024-01,country_de,country_jp,-0.08311405113892967,-0.08186323940753937
gcn,test,2024-01,country_de,country_kr,0.15559887495105698,-0.07386524975299835
gcn,test,2024-01,country_de,country_mx,0.07405562870390663,-0.13231903314590454
gcn,test,2024-01,country_de,country_my,-0.12858379636193,-0.10865435004234314
gcn,test,2024-01,country_de,country_ph,-0.0512004912129152,-0.0765458196401596
gcn,test,2024-01,country_de,country_sg,-0.24144221123824722,-0.013485148549079895
gcn,test,2024-01,country_de,country_th,-0.16975388545956294,-0.08051347732543945
gcn,test,2024-01,country_de,country_us,-0.06438688152154241,-0.01781560480594635
gcn,test,2024-01,country_fr,country_203,-0.1844418109781103,-0.07350209355354309
gcn,test,2024-01,country_fr,country_344,0.00193379669752262,-0.08581371605396271
gcn,test,2024-01,country_fr,country_372,-0.7066331958936826,-0.07421475648880005
gcn,test,2024-01,country_fr,country_380,-0.20045290478422748,-0.07028478384017944
gcn,test,2024-01,country_fr,country_cn,-0.22877128651817646,-0.08373455703258514
gcn,test,2024-01,country_fr,country_de,-0.06839006800337308,-0.07268558442592621
gcn,test,2024-01,country_fr,country_gb,-0.10121408940263159,-0.08882501721382141
gcn,test,2024-01,country_fr,country_in,0.08718255114519714,-0.028618738055229187
gcn,test,2024-01,country_fr,country_jp,-0.3016227634732951,-0.06923912465572357
gcn,test,2024-01,country_fr,country_kr,-0.051361276318516065,-0.06280660629272461
gcn,test,2024-01,country_fr,country_mx,1.0490368145994227,-0.11706897616386414
gcn,test,2024-01,country_fr,country_my,0.032325942465631446,-0.1004464328289032
gcn,test,2024-01,country_fr,country_ph,0.22051744922850622,-0.064647376537323
gcn,test,2024-01,country_fr,country_sg,-0.21267817896556349,0.0015450865030288696
gcn,test,2024-01,country_fr,country_th,0.369834269348396,-0.06896519660949707
gcn,test,2024-01,country_fr,country_us,-0.25016435294679495,-0.013166889548301697
gcn,test,2024-01,country_gb,country_203,0.5530106218619546,-0.09254962205886841
gcn,test,2024-01,country_gb,country_344,-0.322338871625758,-0.10850587487220764
gcn,test,2024-01,country_gb,country_372,-0.024603747467801515,-0.08698704838752747
gcn,test,2024-01,country_gb,country_380,0.12793841217484272,-0.09685365855693817
gcn,test,2024-01,country_gb,country_cn,0.018875560758195978,-0.1051364541053772
gcn,test,2024-01,country_gb,country_de,1.7938538178801802,-0.09469005465507507
gcn,test,2024-01,country_gb,country_fr,0.1773073791798269,-0.06536293029785156
gcn,test,2024-01,country_gb,country_in,0.34038517989342404,-0.05574963986873627
gcn,test,2024-01,country_gb,country_jp,-0.24417051823162114,-0.08949920535087585
gcn,test,2024-01,country_gb,country_kr,0.02543871656833476,-0.08247655630111694
gcn,test,2024-01,country_gb,country_mx,-0.5548355812828151,-0.13611793518066406
gcn,test,2024-01,country_gb,country_my,-0.09835748588367992,-0.11551558971405029
gcn,test,2024-01,country_gb,country_ph,-0.05550168889265008,-0.08297336101531982
gcn,test,2024-01,country_gb,country_sg,-0.1751921839956849,-0.022337257862091064
gcn,test,2024-01,country_gb,country_th,0.4561359592121243,-0.09098845720291138
gcn,test,2024-01,country_gb,country_us,-0.29681411955696285,-0.03038203716278076
gcn,test,2024-01,country_in,country_203,0.24601874183036618,-0.07275459170341492
gcn,test,2024-01,country_in,country_344,1.425085424239634,-0.07964491844177246
gcn,test,2024-01,country_in,country_372,0.3451953541864361,-0.0690242350101471
gcn,test,2024-01,country_in,country_380,-0.5396017730086587,-0.07395806908607483
gcn,test,2024-01,country_in,country_cn,-0.2878188477817651,-0.07389688491821289
gcn,test,2024-01,country_in,country_de,-0.0467731115261656,-0.06599092483520508
gcn,test,2024-01,country_in,country_fr,-0.18192001709989608,-0.03759703040122986
gcn,test,2024-01,country_in,country_gb,0.5760145062998782,-0.08117392659187317
gcn,test,2024-01,country_in,country_jp,0.38616956374544964,-0.057453930377960205
gcn,test,2024-01,country_in,country_kr,19.59015466028185,-0.05469907820224762
gcn,test,2024-01,country_in,country_mx,-0.14369967580496193,-0.10770684480667114
gcn,test,2024-01,country_in,country_my,-0.5899856736421267,-0.08575259149074554
gcn,test,2024-01,country_in,country_ph,0.8535509637089772,-0.057606205344200134
gcn,test,2024-01,country_in,country_sg,1.641172106304329,0.006485104560852051
gcn,test,2024-01,country_in,country_th,-0.7739573781870773,-0.05670848488807678
gcn,test,2024-01,country_in,country_us,-0.46458931272793286,0.009019345045089722
gcn,test,2024-01,country_jp,country_203,-0.29471166959675626,-0.0823347419500351
gcn,test,2024-01,country_jp,country_344,-0.00379525725886104,-0.09364563226699829
gcn,test,2024-01,country_jp,country_372,0.7796943968381504,-0.08743833005428314
gcn,test,2024-01,country_jp,country_380,-0.1437173531694468,-0.08908388018608093
gcn,test,2024-01,country_jp,country_cn,-0.22500120709774377,-0.09204886853694916
gcn,test,2024-01,country_jp,country_de,-0.16475193152701065,-0.08541156351566315
gcn,test,2024-01,country_jp,country_fr,-0.26601271915155555,-0.05110417306423187
gcn,test,2024-01,country_jp,country_gb,-0.26124102727717596,-0.1040252149105072
gcn,test,2024-01,country_jp,country_in,-0.03468606857046625,-0.03699353337287903
gcn,test,2024-01,country_jp,country_kr,-0.1406660900231205,-0.07077601552009583
gcn,test,2024-01,country_jp,country_mx,0.0623734357625516,-0.13177818059921265
gcn,test,2024-01,country_jp,country_my,0.03665834816489646,-0.10199955105781555
gcn,test,2024-01,country_jp,country_ph,-0.00878165080817738,-0.0720812976360321
gcn,test,2024-01,country_jp,country_sg,-0.23256271980627466,-0.010315433144569397
gcn,test,2024-01,country_jp,country_th,-0.10718667355859743,-0.07484449446201324
gcn,test,2024-01,country_jp,country_us,-0.04374456389425883,-0.02066221833229065
gcn,test,2024-01,country_kr,country_203,1.293575725831738,-0.08031073212623596
gcn,test,2024-01,country_kr,country_344,0.2428446601521921,-0.08935041725635529
gcn,test,2024-01,country_kr,country_372,-0.07794260461146515,-0.08720076084136963
gcn,test,2024-01,country_kr,country_380,-0.17395792719399697,-0.08723637461662292
gcn,test,2024-01,country_kr,country_cn,-0.038383862054207615,-0.08757828176021576
gcn,test,2024-01,country_kr,country_de,-0.2629283278201868,-0.08325499296188354
gcn,test,2024-01,country_kr,country_fr,-0.22654481139154678,-0.05228304862976074
gcn,test,2024-01,country_kr,country_gb,-0.10499033707060944,-0.10114312171936035
gcn,test,2024-01,country_kr,country_in,0.43436305953838356,-0.03223197162151337
gcn,test,2024-01,country_kr,country_jp,-0.3594958019857351,-0.07627178728580475
gcn,test,2024-01,country_kr,country_mx,-0.02111854019542016,-0.1284499168395996
gcn,test,2024-01,country_kr,country_my,0.25835585855446597,-0.10015380382537842
gcn,test,2024-01,country_kr,country_ph,-0.1174594184217666,-0.07055927813053131
gcn,test,2024-01,country_kr,country_sg,0.06178329740904784,-0.0056063830852508545
gcn,test,2024-01,country_kr,country_th,0.014568037464465257,-0.07284203171730042
gcn,test,2024-01,country_kr,country_us,-0.25309867768297506,-0.011222690343856812
gcn,test,2024-01,country_mx,country_203,-0.17590995140004012,-0.09152309596538544
gcn,test,2024-01,country_mx,country_344,-0.37545678932383636,-0.10463115572929382
gcn,test,2024-01,country_mx,country_372,0.2926229300979963,-0.09328284859657288
gcn,test,2024-01,country_mx,country_380,-0.2668976957696536,-0.09362414479255676
gcn,test,2024-01,country_mx,country_cn,-0.21678068190682476,-0.0995032787322998
gcn,test,2024-01,country_mx,country_de,-0.35222458597800504,-0.09283073246479034
gcn,test,2024-01,country_mx,country_fr,0.010050958749129821,-0.0651124119758606
gcn,test,2024-01,country_mx,country_gb,-0.49322702810402164,-0.10952320694923401
gcn,test,2024-01,country_mx,country_in,0.9600628405722312,-0.04461689293384552
gcn,test,2024-01,country_mx,country_jp,-0.5582968925338919,-0.08734515309333801
gcn,test,2024-01,country_mx,country_kr,-0.0030521344262566274,-0.07928982377052307
gcn,test,2024-01,country_mx,country_my,6.693045855244677,-0.11562380194664001
gcn,test,2024-01,country_mx,country_ph,-0.1429969703268806,-0.08535608649253845
gcn,test,2024-01,country_mx,country_sg,-0.3115979891501039,-0.01988394558429718
gcn,test,2024-01,country_mx,country_th,1.427862035496376,-0.08545295894145966
gcn,test,2024-01,country_mx,country_us,-0.19628909070678077,-0.021809473633766174
gcn,test,2024-01,country_my,country_203,0.1836309364582136,-0.08133688569068909
gcn,test,2024-01,country_my,country_344,-0.280940144242255,-0.09049245715141296
gcn,test,2024-01,country_my,country_372,-0.5921973981550036,-0.08601900935173035
gcn,test,2024-01,country_my,country_380,-0.3947980780092581,-0.09000799059867859
gcn,test,2024-01,country_my,country_cn,-0.2815510013910191,-0.08184976875782013
gcn,test,2024-01,country_my,country_de,-0.12198868263333203,-0.07826942205429077
gcn,test,2024-01,country_my,country_fr,-0.14521306000261996,-0.04912345111370087
gcn,test,2024-01,country_my,country_gb,-0.21504985669882726,-0.09722426533699036
gcn,test,2024-01,country_my,country_in,-0.3258040878097959,-0.03451766073703766
gcn,test,2024-01,country_my,country_jp,-0.06614665424475319,-0.07262253761291504
gcn,test,2024-01,country_my,country_kr,-0.13745191416550287,-0.06521587073802948
gcn,test,2024-01,country_my,country_mx,0.05440316950992212,-0.12945079803466797
gcn,test,2024-01,country_my,country_ph,-0.3559827284942242,-0.06870268285274506
gcn,test,2024-01,country_my,country_sg,-0.09557733813320526,-0.003147020936012268
gcn,test,2024-01,country_my,country_th,0.063292093018519,-0.07031720876693726
gcn,test,2024-01,country_my,country_us,-0.23651285400517022,-0.0089997798204422
gcn,test,2024-01,country_ph,country_203,-0.28264315447739785,-0.08289390802383423
gcn,test,2024-01,country_ph,country_344,-0.2979384135670894,-0.09309139847755432
gcn,test,2024-01,country_ph,country_372,1.3984113758503982,-0.08517590165138245
gcn,test,2024-01,country_ph,country_380,-0.4038579085961918,-0.09029719233512878
gcn,test,2024-01,country_ph,country_cn,-0.33081231096837255,-0.09155535697937012
gcn,test,2024-01,country_ph,country_de,-0.2465915355903274,-0.08409017324447632
gcn,test,2024-01,country_ph,country_fr,-0.2842963138228164,-0.04994191229343414
gcn,test,2024-01,country_ph,country_gb,-0.327512328122509,-0.10056403279304504
gcn,test,2024-01,country_ph,country_in,-0.06641214750373897,-0.03830142319202423
gcn,test,2024-01,country_ph,country_jp,-0.17412786710071249,-0.0723569393157959
gcn,test,2024-01,country_ph,country_kr,-0.2599558291794837,-0.06987988948822021
gcn,test,2024-01,country_ph,country_mx,-0.20540623806960984,-0.13024434447288513
gcn,test,2024-01,country_ph,country_my,-0.2172017738397548,-0.1075659692287445
gcn,test,2024-01,country_ph,country_sg,-0.2542811862570584,-0.010374173521995544
gcn,test,2024-01,country_ph,country_th,-0.02251894173553912,-0.07592189311981201
gcn,test,2024-01,country_ph,country_us,-0.18116631013292783,-0.020593181252479553
gcn,test,2024-01,country_sg,country_203,-0.32493209109448634,-0.016862064599990845
gcn,test,2024-01,country_sg,country_344,-0.05333274837893967,-0.021018192172050476
gcn,test,2024-01,country_sg,country_372,-0.22399027887656495,-0.02083602547645569
gcn,test,2024-01,country_sg,country_380,0.6803732836735532,-0.018760323524475098
gcn,test,2024-01,country_sg,country_cn,-0.18144911961323346,-0.02103981375694275
gcn,test,2024-01,country_sg,country_de,0.1100641562550964,-0.012749210000038147
gcn,test,2024-01,country_sg,country_fr,-0.2866798652127915,0.01632016897201538
gcn,test,2024-01,country_sg,country_gb,-0.3469772092769645,-0.033499181270599365
gcn,test,2024-01,country_sg,country_in,-0.005976264821878624,0.034302182495594025
gcn,test,2024-01,country_sg,country_jp,-0.24678258416258927,-0.006590992212295532
gcn,test,2024-01,country_sg,country_kr,-0.14514009046038312,0.0013655424118041992
gcn,test,2024-01,country_sg,country_mx,-0.34214287837402046,-0.062361449003219604
gcn,test,2024-01,country_sg,country_my,0.022674295665917818,-0.03350238502025604
gcn,test,2024-01,country_sg,country_ph,-0.28216952831366376,-0.0005164742469787598
gcn,test,2024-01,country_sg,country_th,-0.16825277346384487,-0.003991425037384033
gcn,test,2024-01,country_sg,country_us,-0.4404084666326769,0.050704918801784515
gcn,test,2024-01,country_th,country_203,-0.21327281174764526,-0.08087673783302307
gcn,test,2024-01,country_th,country_344,-0.21170075432320606,-0.0927516520023346
gcn,test,2024-01,country_th,country_372,0.03975343019829333,-0.08149802684783936
gcn,test,2024-01,country_th,country_380,-0.15727166637248136,-0.08552715182304382
gcn,test,2024-01,country_th,country_cn,-0.3171571856357929,-0.08894908428192139
gcn,test,2024-01,country_th,country_de,-0.25003402361119687,-0.0833415687084198
gcn,test,2024-01,country_th,country_fr,-0.061554494366581995,-0.05253075063228607
gcn,test,2024-01,country_th,country_gb,-0.49011257142558173,-0.10015049576759338
gcn,test,2024-01,country_th,country_in,-0.3982862643063509,-0.03807884454727173
gcn,test,2024-01,country_th,country_jp,-0.0015128376671217274,-0.0768982470035553
gcn,test,2024-01,country_th,country_kr,-0.1514377672997075,-0.06771966814994812
gcn,test,2024-01,country_th,country_mx,-0.07490384003790072,-0.1294829249382019
gcn,test,2024-01,country_th,country_my,-0.08139553655188157,-0.09461501240730286
gcn,test,2024-01,country_th,country_ph,0.21716965880405828,-0.0742606669664383
gcn,test,2024-01,country_th,country_sg,-0.36670241182330204,-0.009639695286750793
gcn,test,2024-01,country_th,country_us,-0.15417128290469617,-0.007976308465003967
gcn,test,2024-01,country_us,country_203,-0.40137802566871,-0.12629404664039612
gcn,test,2024-01,country_us,country_344,-0.3499645717928441,-0.1430542767047882
gcn,test,2024-01,country_us,country_372,-0.47710751977876903,-0.12996792793273926
gcn,test,2024-01,country_us,country_380,0.20031804575281545,-0.13185295462608337
gcn,test,2024-01,country_us,country_cn,0.16822424876003875,-0.13759267330169678
gcn,test,2024-01,country_us,country_de,-0.4411986045436958,-0.1289254128932953
gcn,test,2024-01,country_us,country_fr,-0.06952196868580864,-0.09797155857086182
gcn,test,2024-01,country_us,country_gb,-0.13656935319841912,-0.1407698690891266
gcn,test,2024-01,country_us,country_in,-0.12213815910247901,-0.08618882298469543
gcn,test,2024-01,country_us,country_jp,-0.2650533056792423,-0.12078067660331726
gcn,test,2024-01,country_us,country_kr,-0.10932146424392722,-0.11016595363616943
gcn,test,2024-01,country_us,country_mx,-0.029905846518730402,-0.17338725924491882
gcn,test,2024-01,country_us,country_my,0.02072420314232799,-0.1397847831249237
gcn,test,2024-01,country_us,country_ph,-0.12180388330471788,-0.11683973670005798
gcn,test,2024-01,country_us,country_sg,-0.15157522495002165,-0.05759933590888977
gcn,test,2024-01,country_us,country_th,-0.06182258304937512,-0.121670663356781
gcn,test,2024-01,country_vn,country_203,-0.2017639040456669,-0.029739469289779663
gcn,test,2024-01,country_vn,country_344,-0.2598682996796403,-0.027092143893241882
gcn,test,2024-01,country_vn,country_372,0.7213913289015839,-0.036912351846694946
gcn,test,2024-01,country_vn,country_380,0.12559410134608126,-0.03929975628852844
gcn,test,2024-01,country_vn,country_cn,-0.34109554016338484,-0.02290824055671692
gcn,test,2024-01,country_vn,country_de,-0.6486044726709418,-0.020623907446861267
gcn,test,2024-01,country_vn,country_fr,0.125668483323563,0.005031585693359375
gcn,test,2024-01,country_vn,country_gb,-0.2124647324732177,-0.04503488540649414
gcn,test,2024-01,country_vn,country_in,-0.2696771030055644,0.03437824547290802
gcn,test,2024-01,country_vn,country_jp,0.2344621054880328,-0.020847678184509277
gcn,test,2024-01,country_vn,country_kr,0.42729961265603955,-0.005525067448616028
gcn,test,2024-01,country_vn,country_mx,-0.183125010731902,-0.07407057285308838
gcn,test,2024-01,country_vn,country_my,-0.6378314548463512,-0.05533313751220703
gcn,test,2024-01,country_vn,country_ph,-0.3374961245116885,-0.03129437565803528
gcn,test,2024-01,country_vn,country_sg,-0.16426770099348412,0.05018146336078644
gcn,test,2024-01,country_vn,country_th,0.009379668450189598,-0.01763296127319336
gcn,test,2024-01,country_vn,country_us,0.07222407578527386,0.011045977473258972
gcn,test,2024-02,country_203,country_344,0.6964141150984582,-0.11485528945922852
gcn,test,2024-02,country_203,country_372,-0.7339723696812811,-0.09153850376605988
gcn,test,2024-02,country_203,country_380,-0.3443394306006087,-0.07657670974731445
gcn,test,2024-02,country_203,country_cn,0.5463110733391118,-0.11076492071151733
gcn,test,2024-02,country_203,country_de,-0.27463230909508296,-0.10028868913650513
gcn,test,2024-02,country_203,country_fr,0.1670190916881348,-0.056351274251937866
gcn,test,2024-02,country_203,country_gb,-0.09225429562130474,-0.05976462364196777
gcn,test,2024-02,country_203,country_in,2.355911037964433,-0.11707016825675964
gcn,test,2024-02,country_203,country_jp,0.03718573932236377,-0.10359969735145569
gcn,test,2024-02,country_203,country_kr,0.7089088818826317,-0.06906604766845703
gcn,test,2024-02,country_203,country_mx,-0.8563596536588797,-0.08224731683731079
gcn,test,2024-02,country_203,country_my,0.6525111083551602,-0.07924893498420715
gcn,test,2024-02,country_203,country_ph,-0.0614529174999553,-0.0877792239189148
gcn,test,2024-02,country_203,country_sg,0.441163124273015,-0.005293816328048706
gcn,test,2024-02,country_203,country_th,-0.4491868295697794,-0.11170598864555359
gcn,test,2024-02,country_203,country_us,0.5133051619453507,-0.013667598366737366
gcn,test,2024-02,country_344,country_203,-0.05239124542150001,-0.09754142165184021
gcn,test,2024-02,country_344,country_372,0.41955669067881884,-0.10760372877120972
gcn,test,2024-02,country_344,country_380,-0.047503833637925194,-0.09108644723892212
gcn,test,2024-02,country_344,country_cn,0.5089558430653597,-0.12098357081413269
gcn,test,2024-02,country_344,country_de,-0.2731161808902641,-0.10839486122131348
gcn,test,2024-02,country_344,country_fr,0.007421870191094296,-0.0581507682800293
gcn,test,2024-02,country_344,country_gb,-0.15583742324015354,-0.0625571757555008
gcn,test,2024-02,country_344,country_in,-0.24286700684033266,-0.10736790299415588
gcn,test,2024-02,country_344,country_jp,-0.5739784111288816,-0.11651459336280823
gcn,test,2024-02,country_344,country_kr,0.7067563100612893,-0.06660959124565125
gcn,test,2024-02,country_344,country_mx,-0.1321869056065732,-0.09064945578575134
gcn,test,2024-02,country_344,country_my,-0.21943300490202916,-0.07022123038768768
gcn,test,2024-02,country_344,country_ph,-0.06096924719283113,-0.08340078592300415
gcn,test,2024-02,country_344,country_sg,0.3818264730358389,-0.014763891696929932
gcn,test,2024-02,country_344,country_th,0.7481781527154896,-0.10964211821556091
gcn,test,2024-02,country_344,country_us,-0.7797536886057038,-0.03839743137359619
gcn,test,2024-02,country_372,country_203,2.1342911623960474,-0.088748037815094
gcn,test,2024-02,country_372,country_344,0.3616267683148137,-0.11084172129631042
gcn,test,2024-02,country_372,country_380,-0.5140058929066884,-0.08508965373039246
gcn,test,2024-02,country_372,country_cn,0.1455890393754792,-0.1123160719871521
gcn,test,2024-02,country_372,country_de,-0.7741130569971145,-0.10123580694198608
gcn,test,2024-02,country_372,country_fr,-0.10507933264285628,-0.05715389549732208
gcn,test,2024-02,country_372,country_gb,-0.09048904632055245,-0.05596049129962921
gcn,test,2024-02,country_372,country_in,2.8199639583991956,-0.11629816889762878
gcn,test,2024-02,country_372,country_jp,-0.058440330279122384,-0.10106432437896729
gcn,test,2024-02,country_372,country_kr,-0.5440620961443092,-0.06810717284679413
gcn,test,2024-02,country_372,country_mx,7.375371328716018,-0.08661134541034698
gcn,test,2024-02,country_372,country_my,0.09544207154811046,-0.0658109039068222
gcn,test,2024-02,country_372,country_ph,-0.2654436370605885,-0.08222158253192902
gcn,test,2024-02,country_372,country_sg,-0.33010415870146226,-0.009601742029190063
gcn,test,2024-02,country_372,country_th,30.47898834393813,-0.11005041003227234
gcn,test,2024-02,country_372,country_us,0.04064937802869897,-0.018804550170898438
gcn,test,2024-02,country_380,country_203,-0.039423586295170114,-0.08651794493198395
gcn,test,2024-02,country_380,country_344,-0.11461129814351975,-0.10610398650169373
gcn,test,2024-02,country_380,country_372,-0.03086061602483567,-0.093268021941185
gcn,test,2024-02,country_380,country_cn,0.11503236687873769,-0.11206021904945374
gcn,test,2024-02,country_380,country_de,-0.054293308341336305,-0.0951831042766571
gcn,test,2024-02,country_380,country_fr,0.6588970522196347,-0.04902660846710205
gcn,test,2024-02,country_380,country_gb,1.3265911763908433,-0.05665913224220276
gcn,test,2024-02,country_380,country_in,-0.27490249514637594,-0.10736477375030518
gcn,test,2024-02,country_380,country_jp,0.3266313792139643,-0.10023295879364014
gcn,test,2024-02,country_380,country_kr,-0.5590211833933943,-0.06629776954650879
gcn,test,2024-02,country_380,country_mx,-0.16372736408599184,-0.08143934607505798
gcn,test,2024-02,country_380,country_my,-0.04568085267333619,-0.07128572463989258
gcn,test,2024-02,country_380,country_ph,-0.056655142142798584,-0.0825568437576294
gcn,test,2024-02,country_380,country_sg,0.10793155275565168,0.002742171287536621
gcn,test,2024-02,country_380,country_th,-0.30706010480696705,-0.10669800639152527
gcn,test,2024-02,country_380,country_us,0.07693184593387976,-0.00544874370098114
gcn,test,2024-02,country_cn,country_203,0.03625278243170392,-0.08167168498039246
gcn,test,2024-02,country_cn,country_344,0.20810511494334935,-0.11043575406074524
gcn,test,2024-02,country_cn,country_372,-0.467111906337388,-0.09419035911560059
gcn,test,2024-02,country_cn,country_380,-0.5123517753889364,-0.07597938179969788
gcn,test,2024-02,country_cn,country_de,-0.24715685934090023,-0.09256783127784729
gcn,test,2024-02,country_cn,country_fr,-0.043850567734840876,-0.04933294653892517
gcn,test,2024-02,country_cn,country_gb,-0.022967823888100355,-0.05243290960788727
gcn,test,2024-02,country_cn,country_in,0.026682366108941393,-0.10445511341094971
gcn,test,2024-02,country_cn,country_jp,-0.14368142595257702,-0.10016775131225586
gcn,test,2024-02,country_cn,country_kr,0.1663201064152725,-0.05914826691150665
gcn,test,2024-02,country_cn,country_mx,-0.04602940418702884,-0.09234899282455444
gcn,test,2024-02,country_cn,country_my,0.21363586801032142,-0.07460606098175049
gcn,test,2024-02,country_cn,country_ph,0.3685361008793576,-0.07368768751621246
gcn,test,2024-02,country_cn,country_sg,0.08039610884824994,-0.004537254571914673
gcn,test,2024-02,country_cn,country_th,0.23408193241770553,-0.09492814540863037
gcn,test,2024-02,country_cn,country_us,-0.1185914028951947,-0.010522469878196716
gcn,test,2024-02,country_de,country_203,-0.06764156278348162,-0.09023958444595337
gcn,test,2024-02,country_de,country_344,0.2341359114354057,-0.11424842476844788
gcn,test,2024-02,country_de,country_372,0.5978393242808707,-0.0945608913898468
gcn,test,2024-02,country_de,country_380,0.05502143247306839,-0.08098205924034119
gcn,test,2024-02,country_de,country_cn,0.11379694474429813,-0.11670473217964172
gcn,test,2024-02,country_de,country_fr,-0.006981653244078821,-0.05355806648731232
gcn,test,2024-02,country_de,country_gb,-0.056934626348447676,-0.05807490646839142
gcn,test,2024-02,country_de,country_in,0.26031302836026404,-0.11170431971549988
gcn,test,2024-02,country_de,country_jp,-0.09173505288716909,-0.10723218321800232
gcn,test,2024-02,country_de,country_kr,-0.0035506936795510293,-0.06826959550380707
gcn,test,2024-02,country_de,country_mx,-0.0375049880327516,-0.08756349980831146
gcn,test,2024-02,country_de,country_my,-0.06955198320808696,-0.08054491877555847
gcn,test,2024-02,country_de,country_ph,0.08813478504266982,-0.08932062983512878
gcn,test,2024-02,country_de,country_sg,-0.05141266768108171,-0.005014792084693909
gcn,test,2024-02,country_de,country_th,-0.4369335490868643,-0.10903355479240417
gcn,test,2024-02,country_de,country_us,-0.07547938006883874,-0.0025726258754730225
gcn,test,2024-02,country_fr,country_203,0.10638412929229477,-0.08454570174217224
gcn,test,2024-02,country_fr,country_344,0.5215671392108914,-0.10920014977455139
gcn,test,2024-02,country_fr,country_372,-0.597558101230877,-0.09186801314353943
gcn,test,2024-02,country_fr,country_380,0.20631773109243384,-0.07159245014190674
gcn,test,2024-02,country_fr,country_cn,-0.10437689038089333,-0.11345881223678589
gcn,test,2024-02,country_fr,country_de,0.017707032367417653,-0.09549263119697571
gcn,test,2024-02,country_fr,country_gb,-0.0021920438739350496,-0.0641414225101471
gcn,test,2024-02,country_fr,country_in,0.006020260613092478,-0.10417690873146057
gcn,test,2024-02,country_fr,country_jp,-0.15040223965204738,-0.10549673438072205
gcn,test,2024-02,country_fr,country_kr,-0.1788510339265277,-0.06948085129261017
gcn,test,2024-02,country_fr,country_mx,0.5753401169458651,-0.08220824599266052
gcn,test,2024-02,country_fr,country_my,0.1475895853939263,-0.07949863374233246
gcn,test,2024-02,country_fr,country_ph,-0.2084728188625352,-0.0851147323846817
gcn,test,2024-02,country_fr,country_sg,0.025925473676080113,-0.002950921654701233
gcn,test,2024-02,country_fr,country_th,0.41699682070046534,-0.10422605276107788
gcn,test,2024-02,country_fr,country_us,0.05231424103679476,-0.006407231092453003
gcn,test,2024-02,country_gb,country_203,-0.4714147362470489,-0.09159927070140839
gcn,test,2024-02,country_gb,country_344,0.16814461334549555,-0.11702072620391846
gcn,test,2024-02,country_gb,country_372,-0.14609406782529238,-0.09577275812625885
gcn,test,2024-02,country_gb,country_380,0.4845875149425626,-0.08732426166534424
gcn,test,2024-02,country_gb,country_cn,-0.271712036670593,-0.12016534805297852
gcn,test,2024-02,country_gb,country_de,0.9228534979402164,-0.10278132557868958
gcn,test,2024-02,country_gb,country_fr,-0.22630401187031093,-0.0627177506685257
gcn,test,2024-02,country_gb,country_in,-0.11653900962164986,-0.11000341176986694
gcn,test,2024-02,country_gb,country_jp,-0.06627407703424082,-0.11078989505767822
gcn,test,2024-02,country_gb,country_kr,0.014936410548128885,-0.07446232438087463
gcn,test,2024-02,country_gb,country_mx,-0.6418166084428041,-0.08406586945056915
gcn,test,2024-02,country_gb,country_my,-0.28802849757324567,-0.08598724007606506
gcn,test,2024-02,country_gb,country_ph,-0.0835540841828108,-0.08794815838336945
gcn,test,2024-02,country_gb,country_sg,0.013625869419890824,-0.009299114346504211
gcn,test,2024-02,country_gb,country_th,0.40465386323116254,-0.1094864010810852
gcn,test,2024-02,country_gb,country_us,-0.11768547215855128,-0.009149760007858276
gcn,test,2024-02,country_in,country_203,0.12042561043114583,-0.10228055715560913
gcn,test,2024-02,country_in,country_344,0.4907780827127697,-0.11857530474662781
gcn,test,2024-02,country_in,country_372,-0.5172927583316776,-0.10302260518074036
gcn,test,2024-02,country_in,country_380,0.19275653342034196,-0.0952451080083847
gcn,test,2024-02,country_in,country_cn,-0.0947166794582626,-0.11955034732818604
gcn,test,2024-02,country_in,country_de,-0.14567174310371633,-0.10887891054153442
gcn,test,2024-02,country_in,country_fr,0.9804085278176817,-0.06533321738243103
gcn,test,2024-02,country_in,country_gb,1.2860514797541327,-0.0644443929195404
gcn,test,2024-02,country_in,country_jp,-0.515699195046008,-0.11436682939529419
gcn,test,2024-02,country_in,country_kr,-0.28397121384402235,-0.07358516752719879
gcn,test,2024-02,country_in,country_mx,-0.3651809501655575,-0.08602720499038696
gcn,test,2024-02,country_in,country_my,-0.08067433694353333,-0.08668483793735504
gcn,test,2024-02,country_in,country_ph,-0.7329396947495294,-0.0924065113067627
gcn,test,2024-02,country_in,country_sg,-0.10477085102190271,-0.005612298846244812
gcn,test,2024-02,country_in,country_th,-0.652238155298611,-0.11196425557136536
gcn,test,2024-02,country_in,country_us,-0.18619117423709658,0.0018593370914459229
gcn,test,2024-02,country_jp,country_203,-0.08623435348892258,-0.09043382108211517
gcn,test,2024-02,country_jp,country_344,0.35832305847878915,-0.11375045776367188
gcn,test,2024-02,country_jp,country_372,0.5126377164970932,-0.10632330179214478
gcn,test,2024-02,country_jp,country_380,-0.05540038236593091,-0.08950835466384888
gcn,test,2024-02,country_jp,country_cn,-0.07435960482322448,-0.11679273843765259
gcn,test,2024-02,country_jp,country_de,0.029549619294129786,-0.10363554954528809
gcn,test,2024-02,country_jp,country_fr,0.20681187745014987,-0.06744062900543213
gcn,test,2024-02,country_jp,country_gb,-0.2533921415704188,-0.07117575407028198
gcn,test,2024-02,country_jp,country_in,-0.027517339801448645,-0.10862118005752563
gcn,test,2024-02,country_jp,country_kr,-0.027181126943780786,-0.07253602147102356
gcn,test,2024-02,country_jp,country_mx,-0.03522767453252718,-0.09286347031593323
gcn,test,2024-02,country_jp,country_my,-0.08122690638876545,-0.07744073867797852
gcn,test,2024-02,country_jp,country_ph,0.09303075113733389,-0.08359882235527039
gcn,test,2024-02,country_jp,country_sg,0.13755423074882892,-0.011774003505706787
gcn,test,2024-02,country_jp,country_th,-0.028052347828361687,-0.10368886590003967
gcn,test,2024-02,country_jp,country_us,0.005943700686075824,-0.013939067721366882
gcn,test,2024-02,country_kr,country_203,0.6546112074919547,-0.08598122000694275
gcn,test,2024-02,country_kr,country_344,0.33479311269304246,-0.10561838746070862
gcn,test,2024-02,country_kr,country_372,0.11528856275611077,-0.09836238622665405
gcn,test,2024-02,country_kr,country_380,-0.3579199516098523,-0.08357986807823181
gcn,test,2024-02,country_kr,country_cn,0.2562494429665435,-0.10737460851669312
gcn,test,2024-02,country_kr,country_de,-0.05505946549035428,-0.0985879898071289
gcn,test,2024-02,country_kr,country_fr,-0.22598248003819774,-0.0610833615064621
gcn,test,2024-02,country_kr,country_gb,-0.35723346074738904,-0.06421668827533722
gcn,test,2024-02,country_kr,country_in,0.37187966251709625,-0.09847819805145264
gcn,test,2024-02,country_kr,country_jp,0.009534273195590408,-0.10281923413276672
gcn,test,2024-02,country_kr,country_mx,-0.11810936528541711,-0.08501696586608887
gcn,test,2024-02,country_kr,country_my,-0.01476674163525923,-0.07152965664863586
gcn,test,2024-02,country_kr,country_ph,0.02728299036502535,-0.08273041248321533
gcn,test,2024-02,country_kr,country_sg,0.0847568643585352,-0.0004601031541824341
gcn,test,2024-02,country_kr,country_th,0.2354633191215024,-0.09779208898544312
gcn,test,2024-02,country_kr,country_us,-0.0068858509105329735,0.0024386346340179443
gcn,test,2024-02,country_mx,country_203,-0.7404467960023515,-0.08496667444705963
gcn,test,2024-02,country_mx,country_344,1.31372941935568,-0.10422477126121521
gcn,test,2024-02,country_mx,country_372,0.509663469308044,-0.0920611321926117
gcn,test,2024-02,country_mx,country_380,-0.23965770342647746,-0.07888928055763245
gcn,test,2024-02,country_mx,country_cn,0.03256521970664601,-0.10092982649803162
gcn,test,2024-02,country_mx,country_de,-0.315043863888821,-0.09287610650062561
gcn,test,2024-02,country_mx,country_fr,-0.033421224183499354,-0.04910340905189514
gcn,test,2024-02,country_mx,country_gb,-0.028515632145546817,-0.05060076713562012
gcn,test,2024-02,country_mx,country_in,0.4826885659429942,-0.09447444975376129
gcn,test,2024-02,country_mx,country_jp,-0.40861045678831726,-0.09656096994876862
gcn,test,2024-02,country_mx,country_kr,0.042277828733135854,-0.05552627146244049
gcn,test,2024-02,country_mx,country_my,1.4144380292635088,-0.06431226432323456
gcn,test,2024-02,country_mx,country_ph,-0.30340830482616155,-0.08148893713951111
gcn,test,2024-02,country_mx,country_sg,-0.28938730655959677,0.00620521605014801
gcn,test,2024-02,country_mx,country_th,-0.14439344401326185,-0.09542229771614075
gcn,test,2024-02,country_mx,country_us,0.008047597364051562,0.01594574749469757
gcn,test,2024-02,country_my,country_203,0.1745764103464996,-0.08793660998344421
gcn,test,2024-02,country_my,country_344,0.1098051372199702,-0.11043748259544373
gcn,test,2024-02,country_my,country_372,1.549287817082864,-0.10281926393508911
gcn,test,2024-02,country_my,country_380,-0.13945682493361364,-0.08634936809539795
gcn,test,2024-02,country_my,country_cn,-0.051239946250360296,-0.10749411582946777
gcn,test,2024-02,country_my,country_de,0.024290142464517436,-0.09891867637634277
gcn,test,2024-02,country_my,country_fr,-0.13453810847731598,-0.056151002645492554
gcn,test,2024-02,country_my,country_gb,-0.3119360784199547,-0.06502644717693329
gcn,test,2024-02,country_my,country_in,-0.48680478425393703,-0.10580486059188843
gcn,test,2024-02,country_my,country_jp,-0.06389587038849272,-0.1060076653957367
gcn,test,2024-02,country_my,country_kr,-0.08452413572004464,-0.06874030828475952
gcn,test,2024-02,country_my,country_mx,-0.43560574355162096,-0.0890677273273468
gcn,test,2024-02,country_my,country_ph,-0.2255737839082807,-0.0867733508348465
gcn,test,2024-02,country_my,country_sg,0.06122669090273402,-0.00423160195350647
gcn,test,2024-02,country_my,country_th,0.48369376451136953,-0.10156664252281189
gcn,test,2024-02,country_my,country_us,0.18585649093831547,0.0027683228254318237
gcn,test,2024-02,country_ph,country_203,-0.07847958157492595,-0.06789353489875793
gcn,test,2024-02,country_ph,country_344,-0.17655633808044013,-0.0895368754863739
gcn,test,2024-02,country_ph,country_372,0.2760332397871783,-0.07183866202831268
gcn,test,2024-02,country_ph,country_380,-0.20835461954654708,-0.06609925627708435
gcn,test,2024-02,country_ph,country_cn,-0.12265327877617375,-0.09175233542919159
gcn,test,2024-02,country_ph,country_de,-0.11050688805325676,-0.07860192656517029
gcn,test,2024-02,country_ph,country_fr,-0.44711864033737986,-0.038939014077186584
gcn,test,2024-02,country_ph,country_gb,-0.3731829159427972,-0.04154355823993683
gcn,test,2024-02,country_ph,country_in,0.6636167070244372,-0.08527719974517822
gcn,test,2024-02,country_ph,country_jp,-0.08207089586609315,-0.07796886563301086
gcn,test,2024-02,country_ph,country_kr,-0.04830723685725155,-0.0468224436044693
gcn,test,2024-02,country_ph,country_mx,-0.2734178747565743,-0.06865611672401428
gcn,test,2024-02,country_ph,country_my,-0.2106111798369695,-0.05621592700481415
gcn,test,2024-02,country_ph,country_sg,-0.06024716475590973,0.016001686453819275
gcn,test,2024-02,country_ph,country_th,-0.003817982027647499,-0.08068835735321045
gcn,test,2024-02,country_ph,country_us,-0.21657882855201718,0.014056593179702759
gcn,test,2024-02,country_sg,country_203,-0.6484028309919427,-0.053865134716033936
gcn,test,2024-02,country_sg,country_344,0.1467612613011355,-0.07290007174015045
gcn,test,2024-02,country_sg,country_372,0.4594993027294644,-0.06661486625671387
gcn,test,2024-02,country_sg,country_380,0.5174687448080384,-0.05219396948814392
gcn,test,2024-02,country_sg,country_cn,0.018979125838224885,-0.07923214137554169
gcn,test,2024-02,country_sg,country_de,-0.048330231894011956,-0.06363816559314728
gcn,test,2024-02,country_sg,country_fr,-0.16049377659941222,-0.029042452573776245
gcn,test,2024-02,country_sg,country_gb,-0.4490978442998631,-0.027105286717414856
gcn,test,2024-02,country_sg,country_in,-0.1821784334278785,-0.06975437700748444
gcn,test,2024-02,country_sg,country_jp,0.11678770178391595,-0.07146619260311127
gcn,test,2024-02,country_sg,country_kr,-0.1265676676516781,-0.03471577167510986
gcn,test,2024-02,country_sg,country_mx,-0.2830309634497284,-0.05368286371231079
gcn,test,2024-02,country_sg,country_my,0.10996744875545444,-0.03794078528881073
gcn,test,2024-02,country_sg,country_ph,-0.30195611842619446,-0.05135679244995117
gcn,test,2024-02,country_sg,country_th,0.10038963323647117,-0.06771698594093323
gcn,test,2024-02,country_sg,country_us,-0.6491090820166732,0.035395652055740356
gcn,test,2024-02,country_th,country_203,-0.040032322152262434,-0.09578202664852142
gcn,test,2024-02,country_th,country_344,-0.15672537666275732,-0.11392459273338318
gcn,test,2024-02,country_th,country_372,0.03294851340736023,-0.10141739249229431
gcn,test,2024-02,country_th,country_380,0.04834437266864792,-0.09065812826156616
gcn,test,2024-02,country_th,country_cn,-0.11740116204913122,-0.11183691024780273
gcn,test,2024-02,country_th,country_de,-0.136211849376078,-0.10555565357208252
gcn,test,2024-02,country_th,country_fr,-0.1728372964084132,-0.06036598980426788
gcn,test,2024-02,country_th,country_gb,-0.4015433094512324,-0.06319695711135864
gcn,test,2024-02,country_th,country_in,-0.1186267742011418,-0.11219435930252075
gcn,test,2024-02,country_th,country_jp,-0.19090301033710566,-0.10649275779724121
gcn,test,2024-02,country_th,country_kr,-0.05116232928946385,-0.06587496399879456
gcn,test,2024-02,country_th,country_mx,-0.06661694190457935,-0.08819857239723206
gcn,test,2024-02,country_th,country_my,-0.03334016537839877,-0.06952083110809326
gcn,test,2024-02,country_th,country_ph,0.05917090680710699,-0.08973813056945801
gcn,test,2024-02,country_th,country_sg,-0.27872994007300333,-0.004749715328216553
gcn,test,2024-02,country_th,country_us,-0.1879093429746341,0.0044480860233306885
gcn,test,2024-02,country_us,country_203,-0.640530660623324,-0.11531034111976624
gcn,test,2024-02,country_us,country_344,-0.006226288033271393,-0.13876959681510925
gcn,test,2024-02,country_us,country_372,0.02908917451553207,-0.13215124607086182
gcn,test,2024-02,country_us,country_380,0.01986670702819009,-0.1120569109916687
gcn,test,2024-02,country_us,country_cn,0.08804619192826393,-0.1410338282585144
gcn,test,2024-02,country_us,country_de,-0.5275681706904441,-0.12421292066574097
gcn,test,2024-02,country_us,country_fr,-0.041521166902144656,-0.09034721553325653
gcn,test,2024-02,country_us,country_gb,-0.08415649548396756,-0.09111714363098145
gcn,test,2024-02,country_us,country_in,-0.0462075197159522,-0.12892594933509827
gcn,test,2024-02,country_us,country_jp,-0.28027379896196464,-0.12952423095703125
gcn,test,2024-02,country_us,country_kr,0.16459148928303838,-0.09736837446689606
gcn,test,2024-02,country_us,country_mx,-0.01643493312034687,-0.10957568883895874
gcn,test,2024-02,country_us,country_my,0.039744125078028054,-0.10194066166877747
gcn,test,2024-02,country_us,country_ph,-0.06340125104609412,-0.11194100975990295
gcn,test,2024-02,country_us,country_sg,-0.24682885582853642,-0.03487718105316162
gcn,test,2024-02,country_us,country_th,0.04561114765119241,-0.1272757351398468
gcn,test,2024-02,country_vn,country_203,1.2095958990112634,-0.0021387487649917603
gcn,test,2024-02,country_vn,country_344,0.2775572314565495,-0.013597890734672546
gcn,test,2024-02,country_vn,country_372,-0.7332449682155747,-0.03251814842224121
gcn,test,2024-02,country_vn,country_380,0.2012843718612635,-0.010060235857963562
gcn,test,2024-02,country_vn,country_cn,0.3693513798788778,-0.008375316858291626
gcn,test,2024-02,country_vn,country_de,-0.3470386382731163,-0.020152747631072998
gcn,test,2024-02,country_vn,country_fr,-0.4019436733761007,0.028021499514579773
gcn,test,2024-02,country_vn,country_gb,-0.25474226087943713,0.02050858736038208
gcn,test,2024-02,country_vn,country_in,-0.07519485164265875,-0.007686242461204529
gcn,test,2024-02,country_vn,country_jp,-0.09638257445541189,-0.015088066458702087
gcn,test,2024-02,country_vn,country_kr,0.6206999529447694,0.021286264061927795
gcn,test,2024-02,country_vn,country_mx,-0.12141874511131326,-0.01618817448616028
gcn,test,2024-02,country_vn,country_my,-0.2550919503599635,0.013639554381370544
gcn,test,2024-02,country_vn,country_ph,-0.6195524210191575,-0.008308008313179016
gcn,test,2024-02,country_vn,country_sg,0.34956116860141084,0.05514974892139435
gcn,test,2024-02,country_vn,country_th,0.00989797270288133,-0.022855699062347412
gcn,test,2024-02,country_vn,country_us,0.2971704261447322,0.05247296392917633
gcn,test,2024-03,country_203,country_344,1.196746679577055,-0.052323728799819946
gcn,test,2024-03,country_203,country_372,-0.7317523388964337,-0.06686139106750488
gcn,test,2024-03,country_203,country_380,-0.15361888026520798,-0.05031609535217285
gcn,test,2024-03,country_203,country_cn,0.1649266154990112,-0.05543774366378784
gcn,test,2024-03,country_203,country_de,0.0755204924152724,-0.06500478088855743
gcn,test,2024-03,country_203,country_fr,-0.39546687590318086,-0.062130510807037354
gcn,test,2024-03,country_203,country_gb,-0.17595944722368875,-0.060865551233291626
gcn,test,2024-03,country_203,country_in,0.020217733991538544,-0.11661526560783386
gcn,test,2024-03,country_203,country_jp,0.24836032371248842,-0.11161214113235474
gcn,test,2024-03,country_203,country_kr,0.13484819453395808,-0.06666906177997589
gcn,test,2024-03,country_203,country_mx,-0.741514587722162,-0.10337096452713013
gcn,test,2024-03,country_203,country_my,-0.3644059290936305,-0.07046084105968475
gcn,test,2024-03,country_203,country_ph,0.2305217092386423,-0.08163648843765259
gcn,test,2024-03,country_203,country_sg,0.9277235456611712,-0.054327502846717834
gcn,test,2024-03,country_203,country_th,0.25703858519959916,-0.0685390830039978
gcn,test,2024-03,country_203,country_us,-0.47866880159236563,0.013740524649620056
gcn,test,2024-03,country_344,country_203,4.252292893014044,-0.05583930015563965
gcn,test,2024-03,country_344,country_372,1.4203133310617975,-0.07218120992183685
gcn,test,2024-03,country_344,country_380,-0.00233621402669057,-0.05607670545578003
gcn,test,2024-03,country_344,country_cn,-0.2273631838397009,-0.054891929030418396
gcn,test,2024-03,country_344,country_de,-0.47451809993046135,-0.06677462160587311
gcn,test,2024-03,country_344,country_fr,-0.39247103779066944,-0.06430956721305847
gcn,test,2024-03,country_344,country_gb,0.610873992254878,-0.059111058712005615
gcn,test,2024-03,country_344,country_in,0.3849822175415495,-0.11086958646774292
gcn,test,2024-03,country_344,country_jp,-0.5976280509195394,-0.11529356241226196
gcn,test,2024-03,country_344,country_kr,1.3618586453447747,-0.06032027304172516
gcn,test,2024-03,country_344,country_mx,-0.226056228733505,-0.1032777726650238
gcn,test,2024-03,country_344,country_my,0.7999896432321674,-0.0627848356962204
gcn,test,2024-03,country_344,country_ph,0.12697075807740696,-0.07440726459026337
gcn,test,2024-03,country_344,country_sg,0.20287469987520007,-0.0517110675573349
gcn,test,2024-03,country_344,country_th,-0.42848345796186244,-0.057023078203201294
gcn,test,2024-03,country_344,country_us,2.0513906574438185,0.006776154041290283
gcn,test,2024-03,country_372,country_203,-0.0567653995465556,-0.06183925271034241
gcn,test,2024-03,country_372,country_344,1.5669972346036771,-0.06191909313201904
gcn,test,2024-03,country_372,country_380,-0.4688137227034519,-0.06597264111042023
gcn,test,2024-03,country_372,country_cn,-0.02768625600130447,-0.06197507679462433
gcn,test,2024-03,country_372,country_de,-0.41614597090283256,-0.06940728425979614
gcn,test,2024-03,country_372,country_fr,-0.09200644597995458,-0.06906136870384216
gcn,test,2024-03,country_372,country_gb,0.23772237244730338,-0.06057536602020264
gcn,test,2024-03,country_372,country_in,0.8610538424032308,-0.12713932991027832
gcn,test,2024-03,country_372,country_jp,-0.3033066868121374,-0.11331337690353394
gcn,test,2024-03,country_372,country_kr,1.4002533896962979,-0.07536113262176514
gcn,test,2024-03,country_372,country_mx,2.670053248360124,-0.1054341197013855
gcn,test,2024-03,country_372,country_my,0.4140284957256915,-0.06900709867477417
gcn,test,2024-03,country_372,country_ph,-0.19691874358654887,-0.08442670106887817
gcn,test,2024-03,country_372,country_sg,0.44883949938260204,-0.061758339405059814
gcn,test,2024-03,country_372,country_th,5.173869227525917,-0.06622745096683502
gcn,test,2024-03,country_372,country_us,-0.051646066104541845,0.0180814266204834
gcn,test,2024-03,country_380,country_203,0.3463032541162565,-0.052509188652038574
gcn,test,2024-03,country_380,country_344,0.7396619727939112,-0.04812237620353699
gcn,test,2024-03,country_380,country_372,0.2317908120854778,-0.06935648620128632
gcn,test,2024-03,country_380,country_cn,0.08305190406184584,-0.05896703898906708
gcn,test,2024-03,country_380,country_de,-0.15660413355197522,-0.06372317671775818
gcn,test,2024-03,country_380,country_fr,0.4678181637498995,-0.061039313673973083
gcn,test,2024-03,country_380,country_gb,0.6465984694966282,-0.060945987701416016
gcn,test,2024-03,country_380,country_in,0.2738214896312025,-0.1235792338848114
gcn,test,2024-03,country_380,country_jp,-0.17340160465144006,-0.11009436845779419
gcn,test,2024-03,country_380,country_kr,0.4556408657149025,-0.06811676919460297
gcn,test,2024-03,country_380,country_mx,0.1367662463552799,-0.10537272691726685
gcn,test,2024-03,country_380,country_my,0.2675015248455124,-0.06814225018024445
gcn,test,2024-03,country_380,country_ph,0.2654872560304649,-0.08049219846725464
gcn,test,2024-03,country_380,country_sg,-0.04891168544703964,-0.04940405488014221
gcn,test,2024-03,country_380,country_th,0.040830969944859435,-0.06479927897453308
gcn,test,2024-03,country_380,country_us,-0.17751156079134936,0.01945433020591736
gcn,test,2024-03,country_cn,country_203,0.05551369490981875,-0.06043168902397156
gcn,test,2024-03,country_cn,country_344,0.1522465685226355,-0.057338327169418335
gcn,test,2024-03,country_cn,country_372,-0.22815844798503607,-0.0762082189321518
gcn,test,2024-03,country_cn,country_380,-0.27372339442070714,-0.061539798974990845
gcn,test,2024-03,country_cn,country_de,-0.08780842202111465,-0.06507010757923126
gcn,test,2024-03,country_cn,country_fr,0.21981448716491814,-0.06137201189994812
gcn,test,2024-03,country_cn,country_gb,0.02277472183400262,-0.05936048924922943
gcn,test,2024-03,country_cn,country_in,-0.17380732442347044,-0.12065571546554565
gcn,test,2024-03,country_cn,country_jp,-0.1654423660074729,-0.10704571008682251
gcn,test,2024-03,country_cn,country_kr,0.12365934439008476,-0.06339800357818604
gcn,test,2024-03,country_cn,country_mx,-0.10448987803792198,-0.11157914996147156
gcn,test,2024-03,country_cn,country_my,0.06200922938794156,-0.07337386906147003
gcn,test,2024-03,country_cn,country_ph,0.16488312290586965,-0.08036921918392181
gcn,test,2024-03,country_cn,country_sg,-0.028140867840723418,-0.057247593998909
gcn,test,2024-03,country_cn,country_th,-0.13218498082728544,-0.057696759700775146
gcn,test,2024-03,country_cn,country_us,-0.21497460595687762,0.02560839056968689
gcn,test,2024-03,country_de,country_203,0.04009219447751696,-0.06239864230155945
gcn,test,2024-03,country_de,country_344,-0.1016413362420449,-0.0617748498916626
gcn,test,2024-03,country_de,country_372,0.5007442950881181,-0.07643741369247437
gcn,test,2024-03,country_de,country_380,0.04245576991483816,-0.06053805351257324
gcn,test,2024-03,country_de,country_cn,0.19021010103040253,-0.06524305045604706
gcn,test,2024-03,country_de,country_fr,-0.09239676285388902,-0.06445731222629547
gcn,test,2024-03,country_de,country_gb,0.025647344742126474,-0.06682288646697998
gcn,test,2024-03,country_de,country_in,0.07566439901357347,-0.1267988681793213
gcn,test,2024-03,country_de,country_jp,0.0154735881300154,-0.11397984623908997
gcn,test,2024-03,country_de,country_kr,0.2976607296720405,-0.07339900732040405
gcn,test,2024-03,country_de,country_mx,-0.052642181987040425,-0.11054474115371704
gcn,test,2024-03,country_de,country_my,-0.02487347976857056,-0.07887859642505646
gcn,test,2024-03,country_de,country_ph,0.13120414087486773,-0.08910787105560303
gcn,test,2024-03,country_de,country_sg,-0.11931462695259426,-0.061023131012916565
gcn,test,2024-03,country_de,country_th,-0.3518674202425693,-0.06896600127220154
gcn,test,2024-03,country_de,country_us,-0.10336448945079148,0.026598870754241943
gcn,test,2024-03,country_fr,country_203,-0.3949531588037485,-0.06733860075473785
gcn,test,2024-03,country_fr,country_344,0.053493195076473016,-0.06283798813819885
gcn,test,2024-03,country_fr,country_372,-0.385559841342048,-0.08182524144649506
gcn,test,2024-03,country_fr,country_380,-0.05277250255067525,-0.06227633357048035
gcn,test,2024-03,country_fr,country_cn,-0.14177917842048263,-0.06774179637432098
gcn,test,2024-03,country_fr,country_de,-0.1083447055571928,-0.0740443617105484
gcn,test,2024-03,country_fr,country_gb,0.10753016964958659,-0.07197551429271698
gcn,test,2024-03,country_fr,country_in,0.14601262812262766,-0.12603062391281128
gcn,test,2024-03,country_fr,country_jp,-0.1478241379713305,-0.11982184648513794
gcn,test,2024-03,country_fr,country_kr,-0.1949011520555265,-0.07522019743919373
gcn,test,2024-03,country_fr,country_mx,0.20662886783831205,-0.1090383529663086
gcn,test,2024-03,country_fr,country_my,-0.1426739491225347,-0.08378154039382935
gcn,test,2024-03,country_fr,country_ph,-0.13486750905352696,-0.09116455912590027
gcn,test,2024-03,country_fr,country_sg,-0.09349601080314772,-0.06030014157295227
gcn,test,2024-03,country_fr,country_th,0.22342859781125998,-0.07285107672214508
gcn,test,2024-03,country_fr,country_us,-0.24846629483888205,0.0208931565284729
gcn,test,2024-03,country_gb,country_203,0.7771235350000083,-0.07868087291717529
gcn,test,2024-03,country_gb,country_344,0.5809799139879911,-0.07303348183631897
gcn,test,2024-03,country_gb,country_372,-0.29099362622295477,-0.0863846093416214
gcn,test,2024-03,country_gb,country_380,0.6294943549823341,-0.07973764836788177
gcn,test,2024-03,country_gb,country_cn,-0.11497223292641252,-0.07691186666488647
gcn,test,2024-03,country_gb,country_de,1.747353760181971,-0.08444567024707794
gcn,test,2024-03,country_gb,country_fr,-0.31175475737437935,-0.07950440049171448
gcn,test,2024-03,country_gb,country_in,0.05075808615959786,-0.1325589418411255
gcn,test,2024-03,country_gb,country_jp,0.06561498479144483,-0.12758484482765198
gcn,test,2024-03,country_gb,country_kr,0.12829493586878496,-0.0828421413898468
gcn,test,2024-03,country_gb,country_mx,-0.38598271229212683,-0.11501586437225342
gcn,test,2024-03,country_gb,country_my,0.28586098409345523,-0.09154336154460907
gcn,test,2024-03,country_gb,country_ph,0.14446803602898486,-0.09667272865772247
gcn,test,2024-03,country_gb,country_sg,-0.0723215135593325,-0.07219384610652924
gcn,test,2024-03,country_gb,country_th,0.12288792855087667,-0.0816422700881958
gcn,test,2024-03,country_gb,country_us,-0.014460594893724166,0.013910368084907532
gcn,test,2024-03,country_in,country_203,-0.058148225656970316,-0.08501887321472168
gcn,test,2024-03,country_in,country_344,0.11684893369361862,-0.07660117745399475
gcn,test,2024-03,country_in,country_372,-0.5451130430770721,-0.09462393820285797
gcn,test,2024-03,country_in,country_380,0.18140834939673506,-0.08243507146835327
gcn,test,2024-03,country_in,country_cn,0.4944497130190568,-0.0791395753622055
gcn,test,2024-03,country_in,country_de,-0.3170029126803116,-0.0853516161441803
gcn,test,2024-03,country_in,country_fr,0.0606394958587939,-0.08219575881958008
gcn,test,2024-03,country_in,country_gb,1.5343912058919706,-0.08140690624713898
gcn,test,2024-03,country_in,country_jp,-0.20005395996357514,-0.13416853547096252
gcn,test,2024-03,country_in,country_kr,8.588532013420291,-0.0868569016456604
gcn,test,2024-03,country_in,country_mx,0.42014161445147946,-0.12137946486473083
gcn,test,2024-03,country_in,country_my,0.6346893003868813,-0.09751647710800171
gcn,test,2024-03,country_in,country_ph,-0.2672128564676225,-0.10386732220649719
gcn,test,2024-03,country_in,country_sg,0.9555156021282094,-0.0751868486404419
gcn,test,2024-03,country_in,country_th,2.1523624943405673,-0.08577172458171844
gcn,test,2024-03,country_in,country_us,-0.043012559042305776,0.019393935799598694
gcn,test,2024-03,country_jp,country_203,-0.26426997313436007,-0.07482653856277466
gcn,test,2024-03,country_jp,country_344,0.16398246636121383,-0.0675853043794632
gcn,test,2024-03,country_jp,country_372,0.4811558612368696,-0.09394264221191406
gcn,test,2024-03,country_jp,country_380,0.8763437604777576,-0.08041596412658691
gcn,test,2024-03,country_jp,country_cn,-0.012206561183445088,-0.06826114654541016
gcn,test,2024-03,country_jp,country_de,-0.1333328303615474,-0.08010905981063843
gcn,test,2024-03,country_jp,country_fr,-0.00534622672202258,-0.07164323329925537
gcn,test,2024-03,country_jp,country_gb,-0.12981414686609105,-0.0789518654346466
gcn,test,2024-03,country_jp,country_in,-0.12739724686887968,-0.1300167441368103
gcn,test,2024-03,country_jp,country_kr,-0.020705812659395636,-0.07753780484199524
gcn,test,2024-03,country_jp,country_mx,0.2647247416441557,-0.11938926577568054
gcn,test,2024-03,country_jp,country_my,-0.0759372181951922,-0.0800427794456482
gcn,test,2024-03,country_jp,country_ph,-0.09073068217550065,-0.09143368899822235
gcn,test,2024-03,country_jp,country_sg,-0.009852978642680242,-0.06415064632892609
gcn,test,2024-03,country_jp,country_th,-0.008021719356105897,-0.07105587422847748
gcn,test,2024-03,country_jp,country_us,-0.09591891937200482,0.016617774963378906
gcn,test,2024-03,country_kr,country_203,0.04699499204463277,-0.07079881429672241
gcn,test,2024-03,country_kr,country_344,0.22647974668059942,-0.06129652261734009
gcn,test,2024-03,country_kr,country_372,-0.2936574739077744,-0.09082096815109253
gcn,test,2024-03,country_kr,country_380,-0.23487208812069132,-0.07492479681968689
gcn,test,2024-03,country_kr,country_cn,0.14132051329135847,-0.06361651420593262
gcn,test,2024-03,country_kr,country_de,-0.12588848529833943,-0.07830435037612915
gcn,test,2024-03,country_kr,country_fr,-0.4882073872882139,-0.07746140658855438
gcn,test,2024-03,country_kr,country_gb,0.2818237803957253,-0.0750744491815567
gcn,test,2024-03,country_kr,country_in,0.298189775193444,-0.12385055422782898
gcn,test,2024-03,country_kr,country_jp,-0.2689242887926016,-0.120846688747406
gcn,test,2024-03,country_kr,country_mx,-0.11821542033083442,-0.1134958565235138
gcn,test,2024-03,country_kr,country_my,-0.3139916886746947,-0.07635585963726044
gcn,test,2024-03,country_kr,country_ph,0.05094300533428867,-0.08952942490577698
gcn,test,2024-03,country_kr,country_sg,0.12844466771652618,-0.05936934053897858
gcn,test,2024-03,country_kr,country_th,0.3271786092687464,-0.0681958794593811
gcn,test,2024-03,country_kr,country_us,0.07971188311529037,0.02665284276008606
gcn,test,2024-03,country_mx,country_203,-0.15097501970041574,-0.07859139144420624
gcn,test,2024-03,country_mx,country_344,-0.012315849624675445,-0.07091452181339264
gcn,test,2024-03,country_mx,country_372,-0.08570544729187214,-0.09322807192802429
gcn,test,2024-03,country_mx,country_380,-0.30511738339144473,-0.07745307683944702
gcn,test,2024-03,country_mx,country_cn,-0.26812778267207277,-0.07112225890159607
gcn,test,2024-03,country_mx,country_de,-0.12520218701653263,-0.08354976773262024
gcn,test,2024-03,country_mx,country_fr,-0.025565715715316448,-0.08209896087646484
gcn,test,2024-03,country_mx,country_gb,-0.4625742630746144,-0.07991465926170349
gcn,test,2024-03,country_mx,country_in,0.8141520706098465,-0.13055497407913208
gcn,test,2024-03,country_mx,country_jp,0.8437578727127311,-0.12428838014602661
gcn,test,2024-03,country_mx,country_kr,-0.25983422430868225,-0.082212433218956
gcn,test,2024-03,country_mx,country_my,0.6961568851906198,-0.08178772032260895
gcn,test,2024-03,country_mx,country_ph,-0.4718288641156975,-0.09936374425888062
gcn,test,2024-03,country_mx,country_sg,0.1420542698275487,-0.07010325789451599
gcn,test,2024-03,country_mx,country_th,-0.24523195597936467,-0.07628469169139862
gcn,test,2024-03,country_mx,country_us,-0.48365999893643236,0.023683175444602966
gcn,test,2024-03,country_my,country_203,-0.012885795024897874,-0.0675768256187439
gcn,test,2024-03,country_my,country_344,0.08610754905388478,-0.060771480202674866
gcn,test,2024-03,country_my,country_372,0.42558233086829644,-0.08573460578918457
gcn,test,2024-03,country_my,country_380,-0.18720046490905504,-0.07339394092559814
gcn,test,2024-03,country_my,country_cn,-0.0971785141683759,-0.061926230788230896
gcn,test,2024-03,country_my,country_de,-0.12750228136409764,-0.07405230402946472
gcn,test,2024-03,country_my,country_fr,-0.2977103187462586,-0.06614738702774048
gcn,test,2024-03,country_my,country_gb,-0.3607162374824996,-0.07156932353973389
gcn,test,2024-03,country_my,country_in,-0.5083158571708964,-0.1262415647506714
gcn,test,2024-03,country_my,country_jp,0.17936732176845654,-0.11934706568717957
gcn,test,2024-03,country_my,country_kr,-0.09002825385043199,-0.07278430461883545
gcn,test,2024-03,country_my,country_mx,0.06072797475675931,-0.11352753639221191
gcn,test,2024-03,country_my,country_ph,-0.47086713845389816,-0.08949117362499237
gcn,test,2024-03,country_my,country_sg,0.1687219878504164,-0.05901423096656799
gcn,test,2024-03,country_my,country_th,-0.07600632759375524,-0.06636287271976471
gcn,test,2024-03,country_my,country_us,0.07038004886214722,0.03248000144958496
gcn,test,2024-03,country_ph,country_203,0.09600183253304787,-0.07300560176372528
gcn,test,2024-03,country_ph,country_344,-0.28211434430178534,-0.06460532546043396
gcn,test,2024-03,country_ph,country_372,0.06963491404062878,-0.08055134117603302
gcn,test,2024-03,country_ph,country_380,-0.3418561972744817,-0.07710957527160645
gcn,test,2024-03,country_ph,country_cn,-0.07504185935629032,-0.06712159514427185
gcn,test,2024-03,country_ph,country_de,-0.21088438698915415,-0.07820436358451843
gcn,test,2024-03,country_ph,country_fr,-0.6383777179523734,-0.07773971557617188
gcn,test,2024-03,country_ph,country_gb,-0.1945991492603269,-0.07325446605682373
gcn,test,2024-03,country_ph,country_in,0.014138331314480689,-0.12809094786643982
gcn,test,2024-03,country_ph,country_jp,-0.14520219570287426,-0.11443948745727539
gcn,test,2024-03,country_ph,country_kr,0.07589757080751922,-0.07538090646266937
gcn,test,2024-03,country_ph,country_mx,-0.13394401318076246,-0.1153191328048706
gcn,test,2024-03,country_ph,country_my,-0.10984051322845716,-0.08421066403388977
gcn,test,2024-03,country_ph,country_sg,-0.24574858576206457,-0.0639200508594513
gcn,test,2024-03,country_ph,country_th,0.026510812330262243,-0.07110366225242615
gcn,test,2024-03,country_ph,country_us,-0.3043524927926207,0.019543617963790894
gcn,test,2024-03,country_sg,country_203,-0.19457911977883857,-0.06522096693515778
gcn,test,2024-03,country_sg,country_344,0.15716232292303575,-0.058404162526130676
gcn,test,2024-03,country_sg,country_372,-0.14158281704107656,-0.08832989633083344
gcn,test,2024-03,country_sg,country_380,-0.23194164540139817,-0.07014578580856323
gcn,test,2024-03,country_sg,country_cn,0.13625796906512758,-0.06488466262817383
gcn,test,2024-03,country_sg,country_de,0.4588372099063976,-0.07392948865890503
gcn,test,2024-03,country_sg,country_fr,0.07869335854637183,-0.0748341977596283
gcn,test,2024-03,country_sg,country_gb,-0.14386809744873413,-0.0734604001045227
gcn,test,2024-03,country_sg,country_in,-0.1633629412487869,-0.12486335635185242
gcn,test,2024-03,country_sg,country_jp,-0.27832461586957424,-0.1202223002910614
gcn,test,2024-03,country_sg,country_kr,-0.33725841904413395,-0.07308204472064972
gcn,test,2024-03,country_sg,country_mx,-0.11286688657416906,-0.11051535606384277
gcn,test,2024-03,country_sg,country_my,0.12236576805931347,-0.07474316656589508
gcn,test,2024-03,country_sg,country_ph,-0.12602121105851463,-0.0878240168094635
gcn,test,2024-03,country_sg,country_th,-0.31545460723848134,-0.06718209385871887
gcn,test,2024-03,country_sg,country_us,-0.6488803998189279,0.023812800645828247
gcn,test,2024-03,country_th,country_203,-0.17087617849056538,-0.060038477182388306
gcn,test,2024-03,country_th,country_344,-0.14411244803268836,-0.05644114315509796
gcn,test,2024-03,country_th,country_372,-0.14004434841916608,-0.07868300378322601
gcn,test,2024-03,country_th,country_380,-0.2524329195737695,-0.06561215221881866
gcn,test,2024-03,country_th,country_cn,-0.09048130993437509,-0.056619226932525635
gcn,test,2024-03,country_th,country_de,-0.2109927594644492,-0.06874144077301025
gcn,test,2024-03,country_th,country_fr,-0.22325650367831934,-0.06679093837738037
gcn,test,2024-03,country_th,country_gb,-0.222382079205594,-0.06359928846359253
gcn,test,2024-03,country_th,country_in,-0.20674956759217303,-0.11464467644691467
gcn,test,2024-03,country_th,country_jp,-0.19369768448811342,-0.11305037140846252
gcn,test,2024-03,country_th,country_kr,-0.06997865355905568,-0.06590968370437622
gcn,test,2024-03,country_th,country_mx,-0.08368664546254852,-0.10538744926452637
gcn,test,2024-03,country_th,country_my,0.6840042100039498,-0.0731179416179657
gcn,test,2024-03,country_th,country_ph,-0.29686506667507134,-0.08393993973731995
gcn,test,2024-03,country_th,country_sg,-0.11560383605333484,-0.05522710084915161
gcn,test,2024-03,country_th,country_us,-0.17713051768383237,0.04014988988637924
gcn,test,2024-03,country_us,country_203,-0.4764281369155454,-0.08816972374916077
gcn,test,2024-03,country_us,country_344,-0.3679288162576499,-0.07621589303016663
gcn,test,2024-03,country_us,country_372,0.4938713584513467,-0.10428526997566223
gcn,test,2024-03,country_us,country_380,0.09372213691300774,-0.09143860638141632
gcn,test,2024-03,country_us,country_cn,0.1231031209177263,-0.07779869437217712
gcn,test,2024-03,country_us,country_de,-0.42283676293802785,-0.08878278732299805
gcn,test,2024-03,country_us,country_fr,-0.11655595609578077,-0.08533863723278046
gcn,test,2024-03,country_us,country_gb,0.19932068837261444,-0.07435277104377747
gcn,test,2024-03,country_us,country_in,0.29740072941618434,-0.1384725570678711
gcn,test,2024-03,country_us,country_jp,-0.3239642196641039,-0.13257312774658203
gcn,test,2024-03,country_us,country_kr,-0.004899927316816603,-0.08618974685668945
gcn,test,2024-03,country_us,country_mx,-0.053738367912939726,-0.1214284896850586
gcn,test,2024-03,country_us,country_my,0.07108881930062849,-0.0933777391910553
gcn,test,2024-03,country_us,country_ph,0.06582843058569159,-0.10212385654449463
gcn,test,2024-03,country_us,country_sg,-0.21552953169747427,-0.07207868993282318
gcn,test,2024-03,country_us,country_th,-0.302811340930967,-0.08382999897003174
gcn,test,2024-03,country_vn,country_203,-0.07957148552445295,0.0016283988952636719
gcn,test,2024-03,country_vn,country_344,-0.08862243479867025,0.010723128914833069
gcn,test,2024-03,country_vn,country_372,9.133739519807413,-0.04223249852657318
gcn,test,2024-03,country_vn,country_380,0.2606550379696898,-0.013030469417572021
gcn,test,2024-03,country_vn,country_cn,-0.2614834881195994,-0.0021328628063201904
gcn,test,2024-03,country_vn,country_de,-0.2242139040064429,-0.017373263835906982
gcn,test,2024-03,country_vn,country_fr,-0.3710302276882606,-0.024378016591072083
gcn,test,2024-03,country_vn,country_gb,-0.16048756978799766,-0.021897390484809875
gcn,test,2024-03,country_vn,country_in,-0.006588307334949781,-0.05410051345825195
gcn,test,2024-03,country_vn,country_jp,-0.35730990034999327,-0.07195943593978882
gcn,test,2024-03,country_vn,country_kr,0.08805050313986491,-0.015478461980819702
gcn,test,2024-03,country_vn,country_mx,0.36819110691026496,-0.059438303112983704
gcn,test,2024-03,country_vn,country_my,-0.3757222312268055,-0.023326188325881958
gcn,test,2024-03,country_vn,country_ph,-0.09981963263464418,-0.03873920440673828
gcn,test,2024-03,country_vn,country_sg,0.06662358582920022,-0.005101412534713745
gcn,test,2024-03,country_vn,country_th,0.021105669542253434,-0.011982977390289307
gcn,test,2024-03,country_vn,country_us,0.4919491039495934,0.04557931423187256
gcn,test,2024-04,country_203,country_344,-0.054847161105393054,-0.09294196963310242
gcn,test,2024-04,country_203,country_372,-0.5099048486206046,-0.07430879771709442
gcn,test,2024-04,country_203,country_380,-0.5443023836123665,-0.07420094311237335
gcn,test,2024-04,country_203,country_cn,0.0016034251168239105,-0.078057199716568
gcn,test,2024-04,country_203,country_de,-0.42790977317500595,-0.11719086766242981
gcn,test,2024-04,country_203,country_fr,-0.6874875791604094,-0.09621983766555786
gcn,test,2024-04,country_203,country_gb,0.5801070764468105,-0.08610017597675323
gcn,test,2024-04,country_203,country_in,-0.425172879479517,-0.1327749490737915
gcn,test,2024-04,country_203,country_jp,-0.18621659246564415,-0.12362301349639893
gcn,test,2024-04,country_203,country_kr,0.09099292039990658,-0.09371200203895569
gcn,test,2024-04,country_203,country_mx,-0.1534703380561813,-0.10258710384368896
gcn,test,2024-04,country_203,country_my,-0.35305773604111046,-0.08802790939807892
gcn,test,2024-04,country_203,country_ph,0.17239231526806603,-0.1266198456287384
gcn,test,2024-04,country_203,country_sg,-0.14869693167813805,-0.08150576055049896
gcn,test,2024-04,country_203,country_th,0.01388291468532621,-0.134088933467865
gcn,test,2024-04,country_203,country_us,2.7373961129905413,-0.0025443732738494873
gcn,test,2024-04,country_344,country_203,9.517011026320132,-0.09838631749153137
gcn,test,2024-04,country_344,country_372,0.4034108132457239,-0.06059527397155762
gcn,test,2024-04,country_344,country_380,-0.37597674210329374,-0.07034149765968323
gcn,test,2024-04,country_344,country_cn,0.44950814670940253,-0.0641086995601654
gcn,test,2024-04,country_344,country_de,0.18389117960624224,-0.10858780145645142
gcn,test,2024-04,country_344,country_fr,-0.11665438795769054,-0.08587646484375
gcn,test,2024-04,country_344,country_gb,-0.3373742590841174,-0.06985914707183838
gcn,test,2024-04,country_344,country_in,0.229301856770411,-0.10485708713531494
gcn,test,2024-04,country_344,country_jp,-0.4979805028701137,-0.11738333106040955
gcn,test,2024-04,country_344,country_kr,-0.35516480338162953,-0.07633006572723389
gcn,test,2024-04,country_344,country_mx,-0.2215848807188096,-0.09198859333992004
gcn,test,2024-04,country_344,country_my,0.19726939785239825,-0.0645226389169693
gcn,test,2024-04,country_344,country_ph,-0.36203533868209176,-0.10891866683959961
gcn,test,2024-04,country_344,country_sg,-0.33145403298460735,-0.0688428282737732
gcn,test,2024-04,country_344,country_th,-0.12416899442036901,-0.11151915788650513
gcn,test,2024-04,country_344,country_us,-0.45577146354920545,0.011791348457336426
gcn,test,2024-04,country_372,country_203,0.941832754743147,-0.07967326045036316
gcn,test,2024-04,country_372,country_344,-0.15761552142222235,-0.06822210550308228
gcn,test,2024-04,country_372,country_380,-0.6546939484676055,-0.05454041063785553
gcn,test,2024-04,country_372,country_cn,-0.010727188224032774,-0.05430351197719574
gcn,test,2024-04,country_372,country_de,-0.5663898224723709,-0.09178134799003601
gcn,test,2024-04,country_372,country_fr,0.5389863788537135,-0.07072806358337402
gcn,test,2024-04,country_372,country_gb,0.462591703141602,-0.05327586829662323
gcn,test,2024-04,country_372,country_in,-0.9151821665903586,-0.10434874892234802
gcn,test,2024-04,country_372,country_jp,-0.45831311550305787,-0.09422537684440613
gcn,test,2024-04,country_372,country_kr,-0.4237759930719507,-0.07047490775585175
gcn,test,2024-04,country_372,country_mx,-0.05666565151069837,-0.0773409754037857
gcn,test,2024-04,country_372,country_my,0.3346566365568598,-0.05429048836231232
gcn,test,2024-04,country_372,country_ph,0.09763356452440432,-0.09859046339988708
gcn,test,2024-04,country_372,country_sg,0.6537157625704001,-0.06497015058994293
gcn,test,2024-04,country_372,country_th,3.5065207346422373,-0.10631716251373291
gcn,test,2024-04,country_372,country_us,0.3377228440130083,0.03804047405719757
gcn,test,2024-04,country_380,country_203,0.25609316197702797,-0.0887572169303894
gcn,test,2024-04,country_380,country_344,0.39720193834846834,-0.06924304366111755
gcn,test,2024-04,country_380,country_372,0.2870152945534196,-0.051800891757011414
gcn,test,2024-04,country_380,country_cn,0.2020582751418354,-0.061553776264190674
gcn,test,2024-04,country_380,country_de,-0.02653430422659064,-0.09486782550811768
gcn,test,2024-04,country_380,country_fr,-0.39659765053110935,-0.07164308428764343
gcn,test,2024-04,country_380,country_gb,0.4278394836270865,-0.06431849300861359
gcn,test,2024-04,country_380,country_in,0.671468199162903,-0.11005339026451111
gcn,test,2024-04,country_380,country_jp,-0.18999544408804514,-0.10102468729019165
gcn,test,2024-04,country_380,country_kr,0.8123172192346497,-0.07468579709529877
gcn,test,2024-04,country_380,country_mx,0.30194658465576285,-0.08482396602630615
gcn,test,2024-04,country_380,country_my,-0.19599293936350504,-0.06291994452476501
gcn,test,2024-04,country_380,country_ph,0.6914215829010218,-0.10333758592605591
gcn,test,2024-04,country_380,country_sg,0.037305050841710714,-0.05769941210746765
gcn,test,2024-04,country_380,country_th,0.03741728882861771,-0.11262345314025879
gcn,test,2024-04,country_380,country_us,-0.08935590586723115,0.026199430227279663
gcn,test,2024-04,country_cn,country_203,-0.22307796537631766,-0.09287172555923462
gcn,test,2024-04,country_cn,country_344,-0.028762817171373023,-0.07938981056213379
gcn,test,2024-04,country_cn,country_372,-0.18693564035100707,-0.06090463697910309
gcn,test,2024-04,country_cn,country_380,-0.03872962265057398,-0.0671842098236084
gcn,test,2024-04,country_cn,country_de,-0.03196297190349523,-0.09915199875831604
gcn,test,2024-04,country_cn,country_fr,0.2686043245530284,-0.08063971996307373
gcn,test,2024-04,country_cn,country_gb,-0.26201883006581317,-0.06811051070690155
gcn,test,2024-04,country_cn,country_in,-0.19805337319632968,-0.11418348550796509
gcn,test,2024-04,country_cn,country_jp,-0.11390202093040885,-0.10393968224525452
gcn,test,2024-04,country_cn,country_kr,0.0530523417665452,-0.0775274783372879
gcn,test,2024-04,country_cn,country_mx,-0.06591850472067297,-0.09975945949554443
gcn,test,2024-04,country_cn,country_my,0.017394672129428395,-0.07572069764137268
gcn,test,2024-04,country_cn,country_ph,0.4881404523234502,-0.10574653744697571
gcn,test,2024-04,country_cn,country_sg,0.010067518966670392,-0.07190696895122528
gcn,test,2024-04,country_cn,country_th,0.07251654084177786,-0.10926017165184021
gcn,test,2024-04,country_cn,country_us,0.0932010532425425,0.02871500700712204
gcn,test,2024-04,country_de,country_203,0.04388169845769855,-0.09893718361854553
gcn,test,2024-04,country_de,country_344,-0.08572818045780937,-0.08619597554206848
gcn,test,2024-04,country_de,country_372,1.0216427178909566,-0.06109410524368286
gcn,test,2024-04,country_de,country_380,-0.2630956326592432,-0.06714028120040894
gcn,test,2024-04,country_de,country_cn,0.06787469676559041,-0.06853775680065155
gcn,test,2024-04,country_de,country_fr,0.10742937964461588,-0.07843966782093048
gcn,test,2024-04,country_de,country_gb,-0.10251763713914994,-0.07311056554317474
gcn,test,2024-04,country_de,country_in,0.7538733652855002,-0.11565330624580383
gcn,test,2024-04,country_de,country_jp,0.07872827840741348,-0.11364144086837769
gcn,test,2024-04,country_de,country_kr,0.14523733638819492,-0.08206219971179962
gcn,test,2024-04,country_de,country_mx,0.1509488491771429,-0.09598654508590698
gcn,test,2024-04,country_de,country_my,0.00795798187760435,-0.0697018951177597
gcn,test,2024-04,country_de,country_ph,-0.00038237116894830695,-0.11696118116378784
gcn,test,2024-04,country_de,country_sg,-0.07011180329174796,-0.06985042989253998
gcn,test,2024-04,country_de,country_th,-0.34298798930496166,-0.11860960721969604
gcn,test,2024-04,country_de,country_us,-0.13734217946055632,0.028725817799568176
gcn,test,2024-04,country_fr,country_203,0.15073929136996256,-0.10800319910049438
gcn,test,2024-04,country_fr,country_344,0.6490353256425258,-0.09021738171577454
gcn,test,2024-04,country_fr,country_372,-0.7002877052390604,-0.07148557901382446
gcn,test,2024-04,country_fr,country_380,0.07143908035519587,-0.07531511783599854
gcn,test,2024-04,country_fr,country_cn,-0.13642924072655635,-0.0834711343050003
gcn,test,2024-04,country_fr,country_de,0.11037363499054834,-0.11476269364356995
gcn,test,2024-04,country_fr,country_gb,-0.04117477796085959,-0.08864140510559082
gcn,test,2024-04,country_fr,country_in,-0.2810183851659045,-0.1274167001247406
gcn,test,2024-04,country_fr,country_jp,-0.18842492982955764,-0.1213991641998291
gcn,test,2024-04,country_fr,country_kr,-0.3112149085404404,-0.09736625850200653
gcn,test,2024-04,country_fr,country_mx,-0.3457631680544243,-0.10308507084846497
gcn,test,2024-04,country_fr,country_my,-0.023487066779645748,-0.09059537947177887
gcn,test,2024-04,country_fr,country_ph,-0.13707216837322733,-0.12418687343597412
gcn,test,2024-04,country_fr,country_sg,0.1177565367147747,-0.0820031613111496
gcn,test,2024-04,country_fr,country_th,0.4368164666811699,-0.13198912143707275
gcn,test,2024-04,country_fr,country_us,-0.14112774548716264,0.01839163899421692
gcn,test,2024-04,country_gb,country_203,-0.12320054704730975,-0.09704756736755371
gcn,test,2024-04,country_gb,country_344,0.9796976981693631,-0.08294114470481873
gcn,test,2024-04,country_gb,country_372,-0.3121167889069865,-0.058351173996925354
gcn,test,2024-04,country_gb,country_380,0.008303557345613714,-0.07364785671234131
gcn,test,2024-04,country_gb,country_cn,0.0009154232894634991,-0.06500576436519623
gcn,test,2024-04,country_gb,country_de,0.18488207947817675,-0.10248687863349915
gcn,test,2024-04,country_gb,country_fr,-0.44529091271059346,-0.08048126101493835
gcn,test,2024-04,country_gb,country_in,-0.14835416355624048,-0.10941654443740845
gcn,test,2024-04,country_gb,country_jp,0.1245235814634599,-0.10854589939117432
gcn,test,2024-04,country_gb,country_kr,-0.5811830367289169,-0.07698400318622589
gcn,test,2024-04,country_gb,country_mx,0.3035841651944165,-0.08388864994049072
gcn,test,2024-04,country_gb,country_my,-0.48853709322647176,-0.06844864785671234
gcn,test,2024-04,country_gb,country_ph,-0.1583590883449572,-0.10888910293579102
gcn,test,2024-04,country_gb,country_sg,-0.1633045983028449,-0.06617793440818787
gcn,test,2024-04,country_gb,country_th,0.1544582309356528,-0.11514201760292053
gcn,test,2024-04,country_gb,country_us,-0.2685366285325324,0.02763766050338745
gcn,test,2024-04,country_in,country_203,-0.7439571929392952,-0.11679065227508545
gcn,test,2024-04,country_in,country_344,0.5641498259780834,-0.09756013751029968
gcn,test,2024-04,country_in,country_372,0.18863696124615348,-0.0814068466424942
gcn,test,2024-04,country_in,country_380,-0.5611099141944836,-0.08947485685348511
gcn,test,2024-04,country_in,country_cn,-0.14643509958087167,-0.0866084098815918
gcn,test,2024-04,country_in,country_de,-0.061466731853845026,-0.12060379981994629
gcn,test,2024-04,country_in,country_fr,0.6686680518682908,-0.10203671455383301
gcn,test,2024-04,country_in,country_gb,-0.04925384050049548,-0.09211254119873047
gcn,test,2024-04,country_in,country_jp,-0.08223983142248517,-0.12133163213729858
gcn,test,2024-04,country_in,country_kr,-0.7761115932308782,-0.10272747278213501
gcn,test,2024-04,country_in,country_mx,-0.08368717474276977,-0.10768729448318481
gcn,test,2024-04,country_in,country_my,1.283947786400563,-0.09715291857719421
gcn,test,2024-04,country_in,country_ph,-0.5208268979446359,-0.1302301287651062
gcn,test,2024-04,country_in,country_sg,0.07245159375373562,-0.08721525967121124
gcn,test,2024-04,country_in,country_th,-0.5374855815608628,-0.1301313042640686
gcn,test,2024-04,country_in,country_us,1.4527281584175886,0.02758041024208069
gcn,test,2024-04,country_jp,country_203,-0.2709728412345618,-0.10951864719390869
gcn,test,2024-04,country_jp,country_344,0.09979335831325208,-0.0904553234577179
gcn,test,2024-04,country_jp,country_372,0.29986765139551425,-0.07754459977149963
gcn,test,2024-04,country_jp,country_380,-0.2955775389763229,-0.08729471266269684
gcn,test,2024-04,country_jp,country_cn,-0.08629087295296187,-0.07287837564945221
gcn,test,2024-04,country_jp,country_de,-0.14807867416844225,-0.11735799908638
gcn,test,2024-04,country_jp,country_fr,0.37225200318784185,-0.09561766684055328
gcn,test,2024-04,country_jp,country_gb,-0.3212051581184995,-0.0868503600358963
gcn,test,2024-04,country_jp,country_in,-0.2559494346305863,-0.12081846594810486
gcn,test,2024-04,country_jp,country_kr,-0.1979201618691543,-0.08810287714004517
gcn,test,2024-04,country_jp,country_mx,0.04222416334364254,-0.10313856601715088
gcn,test,2024-04,country_jp,country_my,-0.06138855673167242,-0.07638679444789886
gcn,test,2024-04,country_jp,country_ph,-0.21243426722103317,-0.12127935886383057
gcn,test,2024-04,country_jp,country_sg,0.09352830151445245,-0.07579675316810608
gcn,test,2024-04,country_jp,country_th,0.5556526730956395,-0.12228599190711975
gcn,test,2024-04,country_jp,country_us,-0.09250797928273569,0.023062825202941895
gcn,test,2024-04,country_kr,country_203,-0.12196750701510306,-0.10514545440673828
gcn,test,2024-04,country_kr,country_344,0.08259790940398136,-0.08428955078125
gcn,test,2024-04,country_kr,country_372,-0.4318377808755386,-0.07882949709892273
gcn,test,2024-04,country_kr,country_380,-0.4371078508539239,-0.08501888811588287
gcn,test,2024-04,country_kr,country_cn,0.18861366340799984,-0.07439360022544861
gcn,test,2024-04,country_kr,country_de,-0.1610694983050999,-0.11526229977607727
gcn,test,2024-04,country_kr,country_fr,-0.5815468526542859,-0.09794090688228607
gcn,test,2024-04,country_kr,country_gb,0.18560262998895333,-0.08619403839111328
gcn,test,2024-04,country_kr,country_in,0.25851011868459206,-0.11849167943000793
gcn,test,2024-04,country_kr,country_jp,-0.3293301423317316,-0.11679750680923462
gcn,test,2024-04,country_kr,country_mx,0.25967402956103697,-0.10349714756011963
gcn,test,2024-04,country_kr,country_my,0.10156034153499427,-0.08439639210700989
gcn,test,2024-04,country_kr,country_ph,0.5915960819810338,-0.11867520213127136
gcn,test,2024-04,country_kr,country_sg,-0.07350240937796271,-0.07626023888587952
gcn,test,2024-04,country_kr,country_th,0.43824258247800973,-0.12294963002204895
gcn,test,2024-04,country_kr,country_us,-0.0696940752819467,0.02755303680896759
gcn,test,2024-04,country_mx,country_203,0.7151657248347684,-0.09015107154846191
gcn,test,2024-04,country_mx,country_344,1.0658073717332073,-0.0794813483953476
gcn,test,2024-04,country_mx,country_372,-0.3637807155318706,-0.059572696685791016
gcn,test,2024-04,country_mx,country_380,1.0251047791473515,-0.06817974150180817
gcn,test,2024-04,country_mx,country_cn,0.01580143754285161,-0.05515018105506897
gcn,test,2024-04,country_mx,country_de,-0.38651817424059504,-0.09874042868614197
gcn,test,2024-04,country_mx,country_fr,-0.13584227143979036,-0.077392578125
gcn,test,2024-04,country_mx,country_gb,-0.634733835715564,-0.06886105239391327
gcn,test,2024-04,country_mx,country_in,0.5301405909110667,-0.09906244277954102
gcn,test,2024-04,country_mx,country_jp,0.17272044341724163,-0.09959101676940918
gcn,test,2024-04,country_mx,country_kr,0.0707613265815474,-0.07162493467330933
gcn,test,2024-04,country_mx,country_my,4.628430209821918,-0.06700697541236877
gcn,test,2024-04,country_mx,country_ph,-0.5089951727493156,-0.10938990116119385
gcn,test,2024-04,country_mx,country_sg,-0.05542581570390211,-0.05990728735923767
gcn,test,2024-04,country_mx,country_th,-0.17411335681356283,-0.10699307918548584
gcn,test,2024-04,country_mx,country_us,-0.044497325306425,0.04203544557094574
gcn,test,2024-04,country_my,country_203,-0.43572843592307364,-0.1007232666015625
gcn,test,2024-04,country_my,country_344,-0.12279789474322989,-0.08131499588489532
gcn,test,2024-04,country_my,country_372,0.006849184848485523,-0.07039850950241089
gcn,test,2024-04,country_my,country_380,-0.06506858642991163,-0.08090724050998688
gcn,test,2024-04,country_my,country_cn,-0.09182505962922302,-0.06755286455154419
gcn,test,2024-04,country_my,country_de,-0.10124247723049734,-0.10815149545669556
gcn,test,2024-04,country_my,country_fr,-0.29201254838990653,-0.08520522713661194
gcn,test,2024-04,country_my,country_gb,-0.3001875444783358,-0.07991659641265869
gcn,test,2024-04,country_my,country_in,-0.5505704696252961,-0.11663654446601868
gcn,test,2024-04,country_my,country_jp,-0.12248481930374233,-0.1119389533996582
gcn,test,2024-04,country_my,country_kr,-0.14362135261757908,-0.08454260230064392
gcn,test,2024-04,country_my,country_mx,-0.08128262924319445,-0.09928372502326965
gcn,test,2024-04,country_my,country_ph,-0.038127040500547826,-0.11528205871582031
gcn,test,2024-04,country_my,country_sg,0.5526148233684545,-0.07180358469486237
gcn,test,2024-04,country_my,country_th,0.741570102098838,-0.11808902025222778
gcn,test,2024-04,country_my,country_us,-0.021130361876841024,0.04270923137664795
gcn,test,2024-04,country_ph,country_203,-0.14873298596178744,-0.10782229900360107
gcn,test,2024-04,country_ph,country_344,-0.15762707578455332,-0.08752566576004028
gcn,test,2024-04,country_ph,country_372,-0.2257674425506981,-0.06485995650291443
gcn,test,2024-04,country_ph,country_380,-0.43884213066105077,-0.08417494595050812
gcn,test,2024-04,country_ph,country_cn,-0.13793432840934694,-0.06877763569355011
gcn,test,2024-04,country_ph,country_de,-0.12426887805124337,-0.11290457844734192
gcn,test,2024-04,country_ph,country_fr,-0.6548401700411812,-0.09132713079452515
gcn,test,2024-04,country_ph,country_gb,-0.40749927287734367,-0.08035358786582947
gcn,test,2024-04,country_ph,country_in,-0.3025845558475299,-0.11826571822166443
gcn,test,2024-04,country_ph,country_jp,0.02719313117371393,-0.11087808012962341
gcn,test,2024-04,country_ph,country_kr,-0.033183447730700436,-0.08376955986022949
gcn,test,2024-04,country_ph,country_mx,-0.14485183379545943,-0.09978818893432617
gcn,test,2024-04,country_ph,country_my,-0.12372570225636378,-0.07793967425823212
gcn,test,2024-04,country_ph,country_sg,-0.20473936314520375,-0.07172521948814392
gcn,test,2024-04,country_ph,country_th,0.1138083513580515,-0.1199691891670227
gcn,test,2024-04,country_ph,country_us,-0.20198306862406903,0.02482287585735321
gcn,test,2024-04,country_sg,country_203,0.0907298930994271,-0.0987328290939331
gcn,test,2024-04,country_sg,country_344,0.10383009973645412,-0.08036351203918457
gcn,test,2024-04,country_sg,country_372,-0.08100327682156928,-0.0698307454586029
gcn,test,2024-04,country_sg,country_380,0.7551226530079672,-0.07993856072425842
gcn,test,2024-04,country_sg,country_cn,0.08636423944509676,-0.07510221004486084
gcn,test,2024-04,country_sg,country_de,0.2540549987258386,-0.11101499199867249
gcn,test,2024-04,country_sg,country_fr,0.15469517787268486,-0.09542325139045715
gcn,test,2024-04,country_sg,country_gb,-0.23519705312982916,-0.08355025947093964
gcn,test,2024-04,country_sg,country_in,-0.14988763873228686,-0.11202085018157959
gcn,test,2024-04,country_sg,country_jp,-0.038659713469094026,-0.11458680033683777
gcn,test,2024-04,country_sg,country_kr,0.08162372248326402,-0.0874655544757843
gcn,test,2024-04,country_sg,country_mx,-0.014027161460601383,-0.09922042489051819
gcn,test,2024-04,country_sg,country_my,0.21920093851640712,-0.0780496895313263
gcn,test,2024-04,country_sg,country_ph,-0.08965256022375445,-0.1157999336719513
gcn,test,2024-04,country_sg,country_th,-0.2438069081235187,-0.12221252918243408
gcn,test,2024-04,country_sg,country_us,-0.038848554088703705,0.02584664523601532
gcn,test,2024-04,country_th,country_203,-0.22890456727316622,-0.10860994458198547
gcn,test,2024-04,country_th,country_344,-0.19104016852337902,-0.09158679842948914
gcn,test,2024-04,country_th,country_372,-0.11441139503661729,-0.07797250151634216
gcn,test,2024-04,country_th,country_380,0.17518071979088617,-0.08767111599445343
gcn,test,2024-04,country_th,country_cn,-0.17810369738017162,-0.07671895623207092
gcn,test,2024-04,country_th,country_de,-0.2230243410750866,-0.11900541186332703
gcn,test,2024-04,country_th,country_fr,-0.17995194791103203,-0.09982261061668396
gcn,test,2024-04,country_th,country_gb,-0.1392587820824661,-0.0879603922367096
gcn,test,2024-04,country_th,country_in,0.05883681380605399,-0.12122926115989685
gcn,test,2024-04,country_th,country_jp,-0.12216848044064652,-0.12114185094833374
gcn,test,2024-04,country_th,country_kr,-0.13880756504433117,-0.09219928085803986
gcn,test,2024-04,country_th,country_mx,0.12762973090560636,-0.10835698246955872
gcn,test,2024-04,country_th,country_my,0.11214016011962888,-0.08709609508514404
gcn,test,2024-04,country_th,country_ph,0.022945043705668786,-0.12573552131652832
gcn,test,2024-04,country_th,country_sg,-0.24523917091428935,-0.08222824335098267
gcn,test,2024-04,country_th,country_us,-0.2277189700086582,0.03310181200504303
gcn,test,2024-04,country_us,country_203,4.555518608359629,-0.15624377131462097
gcn,test,2024-04,country_us,country_344,-0.11033856897466958,-0.13840818405151367
gcn,test,2024-04,country_us,country_372,1.371873573342653,-0.126603364944458
gcn,test,2024-04,country_us,country_380,-0.12690633612376212,-0.1366787850856781
gcn,test,2024-04,country_us,country_cn,0.2805045989952466,-0.12992554903030396
gcn,test,2024-04,country_us,country_de,-0.42496118333018285,-0.1558559238910675
gcn,test,2024-04,country_us,country_fr,-0.15019187073224008,-0.1428646743297577
gcn,test,2024-04,country_us,country_gb,0.07166764123446787,-0.12591230869293213
gcn,test,2024-04,country_us,country_in,0.7067583175549378,-0.1660030484199524
gcn,test,2024-04,country_us,country_jp,-0.16686398925181412,-0.16153931617736816
gcn,test,2024-04,country_us,country_kr,-0.0647544679048656,-0.13975360989570618
gcn,test,2024-04,country_us,country_mx,0.00988515738114975,-0.14584708213806152
gcn,test,2024-04,country_us,country_my,0.20956844879864184,-0.1311596930027008
gcn,test,2024-04,country_us,country_ph,0.03703154968843887,-0.16126364469528198
gcn,test,2024-04,country_us,country_sg,0.922509481244285,-0.1304318904876709
gcn,test,2024-04,country_us,country_th,1.1222551625806996,-0.1699080467224121
gcn,test,2024-04,country_vn,country_203,1.019666572630365,-0.039436161518096924
gcn,test,2024-04,country_vn,country_344,-0.396302663812916,-0.011905282735824585
gcn,test,2024-04,country_vn,country_372,-0.6117738253836339,0.008641287684440613
gcn,test,2024-04,country_vn,country_380,0.5273149208178345,-0.005371451377868652
gcn,test,2024-04,country_vn,country_cn,-0.2721802833867314,0.01056334376335144
gcn,test,2024-04,country_vn,country_de,-0.31533718935475585,-0.05142661929130554
gcn,test,2024-04,country_vn,country_fr,0.37575359532419633,-0.025804713368415833
gcn,test,2024-04,country_vn,country_gb,-0.2742223514158979,-0.024935856461524963
gcn,test,2024-04,country_vn,country_in,-0.4155665083619965,-0.048782721161842346
gcn,test,2024-04,country_vn,country_jp,-0.1843044991979436,-0.05714535713195801
gcn,test,2024-04,country_vn,country_kr,-0.018133062718618993,-0.01355135440826416
gcn,test,2024-04,country_vn,country_mx,-0.3674436749922339,-0.04591451585292816
gcn,test,2024-04,country_vn,country_my,0.32109744226186926,-0.00635017454624176
gcn,test,2024-04,country_vn,country_ph,0.10347476454007316,-0.06821435689926147
gcn,test,2024-04,country_vn,country_sg,0.05755374791822649,-0.004034578800201416
gcn,test,2024-04,country_vn,country_th,0.5936159023589618,-0.04649662971496582
gcn,test,2024-04,country_vn,country_us,0.33457030554874945,0.0574953556060791
gcn,test,2024-05,country_203,country_344,0.06785053589375828,-0.16188150644302368
gcn,test,2024-05,country_203,country_372,-0.7008984237396317,-0.07465524971485138
gcn,test,2024-05,country_203,country_380,-0.5224179960669851,-0.15183407068252563
gcn,test,2024-05,country_203,country_cn,0.09121242500830605,-0.13756942749023438
gcn,test,2024-05,country_203,country_de,-0.10753378548895037,-0.16950160264968872
gcn,test,2024-05,country_203,country_fr,-0.5119305913175412,-0.136087566614151
gcn,test,2024-05,country_203,country_gb,0.06952964461595454,-0.1607418954372406
gcn,test,2024-05,country_203,country_in,0.545171155888407,-0.18467551469802856
gcn,test,2024-05,country_203,country_jp,0.26662776698002666,-0.13748201727867126
gcn,test,2024-05,country_203,country_kr,-0.532287327575711,-0.18536129593849182
gcn,test,2024-05,country_203,country_mx,-0.36646079597562337,-0.17617568373680115
gcn,test,2024-05,country_203,country_my,-0.2644530656477574,-0.13341981172561646
gcn,test,2024-05,country_203,country_ph,0.0210339832560347,-0.12174707651138306
gcn,test,2024-05,country_203,country_sg,-0.08514795153660613,-0.1345711350440979
gcn,test,2024-05,country_203,country_th,-0.18881360241274125,-0.11312273144721985
gcn,test,2024-05,country_203,country_us,-0.3084405812455606,-0.07670274376869202
gcn,test,2024-05,country_344,country_203,9.43485983291549,-0.15402191877365112
gcn,test,2024-05,country_344,country_372,17.4496968732199,-0.08298216760158539
gcn,test,2024-05,country_344,country_380,-0.440061477970799,-0.16304311156272888
gcn,test,2024-05,country_344,country_cn,-0.10183485697086302,-0.14100420475006104
gcn,test,2024-05,country_344,country_de,0.10254917494428871,-0.17366871237754822
gcn,test,2024-05,country_344,country_fr,0.2650418729702999,-0.1408265233039856
gcn,test,2024-05,country_344,country_gb,-0.23753839387417988,-0.16652262210845947
gcn,test,2024-05,country_344,country_in,0.3826790119831809,-0.1836634874343872
gcn,test,2024-05,country_344,country_jp,-0.46267235750879804,-0.14390996098518372
gcn,test,2024-05,country_344,country_kr,-0.7064757087990228,-0.18772804737091064
gcn,test,2024-05,country_344,country_mx,5.7049230774525785,-0.1807042956352234
gcn,test,2024-05,country_344,country_my,-0.06972630668667053,-0.12617227435112
gcn,test,2024-05,country_344,country_ph,-0.2248261417995374,-0.12185630202293396
gcn,test,2024-05,country_344,country_sg,-0.3292326207241095,-0.13849136233329773
gcn,test,2024-05,country_344,country_th,-0.4070164045082586,-0.10864043235778809
gcn,test,2024-05,country_344,country_us,1.5268613731388643,-0.08852501213550568
gcn,test,2024-05,country_372,country_203,2.809539211079736,-0.12005215883255005
gcn,test,2024-05,country_372,country_344,0.7669575141160785,-0.13514789938926697
gcn,test,2024-05,country_372,country_380,-0.7648400781528257,-0.12891283631324768
gcn,test,2024-05,country_372,country_cn,0.09812138123082588,-0.10520479083061218
gcn,test,2024-05,country_372,country_de,-0.3276797251245095,-0.13787296414375305
gcn,test,2024-05,country_372,country_fr,-0.003606183422384858,-0.10206583142280579
gcn,test,2024-05,country_372,country_gb,-0.4381512846198854,-0.12436720728874207
gcn,test,2024-05,country_372,country_in,0.6240332863122168,-0.1537792980670929
gcn,test,2024-05,country_372,country_jp,-0.18299197142043327,-0.10076513886451721
gcn,test,2024-05,country_372,country_kr,0.13514557586319526,-0.15659841895103455
gcn,test,2024-05,country_372,country_mx,-0.01558261900200361,-0.14346691966056824
gcn,test,2024-05,country_372,country_my,0.5057215215018498,-0.09109574556350708
gcn,test,2024-05,country_372,country_ph,-0.18445045036850066,-0.08705715835094452
gcn,test,2024-05,country_372,country_sg,-0.6270104770388791,-0.10542511940002441
gcn,test,2024-05,country_372,country_th,3.0768850026569323,-0.07450145483016968
gcn,test,2024-05,country_372,country_us,0.5635888750265032,-0.02725231647491455
gcn,test,2024-05,country_380,country_203,0.5580305660943562,-0.1464204490184784
gcn,test,2024-05,country_380,country_344,0.1264152167544212,-0.15808039903640747
gcn,test,2024-05,country_380,country_372,-0.09420385217633848,-0.08307072520256042
gcn,test,2024-05,country_380,country_cn,0.07003317471243818,-0.14233046770095825
gcn,test,2024-05,country_380,country_de,0.33355076875389966,-0.17108237743377686
gcn,test,2024-05,country_380,country_fr,-0.5002725438625062,-0.13248339295387268
gcn,test,2024-05,country_380,country_gb,-0.022396821385996225,-0.16456356644630432
gcn,test,2024-05,country_380,country_in,-0.3761306177806504,-0.1885293424129486
gcn,test,2024-05,country_380,country_jp,-0.3110785086988802,-0.13611263036727905
gcn,test,2024-05,country_380,country_kr,7.351553992970992,-0.18863913416862488
gcn,test,2024-05,country_380,country_mx,-0.3067113491780836,-0.1790473759174347
gcn,test,2024-05,country_380,country_my,0.03248955755923957,-0.1320199966430664
gcn,test,2024-05,country_380,country_ph,0.3177468090116699,-0.12238404154777527
gcn,test,2024-05,country_380,country_sg,-0.14182513342113373,-0.13092422485351562
gcn,test,2024-05,country_380,country_th,-0.11485281950697943,-0.10804834961891174
gcn,test,2024-05,country_380,country_us,0.5731903759279546,-0.07402278482913971
gcn,test,2024-05,country_cn,country_203,0.30355248464548357,-0.15125715732574463
gcn,test,2024-05,country_cn,country_344,0.17638070171501416,-0.1648218035697937
gcn,test,2024-05,country_cn,country_372,0.04965185686060141,-0.08421029150485992
gcn,test,2024-05,country_cn,country_380,-0.3496386902007615,-0.15800589323043823
gcn,test,2024-05,country_cn,country_de,-0.05212906278530081,-0.16535842418670654
gcn,test,2024-05,country_cn,country_fr,0.046167789829693905,-0.1343904435634613
gcn,test,2024-05,country_cn,country_gb,-0.032799881916617375,-0.16383647918701172
gcn,test,2024-05,country_cn,country_in,-0.1217575828290204,-0.18890094757080078
gcn,test,2024-05,country_cn,country_jp,-0.18622144275449756,-0.13739994168281555
gcn,test,2024-05,country_cn,country_kr,-0.0011016954514167924,-0.18297052383422852
gcn,test,2024-05,country_cn,country_mx,0.0529000431325326,-0.1862909197807312
gcn,test,2024-05,country_cn,country_my,0.0867520797730022,-0.13479626178741455
gcn,test,2024-05,country_cn,country_ph,0.2682425242447032,-0.12151342630386353
gcn,test,2024-05,country_cn,country_sg,0.03954832081027789,-0.13711413741111755
gcn,test,2024-05,country_cn,country_th,0.11089594465741859,-0.10355329513549805
gcn,test,2024-05,country_cn,country_us,0.28222005537237776,-0.06446109712123871
gcn,test,2024-05,country_de,country_203,-0.11576337275500462,-0.15629899501800537
gcn,test,2024-05,country_de,country_344,-0.16601312887430458,-0.16988730430603027
gcn,test,2024-05,country_de,country_372,0.06242418120728626,-0.08583872020244598
gcn,test,2024-05,country_de,country_380,-0.19294113371461596,-0.16151565313339233
gcn,test,2024-05,country_de,country_cn,0.0600035911306459,-0.14472049474716187
gcn,test,2024-05,country_de,country_fr,0.17771442461406545,-0.13492169976234436
gcn,test,2024-05,country_de,country_gb,0.037149140524486486,-0.1656760573387146
gcn,test,2024-05,country_de,country_in,-0.4475851112110976,-0.19005084037780762
gcn,test,2024-05,country_de,country_jp,0.13457099092554606,-0.1423337757587433
gcn,test,2024-05,country_de,country_kr,-0.22432528634470722,-0.1931990385055542
gcn,test,2024-05,country_de,country_mx,-0.24765914335394493,-0.18718469142913818
gcn,test,2024-05,country_de,country_my,-0.02098169009631594,-0.13699740171432495
gcn,test,2024-05,country_de,country_ph,0.010513689969353208,-0.12808680534362793
gcn,test,2024-05,country_de,country_sg,-0.10989464528723529,-0.14307329058647156
gcn,test,2024-05,country_de,country_th,-0.3159784927427338,-0.1127137541770935
gcn,test,2024-05,country_de,country_us,0.20503221856552287,-0.06534551084041595
gcn,test,2024-05,country_fr,country_203,-0.07495657052227736,-0.1577046513557434
gcn,test,2024-05,country_fr,country_344,0.42276148097187005,-0.16903841495513916
gcn,test,2024-05,country_fr,country_372,-0.025693268281884146,-0.08756119012832642
gcn,test,2024-05,country_fr,country_380,-0.33333125842921946,-0.15992194414138794
gcn,test,2024-05,country_fr,country_cn,-0.059581783432169744,-0.14605790376663208
gcn,test,2024-05,country_fr,country_de,0.20494301493870226,-0.17283892631530762
gcn,test,2024-05,country_fr,country_gb,-0.012595694955113767,-0.16994714736938477
gcn,test,2024-05,country_fr,country_in,-0.2356596792792698,-0.19027382135391235
gcn,test,2024-05,country_fr,country_jp,-0.27796195382146566,-0.14373403787612915
gcn,test,2024-05,country_fr,country_kr,-0.36349795792301615,-0.1905369758605957
gcn,test,2024-05,country_fr,country_mx,0.1327607507239807,-0.1813696026802063
gcn,test,2024-05,country_fr,country_my,0.4677689766615282,-0.13422226905822754
gcn,test,2024-05,country_fr,country_ph,0.12683206089898932,-0.13037121295928955
gcn,test,2024-05,country_fr,country_sg,0.16803333245092916,-0.13985076546669006
gcn,test,2024-05,country_fr,country_th,0.3779526504810736,-0.11352920532226562
gcn,test,2024-05,country_fr,country_us,0.7806492567360002,-0.06680543720722198
gcn,test,2024-05,country_gb,country_203,-0.3385819705770606,-0.16484233736991882
gcn,test,2024-05,country_gb,country_344,0.8931231134649658,-0.1767389178276062
gcn,test,2024-05,country_gb,country_372,0.007763523261228957,-0.09365257620811462
gcn,test,2024-05,country_gb,country_380,-0.16638824819008818,-0.17503532767295837
gcn,test,2024-05,country_gb,country_cn,-0.0949017889190288,-0.15284213423728943
gcn,test,2024-05,country_gb,country_de,0.430515337738942,-0.18024292588233948
gcn,test,2024-05,country_gb,country_fr,-0.14681869419224208,-0.1473463475704193
gcn,test,2024-05,country_gb,country_in,-0.1349519635244147,-0.19540739059448242
gcn,test,2024-05,country_gb,country_jp,0.13999020123975206,-0.15010863542556763
gcn,test,2024-05,country_gb,country_kr,0.22888590919146362,-0.19357579946517944
gcn,test,2024-05,country_gb,country_mx,-0.303547071909043,-0.18773961067199707
gcn,test,2024-05,country_gb,country_my,-0.6150402609545916,-0.14595460891723633
gcn,test,2024-05,country_gb,country_ph,-0.2823248372054488,-0.13612312078475952
gcn,test,2024-05,country_gb,country_sg,0.23554720692418354,-0.15030431747436523
gcn,test,2024-05,country_gb,country_th,-0.20309196412508534,-0.12325704097747803
gcn,test,2024-05,country_gb,country_us,-0.10444554262093056,-0.07460106909275055
gcn,test,2024-05,country_in,country_203,-0.5226363378595508,-0.16961804032325745
gcn,test,2024-05,country_in,country_344,-0.37178844444443265,-0.1799253523349762
gcn,test,2024-05,country_in,country_372,0.7243966178869109,-0.09834107756614685
gcn,test,2024-05,country_in,country_380,-0.48085111185672463,-0.17572462558746338
gcn,test,2024-05,country_in,country_cn,-0.036589354120178434,-0.1534487009048462
gcn,test,2024-05,country_in,country_de,-0.2577878637121568,-0.18067124485969543
gcn,test,2024-05,country_in,country_fr,0.3424075262848008,-0.14748576283454895
gcn,test,2024-05,country_in,country_gb,1.2436033353197964,-0.1760648787021637
gcn,test,2024-05,country_in,country_jp,-0.4410156341068583,-0.15184634923934937
gcn,test,2024-05,country_in,country_kr,25.180380048238497,-0.1962011754512787
gcn,test,2024-05,country_in,country_mx,0.3217760131051303,-0.18931645154953003
gcn,test,2024-05,country_in,country_my,0.8010840245117414,-0.1483387053012848
gcn,test,2024-05,country_in,country_ph,-0.37336510751496343,-0.143071711063385
gcn,test,2024-05,country_in,country_sg,0.36462919890547374,-0.14804986119270325
gcn,test,2024-05,country_in,country_th,-0.7898627489823982,-0.12248992919921875
gcn,test,2024-05,country_in,country_us,1.0249672654588087,-0.06394171714782715
gcn,test,2024-05,country_jp,country_203,-0.09829588448501643,-0.15604954957962036
gcn,test,2024-05,country_jp,country_344,0.08052412270533803,-0.16491660475730896
gcn,test,2024-05,country_jp,country_372,-0.3160234761628329,-0.0909147560596466
gcn,test,2024-05,country_jp,country_380,0.021715621026665338,-0.16697990894317627
gcn,test,2024-05,country_jp,country_cn,-0.17188542547182412,-0.1425836980342865
gcn,test,2024-05,country_jp,country_de,0.01660819051223103,-0.17307418584823608
gcn,test,2024-05,country_jp,country_fr,-0.24967361169917998,-0.14200997352600098
gcn,test,2024-05,country_jp,country_gb,-0.1455808061135002,-0.16818881034851074
gcn,test,2024-05,country_jp,country_in,0.12704946977138673,-0.18814322352409363
gcn,test,2024-05,country_jp,country_kr,-0.26505456996752247,-0.18738001585006714
gcn,test,2024-05,country_jp,country_mx,-0.058223580660665165,-0.1830325424671173
gcn,test,2024-05,country_jp,country_my,-0.11610208915997164,-0.1286100447177887
gcn,test,2024-05,country_jp,country_ph,-0.08464816169198555,-0.12463125586509705
gcn,test,2024-05,country_jp,country_sg,-0.2718147402751221,-0.13788723945617676
gcn,test,2024-05,country_jp,country_th,-0.1457660642438264,-0.10830143094062805
gcn,test,2024-05,country_jp,country_us,-0.014950149840735387,-0.06273138523101807
gcn,test,2024-05,country_kr,country_203,0.3931888146292674,-0.16242876648902893
gcn,test,2024-05,country_kr,country_344,0.35447132553363364,-0.1673719584941864
gcn,test,2024-05,country_kr,country_372,0.7984125661284507,-0.09566092491149902
gcn,test,2024-05,country_kr,country_380,0.06315893838180164,-0.1741805076599121
gcn,test,2024-05,country_kr,country_cn,0.15092241174689286,-0.14304602146148682
gcn,test,2024-05,country_kr,country_de,-0.047008804349971116,-0.18219035863876343
gcn,test,2024-05,country_kr,country_fr,-0.7240364153732107,-0.14624571800231934
gcn,test,2024-05,country_kr,country_gb,-0.21118879466931464,-0.17259451746940613
gcn,test,2024-05,country_kr,country_in,0.04711410044960064,-0.1883125901222229
gcn,test,2024-05,country_kr,country_jp,-0.1497704338976039,-0.144430011510849
gcn,test,2024-05,country_kr,country_mx,0.13133126765885225,-0.1903686225414276
gcn,test,2024-05,country_kr,country_my,0.04543700949934893,-0.13528966903686523
gcn,test,2024-05,country_kr,country_ph,0.3726501372008345,-0.12737396359443665
gcn,test,2024-05,country_kr,country_sg,0.03440949408116553,-0.13972246646881104
gcn,test,2024-05,country_kr,country_th,-0.11620202033612344,-0.11092439293861389
gcn,test,2024-05,country_kr,country_us,-0.1265556890607351,-0.06345358490943909
gcn,test,2024-05,country_mx,country_203,-0.39674433843942447,-0.15988287329673767
gcn,test,2024-05,country_mx,country_344,1.0418276389281866,-0.16903620958328247
gcn,test,2024-05,country_mx,country_372,3.7604293515854197,-0.09106957912445068
gcn,test,2024-05,country_mx,country_380,-0.37507016203840643,-0.16708236932754517
gcn,test,2024-05,country_mx,country_cn,-0.10045836790419897,-0.14052942395210266
gcn,test,2024-05,country_mx,country_de,-0.423821480085727,-0.17639216780662537
gcn,test,2024-05,country_mx,country_fr,0.06381109604174298,-0.1398959755897522
gcn,test,2024-05,country_mx,country_gb,-0.08281142630269461,-0.16769325733184814
gcn,test,2024-05,country_mx,country_in,0.034683540542614626,-0.18502652645111084
gcn,test,2024-05,country_mx,country_jp,0.16248392333343953,-0.1364334225654602
gcn,test,2024-05,country_mx,country_kr,0.4105233598952774,-0.19079846143722534
gcn,test,2024-05,country_mx,country_my,3.067421451706605,-0.13625487685203552
gcn,test,2024-05,country_mx,country_ph,-0.32336882285799823,-0.12971243262290955
gcn,test,2024-05,country_mx,country_sg,-0.06802284879734492,-0.14171546697616577
gcn,test,2024-05,country_mx,country_th,-0.2287566141795891,-0.11047834157943726
gcn,test,2024-05,country_mx,country_us,0.0097136511920285,-0.05484871566295624
gcn,test,2024-05,country_my,country_203,-0.4252244473440727,-0.153445303440094
gcn,test,2024-05,country_my,country_344,0.25617341301006874,-0.1620175838470459
gcn,test,2024-05,country_my,country_372,-0.004176968296253345,-0.08553773164749146
gcn,test,2024-05,country_my,country_380,0.007201427176501662,-0.16689428687095642
gcn,test,2024-05,country_my,country_cn,0.09877566534522551,-0.13880258798599243
gcn,test,2024-05,country_my,country_de,-0.08883766252259101,-0.1709471046924591
gcn,test,2024-05,country_my,country_fr,-0.30025617903385937,-0.13537481427192688
gcn,test,2024-05,country_my,country_gb,-0.1251898875146834,-0.16576796770095825
gcn,test,2024-05,country_my,country_in,-0.431477955097966,-0.18583139777183533
gcn,test,2024-05,country_my,country_jp,-0.0007202120027408432,-0.1395462453365326
gcn,test,2024-05,country_my,country_kr,-0.16740369532303936,-0.1846366822719574
gcn,test,2024-05,country_my,country_mx,0.29242837428097146,-0.18157029151916504
gcn,test,2024-05,country_my,country_ph,-0.0932572393099576,-0.12451297044754028
gcn,test,2024-05,country_my,country_sg,0.07015125161445095,-0.13394349813461304
gcn,test,2024-05,country_my,country_th,0.345157705596051,-0.1069110631942749
gcn,test,2024-05,country_my,country_us,0.028309432249201086,-0.05128119885921478
gcn,test,2024-05,country_ph,country_203,0.007116131006726535,-0.14964663982391357
gcn,test,2024-05,country_ph,country_344,0.048221223027189224,-0.15631812810897827
gcn,test,2024-05,country_ph,country_372,-0.23433762732500565,-0.0741567313671112
gcn,test,2024-05,country_ph,country_380,-0.2506815681216921,-0.1612021028995514
gcn,test,2024-05,country_ph,country_cn,-0.07307740795734596,-0.13273650407791138
gcn,test,2024-05,country_ph,country_de,-0.06240930277459027,-0.1662408411502838
gcn,test,2024-05,country_ph,country_fr,-0.4888778451378052,-0.13148581981658936
gcn,test,2024-05,country_ph,country_gb,-0.10920458591982067,-0.1572791039943695
gcn,test,2024-05,country_ph,country_in,-0.12458948238233916,-0.17815792560577393
gcn,test,2024-05,country_ph,country_jp,-0.02643869534833068,-0.1265513300895691
gcn,test,2024-05,country_ph,country_kr,-0.1577143172370275,-0.1783285140991211
gcn,test,2024-05,country_ph,country_mx,-0.2730688548277658,-0.17405521869659424
gcn,test,2024-05,country_ph,country_my,-0.19437562376989276,-0.12806159257888794
gcn,test,2024-05,country_ph,country_sg,-0.13890175114793932,-0.13043978810310364
gcn,test,2024-05,country_ph,country_th,0.24498186537899627,-0.10006541013717651
gcn,test,2024-05,country_ph,country_us,-0.011863736402052865,-0.054214298725128174
gcn,test,2024-05,country_sg,country_203,-0.40669595589058516,-0.1287875771522522
gcn,test,2024-05,country_sg,country_344,-0.02532212276300372,-0.13606926798820496
gcn,test,2024-05,country_sg,country_372,-0.10573209523389908,-0.06655088067054749
gcn,test,2024-05,country_sg,country_380,0.7491636410966576,-0.14222359657287598
gcn,test,2024-05,country_sg,country_cn,0.20632286948348982,-0.1191377341747284
gcn,test,2024-05,country_sg,country_de,0.15320811951969296,-0.15192711353302002
gcn,test,2024-05,country_sg,country_fr,0.9514270070103998,-0.11613941192626953
gcn,test,2024-05,country_sg,country_gb,0.20653709617731997,-0.14214599132537842
gcn,test,2024-05,country_sg,country_in,-0.21674839005707772,-0.16466891765594482
gcn,test,2024-05,country_sg,country_jp,-0.08222175558392057,-0.11631226539611816
gcn,test,2024-05,country_sg,country_kr,-0.1726545439436344,-0.16880834102630615
gcn,test,2024-05,country_sg,country_mx,-0.17416043100858833,-0.16409704089164734
gcn,test,2024-05,country_sg,country_my,0.19832399539537393,-0.10750642418861389
gcn,test,2024-05,country_sg,country_ph,0.11231069327033737,-0.10061705112457275
gcn,test,2024-05,country_sg,country_th,-0.20818713281309903,-0.08505716919898987
gcn,test,2024-05,country_sg,country_us,0.1339035586657327,-0.035698890686035156
gcn,test,2024-05,country_th,country_203,-0.001489740618229691,-0.12187668681144714
gcn,test,2024-05,country_th,country_344,-0.0015522273793141474,-0.13322123885154724
gcn,test,2024-05,country_th,country_372,0.1348610435665775,-0.05543164908885956
gcn,test,2024-05,country_th,country_380,-0.025148419683665456,-0.13404351472854614
gcn,test,2024-05,country_th,country_cn,-0.19910926226202888,-0.10392370820045471
gcn,test,2024-05,country_th,country_de,-0.20280398811061304,-0.14021828770637512
gcn,test,2024-05,country_th,country_fr,-0.22121050692613192,-0.10362109541893005
gcn,test,2024-05,country_th,country_gb,0.13486101972356485,-0.13063693046569824
gcn,test,2024-05,country_th,country_in,-0.42298638597060756,-0.15149560570716858
gcn,test,2024-05,country_th,country_jp,-0.21331540548297961,-0.10460323095321655
gcn,test,2024-05,country_th,country_kr,-0.0836293730632886,-0.15372344851493835
gcn,test,2024-05,country_th,country_mx,-0.12869469923915114,-0.14805832505226135
gcn,test,2024-05,country_th,country_my,-0.01542537519848056,-0.0941682755947113
gcn,test,2024-05,country_th,country_ph,-0.22210568615709134,-0.08973777294158936
gcn,test,2024-05,country_th,country_sg,-0.2662447203964073,-0.10638701915740967
gcn,test,2024-05,country_th,country_us,-0.16143314662285152,-0.021198511123657227
gcn,test,2024-05,country_us,country_203,-0.20282495782546256,-0.19823837280273438
gcn,test,2024-05,country_us,country_344,-0.22692216354999292,-0.20668822526931763
gcn,test,2024-05,country_us,country_372,0.6451652305257753,-0.12660592794418335
gcn,test,2024-05,country_us,country_380,0.5581953786698539,-0.20511168241500854
gcn,test,2024-05,country_us,country_cn,0.2940344426849951,-0.17786085605621338
gcn,test,2024-05,country_us,country_de,-0.47449541188050876,-0.20487713813781738
gcn,test,2024-05,country_us,country_fr,-0.18548254682039492,-0.17355525493621826
gcn,test,2024-05,country_us,country_gb,-0.01917768509514478,-0.20042365789413452
gcn,test,2024-05,country_us,country_in,0.6184408494893202,-0.2209717035293579
gcn,test,2024-05,country_us,country_jp,-0.14902068038746905,-0.17510008811950684
gcn,test,2024-05,country_us,country_kr,0.14872233471094753,-0.21880757808685303
gcn,test,2024-05,country_us,country_mx,-0.09774869655758017,-0.2179844081401825
gcn,test,2024-05,country_us,country_my,0.11659067857478284,-0.16928401589393616
gcn,test,2024-05,country_us,country_ph,-0.10074052447549178,-0.16062051057815552
gcn,test,2024-05,country_us,country_sg,-0.037738500181069785,-0.1764509081840515
gcn,test,2024-05,country_us,country_th,-0.15329732040245528,-0.14524558186531067
gcn,test,2024-05,country_vn,country_203,-0.4371535324264236,-0.08428052067756653
gcn,test,2024-05,country_vn,country_344,0.2493783529024247,-0.09297890961170197
gcn,test,2024-05,country_vn,country_372,3.5401469249979147,-0.043178439140319824
gcn,test,2024-05,country_vn,country_380,0.027789980110891527,-0.10417330265045166
gcn,test,2024-05,country_vn,country_cn,0.17255052351386838,-0.0743272602558136
gcn,test,2024-05,country_vn,country_de,0.10746612220037483,-0.11891135573387146
gcn,test,2024-05,country_vn,country_fr,0.5120460728628522,-0.07346782088279724
gcn,test,2024-05,country_vn,country_gb,0.15210898427712946,-0.1077491044998169
gcn,test,2024-05,country_vn,country_in,-0.526481232997612,-0.12608781456947327
gcn,test,2024-05,country_vn,country_jp,-0.16353745195017685,-0.08089761435985565
gcn,test,2024-05,country_vn,country_kr,0.17155886908264203,-0.13437142968177795
gcn,test,2024-05,country_vn,country_mx,0.5897488639724698,-0.13329800963401794
gcn,test,2024-05,country_vn,country_my,-0.1340780052915393,-0.07006049156188965
gcn,test,2024-05,country_vn,country_ph,2.165943912672718,-0.0705392062664032
gcn,test,2024-05,country_vn,country_sg,0.43292919608523583,-0.06619982421398163
gcn,test,2024-05,country_vn,country_th,0.6262836287115966,-0.06257560849189758
gcn,test,2024-05,country_vn,country_us,0.4438716448312449,-0.017908602952957153
gcn,test,2024-06,country_203,country_344,1.3886760867880947,-0.0939749926328659
gcn,test,2024-06,country_203,country_372,-0.8251212482744124,-0.09073151648044586
gcn,test,2024-06,country_203,country_380,0.2488182086875362,-0.14528271555900574
gcn,test,2024-06,country_203,country_cn,-0.11350917932483907,-0.09834876656532288
gcn,test,2024-06,country_203,country_de,-0.3908116083926309,-0.13408252596855164
gcn,test,2024-06,country_203,country_fr,-0.42450979060035304,-0.1342986524105072
gcn,test,2024-06,country_203,country_gb,1.1385060936553428,-0.0996478796005249
gcn,test,2024-06,country_203,country_in,0.7150785795314593,-0.11635324358940125
gcn,test,2024-06,country_203,country_jp,0.15663711738205666,-0.10810577869415283
gcn,test,2024-06,country_203,country_kr,0.17329164416729084,-0.15573066473007202
gcn,test,2024-06,country_203,country_mx,-0.5416562663452288,-0.10088109970092773
gcn,test,2024-06,country_203,country_my,-0.10636254689220657,-0.10367527604103088
gcn,test,2024-06,country_203,country_ph,-0.10819939413153887,-0.1288437843322754
gcn,test,2024-06,country_203,country_sg,0.7653923019145173,-0.12685611844062805
gcn,test,2024-06,country_203,country_th,0.2412465081559235,-0.15784388780593872
gcn,test,2024-06,country_203,country_us,0.8164716339806332,-0.035838961601257324
gcn,test,2024-06,country_344,country_203,8.400161897501592,-0.10891023278236389
gcn,test,2024-06,country_344,country_372,0.07661588395215053,-0.08139078319072723
gcn,test,2024-06,country_344,country_380,0.013504258205674335,-0.14289799332618713
gcn,test,2024-06,country_344,country_cn,-0.5584163807382122,-0.09418027102947235
gcn,test,2024-06,country_344,country_de,0.3387543558978296,-0.1263544261455536
gcn,test,2024-06,country_344,country_fr,-0.17131500093140664,-0.1260976791381836
gcn,test,2024-06,country_344,country_gb,-0.15548257036454294,-0.09259653091430664
gcn,test,2024-06,country_344,country_in,0.9204848883715605,-0.10078534483909607
gcn,test,2024-06,country_344,country_jp,0.5734397016372695,-0.10478737950325012
gcn,test,2024-06,country_344,country_kr,-0.5874138244068812,-0.14315181970596313
gcn,test,2024-06,country_344,country_mx,-0.5073449188474883,-0.09333643317222595
gcn,test,2024-06,country_344,country_my,0.4338901683813814,-0.08587236702442169
gcn,test,2024-06,country_344,country_ph,-0.06549691292248967,-0.11566382646560669
gcn,test,2024-06,country_344,country_sg,-0.17450538298611368,-0.11819609999656677
gcn,test,2024-06,country_344,country_th,-0.4854436562200252,-0.1441309154033661
gcn,test,2024-06,country_344,country_us,-0.2558607028015667,-0.02693013846874237
gcn,test,2024-06,country_372,country_203,1.0235982683350744,-0.10410276055335999
gcn,test,2024-06,country_372,country_344,5.278865157634617,-0.08204291760921478
gcn,test,2024-06,country_372,country_380,-0.3824275847521799,-0.14131873846054077
gcn,test,2024-06,country_372,country_cn,0.14515182024339668,-0.09071609377861023
gcn,test,2024-06,country_372,country_de,1.3833523696497192,-0.12633660435676575
gcn,test,2024-06,country_372,country_fr,0.4952456254613987,-0.1262209713459015
gcn,test,2024-06,country_372,country_gb,-0.12108465496342655,-0.0901218056678772
gcn,test,2024-06,country_372,country_in,13.284875731302128,-0.10661822557449341
gcn,test,2024-06,country_372,country_jp,-0.31243598903748165,-0.09571428596973419
gcn,test,2024-06,country_372,country_kr,0.13559047992126283,-0.14818784594535828
gcn,test,2024-06,country_372,country_mx,-0.09785698807052064,-0.09027275443077087
gcn,test,2024-06,country_372,country_my,0.5172830645950647,-0.08623699843883514
gcn,test,2024-06,country_372,country_ph,-0.12570265617917747,-0.11854428052902222
gcn,test,2024-06,country_372,country_sg,-0.3314335177590024,-0.12491977214813232
gcn,test,2024-06,country_372,country_th,1.1729565949693674,-0.14646604657173157
gcn,test,2024-06,country_372,country_us,0.3615205580380687,-0.010715246200561523
gcn,test,2024-06,country_380,country_203,-0.0907729100256912,-0.13210049271583557
gcn,test,2024-06,country_380,country_344,-0.03369308171509004,-0.10738623142242432
gcn,test,2024-06,country_380,country_372,-0.09021803851327899,-0.10909336805343628
gcn,test,2024-06,country_380,country_cn,-0.1468035742405556,-0.11965224146842957
gcn,test,2024-06,country_380,country_de,0.11449160400838979,-0.1535809338092804
gcn,test,2024-06,country_380,country_fr,-0.5230999210041983,-0.149582177400589
gcn,test,2024-06,country_380,country_gb,-0.21532636754729853,-0.11838886141777039
gcn,test,2024-06,country_380,country_in,1.9561644585321034,-0.13401389122009277
gcn,test,2024-06,country_380,country_jp,0.2667133591421625,-0.12582147121429443
gcn,test,2024-06,country_380,country_kr,5.383193168712741,-0.17254605889320374
gcn,test,2024-06,country_380,country_mx,-0.02488785794220081,-0.11984840035438538
gcn,test,2024-06,country_380,country_my,0.06872162945910276,-0.12553834915161133
gcn,test,2024-06,country_380,country_ph,0.3264065753624575,-0.14562126994132996
gcn,test,2024-06,country_380,country_sg,-0.10793985202414834,-0.14211907982826233
gcn,test,2024-06,country_380,country_th,-0.01656115107275127,-0.176076740026474
gcn,test,2024-06,country_380,country_us,-0.06868336394295563,-0.050226420164108276
gcn,test,2024-06,country_cn,country_203,0.3663790044240484,-0.11573699116706848
gcn,test,2024-06,country_cn,country_344,0.11909925789538567,-0.09427838027477264
gcn,test,2024-06,country_cn,country_372,0.27686962962231276,-0.089691162109375
gcn,test,2024-06,country_cn,country_380,-0.07171500396603549,-0.14800992608070374
gcn,test,2024-06,country_cn,country_de,0.009792257969204625,-0.13169893622398376
gcn,test,2024-06,country_cn,country_fr,0.009907780400596037,-0.13251155614852905
gcn,test,2024-06,country_cn,country_gb,-0.009977658064299146,-0.09873080253601074
gcn,test,2024-06,country_cn,country_in,0.1623128398878393,-0.11403864622116089
gcn,test,2024-06,country_cn,country_jp,-0.1342559348213453,-0.10683298110961914
gcn,test,2024-06,country_cn,country_kr,0.07322876759340477,-0.15068411827087402
gcn,test,2024-06,country_cn,country_mx,0.02859723076301338,-0.10898107290267944
gcn,test,2024-06,country_cn,country_my,-0.01927247047390392,-0.10464999079704285
gcn,test,2024-06,country_cn,country_ph,0.4104471339161383,-0.1245502233505249
gcn,test,2024-06,country_cn,country_sg,-0.039930423918567694,-0.1279468536376953
gcn,test,2024-06,country_cn,country_th,0.01923558010664176,-0.14863353967666626
gcn,test,2024-06,country_cn,country_us,0.03507122233601489,-0.019937247037887573
gcn,test,2024-06,country_de,country_203,-0.017347888389128423,-0.12081301212310791
gcn,test,2024-06,country_de,country_344,-0.14092197501629888,-0.1019517183303833
gcn,test,2024-06,country_de,country_372,0.5124086284743877,-0.09734179079532623
gcn,test,2024-06,country_de,country_380,-0.16125827647240099,-0.15003645420074463
gcn,test,2024-06,country_de,country_cn,0.14859131934741604,-0.10695427656173706
gcn,test,2024-06,country_de,country_fr,-0.0976235784131774,-0.1344580352306366
gcn,test,2024-06,country_de,country_gb,-0.2928795264724611,-0.1053110659122467
gcn,test,2024-06,country_de,country_in,0.6837884154818092,-0.1189180314540863
gcn,test,2024-06,country_de,country_jp,0.14976090350327706,-0.1132848858833313
gcn,test,2024-06,country_de,country_kr,0.009461491757506522,-0.15837609767913818
gcn,test,2024-06,country_de,country_mx,0.06094199460927201,-0.10839670896530151
gcn,test,2024-06,country_de,country_my,0.015926575640685135,-0.10549488663673401
gcn,test,2024-06,country_de,country_ph,0.05936580279717043,-0.1335846185684204
gcn,test,2024-06,country_de,country_sg,-0.0310046095480511,-0.13089704513549805
gcn,test,2024-06,country_de,country_th,0.03550437032876148,-0.1612878441810608
gcn,test,2024-06,country_de,country_us,-0.042126791108395914,-0.023636311292648315
gcn,test,2024-06,country_fr,country_203,1.1338541367739556,-0.1297140121459961
gcn,test,2024-06,country_fr,country_344,-0.0956267129836608,-0.10499972105026245
gcn,test,2024-06,country_fr,country_372,-0.11601310703684622,-0.09695401787757874
gcn,test,2024-06,country_fr,country_380,0.18823618714448734,-0.15341293811798096
gcn,test,2024-06,country_fr,country_cn,0.13485728461830895,-0.11296239495277405
gcn,test,2024-06,country_fr,country_de,0.025374355595844587,-0.14299869537353516
gcn,test,2024-06,country_fr,country_gb,0.3831330703015447,-0.11283057928085327
gcn,test,2024-06,country_fr,country_in,-0.3201876833174805,-0.12316998839378357
gcn,test,2024-06,country_fr,country_jp,0.08098901494828432,-0.12042909860610962
gcn,test,2024-06,country_fr,country_kr,-0.3069216905773422,-0.16569778323173523
gcn,test,2024-06,country_fr,country_mx,1.1168367963954127,-0.11213403940200806
gcn,test,2024-06,country_fr,country_my,0.05250156184334212,-0.11700618267059326
gcn,test,2024-06,country_fr,country_ph,-0.11980806769321067,-0.13601577281951904
gcn,test,2024-06,country_fr,country_sg,0.11549198690688914,-0.13643866777420044
gcn,test,2024-06,country_fr,country_th,0.1360664215307433,-0.16133490204811096
gcn,test,2024-06,country_fr,country_us,0.13222854039024276,-0.030413955450057983
gcn,test,2024-06,country_gb,country_203,-0.49957539715699273,-0.13509142398834229
gcn,test,2024-06,country_gb,country_344,0.43394371311190216,-0.10816887021064758
gcn,test,2024-06,country_gb,country_372,-0.17073508761014483,-0.10230082273483276
gcn,test,2024-06,country_gb,country_380,-0.19855450867134958,-0.16677623987197876
gcn,test,2024-06,country_gb,country_cn,0.07740668032228716,-0.11605104804039001
gcn,test,2024-06,country_gb,country_de,0.19141964419401486,-0.1474626064300537
gcn,test,2024-06,country_gb,country_fr,-0.4641764026665002,-0.14879637956619263
gcn,test,2024-06,country_gb,country_in,-0.14293229825512554,-0.12480399012565613
gcn,test,2024-06,country_gb,country_jp,0.019376052498448492,-0.12342113256454468
gcn,test,2024-06,country_gb,country_kr,-0.12235634063799881,-0.16658663749694824
gcn,test,2024-06,country_gb,country_mx,-0.47472397384554504,-0.11272168159484863
gcn,test,2024-06,country_gb,country_my,-0.22811262568670423,-0.11499667167663574
gcn,test,2024-06,country_gb,country_ph,0.056065126831601864,-0.1383627951145172
gcn,test,2024-06,country_gb,country_sg,-0.46836755353439785,-0.14059504866600037
gcn,test,2024-06,country_gb,country_th,0.6295431298854177,-0.1674618124961853
gcn,test,2024-06,country_gb,country_us,-0.18464742345808194,-0.032106414437294006
gcn,test,2024-06,country_in,country_203,1.495627572016461,-0.13176247477531433
gcn,test,2024-06,country_in,country_344,0.6353124763422141,-0.1060258150100708
gcn,test,2024-06,country_in,country_372,-0.07861301159308814,-0.10180327296257019
gcn,test,2024-06,country_in,country_380,-0.6426259719888705,-0.1621377170085907
gcn,test,2024-06,country_in,country_cn,0.4034623196816448,-0.10954394936561584
gcn,test,2024-06,country_in,country_de,-0.2331124079201662,-0.14301639795303345
gcn,test,2024-06,country_in,country_fr,0.6629872986782962,-0.14328482747077942
gcn,test,2024-06,country_in,country_gb,0.39165035478232557,-0.10848084092140198
gcn,test,2024-06,country_in,country_jp,-0.02297712868186871,-0.12057259678840637
gcn,test,2024-06,country_in,country_kr,1.4175976662710899,-0.1627180576324463
gcn,test,2024-06,country_in,country_mx,-0.13759829290240763,-0.10724687576293945
gcn,test,2024-06,country_in,country_my,0.09567320742209255,-0.11530002951622009
gcn,test,2024-06,country_in,country_ph,1.1819318537042827,-0.13672342896461487
gcn,test,2024-06,country_in,country_sg,-0.6793339453869084,-0.13334816694259644
gcn,test,2024-06,country_in,country_th,-0.5688453807785309,-0.15832757949829102
gcn,test,2024-06,country_in,country_us,-0.01143293816501718,-0.014520421624183655
gcn,test,2024-06,country_jp,country_203,-0.2972987890505046,-0.12209385633468628
gcn,test,2024-06,country_jp,country_344,0.028780703222856426,-0.09718117117881775
gcn,test,2024-06,country_jp,country_372,0.28301054129006453,-0.09691742062568665
gcn,test,2024-06,country_jp,country_380,-0.2074557270313018,-0.15234601497650146
gcn,test,2024-06,country_jp,country_cn,-0.07225974317750929,-0.10445916652679443
gcn,test,2024-06,country_jp,country_de,-0.07633647385139641,-0.1415676772594452
gcn,test,2024-06,country_jp,country_fr,-0.2949904388840283,-0.1424105167388916
gcn,test,2024-06,country_jp,country_gb,-0.14719417933174628,-0.1078786551952362
gcn,test,2024-06,country_jp,country_in,0.0932458139531869,-0.11707526445388794
gcn,test,2024-06,country_jp,country_kr,0.2933201950683169,-0.1579938530921936
gcn,test,2024-06,country_jp,country_mx,-0.031421768796769146,-0.10817533731460571
gcn,test,2024-06,country_jp,country_my,0.03936923195802534,-0.10545051097869873
gcn,test,2024-06,country_jp,country_ph,0.11563643275654678,-0.1300623118877411
gcn,test,2024-06,country_jp,country_sg,-0.2884463719096355,-0.1314210593700409
gcn,test,2024-06,country_jp,country_th,-0.10355979376927177,-0.15490484237670898
gcn,test,2024-06,country_jp,country_us,-0.03335594207679683,-0.020729869604110718
gcn,test,2024-06,country_kr,country_203,0.4452967193263296,-0.12852171063423157
gcn,test,2024-06,country_kr,country_344,-0.12679351142254006,-0.10104486346244812
gcn,test,2024-06,country_kr,country_372,32.09544862672143,-0.11024060845375061
gcn,test,2024-06,country_kr,country_380,0.0022591115804771783,-0.16505256295204163
gcn,test,2024-06,country_kr,country_cn,0.15157569077960165,-0.10644477605819702
gcn,test,2024-06,country_kr,country_de,0.03634586045331543,-0.1461922526359558
gcn,test,2024-06,country_kr,country_fr,-0.4412478696315796,-0.14869621396064758
gcn,test,2024-06,country_kr,country_gb,-0.37635631662827007,-0.11372590065002441
gcn,test,2024-06,country_kr,country_in,0.31143851619024127,-0.11952918767929077
gcn,test,2024-06,country_kr,country_jp,-0.2685147751582723,-0.11917108297348022
gcn,test,2024-06,country_kr,country_mx,0.33587810755264447,-0.1157112717628479
gcn,test,2024-06,country_kr,country_my,0.31684419674910097,-0.1122882068157196
gcn,test,2024-06,country_kr,country_ph,0.7178986821748549,-0.13546904921531677
gcn,test,2024-06,country_kr,country_sg,0.11580615917834654,-0.136030375957489
gcn,test,2024-06,country_kr,country_th,0.41418095102142594,-0.15919730067253113
gcn,test,2024-06,country_kr,country_us,-0.09034304439287634,-0.027046382427215576
gcn,test,2024-06,country_mx,country_203,-0.13645982227828637,-0.11502516269683838
gcn,test,2024-06,country_mx,country_344,0.9755582953125579,-0.09006710350513458
gcn,test,2024-06,country_mx,country_372,-0.25733442451298844,-0.09050902724266052
gcn,test,2024-06,country_mx,country_380,-0.23986087009961518,-0.14625298976898193
gcn,test,2024-06,country_mx,country_cn,0.13905969113028518,-0.09269122779369354
gcn,test,2024-06,country_mx,country_de,-0.11098164234056056,-0.13060826063156128
gcn,test,2024-06,country_mx,country_fr,-0.24741482857011507,-0.12880241870880127
gcn,test,2024-06,country_mx,country_gb,-0.08253139116379488,-0.09448066353797913
gcn,test,2024-06,country_mx,country_in,0.02843265506068753,-0.102731853723526
gcn,test,2024-06,country_mx,country_jp,-0.41467112400609896,-0.09940418601036072
gcn,test,2024-06,country_mx,country_kr,0.11326326469985644,-0.14606869220733643
gcn,test,2024-06,country_mx,country_my,2.8922708160785335,-0.09897726774215698
gcn,test,2024-06,country_mx,country_ph,-0.7542855365656432,-0.12291893362998962
gcn,test,2024-06,country_mx,country_sg,-0.22456312651567822,-0.11887392401695251
gcn,test,2024-06,country_mx,country_th,0.05024824411198101,-0.14546436071395874
gcn,test,2024-06,country_mx,country_us,-0.48299370070365316,-0.0021383166313171387
gcn,test,2024-06,country_my,country_203,0.25334060194978497,-0.11996647715568542
gcn,test,2024-06,country_my,country_344,0.1936932220374911,-0.0929265022277832
gcn,test,2024-06,country_my,country_372,-0.36672906371579,-0.09675765037536621
gcn,test,2024-06,country_my,country_380,-0.05771472381388043,-0.15748605132102966
gcn,test,2024-06,country_my,country_cn,0.026781625775095054,-0.09935411810874939
gcn,test,2024-06,country_my,country_de,-0.07728375347442114,-0.1377253532409668
gcn,test,2024-06,country_my,country_fr,-0.2530487790945437,-0.13507956266403198
gcn,test,2024-06,country_my,country_gb,-0.13141080004840205,-0.10257694125175476
gcn,test,2024-06,country_my,country_in,-0.29904850451702647,-0.11350175738334656
gcn,test,2024-06,country_my,country_jp,0.1554591897469934,-0.10912492871284485
gcn,test,2024-06,country_my,country_kr,-0.09644310525453385,-0.15426397323608398
gcn,test,2024-06,country_my,country_mx,0.270224219610963,-0.10501798987388611
gcn,test,2024-06,country_my,country_ph,-0.022463246811158587,-0.1290019154548645
gcn,test,2024-06,country_my,country_sg,0.008319328123226138,-0.1253342628479004
gcn,test,2024-06,country_my,country_th,0.15321255875916676,-0.15255898237228394
gcn,test,2024-06,country_my,country_us,0.06294998244779867,-0.009454876184463501
gcn,test,2024-06,country_ph,country_203,-0.024584485958827295,-0.12100151181221008
gcn,test,2024-06,country_ph,country_344,-0.1527652091055038,-0.09359331429004669
gcn,test,2024-06,country_ph,country_372,0.07074344682848048,-0.0963643342256546
gcn,test,2024-06,country_ph,country_380,-0.33234179279121745,-0.15562695264816284
gcn,test,2024-06,country_ph,country_cn,0.005276943044057227,-0.09725089371204376
gcn,test,2024-06,country_ph,country_de,-0.12024002944121046,-0.13734158873558044
gcn,test,2024-06,country_ph,country_fr,-0.5925777488951529,-0.13451430201530457
gcn,test,2024-06,country_ph,country_gb,-0.058298654797907336,-0.10045081377029419
gcn,test,2024-06,country_ph,country_in,-0.1403360386867514,-0.11020660400390625
gcn,test,2024-06,country_ph,country_jp,0.045938273742747185,-0.10073640942573547
gcn,test,2024-06,country_ph,country_kr,-0.13593826727367608,-0.15045586228370667
gcn,test,2024-06,country_ph,country_mx,-0.02103487554493039,-0.10233154892921448
gcn,test,2024-06,country_ph,country_my,0.1282945607535443,-0.10285699367523193
gcn,test,2024-06,country_ph,country_sg,-0.1596509716944687,-0.12390497326850891
gcn,test,2024-06,country_ph,country_th,0.16898297565726683,-0.15383431315422058
gcn,test,2024-06,country_ph,country_us,-0.2182183661929775,-0.02072697877883911
gcn,test,2024-06,country_sg,country_203,0.3912322124121528,-0.13315919041633606
gcn,test,2024-06,country_sg,country_344,-0.043714055940724694,-0.09843498468399048
gcn,test,2024-06,country_sg,country_372,0.6206684325517292,-0.1094595193862915
gcn,test,2024-06,country_sg,country_380,0.2013168344694568,-0.16379311680793762
gcn,test,2024-06,country_sg,country_cn,0.176619495806978,-0.11045429110527039
gcn,test,2024-06,country_sg,country_de,0.2999866696305336,-0.14186209440231323
gcn,test,2024-06,country_sg,country_fr,0.4994511124174335,-0.13945689797401428
gcn,test,2024-06,country_sg,country_gb,-0.27355052526562074,-0.10812780261039734
gcn,test,2024-06,country_sg,country_in,-0.1296721038588489,-0.12070250511169434
gcn,test,2024-06,country_sg,country_jp,-0.06456052727245205,-0.11823636293411255
gcn,test,2024-06,country_sg,country_kr,0.0039513305250802174,-0.16302233934402466
gcn,test,2024-06,country_sg,country_mx,-0.20312982437650012,-0.11255872249603271
gcn,test,2024-06,country_sg,country_my,0.5683225620093612,-0.10817527770996094
gcn,test,2024-06,country_sg,country_ph,0.36228695813194745,-0.13296100497245789
gcn,test,2024-06,country_sg,country_th,-0.13667738648089173,-0.15770822763442993
gcn,test,2024-06,country_sg,country_us,0.17204272416503133,-0.021831244230270386
gcn,test,2024-06,country_th,country_203,-0.24231534400094593,-0.13006430864334106
gcn,test,2024-06,country_th,country_344,-0.11650546350483662,-0.10329636931419373
gcn,test,2024-06,country_th,country_372,-0.3524503994622597,-0.10327094793319702
gcn,test,2024-06,country_th,country_380,0.18066839983513747,-0.16146516799926758
gcn,test,2024-06,country_th,country_cn,-0.016869625738142248,-0.10574334859848022
gcn,test,2024-06,country_th,country_de,-0.23758241800060317,-0.14839336276054382
gcn,test,2024-06,country_th,country_fr,-0.2590257024671108,-0.14532655477523804
gcn,test,2024-06,country_th,country_gb,-0.23493727552284063,-0.11262339353561401
gcn,test,2024-06,country_th,country_in,0.08859188910818099,-0.12259823083877563
gcn,test,2024-06,country_th,country_jp,-0.015947524424535217,-0.11701452732086182
gcn,test,2024-06,country_th,country_kr,-0.07308625116445161,-0.16106611490249634
gcn,test,2024-06,country_th,country_mx,0.07573787370652213,-0.11378833651542664
gcn,test,2024-06,country_th,country_my,0.3952495905278256,-0.11051532626152039
gcn,test,2024-06,country_th,country_ph,-0.3042666622756378,-0.13867589831352234
gcn,test,2024-06,country_th,country_sg,-0.2666858084546001,-0.13218429684638977
gcn,test,2024-06,country_th,country_us,-0.1400170187057473,-0.019924625754356384
gcn,test,2024-06,country_us,country_203,-0.13831119594448804,-0.1595761477947235
gcn,test,2024-06,country_us,country_344,0.1389973127828968,-0.13439571857452393
gcn,test,2024-06,country_us,country_372,0.3230198184563793,-0.13553458452224731
gcn,test,2024-06,country_us,country_380,0.09399125249926141,-0.19093266129493713
gcn,test,2024-06,country_us,country_cn,0.59942785062865,-0.1346438229084015
gcn,test,2024-06,country_us,country_de,-0.3950010528285186,-0.1677437424659729
gcn,test,2024-06,country_us,country_fr,-0.032244881095074104,-0.16825416684150696
gcn,test,2024-06,country_us,country_gb,0.04728517304791429,-0.12721139192581177
gcn,test,2024-06,country_us,country_in,0.847326108900953,-0.14424297213554382
gcn,test,2024-06,country_us,country_jp,-0.05867822239996536,-0.14049705862998962
gcn,test,2024-06,country_us,country_kr,-0.006126141855842697,-0.18519946932792664
gcn,test,2024-06,country_us,country_mx,-0.05128889889398943,-0.13228380680084229
gcn,test,2024-06,country_us,country_my,0.9915329547912625,-0.13663944602012634
gcn,test,2024-06,country_us,country_ph,0.07533282265272923,-0.15673404932022095
gcn,test,2024-06,country_us,country_sg,-0.1739539771267135,-0.15878352522850037
gcn,test,2024-06,country_us,country_th,-0.17867544076015116,-0.1838480830192566
gcn,test,2024-06,country_vn,country_203,-0.7235302060936379,-0.050289884209632874
gcn,test,2024-06,country_vn,country_344,-0.06575254980755138,-0.014341980218887329
gcn,test,2024-06,country_vn,country_372,-0.4088944276075006,-0.028689414262771606
gcn,test,2024-06,country_vn,country_380,0.30105110053093354,-0.10166752338409424
gcn,test,2024-06,country_vn,country_cn,-0.2807145716786025,-0.03086024522781372
gcn,test,2024-06,country_vn,country_de,-0.21396964853989606,-0.08584299683570862
gcn,test,2024-06,country_vn,country_fr,-0.08573112330630527,-0.07207876443862915
gcn,test,2024-06,country_vn,country_gb,-0.012090192068654304,-0.045361459255218506
gcn,test,2024-06,country_vn,country_in,-0.6672340530925589,-0.052898675203323364
gcn,test,2024-06,country_vn,country_jp,0.3765441611822167,-0.05028676986694336
gcn,test,2024-06,country_vn,country_kr,0.1830296077054491,-0.08941000699996948
gcn,test,2024-06,country_vn,country_mx,0.42392475886057507,-0.04677203297615051
gcn,test,2024-06,country_vn,country_my,-0.16624144653461587,-0.04210445284843445
gcn,test,2024-06,country_vn,country_ph,-0.3458318015650296,-0.07699000835418701
gcn,test,2024-06,country_vn,country_sg,0.0065045872142867976,-0.05871152877807617
gcn,test,2024-06,country_vn,country_th,0.4112371803365951,-0.1013076901435852
gcn,test,2024-06,country_vn,country_us,0.06360120886136277,0.013447016477584839
gcn,test,2024-07,country_203,country_344,0.15867544114949375,-0.0867891013622284
gcn,test,2024-07,country_203,country_372,-0.9209877540366441,-0.07117326557636261
gcn,test,2024-07,country_203,country_380,-0.5493672984573154,-0.06402422487735748
gcn,test,2024-07,country_203,country_cn,-0.28399054987498323,-0.07079517841339111
gcn,test,2024-07,country_203,country_de,-0.3889416682108606,-0.07564429938793182
gcn,test,2024-07,country_203,country_fr,-0.607749149721827,-0.11689376831054688
gcn,test,2024-07,country_203,country_gb,-0.35227128616405895,-0.11372983455657959
gcn,test,2024-07,country_203,country_in,-0.5737560411253564,-0.07623201608657837
gcn,test,2024-07,country_203,country_jp,-0.0805977228152601,-0.07577686011791229
gcn,test,2024-07,country_203,country_kr,0.015498476099613386,-0.07365074753761292
gcn,test,2024-07,country_203,country_mx,-0.04110065140682498,-0.0864790678024292
gcn,test,2024-07,country_203,country_my,0.6819337561854188,-0.07815626263618469
gcn,test,2024-07,country_203,country_ph,-0.1867156649276624,-0.06439477205276489
gcn,test,2024-07,country_203,country_sg,-0.16858986738903833,-0.10755971074104309
gcn,test,2024-07,country_203,country_th,0.27264458359650195,-0.08913180232048035
gcn,test,2024-07,country_203,country_us,1.8682449933423637,-0.049724236130714417
gcn,test,2024-07,country_344,country_203,3.993554670902542,-0.07710708677768707
gcn,test,2024-07,country_344,country_372,3.6652182569818974,-0.08507890999317169
gcn,test,2024-07,country_344,country_380,-0.524213915653213,-0.08924755454063416
gcn,test,2024-07,country_344,country_cn,-0.5915000466393218,-0.08446748554706573
gcn,test,2024-07,country_344,country_de,-0.0931940300373752,-0.09175439178943634
gcn,test,2024-07,country_344,country_fr,-0.16935243514489276,-0.13151833415031433
gcn,test,2024-07,country_344,country_gb,-0.40935147738166466,-0.1272498071193695
gcn,test,2024-07,country_344,country_in,1.0989502041053,-0.07296502590179443
gcn,test,2024-07,country_344,country_jp,-0.4673656151885906,-0.09386765956878662
gcn,test,2024-07,country_344,country_kr,-0.45648741201338505,-0.08356988430023193
gcn,test,2024-07,country_344,country_mx,0.4007736283250114,-0.098976731300354
gcn,test,2024-07,country_344,country_my,-0.10600709366678263,-0.08582505583763123
gcn,test,2024-07,country_344,country_ph,-0.3865399501438153,-0.0731857568025589
gcn,test,2024-07,country_344,country_sg,0.027946167242361777,-0.12189924716949463
gcn,test,2024-07,country_344,country_th,0.11210088524469095,-0.09359842538833618
gcn,test,2024-07,country_344,country_us,-0.14564679245992043,-0.0709153264760971
gcn,test,2024-07,country_372,country_203,-0.30280691681175803,-0.0680823028087616
gcn,test,2024-07,country_372,country_344,0.11346145176558683,-0.09655381739139557
gcn,test,2024-07,country_372,country_380,-0.7315468334522791,-0.0821092277765274
gcn,test,2024-07,country_372,country_cn,0.06352430249828624,-0.0828249454498291
gcn,test,2024-07,country_372,country_de,-0.8075733554495811,-0.08792304992675781
gcn,test,2024-07,country_372,country_fr,-0.6231467741233101,-0.12535440921783447
gcn,test,2024-07,country_372,country_gb,0.657086610334134,-0.12178760766983032
gcn,test,2024-07,country_372,country_in,4.15763289992713,-0.07365083694458008
gcn,test,2024-07,country_372,country_jp,-0.35273327066401894,-0.08378797769546509
gcn,test,2024-07,country_372,country_kr,-0.2020873596246312,-0.08912695944309235
gcn,test,2024-07,country_372,country_mx,0.13927891536302917,-0.09625750780105591
gcn,test,2024-07,country_372,country_my,0.07240605521757451,-0.07992266118526459
gcn,test,2024-07,country_372,country_ph,0.10257260432116899,-0.07466430962085724
gcn,test,2024-07,country_372,country_sg,-0.07665218330421177,-0.1201036274433136
gcn,test,2024-07,country_372,country_th,0.3159478071181601,-0.09445162117481232
gcn,test,2024-07,country_372,country_us,0.37348197829960367,-0.051439717411994934
gcn,test,2024-07,country_380,country_203,-0.31678440522887824,-0.06772029399871826
gcn,test,2024-07,country_380,country_344,0.17652334703747122,-0.09455500543117523
gcn,test,2024-07,country_380,country_372,-0.3929538268164743,-0.0780797153711319
gcn,test,2024-07,country_380,country_cn,0.13077157900975048,-0.08377869427204132
gcn,test,2024-07,country_380,country_de,0.029523454943021415,-0.0867965817451477
gcn,test,2024-07,country_380,country_fr,-0.6410107209415433,-0.12142318487167358
gcn,test,2024-07,country_380,country_gb,-0.3428253418212818,-0.12546882033348083
gcn,test,2024-07,country_380,country_in,-0.06022520490060728,-0.08784699440002441
gcn,test,2024-07,country_380,country_jp,-0.04202331103038062,-0.08392226696014404
gcn,test,2024-07,country_380,country_kr,4.935570077707267,-0.08469927310943604
gcn,test,2024-07,country_380,country_mx,0.33027428787543356,-0.09844064712524414
gcn,test,2024-07,country_380,country_my,-0.3603208350362591,-0.09206794202327728
gcn,test,2024-07,country_380,country_ph,0.3204548421672939,-0.07355642318725586
gcn,test,2024-07,country_380,country_sg,-0.1189684646759676,-0.11447227001190186
gcn,test,2024-07,country_380,country_th,-0.15799987298666787,-0.09687349200248718
gcn,test,2024-07,country_380,country_us,0.19036545358169712,-0.05706159770488739
gcn,test,2024-07,country_cn,country_203,0.0015995735301288056,-0.07156096398830414
gcn,test,2024-07,country_cn,country_344,0.04468987689865394,-0.10203507542610168
gcn,test,2024-07,country_cn,country_372,0.46711831597552733,-0.08310873806476593
gcn,test,2024-07,country_cn,country_380,-0.11437404107518709,-0.08582176268100739
gcn,test,2024-07,country_cn,country_de,-0.08885616625696861,-0.08629848062992096
gcn,test,2024-07,country_cn,country_fr,0.004951039212498384,-0.12488910555839539
gcn,test,2024-07,country_cn,country_gb,0.060407268234272615,-0.12118780612945557
gcn,test,2024-07,country_cn,country_in,0.21019072305257808,-0.09544406831264496
gcn,test,2024-07,country_cn,country_jp,-0.14501163648320523,-0.08477860689163208
gcn,test,2024-07,country_cn,country_kr,0.05665681939685723,-0.0802665650844574
gcn,test,2024-07,country_cn,country_mx,0.1438900966787026,-0.1046084463596344
gcn,test,2024-07,country_cn,country_my,0.15391589685541424,-0.08850792050361633
gcn,test,2024-07,country_cn,country_ph,0.1579456041726109,-0.07254879176616669
gcn,test,2024-07,country_cn,country_sg,0.26462154793272324,-0.11720460653305054
gcn,test,2024-07,country_cn,country_th,-0.032279976587049,-0.09116247296333313
gcn,test,2024-07,country_cn,country_us,-0.12578294358487516,-0.047146737575531006
gcn,test,2024-07,country_de,country_203,-0.003658780782577489,-0.07235750555992126
gcn,test,2024-07,country_de,country_344,-0.18206167379578905,-0.10349366068840027
gcn,test,2024-07,country_de,country_372,0.45135242510418977,-0.08306746184825897
gcn,test,2024-07,country_de,country_380,-0.4566151062572416,-0.08374950289726257
gcn,test,2024-07,country_de,country_cn,0.09569475461061569,-0.08787676692008972
gcn,test,2024-07,country_de,country_fr,-0.1560179260286809,-0.1255573034286499
gcn,test,2024-07,country_de,country_gb,-0.2197570992502922,-0.1267445683479309
gcn,test,2024-07,country_de,country_in,0.34241807331620255,-0.09102796018123627
gcn,test,2024-07,country_de,country_jp,0.3082103009962236,-0.08819830417633057
gcn,test,2024-07,country_de,country_kr,-0.2368829932494636,-0.0882064551115036
gcn,test,2024-07,country_de,country_mx,-0.033578034130493685,-0.10089805722236633
gcn,test,2024-07,country_de,country_my,0.03857074411223626,-0.08612966537475586
gcn,test,2024-07,country_de,country_ph,0.2951196296030907,-0.07934588193893433
gcn,test,2024-07,country_de,country_sg,0.06109030561239803,-0.1229749321937561
gcn,test,2024-07,country_de,country_th,-0.11105786081604252,-0.09777861833572388
gcn,test,2024-07,country_de,country_us,-0.04931433139951728,-0.045304685831069946
gcn,test,2024-07,country_fr,country_203,0.20830082370949202,-0.08112311363220215
gcn,test,2024-07,country_fr,country_344,-0.06968521767159894,-0.10955047607421875
gcn,test,2024-07,country_fr,country_372,-0.2059208742443043,-0.09157164394855499
gcn,test,2024-07,country_fr,country_380,-0.46536011671208605,-0.09058299660682678
gcn,test,2024-07,country_fr,country_cn,0.005804741090530437,-0.09365063905715942
gcn,test,2024-07,country_fr,country_de,0.11641211561401142,-0.09792071580886841
gcn,test,2024-07,country_fr,country_gb,0.835042227286005,-0.13625574111938477
gcn,test,2024-07,country_fr,country_in,1.8104709990286445,-0.09800922870635986
gcn,test,2024-07,country_fr,country_jp,-0.07182089927627096,-0.09704908728599548
gcn,test,2024-07,country_fr,country_kr,-0.09805193937666788,-0.09612198173999786
gcn,test,2024-07,country_fr,country_mx,1.2771149686401764,-0.10824668407440186
gcn,test,2024-07,country_fr,country_my,0.6597952263059808,-0.10375267267227173
gcn,test,2024-07,country_fr,country_ph,-0.3554962096643449,-0.08908820152282715
gcn,test,2024-07,country_fr,country_sg,0.07126914837466106,-0.12352284789085388
gcn,test,2024-07,country_fr,country_th,0.07000783868115831,-0.10626545548439026
gcn,test,2024-07,country_fr,country_us,0.20998308031176796,-0.05814744532108307
gcn,test,2024-07,country_gb,country_203,0.2940869783844225,-0.08498544991016388
gcn,test,2024-07,country_gb,country_344,0.5666329312407913,-0.11272925138473511
gcn,test,2024-07,country_gb,country_372,-0.14317255053679873,-0.09386147558689117
gcn,test,2024-07,country_gb,country_380,-0.7859563985515481,-0.10173779726028442
gcn,test,2024-07,country_gb,country_cn,-0.10784004814346895,-0.0950167179107666
gcn,test,2024-07,country_gb,country_de,-0.0006937017266770088,-0.09925606846809387
gcn,test,2024-07,country_gb,country_fr,-0.40646890473454084,-0.13565516471862793
gcn,test,2024-07,country_gb,country_in,-0.030968468499997393,-0.08562858402729034
gcn,test,2024-07,country_gb,country_jp,-0.15709690791671727,-0.09706152975559235
gcn,test,2024-07,country_gb,country_kr,-0.18412453329360404,-0.09452062845230103
gcn,test,2024-07,country_gb,country_mx,1.1667457309634561,-0.10475972294807434
gcn,test,2024-07,country_gb,country_my,-0.22823689777038636,-0.09997457265853882
gcn,test,2024-07,country_gb,country_ph,-0.14096738154111377,-0.08373123407363892
gcn,test,2024-07,country_gb,country_sg,-0.5236985585202761,-0.13287952542304993
gcn,test,2024-07,country_gb,country_th,0.16413030520999208,-0.10576498508453369
gcn,test,2024-07,country_gb,country_us,-0.14836612129340074,-0.054231464862823486
gcn,test,2024-07,country_in,country_203,0.035283913137759054,-0.06344582140445709
gcn,test,2024-07,country_in,country_344,0.4725392745713514,-0.09059643745422363
gcn,test,2024-07,country_in,country_372,-0.7917898326606171,-0.07184897363185883
gcn,test,2024-07,country_in,country_380,0.5001468198222784,-0.0782947987318039
gcn,test,2024-07,country_in,country_cn,-0.018473304592936494,-0.06398084759712219
gcn,test,2024-07,country_in,country_de,-0.5745937462979739,-0.07052434980869293
gcn,test,2024-07,country_in,country_fr,0.09503139482760271,-0.1079314649105072
gcn,test,2024-07,country_in,country_gb,-0.08655322719242252,-0.10607871413230896
gcn,test,2024-07,country_in,country_jp,-0.6241162809522718,-0.06766539812088013
gcn,test,2024-07,country_in,country_kr,-0.788620122132076,-0.06655675172805786
gcn,test,2024-07,country_in,country_mx,-0.10754735313081902,-0.07510286569595337
gcn,test,2024-07,country_in,country_my,0.4272577372539839,-0.07292251288890839
gcn,test,2024-07,country_in,country_ph,0.20051404952936683,-0.06113576889038086
gcn,test,2024-07,country_in,country_sg,1.370235511309745,-0.10504120588302612
gcn,test,2024-07,country_in,country_th,0.16501865767676135,-0.07412539422512054
gcn,test,2024-07,country_in,country_us,0.02447896631273045,-0.01450321078300476
gcn,test,2024-07,country_jp,country_203,-0.19561827258529216,-0.07884973287582397
gcn,test,2024-07,country_jp,country_344,0.1713384665611477,-0.10425308346748352
gcn,test,2024-07,country_jp,country_372,0.13247117148694768,-0.094162717461586
gcn,test,2024-07,country_jp,country_380,-0.2657199378750807,-0.09725001454353333
gcn,test,2024-07,country_jp,country_cn,0.04640102778671103,-0.08692368865013123
gcn,test,2024-07,country_jp,country_de,-0.16448545627922234,-0.09594076871871948
gcn,test,2024-07,country_jp,country_fr,-0.09273788220164143,-0.13505443930625916
gcn,test,2024-07,country_jp,country_gb,-0.013333505726250064,-0.13115978240966797
gcn,test,2024-07,country_jp,country_in,0.05208367419803934,-0.08056530356407166
gcn,test,2024-07,country_jp,country_kr,0.2450953057961316,-0.08827011287212372
gcn,test,2024-07,country_jp,country_mx,0.03227581502443947,-0.10350048542022705
gcn,test,2024-07,country_jp,country_my,0.011845697969408972,-0.0883764773607254
gcn,test,2024-07,country_jp,country_ph,0.34873625852165585,-0.07750353217124939
gcn,test,2024-07,country_jp,country_sg,0.0499512321421611,-0.12371310591697693
gcn,test,2024-07,country_jp,country_th,-0.1311403920453485,-0.09689915180206299
gcn,test,2024-07,country_jp,country_us,0.04545607379919925,-0.04819989204406738
gcn,test,2024-07,country_kr,country_203,-0.30196924308556905,-0.0793808102607727
gcn,test,2024-07,country_kr,country_344,-0.10318774270100069,-0.10339373350143433
gcn,test,2024-07,country_kr,country_372,1.7443520051003665,-0.09242023527622223
gcn,test,2024-07,country_kr,country_380,0.009720708834669262,-0.09818324446678162
gcn,test,2024-07,country_kr,country_cn,0.0008562334219174506,-0.08650512993335724
gcn,test,2024-07,country_kr,country_de,-0.09656482569570861,-0.0979357361793518
gcn,test,2024-07,country_kr,country_fr,-0.3801904972582112,-0.1351490318775177
gcn,test,2024-07,country_kr,country_gb,-0.18409348441624826,-0.13371825218200684
gcn,test,2024-07,country_kr,country_in,0.18322048166059526,-0.09429091215133667
gcn,test,2024-07,country_kr,country_jp,0.07729605160721446,-0.09369668364524841
gcn,test,2024-07,country_kr,country_mx,0.6981744695848967,-0.10366120934486389
gcn,test,2024-07,country_kr,country_my,0.23847814495317415,-0.09033125638961792
gcn,test,2024-07,country_kr,country_ph,0.9711943510586418,-0.07951194047927856
gcn,test,2024-07,country_kr,country_sg,-0.10855034647204893,-0.12196755409240723
gcn,test,2024-07,country_kr,country_th,-0.07418314329058506,-0.09824112057685852
gcn,test,2024-07,country_kr,country_us,-0.14752930532804182,-0.04430326819419861
gcn,test,2024-07,country_mx,country_203,-0.007229253716967127,-0.07838141918182373
gcn,test,2024-07,country_mx,country_344,0.6752510178325883,-0.10550451278686523
gcn,test,2024-07,country_mx,country_372,6.3720513267145895,-0.09180693328380585
gcn,test,2024-07,country_mx,country_380,-0.41551167338647754,-0.09315775334835052
gcn,test,2024-07,country_mx,country_cn,0.0010627483664852702,-0.08383446931838989
gcn,test,2024-07,country_mx,country_de,-0.25916839692388777,-0.09248833358287811
gcn,test,2024-07,country_mx,country_fr,-0.2351158667331098,-0.1284339725971222
gcn,test,2024-07,country_mx,country_gb,-0.189313442708677,-0.12742969393730164
gcn,test,2024-07,country_mx,country_in,-0.2878779781807256,-0.07792316377162933
gcn,test,2024-07,country_mx,country_jp,0.7509625530478958,-0.08658643066883087
gcn,test,2024-07,country_mx,country_kr,0.16201334229021863,-0.08499597012996674
gcn,test,2024-07,country_mx,country_my,-0.23857550372056963,-0.09072946012020111
gcn,test,2024-07,country_mx,country_ph,0.18016543468849266,-0.08171641826629639
gcn,test,2024-07,country_mx,country_sg,-0.014447684830258135,-0.1243409812450409
gcn,test,2024-07,country_mx,country_th,-0.04273025625381307,-0.09552505612373352
gcn,test,2024-07,country_mx,country_us,-0.32033863010670177,-0.038505420088768005
gcn,test,2024-07,country_my,country_203,-0.034938803368905605,-0.06105490028858185
gcn,test,2024-07,country_my,country_344,0.022235165310076993,-0.08997653424739838
gcn,test,2024-07,country_my,country_372,-0.44666605940035026,-0.07744182646274567
gcn,test,2024-07,country_my,country_380,-0.502938511713959,-0.08135145902633667
gcn,test,2024-07,country_my,country_cn,0.034877621003391486,-0.06372803449630737
gcn,test,2024-07,country_my,country_de,-0.10454496525834173,-0.07233907282352448
gcn,test,2024-07,country_my,country_fr,0.00673171308540094,-0.10858884453773499
gcn,test,2024-07,country_my,country_gb,-0.17876609626279721,-0.11277994513511658
gcn,test,2024-07,country_my,country_in,-0.31311270387381335,-0.05510939657688141
gcn,test,2024-07,country_my,country_jp,-0.024653884138870867,-0.0705377459526062
gcn,test,2024-07,country_my,country_kr,0.022735644076536148,-0.06688854098320007
gcn,test,2024-07,country_my,country_mx,0.07758062545668101,-0.08488622307777405
gcn,test,2024-07,country_my,country_ph,-0.13887810182055402,-0.05945123732089996
gcn,test,2024-07,country_my,country_sg,-0.0006408385628940993,-0.10435983538627625
gcn,test,2024-07,country_my,country_th,0.054299261278081955,-0.07578735053539276
gcn,test,2024-07,country_my,country_us,-0.2010977926317989,-0.019007235765457153
gcn,test,2024-07,country_ph,country_203,-0.0030287770843526107,-0.0721089094877243
gcn,test,2024-07,country_ph,country_344,0.041945892194491026,-0.09691444039344788
gcn,test,2024-07,country_ph,country_372,-0.11268549404445431,-0.08467158675193787
gcn,test,2024-07,country_ph,country_380,-0.41127377260061937,-0.08978743851184845
gcn,test,2024-07,country_ph,country_cn,-0.03032847391974543,-0.07806633412837982
gcn,test,2024-07,country_ph,country_de,-0.16125637047100527,-0.0865510106086731
gcn,test,2024-07,country_ph,country_fr,-0.6843891183232784,-0.12356603145599365
gcn,test,2024-07,country_ph,country_gb,-0.22726032966696202,-0.1231493353843689
gcn,test,2024-07,country_ph,country_in,-0.3114327368641785,-0.08396199345588684
gcn,test,2024-07,country_ph,country_jp,-0.0009577742667343444,-0.07746799290180206
gcn,test,2024-07,country_ph,country_kr,-0.17672186936758078,-0.07888102531433105
gcn,test,2024-07,country_ph,country_mx,-0.04673842505474293,-0.0941210389137268
gcn,test,2024-07,country_ph,country_my,-0.08740088988599078,-0.08509933948516846
gcn,test,2024-07,country_ph,country_sg,-0.04389125839819152,-0.11635130643844604
gcn,test,2024-07,country_ph,country_th,0.04248831825520379,-0.08935806155204773
gcn,test,2024-07,country_ph,country_us,-0.20988434417124469,-0.04186360538005829
gcn,test,2024-07,country_sg,country_203,-0.4413084684148028,-0.07261227071285248
gcn,test,2024-07,country_sg,country_344,0.17186283153964604,-0.08908155560493469
gcn,test,2024-07,country_sg,country_372,-0.2581065404646697,-0.0807541161775589
gcn,test,2024-07,country_sg,country_380,-0.09613969729069527,-0.08383119106292725
gcn,test,2024-07,country_sg,country_cn,0.22936978685470014,-0.07875247299671173
gcn,test,2024-07,country_sg,country_de,0.2001380360014004,-0.08642397820949554
gcn,test,2024-07,country_sg,country_fr,-0.21140037087995264,-0.12024873495101929
gcn,test,2024-07,country_sg,country_gb,0.025488902387353983,-0.12688854336738586
gcn,test,2024-07,country_sg,country_in,-0.15187798069495756,-0.08844327926635742
gcn,test,2024-07,country_sg,country_jp,-0.25645214215977047,-0.08208823204040527
gcn,test,2024-07,country_sg,country_kr,0.2225920562258451,-0.07877857983112335
gcn,test,2024-07,country_sg,country_mx,0.19191287986916886,-0.09809991717338562
gcn,test,2024-07,country_sg,country_my,0.3943093452551957,-0.07740242779254913
gcn,test,2024-07,country_sg,country_ph,0.1812444429749336,-0.0694069117307663
gcn,test,2024-07,country_sg,country_th,-0.16283012531086058,-0.08920007944107056
gcn,test,2024-07,country_sg,country_us,0.10225962634867405,-0.03366054594516754
gcn,test,2024-07,country_th,country_203,-0.02876917727351755,-0.07841776311397552
gcn,test,2024-07,country_th,country_344,0.09171744033160394,-0.10406813025474548
gcn,test,2024-07,country_th,country_372,-0.18670416791803812,-0.08921359479427338
gcn,test,2024-07,country_th,country_380,-0.25383445283895995,-0.09433348476886749
gcn,test,2024-07,country_th,country_cn,-0.06034781804459546,-0.08554685115814209
gcn,test,2024-07,country_th,country_de,-0.16949383316078231,-0.09504473209381104
gcn,test,2024-07,country_th,country_fr,-0.07419713170961016,-0.13303324580192566
gcn,test,2024-07,country_th,country_gb,-0.18718820127305322,-0.12949255108833313
gcn,test,2024-07,country_th,country_in,-0.4205744171703075,-0.09263195097446442
gcn,test,2024-07,country_th,country_jp,-0.18954529733749617,-0.09153050184249878
gcn,test,2024-07,country_th,country_kr,-0.17608642709953892,-0.08685293793678284
gcn,test,2024-07,country_th,country_mx,0.07719241762693241,-0.10235196352005005
gcn,test,2024-07,country_th,country_my,0.30964581994793255,-0.08741575479507446
gcn,test,2024-07,country_th,country_ph,-0.25327904160710507,-0.08089020848274231
gcn,test,2024-07,country_th,country_sg,-0.24110767534739577,-0.12150540947914124
gcn,test,2024-07,country_th,country_us,-0.21716797642378743,-0.037280693650245667
gcn,test,2024-07,country_us,country_203,-0.1516110286691238,-0.13106980919837952
gcn,test,2024-07,country_us,country_344,-0.056819169453225286,-0.14977297186851501
gcn,test,2024-07,country_us,country_372,-0.509157292350862,-0.14198309183120728
gcn,test,2024-07,country_us,country_380,-0.6420614219809172,-0.14581286907196045
gcn,test,2024-07,country_us,country_cn,0.6654566746862889,-0.1355316936969757
gcn,test,2024-07,country_us,country_de,-0.46837211102029114,-0.14207589626312256
gcn,test,2024-07,country_us,country_fr,-0.21353300101518974,-0.1793336272239685
gcn,test,2024-07,country_us,country_gb,0.13952046695187748,-0.1681007742881775
gcn,test,2024-07,country_us,country_in,1.2270887175726242,-0.1362493336200714
gcn,test,2024-07,country_us,country_jp,-0.01742073013693656,-0.13767623901367188
gcn,test,2024-07,country_us,country_kr,0.13393436914990936,-0.13505825400352478
gcn,test,2024-07,country_us,country_mx,0.03906365984891207,-0.14711248874664307
gcn,test,2024-07,country_us,country_my,2.070456279534509,-0.13167420029640198
gcn,test,2024-07,country_us,country_ph,0.11036896176202197,-0.12689021229743958
gcn,test,2024-07,country_us,country_sg,-0.11258571148318548,-0.16881757974624634
gcn,test,2024-07,country_us,country_th,-0.09300346900680015,-0.14500460028648376
gcn,test,2024-07,country_vn,country_203,-0.3331933965287618,0.002691984176635742
gcn,test,2024-07,country_vn,country_344,0.049487621565525525,-0.030114635825157166
gcn,test,2024-07,country_vn,country_372,26.70418213193666,-0.01989060640335083
gcn,test,2024-07,country_vn,country_380,-0.07880433808430015,-0.02206730842590332
gcn,test,2024-07,country_vn,country_cn,-0.2823971355416349,-0.009001076221466064
gcn,test,2024-07,country_vn,country_de,0.01946019931198206,-0.02729545533657074
gcn,test,2024-07,country_vn,country_fr,0.4591588218802951,-0.06656409800052643
gcn,test,2024-07,country_vn,country_gb,-0.10347683023999596,-0.07029521465301514
gcn,test,2024-07,country_vn,country_in,-0.7384115979469766,-0.042475730180740356
gcn,test,2024-07,country_vn,country_jp,0.05923246256857584,-0.02412503957748413
gcn,test,2024-07,country_vn,country_kr,0.07696530028689656,-0.01514461636543274
gcn,test,2024-07,country_vn,country_mx,-0.17174550602570712,-0.03959926962852478
gcn,test,2024-07,country_vn,country_my,0.15471935831177064,-0.03273917734622955
gcn,test,2024-07,country_vn,country_ph,1.5584054691549434,-0.024660229682922363
gcn,test,2024-07,country_vn,country_sg,0.09152642797998099,-0.03881418704986572
gcn,test,2024-07,country_vn,country_th,0.876019826783273,-0.028153732419013977
gcn,test,2024-07,country_vn,country_us,-0.30039913065848106,0.00351715087890625
gcn,test,2024-08,country_203,country_344,1.0991651388422645,-0.03892756998538971
gcn,test,2024-08,country_203,country_372,-0.8463232667431637,-0.07125353813171387
gcn,test,2024-08,country_203,country_380,-0.11648048264902967,-0.041341423988342285
gcn,test,2024-08,country_203,country_cn,-0.2870012131932508,-0.025212079286575317
gcn,test,2024-08,country_203,country_de,0.022378464101973174,-0.03833979368209839
gcn,test,2024-08,country_203,country_fr,-0.4998851239379663,-0.04803934693336487
gcn,test,2024-08,country_203,country_gb,-0.3267500839543229,-0.026712536811828613
gcn,test,2024-08,country_203,country_in,0.860415957962946,0.013640299439430237
gcn,test,2024-08,country_203,country_jp,-0.36403813893849396,-0.01974591612815857
gcn,test,2024-08,country_203,country_kr,-0.7835698737652744,-0.029400989413261414
gcn,test,2024-08,country_203,country_mx,-0.42018969283837687,-0.0667470246553421
gcn,test,2024-08,country_203,country_my,0.7712685297700718,0.03148724138736725
gcn,test,2024-08,country_203,country_ph,0.37595337380167815,-0.02465999126434326
gcn,test,2024-08,country_203,country_sg,0.21323028488087017,-0.04545474052429199
gcn,test,2024-08,country_203,country_th,0.8269645664785537,-0.03671349585056305
gcn,test,2024-08,country_203,country_us,0.850405180351378,0.0020288676023483276
gcn,test,2024-08,country_344,country_203,-0.8046750168517448,-0.03356289863586426
gcn,test,2024-08,country_344,country_372,-0.3176036211728425,-0.07344229519367218
gcn,test,2024-08,country_344,country_380,-0.025086422464957077,-0.05788010358810425
gcn,test,2024-08,country_344,country_cn,-0.5864216547631352,-0.030451178550720215
gcn,test,2024-08,country_344,country_de,0.11438595459549981,-0.05183188617229462
gcn,test,2024-08,country_344,country_fr,-0.42234953662693164,-0.06436216831207275
gcn,test,2024-08,country_344,country_gb,0.3027789367062943,-0.03413887321949005
gcn,test,2024-08,country_344,country_in,1.6465165724873543,0.02400633692741394
gcn,test,2024-08,country_344,country_jp,0.7626446810616226,-0.03445371985435486
gcn,test,2024-08,country_344,country_kr,-0.6181373454838767,-0.03493928909301758
gcn,test,2024-08,country_344,country_mx,-0.260627691040446,-0.0790279358625412
gcn,test,2024-08,country_344,country_my,1.6352056896881417,0.03466016799211502
gcn,test,2024-08,country_344,country_ph,-0.18463475100701313,-0.02906668186187744
gcn,test,2024-08,country_344,country_sg,0.7510137726398919,-0.06109842658042908
gcn,test,2024-08,country_344,country_th,-0.5470037054693281,-0.030457302927970886
gcn,test,2024-08,country_344,country_us,1.0715835288253315,-0.0145740807056427
gcn,test,2024-08,country_372,country_203,-0.28025827442059376,-0.032686710357666016
gcn,test,2024-08,country_372,country_344,-0.1380593526724006,-0.05499228835105896
gcn,test,2024-08,country_372,country_380,-0.6647216110221662,-0.06708599627017975
gcn,test,2024-08,country_372,country_cn,-0.24252550514023063,-0.03111433982849121
gcn,test,2024-08,country_372,country_de,0.44113072977245066,-0.05196332931518555
gcn,test,2024-08,country_372,country_fr,-0.2874533771674389,-0.07099016010761261
gcn,test,2024-08,country_372,country_gb,-0.4516492861329887,-0.03804129362106323
gcn,test,2024-08,country_372,country_in,38.467032065340184,0.0108412504196167
gcn,test,2024-08,country_372,country_jp,-0.059937983377489554,-0.02191762626171112
gcn,test,2024-08,country_372,country_kr,1.9872842182204637,-0.05586090683937073
gcn,test,2024-08,country_372,country_mx,-0.5782838500218838,-0.08574289083480835
gcn,test,2024-08,country_372,country_my,0.20630175608217904,0.033034875988960266
gcn,test,2024-08,country_372,country_ph,-0.10046281367126145,-0.042499080300331116
gcn,test,2024-08,country_372,country_sg,0.2859354286757594,-0.06023554503917694
gcn,test,2024-08,country_372,country_th,0.6264951623156944,-0.04164925217628479
gcn,test,2024-08,country_372,country_us,0.2266587557955377,-0.019908219575881958
gcn,test,2024-08,country_380,country_203,-0.1849582872900676,-0.03252635896205902
gcn,test,2024-08,country_380,country_344,0.19297412727013957,-0.0493607372045517
gcn,test,2024-08,country_380,country_372,0.340175438495537,-0.08053287863731384
gcn,test,2024-08,country_380,country_cn,0.23259724201218135,-0.03839699923992157
gcn,test,2024-08,country_380,country_de,1.437231935994207,-0.05284520983695984
gcn,test,2024-08,country_380,country_fr,-0.3019344606633806,-0.06185983121395111
gcn,test,2024-08,country_380,country_gb,-0.36925835381999517,-0.0438351035118103
gcn,test,2024-08,country_380,country_in,-0.17329961924535608,-0.0018476098775863647
gcn,test,2024-08,country_380,country_jp,-0.35500314043462655,-0.02964887022972107
gcn,test,2024-08,country_380,country_kr,7.299904797531794,-0.047477856278419495
gcn,test,2024-08,country_380,country_mx,0.6016230352003542,-0.08651548624038696
gcn,test,2024-08,country_380,country_my,-0.5179584672378408,0.003195539116859436
gcn,test,2024-08,country_380,country_ph,-0.10904390265563874,-0.03859144449234009
gcn,test,2024-08,country_380,country_sg,-0.12904716565057836,-0.05699348449707031
gcn,test,2024-08,country_380,country_th,0.025137709181429716,-0.04549805819988251
gcn,test,2024-08,country_380,country_us,0.17184194725420976,-0.021297067403793335
gcn,test,2024-08,country_cn,country_203,0.4002783462024025,-0.029533028602600098
gcn,test,2024-08,country_cn,country_344,0.031751063638880986,-0.04551291465759277
gcn,test,2024-08,country_cn,country_372,-0.013199608002693054,-0.0728694349527359
gcn,test,2024-08,country_cn,country_380,0.0668911463290732,-0.050327450037002563
gcn,test,2024-08,country_cn,country_de,-0.017384782563815235,-0.042696237564086914
gcn,test,2024-08,country_cn,country_fr,0.11522846121793545,-0.049333423376083374
gcn,test,2024-08,country_cn,country_gb,0.20775866517394273,-0.026601508259773254
gcn,test,2024-08,country_cn,country_in,0.042099506988475796,-0.0030271708965301514
gcn,test,2024-08,country_cn,country_jp,0.09835580426032932,-0.023380935192108154
gcn,test,2024-08,country_cn,country_kr,-0.026740611229689758,-0.030127599835395813
gcn,test,2024-08,country_cn,country_mx,0.00014814479599551802,-0.0853186547756195
gcn,test,2024-08,country_cn,country_my,0.06630167965249285,0.027168646454811096
gcn,test,2024-08,country_cn,country_ph,0.12039296934886679,-0.026225388050079346
gcn,test,2024-08,country_cn,country_sg,0.09222796704641437,-0.0527271032333374
gcn,test,2024-08,country_cn,country_th,0.30847333153092454,-0.030009359121322632
gcn,test,2024-08,country_cn,country_us,0.19469550041110972,-0.00838787853717804
gcn,test,2024-08,country_de,country_203,0.04452875344718903,-0.03708086907863617
gcn,test,2024-08,country_de,country_344,0.031883367167564985,-0.052496954798698425
gcn,test,2024-08,country_de,country_372,-0.20703900826188537,-0.07600875198841095
gcn,test,2024-08,country_de,country_380,-0.1736974908934075,-0.05296723544597626
gcn,test,2024-08,country_de,country_cn,0.16975629389335598,-0.044269442558288574
gcn,test,2024-08,country_de,country_fr,0.06474892955158143,-0.05702179670333862
gcn,test,2024-08,country_de,country_gb,-0.25615873378259935,-0.04035772383213043
gcn,test,2024-08,country_de,country_in,0.11312996214601934,-0.005489423871040344
gcn,test,2024-08,country_de,country_jp,-0.0909547606811998,-0.033827558159828186
gcn,test,2024-08,country_de,country_kr,-0.27368897596492353,-0.043464019894599915
gcn,test,2024-08,country_de,country_mx,-0.06729348143746137,-0.08543537557125092
gcn,test,2024-08,country_de,country_my,-0.02335962555922752,0.024340122938156128
gcn,test,2024-08,country_de,country_ph,-0.07772429882769574,-0.038894250988960266
gcn,test,2024-08,country_de,country_sg,-0.05049662665111794,-0.060799285769462585
gcn,test,2024-08,country_de,country_th,-0.22704540056356587,-0.045186445116996765
gcn,test,2024-08,country_de,country_us,0.13095359489803446,-0.01197516918182373
gcn,test,2024-08,country_fr,country_203,0.061490836753047964,-0.035372063517570496
gcn,test,2024-08,country_fr,country_344,0.03671114438352144,-0.05402836203575134
gcn,test,2024-08,country_fr,country_372,0.4037898330474526,-0.07504808902740479
gcn,test,2024-08,country_fr,country_380,-0.13859878037002646,-0.050507813692092896
gcn,test,2024-08,country_fr,country_cn,0.09538082307310208,-0.034511998295784
gcn,test,2024-08,country_fr,country_de,0.031164488847695886,-0.04760855436325073
gcn,test,2024-08,country_fr,country_gb,-0.2565285550793924,-0.033240631222724915
gcn,test,2024-08,country_fr,country_in,0.12427582813104504,0.006070435047149658
gcn,test,2024-08,country_fr,country_jp,0.09558098988280825,-0.02491798996925354
gcn,test,2024-08,country_fr,country_kr,-0.1064455405106986,-0.03887537121772766
gcn,test,2024-08,country_fr,country_mx,0.6021608670809979,-0.07736103236675262
gcn,test,2024-08,country_fr,country_my,0.05695158299887771,0.030241921544075012
gcn,test,2024-08,country_fr,country_ph,-0.38272283320109035,-0.03431026637554169
gcn,test,2024-08,country_fr,country_sg,-0.06068209448722327,-0.060451656579971313
gcn,test,2024-08,country_fr,country_th,0.2510612486553873,-0.03822779655456543
gcn,test,2024-08,country_fr,country_us,0.48713434575625025,-0.004071518778800964
gcn,test,2024-08,country_gb,country_203,-0.1464508858174376,-0.027882501482963562
gcn,test,2024-08,country_gb,country_344,0.17610210315855868,-0.04473322629928589
gcn,test,2024-08,country_gb,country_372,0.04320589494353882,-0.0693587064743042
gcn,test,2024-08,country_gb,country_380,1.6171349379918873,-0.050411567091941833
gcn,test,2024-08,country_gb,country_cn,-0.08936616731236528,-0.026569753885269165
gcn,test,2024-08,country_gb,country_de,-0.11873510122956897,-0.03811900317668915
gcn,test,2024-08,country_gb,country_fr,-0.15570579654893466,-0.05080699920654297
gcn,test,2024-08,country_gb,country_in,-0.20438230660591128,0.025941789150238037
gcn,test,2024-08,country_gb,country_jp,0.47637760399999096,-0.019403263926506042
gcn,test,2024-08,country_gb,country_kr,-0.47226420739907826,-0.031074613332748413
gcn,test,2024-08,country_gb,country_mx,0.02158658527592472,-0.06707026064395905
gcn,test,2024-08,country_gb,country_my,0.30121807818615765,0.018807634711265564
gcn,test,2024-08,country_gb,country_ph,-0.15716750826094752,-0.02325017750263214
gcn,test,2024-08,country_gb,country_sg,-0.2584184804164632,-0.055414602160453796
gcn,test,2024-08,country_gb,country_th,-0.153571416944419,-0.031043946743011475
gcn,test,2024-08,country_gb,country_us,0.03974139196168185,0.005662098526954651
gcn,test,2024-08,country_in,country_203,1.0723645488057991,-0.01847594976425171
gcn,test,2024-08,country_in,country_344,0.2765214617398615,-0.028523072600364685
gcn,test,2024-08,country_in,country_372,-0.21621264943984922,-0.05970190465450287
gcn,test,2024-08,country_in,country_380,-0.14808271354230876,-0.041627317667007446
gcn,test,2024-08,country_in,country_cn,0.004544148577906007,-0.01543588936328888
gcn,test,2024-08,country_in,country_de,-0.49737807352891894,-0.02830582857131958
gcn,test,2024-08,country_in,country_fr,-0.15530788505457543,-0.032206207513809204
gcn,test,2024-08,country_in,country_gb,-0.04475793286834543,-0.008483245968818665
gcn,test,2024-08,country_in,country_jp,0.25845170672487366,-0.01520247757434845
gcn,test,2024-08,country_in,country_kr,-0.5379996263150657,-0.015726983547210693
gcn,test,2024-08,country_in,country_mx,1.746298588926633,-0.051327183842659
gcn,test,2024-08,country_in,country_my,1.0182590605198327,0.035627737641334534
gcn,test,2024-08,country_in,country_ph,0.24541218431801184,-0.01158943772315979
gcn,test,2024-08,country_in,country_sg,0.08976151348181519,-0.03650352358818054
gcn,test,2024-08,country_in,country_th,-0.9024948084032968,-0.012659519910812378
gcn,test,2024-08,country_in,country_us,-0.1897622169670776,0.029329374432563782
gcn,test,2024-08,country_jp,country_203,0.09096436849234088,-0.036186084151268005
gcn,test,2024-08,country_jp,country_344,0.32404519762170486,-0.04561762511730194
gcn,test,2024-08,country_jp,country_372,-0.1345684126138174,-0.08300024271011353
gcn,test,2024-08,country_jp,country_380,-0.12178705677756868,-0.06135201454162598
gcn,test,2024-08,country_jp,country_cn,0.1179369631449625,-0.03440317511558533
gcn,test,2024-08,country_jp,country_de,0.15584353745115018,-0.05117785930633545
gcn,test,2024-08,country_jp,country_fr,-0.027960701983908525,-0.06134967505931854
gcn,test,2024-08,country_jp,country_gb,0.47266760847618783,-0.03691413998603821
gcn,test,2024-08,country_jp,country_in,-0.24515026418809874,0.0006388425827026367
gcn,test,2024-08,country_jp,country_kr,0.38579032771586025,-0.03572995960712433
gcn,test,2024-08,country_jp,country_mx,0.06891660295765115,-0.08096146583557129
gcn,test,2024-08,country_jp,country_my,-0.06185540251464652,0.030893191695213318
gcn,test,2024-08,country_jp,country_ph,0.26108071242607706,-0.028778567910194397
gcn,test,2024-08,country_jp,country_sg,-0.18308179092949145,-0.05401310324668884
gcn,test,2024-08,country_jp,country_th,-0.04317501454962178,-0.03422100841999054
gcn,test,2024-08,country_jp,country_us,0.4267287596815981,-0.00599786639213562
gcn,test,2024-08,country_kr,country_203,0.08335577860876466,-0.02433490753173828
gcn,test,2024-08,country_kr,country_344,0.08220597822753827,-0.037152186036109924
gcn,test,2024-08,country_kr,country_372,0.2936124039860155,-0.06958772242069244
gcn,test,2024-08,country_kr,country_380,-0.4525410703760903,-0.04802370071411133
gcn,test,2024-08,country_kr,country_cn,0.04256325855486105,-0.013380885124206543
gcn,test,2024-08,country_kr,country_de,0.07485183558089169,-0.03536596894264221
gcn,test,2024-08,country_kr,country_fr,-0.3662063470527464,-0.04830633103847504
gcn,test,2024-08,country_kr,country_gb,0.11041282602209819,-0.022616446018218994
gcn,test,2024-08,country_kr,country_in,-0.08227241584767904,0.01977650821208954
gcn,test,2024-08,country_kr,country_jp,0.7867120782815588,-0.01044529676437378
gcn,test,2024-08,country_kr,country_mx,0.7664516988385174,-0.06505560874938965
gcn,test,2024-08,country_kr,country_my,0.23834862139933555,0.04461091011762619
gcn,test,2024-08,country_kr,country_ph,0.8939587768099923,-0.015277385711669922
gcn,test,2024-08,country_kr,country_sg,0.12552787886564762,-0.044053077697753906
gcn,test,2024-08,country_kr,country_th,0.580267750602709,-0.01732620596885681
gcn,test,2024-08,country_kr,country_us,0.10138931205614199,0.017803281545639038
gcn,test,2024-08,country_mx,country_203,-0.18548981894294617,-0.037252143025398254
gcn,test,2024-08,country_mx,country_344,0.7238266764111095,-0.053195521235466
gcn,test,2024-08,country_mx,country_372,3.4813517064178785,-0.07937508821487427
gcn,test,2024-08,country_mx,country_380,0.2261535857913041,-0.057882100343704224
gcn,test,2024-08,country_mx,country_cn,0.010244361026581147,-0.02912004292011261
gcn,test,2024-08,country_mx,country_de,0.3173712498194496,-0.050177156925201416
gcn,test,2024-08,country_mx,country_fr,0.2879741920668393,-0.06263759732246399
gcn,test,2024-08,country_mx,country_gb,-0.01838106055106905,-0.03624191880226135
gcn,test,2024-08,country_mx,country_in,0.472400106246535,0.01941046118736267
gcn,test,2024-08,country_mx,country_jp,-0.27481680285298726,-0.022433936595916748
gcn,test,2024-08,country_mx,country_kr,0.2552618576299291,-0.03672891855239868
gcn,test,2024-08,country_mx,country_my,4.3444943953867305,0.027990318834781647
gcn,test,2024-08,country_mx,country_ph,0.3351997144436901,-0.03553716838359833
gcn,test,2024-08,country_mx,country_sg,-0.2134342873818894,-0.06239728629589081
gcn,test,2024-08,country_mx,country_th,-0.06049066541893092,-0.03495171666145325
gcn,test,2024-08,country_mx,country_us,0.09421218706740969,0.001185387372970581
gcn,test,2024-08,country_my,country_203,0.09643370535848439,-0.006231158971786499
gcn,test,2024-08,country_my,country_344,0.35875550840257003,-0.015748128294944763
gcn,test,2024-08,country_my,country_372,0.6150951531510388,-0.05149027705192566
gcn,test,2024-08,country_my,country_380,0.1461164318871764,-0.0327213853597641
gcn,test,2024-08,country_my,country_cn,0.44976328667698756,-0.0026971399784088135
gcn,test,2024-08,country_my,country_de,0.020605402474474323,-0.017599433660507202
gcn,test,2024-08,country_my,country_fr,-0.33227857966504615,-0.024321630597114563
gcn,test,2024-08,country_my,country_gb,-0.0014474562423669108,-0.004144355654716492
gcn,test,2024-08,country_my,country_in,-0.19419565065221636,0.031052514910697937
gcn,test,2024-08,country_my,country_jp,0.0719206089694597,0.0015947520732879639
gcn,test,2024-08,country_my,country_kr,0.3443531779459769,-0.0034869015216827393
gcn,test,2024-08,country_my,country_mx,0.05134274408150763,-0.05183534324169159
gcn,test,2024-08,country_my,country_ph,-0.1860740725274948,-4.4226646423339844e-05
gcn,test,2024-08,country_my,country_sg,0.09783616941699186,-0.02382799983024597
gcn,test,2024-08,country_my,country_th,-0.029896096031242714,-0.0036522597074508667
gcn,test,2024-08,country_my,country_us,0.2287083885665541,0.03486432135105133
gcn,test,2024-08,country_ph,country_203,0.13456637740895194,-0.023218154907226562
gcn,test,2024-08,country_ph,country_344,0.18448537508309643,-0.03637920320034027
gcn,test,2024-08,country_ph,country_372,-0.22013385245945538,-0.06684689223766327
gcn,test,2024-08,country_ph,country_380,-0.019226344821189758,-0.047551125288009644
gcn,test,2024-08,country_ph,country_cn,0.11486739162967088,-0.013003706932067871
gcn,test,2024-08,country_ph,country_de,-0.0014017944850885605,-0.03179749846458435
gcn,test,2024-08,country_ph,country_fr,-0.2872714264683735,-0.04307913780212402
gcn,test,2024-08,country_ph,country_gb,-0.10804294342537614,-0.018982455134391785
gcn,test,2024-08,country_ph,country_in,-0.26615660317143713,0.02186739444732666
gcn,test,2024-08,country_ph,country_jp,0.13277992481735756,-0.0029563307762145996
gcn,test,2024-08,country_ph,country_kr,0.04881808485460752,-0.019081100821495056
gcn,test,2024-08,country_ph,country_mx,0.0014692526346296458,-0.06252622604370117
gcn,test,2024-08,country_ph,country_my,-0.0828741901898419,0.04460689425468445
gcn,test,2024-08,country_ph,country_sg,-0.02770128917062816,-0.04388236999511719
gcn,test,2024-08,country_ph,country_th,0.1696226552376319,-0.01636539399623871
gcn,test,2024-08,country_ph,country_us,-0.033739186613046326,0.014851361513137817
gcn,test,2024-08,country_sg,country_203,-0.46211070129108894,-0.03119516372680664
gcn,test,2024-08,country_sg,country_344,0.04390385972655486,-0.036277785897254944
gcn,test,2024-08,country_sg,country_372,-0.5364732619157818,-0.07066982984542847
gcn,test,2024-08,country_sg,country_380,-0.1904762118783236,-0.05017021298408508
gcn,test,2024-08,country_sg,country_cn,0.36254756673361016,-0.022341281175613403
gcn,test,2024-08,country_sg,country_de,-0.24832507625415645,-0.041418612003326416
gcn,test,2024-08,country_sg,country_fr,-0.20350967961069036,-0.049522772431373596
gcn,test,2024-08,country_sg,country_gb,-0.42679815713536323,-0.029607340693473816
gcn,test,2024-08,country_sg,country_in,-0.01313740717930684,0.012901097536087036
gcn,test,2024-08,country_sg,country_jp,-0.2838474097232029,-0.016401901841163635
gcn,test,2024-08,country_sg,country_kr,0.046648161378259216,-0.02696603536605835
gcn,test,2024-08,country_sg,country_mx,-0.1915220597158178,-0.07187780737876892
gcn,test,2024-08,country_sg,country_my,0.40998499779996245,0.04178725183010101
gcn,test,2024-08,country_sg,country_ph,-0.0033220094203996638,-0.020937830209732056
gcn,test,2024-08,country_sg,country_th,0.017667421379324724,-0.024978190660476685
gcn,test,2024-08,country_sg,country_us,-0.2754166126814479,0.012202054262161255
gcn,test,2024-08,country_th,country_203,-0.12704970365185558,-0.03769409656524658
gcn,test,2024-08,country_th,country_344,0.32754944730707136,-0.04848897457122803
gcn,test,2024-08,country_th,country_372,-0.11871214699338216,-0.07970073819160461
gcn,test,2024-08,country_th,country_380,0.06767764838983668,-0.06156542897224426
gcn,test,2024-08,country_th,country_cn,0.06109992074123055,-0.035436585545539856
gcn,test,2024-08,country_th,country_de,-0.038330955523027906,-0.05297835171222687
gcn,test,2024-08,country_th,country_fr,0.04853806525657877,-0.06047472357749939
gcn,test,2024-08,country_th,country_gb,-0.29718474072860146,-0.03781306743621826
gcn,test,2024-08,country_th,country_in,-0.40496382152465793,-0.0004884302616119385
gcn,test,2024-08,country_th,country_jp,0.0272203112639024,-0.03166988492012024
gcn,test,2024-08,country_th,country_kr,-0.11542861649013757,-0.036351174116134644
gcn,test,2024-08,country_th,country_mx,0.041848482825610434,-0.08214041590690613
gcn,test,2024-08,country_th,country_my,0.1444187539296535,0.024046272039413452
gcn,test,2024-08,country_th,country_ph,0.16179529932620815,-0.03487245738506317
gcn,test,2024-08,country_th,country_sg,-0.07682445525500112,-0.05405138432979584
gcn,test,2024-08,country_th,country_us,-0.24429006630114453,0.0016866326332092285
gcn,test,2024-08,country_us,country_203,-0.17130033668879796,-0.046547651290893555
gcn,test,2024-08,country_us,country_344,-0.02035673260818091,-0.0544237345457077
gcn,test,2024-08,country_us,country_372,-0.057639466759506625,-0.08955897390842438
gcn,test,2024-08,country_us,country_380,0.20917091420329337,-0.06967349350452423
gcn,test,2024-08,country_us,country_cn,0.24002624256712887,-0.040342286229133606
gcn,test,2024-08,country_us,country_de,0.21458170468496052,-0.05837421119213104
gcn,test,2024-08,country_us,country_fr,-0.23579666958850462,-0.06620587408542633
gcn,test,2024-08,country_us,country_gb,-0.23062828238387903,-0.03955714404582977
gcn,test,2024-08,country_us,country_in,0.5095450359970007,-0.002919524908065796
gcn,test,2024-08,country_us,country_jp,-0.01918189232182087,-0.03227028250694275
gcn,test,2024-08,country_us,country_kr,0.14964629631140408,-0.043289363384246826
gcn,test,2024-08,country_us,country_mx,-0.1242545826936407,-0.08688268065452576
gcn,test,2024-08,country_us,country_my,0.4888174113737258,0.024434581398963928
gcn,test,2024-08,country_us,country_ph,0.10297643178300288,-0.03672127425670624
gcn,test,2024-08,country_us,country_sg,0.04550102289931203,-0.06334790587425232
gcn,test,2024-08,country_us,country_th,0.0036660728587561307,-0.04336245357990265
gcn,test,2024-08,country_vn,country_203,-0.31923000416344544,0.043159857392311096
gcn,test,2024-08,country_vn,country_344,0.5246207877329733,0.028171837329864502
gcn,test,2024-08,country_vn,country_372,-0.6244462426315048,-0.022822797298431396
gcn,test,2024-08,country_vn,country_380,0.6317576214541665,-0.014166727662086487
gcn,test,2024-08,country_vn,country_cn,0.4008519526797497,0.041309013962745667
gcn,test,2024-08,country_vn,country_de,0.27497321727284724,0.013083800673484802
gcn,test,2024-08,country_vn,country_fr,1.2096534466800024,0.006447702646255493
gcn,test,2024-08,country_vn,country_gb,-0.1484442246233579,0.015171408653259277
gcn,test,2024-08,country_vn,country_in,-0.729925694714243,0.07898831367492676
gcn,test,2024-08,country_vn,country_jp,0.0074630123222258855,0.03723156452178955
gcn,test,2024-08,country_vn,country_kr,0.16089814792594617,0.021216869354248047
gcn,test,2024-08,country_vn,country_mx,-0.1099989540354793,-0.025308534502983093
gcn,test,2024-08,country_vn,country_my,0.6880695439936683,0.07424692809581757
gcn,test,2024-08,country_vn,country_ph,0.18031633964840493,0.01245802640914917
gcn,test,2024-08,country_vn,country_sg,-0.022370463861379475,0.013838380575180054
gcn,test,2024-08,country_vn,country_th,1.2775677888420434,0.0300743505358696
gcn,test,2024-08,country_vn,country_us,-0.12197580966353155,0.05097147822380066
gcn,test,2024-09,country_203,country_344,6.99432568938316,-0.026034682989120483
gcn,test,2024-09,country_203,country_372,-0.8717199140166568,-0.06414420902729034
gcn,test,2024-09,country_203,country_380,-0.5648309674574158,-0.019911527633666992
gcn,test,2024-09,country_203,country_cn,-0.012647989231014156,-0.021274730563163757
gcn,test,2024-09,country_203,country_de,-0.1850936107215521,-0.02181433141231537
gcn,test,2024-09,country_203,country_fr,-0.6188381550419321,-0.05738723278045654
gcn,test,2024-09,country_203,country_gb,0.14798334706076613,-0.0241195410490036
gcn,test,2024-09,country_203,country_in,2.723615770402891,-0.07764172554016113
gcn,test,2024-09,country_203,country_jp,0.34503619080931763,-0.039662718772888184
gcn,test,2024-09,country_203,country_kr,-0.5222589424572317,-0.03645847737789154
gcn,test,2024-09,country_203,country_mx,0.02587559927545299,-0.09051145613193512
gcn,test,2024-09,country_203,country_my,0.6681054239244009,-0.045534223318099976
gcn,test,2024-09,country_203,country_ph,-0.20324016302506698,-0.03875286877155304
gcn,test,2024-09,country_203,country_sg,0.04652447030358735,-0.029688924551010132
gcn,test,2024-09,country_203,country_th,1.4373312023947244,-0.04030458629131317
gcn,test,2024-09,country_203,country_us,0.18651599281631615,0.033436119556427
gcn,test,2024-09,country_344,country_203,1.047798864584305,-0.028014883399009705
gcn,test,2024-09,country_344,country_372,-0.23779309553163547,-0.06619817018508911
gcn,test,2024-09,country_344,country_380,-0.2507936002950687,-0.03055901825428009
gcn,test,2024-09,country_344,country_cn,-0.4827757707111531,-0.022160425782203674
gcn,test,2024-09,country_344,country_de,-0.4185617767480836,-0.029078632593154907
gcn,test,2024-09,country_344,country_fr,0.06823787643222973,-0.062041252851486206
gcn,test,2024-09,country_344,country_gb,0.5721330694518173,-0.024929851293563843
gcn,test,2024-09,country_344,country_in,1.335394613996872,-0.06328722834587097
gcn,test,2024-09,country_344,country_jp,0.28824068129993013,-0.045451819896698
gcn,test,2024-09,country_344,country_kr,-0.7049561677237464,-0.030158579349517822
gcn,test,2024-09,country_344,country_mx,-0.03681165392355132,-0.09374061226844788
gcn,test,2024-09,country_344,country_my,-0.07542744009561901,-0.03289772570133209
gcn,test,2024-09,country_344,country_ph,0.33106329226129233,-0.03588862717151642
gcn,test,2024-09,country_344,country_sg,0.3218363199896629,-0.029832899570465088
gcn,test,2024-09,country_344,country_th,-0.5147083750544147,-0.03271016478538513
gcn,test,2024-09,country_344,country_us,-0.09246003768574973,0.02410268783569336
gcn,test,2024-09,country_372,country_203,0.29232155320672776,-0.04492010176181793
gcn,test,2024-09,country_372,country_344,4.342556004475203,-0.04955399036407471
gcn,test,2024-09,country_372,country_380,-0.748229810935448,-0.050035759806632996
gcn,test,2024-09,country_372,country_cn,0.12739092378614744,-0.042461052536964417
gcn,test,2024-09,country_372,country_de,-0.4149211416056847,-0.04302377998828888
gcn,test,2024-09,country_372,country_fr,-0.8014550907220516,-0.08766278624534607
gcn,test,2024-09,country_372,country_gb,0.21555180233806223,-0.04357907176017761
gcn,test,2024-09,country_372,country_in,4.959319768468525,-0.09385840594768524
gcn,test,2024-09,country_372,country_jp,-0.44236104079293825,-0.06121593713760376
gcn,test,2024-09,country_372,country_kr,3.09810279141285,-0.05632324516773224
gcn,test,2024-09,country_372,country_mx,-0.4287763617040672,-0.11685782670974731
gcn,test,2024-09,country_372,country_my,0.4923283691047654,-0.07757186889648438
gcn,test,2024-09,country_372,country_ph,0.3485665128952076,-0.059099599719047546
gcn,test,2024-09,country_372,country_sg,-0.07390952364911499,-0.061894237995147705
gcn,test,2024-09,country_372,country_th,0.8967437197586018,-0.06826592981815338
gcn,test,2024-09,country_372,country_us,0.0933852320101297,0.004310578107833862
gcn,test,2024-09,country_380,country_203,0.05186268361323749,-0.02004864811897278
gcn,test,2024-09,country_380,country_344,0.08151554349168283,-0.02289317548274994
gcn,test,2024-09,country_380,country_372,0.593084410051651,-0.06309103965759277
gcn,test,2024-09,country_380,country_cn,0.007365263298945811,-0.024563580751419067
gcn,test,2024-09,country_380,country_de,-0.33774711597155144,-0.0237942636013031
gcn,test,2024-09,country_380,country_fr,0.16992646664310368,-0.05434603989124298
gcn,test,2024-09,country_380,country_gb,-0.006741308647854196,-0.025608420372009277
gcn,test,2024-09,country_380,country_in,-0.16712411039489772,-0.08131477236747742
gcn,test,2024-09,country_380,country_jp,0.2881858965488897,-0.0404437780380249
gcn,test,2024-09,country_380,country_kr,5.164154639964612,-0.022685542702674866
gcn,test,2024-09,country_380,country_mx,0.5279188344033651,-0.09405443072319031
gcn,test,2024-09,country_380,country_my,-0.4571485796333635,-0.04743339121341705
gcn,test,2024-09,country_380,country_ph,-0.10988724635545627,-0.039924293756484985
gcn,test,2024-09,country_380,country_sg,-0.23051330938200776,-0.026663631200790405
gcn,test,2024-09,country_380,country_th,-0.0714623600247649,-0.03587941825389862
gcn,test,2024-09,country_380,country_us,0.1839878271507008,0.03525899350643158
gcn,test,2024-09,country_cn,country_203,-0.31320947783980135,-0.02493007481098175
gcn,test,2024-09,country_cn,country_344,-0.08187530204335625,-0.028773948550224304
gcn,test,2024-09,country_cn,country_372,-0.1228233014262034,-0.06315310299396515
gcn,test,2024-09,country_cn,country_380,-0.1571727473436837,-0.02931267023086548
gcn,test,2024-09,country_cn,country_de,-0.014726980146380476,-0.020489990711212158
gcn,test,2024-09,country_cn,country_fr,0.0008231585023634081,-0.0507354736328125
gcn,test,2024-09,country_cn,country_gb,-0.18873819201165698,-0.01836341619491577
gcn,test,2024-09,country_cn,country_in,-0.1382220632070292,-0.08847936987876892
gcn,test,2024-09,country_cn,country_jp,0.07704550518746812,-0.036544352769851685
gcn,test,2024-09,country_cn,country_kr,0.043773300325722006,-0.026753023266792297
gcn,test,2024-09,country_cn,country_mx,0.3587387860245066,-0.10011440515518188
gcn,test,2024-09,country_cn,country_my,0.05030876379002492,-0.039623111486434937
gcn,test,2024-09,country_cn,country_ph,0.26028232270090784,-0.03718052804470062
gcn,test,2024-09,country_cn,country_sg,0.05822694171038974,-0.02987074851989746
gcn,test,2024-09,country_cn,country_th,0.11526302221787778,-0.03189833462238312
gcn,test,2024-09,country_cn,country_us,-0.07180057710165343,0.04382488876581192
gcn,test,2024-09,country_de,country_203,-0.09102577018126383,-0.025455936789512634
gcn,test,2024-09,country_de,country_344,0.0929551306426157,-0.032192736864089966
gcn,test,2024-09,country_de,country_372,0.379971599456853,-0.06352323293685913
gcn,test,2024-09,country_de,country_380,-0.09762066580614699,-0.02840958535671234
gcn,test,2024-09,country_de,country_cn,0.08591341525181416,-0.028016582131385803
gcn,test,2024-09,country_de,country_fr,-0.024299210923992037,-0.05427844822406769
gcn,test,2024-09,country_de,country_gb,0.08291325001031409,-0.02682720124721527
gcn,test,2024-09,country_de,country_in,0.25249250434304565,-0.08408084511756897
gcn,test,2024-09,country_de,country_jp,0.1680826666679271,-0.04226641356945038
gcn,test,2024-09,country_de,country_kr,-0.4409191996335173,-0.03709286451339722
gcn,test,2024-09,country_de,country_mx,0.04847677184399702,-0.09662659466266632
gcn,test,2024-09,country_de,country_my,-0.05819343622268288,-0.04222904145717621
gcn,test,2024-09,country_de,country_ph,-0.0745364674464988,-0.04522448778152466
gcn,test,2024-09,country_de,country_sg,-0.03526750098737202,-0.03347070515155792
gcn,test,2024-09,country_de,country_th,0.058990314206666,-0.0408482700586319
gcn,test,2024-09,country_de,country_us,-0.016963546669535583,0.04578690230846405
gcn,test,2024-09,country_fr,country_203,-0.02952315339468358,-0.030892491340637207
gcn,test,2024-09,country_fr,country_344,0.017775311271146243,-0.035670921206474304
gcn,test,2024-09,country_fr,country_372,-0.12132863708708884,-0.06691417098045349
gcn,test,2024-09,country_fr,country_380,-0.47093561258999184,-0.030413150787353516
gcn,test,2024-09,country_fr,country_cn,0.07632480473900669,-0.030937209725379944
gcn,test,2024-09,country_fr,country_de,0.0019663083819018603,-0.029524385929107666
gcn,test,2024-09,country_fr,country_gb,0.2240179263388528,-0.03055126965045929
gcn,test,2024-09,country_fr,country_in,3.3864430337856986,-0.08366543054580688
gcn,test,2024-09,country_fr,country_jp,-0.1869412651126401,-0.04701590538024902
gcn,test,2024-09,country_fr,country_kr,0.1414148306209738,-0.03990355134010315
gcn,test,2024-09,country_fr,country_mx,0.3155991239071475,-0.09702582657337189
gcn,test,2024-09,country_fr,country_my,0.3679519711146441,-0.050302475690841675
gcn,test,2024-09,country_fr,country_ph,-0.3253213477690768,-0.04758450388908386
gcn,test,2024-09,country_fr,country_sg,-0.005963167450045697,-0.03162665665149689
gcn,test,2024-09,country_fr,country_th,0.5466877002786171,-0.04435868561267853
gcn,test,2024-09,country_fr,country_us,0.2272404552989425,0.03635627031326294
gcn,test,2024-09,country_gb,country_203,0.0062815516636782875,-0.04012925922870636
gcn,test,2024-09,country_gb,country_344,1.8979132336833457,-0.04122734069824219
gcn,test,2024-09,country_gb,country_372,-0.2971254529009494,-0.07422199845314026
gcn,test,2024-09,country_gb,country_380,0.10628468088245395,-0.04657638072967529
gcn,test,2024-09,country_gb,country_cn,-0.09034454717726309,-0.039620861411094666
gcn,test,2024-09,country_gb,country_de,-0.02439869493523934,-0.04054774343967438
gcn,test,2024-09,country_gb,country_fr,0.38114032094092604,-0.07046854496002197
gcn,test,2024-09,country_gb,country_in,-0.07111050735189735,-0.0890369862318039
gcn,test,2024-09,country_gb,country_jp,-0.4704138130195795,-0.054292455315589905
gcn,test,2024-09,country_gb,country_kr,-0.3430300931980303,-0.04768846929073334
gcn,test,2024-09,country_gb,country_mx,0.06985212533788565,-0.0991801917552948
gcn,test,2024-09,country_gb,country_my,-0.24876901220438966,-0.057737529277801514
gcn,test,2024-09,country_gb,country_ph,-0.06947868635089856,-0.05285194516181946
gcn,test,2024-09,country_gb,country_sg,-0.5300458020827932,-0.03840336203575134
gcn,test,2024-09,country_gb,country_th,-0.04341411666107266,-0.052584752440452576
gcn,test,2024-09,country_gb,country_us,-0.31557914177660923,0.033245183527469635
gcn,test,2024-09,country_in,country_203,0.9006838765325611,-0.04565662145614624
gcn,test,2024-09,country_in,country_344,-0.07341550263091821,-0.04579231142997742
gcn,test,2024-09,country_in,country_372,-0.7719272432506886,-0.08069352805614471
gcn,test,2024-09,country_in,country_380,-0.5682291639424782,-0.053445905447006226
gcn,test,2024-09,country_in,country_cn,-0.29093597919113945,-0.03838227689266205
gcn,test,2024-09,country_in,country_de,-0.48350310738991115,-0.04412819445133209
gcn,test,2024-09,country_in,country_fr,-0.5424995073182604,-0.06987108290195465
gcn,test,2024-09,country_in,country_gb,-0.4443071951846617,-0.03949172794818878
gcn,test,2024-09,country_in,country_jp,-0.5872069932269427,-0.05316033959388733
gcn,test,2024-09,country_in,country_kr,11.06486948467861,-0.05035100877285004
gcn,test,2024-09,country_in,country_mx,1.0424899448118923,-0.10402530431747437
gcn,test,2024-09,country_in,country_my,0.6023917420570898,-0.06203879415988922
gcn,test,2024-09,country_in,country_ph,-0.4562503595466835,-0.06205049157142639
gcn,test,2024-09,country_in,country_sg,-0.3535308363327563,-0.04421725869178772
gcn,test,2024-09,country_in,country_th,-0.4007999229933758,-0.056088730692863464
gcn,test,2024-09,country_in,country_us,-0.6377750321084247,0.04163729399442673
gcn,test,2024-09,country_jp,country_203,0.44801718369984955,-0.022938936948776245
gcn,test,2024-09,country_jp,country_344,0.05996748604038584,-0.02305486798286438
gcn,test,2024-09,country_jp,country_372,0.2843937116913072,-0.06644307076931
gcn,test,2024-09,country_jp,country_380,-0.19835256496332626,-0.03210306167602539
gcn,test,2024-09,country_jp,country_cn,0.10790189344397091,-0.014667734503746033
gcn,test,2024-09,country_jp,country_de,-0.09384899227696088,-0.019746899604797363
gcn,test,2024-09,country_jp,country_fr,-0.31524993467506573,-0.05544744431972504
gcn,test,2024-09,country_jp,country_gb,0.6707722287709612,-0.02073994278907776
gcn,test,2024-09,country_jp,country_in,0.08107860694267853,-0.07554328441619873
gcn,test,2024-09,country_jp,country_kr,0.42554507066855574,-0.02470700442790985
gcn,test,2024-09,country_jp,country_mx,0.008517224588977433,-0.08856329321861267
gcn,test,2024-09,country_jp,country_my,0.11902874339989922,-0.030228719115257263
gcn,test,2024-09,country_jp,country_ph,0.27394393863201605,-0.03058101236820221
gcn,test,2024-09,country_jp,country_sg,0.3788826802845347,-0.021811842918395996
gcn,test,2024-09,country_jp,country_th,0.1460210345324325,-0.0263613760471344
gcn,test,2024-09,country_jp,country_us,0.03444669888708232,0.053007178008556366
gcn,test,2024-09,country_kr,country_203,0.3809925430684622,-0.033495306968688965
gcn,test,2024-09,country_kr,country_344,-0.18162959347812738,-0.03152695298194885
gcn,test,2024-09,country_kr,country_372,1.3185967707275699,-0.0771293044090271
gcn,test,2024-09,country_kr,country_380,-0.24503198537226065,-0.04193495213985443
gcn,test,2024-09,country_kr,country_cn,0.12224084132524735,-0.025807276368141174
gcn,test,2024-09,country_kr,country_de,-0.03113711048401732,-0.034562885761260986
gcn,test,2024-09,country_kr,country_fr,-0.42321616464793327,-0.06653715670108795
gcn,test,2024-09,country_kr,country_gb,0.3163180779679026,-0.03449276089668274
gcn,test,2024-09,country_kr,country_in,-0.047904082570209484,-0.08851489424705505
gcn,test,2024-09,country_kr,country_jp,-0.2070494511876166,-0.04620504379272461
gcn,test,2024-09,country_kr,country_mx,0.44473253172920535,-0.10067132115364075
gcn,test,2024-09,country_kr,country_my,1.1490192260413399,-0.042190372943878174
gcn,test,2024-09,country_kr,country_ph,0.6574414339299608,-0.04465493559837341
gcn,test,2024-09,country_kr,country_sg,0.09022475570560626,-0.031241849064826965
gcn,test,2024-09,country_kr,country_th,1.671800997475715,-0.04002578556537628
gcn,test,2024-09,country_kr,country_us,-0.06526378540601947,0.04740205407142639
gcn,test,2024-09,country_mx,country_203,0.9634426839176709,-0.044890373945236206
gcn,test,2024-09,country_mx,country_344,0.20483048734796827,-0.04577265679836273
gcn,test,2024-09,country_mx,country_372,2.532786018473202,-0.08365754783153534
gcn,test,2024-09,country_mx,country_380,-0.33540663826698963,-0.04791167378425598
gcn,test,2024-09,country_mx,country_cn,0.2554800548859759,-0.03459124267101288
gcn,test,2024-09,country_mx,country_de,-0.17531486624690332,-0.041890949010849
gcn,test,2024-09,country_mx,country_fr,0.1601504991802554,-0.0793188065290451
gcn,test,2024-09,country_mx,country_gb,-0.04182126594403375,-0.04503756761550903
gcn,test,2024-09,country_mx,country_in,0.13472931580047023,-0.09644338488578796
gcn,test,2024-09,country_mx,country_jp,-0.14619831149789395,-0.05951519310474396
gcn,test,2024-09,country_mx,country_kr,0.29345253135613847,-0.047532469034194946
gcn,test,2024-09,country_mx,country_my,0.17356072360892924,-0.05588012933731079
gcn,test,2024-09,country_mx,country_ph,-0.3784755209761511,-0.060080260038375854
gcn,test,2024-09,country_mx,country_sg,-0.1935551049234775,-0.043966591358184814
gcn,test,2024-09,country_mx,country_th,0.030658357968719095,-0.05337107181549072
gcn,test,2024-09,country_mx,country_us,-0.18447226510486914,0.03799188882112503
gcn,test,2024-09,country_my,country_203,0.13319060397892066,-0.03244021534919739
gcn,test,2024-09,country_my,country_344,0.5939329868084393,-0.032382383942604065
gcn,test,2024-09,country_my,country_372,0.3306923368902725,-0.07414431869983673
gcn,test,2024-09,country_my,country_380,-0.22052266385917446,-0.04277929663658142
gcn,test,2024-09,country_my,country_cn,-0.00894638667353815,-0.02606227993965149
gcn,test,2024-09,country_my,country_de,0.03088978016291247,-0.03155282139778137
gcn,test,2024-09,country_my,country_fr,-0.2673868136232244,-0.064332515001297
gcn,test,2024-09,country_my,country_gb,-0.05188106226493773,-0.03237488865852356
gcn,test,2024-09,country_my,country_in,-0.06435488370923084,-0.0887729674577713
gcn,test,2024-09,country_my,country_jp,-0.0063738212539317185,-0.04739069938659668
gcn,test,2024-09,country_my,country_kr,0.02306675264209164,-0.03779612481594086
gcn,test,2024-09,country_my,country_mx,0.07793737336650436,-0.10210692882537842
gcn,test,2024-09,country_my,country_ph,0.2885136106563004,-0.047321707010269165
gcn,test,2024-09,country_my,country_sg,0.16392857550514234,-0.03149956464767456
gcn,test,2024-09,country_my,country_th,-0.04600088921114061,-0.04077900946140289
gcn,test,2024-09,country_my,country_us,-0.1732387211135431,0.05010503530502319
gcn,test,2024-09,country_ph,country_203,0.4964449642174256,-0.03502270579338074
gcn,test,2024-09,country_ph,country_344,0.12223378980888405,-0.03371107578277588
gcn,test,2024-09,country_ph,country_372,0.015643110776623993,-0.07495206594467163
gcn,test,2024-09,country_ph,country_380,-0.15990283192605076,-0.04348568618297577
gcn,test,2024-09,country_ph,country_cn,0.0268322226332672,-0.02823162078857422
gcn,test,2024-09,country_ph,country_de,-0.127406904209861,-0.03333696722984314
gcn,test,2024-09,country_ph,country_fr,-0.3396471910077609,-0.06548777222633362
gcn,test,2024-09,country_ph,country_gb,-0.12114819194929569,-0.03182695806026459
gcn,test,2024-09,country_ph,country_in,0.5769813341301561,-0.07548975944519043
gcn,test,2024-09,country_ph,country_jp,-0.004155123227878157,-0.04002706706523895
gcn,test,2024-09,country_ph,country_kr,0.012121383158852911,-0.03815940022468567
gcn,test,2024-09,country_ph,country_mx,0.06989019064945276,-0.1005854606628418
gcn,test,2024-09,country_ph,country_my,-0.0422986888587999,-0.049879997968673706
gcn,test,2024-09,country_ph,country_sg,-0.034090195491272506,-0.03451016545295715
gcn,test,2024-09,country_ph,country_th,0.12473998643940817,-0.04235278069972992
gcn,test,2024-09,country_ph,country_us,-0.14310504620324427,0.039819106459617615
gcn,test,2024-09,country_sg,country_203,0.3296621311406987,-0.039114147424697876
gcn,test,2024-09,country_sg,country_344,0.20867994707537701,-0.03135266900062561
gcn,test,2024-09,country_sg,country_372,0.7916179733696856,-0.07950028777122498
gcn,test,2024-09,country_sg,country_380,-0.0673607015007834,-0.04304398596286774
gcn,test,2024-09,country_sg,country_cn,0.10843356650918522,-0.031008467078208923
gcn,test,2024-09,country_sg,country_de,-0.08069052803418393,-0.03450508415699005
gcn,test,2024-09,country_sg,country_fr,-0.25440232352327563,-0.06119433045387268
gcn,test,2024-09,country_sg,country_gb,-0.09809010412987859,-0.03691035509109497
gcn,test,2024-09,country_sg,country_in,0.5863727807531488,-0.08818279206752777
gcn,test,2024-09,country_sg,country_jp,0.09691678351232615,-0.04867273569107056
gcn,test,2024-09,country_sg,country_kr,0.6382939294574603,-0.03947232663631439
gcn,test,2024-09,country_sg,country_mx,-0.10990792975843237,-0.09988066554069519
gcn,test,2024-09,country_sg,country_my,0.3916051891362668,-0.038868680596351624
gcn,test,2024-09,country_sg,country_ph,0.8444899832460149,-0.04689347743988037
gcn,test,2024-09,country_sg,country_th,-0.06378570483681092,-0.043563008308410645
gcn,test,2024-09,country_sg,country_us,-0.19852208603774765,0.04465363919734955
gcn,test,2024-09,country_th,country_203,0.14248432846237855,-0.020869731903076172
gcn,test,2024-09,country_th,country_344,0.19334451651854284,-0.021851271390914917
gcn,test,2024-09,country_th,country_372,-0.2587267073020967,-0.05907060205936432
gcn,test,2024-09,country_th,country_380,-0.06455088909401815,-0.02787613868713379
gcn,test,2024-09,country_th,country_cn,-0.04063106003604779,-0.01083323359489441
gcn,test,2024-09,country_th,country_de,-0.07478612890970622,-0.01719328761100769
gcn,test,2024-09,country_th,country_fr,-0.34305928077482734,-0.05232059955596924
gcn,test,2024-09,country_th,country_gb,-0.0930275083672375,-0.017548054456710815
gcn,test,2024-09,country_th,country_in,-0.33108920905329325,-0.055135101079940796
gcn,test,2024-09,country_th,country_jp,-0.12414822936753481,-0.03319424390792847
gcn,test,2024-09,country_th,country_kr,-0.16021737141899792,-0.021640554070472717
gcn,test,2024-09,country_th,country_mx,0.24587246025570142,-0.08635583519935608
gcn,test,2024-09,country_th,country_my,0.05128464045364154,-0.0257234126329422
gcn,test,2024-09,country_th,country_ph,-0.021381487992326483,-0.03156454861164093
gcn,test,2024-09,country_th,country_sg,-0.2589793595197273,-0.017021983861923218
gcn,test,2024-09,country_th,country_us,-0.3349281071274368,0.060898274183273315
gcn,test,2024-09,country_us,country_203,0.6625662117156141,-0.08017131686210632
gcn,test,2024-09,country_us,country_344,0.10321814684184466,-0.08117522299289703
gcn,test,2024-09,country_us,country_372,-0.23506364502557575,-0.12344551086425781
gcn,test,2024-09,country_us,country_380,-0.12375442099750175,-0.09001466631889343
gcn,test,2024-09,country_us,country_cn,0.29616411662560443,-0.07589958608150482
gcn,test,2024-09,country_us,country_de,-0.35144485119781954,-0.07979834079742432
gcn,test,2024-09,country_us,country_fr,-0.09016360017273489,-0.10302215814590454
gcn,test,2024-09,country_us,country_gb,0.2596412312387894,-0.07171674072742462
gcn,test,2024-09,country_us,country_in,0.6198545773161183,-0.11127930879592896
gcn,test,2024-09,country_us,country_jp,-0.17299936820744582,-0.08604899048805237
gcn,test,2024-09,country_us,country_kr,0.2846808076938084,-0.08323268592357635
gcn,test,2024-09,country_us,country_mx,-0.05642428358647815,-0.1358235776424408
gcn,test,2024-09,country_us,country_my,0.6536273476592228,-0.08985927700996399
gcn,test,2024-09,country_us,country_ph,0.11248422254440633,-0.08957675099372864
gcn,test,2024-09,country_us,country_sg,0.34977439945599215,-0.08046954870223999
gcn,test,2024-09,country_us,country_th,-0.06248200838115912,-0.08290320634841919
gcn,test,2024-09,country_vn,country_203,0.1073326774337638,0.03686770051717758
gcn,test,2024-09,country_vn,country_344,-0.24995396372027248,0.043385639786720276
gcn,test,2024-09,country_vn,country_372,-0.8320188323292617,-0.025895357131958008
gcn,test,2024-09,country_vn,country_380,0.7109671310942093,0.028460435569286346
gcn,test,2024-09,country_vn,country_cn,-0.29537671671296645,0.03844287246465683
gcn,test,2024-09,country_vn,country_de,0.5563330852864012,0.02911527454853058
gcn,test,2024-09,country_vn,country_fr,0.15487865688009703,0.0027536004781723022
gcn,test,2024-09,country_vn,country_gb,0.11126553622807507,0.02556048333644867
gcn,test,2024-09,country_vn,country_in,-0.7842998645135263,0.005869567394256592
gcn,test,2024-09,country_vn,country_jp,-0.19075132974693995,0.009329155087471008
gcn,test,2024-09,country_vn,country_kr,0.13985192454671352,0.026214033365249634
gcn,test,2024-09,country_vn,country_mx,0.1888692613034977,-0.04291248321533203
gcn,test,2024-09,country_vn,country_my,1.2191115490625508,0.019909709692001343
gcn,test,2024-09,country_vn,country_ph,-0.08608123240152492,0.009785473346710205
gcn,test,2024-09,country_vn,country_sg,0.19485506454844362,0.026644796133041382
gcn,test,2024-09,country_vn,country_th,0.5597398342621841,0.013937711715698242
gcn,test,2024-09,country_vn,country_us,-0.5046864013425514,0.06511368602514267
gcn,test,2024-10,country_203,country_344,1.7584245906776912,-0.059580832719802856
gcn,test,2024-10,country_203,country_372,-0.8698241862915195,-0.07343395054340363
gcn,test,2024-10,country_203,country_380,-0.2259366688315937,-0.06088466942310333
gcn,test,2024-10,country_203,country_cn,-0.22572732846169266,-0.041850268840789795
gcn,test,2024-10,country_203,country_de,0.2813234631678259,-0.05965569615364075
gcn,test,2024-10,country_203,country_fr,-0.5768464315811279,-0.06306393444538116
gcn,test,2024-10,country_203,country_gb,0.02497207921033874,-0.041727498173713684
gcn,test,2024-10,country_203,country_in,0.13691676125412727,-0.11413934826850891
gcn,test,2024-10,country_203,country_jp,0.5378245833327389,-0.07762491703033447
gcn,test,2024-10,country_203,country_kr,0.11840058559795041,-0.04080970585346222
gcn,test,2024-10,country_203,country_mx,0.19814669976829435,-0.05424410104751587
gcn,test,2024-10,country_203,country_my,1.2022893307380882,-0.037699729204177856
gcn,test,2024-10,country_203,country_ph,0.05104904658025333,-0.05976676940917969
gcn,test,2024-10,country_203,country_sg,-0.052916065378401815,-0.03372719883918762
gcn,test,2024-10,country_203,country_th,0.8072045770135512,-0.020274817943572998
gcn,test,2024-10,country_203,country_us,-0.6767701097200706,-0.04070994257926941
gcn,test,2024-10,country_344,country_203,-0.8262733690519162,-0.06918372213840485
gcn,test,2024-10,country_344,country_372,11.830148036927676,-0.06245100498199463
gcn,test,2024-10,country_344,country_380,1.6351110634938661,-0.05927331745624542
gcn,test,2024-10,country_344,country_cn,-0.35837886749074754,-0.03983214497566223
gcn,test,2024-10,country_344,country_de,-0.15206897384126686,-0.054690733551979065
gcn,test,2024-10,country_344,country_fr,0.007028345112606903,-0.054770320653915405
gcn,test,2024-10,country_344,country_gb,0.5345103678163413,-0.03200154006481171
gcn,test,2024-10,country_344,country_in,0.3949607035651915,-0.10320603847503662
gcn,test,2024-10,country_344,country_jp,0.7876575295922954,-0.07510101795196533
gcn,test,2024-10,country_344,country_kr,0.051728221643949926,-0.02595275640487671
gcn,test,2024-10,country_344,country_mx,0.15484267521991316,-0.04442301392555237
gcn,test,2024-10,country_344,country_my,-0.21620905957201586,-0.018705517053604126
gcn,test,2024-10,country_344,country_ph,-0.28694446090749526,-0.044285789132118225
gcn,test,2024-10,country_344,country_sg,-0.21576542178057984,-0.021687760949134827
gcn,test,2024-10,country_344,country_th,0.12017705831021452,-0.0016058236360549927
gcn,test,2024-10,country_344,country_us,0.05619299919512598,-0.03472889959812164
gcn,test,2024-10,country_372,country_203,-0.6692952227930347,-0.074433833360672
gcn,test,2024-10,country_372,country_344,-0.42721763268621316,-0.05866970121860504
gcn,test,2024-10,country_372,country_380,0.4040635622052264,-0.060963019728660583
gcn,test,2024-10,country_372,country_cn,0.2128479175551538,-0.042924970388412476
gcn,test,2024-10,country_372,country_de,-0.5776171934881614,-0.06207999587059021
gcn,test,2024-10,country_372,country_fr,-0.539035422775986,-0.06551221013069153
gcn,test,2024-10,country_372,country_gb,0.8784429459012634,-0.03650015592575073
gcn,test,2024-10,country_372,country_in,5.129157946604635,-0.11149716377258301
gcn,test,2024-10,country_372,country_jp,-0.04057478106007734,-0.07394252717494965
gcn,test,2024-10,country_372,country_kr,0.3124344173438794,-0.04087485373020172
gcn,test,2024-10,country_372,country_mx,-0.6569400917588587,-0.05163934826850891
gcn,test,2024-10,country_372,country_my,0.10425664646005545,-0.02693358063697815
gcn,test,2024-10,country_372,country_ph,0.08182496003156596,-0.05739402770996094
gcn,test,2024-10,country_372,country_sg,0.40143960296234227,-0.04695501923561096
gcn,test,2024-10,country_372,country_th,0.8950458913461427,-0.015213757753372192
gcn,test,2024-10,country_372,country_us,0.4124360569154731,-0.028430253267288208
gcn,test,2024-10,country_380,country_203,-0.27813616860297263,-0.06346859037876129
gcn,test,2024-10,country_380,country_344,0.053784525386500984,-0.05161921679973602
gcn,test,2024-10,country_380,country_372,0.4163677657645137,-0.060899123549461365
gcn,test,2024-10,country_380,country_cn,-0.035579303478754584,-0.037844955921173096
gcn,test,2024-10,country_380,country_de,0.9680246894028804,-0.053960323333740234
gcn,test,2024-10,country_380,country_fr,-0.27293295721460176,-0.05041325092315674
gcn,test,2024-10,country_380,country_gb,0.15861216913186252,-0.03688642382621765
gcn,test,2024-10,country_380,country_in,0.6228700410405074,-0.1062995195388794
gcn,test,2024-10,country_380,country_jp,0.27999788804413905,-0.07020005583763123
gcn,test,2024-10,country_380,country_kr,0.5740806411741961,-0.03429122269153595
gcn,test,2024-10,country_380,country_mx,-0.27254661959701654,-0.048312604427337646
gcn,test,2024-10,country_380,country_my,-0.34750155842514624,-0.03855329751968384
gcn,test,2024-10,country_380,country_ph,-0.09008082566781499,-0.05180051922798157
gcn,test,2024-10,country_380,country_sg,-0.1453005490341918,-0.02312372624874115
gcn,test,2024-10,country_380,country_th,0.2242545464716679,-0.01106196641921997
gcn,test,2024-10,country_380,country_us,-0.016894895258553127,-0.02690492570400238
gcn,test,2024-10,country_cn,country_203,0.1392371291228029,-0.05953904986381531
gcn,test,2024-10,country_cn,country_344,-0.033749650167294004,-0.04613235592842102
gcn,test,2024-10,country_cn,country_372,0.10995656365238612,-0.05680619180202484
gcn,test,2024-10,country_cn,country_380,-0.16855282569175392,-0.04973959922790527
gcn,test,2024-10,country_cn,country_de,-0.17750833211924363,-0.04347012937068939
gcn,test,2024-10,country_cn,country_fr,-0.050092217345181586,-0.042594343423843384
gcn,test,2024-10,country_cn,country_gb,-0.17274910104281752,-0.024173006415367126
gcn,test,2024-10,country_cn,country_in,-0.18819532883573256,-0.11044204235076904
gcn,test,2024-10,country_cn,country_jp,-0.11084315507684483,-0.05552634596824646
gcn,test,2024-10,country_cn,country_kr,0.037762727087672206,-0.01868559420108795
gcn,test,2024-10,country_cn,country_mx,0.009905669398430525,-0.05008724331855774
gcn,test,2024-10,country_cn,country_my,0.34015593052574294,-0.023226067423820496
gcn,test,2024-10,country_cn,country_ph,0.23434518687631917,-0.039763689041137695
gcn,test,2024-10,country_cn,country_sg,0.23682174490746866,-0.02088773250579834
gcn,test,2024-10,country_cn,country_th,0.0232497226204371,0.005077138543128967
gcn,test,2024-10,country_cn,country_us,-0.09321509131172384,-0.02102603018283844
gcn,test,2024-10,country_de,country_203,-0.1006935212226808,-0.06623224914073944
gcn,test,2024-10,country_de,country_344,0.14233394914662587,-0.05353069305419922
gcn,test,2024-10,country_de,country_372,-0.06854407961394689,-0.06304231286048889
gcn,test,2024-10,country_de,country_380,-0.17055376999452676,-0.05334974825382233
gcn,test,2024-10,country_de,country_cn,-0.06628712246764738,-0.04092639684677124
gcn,test,2024-10,country_de,country_fr,-0.2746539819364242,-0.04961603879928589
gcn,test,2024-10,country_de,country_gb,0.0731721362926512,-0.03574514389038086
gcn,test,2024-10,country_de,country_in,0.16569164454788754,-0.10961386561393738
gcn,test,2024-10,country_de,country_jp,0.009799246915437227,-0.06705746054649353
gcn,test,2024-10,country_de,country_kr,-0.534883269622274,-0.032798558473587036
gcn,test,2024-10,country_de,country_mx,-0.18195315606021656,-0.051325708627700806
gcn,test,2024-10,country_de,country_my,-0.051338043660688504,-0.03230075538158417
gcn,test,2024-10,country_de,country_ph,-0.020459358579739382,-0.05278845131397247
gcn,test,2024-10,country_de,country_sg,-0.31049969464494087,-0.028010517358779907
gcn,test,2024-10,country_de,country_th,0.05733770143384632,-0.00871497392654419
gcn,test,2024-10,country_de,country_us,-0.13332318128143658,-0.024536490440368652
gcn,test,2024-10,country_fr,country_203,-0.23430921786455264,-0.06819364428520203
gcn,test,2024-10,country_fr,country_344,0.029576058694513956,-0.05409824848175049
gcn,test,2024-10,country_fr,country_372,0.34526683934751934,-0.06316594779491425
gcn,test,2024-10,country_fr,country_380,-0.14613964954070063,-0.05361334979534149
gcn,test,2024-10,country_fr,country_cn,-0.13402137569369985,-0.04360482096672058
gcn,test,2024-10,country_fr,country_de,-0.03645517594246179,-0.0561726838350296
gcn,test,2024-10,country_fr,country_gb,0.29226458647728776,-0.03722268342971802
gcn,test,2024-10,country_fr,country_in,-0.5114568060754783,-0.10841947793960571
gcn,test,2024-10,country_fr,country_jp,-0.24792884650975358,-0.06895558536052704
gcn,test,2024-10,country_fr,country_kr,-0.1136467573552236,-0.036275848746299744
gcn,test,2024-10,country_fr,country_mx,0.330121644873914,-0.05091674625873566
gcn,test,2024-10,country_fr,country_my,0.18097612878106983,-0.03790867328643799
gcn,test,2024-10,country_fr,country_ph,-0.3712520035009377,-0.05465441942214966
gcn,test,2024-10,country_fr,country_sg,0.04513972753725959,-0.02663332223892212
gcn,test,2024-10,country_fr,country_th,0.28203291264824165,-0.011824294924736023
gcn,test,2024-10,country_fr,country_us,0.05001618393578433,-0.027771800756454468
gcn,test,2024-10,country_gb,country_203,-0.41152643799426664,-0.07568757236003876
gcn,test,2024-10,country_gb,country_344,1.0661850510909276,-0.05627723038196564
gcn,test,2024-10,country_gb,country_372,-0.46696447517140716,-0.06960111856460571
gcn,test,2024-10,country_gb,country_380,0.8166620560655188,-0.06744995713233948
gcn,test,2024-10,country_gb,country_cn,-0.2461037076747249,-0.04625982046127319
gcn,test,2024-10,country_gb,country_de,-0.19310712043085407,-0.06135296821594238
gcn,test,2024-10,country_gb,country_fr,0.7446154721521648,-0.061124324798583984
gcn,test,2024-10,country_gb,country_in,-0.3125538630106518,-0.09657588601112366
gcn,test,2024-10,country_gb,country_jp,-0.12281726967441556,-0.07418173551559448
gcn,test,2024-10,country_gb,country_kr,-0.34890069452293937,-0.03900386393070221
gcn,test,2024-10,country_gb,country_mx,0.17034795305799255,-0.05082322657108307
gcn,test,2024-10,country_gb,country_my,-0.3140160697102028,-0.031213879585266113
gcn,test,2024-10,country_gb,country_ph,-0.2969252185033657,-0.053601041436195374
gcn,test,2024-10,country_gb,country_sg,-0.7118276700912725,-0.03464791178703308
gcn,test,2024-10,country_gb,country_th,0.03897115671873307,-0.0132436603307724
gcn,test,2024-10,country_gb,country_us,-0.0710129556665708,-0.02801366150379181
gcn,test,2024-10,country_in,country_203,0.8733571216176034,-0.07945698499679565
gcn,test,2024-10,country_in,country_344,0.22540417244922034,-0.060188665986061096
gcn,test,2024-10,country_in,country_372,0.4325823922362618,-0.07568687200546265
gcn,test,2024-10,country_in,country_380,-0.17954564339464166,-0.06703412532806396
gcn,test,2024-10,country_in,country_cn,-0.03877747944285954,-0.04478916525840759
gcn,test,2024-10,country_in,country_de,-0.6469255395226472,-0.06285807490348816
gcn,test,2024-10,country_in,country_fr,0.7249671381774729,-0.06541608273983002
gcn,test,2024-10,country_in,country_gb,0.07234259578382432,-0.04296332597732544
gcn,test,2024-10,country_in,country_jp,-0.7788475031584962,-0.0800987184047699
gcn,test,2024-10,country_in,country_kr,-0.7783907424148592,-0.041487738490104675
gcn,test,2024-10,country_in,country_mx,0.11931078212863223,-0.05539119243621826
gcn,test,2024-10,country_in,country_my,0.06191603677436081,-0.04933798313140869
gcn,test,2024-10,country_in,country_ph,19.21259925146035,-0.06081071496009827
gcn,test,2024-10,country_in,country_sg,-0.8062401882822887,-0.03494751453399658
gcn,test,2024-10,country_in,country_th,-0.2935498772159189,-0.01438567042350769
gcn,test,2024-10,country_in,country_us,-0.3384594802141297,-0.02185875177383423
gcn,test,2024-10,country_jp,country_203,-0.05472316434706201,-0.06578336656093597
gcn,test,2024-10,country_jp,country_344,0.1761139024611603,-0.049159735441207886
gcn,test,2024-10,country_jp,country_372,0.2281363125663317,-0.06694014370441437
gcn,test,2024-10,country_jp,country_380,-0.2114938950452707,-0.05896085500717163
gcn,test,2024-10,country_jp,country_cn,0.2210613880093723,-0.02856217324733734
gcn,test,2024-10,country_jp,country_de,-0.1315179371933634,-0.05003249645233154
gcn,test,2024-10,country_jp,country_fr,-0.05179410513995185,-0.05187860131263733
gcn,test,2024-10,country_jp,country_gb,0.4661584255640904,-0.03125053644180298
gcn,test,2024-10,country_jp,country_in,0.010174902797889383,-0.10339570045471191
gcn,test,2024-10,country_jp,country_kr,0.276175859039976,-0.023511439561843872
gcn,test,2024-10,country_jp,country_mx,-0.08935832301895129,-0.04536616802215576
gcn,test,2024-10,country_jp,country_my,-0.10975721937530812,-0.017771422863006592
gcn,test,2024-10,country_jp,country_ph,0.2235489020100797,-0.04192306101322174
gcn,test,2024-10,country_jp,country_sg,0.43603972127425683,-0.017213046550750732
gcn,test,2024-10,country_jp,country_th,-0.0328989292123608,0.004100412130355835
gcn,test,2024-10,country_jp,country_us,-0.011834841240491174,-0.018655478954315186
gcn,test,2024-10,country_kr,country_203,-0.5971576091520194,-0.06274113059043884
gcn,test,2024-10,country_kr,country_344,0.25302683808536824,-0.041833341121673584
gcn,test,2024-10,country_kr,country_372,0.18088950279151686,-0.06631286442279816
gcn,test,2024-10,country_kr,country_380,2.3115443309192947,-0.057417839765548706
gcn,test,2024-10,country_kr,country_cn,0.10663243791562335,-0.02640959620475769
gcn,test,2024-10,country_kr,country_de,-0.08213354764936592,-0.04899740219116211
gcn,test,2024-10,country_kr,country_fr,-0.36946390352588127,-0.04878005385398865
gcn,test,2024-10,country_kr,country_gb,0.08479097350540815,-0.029839694499969482
gcn,test,2024-10,country_kr,country_in,-0.019810511221817664,-0.10173654556274414
gcn,test,2024-10,country_kr,country_jp,-0.10137428739552444,-0.05869212746620178
gcn,test,2024-10,country_kr,country_mx,0.682325849318466,-0.04105432331562042
gcn,test,2024-10,country_kr,country_my,0.2762276923289759,-0.01993030309677124
gcn,test,2024-10,country_kr,country_ph,0.07978615987750927,-0.03932414948940277
gcn,test,2024-10,country_kr,country_sg,-0.061392123237692525,-0.01417611539363861
gcn,test,2024-10,country_kr,country_th,-0.08562077751911748,0.005568027496337891
gcn,test,2024-10,country_kr,country_us,0.40976773727509325,-0.011681169271469116
gcn,test,2024-10,country_mx,country_203,0.16753166460977972,-0.06664074957370758
gcn,test,2024-10,country_mx,country_344,0.37614450544307265,-0.04960933327674866
gcn,test,2024-10,country_mx,country_372,2.6610797032594533,-0.06545862555503845
gcn,test,2024-10,country_mx,country_380,0.1325784161660724,-0.05722472071647644
gcn,test,2024-10,country_mx,country_cn,-0.09108005198584815,-0.03168933093547821
gcn,test,2024-10,country_mx,country_de,0.07487238752561984,-0.0527271032333374
gcn,test,2024-10,country_mx,country_fr,-0.30443965224072705,-0.052924737334251404
gcn,test,2024-10,country_mx,country_gb,0.01433419244475144,-0.033432021737098694
gcn,test,2024-10,country_mx,country_in,0.47273749924182507,-0.09143547713756561
gcn,test,2024-10,country_mx,country_jp,-0.5474850401935323,-0.05784827470779419
gcn,test,2024-10,country_mx,country_kr,0.211475705682147,-0.024833083152770996
gcn,test,2024-10,country_mx,country_my,0.3258021158292128,-0.030068188905715942
gcn,test,2024-10,country_mx,country_ph,0.07421326003837216,-0.05001462996006012
gcn,test,2024-10,country_mx,country_sg,-0.16585593752563554,-0.022343620657920837
gcn,test,2024-10,country_mx,country_th,2.465664538200794,-0.0024540573358535767
gcn,test,2024-10,country_mx,country_us,-0.21270726499905032,-0.01484939455986023
gcn,test,2024-10,country_my,country_203,-0.17118345724950376,-0.06212987005710602
gcn,test,2024-10,country_my,country_344,0.1272993994080938,-0.043180301785469055
gcn,test,2024-10,country_my,country_372,-0.34895205892088715,-0.06234124302864075
gcn,test,2024-10,country_my,country_380,-0.15765528709129023,-0.05733010172843933
gcn,test,2024-10,country_my,country_cn,0.010419117135360716,-0.02588847279548645
gcn,test,2024-10,country_my,country_de,-0.11701851649182542,-0.04718528687953949
gcn,test,2024-10,country_my,country_fr,-0.24669650356100956,-0.047861769795417786
gcn,test,2024-10,country_my,country_gb,0.11202432633903364,-0.028220057487487793
gcn,test,2024-10,country_my,country_in,0.03154892674106972,-0.07902412116527557
gcn,test,2024-10,country_my,country_jp,-0.11533096925706218,-0.05950471758842468
gcn,test,2024-10,country_my,country_kr,0.04993014322901186,-0.022365137934684753
gcn,test,2024-10,country_my,country_mx,-0.23063272330525666,-0.04272618889808655
gcn,test,2024-10,country_my,country_ph,0.14272874112259126,-0.04185444116592407
gcn,test,2024-10,country_my,country_sg,-0.09105556446068305,-0.01544266939163208
gcn,test,2024-10,country_my,country_th,0.1445223521853373,0.004142940044403076
gcn,test,2024-10,country_my,country_us,-0.2863863275386676,-0.008157655596733093
gcn,test,2024-10,country_ph,country_203,0.14411990339075062,-0.059545427560806274
gcn,test,2024-10,country_ph,country_344,0.0916875934317047,-0.042937010526657104
gcn,test,2024-10,country_ph,country_372,1.3096654163948422,-0.05773448944091797
gcn,test,2024-10,country_ph,country_380,-0.22093272341230102,-0.05410441756248474
gcn,test,2024-10,country_ph,country_cn,0.020820436072865295,-0.02106444537639618
gcn,test,2024-10,country_ph,country_de,-0.06076889198400312,-0.04093180596828461
gcn,test,2024-10,country_ph,country_fr,-0.23114062338070582,-0.03866586089134216
gcn,test,2024-10,country_ph,country_gb,-0.1257897051599664,-0.020670101046562195
gcn,test,2024-10,country_ph,country_in,0.22811587804914765,-0.0795145034790039
gcn,test,2024-10,country_ph,country_jp,0.04491953560250391,-0.05056034028530121
gcn,test,2024-10,country_ph,country_kr,-0.19809489137487382,-0.014616891741752625
gcn,test,2024-10,country_ph,country_mx,0.030856143401435446,-0.03537134826183319
gcn,test,2024-10,country_ph,country_my,0.09529977609980154,-0.01704631745815277
gcn,test,2024-10,country_ph,country_sg,0.13184037984389685,-0.00998598337173462
gcn,test,2024-10,country_ph,country_th,-0.029621821273917628,0.010931700468063354
gcn,test,2024-10,country_ph,country_us,-0.08140855508840529,-0.01087026298046112
gcn,test,2024-10,country_sg,country_203,-0.37523477607579614,-0.06696076691150665
gcn,test,2024-10,country_sg,country_344,0.4569800541368034,-0.03892149031162262
gcn,test,2024-10,country_sg,country_372,-0.15665167210677453,-0.06303545832633972
gcn,test,2024-10,country_sg,country_380,-0.24109762459890108,-0.05539803206920624
gcn,test,2024-10,country_sg,country_cn,0.062091200669693376,-0.028120458126068115
gcn,test,2024-10,country_sg,country_de,-0.4058247902949254,-0.04774031043052673
gcn,test,2024-10,country_sg,country_fr,0.24479556847048767,-0.043962687253952026
gcn,test,2024-10,country_sg,country_gb,-0.19045449095710215,-0.027192309498786926
gcn,test,2024-10,country_sg,country_in,0.5996420325010356,-0.09952473640441895
gcn,test,2024-10,country_sg,country_jp,-0.08463538682386289,-0.0571712851524353
gcn,test,2024-10,country_sg,country_kr,-0.11753628378722605,-0.020384669303894043
gcn,test,2024-10,country_sg,country_mx,-0.12839985148025854,-0.03914371132850647
gcn,test,2024-10,country_sg,country_my,0.3039203555834411,-0.017644792795181274
gcn,test,2024-10,country_sg,country_ph,0.14842334480450023,-0.03841978311538696
gcn,test,2024-10,country_sg,country_th,-0.16092016352620872,0.005234271287918091
gcn,test,2024-10,country_sg,country_us,-0.35768975620378357,-0.009516313672065735
gcn,test,2024-10,country_th,country_203,-0.10266715138624373,-0.046282947063446045
gcn,test,2024-10,country_th,country_344,0.45171540043580244,-0.028993144631385803
gcn,test,2024-10,country_th,country_372,-0.12308302938177666,-0.04369461536407471
gcn,test,2024-10,country_th,country_380,0.1732558629435627,-0.03905583918094635
gcn,test,2024-10,country_th,country_cn,-0.003280590602111381,-0.010524943470954895
gcn,test,2024-10,country_th,country_de,-0.23054991918723433,-0.032415181398391724
gcn,test,2024-10,country_th,country_fr,-0.3557175925411256,-0.031591758131980896
gcn,test,2024-10,country_th,country_gb,-0.15506576104727796,-0.011174440383911133
gcn,test,2024-10,country_th,country_in,0.08875443428302433,-0.06322193145751953
gcn,test,2024-10,country_th,country_jp,-0.08286065802579809,-0.04274606704711914
gcn,test,2024-10,country_th,country_kr,-0.043206208945673466,-0.005745813250541687
gcn,test,2024-10,country_th,country_mx,0.02511572214970807,-0.025560960173606873
gcn,test,2024-10,country_th,country_my,-0.042620363907245,-0.0037877559661865234
gcn,test,2024-10,country_th,country_ph,-0.10460578096544207,-0.0271930992603302
gcn,test,2024-10,country_th,country_sg,-0.18835273502685998,0.0001621842384338379
gcn,test,2024-10,country_th,country_us,-0.34568220916519715,0.009614139795303345
gcn,test,2024-10,country_us,country_203,0.5776833168959408,-0.08325758576393127
gcn,test,2024-10,country_us,country_344,-0.04946352189222654,-0.06560492515563965
gcn,test,2024-10,country_us,country_372,0.8951963107941913,-0.08025136590003967
gcn,test,2024-10,country_us,country_380,-0.0028072325530506498,-0.07641951739788055
gcn,test,2024-10,country_us,country_cn,0.07380114459031992,-0.048066481947898865
gcn,test,2024-10,country_us,country_de,-0.05020588176925084,-0.060474902391433716
gcn,test,2024-10,country_us,country_fr,-0.05930795657703828,-0.0657578557729721
gcn,test,2024-10,country_us,country_gb,-0.2775096549307092,-0.04565146565437317
gcn,test,2024-10,country_us,country_in,0.15836196581526213,-0.11730152368545532
gcn,test,2024-10,country_us,country_jp,0.09130045889546955,-0.08007651567459106
gcn,test,2024-10,country_us,country_kr,-0.04253375231552469,-0.033384621143341064
gcn,test,2024-10,country_us,country_mx,-0.08956401292915506,-0.060578569769859314
gcn,test,2024-10,country_us,country_my,0.48831948201307096,-0.03723195195198059
gcn,test,2024-10,country_us,country_ph,0.011864046471987133,-0.06016454100608826
gcn,test,2024-10,country_us,country_sg,0.4167273392940907,-0.03492225706577301
gcn,test,2024-10,country_us,country_th,-0.13084707391241396,-0.016443759202957153
gcn,test,2024-10,country_vn,country_203,-0.41565906608998854,0.007076337933540344
gcn,test,2024-10,country_vn,country_344,-0.14026047111646717,0.02200007438659668
gcn,test,2024-10,country_vn,country_372,-0.6714823685283993,-0.002994135022163391
gcn,test,2024-10,country_vn,country_380,0.16802719589302792,-0.0026443302631378174
gcn,test,2024-10,country_vn,country_cn,-0.09591145901014449,0.02818325161933899
gcn,test,2024-10,country_vn,country_de,0.35688138466832686,0.01479882001876831
gcn,test,2024-10,country_vn,country_fr,-0.16136094375642657,0.009660333395004272
gcn,test,2024-10,country_vn,country_gb,0.12983724293760376,0.021614521741867065
gcn,test,2024-10,country_vn,country_in,-0.6754668677282234,-0.0434795618057251
gcn,test,2024-10,country_vn,country_jp,0.11075319254938575,-0.001067131757736206
gcn,test,2024-10,country_vn,country_kr,0.09687952179394005,0.03148311376571655
gcn,test,2024-10,country_vn,country_mx,-0.017331476848894033,0.012160062789916992
gcn,test,2024-10,country_vn,country_my,1.418655543705738,0.032143861055374146
gcn,test,2024-10,country_vn,country_ph,0.22164869305003482,-0.002626478672027588
gcn,test,2024-10,country_vn,country_sg,-0.06299826166243021,0.033824220299720764
gcn,test,2024-10,country_vn,country_th,0.9209194679049666,0.04515497386455536
gcn,test,2024-10,country_vn,country_us,-0.5922101312102567,0.028052151203155518
gcn,test,2024-11,country_203,country_344,-0.005791573975610948,-0.05737923085689545
gcn,test,2024-11,country_203,country_372,-0.9539184729806557,0.021056681871414185
gcn,test,2024-11,country_203,country_380,-0.22387373397129295,-0.05719959735870361
gcn,test,2024-11,country_203,country_cn,-0.19174297737125157,-0.08070755004882812
gcn,test,2024-11,country_203,country_de,-0.017137832609622625,-0.09256774187088013
gcn,test,2024-11,country_203,country_fr,-0.7261056469220037,-0.1004335880279541
gcn,test,2024-11,country_203,country_gb,-0.06783629424809876,-0.08259207010269165
gcn,test,2024-11,country_203,country_in,0.47091196291988874,-0.10890242457389832
gcn,test,2024-11,country_203,country_jp,-0.5090572007395183,-0.09049016237258911
gcn,test,2024-11,country_203,country_kr,-0.0600030523955435,-0.0899626612663269
gcn,test,2024-11,country_203,country_mx,0.4703831550772165,-0.11907130479812622
gcn,test,2024-11,country_203,country_my,0.6735000714981756,-0.10069972276687622
gcn,test,2024-11,country_203,country_ph,-0.23364060157847094,-0.10522177815437317
gcn,test,2024-11,country_203,country_sg,-0.3558816165436461,-0.08643829822540283
gcn,test,2024-11,country_203,country_th,0.8523395064294644,-0.09746499359607697
gcn,test,2024-11,country_203,country_us,-0.47385823064753635,-0.04520416259765625
gcn,test,2024-11,country_344,country_203,-0.9004236371772096,-0.08239391446113586
gcn,test,2024-11,country_344,country_372,-0.9462172594764525,0.029217585921287537
gcn,test,2024-11,country_344,country_380,-0.16278220787697287,-0.05667249858379364
gcn,test,2024-11,country_344,country_cn,0.37583370394790966,-0.07796657085418701
gcn,test,2024-11,country_344,country_de,-0.38628015840050983,-0.08522212505340576
gcn,test,2024-11,country_344,country_fr,-0.16345795936691038,-0.093232661485672
gcn,test,2024-11,country_344,country_gb,-0.5191365466490324,-0.07191041111946106
gcn,test,2024-11,country_344,country_in,0.48310862146571704,-0.08347383141517639
gcn,test,2024-11,country_344,country_jp,0.08807585327358773,-0.08697521686553955
gcn,test,2024-11,country_344,country_kr,-0.045575517844133065,-0.07690328359603882
gcn,test,2024-11,country_344,country_mx,-0.5578925947707504,-0.11140978336334229
gcn,test,2024-11,country_344,country_my,-0.14474564233329015,-0.08437953889369965
gcn,test,2024-11,country_344,country_ph,-0.13305864688956642,-0.08888295292854309
gcn,test,2024-11,country_344,country_sg,0.36106700882256026,-0.07573947310447693
gcn,test,2024-11,country_344,country_th,-0.3359598680437561,-0.0815727710723877
gcn,test,2024-11,country_344,country_us,0.33611117152891923,-0.03736558556556702
gcn,test,2024-11,country_372,country_203,-0.5071502561088175,-0.04014432430267334
gcn,test,2024-11,country_372,country_344,-0.8530526408042165,-0.011893972754478455
gcn,test,2024-11,country_372,country_380,-0.736810895116736,-0.014457613229751587
gcn,test,2024-11,country_372,country_cn,-0.30513017561461603,-0.027406156063079834
gcn,test,2024-11,country_372,country_de,2.68964558890626,-0.03747271001338959
gcn,test,2024-11,country_372,country_fr,-0.671562618912836,-0.04889152944087982
gcn,test,2024-11,country_372,country_gb,-0.06251028190677155,-0.02056601643562317
gcn,test,2024-11,country_372,country_in,6.932019522687726,-0.05025532841682434
gcn,test,2024-11,country_372,country_jp,-0.05846339463895346,-0.034921422600746155
gcn,test,2024-11,country_372,country_kr,0.27599361562138724,-0.04058355093002319
gcn,test,2024-11,country_372,country_mx,-0.730234191096801,-0.06428880989551544
gcn,test,2024-11,country_372,country_my,0.12323349622468871,-0.037490442395210266
gcn,test,2024-11,country_372,country_ph,0.1791639821090714,-0.04774034023284912
gcn,test,2024-11,country_372,country_sg,0.11701938600590447,-0.03296768665313721
gcn,test,2024-11,country_372,country_th,-0.5834588548681239,-0.04195162653923035
gcn,test,2024-11,country_372,country_us,0.3394137420596247,0.023190483450889587
gcn,test,2024-11,country_380,country_203,-0.42133431837046,-0.0807185173034668
gcn,test,2024-11,country_380,country_344,-0.02287109666768104,-0.04865841567516327
gcn,test,2024-11,country_380,country_372,-0.3293391450041521,0.028391964733600616
gcn,test,2024-11,country_380,country_cn,0.27452581438172,-0.07707446813583374
gcn,test,2024-11,country_380,country_de,-0.19144179919348453,-0.08789971470832825
gcn,test,2024-11,country_380,country_fr,-0.21718359703857337,-0.09113886952400208
gcn,test,2024-11,country_380,country_gb,-0.23571345656835138,-0.07765363156795502
gcn,test,2024-11,country_380,country_in,-0.757127073678304,-0.09584328532218933
gcn,test,2024-11,country_380,country_jp,-0.10472717233966723,-0.08420813083648682
gcn,test,2024-11,country_380,country_kr,3.57594196993968,-0.08593741059303284
gcn,test,2024-11,country_380,country_mx,-0.27773456804282143,-0.11522749066352844
gcn,test,2024-11,country_380,country_my,-0.057104985042487934,-0.09901952743530273
gcn,test,2024-11,country_380,country_ph,-0.2726469901236864,-0.09653404355049133
gcn,test,2024-11,country_380,country_sg,-0.18770271828576582,-0.07751592993736267
gcn,test,2024-11,country_380,country_th,0.3632759520336333,-0.09226951003074646
gcn,test,2024-11,country_380,country_us,0.418967776718406,-0.03243604302406311
gcn,test,2024-11,country_cn,country_203,0.4539615061901268,-0.07808409631252289
gcn,test,2024-11,country_cn,country_344,0.1174136743168141,-0.04961934685707092
gcn,test,2024-11,country_cn,country_372,-0.4600948182505883,0.034902431070804596
gcn,test,2024-11,country_cn,country_380,-0.0664642446268799,-0.05524551868438721
gcn,test,2024-11,country_cn,country_de,-0.22798645277150245,-0.0797380805015564
gcn,test,2024-11,country_cn,country_fr,-0.38845616246051423,-0.08738690614700317
gcn,test,2024-11,country_cn,country_gb,-0.3910068886041328,-0.06632517278194427
gcn,test,2024-11,country_cn,country_in,-0.14993203033215927,-0.10614749789237976
gcn,test,2024-11,country_cn,country_jp,-0.03174015575735132,-0.08030445873737335
gcn,test,2024-11,country_cn,country_kr,0.16994960799912273,-0.07602672278881073
gcn,test,2024-11,country_cn,country_mx,0.1404125698137736,-0.11986911296844482
gcn,test,2024-11,country_cn,country_my,0.15115798337349126,-0.08977079391479492
gcn,test,2024-11,country_cn,country_ph,-0.1257299404012489,-0.09225668013095856
gcn,test,2024-11,country_cn,country_sg,0.4411379112906466,-0.0778084397315979
gcn,test,2024-11,country_cn,country_th,0.12402324864095764,-0.08220000565052032
gcn,test,2024-11,country_cn,country_us,0.3619537255676335,-0.02877822518348694
gcn,test,2024-11,country_de,country_203,-0.2958725636521019,-0.09175834059715271
gcn,test,2024-11,country_de,country_344,0.08057016407642281,-0.06577795743942261
gcn,test,2024-11,country_de,country_372,-0.40493924304132023,0.01704910397529602
gcn,test,2024-11,country_de,country_380,-0.1939514088024868,-0.062436074018478394
gcn,test,2024-11,country_de,country_cn,0.007082256615896231,-0.09117648005485535
gcn,test,2024-11,country_de,country_fr,-0.21461333494357618,-0.10183769464492798
gcn,test,2024-11,country_de,country_gb,-0.49961951434851576,-0.08841459453105927
gcn,test,2024-11,country_de,country_in,-0.4077521100137016,-0.12112835049629211
gcn,test,2024-11,country_de,country_jp,0.33385272636668495,-0.09745356440544128
gcn,test,2024-11,country_de,country_kr,-0.2763976863926467,-0.09788277745246887
gcn,test,2024-11,country_de,country_mx,-0.15943427828943485,-0.12890547513961792
gcn,test,2024-11,country_de,country_my,-0.21242340421944972,-0.10603860020637512
gcn,test,2024-11,country_de,country_ph,-0.19356368947454367,-0.1116865873336792
gcn,test,2024-11,country_de,country_sg,-0.13226366068259796,-0.09434249997138977
gcn,test,2024-11,country_de,country_th,-0.13187336699953364,-0.10175392031669617
gcn,test,2024-11,country_de,country_us,0.09738069321162937,-0.047844380140304565
gcn,test,2024-11,country_fr,country_203,-0.37805695942252304,-0.09814441204071045
gcn,test,2024-11,country_fr,country_344,-0.11215564801259326,-0.0675874799489975
gcn,test,2024-11,country_fr,country_372,-0.6031042815886701,0.021402761340141296
gcn,test,2024-11,country_fr,country_380,-0.15419414620336006,-0.06831292808055878
gcn,test,2024-11,country_fr,country_cn,0.017760355260328094,-0.09295865893363953
gcn,test,2024-11,country_fr,country_de,0.7559819318524045,-0.10287299752235413
gcn,test,2024-11,country_fr,country_gb,0.021939944528819005,-0.09177051484584808
gcn,test,2024-11,country_fr,country_in,1.370320450242387,-0.10563993453979492
gcn,test,2024-11,country_fr,country_jp,0.10201995360744288,-0.10445597767829895
gcn,test,2024-11,country_fr,country_kr,0.004849945982270412,-0.10266268253326416
gcn,test,2024-11,country_fr,country_mx,-0.23750251478645784,-0.12959688901901245
gcn,test,2024-11,country_fr,country_my,-0.2521156030527282,-0.11429768800735474
gcn,test,2024-11,country_fr,country_ph,-0.3229185296822348,-0.11740756034851074
gcn,test,2024-11,country_fr,country_sg,-0.13359697014533176,-0.0940462201833725
gcn,test,2024-11,country_fr,country_th,0.4892384918516268,-0.11055725812911987
gcn,test,2024-11,country_fr,country_us,0.011997278731525673,-0.04725164175033569
gcn,test,2024-11,country_gb,country_203,-0.5563726992115672,-0.10284751653671265
gcn,test,2024-11,country_gb,country_344,-0.3644053116127234,-0.07031859457492828
gcn,test,2024-11,country_gb,country_372,-0.5376204191379036,0.01172877848148346
gcn,test,2024-11,country_gb,country_380,0.19497037524096278,-0.08218054473400116
gcn,test,2024-11,country_gb,country_cn,-0.1362506400570103,-0.09643076360225677
gcn,test,2024-11,country_gb,country_de,-0.40073425283112085,-0.10821926593780518
gcn,test,2024-11,country_gb,country_fr,0.38334765481806515,-0.11371856927871704
gcn,test,2024-11,country_gb,country_in,-0.24432465951325283,-0.10922256112098694
gcn,test,2024-11,country_gb,country_jp,-0.3572159363939961,-0.10438215732574463
gcn,test,2024-11,country_gb,country_kr,0.8704425311157173,-0.10159429907798767
gcn,test,2024-11,country_gb,country_mx,-0.6669456534843939,-0.1273062527179718
gcn,test,2024-11,country_gb,country_my,-0.05465168785786686,-0.11156880855560303
gcn,test,2024-11,country_gb,country_ph,-0.42598754894988083,-0.11333125829696655
gcn,test,2024-11,country_gb,country_sg,-0.2249027742496018,-0.10028076171875
gcn,test,2024-11,country_gb,country_th,0.03791757643022923,-0.10676813125610352
gcn,test,2024-11,country_gb,country_us,0.007414179601606356,-0.052559301257133484
gcn,test,2024-11,country_in,country_203,0.2447814451382694,-0.10173904895782471
gcn,test,2024-11,country_in,country_344,-0.22346727634180563,-0.07170078158378601
gcn,test,2024-11,country_in,country_372,-0.4328091702068806,0.008737891912460327
gcn,test,2024-11,country_in,country_380,3.7412995054459577,-0.08303703367710114
gcn,test,2024-11,country_in,country_cn,0.4291271605974157,-0.09203197062015533
gcn,test,2024-11,country_in,country_de,-0.21098368032257125,-0.10985824465751648
gcn,test,2024-11,country_in,country_fr,-0.4306588270126939,-0.1104009747505188
gcn,test,2024-11,country_in,country_gb,0.7976673639412822,-0.09390518069267273
gcn,test,2024-11,country_in,country_jp,-0.6870561966082376,-0.10604864358901978
gcn,test,2024-11,country_in,country_kr,-0.7286037772858243,-0.1019589900970459
gcn,test,2024-11,country_in,country_mx,-0.24481283056980457,-0.12623190879821777
gcn,test,2024-11,country_in,country_my,-0.03652538462832665,-0.11191603541374207
gcn,test,2024-11,country_in,country_ph,11.125675750989243,-0.11475411057472229
gcn,test,2024-11,country_in,country_sg,-0.36588244747546905,-0.09830513596534729
gcn,test,2024-11,country_in,country_th,-0.31117912249977187,-0.10582199692726135
gcn,test,2024-11,country_in,country_us,-0.5551543673782684,-0.04036270081996918
gcn,test,2024-11,country_jp,country_203,-0.10048577628351986,-0.09002012014389038
gcn,test,2024-11,country_jp,country_344,0.15312037310295173,-0.0571892112493515
gcn,test,2024-11,country_jp,country_372,-0.016531236027798157,0.021180838346481323
gcn,test,2024-11,country_jp,country_380,-0.5162212021185297,-0.07173576951026917
gcn,test,2024-11,country_jp,country_cn,0.29944914520210786,-0.0797705352306366
gcn,test,2024-11,country_jp,country_de,-0.2437134775305866,-0.09460535645484924
gcn,test,2024-11,country_jp,country_fr,-0.4673159852319979,-0.1001930832862854
gcn,test,2024-11,country_jp,country_gb,0.545904788282178,-0.08270248770713806
gcn,test,2024-11,country_jp,country_in,-0.14011505085625203,-0.10968950390815735
gcn,test,2024-11,country_jp,country_kr,0.2862881107922272,-0.09057195484638214
gcn,test,2024-11,country_jp,country_mx,-0.13477313505205407,-0.12408426403999329
gcn,test,2024-11,country_jp,country_my,-0.12662889070510916,-0.09751959145069122
gcn,test,2024-11,country_jp,country_ph,-0.044501732710510784,-0.10290327668190002
gcn,test,2024-11,country_jp,country_sg,0.6399317204616387,-0.08597171306610107
gcn,test,2024-11,country_jp,country_th,-0.0956144690443549,-0.09546981751918793
gcn,test,2024-11,country_jp,country_us,0.02016628140273421,-0.035052865743637085
gcn,test,2024-11,country_kr,country_203,0.1378425370689426,-0.08842766284942627
gcn,test,2024-11,country_kr,country_344,0.09790583469778796,-0.055507123470306396
gcn,test,2024-11,country_kr,country_372,-0.11112407508501715,0.022761866450309753
gcn,test,2024-11,country_kr,country_380,-0.2608433005706398,-0.07184527814388275
gcn,test,2024-11,country_kr,country_cn,0.1293770038236644,-0.07843878865242004
gcn,test,2024-11,country_kr,country_de,0.17061433887112767,-0.09466569125652313
gcn,test,2024-11,country_kr,country_fr,0.07334653043717829,-0.10708224773406982
gcn,test,2024-11,country_kr,country_gb,-0.3651629517419284,-0.08451935648918152
gcn,test,2024-11,country_kr,country_in,-0.30912704529135115,-0.10870462656021118
gcn,test,2024-11,country_kr,country_jp,0.4297666248185235,-0.0939207524061203
gcn,test,2024-11,country_kr,country_mx,1.4201003500558518,-0.12340614199638367
gcn,test,2024-11,country_kr,country_my,0.36068583138438126,-0.09549680352210999
gcn,test,2024-11,country_kr,country_ph,0.0027823801259624667,-0.10409045219421387
gcn,test,2024-11,country_kr,country_sg,0.21516243209073568,-0.08407275378704071
gcn,test,2024-11,country_kr,country_th,-0.4604794581077747,-0.0965820848941803
gcn,test,2024-11,country_kr,country_us,0.17397805715461198,-0.03293153643608093
gcn,test,2024-11,country_mx,country_203,-0.5296615280177865,-0.10046043992042542
gcn,test,2024-11,country_mx,country_344,0.29045920400550757,-0.06853786110877991
gcn,test,2024-11,country_mx,country_372,4.9962009128899405,0.013457298278808594
gcn,test,2024-11,country_mx,country_380,-0.4686133577165926,-0.0781075656414032
gcn,test,2024-11,country_mx,country_cn,-0.23827699590473764,-0.08940161764621735
gcn,test,2024-11,country_mx,country_de,-0.11280916382241782,-0.1044851541519165
gcn,test,2024-11,country_mx,country_fr,-0.08065045952419629,-0.11705166101455688
gcn,test,2024-11,country_mx,country_gb,0.08282786548286171,-0.09409044682979584
gcn,test,2024-11,country_mx,country_in,0.4185336506617471,-0.1166764497756958
gcn,test,2024-11,country_mx,country_jp,-0.09770254730823438,-0.10133674740791321
gcn,test,2024-11,country_mx,country_kr,0.5962917465184926,-0.10189387202262878
gcn,test,2024-11,country_mx,country_my,3.076846098379018,-0.11187145113945007
gcn,test,2024-11,country_mx,country_ph,0.33421342090370715,-0.11860591173171997
gcn,test,2024-11,country_mx,country_sg,0.4359090950713247,-0.09824371337890625
gcn,test,2024-11,country_mx,country_th,0.10558638219062297,-0.1074848473072052
gcn,test,2024-11,country_mx,country_us,-0.04553433236949844,-0.04453025758266449
gcn,test,2024-11,country_my,country_203,-0.12184016254002016,-0.08949670195579529
gcn,test,2024-11,country_my,country_344,0.5365192902031931,-0.05664011836051941
gcn,test,2024-11,country_my,country_372,-0.7791131140071681,0.020563334226608276
gcn,test,2024-11,country_my,country_380,-0.42180832771659393,-0.07200638949871063
gcn,test,2024-11,country_my,country_cn,0.29714635339303347,-0.07720187306404114
gcn,test,2024-11,country_my,country_de,-0.17268981724652044,-0.09377986192703247
gcn,test,2024-11,country_my,country_fr,-0.32085525212844707,-0.10506570339202881
gcn,test,2024-11,country_my,country_gb,-0.02730132348079106,-0.08279021084308624
gcn,test,2024-11,country_my,country_in,0.1349993573853774,-0.11106452345848083
gcn,test,2024-11,country_my,country_jp,-0.03318368774535392,-0.09472662210464478
gcn,test,2024-11,country_my,country_kr,-0.09156631669518076,-0.09079870581626892
gcn,test,2024-11,country_my,country_mx,-0.2242808747262224,-0.12645161151885986
gcn,test,2024-11,country_my,country_ph,0.06713429594929395,-0.10641443729400635
gcn,test,2024-11,country_my,country_sg,0.23767659169851332,-0.08520658314228058
gcn,test,2024-11,country_my,country_th,1.2857296588160518,-0.09483836591243744
gcn,test,2024-11,country_my,country_us,-0.036128983588667465,-0.02781476080417633
gcn,test,2024-11,country_ph,country_203,-0.049462565936466134,-0.09661239385604858
gcn,test,2024-11,country_ph,country_344,0.15745666324118562,-0.06224265694618225
gcn,test,2024-11,country_ph,country_372,0.016173026920606532,0.01734068989753723
gcn,test,2024-11,country_ph,country_380,-0.03299655231511444,-0.07764583826065063
gcn,test,2024-11,country_ph,country_cn,0.18049470223639413,-0.08568887412548065
gcn,test,2024-11,country_ph,country_de,-0.07929003971209023,-0.1000359058380127
gcn,test,2024-11,country_ph,country_fr,-0.15786845655054232,-0.11205938458442688
gcn,test,2024-11,country_ph,country_gb,-0.056858183482464464,-0.08749417960643768
gcn,test,2024-11,country_ph,country_in,1.0340419089946158,-0.10031577944755554
gcn,test,2024-11,country_ph,country_jp,-0.11164256902042362,-0.09333568811416626
gcn,test,2024-11,country_ph,country_kr,-0.06755846890340446,-0.09610515832901001
gcn,test,2024-11,country_ph,country_mx,-0.10232606293733928,-0.12912368774414062
gcn,test,2024-11,country_ph,country_my,-0.08388987442887348,-0.10866546630859375
gcn,test,2024-11,country_ph,country_sg,0.6873151603628097,-0.09178069233894348
gcn,test,2024-11,country_ph,country_th,-0.09198268455568619,-0.10123711824417114
gcn,test,2024-11,country_ph,country_us,-0.054902159946739165,-0.04289346933364868
gcn,test,2024-11,country_sg,country_203,-0.5400952689256353,-0.09154686331748962
gcn,test,2024-11,country_sg,country_344,0.10183292411802584,-0.0513492077589035
gcn,test,2024-11,country_sg,country_372,0.2481280360910451,0.024305075407028198
gcn,test,2024-11,country_sg,country_380,-0.33210208457105517,-0.068656325340271
gcn,test,2024-11,country_sg,country_cn,0.21705509846933932,-0.07837039232254028
gcn,test,2024-11,country_sg,country_de,-0.460501081930596,-0.09508173167705536
gcn,test,2024-11,country_sg,country_fr,-0.6205970767212479,-0.10266727209091187
gcn,test,2024-11,country_sg,country_gb,0.2571282096697348,-0.07797156274318695
gcn,test,2024-11,country_sg,country_in,0.4287907604755592,-0.10604721307754517
gcn,test,2024-11,country_sg,country_jp,0.12430434322730097,-0.09009188413619995
gcn,test,2024-11,country_sg,country_kr,0.11070867814182607,-0.0877804160118103
gcn,test,2024-11,country_sg,country_mx,0.23016721282853841,-0.12025701999664307
gcn,test,2024-11,country_sg,country_my,0.1322727717376011,-0.09488670527935028
gcn,test,2024-11,country_sg,country_ph,-0.011699049253740377,-0.10165688395500183
gcn,test,2024-11,country_sg,country_th,-0.08593415497672163,-0.09433671832084656
gcn,test,2024-11,country_sg,country_us,-0.3455448896017365,-0.028797268867492676
gcn,test,2024-11,country_th,country_203,-0.1342687044618376,-0.07697707414627075
gcn,test,2024-11,country_th,country_344,0.5924949662010951,-0.04419304430484772
gcn,test,2024-11,country_th,country_372,-0.09840433409353119,0.03174315392971039
gcn,test,2024-11,country_th,country_380,-0.4118372844785189,-0.05552823841571808
gcn,test,2024-11,country_th,country_cn,0.12746168735870358,-0.06689170002937317
gcn,test,2024-11,country_th,country_de,-0.19912315888667476,-0.08576217293739319
gcn,test,2024-11,country_th,country_fr,-0.22828561316959345,-0.08832348883152008
gcn,test,2024-11,country_th,country_gb,-0.26376561762504447,-0.07287657260894775
gcn,test,2024-11,country_th,country_in,-0.4947960430835689,-0.10262298583984375
gcn,test,2024-11,country_th,country_jp,-0.11938497221878189,-0.07820603251457214
gcn,test,2024-11,country_th,country_kr,0.03856794881115507,-0.07319790124893188
gcn,test,2024-11,country_th,country_mx,0.02829884018373365,-0.11219710111618042
gcn,test,2024-11,country_th,country_my,0.858726076634335,-0.08183889091014862
gcn,test,2024-11,country_th,country_ph,-0.21561382496064102,-0.09065979719161987
gcn,test,2024-11,country_th,country_sg,-0.13070318280205073,-0.06950514018535614
gcn,test,2024-11,country_th,country_us,-0.5682617641910136,-0.019067808985710144
gcn,test,2024-11,country_us,country_203,0.29227972145364506,-0.12215787172317505
gcn,test,2024-11,country_us,country_344,-0.013668757657449645,-0.09059630334377289
gcn,test,2024-11,country_us,country_372,1.232998064835321,-0.0063877105712890625
gcn,test,2024-11,country_us,country_380,-0.28694297611815955,-0.10187247395515442
gcn,test,2024-11,country_us,country_cn,0.22959170685391614,-0.11403709650039673
gcn,test,2024-11,country_us,country_de,0.2372221590309263,-0.12753459811210632
gcn,test,2024-11,country_us,country_fr,-0.11206374684904646,-0.12842455506324768
gcn,test,2024-11,country_us,country_gb,-0.052997702594468094,-0.11271274089813232
gcn,test,2024-11,country_us,country_in,0.1574805511993565,-0.1394815444946289
gcn,test,2024-11,country_us,country_jp,-0.05373202760165587,-0.11656874418258667
gcn,test,2024-11,country_us,country_kr,0.09205175579670477,-0.12221238017082214
gcn,test,2024-11,country_us,country_mx,0.09576656193915649,-0.14965581893920898
gcn,test,2024-11,country_us,country_my,0.5294865053813669,-0.12420317530632019
gcn,test,2024-11,country_us,country_ph,0.05986262004071089,-0.12640780210494995
gcn,test,2024-11,country_us,country_sg,0.8937845264842551,-0.11408081650733948
gcn,test,2024-11,country_us,country_th,-0.30326328551298604,-0.12788251042366028
gcn,test,2024-11,country_vn,country_203,0.307731092455682,-0.0025633424520492554
gcn,test,2024-11,country_vn,country_344,0.2518328372943567,0.032344475388526917
gcn,test,2024-11,country_vn,country_372,-0.3944703590600669,0.07533781230449677
gcn,test,2024-11,country_vn,country_380,-0.2975151465378629,0.015236139297485352
gcn,test,2024-11,country_vn,country_cn,0.7881846115517926,-0.007287412881851196
gcn,test,2024-11,country_vn,country_de,0.5720209872605194,-0.015989601612091064
gcn,test,2024-11,country_vn,country_fr,0.18190444712614684,-0.037793904542922974
gcn,test,2024-11,country_vn,country_gb,-0.21932127402043192,-0.007975578308105469
gcn,test,2024-11,country_vn,country_in,-0.29653470940974813,-0.00492684543132782
gcn,test,2024-11,country_vn,country_jp,-0.08100559659112921,-0.020874619483947754
gcn,test,2024-11,country_vn,country_kr,0.004554468676817158,-0.013587772846221924
gcn,test,2024-11,country_vn,country_mx,0.20195625081900412,-0.056883662939071655
gcn,test,2024-11,country_vn,country_my,0.9784005034645693,-0.030245989561080933
gcn,test,2024-11,country_vn,country_ph,-0.07550304383515148,-0.039044320583343506
gcn,test,2024-11,country_vn,country_sg,-0.010080847971012058,-0.01697617769241333
gcn,test,2024-11,country_vn,country_th,2.529994629066692,-0.006588593125343323
gcn,test,2024-11,country_vn,country_us,-0.5808079970741358,0.0373978391289711
