model,split,month,source,destination,target,score
train_median,train,2021-12,country_203,country_344,-0.31800059571372974,0.06201982908737788
train_median,train,2022-01,country_203,country_344,-0.8895483568205323,0.06201982908737788
train_median,train,2022-02,country_203,country_344,-0.7256983680917393,0.06201982908737788
train_median,train,2022-03,country_203,country_344,-0.5260449034970572,0.06201982908737788
train_median,train,2022-04,country_203,country_344,-0.7651136433504495,0.06201982908737788
train_median,train,2022-05,country_203,country_344,-0.6533208410465736,0.06201982908737788
train_median,train,2022-06,country_203,country_344,-0.8294593213374865,0.06201982908737788
train_median,train,2022-07,country_203,country_344,-0.3823131903102162,0.06201982908737788
train_median,train,2022-08,country_203,country_344,2.008422245447477,0.06201982908737788
train_median,train,2022-09,country_203,country_344,0.36898799925655257,0.06201982908737788
train_median,train,2022-10,country_203,country_344,-0.5304889113311474,0.06201982908737788
train_median,train,2022-11,country_203,country_344,0.5671520481699334,0.06201982908737788
train_median,train,2022-12,country_203,country_344,0.8007573198822757,0.06201982908737788
train_median,train,2021-12,country_203,country_372,0.2437970725541184,0.06201982908737788
train_median,train,2022-01,country_203,country_372,-0.44162027193397435,0.06201982908737788
train_median,train,2022-02,country_203,country_372,-0.38923632653048196,0.06201982908737788
train_median,train,2022-03,country_203,country_372,-0.8305953372882268,0.06201982908737788
train_median,train,2022-04,country_203,country_372,-0.4154376626534014,0.06201982908737788
train_median,train,2022-05,country_203,country_372,0.585069059093463,0.06201982908737788
train_median,train,2022-06,country_203,country_372,0.118449577398287,0.06201982908737788
train_median,train,2022-07,country_203,country_372,0.5207566453135996,0.06201982908737788
train_median,train,2022-08,country_203,country_372,-0.8330572869366014,0.06201982908737788
train_median,train,2022-09,country_203,country_372,-0.8191770845792621,0.06201982908737788
train_median,train,2022-10,country_203,country_372,-0.674277245485666,0.06201982908737788
train_median,train,2022-11,country_203,country_372,0.2752534033096308,0.06201982908737788
train_median,train,2022-12,country_203,country_372,1.6316922086470478,0.06201982908737788
train_median,train,2021-12,country_203,country_380,0.8493865367761986,0.06201982908737788
train_median,train,2022-01,country_203,country_380,0.5020925887242473,0.06201982908737788
train_median,train,2022-02,country_203,country_380,0.38424468349931845,0.06201982908737788
train_median,train,2022-03,country_203,country_380,-0.19236470015906826,0.06201982908737788
train_median,train,2022-04,country_203,country_380,-0.1331045421281793,0.06201982908737788
train_median,train,2022-05,country_203,country_380,0.4719973270421469,0.06201982908737788
train_median,train,2022-06,country_203,country_380,0.697989910790517,0.06201982908737788
train_median,train,2022-07,country_203,country_380,0.06063008091846846,0.06201982908737788
train_median,train,2022-08,country_203,country_380,0.8499897160055079,0.06201982908737788
train_median,train,2022-09,country_203,country_380,-0.3157545005971176,0.06201982908737788
train_median,train,2022-10,country_203,country_380,0.01835706648117428,0.06201982908737788
train_median,train,2022-11,country_203,country_380,0.23373857363412084,0.06201982908737788
train_median,train,2022-12,country_203,country_380,0.21986884633318146,0.06201982908737788
train_median,train,2021-12,country_203,country_cn,0.7647692720905055,0.06201982908737788
train_median,train,2022-01,country_203,country_cn,0.040809729776450324,0.06201982908737788
train_median,train,2022-02,country_203,country_cn,-0.24660435788003135,0.06201982908737788
train_median,train,2022-03,country_203,country_cn,-0.10776965828988888,0.06201982908737788
train_median,train,2022-04,country_203,country_cn,0.2226319990595634,0.06201982908737788
train_median,train,2022-05,country_203,country_cn,0.25216524373463833,0.06201982908737788
train_median,train,2022-06,country_203,country_cn,-0.3021963350288577,0.06201982908737788
train_median,train,2022-07,country_203,country_cn,0.05107940459675126,0.06201982908737788
train_median,train,2022-08,country_203,country_cn,0.10308284815554124,0.06201982908737788
train_median,train,2022-09,country_203,country_cn,-0.1659253830743359,0.06201982908737788
train_median,train,2022-10,country_203,country_cn,-0.21557526889979478,0.06201982908737788
train_median,train,2022-11,country_203,country_cn,-0.11760412477829901,0.06201982908737788
train_median,train,2022-12,country_203,country_cn,-0.30447137926602924,0.06201982908737788
train_median,train,2021-12,country_203,country_de,-0.12122360826623636,0.06201982908737788
train_median,train,2022-01,country_203,country_de,0.3133373158228714,0.06201982908737788
train_median,train,2022-02,country_203,country_de,0.24353458715189513,0.06201982908737788
train_median,train,2022-03,country_203,country_de,-0.21292726349672808,0.06201982908737788
train_median,train,2022-04,country_203,country_de,-0.26152694676568683,0.06201982908737788
train_median,train,2022-05,country_203,country_de,-0.09288218540716768,0.06201982908737788
train_median,train,2022-06,country_203,country_de,-0.26623605295027175,0.06201982908737788
train_median,train,2022-07,country_203,country_de,-0.18298545156805138,0.06201982908737788
train_median,train,2022-08,country_203,country_de,-0.06895459946396311,0.06201982908737788
train_median,train,2022-09,country_203,country_de,-0.05450080729123022,0.06201982908737788
train_median,train,2022-10,country_203,country_de,-0.1412124131747921,0.06201982908737788
train_median,train,2022-11,country_203,country_de,-0.4068212849047745,0.06201982908737788
train_median,train,2022-12,country_203,country_de,0.19740189128892818,0.06201982908737788
train_median,train,2021-12,country_203,country_fr,-0.9276024312247639,0.06201982908737788
train_median,train,2022-01,country_203,country_fr,-0.8732901527540848,0.06201982908737788
train_median,train,2022-02,country_203,country_fr,-0.794544097724609,0.06201982908737788
train_median,train,2022-03,country_203,country_fr,-0.8988340414124583,0.06201982908737788
train_median,train,2022-04,country_203,country_fr,-0.7896302883039481,0.06201982908737788
train_median,train,2022-05,country_203,country_fr,-0.8170934020935412,0.06201982908737788
train_median,train,2022-06,country_203,country_fr,-0.688796509956022,0.06201982908737788
train_median,train,2022-07,country_203,country_fr,-0.3638474791726147,0.06201982908737788
train_median,train,2022-08,country_203,country_fr,0.04536743588747354,0.06201982908737788
train_median,train,2022-09,country_203,country_fr,0.700982411477656,0.06201982908737788
train_median,train,2022-10,country_203,country_fr,3.4678975501029377,0.06201982908737788
train_median,train,2022-11,country_203,country_fr,1.75456948209413,0.06201982908737788
train_median,train,2022-12,country_203,country_fr,13.116651511342297,0.06201982908737788
train_median,train,2021-12,country_203,country_gb,-0.8741414762074884,0.06201982908737788
train_median,train,2022-01,country_203,country_gb,-0.9023264148738546,0.06201982908737788
train_median,train,2022-02,country_203,country_gb,-0.8993546852986507,0.06201982908737788
train_median,train,2022-03,country_203,country_gb,-0.8323671839683408,0.06201982908737788
train_median,train,2022-04,country_203,country_gb,-0.8490951232344254,0.06201982908737788
train_median,train,2022-05,country_203,country_gb,-0.7071579603374771,0.06201982908737788
train_median,train,2022-06,country_203,country_gb,-0.6140791058541594,0.06201982908737788
train_median,train,2022-07,country_203,country_gb,-0.39616965601670917,0.06201982908737788
train_median,train,2022-08,country_203,country_gb,0.19700057615303002,0.06201982908737788
train_median,train,2022-09,country_203,country_gb,-0.29154962490062314,0.06201982908737788
train_median,train,2022-10,country_203,country_gb,-0.40142390617750506,0.06201982908737788
train_median,train,2022-11,country_203,country_gb,-0.5039233042718508,0.06201982908737788
train_median,train,2022-12,country_203,country_gb,-0.049439813352340836,0.06201982908737788
train_median,train,2021-12,country_203,country_in,-0.7783881090001606,0.06201982908737788
train_median,train,2022-01,country_203,country_in,-0.9074696327554649,0.06201982908737788
train_median,train,2022-02,country_203,country_in,2.5126547828589914,0.06201982908737788
train_median,train,2022-03,country_203,country_in,7.847503996793552,0.06201982908737788
train_median,train,2022-04,country_203,country_in,1.1326826082608141,0.06201982908737788
train_median,train,2022-05,country_203,country_in,14.082842718298965,0.06201982908737788
train_median,train,2022-06,country_203,country_in,0.7456176680901231,0.06201982908737788
train_median,train,2022-07,country_203,country_in,-0.30001577858350736,0.06201982908737788
train_median,train,2022-08,country_203,country_in,1.202370785732858,0.06201982908737788
train_median,train,2022-09,country_203,country_in,-0.5662457954229208,0.06201982908737788
train_median,train,2022-10,country_203,country_in,0.5712977026898504,0.06201982908737788
train_median,train,2022-11,country_203,country_in,-0.3583079829066383,0.06201982908737788
train_median,train,2022-12,country_203,country_in,-0.32080333784034376,0.06201982908737788
train_median,train,2021-12,country_203,country_jp,0.36372845113296326,0.06201982908737788
train_median,train,2022-01,country_203,country_jp,0.20453642453815266,0.06201982908737788
train_median,train,2022-02,country_203,country_jp,0.09695583594149293,0.06201982908737788
train_median,train,2022-03,country_203,country_jp,-0.12134682797351432,0.06201982908737788
train_median,train,2022-04,country_203,country_jp,0.3688554419665206,0.06201982908737788
train_median,train,2022-05,country_203,country_jp,0.458912472010835,0.06201982908737788
train_median,train,2022-06,country_203,country_jp,0.5794526211244204,0.06201982908737788
train_median,train,2022-07,country_203,country_jp,0.24431574765443692,0.06201982908737788
train_median,train,2022-08,country_203,country_jp,-0.2277859472032973,0.06201982908737788
train_median,train,2022-09,country_203,country_jp,0.702325850275384,0.06201982908737788
train_median,train,2022-10,country_203,country_jp,-0.012934843490203922,0.06201982908737788
train_median,train,2022-11,country_203,country_jp,-0.04833085324125511,0.06201982908737788
train_median,train,2022-12,country_203,country_jp,-0.06691015080943569,0.06201982908737788
train_median,train,2021-12,country_203,country_kr,-0.6140035068204687,0.06201982908737788
train_median,train,2022-01,country_203,country_kr,-0.39294484470818297,0.06201982908737788
train_median,train,2022-02,country_203,country_kr,0.665219543236937,0.06201982908737788
train_median,train,2022-03,country_203,country_kr,1.955516274246388,0.06201982908737788
train_median,train,2022-04,country_203,country_kr,-0.31534560788091387,0.06201982908737788
train_median,train,2022-05,country_203,country_kr,0.5318140281379157,0.06201982908737788
train_median,train,2022-06,country_203,country_kr,1.1383517100301046,0.06201982908737788
train_median,train,2022-07,country_203,country_kr,1.945500763054258,0.06201982908737788
train_median,train,2022-08,country_203,country_kr,0.054471331591745234,0.06201982908737788
train_median,train,2022-09,country_203,country_kr,-0.2328921857877434,0.06201982908737788
train_median,train,2022-10,country_203,country_kr,0.674854589901374,0.06201982908737788
train_median,train,2022-11,country_203,country_kr,0.5054796854149514,0.06201982908737788
train_median,train,2022-12,country_203,country_kr,0.34915976345212424,0.06201982908737788
train_median,train,2021-12,country_203,country_mx,2.9978295756964224,0.06201982908737788
train_median,train,2022-01,country_203,country_mx,-0.19998284588008458,0.06201982908737788
train_median,train,2022-02,country_203,country_mx,-0.10134702800235955,0.06201982908737788
train_median,train,2022-03,country_203,country_mx,-0.6357064630312816,0.06201982908737788
train_median,train,2022-04,country_203,country_mx,-0.3602061221828209,0.06201982908737788
train_median,train,2022-05,country_203,country_mx,-0.25330236428788794,0.06201982908737788
train_median,train,2022-06,country_203,country_mx,-0.32590551080478963,0.06201982908737788
train_median,train,2022-07,country_203,country_mx,0.11734550397225282,0.06201982908737788
train_median,train,2022-08,country_203,country_mx,-0.6981048799731278,0.06201982908737788
train_median,train,2022-09,country_203,country_mx,15.187833576897416,0.06201982908737788
train_median,train,2022-10,country_203,country_mx,0.6311714416545968,0.06201982908737788
train_median,train,2022-11,country_203,country_mx,-0.5422602590701405,0.06201982908737788
train_median,train,2022-12,country_203,country_mx,0.6443463191130736,0.06201982908737788
train_median,train,2021-12,country_203,country_my,-0.3898297121610708,0.06201982908737788
train_median,train,2022-01,country_203,country_my,-0.24443958765764756,0.06201982908737788
train_median,train,2022-02,country_203,country_my,0.2521655242261188,0.06201982908737788
train_median,train,2022-03,country_203,country_my,-0.08889326594928948,0.06201982908737788
train_median,train,2022-04,country_203,country_my,-0.418855042857767,0.06201982908737788
train_median,train,2022-05,country_203,country_my,-0.29381294616276615,0.06201982908737788
train_median,train,2022-06,country_203,country_my,-0.16691483824735612,0.06201982908737788
train_median,train,2022-07,country_203,country_my,-0.3229586608309874,0.06201982908737788
train_median,train,2022-08,country_203,country_my,-0.498046087433865,0.06201982908737788
train_median,train,2022-09,country_203,country_my,-0.26039744953540434,0.06201982908737788
train_median,train,2022-10,country_203,country_my,0.09655159509913704,0.06201982908737788
train_median,train,2022-11,country_203,country_my,-0.3697041654134245,0.06201982908737788
train_median,train,2022-12,country_203,country_my,-0.16750011012101643,0.06201982908737788
train_median,train,2021-12,country_203,country_ph,-0.31263592082784,0.06201982908737788
train_median,train,2022-01,country_203,country_ph,-0.19189083093462658,0.06201982908737788
train_median,train,2022-02,country_203,country_ph,-0.34284285152112887,0.06201982908737788
train_median,train,2022-03,country_203,country_ph,-0.42299687090107535,0.06201982908737788
train_median,train,2022-04,country_203,country_ph,-0.15161438213340134,0.06201982908737788
train_median,train,2022-05,country_203,country_ph,-0.38931316691561485,0.06201982908737788
train_median,train,2022-06,country_203,country_ph,-0.4644218551461245,0.06201982908737788
train_median,train,2022-07,country_203,country_ph,-0.2344475520123114,0.06201982908737788
train_median,train,2022-08,country_203,country_ph,-0.31406841511515565,0.06201982908737788
train_median,train,2022-09,country_203,country_ph,-0.220616356288198,0.06201982908737788
train_median,train,2022-10,country_203,country_ph,0.3893015116310665,0.06201982908737788
train_median,train,2022-11,country_203,country_ph,0.06667028960161783,0.06201982908737788
train_median,train,2022-12,country_203,country_ph,0.14478215157974772,0.06201982908737788
train_median,train,2021-12,country_203,country_sg,-0.21296142056257744,0.06201982908737788
train_median,train,2022-01,country_203,country_sg,0.11344299565483139,0.06201982908737788
train_median,train,2022-02,country_203,country_sg,0.08925810379448085,0.06201982908737788
train_median,train,2022-03,country_203,country_sg,0.23372145788803542,0.06201982908737788
train_median,train,2022-04,country_203,country_sg,0.10324698843533299,0.06201982908737788
train_median,train,2022-05,country_203,country_sg,0.12806895130422252,0.06201982908737788
train_median,train,2022-06,country_203,country_sg,-0.3161843269593384,0.06201982908737788
train_median,train,2022-07,country_203,country_sg,0.1025646979230114,0.06201982908737788
train_median,train,2022-08,country_203,country_sg,-0.2753887332207405,0.06201982908737788
train_median,train,2022-09,country_203,country_sg,-0.2370870255978811,0.06201982908737788
train_median,train,2022-10,country_203,country_sg,-0.08884215462678687,0.06201982908737788
train_median,train,2022-11,country_203,country_sg,-0.1029952192721832,0.06201982908737788
train_median,train,2022-12,country_203,country_sg,0.14904509011218192,0.06201982908737788
train_median,train,2021-12,country_203,country_th,-0.20211872785315915,0.06201982908737788
train_median,train,2022-01,country_203,country_th,-0.39351863224210637,0.06201982908737788
train_median,train,2022-02,country_203,country_th,0.3914751201458517,0.06201982908737788
train_median,train,2022-03,country_203,country_th,-0.15592770137752288,0.06201982908737788
train_median,train,2022-04,country_203,country_th,0.6773101109650629,0.06201982908737788
train_median,train,2022-05,country_203,country_th,0.04442782389761282,0.06201982908737788
train_median,train,2022-06,country_203,country_th,-0.10292861757851264,0.06201982908737788
train_median,train,2022-07,country_203,country_th,-0.35140555860020284,0.06201982908737788
train_median,train,2022-08,country_203,country_th,0.748553464302528,0.06201982908737788
train_median,train,2022-09,country_203,country_th,0.21896877726469,0.06201982908737788
train_median,train,2022-10,country_203,country_th,0.2568547125318854,0.06201982908737788
train_median,train,2022-11,country_203,country_th,0.017566056475143935,0.06201982908737788
train_median,train,2022-12,country_203,country_th,-0.1949548896995073,0.06201982908737788
train_median,train,2021-12,country_203,country_us,0.24117014407340617,0.06201982908737788
train_median,train,2022-01,country_203,country_us,-0.24066443156165446,0.06201982908737788
train_median,train,2022-02,country_203,country_us,-0.06749354769392155,0.06201982908737788
train_median,train,2022-03,country_203,country_us,0.3320526448197162,0.06201982908737788
train_median,train,2022-04,country_203,country_us,-0.3960931143349931,0.06201982908737788
train_median,train,2022-05,country_203,country_us,0.041500744524852626,0.06201982908737788
train_median,train,2022-06,country_203,country_us,-0.047329640959856444,0.06201982908737788
train_median,train,2022-07,country_203,country_us,-0.2336165045755946,0.06201982908737788
train_median,train,2022-08,country_203,country_us,0.24153047540333641,0.06201982908737788
train_median,train,2022-09,country_203,country_us,0.2457681665048742,0.06201982908737788
train_median,train,2022-10,country_203,country_us,-0.07256954127361362,0.06201982908737788
train_median,train,2022-11,country_203,country_us,-0.04011518581016669,0.06201982908737788
train_median,train,2022-12,country_203,country_us,2.2500939687729344,0.06201982908737788
train_median,train,2021-12,country_203,country_vn,0.539930067862157,0.06201982908737788
train_median,train,2022-01,country_203,country_vn,0.7910880115147508,0.06201982908737788
train_median,train,2022-02,country_203,country_vn,0.6889776883209381,0.06201982908737788
train_median,train,2022-03,country_203,country_vn,-0.09096286650109804,0.06201982908737788
train_median,train,2022-04,country_203,country_vn,0.40079102534768224,0.06201982908737788
train_median,train,2022-05,country_203,country_vn,0.09699161005875384,0.06201982908737788
train_median,train,2022-06,country_203,country_vn,-0.36424246199380855,0.06201982908737788
train_median,train,2022-07,country_203,country_vn,0.4574992388665021,0.06201982908737788
train_median,train,2022-08,country_203,country_vn,-0.430223529039059,0.06201982908737788
train_median,train,2022-09,country_203,country_vn,-0.518569725948825,0.06201982908737788
train_median,train,2022-10,country_203,country_vn,-0.1331935522182625,0.06201982908737788
train_median,train,2022-11,country_203,country_vn,-0.3906743595869586,0.06201982908737788
train_median,train,2022-12,country_203,country_vn,-0.009706645732470086,0.06201982908737788
train_median,train,2021-12,country_344,country_203,0.4672451897411968,0.06201982908737788
train_median,train,2022-01,country_344,country_203,0.11183898087702183,0.06201982908737788
train_median,train,2022-02,country_344,country_203,0.11408569163254634,0.06201982908737788
train_median,train,2022-03,country_344,country_203,0.07266903089724869,0.06201982908737788
train_median,train,2022-04,country_344,country_203,-0.5635633602295108,0.06201982908737788
train_median,train,2022-05,country_344,country_203,-0.16688222886679183,0.06201982908737788
train_median,train,2022-06,country_344,country_203,-0.4401047678650071,0.06201982908737788
train_median,train,2022-07,country_344,country_203,-0.02276893122870454,0.06201982908737788
train_median,train,2022-08,country_344,country_203,0.31532902208933083,0.06201982908737788
train_median,train,2022-09,country_344,country_203,-0.625440377554682,0.06201982908737788
train_median,train,2022-10,country_344,country_203,0.08524078680053139,0.06201982908737788
train_median,train,2022-11,country_344,country_203,-0.4810260919946487,0.06201982908737788
train_median,train,2022-12,country_344,country_203,0.08605830034059939,0.06201982908737788
train_median,train,2021-12,country_344,country_372,5.383890510811044,0.06201982908737788
train_median,train,2022-01,country_344,country_372,1.8833328032913985,0.06201982908737788
train_median,train,2022-02,country_344,country_372,2.415167463266306,0.06201982908737788
train_median,train,2022-03,country_344,country_372,1.4578815258712585,0.06201982908737788
train_median,train,2022-04,country_344,country_372,0.4002103695941086,0.06201982908737788
train_median,train,2022-05,country_344,country_372,2.285782113607853,0.06201982908737788
train_median,train,2022-06,country_344,country_372,0.3548181177726481,0.06201982908737788
train_median,train,2022-07,country_344,country_372,1.1365907122080305,0.06201982908737788
train_median,train,2022-08,country_344,country_372,-0.17884457117895333,0.06201982908737788
train_median,train,2022-09,country_344,country_372,1.256158495484825,0.06201982908737788
train_median,train,2022-10,country_344,country_372,-0.45256780247591516,0.06201982908737788
train_median,train,2022-11,country_344,country_372,-0.7135613850378704,0.06201982908737788
train_median,train,2022-12,country_344,country_372,-0.4168921506444543,0.06201982908737788
train_median,train,2021-12,country_344,country_380,0.34268368534274246,0.06201982908737788
train_median,train,2022-01,country_344,country_380,-0.4834836716914787,0.06201982908737788
train_median,train,2022-02,country_344,country_380,-0.7370468225611804,0.06201982908737788
train_median,train,2022-03,country_344,country_380,-0.9652251472103104,0.06201982908737788
train_median,train,2022-04,country_344,country_380,-0.961848975897154,0.06201982908737788
train_median,train,2022-05,country_344,country_380,1.75871441757631,0.06201982908737788
train_median,train,2022-06,country_344,country_380,0.9238643741525159,0.06201982908737788
train_median,train,2022-07,country_344,country_380,-0.14000380816397565,0.06201982908737788
train_median,train,2022-08,country_344,country_380,0.22573561174814027,0.06201982908737788
train_median,train,2022-09,country_344,country_380,0.6834830799278937,0.06201982908737788
train_median,train,2022-10,country_344,country_380,-0.08973518491060206,0.06201982908737788
train_median,train,2022-11,country_344,country_380,-0.20792263429127728,0.06201982908737788
train_median,train,2022-12,country_344,country_380,0.1287353940215869,0.06201982908737788
train_median,train,2021-12,country_344,country_cn,-0.3341045422833995,0.06201982908737788
train_median,train,2022-01,country_344,country_cn,-0.5321963796623242,0.06201982908737788
train_median,train,2022-02,country_344,country_cn,-0.4479610847282541,0.06201982908737788
train_median,train,2022-03,country_344,country_cn,-0.1525124260981846,0.06201982908737788
train_median,train,2022-04,country_344,country_cn,-0.33757662976260755,0.06201982908737788
train_median,train,2022-05,country_344,country_cn,-0.3607581850408087,0.06201982908737788
train_median,train,2022-06,country_344,country_cn,-0.24872352397801273,0.06201982908737788
train_median,train,2022-07,country_344,country_cn,5.083466026594189,0.06201982908737788
train_median,train,2022-08,country_344,country_cn,2.133286595864587,0.06201982908737788
train_median,train,2022-09,country_344,country_cn,4.626400012177837,0.06201982908737788
train_median,train,2022-10,country_344,country_cn,4.295939863597765,0.06201982908737788
train_median,train,2022-11,country_344,country_cn,12.185556336522115,0.06201982908737788
train_median,train,2022-12,country_344,country_cn,-0.5488830695346922,0.06201982908737788
train_median,train,2021-12,country_344,country_de,0.8366689117950002,0.06201982908737788
train_median,train,2022-01,country_344,country_de,0.5640524965561396,0.06201982908737788
train_median,train,2022-02,country_344,country_de,0.5069226491861366,0.06201982908737788
train_median,train,2022-03,country_344,country_de,1.8228162885718997,0.06201982908737788
train_median,train,2022-04,country_344,country_de,1.5738489246681688,0.06201982908737788
train_median,train,2022-05,country_344,country_de,2.5321607460499775,0.06201982908737788
train_median,train,2022-06,country_344,country_de,1.1171658377959897,0.06201982908737788
train_median,train,2022-07,country_344,country_de,-0.18560377228898534,0.06201982908737788
train_median,train,2022-08,country_344,country_de,-0.08495864364786083,0.06201982908737788
train_median,train,2022-09,country_344,country_de,-0.020682530948163386,0.06201982908737788
train_median,train,2022-10,country_344,country_de,-0.22219968927953404,0.06201982908737788
train_median,train,2022-11,country_344,country_de,-0.39785799375820885,0.06201982908737788
train_median,train,2022-12,country_344,country_de,-0.5459409215642299,0.06201982908737788
train_median,train,2021-12,country_344,country_fr,0.2760554511541877,0.06201982908737788
train_median,train,2022-01,country_344,country_fr,-0.1752579422997146,0.06201982908737788
train_median,train,2022-02,country_344,country_fr,0.20901619523740397,0.06201982908737788
train_median,train,2022-03,country_344,country_fr,0.350324915921376,0.06201982908737788
train_median,train,2022-04,country_344,country_fr,0.5037891901596884,0.06201982908737788
train_median,train,2022-05,country_344,country_fr,2.085920021157094,0.06201982908737788
train_median,train,2022-06,country_344,country_fr,0.9334942520987222,0.06201982908737788
train_median,train,2022-07,country_344,country_fr,-0.48369040256669066,0.06201982908737788
train_median,train,2022-08,country_344,country_fr,-0.018294705655086847,0.06201982908737788
train_median,train,2022-09,country_344,country_fr,-0.2614691847888155,0.06201982908737788
train_median,train,2022-10,country_344,country_fr,-0.02924435657553844,0.06201982908737788
train_median,train,2022-11,country_344,country_fr,-0.10086375306647577,0.06201982908737788
train_median,train,2022-12,country_344,country_fr,-0.10384484953113521,0.06201982908737788
train_median,train,2021-12,country_344,country_gb,1.4336684458273554,0.06201982908737788
train_median,train,2022-01,country_344,country_gb,1.3302859435094678,0.06201982908737788
train_median,train,2022-02,country_344,country_gb,1.0234465049725092,0.06201982908737788
train_median,train,2022-03,country_344,country_gb,2.962923477726765,0.06201982908737788
train_median,train,2022-04,country_344,country_gb,0.670862553297698,0.06201982908737788
train_median,train,2022-05,country_344,country_gb,0.6726785930982494,0.06201982908737788
train_median,train,2022-06,country_344,country_gb,0.23689432639908997,0.06201982908737788
train_median,train,2022-07,country_344,country_gb,-0.0656200088715922,0.06201982908737788
train_median,train,2022-08,country_344,country_gb,-0.30207340447477216,0.06201982908737788
train_median,train,2022-09,country_344,country_gb,-0.43675838396773053,0.06201982908737788
train_median,train,2022-10,country_344,country_gb,-0.5148986466690882,0.06201982908737788
train_median,train,2022-11,country_344,country_gb,-0.5636885870427552,0.06201982908737788
train_median,train,2022-12,country_344,country_gb,-0.7029264847458636,0.06201982908737788
train_median,train,2021-12,country_344,country_in,0.39707093019601586,0.06201982908737788
train_median,train,2022-01,country_344,country_in,0.18751079538394658,0.06201982908737788
train_median,train,2022-02,country_344,country_in,0.42367628595173645,0.06201982908737788
train_median,train,2022-03,country_344,country_in,0.1643556320570462,0.06201982908737788
train_median,train,2022-04,country_344,country_in,-0.19965367659376537,0.06201982908737788
train_median,train,2022-05,country_344,country_in,-0.29913790932866763,0.06201982908737788
train_median,train,2022-06,country_344,country_in,-0.20305958986876424,0.06201982908737788
train_median,train,2022-07,country_344,country_in,0.07603417797974467,0.06201982908737788
train_median,train,2022-08,country_344,country_in,0.11125840350481495,0.06201982908737788
train_median,train,2022-09,country_344,country_in,-0.24946125264383315,0.06201982908737788
train_median,train,2022-10,country_344,country_in,-0.21679748533167628,0.06201982908737788
train_median,train,2022-11,country_344,country_in,-0.47415641656940904,0.06201982908737788
train_median,train,2022-12,country_344,country_in,-0.9719583031438201,0.06201982908737788
train_median,train,2021-12,country_344,country_jp,5.467924056163369,0.06201982908737788
train_median,train,2022-01,country_344,country_jp,0.33124281610911355,0.06201982908737788
train_median,train,2022-02,country_344,country_jp,1.7478842904767984,0.06201982908737788
train_median,train,2022-03,country_344,country_jp,0.40661219422980593,0.06201982908737788
train_median,train,2022-04,country_344,country_jp,0.8958356857468052,0.06201982908737788
train_median,train,2022-05,country_344,country_jp,3.116927003180682,0.06201982908737788
train_median,train,2022-06,country_344,country_jp,0.7854557975738709,0.06201982908737788
train_median,train,2022-07,country_344,country_jp,0.4842381199482159,0.06201982908737788
train_median,train,2022-08,country_344,country_jp,-0.2329929182619096,0.06201982908737788
train_median,train,2022-09,country_344,country_jp,-0.4282469392605722,0.06201982908737788
train_median,train,2022-10,country_344,country_jp,-0.7318281363430302,0.06201982908737788
train_median,train,2022-11,country_344,country_jp,-0.40528663293136663,0.06201982908737788
train_median,train,2022-12,country_344,country_jp,-0.8253588531653182,0.06201982908737788
train_median,train,2021-12,country_344,country_kr,0.76703190238061,0.06201982908737788
train_median,train,2022-01,country_344,country_kr,-0.0019767021803490095,0.06201982908737788
train_median,train,2022-02,country_344,country_kr,0.08187595048237803,0.06201982908737788
train_median,train,2022-03,country_344,country_kr,0.03199788521199103,0.06201982908737788
train_median,train,2022-04,country_344,country_kr,0.12228966801068779,0.06201982908737788
train_median,train,2022-05,country_344,country_kr,0.367411570489908,0.06201982908737788
train_median,train,2022-06,country_344,country_kr,0.5412170539994564,0.06201982908737788
train_median,train,2022-07,country_344,country_kr,0.3937179753741475,0.06201982908737788
train_median,train,2022-08,country_344,country_kr,-0.6528559460840858,0.06201982908737788
train_median,train,2022-09,country_344,country_kr,0.668660005746567,0.06201982908737788
train_median,train,2022-10,country_344,country_kr,-0.231206411003236,0.06201982908737788
train_median,train,2022-11,country_344,country_kr,0.23140913391838844,0.06201982908737788
train_median,train,2022-12,country_344,country_kr,-0.4088662970647875,0.06201982908737788
train_median,train,2021-12,country_344,country_mx,0.2510008598238257,0.06201982908737788
train_median,train,2022-01,country_344,country_mx,0.30325425930609523,0.06201982908737788
train_median,train,2022-02,country_344,country_mx,1.3814450606109423,0.06201982908737788
train_median,train,2022-03,country_344,country_mx,0.5145491312869267,0.06201982908737788
train_median,train,2022-04,country_344,country_mx,0.8389325050357397,0.06201982908737788
train_median,train,2022-05,country_344,country_mx,0.03125451977314201,0.06201982908737788
train_median,train,2022-06,country_344,country_mx,0.43685493651346974,0.06201982908737788
train_median,train,2022-07,country_344,country_mx,-0.2658730155254322,0.06201982908737788
train_median,train,2022-08,country_344,country_mx,-0.2519141498755287,0.06201982908737788
train_median,train,2022-09,country_344,country_mx,0.6099744172718408,0.06201982908737788
train_median,train,2022-10,country_344,country_mx,-0.3057999705026392,0.06201982908737788
train_median,train,2022-11,country_344,country_mx,-0.1532862379427587,0.06201982908737788
train_median,train,2022-12,country_344,country_mx,-0.2574148457419955,0.06201982908737788
train_median,train,2021-12,country_344,country_my,0.2569176164405594,0.06201982908737788
train_median,train,2022-01,country_344,country_my,-0.07496353173799197,0.06201982908737788
train_median,train,2022-02,country_344,country_my,0.37694275676216055,0.06201982908737788
train_median,train,2022-03,country_344,country_my,0.5046048698360298,0.06201982908737788
train_median,train,2022-04,country_344,country_my,0.31207633405179663,0.06201982908737788
train_median,train,2022-05,country_344,country_my,-0.23008017971531466,0.06201982908737788
train_median,train,2022-06,country_344,country_my,-0.3993590744779599,0.06201982908737788
train_median,train,2022-07,country_344,country_my,-0.4017545225317284,0.06201982908737788
train_median,train,2022-08,country_344,country_my,-0.4954640862286525,0.06201982908737788
train_median,train,2022-09,country_344,country_my,-0.5206880360882753,0.06201982908737788
train_median,train,2022-10,country_344,country_my,-0.41874478058337505,0.06201982908737788
train_median,train,2022-11,country_344,country_my,-0.2792934566616751,0.06201982908737788
train_median,train,2022-12,country_344,country_my,-0.22791434398466576,0.06201982908737788
train_median,train,2021-12,country_344,country_ph,0.43181137026359295,0.06201982908737788
train_median,train,2022-01,country_344,country_ph,-0.04989793379511704,0.06201982908737788
train_median,train,2022-02,country_344,country_ph,0.4377450546248117,0.06201982908737788
train_median,train,2022-03,country_344,country_ph,0.24689821919807098,0.06201982908737788
train_median,train,2022-04,country_344,country_ph,0.4033841867283653,0.06201982908737788
train_median,train,2022-05,country_344,country_ph,-0.10199306072548513,0.06201982908737788
train_median,train,2022-06,country_344,country_ph,0.2972853796734984,0.06201982908737788
train_median,train,2022-07,country_344,country_ph,0.20488815206252783,0.06201982908737788
train_median,train,2022-08,country_344,country_ph,0.3670292269788304,0.06201982908737788
train_median,train,2022-09,country_344,country_ph,-0.15650292755582002,0.06201982908737788
train_median,train,2022-10,country_344,country_ph,-0.146824642994415,0.06201982908737788
train_median,train,2022-11,country_344,country_ph,0.0977258368606844,0.06201982908737788
train_median,train,2022-12,country_344,country_ph,0.1980476258414652,0.06201982908737788
train_median,train,2021-12,country_344,country_sg,0.3191434536624023,0.06201982908737788
train_median,train,2022-01,country_344,country_sg,-0.33546402720283947,0.06201982908737788
train_median,train,2022-02,country_344,country_sg,0.2684359823059718,0.06201982908737788
train_median,train,2022-03,country_344,country_sg,-0.07408731964483975,0.06201982908737788
train_median,train,2022-04,country_344,country_sg,0.17162086161298618,0.06201982908737788
train_median,train,2022-05,country_344,country_sg,0.023451422594749468,0.06201982908737788
train_median,train,2022-06,country_344,country_sg,0.15442717601890327,0.06201982908737788
train_median,train,2022-07,country_344,country_sg,-0.4031434079255901,0.06201982908737788
train_median,train,2022-08,country_344,country_sg,-0.2682401301498988,0.06201982908737788
train_median,train,2022-09,country_344,country_sg,-0.5107133415479461,0.06201982908737788
train_median,train,2022-10,country_344,country_sg,-0.46861421358913496,0.06201982908737788
train_median,train,2022-11,country_344,country_sg,-0.7311647560401545,0.06201982908737788
train_median,train,2022-12,country_344,country_sg,-0.8451644840524185,0.06201982908737788
train_median,train,2021-12,country_344,country_th,0.8514583454019259,0.06201982908737788
train_median,train,2022-01,country_344,country_th,0.5164604212446251,0.06201982908737788
train_median,train,2022-02,country_344,country_th,0.45298323130034435,0.06201982908737788
train_median,train,2022-03,country_344,country_th,0.457871149495326,0.06201982908737788
train_median,train,2022-04,country_344,country_th,0.5355263616234217,0.06201982908737788
train_median,train,2022-05,country_344,country_th,0.40930199938764356,0.06201982908737788
train_median,train,2022-06,country_344,country_th,0.22139821903367826,0.06201982908737788
train_median,train,2022-07,country_344,country_th,1.023775792937992,0.06201982908737788
train_median,train,2022-08,country_344,country_th,0.23645689903623276,0.06201982908737788
train_median,train,2022-09,country_344,country_th,0.18457048408288146,0.06201982908737788
train_median,train,2022-10,country_344,country_th,-0.2672588195437574,0.06201982908737788
train_median,train,2022-11,country_344,country_th,-0.3906194222417361,0.06201982908737788
train_median,train,2022-12,country_344,country_th,-0.13560786843668682,0.06201982908737788
train_median,train,2021-12,country_344,country_us,1.1781178012032474,0.06201982908737788
train_median,train,2022-01,country_344,country_us,0.11934125013557842,0.06201982908737788
train_median,train,2022-02,country_344,country_us,0.45229904799437104,0.06201982908737788
train_median,train,2022-03,country_344,country_us,0.8240180238406069,0.06201982908737788
train_median,train,2022-04,country_344,country_us,0.8763896827195978,0.06201982908737788
train_median,train,2022-05,country_344,country_us,0.6140271280953418,0.06201982908737788
train_median,train,2022-06,country_344,country_us,0.36747829396798176,0.06201982908737788
train_median,train,2022-07,country_344,country_us,0.1842068291994833,0.06201982908737788
train_median,train,2022-08,country_344,country_us,0.194944162393308,0.06201982908737788
train_median,train,2022-09,country_344,country_us,-0.29098454256303224,0.06201982908737788
train_median,train,2022-10,country_344,country_us,-0.009436569437924027,0.06201982908737788
train_median,train,2022-11,country_344,country_us,-0.6516171851467685,0.06201982908737788
train_median,train,2022-12,country_344,country_us,0.07824201922233123,0.06201982908737788
train_median,train,2021-12,country_344,country_vn,1.2612240905964307,0.06201982908737788
train_median,train,2022-01,country_344,country_vn,0.5543218294838587,0.06201982908737788
train_median,train,2022-02,country_344,country_vn,0.7328316049482426,0.06201982908737788
train_median,train,2022-03,country_344,country_vn,-0.067579022327452,0.06201982908737788
train_median,train,2022-04,country_344,country_vn,-0.6518601400490598,0.06201982908737788
train_median,train,2022-05,country_344,country_vn,0.20654712421600394,0.06201982908737788
train_median,train,2022-06,country_344,country_vn,-0.5488681974778195,0.06201982908737788
train_median,train,2022-07,country_344,country_vn,-0.44954103193521777,0.06201982908737788
train_median,train,2022-08,country_344,country_vn,-0.18238736587303425,0.06201982908737788
train_median,train,2022-09,country_344,country_vn,-0.7624364148375985,0.06201982908737788
train_median,train,2022-10,country_344,country_vn,0.2679343852694773,0.06201982908737788
train_median,train,2022-11,country_344,country_vn,-0.30134591538425903,0.06201982908737788
train_median,train,2022-12,country_344,country_vn,0.6701559127624745,0.06201982908737788
train_median,train,2021-12,country_372,country_203,0.6703916158538366,0.06201982908737788
train_median,train,2022-01,country_372,country_203,-0.18373927168100723,0.06201982908737788
train_median,train,2022-02,country_372,country_203,0.6754392465843827,0.06201982908737788
train_median,train,2022-03,country_372,country_203,0.20814073394922789,0.06201982908737788
train_median,train,2022-04,country_372,country_203,0.38283423407605566,0.06201982908737788
train_median,train,2022-05,country_372,country_203,-0.27740262422618606,0.06201982908737788
train_median,train,2022-06,country_372,country_203,-0.01563435533683898,0.06201982908737788
train_median,train,2022-07,country_372,country_203,-0.38590144154319717,0.06201982908737788
train_median,train,2022-08,country_372,country_203,-0.14680489085146586,0.06201982908737788
train_median,train,2022-09,country_372,country_203,-0.33107371421118603,0.06201982908737788
train_median,train,2022-10,country_372,country_203,-0.24543115785064748,0.06201982908737788
train_median,train,2022-11,country_372,country_203,-0.6293532112440849,0.06201982908737788
train_median,train,2022-12,country_372,country_203,-0.10436455469180664,0.06201982908737788
train_median,train,2021-12,country_372,country_344,1.6597551920461342,0.06201982908737788
train_median,train,2022-01,country_372,country_344,-0.5492632854505647,0.06201982908737788
train_median,train,2022-02,country_372,country_344,-0.6749580356563154,0.06201982908737788
train_median,train,2022-03,country_372,country_344,-0.6590751855879385,0.06201982908737788
train_median,train,2022-04,country_372,country_344,7.392035941577851,0.06201982908737788
train_median,train,2022-05,country_372,country_344,-0.49401467587168324,0.06201982908737788
train_median,train,2022-06,country_372,country_344,0.5103754918485313,0.06201982908737788
train_median,train,2022-07,country_372,country_344,7.920549703651947,0.06201982908737788
train_median,train,2022-08,country_372,country_344,-0.461865261106,0.06201982908737788
train_median,train,2022-09,country_372,country_344,2.8940365456008075,0.06201982908737788
train_median,train,2022-10,country_372,country_344,2.3584336847279483,0.06201982908737788
train_median,train,2022-11,country_372,country_344,0.7790464165041403,0.06201982908737788
train_median,train,2022-12,country_372,country_344,0.775680086850517,0.06201982908737788
train_median,train,2021-12,country_372,country_380,-0.8672031270198178,0.06201982908737788
train_median,train,2022-01,country_372,country_380,-0.7524901704931878,0.06201982908737788
train_median,train,2022-02,country_372,country_380,1.6874315605227275,0.06201982908737788
train_median,train,2022-03,country_372,country_380,-0.15240827446074592,0.06201982908737788
train_median,train,2022-04,country_372,country_380,-0.08849433094725313,0.06201982908737788
train_median,train,2022-05,country_372,country_380,0.28886793479683487,0.06201982908737788
train_median,train,2022-06,country_372,country_380,-0.31854215777430017,0.06201982908737788
train_median,train,2022-07,country_372,country_380,-0.32626988836423654,0.06201982908737788
train_median,train,2022-08,country_372,country_380,-0.3816828820663823,0.06201982908737788
train_median,train,2022-09,country_372,country_380,15.675919786945231,0.06201982908737788
train_median,train,2022-10,country_372,country_380,-0.22610032490643497,0.06201982908737788
train_median,train,2022-11,country_372,country_380,1.1919260843438886,0.06201982908737788
train_median,train,2022-12,country_372,country_380,-0.41135734863338025,0.06201982908737788
train_median,train,2021-12,country_372,country_cn,0.08121375479156026,0.06201982908737788
train_median,train,2022-01,country_372,country_cn,0.022027715009904632,0.06201982908737788
train_median,train,2022-02,country_372,country_cn,0.08775623284643909,0.06201982908737788
train_median,train,2022-03,country_372,country_cn,-0.1207925749078313,0.06201982908737788
train_median,train,2022-04,country_372,country_cn,0.01817434095824488,0.06201982908737788
train_median,train,2022-05,country_372,country_cn,-0.025556835232341948,0.06201982908737788
train_median,train,2022-06,country_372,country_cn,-0.03491658833754335,0.06201982908737788
train_median,train,2022-07,country_372,country_cn,-0.2046910804575641,0.06201982908737788
train_median,train,2022-08,country_372,country_cn,-0.2333074606270573,0.06201982908737788
train_median,train,2022-09,country_372,country_cn,0.06899783465817118,0.06201982908737788
train_median,train,2022-10,country_372,country_cn,-0.5503147838363939,0.06201982908737788
train_median,train,2022-11,country_372,country_cn,-0.5330433713424987,0.06201982908737788
train_median,train,2022-12,country_372,country_cn,-0.7423158547132664,0.06201982908737788
train_median,train,2021-12,country_372,country_de,4.88918928964419,0.06201982908737788
train_median,train,2022-01,country_372,country_de,8.330486607935942,0.06201982908737788
train_median,train,2022-02,country_372,country_de,0.009879408887608122,0.06201982908737788
train_median,train,2022-03,country_372,country_de,0.4736610438062083,0.06201982908737788
train_median,train,2022-04,country_372,country_de,3.1229531697522375,0.06201982908737788
train_median,train,2022-05,country_372,country_de,0.7852001888633813,0.06201982908737788
train_median,train,2022-06,country_372,country_de,2.8815478297994455,0.06201982908737788
train_median,train,2022-07,country_372,country_de,5.642396110193904,0.06201982908737788
train_median,train,2022-08,country_372,country_de,2.769775097674402,0.06201982908737788
train_median,train,2022-09,country_372,country_de,0.8700937210981126,0.06201982908737788
train_median,train,2022-10,country_372,country_de,0.5360990534180722,0.06201982908737788
train_median,train,2022-11,country_372,country_de,-0.059986057518527765,0.06201982908737788
train_median,train,2022-12,country_372,country_de,0.21000158025751037,0.06201982908737788
train_median,train,2021-12,country_372,country_fr,0.6634710756522547,0.06201982908737788
train_median,train,2022-01,country_372,country_fr,-0.25816542942973264,0.06201982908737788
train_median,train,2022-02,country_372,country_fr,-0.024420266054935517,0.06201982908737788
train_median,train,2022-03,country_372,country_fr,0.3058382834225494,0.06201982908737788
train_median,train,2022-04,country_372,country_fr,-0.5845261218957662,0.06201982908737788
train_median,train,2022-05,country_372,country_fr,-0.3631878985699202,0.06201982908737788
train_median,train,2022-06,country_372,country_fr,-0.41498578382353174,0.06201982908737788
train_median,train,2022-07,country_372,country_fr,-0.5162147149536981,0.06201982908737788
train_median,train,2022-08,country_372,country_fr,-0.49639361798771225,0.06201982908737788
train_median,train,2022-09,country_372,country_fr,-0.36040691335664143,0.06201982908737788
train_median,train,2022-10,country_372,country_fr,-0.15306959193341818,0.06201982908737788
train_median,train,2022-11,country_372,country_fr,0.03171430606436857,0.06201982908737788
train_median,train,2022-12,country_372,country_fr,-0.22312350454902732,0.06201982908737788
train_median,train,2021-12,country_372,country_gb,1.0241519382349464,0.06201982908737788
train_median,train,2022-01,country_372,country_gb,-0.3044927175354399,0.06201982908737788
train_median,train,2022-02,country_372,country_gb,0.5430711336799782,0.06201982908737788
train_median,train,2022-03,country_372,country_gb,-0.06208374289018097,0.06201982908737788
train_median,train,2022-04,country_372,country_gb,-0.5398302710005493,0.06201982908737788
train_median,train,2022-05,country_372,country_gb,-0.7425310729303123,0.06201982908737788
train_median,train,2022-06,country_372,country_gb,-0.9244994347344795,0.06201982908737788
train_median,train,2022-07,country_372,country_gb,-0.8541473232010384,0.06201982908737788
train_median,train,2022-08,country_372,country_gb,-0.36137987918670733,0.06201982908737788
train_median,train,2022-09,country_372,country_gb,-0.2743046975818462,0.06201982908737788
train_median,train,2022-10,country_372,country_gb,-0.4641120805918116,0.06201982908737788
train_median,train,2022-11,country_372,country_gb,-0.7361840068585614,0.06201982908737788
train_median,train,2022-12,country_372,country_gb,-0.7326578739070786,0.06201982908737788
train_median,train,2021-12,country_372,country_in,-0.849327536891373,0.06201982908737788
train_median,train,2022-01,country_372,country_in,-0.789407722779477,0.06201982908737788
train_median,train,2022-02,country_372,country_in,5.789110707243376,0.06201982908737788
train_median,train,2022-03,country_372,country_in,3.2603663037141,0.06201982908737788
train_median,train,2022-04,country_372,country_in,3.027386901178372,0.06201982908737788
train_median,train,2022-05,country_372,country_in,1.2804005238685074,0.06201982908737788
train_median,train,2022-06,country_372,country_in,1.7319974967063703,0.06201982908737788
train_median,train,2022-07,country_372,country_in,1.360194037189512,0.06201982908737788
train_median,train,2022-08,country_372,country_in,0.6764188629579222,0.06201982908737788
train_median,train,2022-09,country_372,country_in,0.924328572825399,0.06201982908737788
train_median,train,2022-10,country_372,country_in,1.10059641955632,0.06201982908737788
train_median,train,2022-11,country_372,country_in,1.0325771193752606,0.06201982908737788
train_median,train,2022-12,country_372,country_in,-0.9989665038725767,0.06201982908737788
train_median,train,2021-12,country_372,country_jp,0.13430102146894332,0.06201982908737788
train_median,train,2022-01,country_372,country_jp,-0.20182537293391278,0.06201982908737788
train_median,train,2022-02,country_372,country_jp,0.23141326116724031,0.06201982908737788
train_median,train,2022-03,country_372,country_jp,-0.16921044547859895,0.06201982908737788
train_median,train,2022-04,country_372,country_jp,0.0916288131517091,0.06201982908737788
train_median,train,2022-05,country_372,country_jp,0.12199853031667882,0.06201982908737788
train_median,train,2022-06,country_372,country_jp,-0.2625557621814516,0.06201982908737788
train_median,train,2022-07,country_372,country_jp,-0.20113172578712324,0.06201982908737788
train_median,train,2022-08,country_372,country_jp,-0.24678888261008977,0.06201982908737788
train_median,train,2022-09,country_372,country_jp,-0.15857318043878052,0.06201982908737788
train_median,train,2022-10,country_372,country_jp,-0.027378653109356017,0.06201982908737788
train_median,train,2022-11,country_372,country_jp,-0.0216112620888845,0.06201982908737788
train_median,train,2022-12,country_372,country_jp,-0.13821172014125016,0.06201982908737788
train_median,train,2021-12,country_372,country_kr,1.1512901448662733,0.06201982908737788
train_median,train,2022-01,country_372,country_kr,1.0808746522056798,0.06201982908737788
train_median,train,2022-02,country_372,country_kr,0.8271329410177174,0.06201982908737788
train_median,train,2022-03,country_372,country_kr,-0.2973117111271623,0.06201982908737788
train_median,train,2022-04,country_372,country_kr,0.5257420454684574,0.06201982908737788
train_median,train,2022-05,country_372,country_kr,-0.3415496108344172,0.06201982908737788
train_median,train,2022-06,country_372,country_kr,-0.5637049393067608,0.06201982908737788
train_median,train,2022-07,country_372,country_kr,-0.3242052992886284,0.06201982908737788
train_median,train,2022-08,country_372,country_kr,0.2376676584928896,0.06201982908737788
train_median,train,2022-09,country_372,country_kr,-0.11389561907930995,0.06201982908737788
train_median,train,2022-10,country_372,country_kr,0.8267034704303529,0.06201982908737788
train_median,train,2022-11,country_372,country_kr,-0.3687304910260086,0.06201982908737788
train_median,train,2022-12,country_372,country_kr,-0.2508109577005192,0.06201982908737788
train_median,train,2021-12,country_372,country_mx,-0.3810130885602584,0.06201982908737788
train_median,train,2022-01,country_372,country_mx,-0.02921314666467021,0.06201982908737788
train_median,train,2022-02,country_372,country_mx,1.9432105663422887,0.06201982908737788
train_median,train,2022-03,country_372,country_mx,-0.24264717294470053,0.06201982908737788
train_median,train,2022-04,country_372,country_mx,1.8292665632616885,0.06201982908737788
train_median,train,2022-05,country_372,country_mx,2.8122933746953245,0.06201982908737788
train_median,train,2022-06,country_372,country_mx,-0.3643122099610436,0.06201982908737788
train_median,train,2022-07,country_372,country_mx,0.09124750720141812,0.06201982908737788
train_median,train,2022-08,country_372,country_mx,-0.717759658566105,0.06201982908737788
train_median,train,2022-09,country_372,country_mx,-0.43342062578721785,0.06201982908737788
train_median,train,2022-10,country_372,country_mx,-0.4527941136493381,0.06201982908737788
train_median,train,2022-11,country_372,country_mx,-0.6044759176171685,0.06201982908737788
train_median,train,2022-12,country_372,country_mx,3.986972268771285,0.06201982908737788
train_median,train,2021-12,country_372,country_my,0.04173948113900575,0.06201982908737788
train_median,train,2022-01,country_372,country_my,-0.07917179110400038,0.06201982908737788
train_median,train,2022-02,country_372,country_my,-0.13892597154663228,0.06201982908737788
train_median,train,2022-03,country_372,country_my,-0.33927941719729254,0.06201982908737788
train_median,train,2022-04,country_372,country_my,0.0882239157542605,0.06201982908737788
train_median,train,2022-05,country_372,country_my,-0.021029605794970957,0.06201982908737788
train_median,train,2022-06,country_372,country_my,0.35789237692284004,0.06201982908737788
train_median,train,2022-07,country_372,country_my,0.031627971919645045,0.06201982908737788
train_median,train,2022-08,country_372,country_my,-0.10210047754313588,0.06201982908737788
train_median,train,2022-09,country_372,country_my,0.5865049749474438,0.06201982908737788
train_median,train,2022-10,country_372,country_my,-0.12240075117340317,0.06201982908737788
train_median,train,2022-11,country_372,country_my,-0.17785035672235863,0.06201982908737788
train_median,train,2022-12,country_372,country_my,-0.32005677579761305,0.06201982908737788
train_median,train,2021-12,country_372,country_ph,-0.16681270550843352,0.06201982908737788
train_median,train,2022-01,country_372,country_ph,3.3947942379496867,0.06201982908737788
train_median,train,2022-02,country_372,country_ph,-0.08510830173321533,0.06201982908737788
train_median,train,2022-03,country_372,country_ph,0.038434729573721925,0.06201982908737788
train_median,train,2022-04,country_372,country_ph,0.45837262906676846,0.06201982908737788
train_median,train,2022-05,country_372,country_ph,0.2886120244191572,0.06201982908737788
train_median,train,2022-06,country_372,country_ph,0.6323787927161679,0.06201982908737788
train_median,train,2022-07,country_372,country_ph,0.14175948942043862,0.06201982908737788
train_median,train,2022-08,country_372,country_ph,0.6646266765436069,0.06201982908737788
train_median,train,2022-09,country_372,country_ph,0.2799851087642703,0.06201982908737788
train_median,train,2022-10,country_372,country_ph,0.36800831564093217,0.06201982908737788
train_median,train,2022-11,country_372,country_ph,0.05566365680596567,0.06201982908737788
train_median,train,2022-12,country_372,country_ph,0.23860784111649308,0.06201982908737788
train_median,train,2021-12,country_372,country_sg,0.3938217894819125,0.06201982908737788
train_median,train,2022-01,country_372,country_sg,-0.30048790641390927,0.06201982908737788
train_median,train,2022-02,country_372,country_sg,0.24815236852231323,0.06201982908737788
train_median,train,2022-03,country_372,country_sg,-0.04610896553004262,0.06201982908737788
train_median,train,2022-04,country_372,country_sg,-0.2029057817980932,0.06201982908737788
train_median,train,2022-05,country_372,country_sg,-0.31627408237249416,0.06201982908737788
train_median,train,2022-06,country_372,country_sg,0.023119518659833315,0.06201982908737788
train_median,train,2022-07,country_372,country_sg,-0.2534703949993657,0.06201982908737788
train_median,train,2022-08,country_372,country_sg,-0.094527274130754,0.06201982908737788
train_median,train,2022-09,country_372,country_sg,0.020499452333743638,0.06201982908737788
train_median,train,2022-10,country_372,country_sg,0.05032026690729305,0.06201982908737788
train_median,train,2022-11,country_372,country_sg,0.17098565131373694,0.06201982908737788
train_median,train,2022-12,country_372,country_sg,0.1458523488406727,0.06201982908737788
train_median,train,2021-12,country_372,country_th,-0.599569336687021,0.06201982908737788
train_median,train,2022-01,country_372,country_th,-0.5703463034623965,0.06201982908737788
train_median,train,2022-02,country_372,country_th,-0.5832700439444642,0.06201982908737788
train_median,train,2022-03,country_372,country_th,7.161750007749477,0.06201982908737788
train_median,train,2022-04,country_372,country_th,-0.4340013731234747,0.06201982908737788
train_median,train,2022-05,country_372,country_th,23.985650168519697,0.06201982908737788
train_median,train,2022-06,country_372,country_th,-0.4416256733435495,0.06201982908737788
train_median,train,2022-07,country_372,country_th,0.7689205397421139,0.06201982908737788
train_median,train,2022-08,country_372,country_th,7.002680446124372,0.06201982908737788
train_median,train,2022-09,country_372,country_th,27.54192106347017,0.06201982908737788
train_median,train,2022-10,country_372,country_th,-0.8765660747281018,0.06201982908737788
train_median,train,2022-11,country_372,country_th,-0.5460950048371155,0.06201982908737788
train_median,train,2022-12,country_372,country_th,1.7437946012706587,0.06201982908737788
train_median,train,2021-12,country_372,country_us,-0.23994342490674586,0.06201982908737788
train_median,train,2022-01,country_372,country_us,-0.1365787330833335,0.06201982908737788
train_median,train,2022-02,country_372,country_us,0.09718998906885772,0.06201982908737788
train_median,train,2022-03,country_372,country_us,0.043177961753274104,0.06201982908737788
train_median,train,2022-04,country_372,country_us,-0.03965566714191548,0.06201982908737788
train_median,train,2022-05,country_372,country_us,1.0171048115506587,0.06201982908737788
train_median,train,2022-06,country_372,country_us,0.02074041249613872,0.06201982908737788
train_median,train,2022-07,country_372,country_us,0.5374269146301606,0.06201982908737788
train_median,train,2022-08,country_372,country_us,1.3712052559310346,0.06201982908737788
train_median,train,2022-09,country_372,country_us,1.10823991483294,0.06201982908737788
train_median,train,2022-10,country_372,country_us,0.016740450253700197,0.06201982908737788
train_median,train,2022-11,country_372,country_us,0.13393707490181037,0.06201982908737788
train_median,train,2022-12,country_372,country_us,-0.3960293546400832,0.06201982908737788
train_median,train,2021-12,country_372,country_vn,-0.13955215657169054,0.06201982908737788
train_median,train,2022-01,country_372,country_vn,0.07111895001397286,0.06201982908737788
train_median,train,2022-02,country_372,country_vn,0.005471142186308676,0.06201982908737788
train_median,train,2022-03,country_372,country_vn,0.22279236668612595,0.06201982908737788
train_median,train,2022-04,country_372,country_vn,-0.224252182226953,0.06201982908737788
train_median,train,2022-05,country_372,country_vn,-0.6256776719027194,0.06201982908737788
train_median,train,2022-06,country_372,country_vn,-0.43584666370943986,0.06201982908737788
train_median,train,2022-07,country_372,country_vn,-0.43886025208291646,0.06201982908737788
train_median,train,2022-08,country_372,country_vn,-0.36871884493018087,0.06201982908737788
train_median,train,2022-09,country_372,country_vn,-0.11447356510237812,0.06201982908737788
train_median,train,2022-10,country_372,country_vn,-0.46584327479994886,0.06201982908737788
train_median,train,2022-11,country_372,country_vn,-0.3228705302946031,0.06201982908737788
train_median,train,2022-12,country_372,country_vn,-0.17067340378621454,0.06201982908737788
train_median,train,2021-12,country_380,country_203,-0.346108072843301,0.06201982908737788
train_median,train,2022-01,country_380,country_203,-0.3918000232815752,0.06201982908737788
train_median,train,2022-02,country_380,country_203,-0.4721695081724335,0.06201982908737788
train_median,train,2022-03,country_380,country_203,-0.524670910395446,0.06201982908737788
train_median,train,2022-04,country_380,country_203,-0.30126941408571917,0.06201982908737788
train_median,train,2022-05,country_380,country_203,0.06379976184053843,0.06201982908737788
train_median,train,2022-06,country_380,country_203,-0.28395235208389374,0.06201982908737788
train_median,train,2022-07,country_380,country_203,-0.6593662030809619,0.06201982908737788
train_median,train,2022-08,country_380,country_203,-0.2760563520721846,0.06201982908737788
train_median,train,2022-09,country_380,country_203,-0.2708401566147157,0.06201982908737788
train_median,train,2022-10,country_380,country_203,-0.4697205980326112,0.06201982908737788
train_median,train,2022-11,country_380,country_203,-0.2818319648121317,0.06201982908737788
train_median,train,2022-12,country_380,country_203,0.2110455049104082,0.06201982908737788
train_median,train,2021-12,country_380,country_344,0.0884313211991253,0.06201982908737788
train_median,train,2022-01,country_380,country_344,-0.23193444430784954,0.06201982908737788
train_median,train,2022-02,country_380,country_344,-0.7837255160913098,0.06201982908737788
train_median,train,2022-03,country_380,country_344,-0.5893103749537627,0.06201982908737788
train_median,train,2022-04,country_380,country_344,0.21568244489789246,0.06201982908737788
train_median,train,2022-05,country_380,country_344,0.16029202001494494,0.06201982908737788
train_median,train,2022-06,country_380,country_344,0.19889240024779323,0.06201982908737788
train_median,train,2022-07,country_380,country_344,0.2509476164017243,0.06201982908737788
train_median,train,2022-08,country_380,country_344,0.35952374936517734,0.06201982908737788
train_median,train,2022-09,country_380,country_344,0.256655954563636,0.06201982908737788
train_median,train,2022-10,country_380,country_344,0.22670467965045285,0.06201982908737788
train_median,train,2022-11,country_380,country_344,0.3947149606392662,0.06201982908737788
train_median,train,2022-12,country_380,country_344,0.1637731930573199,0.06201982908737788
train_median,train,2021-12,country_380,country_372,-0.14881140592494915,0.06201982908737788
train_median,train,2022-01,country_380,country_372,1.1765879137436772,0.06201982908737788
train_median,train,2022-02,country_380,country_372,0.8062865674503561,0.06201982908737788
train_median,train,2022-03,country_380,country_372,1.091619752127881,0.06201982908737788
train_median,train,2022-04,country_380,country_372,1.1195608391444365,0.06201982908737788
train_median,train,2022-05,country_380,country_372,1.1336053232949737,0.06201982908737788
train_median,train,2022-06,country_380,country_372,0.4231212745488511,0.06201982908737788
train_median,train,2022-07,country_380,country_372,0.08840480619241882,0.06201982908737788
train_median,train,2022-08,country_380,country_372,0.7671354272947543,0.06201982908737788
train_median,train,2022-09,country_380,country_372,1.1628636250816358,0.06201982908737788
train_median,train,2022-10,country_380,country_372,0.5424441476708494,0.06201982908737788
train_median,train,2022-11,country_380,country_372,-0.5639363345662624,0.06201982908737788
train_median,train,2022-12,country_380,country_372,0.10267401608378911,0.06201982908737788
train_median,train,2021-12,country_380,country_cn,-0.021493819257131102,0.06201982908737788
train_median,train,2022-01,country_380,country_cn,-0.10519188922770781,0.06201982908737788
train_median,train,2022-02,country_380,country_cn,0.14795120270481912,0.06201982908737788
train_median,train,2022-03,country_380,country_cn,-0.046912161552138704,0.06201982908737788
train_median,train,2022-04,country_380,country_cn,0.04005633688632574,0.06201982908737788
train_median,train,2022-05,country_380,country_cn,0.196724500907441,0.06201982908737788
train_median,train,2022-06,country_380,country_cn,0.16274462520236307,0.06201982908737788
train_median,train,2022-07,country_380,country_cn,0.18276267440179253,0.06201982908737788
train_median,train,2022-08,country_380,country_cn,0.2716938300613933,0.06201982908737788
train_median,train,2022-09,country_380,country_cn,0.23395673898130545,0.06201982908737788
train_median,train,2022-10,country_380,country_cn,0.1680098204781872,0.06201982908737788
train_median,train,2022-11,country_380,country_cn,0.31792267212656466,0.06201982908737788
train_median,train,2022-12,country_380,country_cn,0.04320497870310853,0.06201982908737788
train_median,train,2021-12,country_380,country_de,-0.003539131547283008,0.06201982908737788
train_median,train,2022-01,country_380,country_de,-0.17821072248167255,0.06201982908737788
train_median,train,2022-02,country_380,country_de,0.315435335816697,0.06201982908737788
train_median,train,2022-03,country_380,country_de,-0.24054249729709518,0.06201982908737788
train_median,train,2022-04,country_380,country_de,0.3002476170622862,0.06201982908737788
train_median,train,2022-05,country_380,country_de,0.5389691913236627,0.06201982908737788
train_median,train,2022-06,country_380,country_de,-0.19565200272562921,0.06201982908737788
train_median,train,2022-07,country_380,country_de,-0.0032498872040226372,0.06201982908737788
train_median,train,2022-08,country_380,country_de,-0.07914438537194782,0.06201982908737788
train_median,train,2022-09,country_380,country_de,0.2965134846296861,0.06201982908737788
train_median,train,2022-10,country_380,country_de,0.21289483263687423,0.06201982908737788
train_median,train,2022-11,country_380,country_de,0.15668240220449284,0.06201982908737788
train_median,train,2022-12,country_380,country_de,0.2352155814676975,0.06201982908737788
train_median,train,2021-12,country_380,country_fr,0.01748091632896214,0.06201982908737788
train_median,train,2022-01,country_380,country_fr,-0.009616023863544074,0.06201982908737788
train_median,train,2022-02,country_380,country_fr,-0.04353437433890838,0.06201982908737788
train_median,train,2022-03,country_380,country_fr,-0.2807909744562641,0.06201982908737788
train_median,train,2022-04,country_380,country_fr,0.03150901762619625,0.06201982908737788
train_median,train,2022-05,country_380,country_fr,-0.12772642118518165,0.06201982908737788
train_median,train,2022-06,country_380,country_fr,-0.28631102944401005,0.06201982908737788
train_median,train,2022-07,country_380,country_fr,-0.17074607302190614,0.06201982908737788
train_median,train,2022-08,country_380,country_fr,0.2526284590435671,0.06201982908737788
train_median,train,2022-09,country_380,country_fr,-0.19720085556699243,0.06201982908737788
train_median,train,2022-10,country_380,country_fr,-0.1979422477182295,0.06201982908737788
train_median,train,2022-11,country_380,country_fr,-0.1980445567804429,0.06201982908737788
train_median,train,2022-12,country_380,country_fr,-0.04646547217816309,0.06201982908737788
train_median,train,2021-12,country_380,country_gb,0.08599835572537737,0.06201982908737788
train_median,train,2022-01,country_380,country_gb,1.459373282170357,0.06201982908737788
train_median,train,2022-02,country_380,country_gb,0.5947929841981461,0.06201982908737788
train_median,train,2022-03,country_380,country_gb,0.006335510100204432,0.06201982908737788
train_median,train,2022-04,country_380,country_gb,0.5144528486144938,0.06201982908737788
train_median,train,2022-05,country_380,country_gb,1.1769986093928124,0.06201982908737788
train_median,train,2022-06,country_380,country_gb,-0.05599806453731522,0.06201982908737788
train_median,train,2022-07,country_380,country_gb,-0.5099916915867411,0.06201982908737788
train_median,train,2022-08,country_380,country_gb,-0.715517601525063,0.06201982908737788
train_median,train,2022-09,country_380,country_gb,-0.42092238285038674,0.06201982908737788
train_median,train,2022-10,country_380,country_gb,-0.41035066205680426,0.06201982908737788
train_median,train,2022-11,country_380,country_gb,-0.30094605131970714,0.06201982908737788
train_median,train,2022-12,country_380,country_gb,-0.09434964176998084,0.06201982908737788
train_median,train,2021-12,country_380,country_in,-0.19732450631728954,0.06201982908737788
train_median,train,2022-01,country_380,country_in,-0.05805265612833002,0.06201982908737788
train_median,train,2022-02,country_380,country_in,-0.055003475772617355,0.06201982908737788
train_median,train,2022-03,country_380,country_in,0.07165567515996286,0.06201982908737788
train_median,train,2022-04,country_380,country_in,-0.15478063285709326,0.06201982908737788
train_median,train,2022-05,country_380,country_in,-0.45721381179395604,0.06201982908737788
train_median,train,2022-06,country_380,country_in,0.023778528911809458,0.06201982908737788
train_median,train,2022-07,country_380,country_in,0.4434242653711144,0.06201982908737788
train_median,train,2022-08,country_380,country_in,-0.4327679637869773,0.06201982908737788
train_median,train,2022-09,country_380,country_in,-0.30189633194992216,0.06201982908737788
train_median,train,2022-10,country_380,country_in,0.07738935097599337,0.06201982908737788
train_median,train,2022-11,country_380,country_in,-0.10081949283259839,0.06201982908737788
train_median,train,2022-12,country_380,country_in,-0.24421810026775176,0.06201982908737788
train_median,train,2021-12,country_380,country_jp,0.255812427358842,0.06201982908737788
train_median,train,2022-01,country_380,country_jp,0.019080735564457316,0.06201982908737788
train_median,train,2022-02,country_380,country_jp,-0.0967265646852906,0.06201982908737788
train_median,train,2022-03,country_380,country_jp,-0.43914390503298495,0.06201982908737788
train_median,train,2022-04,country_380,country_jp,0.30599695927543535,0.06201982908737788
train_median,train,2022-05,country_380,country_jp,0.16779825148691604,0.06201982908737788
train_median,train,2022-06,country_380,country_jp,0.2058317751756327,0.06201982908737788
train_median,train,2022-07,country_380,country_jp,0.15822331743860407,0.06201982908737788
train_median,train,2022-08,country_380,country_jp,0.1571771185502507,0.06201982908737788
train_median,train,2022-09,country_380,country_jp,0.015608502212682169,0.06201982908737788
train_median,train,2022-10,country_380,country_jp,0.24751008739388197,0.06201982908737788
train_median,train,2022-11,country_380,country_jp,-0.40155604350714563,0.06201982908737788
train_median,train,2022-12,country_380,country_jp,0.15164926880470325,0.06201982908737788
train_median,train,2021-12,country_380,country_kr,-0.6974502758983907,0.06201982908737788
train_median,train,2022-01,country_380,country_kr,0.44619390048577284,0.06201982908737788
train_median,train,2022-02,country_380,country_kr,-0.12729756662247527,0.06201982908737788
train_median,train,2022-03,country_380,country_kr,-0.245746060744607,0.06201982908737788
train_median,train,2022-04,country_380,country_kr,-0.6408913368880191,0.06201982908737788
train_median,train,2022-05,country_380,country_kr,-0.3435292002650013,0.06201982908737788
train_median,train,2022-06,country_380,country_kr,-0.16679191893972495,0.06201982908737788
train_median,train,2022-07,country_380,country_kr,0.1750744302509968,0.06201982908737788
train_median,train,2022-08,country_380,country_kr,0.4797777916484614,0.06201982908737788
train_median,train,2022-09,country_380,country_kr,-0.04908549513263573,0.06201982908737788
train_median,train,2022-10,country_380,country_kr,-0.24502342838374686,0.06201982908737788
train_median,train,2022-11,country_380,country_kr,-0.5345451908312953,0.06201982908737788
train_median,train,2022-12,country_380,country_kr,-0.3476797505711892,0.06201982908737788
train_median,train,2021-12,country_380,country_mx,-0.1389991808581921,0.06201982908737788
train_median,train,2022-01,country_380,country_mx,-0.23493720118724082,0.06201982908737788
train_median,train,2022-02,country_380,country_mx,0.3741575857861747,0.06201982908737788
train_median,train,2022-03,country_380,country_mx,0.4817378736863051,0.06201982908737788
train_median,train,2022-04,country_380,country_mx,0.18485373716851078,0.06201982908737788
train_median,train,2022-05,country_380,country_mx,0.12349212001249767,0.06201982908737788
train_median,train,2022-06,country_380,country_mx,-0.008637527556828594,0.06201982908737788
train_median,train,2022-07,country_380,country_mx,-0.004460862279530802,0.06201982908737788
train_median,train,2022-08,country_380,country_mx,-0.0519242073034875,0.06201982908737788
train_median,train,2022-09,country_380,country_mx,0.2791561225542938,0.06201982908737788
train_median,train,2022-10,country_380,country_mx,-0.08259389327467884,0.06201982908737788
train_median,train,2022-11,country_380,country_mx,0.5022296686653763,0.06201982908737788
train_median,train,2022-12,country_380,country_mx,-0.16545107150373675,0.06201982908737788
train_median,train,2021-12,country_380,country_my,0.09807732632999334,0.06201982908737788
train_median,train,2022-01,country_380,country_my,-0.12954621117584272,0.06201982908737788
train_median,train,2022-02,country_380,country_my,0.26344481733545116,0.06201982908737788
train_median,train,2022-03,country_380,country_my,-0.0036482301071170562,0.06201982908737788
train_median,train,2022-04,country_380,country_my,0.20930252934285173,0.06201982908737788
train_median,train,2022-05,country_380,country_my,0.26470515057393834,0.06201982908737788
train_median,train,2022-06,country_380,country_my,0.38227819757962916,0.06201982908737788
train_median,train,2022-07,country_380,country_my,0.30522659966928356,0.06201982908737788
train_median,train,2022-08,country_380,country_my,0.2887870490540932,0.06201982908737788
train_median,train,2022-09,country_380,country_my,0.1990633038766438,0.06201982908737788
train_median,train,2022-10,country_380,country_my,0.27870054762842666,0.06201982908737788
train_median,train,2022-11,country_380,country_my,0.28526517558126485,0.06201982908737788
train_median,train,2022-12,country_380,country_my,0.08149136339026827,0.06201982908737788
train_median,train,2021-12,country_380,country_ph,0.2024102930645171,0.06201982908737788
train_median,train,2022-01,country_380,country_ph,0.3853474821278125,0.06201982908737788
train_median,train,2022-02,country_380,country_ph,-0.0755686294378043,0.06201982908737788
train_median,train,2022-03,country_380,country_ph,0.16007582713439916,0.06201982908737788
train_median,train,2022-04,country_380,country_ph,-0.05115341365461847,0.06201982908737788
train_median,train,2022-05,country_380,country_ph,0.11847804048588693,0.06201982908737788
train_median,train,2022-06,country_380,country_ph,0.00698127532938093,0.06201982908737788
train_median,train,2022-07,country_380,country_ph,0.07401365487600693,0.06201982908737788
train_median,train,2022-08,country_380,country_ph,0.2635650856376668,0.06201982908737788
train_median,train,2022-09,country_380,country_ph,0.20942311935409125,0.06201982908737788
train_median,train,2022-10,country_380,country_ph,0.08109628053941595,0.06201982908737788
train_median,train,2022-11,country_380,country_ph,-0.18639312891182203,0.06201982908737788
train_median,train,2022-12,country_380,country_ph,0.3046029066263371,0.06201982908737788
train_median,train,2021-12,country_380,country_sg,0.045052089134117075,0.06201982908737788
train_median,train,2022-01,country_380,country_sg,0.31511854694434915,0.06201982908737788
train_median,train,2022-02,country_380,country_sg,0.31951594760471974,0.06201982908737788
train_median,train,2022-03,country_380,country_sg,0.13491199076977878,0.06201982908737788
train_median,train,2022-04,country_380,country_sg,0.15679337867457788,0.06201982908737788
train_median,train,2022-05,country_380,country_sg,0.2782377552031371,0.06201982908737788
train_median,train,2022-06,country_380,country_sg,0.3932233553760266,0.06201982908737788
train_median,train,2022-07,country_380,country_sg,0.2517146571042036,0.06201982908737788
train_median,train,2022-08,country_380,country_sg,0.2455394915186186,0.06201982908737788
train_median,train,2022-09,country_380,country_sg,0.028204107849336777,0.06201982908737788
train_median,train,2022-10,country_380,country_sg,0.009248945552376148,0.06201982908737788
train_median,train,2022-11,country_380,country_sg,0.028101745409104577,0.06201982908737788
train_median,train,2022-12,country_380,country_sg,0.07137597855029149,0.06201982908737788
train_median,train,2021-12,country_380,country_th,-0.315158272179374,0.06201982908737788
train_median,train,2022-01,country_380,country_th,-0.15196620322169496,0.06201982908737788
train_median,train,2022-02,country_380,country_th,0.22334122614191376,0.06201982908737788
train_median,train,2022-03,country_380,country_th,-0.2443660660804125,0.06201982908737788
train_median,train,2022-04,country_380,country_th,0.15963051445937212,0.06201982908737788
train_median,train,2022-05,country_380,country_th,0.32830772024919813,0.06201982908737788
train_median,train,2022-06,country_380,country_th,0.11132369917634743,0.06201982908737788
train_median,train,2022-07,country_380,country_th,0.16462365757963426,0.06201982908737788
train_median,train,2022-08,country_380,country_th,0.15120777065991162,0.06201982908737788
train_median,train,2022-09,country_380,country_th,-0.0018786257690546473,0.06201982908737788
train_median,train,2022-10,country_380,country_th,-0.2764966641194836,0.06201982908737788
train_median,train,2022-11,country_380,country_th,-0.42964353182198317,0.06201982908737788
train_median,train,2022-12,country_380,country_th,-0.1602051377595324,0.06201982908737788
train_median,train,2021-12,country_380,country_us,-0.11825784484589395,0.06201982908737788
train_median,train,2022-01,country_380,country_us,-0.2086619502047245,0.06201982908737788
train_median,train,2022-02,country_380,country_us,-0.14742440724928582,0.06201982908737788
train_median,train,2022-03,country_380,country_us,0.006583639041006721,0.06201982908737788
train_median,train,2022-04,country_380,country_us,0.1769479534807272,0.06201982908737788
train_median,train,2022-05,country_380,country_us,0.0508541500166192,0.06201982908737788
train_median,train,2022-06,country_380,country_us,-0.10169104694862995,0.06201982908737788
train_median,train,2022-07,country_380,country_us,0.09627115984159518,0.06201982908737788
train_median,train,2022-08,country_380,country_us,0.03203033297802792,0.06201982908737788
train_median,train,2022-09,country_380,country_us,0.3008854271034607,0.06201982908737788
train_median,train,2022-10,country_380,country_us,-0.016398804725810213,0.06201982908737788
train_median,train,2022-11,country_380,country_us,-0.0005633169326624619,0.06201982908737788
train_median,train,2022-12,country_380,country_us,0.07612100004844949,0.06201982908737788
train_median,train,2021-12,country_380,country_vn,0.6275735573672921,0.06201982908737788
train_median,train,2022-01,country_380,country_vn,-0.13935667769380736,0.06201982908737788
train_median,train,2022-02,country_380,country_vn,2.765584138550841,0.06201982908737788
train_median,train,2022-03,country_380,country_vn,0.3501093359922067,0.06201982908737788
train_median,train,2022-04,country_380,country_vn,0.943696766555578,0.06201982908737788
train_median,train,2022-05,country_380,country_vn,0.19785427017542526,0.06201982908737788
train_median,train,2022-06,country_380,country_vn,0.1341181744391671,0.06201982908737788
train_median,train,2022-07,country_380,country_vn,0.06956096416534274,0.06201982908737788
train_median,train,2022-08,country_380,country_vn,-0.5741886098363163,0.06201982908737788
train_median,train,2022-09,country_380,country_vn,-0.16700496917586446,0.06201982908737788
train_median,train,2022-10,country_380,country_vn,-0.04081108746791473,0.06201982908737788
train_median,train,2022-11,country_380,country_vn,-0.6300085893622428,0.06201982908737788
train_median,train,2022-12,country_380,country_vn,-0.0327886623966165,0.06201982908737788
train_median,train,2021-12,country_cn,country_203,-0.08610617495857997,0.06201982908737788
train_median,train,2022-01,country_cn,country_203,0.30075861566459,0.06201982908737788
train_median,train,2022-02,country_cn,country_203,0.6069645048196545,0.06201982908737788
train_median,train,2022-03,country_cn,country_203,-0.14623625242674998,0.06201982908737788
train_median,train,2022-04,country_cn,country_203,-0.12368237758739442,0.06201982908737788
train_median,train,2022-05,country_cn,country_203,0.12274454619899655,0.06201982908737788
train_median,train,2022-06,country_cn,country_203,-0.2686022431802931,0.06201982908737788
train_median,train,2022-07,country_cn,country_203,-0.1989376306261994,0.06201982908737788
train_median,train,2022-08,country_cn,country_203,0.2696931332123408,0.06201982908737788
train_median,train,2022-09,country_cn,country_203,0.029049602347219306,0.06201982908737788
train_median,train,2022-10,country_cn,country_203,0.052456891529880985,0.06201982908737788
train_median,train,2022-11,country_cn,country_203,0.5117287190778789,0.06201982908737788
train_median,train,2022-12,country_cn,country_203,-0.06143672325901019,0.06201982908737788
train_median,train,2021-12,country_cn,country_344,0.05411265642298099,0.06201982908737788
train_median,train,2022-01,country_cn,country_344,-0.1990923631607651,0.06201982908737788
train_median,train,2022-02,country_cn,country_344,-0.07264049066351443,0.06201982908737788
train_median,train,2022-03,country_cn,country_344,-0.15980912352533114,0.06201982908737788
train_median,train,2022-04,country_cn,country_344,-0.05049627160520934,0.06201982908737788
train_median,train,2022-05,country_cn,country_344,0.08418719171603974,0.06201982908737788
train_median,train,2022-06,country_cn,country_344,-0.08476750699051817,0.06201982908737788
train_median,train,2022-07,country_cn,country_344,-0.1356015094675538,0.06201982908737788
train_median,train,2022-08,country_cn,country_344,0.2549142139695168,0.06201982908737788
train_median,train,2022-09,country_cn,country_344,0.0231641315615258,0.06201982908737788
train_median,train,2022-10,country_cn,country_344,-0.10679472513091885,0.06201982908737788
train_median,train,2022-11,country_cn,country_344,0.1819932884614211,0.06201982908737788
train_median,train,2022-12,country_cn,country_344,-0.35919231306507055,0.06201982908737788
train_median,train,2021-12,country_cn,country_372,0.45055250979301503,0.06201982908737788
train_median,train,2022-01,country_cn,country_372,0.2577258780798995,0.06201982908737788
train_median,train,2022-02,country_cn,country_372,0.2213257106111471,0.06201982908737788
train_median,train,2022-03,country_cn,country_372,0.226140635308592,0.06201982908737788
train_median,train,2022-04,country_cn,country_372,0.5290085115597832,0.06201982908737788
train_median,train,2022-05,country_cn,country_372,0.9456247116129003,0.06201982908737788
train_median,train,2022-06,country_cn,country_372,3.3561897350550556,0.06201982908737788
train_median,train,2022-07,country_cn,country_372,7.21651635877385,0.06201982908737788
train_median,train,2022-08,country_cn,country_372,3.576702416739892,0.06201982908737788
train_median,train,2022-09,country_cn,country_372,1.7490408342107873,0.06201982908737788
train_median,train,2022-10,country_cn,country_372,1.2027268368404649,0.06201982908737788
train_median,train,2022-11,country_cn,country_372,-0.016629299832726156,0.06201982908737788
train_median,train,2022-12,country_cn,country_372,-0.17238389871921989,0.06201982908737788
train_median,train,2021-12,country_cn,country_380,0.3976702874404787,0.06201982908737788
train_median,train,2022-01,country_cn,country_380,-0.04916764008285829,0.06201982908737788
train_median,train,2022-02,country_cn,country_380,0.08947747292271707,0.06201982908737788
train_median,train,2022-03,country_cn,country_380,0.027849026657080375,0.06201982908737788
train_median,train,2022-04,country_cn,country_380,0.15515104189087542,0.06201982908737788
train_median,train,2022-05,country_cn,country_380,1.0449076439406753,0.06201982908737788
train_median,train,2022-06,country_cn,country_380,0.7975531989492972,0.06201982908737788
train_median,train,2022-07,country_cn,country_380,0.6299626075581534,0.06201982908737788
train_median,train,2022-08,country_cn,country_380,0.7574050389147542,0.06201982908737788
train_median,train,2022-09,country_cn,country_380,0.6436456603463437,0.06201982908737788
train_median,train,2022-10,country_cn,country_380,0.5110739006191022,0.06201982908737788
train_median,train,2022-11,country_cn,country_380,0.19671456727421366,0.06201982908737788
train_median,train,2022-12,country_cn,country_380,0.13597479993510855,0.06201982908737788
train_median,train,2021-12,country_cn,country_de,0.1320501974375863,0.06201982908737788
train_median,train,2022-01,country_cn,country_de,0.11297481151159904,0.06201982908737788
train_median,train,2022-02,country_cn,country_de,0.25583797172896033,0.06201982908737788
train_median,train,2022-03,country_cn,country_de,0.16228650169305406,0.06201982908737788
train_median,train,2022-04,country_cn,country_de,0.42810820017250345,0.06201982908737788
train_median,train,2022-05,country_cn,country_de,0.5237897333641638,0.06201982908737788
train_median,train,2022-06,country_cn,country_de,0.46724502512693084,0.06201982908737788
train_median,train,2022-07,country_cn,country_de,0.36763130589569193,0.06201982908737788
train_median,train,2022-08,country_cn,country_de,0.49261213575767643,0.06201982908737788
train_median,train,2022-09,country_cn,country_de,0.3763151875060029,0.06201982908737788
train_median,train,2022-10,country_cn,country_de,0.313369487585313,0.06201982908737788
train_median,train,2022-11,country_cn,country_de,0.08422830813152352,0.06201982908737788
train_median,train,2022-12,country_cn,country_de,-0.18356160795482698,0.06201982908737788
train_median,train,2021-12,country_cn,country_fr,0.16017316334422954,0.06201982908737788
train_median,train,2022-01,country_cn,country_fr,0.10684708388978029,0.06201982908737788
train_median,train,2022-02,country_cn,country_fr,0.42171211529573005,0.06201982908737788
train_median,train,2022-03,country_cn,country_fr,0.44679859629199753,0.06201982908737788
train_median,train,2022-04,country_cn,country_fr,0.4512397929210595,0.06201982908737788
train_median,train,2022-05,country_cn,country_fr,0.42321713702024727,0.06201982908737788
train_median,train,2022-06,country_cn,country_fr,0.49304878978679184,0.06201982908737788
train_median,train,2022-07,country_cn,country_fr,0.37689188006883695,0.06201982908737788
train_median,train,2022-08,country_cn,country_fr,0.3742977448125254,0.06201982908737788
train_median,train,2022-09,country_cn,country_fr,0.08913309303364754,0.06201982908737788
train_median,train,2022-10,country_cn,country_fr,0.03707774370525056,0.06201982908737788
train_median,train,2022-11,country_cn,country_fr,-0.21917532115877478,0.06201982908737788
train_median,train,2022-12,country_cn,country_fr,-0.2013256484812065,0.06201982908737788
train_median,train,2021-12,country_cn,country_gb,1.2603215206362637,0.06201982908737788
train_median,train,2022-01,country_cn,country_gb,0.9205162925553942,0.06201982908737788
train_median,train,2022-02,country_cn,country_gb,1.3507587067540796,0.06201982908737788
train_median,train,2022-03,country_cn,country_gb,1.503653985237086,0.06201982908737788
train_median,train,2022-04,country_cn,country_gb,0.6797137336147324,0.06201982908737788
train_median,train,2022-05,country_cn,country_gb,0.9071288693098438,0.06201982908737788
train_median,train,2022-06,country_cn,country_gb,0.4969372602923794,0.06201982908737788
train_median,train,2022-07,country_cn,country_gb,0.28435730069576076,0.06201982908737788
train_median,train,2022-08,country_cn,country_gb,0.15795857781092565,0.06201982908737788
train_median,train,2022-09,country_cn,country_gb,0.18183044247987676,0.06201982908737788
train_median,train,2022-10,country_cn,country_gb,0.38438725757778386,0.06201982908737788
train_median,train,2022-11,country_cn,country_gb,0.34415103919093243,0.06201982908737788
train_median,train,2022-12,country_cn,country_gb,0.2367441491171972,0.06201982908737788
train_median,train,2021-12,country_cn,country_in,0.733547163806026,0.06201982908737788
train_median,train,2022-01,country_cn,country_in,0.6198262997531919,0.06201982908737788
train_median,train,2022-02,country_cn,country_in,1.8959216926881288,0.06201982908737788
train_median,train,2022-03,country_cn,country_in,0.05423305362223391,0.06201982908737788
train_median,train,2022-04,country_cn,country_in,-0.3997083685849842,0.06201982908737788
train_median,train,2022-05,country_cn,country_in,-0.4330953692882308,0.06201982908737788
train_median,train,2022-06,country_cn,country_in,-0.37571408436348197,0.06201982908737788
train_median,train,2022-07,country_cn,country_in,-0.3529526599957599,0.06201982908737788
train_median,train,2022-08,country_cn,country_in,-0.2634892603026883,0.06201982908737788
train_median,train,2022-09,country_cn,country_in,-0.4248421181510268,0.06201982908737788
train_median,train,2022-10,country_cn,country_in,-0.4156190741912393,0.06201982908737788
train_median,train,2022-11,country_cn,country_in,-0.18676544203148787,0.06201982908737788
train_median,train,2022-12,country_cn,country_in,0.4257370944807575,0.06201982908737788
train_median,train,2021-12,country_cn,country_jp,0.09362998656156023,0.06201982908737788
train_median,train,2022-01,country_cn,country_jp,-0.17853602572357574,0.06201982908737788
train_median,train,2022-02,country_cn,country_jp,-0.009293486109286238,0.06201982908737788
train_median,train,2022-03,country_cn,country_jp,-0.10829664668216624,0.06201982908737788
train_median,train,2022-04,country_cn,country_jp,0.1262552284510558,0.06201982908737788
train_median,train,2022-05,country_cn,country_jp,0.11761914500360056,0.06201982908737788
train_median,train,2022-06,country_cn,country_jp,-0.003916565046487635,0.06201982908737788
train_median,train,2022-07,country_cn,country_jp,-0.004698959423341411,0.06201982908737788
train_median,train,2022-08,country_cn,country_jp,-0.045864068747560605,0.06201982908737788
train_median,train,2022-09,country_cn,country_jp,0.010808507191019454,0.06201982908737788
train_median,train,2022-10,country_cn,country_jp,-0.015356581165149534,0.06201982908737788
train_median,train,2022-11,country_cn,country_jp,-0.1106982020653478,0.06201982908737788
train_median,train,2022-12,country_cn,country_jp,-0.11300015720025537,0.06201982908737788
train_median,train,2021-12,country_cn,country_kr,0.12347522769870331,0.06201982908737788
train_median,train,2022-01,country_cn,country_kr,0.07542424260548279,0.06201982908737788
train_median,train,2022-02,country_cn,country_kr,0.07554179560122037,0.06201982908737788
train_median,train,2022-03,country_cn,country_kr,0.044487409267676165,0.06201982908737788
train_median,train,2022-04,country_cn,country_kr,0.1493119265117416,0.06201982908737788
train_median,train,2022-05,country_cn,country_kr,0.15182245329129518,0.06201982908737788
train_median,train,2022-06,country_cn,country_kr,0.03509244364807541,0.06201982908737788
train_median,train,2022-07,country_cn,country_kr,0.09512319949966204,0.06201982908737788
train_median,train,2022-08,country_cn,country_kr,-0.05523655912033443,0.06201982908737788
train_median,train,2022-09,country_cn,country_kr,0.03247456424551371,0.06201982908737788
train_median,train,2022-10,country_cn,country_kr,-0.1467031239961857,0.06201982908737788
train_median,train,2022-11,country_cn,country_kr,-0.20411964417928433,0.06201982908737788
train_median,train,2022-12,country_cn,country_kr,-0.23847867373347642,0.06201982908737788
train_median,train,2021-12,country_cn,country_mx,0.2233820584058921,0.06201982908737788
train_median,train,2022-01,country_cn,country_mx,0.3447695269497169,0.06201982908737788
train_median,train,2022-02,country_cn,country_mx,0.13947950771916698,0.06201982908737788
train_median,train,2022-03,country_cn,country_mx,0.14771580942609847,0.06201982908737788
train_median,train,2022-04,country_cn,country_mx,-0.05013155074294943,0.06201982908737788
train_median,train,2022-05,country_cn,country_mx,0.20001104821142093,0.06201982908737788
train_median,train,2022-06,country_cn,country_mx,0.27460428120926694,0.06201982908737788
train_median,train,2022-07,country_cn,country_mx,0.09866176237200407,0.06201982908737788
train_median,train,2022-08,country_cn,country_mx,0.4423533811264016,0.06201982908737788
train_median,train,2022-09,country_cn,country_mx,-0.01782882794752949,0.06201982908737788
train_median,train,2022-10,country_cn,country_mx,-0.17920259549096937,0.06201982908737788
train_median,train,2022-11,country_cn,country_mx,-0.08824559418235363,0.06201982908737788
train_median,train,2022-12,country_cn,country_mx,-0.180706210270654,0.06201982908737788
train_median,train,2021-12,country_cn,country_my,0.3613575340631921,0.06201982908737788
train_median,train,2022-01,country_cn,country_my,0.028680460838901536,0.06201982908737788
train_median,train,2022-02,country_cn,country_my,0.3610526812896199,0.06201982908737788
train_median,train,2022-03,country_cn,country_my,0.3143574454870913,0.06201982908737788
train_median,train,2022-04,country_cn,country_my,0.08825660624578524,0.06201982908737788
train_median,train,2022-05,country_cn,country_my,0.03761441182840012,0.06201982908737788
train_median,train,2022-06,country_cn,country_my,0.06466098791651441,0.06201982908737788
train_median,train,2022-07,country_cn,country_my,0.07662122967837637,0.06201982908737788
train_median,train,2022-08,country_cn,country_my,-0.046965567087377404,0.06201982908737788
train_median,train,2022-09,country_cn,country_my,-0.0374929539348719,0.06201982908737788
train_median,train,2022-10,country_cn,country_my,0.03819972936733537,0.06201982908737788
train_median,train,2022-11,country_cn,country_my,-0.07232875498054804,0.06201982908737788
train_median,train,2022-12,country_cn,country_my,-0.10141658091774615,0.06201982908737788
train_median,train,2021-12,country_cn,country_ph,-0.1249426549963331,0.06201982908737788
train_median,train,2022-01,country_cn,country_ph,-0.3675792743727006,0.06201982908737788
train_median,train,2022-02,country_cn,country_ph,-0.07817572586329917,0.06201982908737788
train_median,train,2022-03,country_cn,country_ph,-0.20764603325779768,0.06201982908737788
train_median,train,2022-04,country_cn,country_ph,0.03807258841733637,0.06201982908737788
train_median,train,2022-05,country_cn,country_ph,0.26263221011180204,0.06201982908737788
train_median,train,2022-06,country_cn,country_ph,0.20384144462405376,0.06201982908737788
train_median,train,2022-07,country_cn,country_ph,0.21147083639733447,0.06201982908737788
train_median,train,2022-08,country_cn,country_ph,0.34699522295154434,0.06201982908737788
train_median,train,2022-09,country_cn,country_ph,0.24546202871946965,0.06201982908737788
train_median,train,2022-10,country_cn,country_ph,-0.05362157023396349,0.06201982908737788
train_median,train,2022-11,country_cn,country_ph,-0.06142931928697511,0.06201982908737788
train_median,train,2022-12,country_cn,country_ph,-0.1317193958194397,0.06201982908737788
train_median,train,2021-12,country_cn,country_sg,0.0428596445913697,0.06201982908737788
train_median,train,2022-01,country_cn,country_sg,-0.10122159613512423,0.06201982908737788
train_median,train,2022-02,country_cn,country_sg,0.11043873812130862,0.06201982908737788
train_median,train,2022-03,country_cn,country_sg,0.016779587266684683,0.06201982908737788
train_median,train,2022-04,country_cn,country_sg,0.06351807973299749,0.06201982908737788
train_median,train,2022-05,country_cn,country_sg,0.14361091846517499,0.06201982908737788
train_median,train,2022-06,country_cn,country_sg,0.2508224764147384,0.06201982908737788
train_median,train,2022-07,country_cn,country_sg,0.14192450269236145,0.06201982908737788
train_median,train,2022-08,country_cn,country_sg,-0.03372368212074504,0.06201982908737788
train_median,train,2022-09,country_cn,country_sg,-0.008500855804901928,0.06201982908737788
train_median,train,2022-10,country_cn,country_sg,-0.149606113198108,0.06201982908737788
train_median,train,2022-11,country_cn,country_sg,-0.10006158083590588,0.06201982908737788
train_median,train,2022-12,country_cn,country_sg,-0.18779896642353455,0.06201982908737788
train_median,train,2021-12,country_cn,country_th,0.2955703263199965,0.06201982908737788
train_median,train,2022-01,country_cn,country_th,0.10577329914963317,0.06201982908737788
train_median,train,2022-02,country_cn,country_th,0.3393785880337522,0.06201982908737788
train_median,train,2022-03,country_cn,country_th,0.20059030327238714,0.06201982908737788
train_median,train,2022-04,country_cn,country_th,0.16830494269184995,0.06201982908737788
train_median,train,2022-05,country_cn,country_th,0.22923627139546984,0.06201982908737788
train_median,train,2022-06,country_cn,country_th,0.18729503008837456,0.06201982908737788
train_median,train,2022-07,country_cn,country_th,0.5078678558184307,0.06201982908737788
train_median,train,2022-08,country_cn,country_th,0.20554812640497436,0.06201982908737788
train_median,train,2022-09,country_cn,country_th,-0.09763103809093768,0.06201982908737788
train_median,train,2022-10,country_cn,country_th,-0.05837744465224826,0.06201982908737788
train_median,train,2022-11,country_cn,country_th,0.040634336888201644,0.06201982908737788
train_median,train,2022-12,country_cn,country_th,0.03349927105073637,0.06201982908737788
train_median,train,2021-12,country_cn,country_us,-0.011237715867514136,0.06201982908737788
train_median,train,2022-01,country_cn,country_us,-0.07818031703175167,0.06201982908737788
train_median,train,2022-02,country_cn,country_us,0.08585366250964516,0.06201982908737788
train_median,train,2022-03,country_cn,country_us,0.2584153147177648,0.06201982908737788
train_median,train,2022-04,country_cn,country_us,0.3694347127038056,0.06201982908737788
train_median,train,2022-05,country_cn,country_us,0.35054566257324205,0.06201982908737788
train_median,train,2022-06,country_cn,country_us,0.03910224911437033,0.06201982908737788
train_median,train,2022-07,country_cn,country_us,0.040753896341156295,0.06201982908737788
train_median,train,2022-08,country_cn,country_us,0.011222682805177608,0.06201982908737788
train_median,train,2022-09,country_cn,country_us,-0.1762392557089889,0.06201982908737788
train_median,train,2022-10,country_cn,country_us,-0.16633382396746352,0.06201982908737788
train_median,train,2022-11,country_cn,country_us,-0.23470171883973237,0.06201982908737788
train_median,train,2022-12,country_cn,country_us,-0.21179685899123232,0.06201982908737788
train_median,train,2021-12,country_cn,country_vn,0.19989431311452968,0.06201982908737788
train_median,train,2022-01,country_cn,country_vn,-0.02280349939908759,0.06201982908737788
train_median,train,2022-02,country_cn,country_vn,0.01474840993909421,0.06201982908737788
train_median,train,2022-03,country_cn,country_vn,0.05952083295655789,0.06201982908737788
train_median,train,2022-04,country_cn,country_vn,0.26486242772939145,0.06201982908737788
train_median,train,2022-05,country_cn,country_vn,0.23977705525983092,0.06201982908737788
train_median,train,2022-06,country_cn,country_vn,0.20673686660055499,0.06201982908737788
train_median,train,2022-07,country_cn,country_vn,0.10879858439553067,0.06201982908737788
train_median,train,2022-08,country_cn,country_vn,0.13978746492464025,0.06201982908737788
train_median,train,2022-09,country_cn,country_vn,-0.11390900227442706,0.06201982908737788
train_median,train,2022-10,country_cn,country_vn,-0.1281422212648283,0.06201982908737788
train_median,train,2022-11,country_cn,country_vn,-0.26133610872200824,0.06201982908737788
train_median,train,2022-12,country_cn,country_vn,-0.33055472769328587,0.06201982908737788
train_median,train,2021-12,country_de,country_203,0.11976794064789847,0.06201982908737788
train_median,train,2022-01,country_de,country_203,0.08433655567795012,0.06201982908737788
train_median,train,2022-02,country_de,country_203,0.049881540795882896,0.06201982908737788
train_median,train,2022-03,country_de,country_203,-0.04402915151325289,0.06201982908737788
train_median,train,2022-04,country_de,country_203,0.10263152052577226,0.06201982908737788
train_median,train,2022-05,country_de,country_203,0.16437482413585297,0.06201982908737788
train_median,train,2022-06,country_de,country_203,-0.18133509184843066,0.06201982908737788
train_median,train,2022-07,country_de,country_203,-0.00645035721984866,0.06201982908737788
train_median,train,2022-08,country_de,country_203,0.35112479327140933,0.06201982908737788
train_median,train,2022-09,country_de,country_203,0.06674069609085882,0.06201982908737788
train_median,train,2022-10,country_de,country_203,0.1598673405661065,0.06201982908737788
train_median,train,2022-11,country_de,country_203,0.005869174347249475,0.06201982908737788
train_median,train,2022-12,country_de,country_203,1.268241954788146,0.06201982908737788
train_median,train,2021-12,country_de,country_344,-0.10022178002458215,0.06201982908737788
train_median,train,2022-01,country_de,country_344,-0.09076230835084277,0.06201982908737788
train_median,train,2022-02,country_de,country_344,0.04995444891605597,0.06201982908737788
train_median,train,2022-03,country_de,country_344,-0.03929874098309029,0.06201982908737788
train_median,train,2022-04,country_de,country_344,0.23560874359801484,0.06201982908737788
train_median,train,2022-05,country_de,country_344,0.5877884491861298,0.06201982908737788
train_median,train,2022-06,country_de,country_344,0.8321931689575303,0.06201982908737788
train_median,train,2022-07,country_de,country_344,0.5585843932421302,0.06201982908737788
train_median,train,2022-08,country_de,country_344,0.3801861205750387,0.06201982908737788
train_median,train,2022-09,country_de,country_344,0.06360608687086583,0.06201982908737788
train_median,train,2022-10,country_de,country_344,0.0608673730469788,0.06201982908737788
train_median,train,2022-11,country_de,country_344,0.2823119104454672,0.06201982908737788
train_median,train,2022-12,country_de,country_344,-0.06848551096131868,0.06201982908737788
train_median,train,2021-12,country_de,country_372,0.6126921733250078,0.06201982908737788
train_median,train,2022-01,country_de,country_372,0.9364303553928858,0.06201982908737788
train_median,train,2022-02,country_de,country_372,-0.05078268679523909,0.06201982908737788
train_median,train,2022-03,country_de,country_372,0.24245499974251009,0.06201982908737788
train_median,train,2022-04,country_de,country_372,0.3030932345835447,0.06201982908737788
train_median,train,2022-05,country_de,country_372,0.45904727627623393,0.06201982908737788
train_median,train,2022-06,country_de,country_372,0.8155144001575068,0.06201982908737788
train_median,train,2022-07,country_de,country_372,0.3769304156179547,0.06201982908737788
train_median,train,2022-08,country_de,country_372,0.18484223668099878,0.06201982908737788
train_median,train,2022-09,country_de,country_372,-0.4367826954940998,0.06201982908737788
train_median,train,2022-10,country_de,country_372,-0.14433162805838937,0.06201982908737788
train_median,train,2022-11,country_de,country_372,0.027572972458316684,0.06201982908737788
train_median,train,2022-12,country_de,country_372,-0.3066194947186127,0.06201982908737788
train_median,train,2021-12,country_de,country_380,0.16251081160686076,0.06201982908737788
train_median,train,2022-01,country_de,country_380,0.18798021150630337,0.06201982908737788
train_median,train,2022-02,country_de,country_380,0.29679125079957125,0.06201982908737788
train_median,train,2022-03,country_de,country_380,0.14533222714924632,0.06201982908737788
train_median,train,2022-04,country_de,country_380,0.11083196671344937,0.06201982908737788
train_median,train,2022-05,country_de,country_380,0.17348559998314014,0.06201982908737788
train_median,train,2022-06,country_de,country_380,0.07936228945167381,0.06201982908737788
train_median,train,2022-07,country_de,country_380,-0.15133788727194866,0.06201982908737788
train_median,train,2022-08,country_de,country_380,0.2639099410372351,0.06201982908737788
train_median,train,2022-09,country_de,country_380,0.04228451896856907,0.06201982908737788
train_median,train,2022-10,country_de,country_380,-0.024151283264927964,0.06201982908737788
train_median,train,2022-11,country_de,country_380,-0.1388096882006408,0.06201982908737788
train_median,train,2022-12,country_de,country_380,0.09637825734192251,0.06201982908737788
train_median,train,2021-12,country_de,country_cn,0.14768106763022315,0.06201982908737788
train_median,train,2022-01,country_de,country_cn,-0.15065875924765074,0.06201982908737788
train_median,train,2022-02,country_de,country_cn,0.07691308019382813,0.06201982908737788
train_median,train,2022-03,country_de,country_cn,-0.06644432582558624,0.06201982908737788
train_median,train,2022-04,country_de,country_cn,0.1336006177494429,0.06201982908737788
train_median,train,2022-05,country_de,country_cn,0.11441765028078299,0.06201982908737788
train_median,train,2022-06,country_de,country_cn,0.13220750042538026,0.06201982908737788
train_median,train,2022-07,country_de,country_cn,0.13683164654709504,0.06201982908737788
train_median,train,2022-08,country_de,country_cn,0.20601856248167344,0.06201982908737788
train_median,train,2022-09,country_de,country_cn,0.013333511599510465,0.06201982908737788
train_median,train,2022-10,country_de,country_cn,-0.05366482612649607,0.06201982908737788
train_median,train,2022-11,country_de,country_cn,-0.23935086744752396,0.06201982908737788
train_median,train,2022-12,country_de,country_cn,-0.13683396962455763,0.06201982908737788
train_median,train,2021-12,country_de,country_fr,-0.056748859252685364,0.06201982908737788
train_median,train,2022-01,country_de,country_fr,-0.2306986457655393,0.06201982908737788
train_median,train,2022-02,country_de,country_fr,0.01737430079813693,0.06201982908737788
train_median,train,2022-03,country_de,country_fr,-0.013481429762629976,0.06201982908737788
train_median,train,2022-04,country_de,country_fr,-0.04700580554603943,0.06201982908737788
train_median,train,2022-05,country_de,country_fr,0.002004393269514422,0.06201982908737788
train_median,train,2022-06,country_de,country_fr,-0.1474134711367394,0.06201982908737788
train_median,train,2022-07,country_de,country_fr,-0.03941060357818029,0.06201982908737788
train_median,train,2022-08,country_de,country_fr,0.08551384249637792,0.06201982908737788
train_median,train,2022-09,country_de,country_fr,-0.11708186493198511,0.06201982908737788
train_median,train,2022-10,country_de,country_fr,0.03838174145233381,0.06201982908737788
train_median,train,2022-11,country_de,country_fr,-0.001423971941067882,0.06201982908737788
train_median,train,2022-12,country_de,country_fr,0.12495731225173635,0.06201982908737788
train_median,train,2021-12,country_de,country_gb,-0.7968733585681607,0.06201982908737788
train_median,train,2022-01,country_de,country_gb,-0.7171156765158594,0.06201982908737788
train_median,train,2022-02,country_de,country_gb,-0.7525114714358744,0.06201982908737788
train_median,train,2022-03,country_de,country_gb,-0.7359759915393725,0.06201982908737788
train_median,train,2022-04,country_de,country_gb,-0.7189081873395412,0.06201982908737788
train_median,train,2022-05,country_de,country_gb,-0.7476705382909491,0.06201982908737788
train_median,train,2022-06,country_de,country_gb,-0.5869363770530525,0.06201982908737788
train_median,train,2022-07,country_de,country_gb,0.17597619604004114,0.06201982908737788
train_median,train,2022-08,country_de,country_gb,0.09307544124029861,0.06201982908737788
train_median,train,2022-09,country_de,country_gb,-0.3644090223381133,0.06201982908737788
train_median,train,2022-10,country_de,country_gb,-0.021907321990798465,0.06201982908737788
train_median,train,2022-11,country_de,country_gb,0.09571589619830523,0.06201982908737788
train_median,train,2022-12,country_de,country_gb,0.0712830659766209,0.06201982908737788
train_median,train,2021-12,country_de,country_in,0.2812582231579708,0.06201982908737788
train_median,train,2022-01,country_de,country_in,0.191411862739917,0.06201982908737788
train_median,train,2022-02,country_de,country_in,0.35320526527333534,0.06201982908737788
train_median,train,2022-03,country_de,country_in,0.2057885757418768,0.06201982908737788
train_median,train,2022-04,country_de,country_in,0.2947850430468008,0.06201982908737788
train_median,train,2022-05,country_de,country_in,0.6449805098311153,0.06201982908737788
train_median,train,2022-06,country_de,country_in,0.37792223920193024,0.06201982908737788
train_median,train,2022-07,country_de,country_in,-0.0643975483336083,0.06201982908737788
train_median,train,2022-08,country_de,country_in,0.14946953087272266,0.06201982908737788
train_median,train,2022-09,country_de,country_in,0.11994371350824243,0.06201982908737788
train_median,train,2022-10,country_de,country_in,0.45831088686094545,0.06201982908737788
train_median,train,2022-11,country_de,country_in,0.4571564290591265,0.06201982908737788
train_median,train,2022-12,country_de,country_in,-0.22501716254454965,0.06201982908737788
train_median,train,2021-12,country_de,country_jp,0.09512251608258214,0.06201982908737788
train_median,train,2022-01,country_de,country_jp,0.337700484618712,0.06201982908737788
train_median,train,2022-02,country_de,country_jp,0.34196590751062517,0.06201982908737788
train_median,train,2022-03,country_de,country_jp,-0.0064604107468480025,0.06201982908737788
train_median,train,2022-04,country_de,country_jp,0.27783407392356363,0.06201982908737788
train_median,train,2022-05,country_de,country_jp,0.268702345422464,0.06201982908737788
train_median,train,2022-06,country_de,country_jp,0.17066676521005844,0.06201982908737788
train_median,train,2022-07,country_de,country_jp,0.3060695052770445,0.06201982908737788
train_median,train,2022-08,country_de,country_jp,0.17217731601327305,0.06201982908737788
train_median,train,2022-09,country_de,country_jp,0.11573066416227287,0.06201982908737788
train_median,train,2022-10,country_de,country_jp,-0.12106037847758645,0.06201982908737788
train_median,train,2022-11,country_de,country_jp,-0.0809831156114267,0.06201982908737788
train_median,train,2022-12,country_de,country_jp,-0.026496775518063214,0.06201982908737788
train_median,train,2021-12,country_de,country_kr,0.005560505129776548,0.06201982908737788
train_median,train,2022-01,country_de,country_kr,-0.01620560822216411,0.06201982908737788
train_median,train,2022-02,country_de,country_kr,0.14573242945036263,0.06201982908737788
train_median,train,2022-03,country_de,country_kr,0.0693296121029697,0.06201982908737788
train_median,train,2022-04,country_de,country_kr,0.3437526040452556,0.06201982908737788
train_median,train,2022-05,country_de,country_kr,0.17055051217819253,0.06201982908737788
train_median,train,2022-06,country_de,country_kr,0.2777083444748322,0.06201982908737788
train_median,train,2022-07,country_de,country_kr,0.08396824116327718,0.06201982908737788
train_median,train,2022-08,country_de,country_kr,-0.16489600789020423,0.06201982908737788
train_median,train,2022-09,country_de,country_kr,-0.38452260969135144,0.06201982908737788
train_median,train,2022-10,country_de,country_kr,-0.2916225195296963,0.06201982908737788
train_median,train,2022-11,country_de,country_kr,-0.3570841221915153,0.06201982908737788
train_median,train,2022-12,country_de,country_kr,-0.05112227333595089,0.06201982908737788
train_median,train,2021-12,country_de,country_mx,-0.10550737976129425,0.06201982908737788
train_median,train,2022-01,country_de,country_mx,0.02959505167278044,0.06201982908737788
train_median,train,2022-02,country_de,country_mx,0.358473206327621,0.06201982908737788
train_median,train,2022-03,country_de,country_mx,0.3548641134396342,0.06201982908737788
train_median,train,2022-04,country_de,country_mx,0.231207000302099,0.06201982908737788
train_median,train,2022-05,country_de,country_mx,0.3362124383712763,0.06201982908737788
train_median,train,2022-06,country_de,country_mx,0.25362170679142915,0.06201982908737788
train_median,train,2022-07,country_de,country_mx,0.2613769273967857,0.06201982908737788
train_median,train,2022-08,country_de,country_mx,0.18291631225144864,0.06201982908737788
train_median,train,2022-09,country_de,country_mx,0.08323536941360819,0.06201982908737788
train_median,train,2022-10,country_de,country_mx,0.04821431711982163,0.06201982908737788
train_median,train,2022-11,country_de,country_mx,0.16638478215609995,0.06201982908737788
train_median,train,2022-12,country_de,country_mx,0.16600429205842784,0.06201982908737788
train_median,train,2021-12,country_de,country_my,-0.09845208370495723,0.06201982908737788
train_median,train,2022-01,country_de,country_my,-0.2749220405020518,0.06201982908737788
train_median,train,2022-02,country_de,country_my,-0.059922122638579475,0.06201982908737788
train_median,train,2022-03,country_de,country_my,-0.08049753715223468,0.06201982908737788
train_median,train,2022-04,country_de,country_my,-0.0322340989401826,0.06201982908737788
train_median,train,2022-05,country_de,country_my,-0.03987282631868527,0.06201982908737788
train_median,train,2022-06,country_de,country_my,-0.06770963241934942,0.06201982908737788
train_median,train,2022-07,country_de,country_my,0.01188332101913499,0.06201982908737788
train_median,train,2022-08,country_de,country_my,-0.13657124276940058,0.06201982908737788
train_median,train,2022-09,country_de,country_my,-0.060109491906004855,0.06201982908737788
train_median,train,2022-10,country_de,country_my,0.03369097379655874,0.06201982908737788
train_median,train,2022-11,country_de,country_my,-0.0556341358626583,0.06201982908737788
train_median,train,2022-12,country_de,country_my,0.10481263467455418,0.06201982908737788
train_median,train,2021-12,country_de,country_ph,0.06682892238011365,0.06201982908737788
train_median,train,2022-01,country_de,country_ph,0.04367698991716218,0.06201982908737788
train_median,train,2022-02,country_de,country_ph,-0.14811770997407897,0.06201982908737788
train_median,train,2022-03,country_de,country_ph,-0.1440021101819934,0.06201982908737788
train_median,train,2022-04,country_de,country_ph,-0.12608564224617586,0.06201982908737788
train_median,train,2022-05,country_de,country_ph,-0.075872151782732,0.06201982908737788
train_median,train,2022-06,country_de,country_ph,-0.0004338373279731703,0.06201982908737788
train_median,train,2022-07,country_de,country_ph,-0.048313753586116025,0.06201982908737788
train_median,train,2022-08,country_de,country_ph,-0.20936696944509503,0.06201982908737788
train_median,train,2022-09,country_de,country_ph,-0.0627662112538605,0.06201982908737788
train_median,train,2022-10,country_de,country_ph,-0.0117830689789075,0.06201982908737788
train_median,train,2022-11,country_de,country_ph,0.03292020348129458,0.06201982908737788
train_median,train,2022-12,country_de,country_ph,0.1565172821931525,0.06201982908737788
train_median,train,2021-12,country_de,country_sg,-0.04017652639229487,0.06201982908737788
train_median,train,2022-01,country_de,country_sg,-0.19991126667419973,0.06201982908737788
train_median,train,2022-02,country_de,country_sg,-0.0898437333797553,0.06201982908737788
train_median,train,2022-03,country_de,country_sg,-0.15204482249397894,0.06201982908737788
train_median,train,2022-04,country_de,country_sg,-0.18171938250419403,0.06201982908737788
train_median,train,2022-05,country_de,country_sg,-0.03680402241408125,0.06201982908737788
train_median,train,2022-06,country_de,country_sg,-0.011697331887313063,0.06201982908737788
train_median,train,2022-07,country_de,country_sg,-0.015024625850848497,0.06201982908737788
train_median,train,2022-08,country_de,country_sg,-0.15955922523018046,0.06201982908737788
train_median,train,2022-09,country_de,country_sg,-0.16872741767226393,0.06201982908737788
train_median,train,2022-10,country_de,country_sg,-0.039682519846130554,0.06201982908737788
train_median,train,2022-11,country_de,country_sg,-0.17682372587861675,0.06201982908737788
train_median,train,2022-12,country_de,country_sg,-0.07276995296889181,0.06201982908737788
train_median,train,2021-12,country_de,country_th,0.12785331249335563,0.06201982908737788
train_median,train,2022-01,country_de,country_th,0.0109547731160751,0.06201982908737788
train_median,train,2022-02,country_de,country_th,0.1883106271871378,0.06201982908737788
train_median,train,2022-03,country_de,country_th,0.04403138586858333,0.06201982908737788
train_median,train,2022-04,country_de,country_th,0.00801520342251032,0.06201982908737788
train_median,train,2022-05,country_de,country_th,0.2442332657668771,0.06201982908737788
train_median,train,2022-06,country_de,country_th,0.06743844084006496,0.06201982908737788
train_median,train,2022-07,country_de,country_th,0.18314759712393452,0.06201982908737788
train_median,train,2022-08,country_de,country_th,0.12877161387383118,0.06201982908737788
train_median,train,2022-09,country_de,country_th,0.19106113922463513,0.06201982908737788
train_median,train,2022-10,country_de,country_th,0.24812826264142415,0.06201982908737788
train_median,train,2022-11,country_de,country_th,0.1282166102419985,0.06201982908737788
train_median,train,2022-12,country_de,country_th,0.5586548262086519,0.06201982908737788
train_median,train,2021-12,country_de,country_us,0.08709811701030908,0.06201982908737788
train_median,train,2022-01,country_de,country_us,0.09820595264880745,0.06201982908737788
train_median,train,2022-02,country_de,country_us,0.1736832311686496,0.06201982908737788
train_median,train,2022-03,country_de,country_us,0.05427160338433818,0.06201982908737788
train_median,train,2022-04,country_de,country_us,0.22424714318441016,0.06201982908737788
train_median,train,2022-05,country_de,country_us,0.3409341210668978,0.06201982908737788
train_median,train,2022-06,country_de,country_us,0.17029818884984202,0.06201982908737788
train_median,train,2022-07,country_de,country_us,0.19213763833244388,0.06201982908737788
train_median,train,2022-08,country_de,country_us,0.10047519106748375,0.06201982908737788
train_median,train,2022-09,country_de,country_us,0.3407675912691231,0.06201982908737788
train_median,train,2022-10,country_de,country_us,0.2542958417338728,0.06201982908737788
train_median,train,2022-11,country_de,country_us,0.2843270119956337,0.06201982908737788
train_median,train,2022-12,country_de,country_us,0.30249825421603793,0.06201982908737788
train_median,train,2021-12,country_de,country_vn,0.4485157274296498,0.06201982908737788
train_median,train,2022-01,country_de,country_vn,0.524386953301299,0.06201982908737788
train_median,train,2022-02,country_de,country_vn,0.527332717456952,0.06201982908737788
train_median,train,2022-03,country_de,country_vn,0.5084147698536662,0.06201982908737788
train_median,train,2022-04,country_de,country_vn,-0.11672532459676223,0.06201982908737788
train_median,train,2022-05,country_de,country_vn,-0.41085745535172463,0.06201982908737788
train_median,train,2022-06,country_de,country_vn,0.014736486063394425,0.06201982908737788
train_median,train,2022-07,country_de,country_vn,-0.41286232625257224,0.06201982908737788
train_median,train,2022-08,country_de,country_vn,-0.3068480700926182,0.06201982908737788
train_median,train,2022-09,country_de,country_vn,-0.025581142504347117,0.06201982908737788
train_median,train,2022-10,country_de,country_vn,-0.14025187452150267,0.06201982908737788
train_median,train,2022-11,country_de,country_vn,-0.3936011381099301,0.06201982908737788
train_median,train,2022-12,country_de,country_vn,-0.3799396024304669,0.06201982908737788
train_median,train,2021-12,country_fr,country_203,0.23019894241832914,0.06201982908737788
train_median,train,2022-01,country_fr,country_203,0.03459008138269359,0.06201982908737788
train_median,train,2022-02,country_fr,country_203,0.19950420802981994,0.06201982908737788
train_median,train,2022-03,country_fr,country_203,0.10205812457375078,0.06201982908737788
train_median,train,2022-04,country_fr,country_203,-0.19874645959194787,0.06201982908737788
train_median,train,2022-05,country_fr,country_203,-0.10880192842090493,0.06201982908737788
train_median,train,2022-06,country_fr,country_203,0.007161845964093666,0.06201982908737788
train_median,train,2022-07,country_fr,country_203,1.2962849513395642,0.06201982908737788
train_median,train,2022-08,country_fr,country_203,0.1123009533879174,0.06201982908737788
train_median,train,2022-09,country_fr,country_203,-0.09802502090839921,0.06201982908737788
train_median,train,2022-10,country_fr,country_203,0.2612606664277135,0.06201982908737788
train_median,train,2022-11,country_fr,country_203,-0.010568959987926578,0.06201982908737788
train_median,train,2022-12,country_fr,country_203,0.1281583713630649,0.06201982908737788
train_median,train,2021-12,country_fr,country_344,0.06944277155569248,0.06201982908737788
train_median,train,2022-01,country_fr,country_344,-0.16924479123769215,0.06201982908737788
train_median,train,2022-02,country_fr,country_344,-0.5088585154664951,0.06201982908737788
train_median,train,2022-03,country_fr,country_344,-0.2037574200898232,0.06201982908737788
train_median,train,2022-04,country_fr,country_344,-0.06894925093957555,0.06201982908737788
train_median,train,2022-05,country_fr,country_344,-0.10675990919668753,0.06201982908737788
train_median,train,2022-06,country_fr,country_344,0.11087588299014617,0.06201982908737788
train_median,train,2022-07,country_fr,country_344,-0.12010217862365177,0.06201982908737788
train_median,train,2022-08,country_fr,country_344,0.007603155299659509,0.06201982908737788
train_median,train,2022-09,country_fr,country_344,-0.18734337400512824,0.06201982908737788
train_median,train,2022-10,country_fr,country_344,-0.030384211748066933,0.06201982908737788
train_median,train,2022-11,country_fr,country_344,-0.099345048553599,0.06201982908737788
train_median,train,2022-12,country_fr,country_344,-0.42052914443722944,0.06201982908737788
train_median,train,2021-12,country_fr,country_372,-0.3733104960557304,0.06201982908737788
train_median,train,2022-01,country_fr,country_372,0.1895451661149726,0.06201982908737788
train_median,train,2022-02,country_fr,country_372,-0.0920545715054268,0.06201982908737788
train_median,train,2022-03,country_fr,country_372,0.39733301392721765,0.06201982908737788
train_median,train,2022-04,country_fr,country_372,0.04127982853772297,0.06201982908737788
train_median,train,2022-05,country_fr,country_372,0.13797373326484,0.06201982908737788
train_median,train,2022-06,country_fr,country_372,0.8135671262730763,0.06201982908737788
train_median,train,2022-07,country_fr,country_372,0.9121752744683229,0.06201982908737788
train_median,train,2022-08,country_fr,country_372,0.14877770035323892,0.06201982908737788
train_median,train,2022-09,country_fr,country_372,-0.11006878949071634,0.06201982908737788
train_median,train,2022-10,country_fr,country_372,1.652686465662629,0.06201982908737788
train_median,train,2022-11,country_fr,country_372,-0.1725088307340021,0.06201982908737788
train_median,train,2022-12,country_fr,country_372,1.699135581365928,0.06201982908737788
train_median,train,2021-12,country_fr,country_380,-0.16494952204229743,0.06201982908737788
train_median,train,2022-01,country_fr,country_380,0.04419212569385049,0.06201982908737788
train_median,train,2022-02,country_fr,country_380,0.24059887159149498,0.06201982908737788
train_median,train,2022-03,country_fr,country_380,-0.18299737398661697,0.06201982908737788
train_median,train,2022-04,country_fr,country_380,0.3213662662314233,0.06201982908737788
train_median,train,2022-05,country_fr,country_380,0.26198667010217747,0.06201982908737788
train_median,train,2022-06,country_fr,country_380,-0.08508133388856985,0.06201982908737788
train_median,train,2022-07,country_fr,country_380,0.12395752671541012,0.06201982908737788
train_median,train,2022-08,country_fr,country_380,-0.16642235618590953,0.06201982908737788
train_median,train,2022-09,country_fr,country_380,0.0653456701663684,0.06201982908737788
train_median,train,2022-10,country_fr,country_380,0.0682600086385201,0.06201982908737788
train_median,train,2022-11,country_fr,country_380,0.5185099634017497,0.06201982908737788
train_median,train,2022-12,country_fr,country_380,0.05410598270575166,0.06201982908737788
train_median,train,2021-12,country_fr,country_cn,-0.07769828255840074,0.06201982908737788
train_median,train,2022-01,country_fr,country_cn,-0.23386711114599912,0.06201982908737788
train_median,train,2022-02,country_fr,country_cn,-0.019184168675556286,0.06201982908737788
train_median,train,2022-03,country_fr,country_cn,0.04180698340414857,0.06201982908737788
train_median,train,2022-04,country_fr,country_cn,0.02276888667171394,0.06201982908737788
train_median,train,2022-05,country_fr,country_cn,0.16291442242558102,0.06201982908737788
train_median,train,2022-06,country_fr,country_cn,0.0051211620841160365,0.06201982908737788
train_median,train,2022-07,country_fr,country_cn,0.013923931555748325,0.06201982908737788
train_median,train,2022-08,country_fr,country_cn,-0.01339831429728591,0.06201982908737788
train_median,train,2022-09,country_fr,country_cn,-0.0027418648710377954,0.06201982908737788
train_median,train,2022-10,country_fr,country_cn,-0.10056601180749618,0.06201982908737788
train_median,train,2022-11,country_fr,country_cn,-0.07759547588296294,0.06201982908737788
train_median,train,2022-12,country_fr,country_cn,-0.28107081731059735,0.06201982908737788
train_median,train,2021-12,country_fr,country_de,0.2528336999874232,0.06201982908737788
train_median,train,2022-01,country_fr,country_de,0.09664264102123103,0.06201982908737788
train_median,train,2022-02,country_fr,country_de,0.335988694856507,0.06201982908737788
train_median,train,2022-03,country_fr,country_de,0.4718428089994494,0.06201982908737788
train_median,train,2022-04,country_fr,country_de,0.42116648034001103,0.06201982908737788
train_median,train,2022-05,country_fr,country_de,0.1322112799461745,0.06201982908737788
train_median,train,2022-06,country_fr,country_de,0.17529411031429734,0.06201982908737788
train_median,train,2022-07,country_fr,country_de,0.3100186764047381,0.06201982908737788
train_median,train,2022-08,country_fr,country_de,0.29415044961258285,0.06201982908737788
train_median,train,2022-09,country_fr,country_de,0.28356041597654436,0.06201982908737788
train_median,train,2022-10,country_fr,country_de,0.38205480383928103,0.06201982908737788
train_median,train,2022-11,country_fr,country_de,-0.004088367899211004,0.06201982908737788
train_median,train,2022-12,country_fr,country_de,-0.7273613606892071,0.06201982908737788
train_median,train,2021-12,country_fr,country_gb,-0.6882143907165417,0.06201982908737788
train_median,train,2022-01,country_fr,country_gb,-0.5833933026589612,0.06201982908737788
train_median,train,2022-02,country_fr,country_gb,-0.4424958248649317,0.06201982908737788
train_median,train,2022-03,country_fr,country_gb,-0.45176413059937576,0.06201982908737788
train_median,train,2022-04,country_fr,country_gb,-0.5306709045745996,0.06201982908737788
train_median,train,2022-05,country_fr,country_gb,0.04937688685680097,0.06201982908737788
train_median,train,2022-06,country_fr,country_gb,-0.36838424053583557,0.06201982908737788
train_median,train,2022-07,country_fr,country_gb,-0.459241749811816,0.06201982908737788
train_median,train,2022-08,country_fr,country_gb,0.11739282894565503,0.06201982908737788
train_median,train,2022-09,country_fr,country_gb,-0.20616835859516958,0.06201982908737788
train_median,train,2022-10,country_fr,country_gb,0.19550261385550058,0.06201982908737788
train_median,train,2022-11,country_fr,country_gb,0.3408931489361471,0.06201982908737788
train_median,train,2022-12,country_fr,country_gb,-0.11529801172637577,0.06201982908737788
train_median,train,2021-12,country_fr,country_in,2.5074328386723743,0.06201982908737788
train_median,train,2022-01,country_fr,country_in,1.5406642999627267,0.06201982908737788
train_median,train,2022-02,country_fr,country_in,1.4040914406086804,0.06201982908737788
train_median,train,2022-03,country_fr,country_in,1.960424994614428,0.06201982908737788
train_median,train,2022-04,country_fr,country_in,1.4801510812845386,0.06201982908737788
train_median,train,2022-05,country_fr,country_in,-0.20729131654437588,0.06201982908737788
train_median,train,2022-06,country_fr,country_in,0.3818024235928473,0.06201982908737788
train_median,train,2022-07,country_fr,country_in,0.9986833491309695,0.06201982908737788
train_median,train,2022-08,country_fr,country_in,1.7170366476282153,0.06201982908737788
train_median,train,2022-09,country_fr,country_in,3.0412871265856487,0.06201982908737788
train_median,train,2022-10,country_fr,country_in,-0.05173946018935241,0.06201982908737788
train_median,train,2022-11,country_fr,country_in,0.651748263220334,0.06201982908737788
train_median,train,2022-12,country_fr,country_in,0.29673014646486123,0.06201982908737788
train_median,train,2021-12,country_fr,country_jp,0.10577671348696563,0.06201982908737788
train_median,train,2022-01,country_fr,country_jp,0.036707098942879095,0.06201982908737788
train_median,train,2022-02,country_fr,country_jp,0.4600731546035069,0.06201982908737788
train_median,train,2022-03,country_fr,country_jp,0.08340180286583002,0.06201982908737788
train_median,train,2022-04,country_fr,country_jp,0.2357766638286016,0.06201982908737788
train_median,train,2022-05,country_fr,country_jp,0.640520254411034,0.06201982908737788
train_median,train,2022-06,country_fr,country_jp,0.02984032438590747,0.06201982908737788
train_median,train,2022-07,country_fr,country_jp,0.3644865191817794,0.06201982908737788
train_median,train,2022-08,country_fr,country_jp,0.34965033766813736,0.06201982908737788
train_median,train,2022-09,country_fr,country_jp,0.330093992252997,0.06201982908737788
train_median,train,2022-10,country_fr,country_jp,0.1988646941551111,0.06201982908737788
train_median,train,2022-11,country_fr,country_jp,-0.02441920913716714,0.06201982908737788
train_median,train,2022-12,country_fr,country_jp,0.10622376732827117,0.06201982908737788
train_median,train,2021-12,country_fr,country_kr,0.13740716810005088,0.06201982908737788
train_median,train,2022-01,country_fr,country_kr,0.34863547180056303,0.06201982908737788
train_median,train,2022-02,country_fr,country_kr,0.3220950100787146,0.06201982908737788
train_median,train,2022-03,country_fr,country_kr,-0.21031901107038575,0.06201982908737788
train_median,train,2022-04,country_fr,country_kr,-0.20662046211248267,0.06201982908737788
train_median,train,2022-05,country_fr,country_kr,-0.10105662036712887,0.06201982908737788
train_median,train,2022-06,country_fr,country_kr,0.054093599388775906,0.06201982908737788
train_median,train,2022-07,country_fr,country_kr,0.37088859938981794,0.06201982908737788
train_median,train,2022-08,country_fr,country_kr,0.21488289913725922,0.06201982908737788
train_median,train,2022-09,country_fr,country_kr,0.11218299865556013,0.06201982908737788
train_median,train,2022-10,country_fr,country_kr,0.10107944979690295,0.06201982908737788
train_median,train,2022-11,country_fr,country_kr,-0.08809379267404809,0.06201982908737788
train_median,train,2022-12,country_fr,country_kr,-0.07715625285852552,0.06201982908737788
train_median,train,2021-12,country_fr,country_mx,0.5532865475745928,0.06201982908737788
train_median,train,2022-01,country_fr,country_mx,-0.2549289201033854,0.06201982908737788
train_median,train,2022-02,country_fr,country_mx,-0.38348404753169874,0.06201982908737788
train_median,train,2022-03,country_fr,country_mx,0.8192004111666603,0.06201982908737788
train_median,train,2022-04,country_fr,country_mx,0.0016551234034449247,0.06201982908737788
train_median,train,2022-05,country_fr,country_mx,0.40391216280862596,0.06201982908737788
train_median,train,2022-06,country_fr,country_mx,0.6399115142772779,0.06201982908737788
train_median,train,2022-07,country_fr,country_mx,-0.5274671691071428,0.06201982908737788
train_median,train,2022-08,country_fr,country_mx,1.7183227082698007,0.06201982908737788
train_median,train,2022-09,country_fr,country_mx,0.3231068287764053,0.06201982908737788
train_median,train,2022-10,country_fr,country_mx,0.681009451456751,0.06201982908737788
train_median,train,2022-11,country_fr,country_mx,-0.28935377661510114,0.06201982908737788
train_median,train,2022-12,country_fr,country_mx,0.13116345162811277,0.06201982908737788
train_median,train,2021-12,country_fr,country_my,0.223393924033437,0.06201982908737788
train_median,train,2022-01,country_fr,country_my,-0.04595363998958723,0.06201982908737788
train_median,train,2022-02,country_fr,country_my,0.2886391194133085,0.06201982908737788
train_median,train,2022-03,country_fr,country_my,0.12058827053559772,0.06201982908737788
train_median,train,2022-04,country_fr,country_my,-0.047639833583552664,0.06201982908737788
train_median,train,2022-05,country_fr,country_my,0.39387997710243156,0.06201982908737788
train_median,train,2022-06,country_fr,country_my,0.29213134266158935,0.06201982908737788
train_median,train,2022-07,country_fr,country_my,0.02693112180519441,0.06201982908737788
train_median,train,2022-08,country_fr,country_my,-0.09451667470276909,0.06201982908737788
train_median,train,2022-09,country_fr,country_my,-0.05531282423551664,0.06201982908737788
train_median,train,2022-10,country_fr,country_my,-0.18254729760829677,0.06201982908737788
train_median,train,2022-11,country_fr,country_my,0.04138413933797816,0.06201982908737788
train_median,train,2022-12,country_fr,country_my,-0.021620916036208193,0.06201982908737788
train_median,train,2021-12,country_fr,country_ph,0.23559060164440193,0.06201982908737788
train_median,train,2022-01,country_fr,country_ph,-0.02292656135276203,0.06201982908737788
train_median,train,2022-02,country_fr,country_ph,0.214502343243315,0.06201982908737788
train_median,train,2022-03,country_fr,country_ph,0.13153989522459597,0.06201982908737788
train_median,train,2022-04,country_fr,country_ph,0.27478769094381994,0.06201982908737788
train_median,train,2022-05,country_fr,country_ph,0.038513641631138365,0.06201982908737788
train_median,train,2022-06,country_fr,country_ph,-0.01026274259842377,0.06201982908737788
train_median,train,2022-07,country_fr,country_ph,-0.05616431378265287,0.06201982908737788
train_median,train,2022-08,country_fr,country_ph,0.03820302497854558,0.06201982908737788
train_median,train,2022-09,country_fr,country_ph,0.09535702010033598,0.06201982908737788
train_median,train,2022-10,country_fr,country_ph,0.2599126545887232,0.06201982908737788
train_median,train,2022-11,country_fr,country_ph,0.43752972628425874,0.06201982908737788
train_median,train,2022-12,country_fr,country_ph,0.03661475959000476,0.06201982908737788
train_median,train,2021-12,country_fr,country_sg,0.013907675107542506,0.06201982908737788
train_median,train,2022-01,country_fr,country_sg,0.051790039773371425,0.06201982908737788
train_median,train,2022-02,country_fr,country_sg,0.031207084871075586,0.06201982908737788
train_median,train,2022-03,country_fr,country_sg,-0.0663265272969936,0.06201982908737788
train_median,train,2022-04,country_fr,country_sg,0.02208772221622031,0.06201982908737788
train_median,train,2022-05,country_fr,country_sg,0.227415106326472,0.06201982908737788
train_median,train,2022-06,country_fr,country_sg,0.13895977094329068,0.06201982908737788
train_median,train,2022-07,country_fr,country_sg,0.21136421675119277,0.06201982908737788
train_median,train,2022-08,country_fr,country_sg,0.1105246105225759,0.06201982908737788
train_median,train,2022-09,country_fr,country_sg,0.037514712489413946,0.06201982908737788
train_median,train,2022-10,country_fr,country_sg,0.05777221376732826,0.06201982908737788
train_median,train,2022-11,country_fr,country_sg,0.30550725874823376,0.06201982908737788
train_median,train,2022-12,country_fr,country_sg,0.07217489862095514,0.06201982908737788
train_median,train,2021-12,country_fr,country_th,0.3151447265994526,0.06201982908737788
train_median,train,2022-01,country_fr,country_th,0.14672362465340405,0.06201982908737788
train_median,train,2022-02,country_fr,country_th,0.10121608887807096,0.06201982908737788
train_median,train,2022-03,country_fr,country_th,-0.12379609888651093,0.06201982908737788
train_median,train,2022-04,country_fr,country_th,0.24606262975556378,0.06201982908737788
train_median,train,2022-05,country_fr,country_th,0.12849998325030065,0.06201982908737788
train_median,train,2022-06,country_fr,country_th,-0.164398216686691,0.06201982908737788
train_median,train,2022-07,country_fr,country_th,0.2309208599935824,0.06201982908737788
train_median,train,2022-08,country_fr,country_th,0.13693874345180593,0.06201982908737788
train_median,train,2022-09,country_fr,country_th,-0.00840681991963562,0.06201982908737788
train_median,train,2022-10,country_fr,country_th,-0.4135887515075816,0.06201982908737788
train_median,train,2022-11,country_fr,country_th,-0.2720903954569236,0.06201982908737788
train_median,train,2022-12,country_fr,country_th,-0.2621648116155445,0.06201982908737788
train_median,train,2021-12,country_fr,country_us,0.19004405468931435,0.06201982908737788
train_median,train,2022-01,country_fr,country_us,-0.04221418505428349,0.06201982908737788
train_median,train,2022-02,country_fr,country_us,0.10509407720930142,0.06201982908737788
train_median,train,2022-03,country_fr,country_us,0.2383635860194602,0.06201982908737788
train_median,train,2022-04,country_fr,country_us,0.28155111283428985,0.06201982908737788
train_median,train,2022-05,country_fr,country_us,0.17821340517271733,0.06201982908737788
train_median,train,2022-06,country_fr,country_us,-0.1420495648931704,0.06201982908737788
train_median,train,2022-07,country_fr,country_us,-0.05490164543687472,0.06201982908737788
train_median,train,2022-08,country_fr,country_us,0.11071759648276348,0.06201982908737788
train_median,train,2022-09,country_fr,country_us,0.14606794138906873,0.06201982908737788
train_median,train,2022-10,country_fr,country_us,-0.1400455266041911,0.06201982908737788
train_median,train,2022-11,country_fr,country_us,0.46575727087002555,0.06201982908737788
train_median,train,2022-12,country_fr,country_us,-0.0936057725456472,0.06201982908737788
train_median,train,2021-12,country_fr,country_vn,-0.1125493361082873,0.06201982908737788
train_median,train,2022-01,country_fr,country_vn,-0.34431717062247885,0.06201982908737788
train_median,train,2022-02,country_fr,country_vn,0.35227405786920807,0.06201982908737788
train_median,train,2022-03,country_fr,country_vn,-0.3255355105918777,0.06201982908737788
train_median,train,2022-04,country_fr,country_vn,-0.09686744388596699,0.06201982908737788
train_median,train,2022-05,country_fr,country_vn,0.056171578793225534,0.06201982908737788
train_median,train,2022-06,country_fr,country_vn,0.4233352317063439,0.06201982908737788
train_median,train,2022-07,country_fr,country_vn,0.4195847219944934,0.06201982908737788
train_median,train,2022-08,country_fr,country_vn,0.2416884059960743,0.06201982908737788
train_median,train,2022-09,country_fr,country_vn,-0.06964411066990696,0.06201982908737788
train_median,train,2022-10,country_fr,country_vn,-0.4098135816842684,0.06201982908737788
train_median,train,2022-11,country_fr,country_vn,-0.16104796230208873,0.06201982908737788
train_median,train,2022-12,country_fr,country_vn,-0.07029122969821437,0.06201982908737788
train_median,train,2021-12,country_gb,country_203,0.5351071681955961,0.06201982908737788
train_median,train,2022-01,country_gb,country_203,0.42486819830936284,0.06201982908737788
train_median,train,2022-02,country_gb,country_203,0.9107112084655343,0.06201982908737788
train_median,train,2022-03,country_gb,country_203,0.7955146978410954,0.06201982908737788
train_median,train,2022-04,country_gb,country_203,0.8519627564195151,0.06201982908737788
train_median,train,2022-05,country_gb,country_203,2.1063850132287523,0.06201982908737788
train_median,train,2022-06,country_gb,country_203,-0.4270917461086226,0.06201982908737788
train_median,train,2022-07,country_gb,country_203,0.16788106464688216,0.06201982908737788
train_median,train,2022-08,country_gb,country_203,-0.08041415678638832,0.06201982908737788
train_median,train,2022-09,country_gb,country_203,0.35078235297108123,0.06201982908737788
train_median,train,2022-10,country_gb,country_203,0.3677510786118297,0.06201982908737788
train_median,train,2022-11,country_gb,country_203,0.48313840021533816,0.06201982908737788
train_median,train,2022-12,country_gb,country_203,0.40660143984160324,0.06201982908737788
train_median,train,2021-12,country_gb,country_344,-0.1832928316653571,0.06201982908737788
train_median,train,2022-01,country_gb,country_344,-0.08474331138531976,0.06201982908737788
train_median,train,2022-02,country_gb,country_344,0.4363653848655159,0.06201982908737788
train_median,train,2022-03,country_gb,country_344,0.6322805785107236,0.06201982908737788
train_median,train,2022-04,country_gb,country_344,0.45279796220929225,0.06201982908737788
train_median,train,2022-05,country_gb,country_344,0.6110588812774495,0.06201982908737788
train_median,train,2022-06,country_gb,country_344,0.16251966176651628,0.06201982908737788
train_median,train,2022-07,country_gb,country_344,-0.14166439179146384,0.06201982908737788
train_median,train,2022-08,country_gb,country_344,-0.06798277865113367,0.06201982908737788
train_median,train,2022-09,country_gb,country_344,-0.1709806239159379,0.06201982908737788
train_median,train,2022-10,country_gb,country_344,0.2544371804186629,0.06201982908737788
train_median,train,2022-11,country_gb,country_344,0.6014426759751195,0.06201982908737788
train_median,train,2022-12,country_gb,country_344,-0.36576714286385786,0.06201982908737788
train_median,train,2021-12,country_gb,country_372,1.2308193089269595,0.06201982908737788
train_median,train,2022-01,country_gb,country_372,0.3659131112900872,0.06201982908737788
train_median,train,2022-02,country_gb,country_372,2.5650459381227977,0.06201982908737788
train_median,train,2022-03,country_gb,country_372,-0.9689002330505709,0.06201982908737788
train_median,train,2022-04,country_gb,country_372,3.4511927130640783,0.06201982908737788
train_median,train,2022-05,country_gb,country_372,-0.4851024583890162,0.06201982908737788
train_median,train,2022-06,country_gb,country_372,-0.9589611830934142,0.06201982908737788
train_median,train,2022-07,country_gb,country_372,-0.9534305080827504,0.06201982908737788
train_median,train,2022-08,country_gb,country_372,-0.9204463089200765,0.06201982908737788
train_median,train,2022-09,country_gb,country_372,-0.8975681833982345,0.06201982908737788
train_median,train,2022-10,country_gb,country_372,-0.7903587697927528,0.06201982908737788
train_median,train,2022-11,country_gb,country_372,2.0498382251090823,0.06201982908737788
train_median,train,2022-12,country_gb,country_372,-0.8049785129883927,0.06201982908737788
train_median,train,2021-12,country_gb,country_380,-0.11884922142868729,0.06201982908737788
train_median,train,2022-01,country_gb,country_380,1.1839348039793391,0.06201982908737788
train_median,train,2022-02,country_gb,country_380,-0.1614945920343452,0.06201982908737788
train_median,train,2022-03,country_gb,country_380,-0.5670517493333662,0.06201982908737788
train_median,train,2022-04,country_gb,country_380,-0.23837759274245318,0.06201982908737788
train_median,train,2022-05,country_gb,country_380,0.7887780878423931,0.06201982908737788
train_median,train,2022-06,country_gb,country_380,0.7040964449250265,0.06201982908737788
train_median,train,2022-07,country_gb,country_380,-0.49269253737701807,0.06201982908737788
train_median,train,2022-08,country_gb,country_380,-0.2210405263295165,0.06201982908737788
train_median,train,2022-09,country_gb,country_380,-0.23803877460076386,0.06201982908737788
train_median,train,2022-10,country_gb,country_380,0.6389069764271175,0.06201982908737788
train_median,train,2022-11,country_gb,country_380,0.9464147368245036,0.06201982908737788
train_median,train,2022-12,country_gb,country_380,0.10535810745230037,0.06201982908737788
train_median,train,2021-12,country_gb,country_cn,0.15156378345911484,0.06201982908737788
train_median,train,2022-01,country_gb,country_cn,-0.2591558670540826,0.06201982908737788
train_median,train,2022-02,country_gb,country_cn,0.07507132406439741,0.06201982908737788
train_median,train,2022-03,country_gb,country_cn,-0.11293669684745714,0.06201982908737788
train_median,train,2022-04,country_gb,country_cn,0.26130192624807397,0.06201982908737788
train_median,train,2022-05,country_gb,country_cn,0.03326553009421987,0.06201982908737788
train_median,train,2022-06,country_gb,country_cn,0.004187000379115247,0.06201982908737788
train_median,train,2022-07,country_gb,country_cn,-0.06557228816188458,0.06201982908737788
train_median,train,2022-08,country_gb,country_cn,0.15018668302360755,0.06201982908737788
train_median,train,2022-09,country_gb,country_cn,-0.021727618881344803,0.06201982908737788
train_median,train,2022-10,country_gb,country_cn,0.10814879780029965,0.06201982908737788
train_median,train,2022-11,country_gb,country_cn,-0.1288184190008291,0.06201982908737788
train_median,train,2022-12,country_gb,country_cn,0.016125427854520265,0.06201982908737788
train_median,train,2021-12,country_gb,country_de,0.08227500974969075,0.06201982908737788
train_median,train,2022-01,country_gb,country_de,-0.10644029493729838,0.06201982908737788
train_median,train,2022-02,country_gb,country_de,0.22691272891277095,0.06201982908737788
train_median,train,2022-03,country_gb,country_de,0.019768762821232175,0.06201982908737788
train_median,train,2022-04,country_gb,country_de,0.15419687901383636,0.06201982908737788
train_median,train,2022-05,country_gb,country_de,-0.08733811074331452,0.06201982908737788
train_median,train,2022-06,country_gb,country_de,-0.10487352832860923,0.06201982908737788
train_median,train,2022-07,country_gb,country_de,-0.13603530317837556,0.06201982908737788
train_median,train,2022-08,country_gb,country_de,0.10906283662280401,0.06201982908737788
train_median,train,2022-09,country_gb,country_de,0.09802328680361716,0.06201982908737788
train_median,train,2022-10,country_gb,country_de,-0.030846544956912424,0.06201982908737788
train_median,train,2022-11,country_gb,country_de,-0.24122548291520862,0.06201982908737788
train_median,train,2022-12,country_gb,country_de,0.10247975191114742,0.06201982908737788
train_median,train,2021-12,country_gb,country_fr,0.15908218012355832,0.06201982908737788
train_median,train,2022-01,country_gb,country_fr,0.29338985681097696,0.06201982908737788
train_median,train,2022-02,country_gb,country_fr,-0.1133779192809052,0.06201982908737788
train_median,train,2022-03,country_gb,country_fr,-0.22575854960051714,0.06201982908737788
train_median,train,2022-04,country_gb,country_fr,-0.18281414592937065,0.06201982908737788
train_median,train,2022-05,country_gb,country_fr,0.31111112358206827,0.06201982908737788
train_median,train,2022-06,country_gb,country_fr,-0.10068243136283726,0.06201982908737788
train_median,train,2022-07,country_gb,country_fr,-0.4033193402124009,0.06201982908737788
train_median,train,2022-08,country_gb,country_fr,-0.1215350786480697,0.06201982908737788
train_median,train,2022-09,country_gb,country_fr,-0.028060991691665038,0.06201982908737788
train_median,train,2022-10,country_gb,country_fr,-0.10746414629235553,0.06201982908737788
train_median,train,2022-11,country_gb,country_fr,-0.13375160551442444,0.06201982908737788
train_median,train,2022-12,country_gb,country_fr,0.36616267739662933,0.06201982908737788
train_median,train,2021-12,country_gb,country_in,0.8448629677319445,0.06201982908737788
train_median,train,2022-01,country_gb,country_in,-0.1277778958158276,0.06201982908737788
train_median,train,2022-02,country_gb,country_in,1.9634506188101504,0.06201982908737788
train_median,train,2022-03,country_gb,country_in,2.450530816074055,0.06201982908737788
train_median,train,2022-04,country_gb,country_in,1.6728389694739452,0.06201982908737788
train_median,train,2022-05,country_gb,country_in,0.3003347009370024,0.06201982908737788
train_median,train,2022-06,country_gb,country_in,0.4316397998980941,0.06201982908737788
train_median,train,2022-07,country_gb,country_in,0.1285501030610068,0.06201982908737788
train_median,train,2022-08,country_gb,country_in,-0.007739728384204244,0.06201982908737788
train_median,train,2022-09,country_gb,country_in,0.2493715679394757,0.06201982908737788
train_median,train,2022-10,country_gb,country_in,0.32319500735180223,0.06201982908737788
train_median,train,2022-11,country_gb,country_in,0.45263420369525376,0.06201982908737788
train_median,train,2022-12,country_gb,country_in,-0.829637061585068,0.06201982908737788
train_median,train,2021-12,country_gb,country_jp,0.26429480911361564,0.06201982908737788
train_median,train,2022-01,country_gb,country_jp,0.08298428881752118,0.06201982908737788
train_median,train,2022-02,country_gb,country_jp,0.44761597773243156,0.06201982908737788
train_median,train,2022-03,country_gb,country_jp,0.043232793167124486,0.06201982908737788
train_median,train,2022-04,country_gb,country_jp,0.38775027586704613,0.06201982908737788
train_median,train,2022-05,country_gb,country_jp,0.16954347889632845,0.06201982908737788
train_median,train,2022-06,country_gb,country_jp,0.030342595549034998,0.06201982908737788
train_median,train,2022-07,country_gb,country_jp,0.14658563356223472,0.06201982908737788
train_median,train,2022-08,country_gb,country_jp,0.3967885279161316,0.06201982908737788
train_median,train,2022-09,country_gb,country_jp,0.4176296442589703,0.06201982908737788
train_median,train,2022-10,country_gb,country_jp,0.13344625021639872,0.06201982908737788
train_median,train,2022-11,country_gb,country_jp,0.23041442923244024,0.06201982908737788
train_median,train,2022-12,country_gb,country_jp,-0.17490655102950123,0.06201982908737788
train_median,train,2021-12,country_gb,country_kr,0.3966762492972516,0.06201982908737788
train_median,train,2022-01,country_gb,country_kr,-0.0873590001985517,0.06201982908737788
train_median,train,2022-02,country_gb,country_kr,0.38269453383433294,0.06201982908737788
train_median,train,2022-03,country_gb,country_kr,0.1592369620841185,0.06201982908737788
train_median,train,2022-04,country_gb,country_kr,0.5879731065740251,0.06201982908737788
train_median,train,2022-05,country_gb,country_kr,-0.3236462873094058,0.06201982908737788
train_median,train,2022-06,country_gb,country_kr,-0.1450310310455971,0.06201982908737788
train_median,train,2022-07,country_gb,country_kr,0.06586730499188755,0.06201982908737788
train_median,train,2022-08,country_gb,country_kr,0.049671581194571934,0.06201982908737788
train_median,train,2022-09,country_gb,country_kr,-0.2753648391052185,0.06201982908737788
train_median,train,2022-10,country_gb,country_kr,-0.3644156493249114,0.06201982908737788
train_median,train,2022-11,country_gb,country_kr,0.46784667098360777,0.06201982908737788
train_median,train,2022-12,country_gb,country_kr,-0.5575687133332848,0.06201982908737788
train_median,train,2021-12,country_gb,country_mx,0.12377170965282668,0.06201982908737788
train_median,train,2022-01,country_gb,country_mx,-0.07308000783897098,0.06201982908737788
train_median,train,2022-02,country_gb,country_mx,0.8115315146818458,0.06201982908737788
train_median,train,2022-03,country_gb,country_mx,0.32785289177700944,0.06201982908737788
train_median,train,2022-04,country_gb,country_mx,0.41576126094790566,0.06201982908737788
train_median,train,2022-05,country_gb,country_mx,-0.0282283689925136,0.06201982908737788
train_median,train,2022-06,country_gb,country_mx,-0.05989625207971673,0.06201982908737788
train_median,train,2022-07,country_gb,country_mx,-0.008892213419647868,0.06201982908737788
train_median,train,2022-08,country_gb,country_mx,-0.07189577919196852,0.06201982908737788
train_median,train,2022-09,country_gb,country_mx,-0.09204309100239082,0.06201982908737788
train_median,train,2022-10,country_gb,country_mx,0.0376216229505246,0.06201982908737788
train_median,train,2022-11,country_gb,country_mx,0.27371249680069576,0.06201982908737788
train_median,train,2022-12,country_gb,country_mx,-0.15251785580031577,0.06201982908737788
train_median,train,2021-12,country_gb,country_my,-0.07271305195429788,0.06201982908737788
train_median,train,2022-01,country_gb,country_my,-0.10249464047568355,0.06201982908737788
train_median,train,2022-02,country_gb,country_my,0.2554353132257607,0.06201982908737788
train_median,train,2022-03,country_gb,country_my,0.2083520973011843,0.06201982908737788
train_median,train,2022-04,country_gb,country_my,0.24988314258779734,0.06201982908737788
train_median,train,2022-05,country_gb,country_my,-0.1210878513162076,0.06201982908737788
train_median,train,2022-06,country_gb,country_my,0.19943688782307353,0.06201982908737788
train_median,train,2022-07,country_gb,country_my,-0.07959562476390979,0.06201982908737788
train_median,train,2022-08,country_gb,country_my,0.08162402775615908,0.06201982908737788
train_median,train,2022-09,country_gb,country_my,-0.11294403900824193,0.06201982908737788
train_median,train,2022-10,country_gb,country_my,0.3738257393540126,0.06201982908737788
train_median,train,2022-11,country_gb,country_my,-0.14882155203110686,0.06201982908737788
train_median,train,2022-12,country_gb,country_my,-0.26705481027367295,0.06201982908737788
train_median,train,2021-12,country_gb,country_ph,0.14280660374225523,0.06201982908737788
train_median,train,2022-01,country_gb,country_ph,0.07822308877220462,0.06201982908737788
train_median,train,2022-02,country_gb,country_ph,0.4027430645765468,0.06201982908737788
train_median,train,2022-03,country_gb,country_ph,0.2882048223208489,0.06201982908737788
train_median,train,2022-04,country_gb,country_ph,0.3658929626503899,0.06201982908737788
train_median,train,2022-05,country_gb,country_ph,0.8302857240031417,0.06201982908737788
train_median,train,2022-06,country_gb,country_ph,1.0379077599267306,0.06201982908737788
train_median,train,2022-07,country_gb,country_ph,1.2426822665478179,0.06201982908737788
train_median,train,2022-08,country_gb,country_ph,0.9092247943990922,0.06201982908737788
train_median,train,2022-09,country_gb,country_ph,1.6482811100345516,0.06201982908737788
train_median,train,2022-10,country_gb,country_ph,1.4378912529471746,0.06201982908737788
train_median,train,2022-11,country_gb,country_ph,0.4659241045810339,0.06201982908737788
train_median,train,2022-12,country_gb,country_ph,0.2947983891153098,0.06201982908737788
train_median,train,2021-12,country_gb,country_sg,-0.26347394396295953,0.06201982908737788
train_median,train,2022-01,country_gb,country_sg,-0.37108866299988963,0.06201982908737788
train_median,train,2022-02,country_gb,country_sg,-0.1301805762955336,0.06201982908737788
train_median,train,2022-03,country_gb,country_sg,-0.17104247984428236,0.06201982908737788
train_median,train,2022-04,country_gb,country_sg,-0.3871045768788976,0.06201982908737788
train_median,train,2022-05,country_gb,country_sg,-0.3670647789592927,0.06201982908737788
train_median,train,2022-06,country_gb,country_sg,-0.1165457990357343,0.06201982908737788
train_median,train,2022-07,country_gb,country_sg,-0.28511148808250886,0.06201982908737788
train_median,train,2022-08,country_gb,country_sg,-0.046158935677750014,0.06201982908737788
train_median,train,2022-09,country_gb,country_sg,0.02099994966293224,0.06201982908737788
train_median,train,2022-10,country_gb,country_sg,0.16506995193714996,0.06201982908737788
train_median,train,2022-11,country_gb,country_sg,-0.135770083889946,0.06201982908737788
train_median,train,2022-12,country_gb,country_sg,-0.2683957534608357,0.06201982908737788
train_median,train,2021-12,country_gb,country_th,0.051026348833943455,0.06201982908737788
train_median,train,2022-01,country_gb,country_th,-0.07796843911844024,0.06201982908737788
train_median,train,2022-02,country_gb,country_th,0.10921398933321952,0.06201982908737788
train_median,train,2022-03,country_gb,country_th,0.010758048166516862,0.06201982908737788
train_median,train,2022-04,country_gb,country_th,0.14371460755342982,0.06201982908737788
train_median,train,2022-05,country_gb,country_th,0.017368309296366836,0.06201982908737788
train_median,train,2022-06,country_gb,country_th,0.03938368284177184,0.06201982908737788
train_median,train,2022-07,country_gb,country_th,-0.08953647476328616,0.06201982908737788
train_median,train,2022-08,country_gb,country_th,-0.37679402225357417,0.06201982908737788
train_median,train,2022-09,country_gb,country_th,-0.6149605272889095,0.06201982908737788
train_median,train,2022-10,country_gb,country_th,-0.4057691978095011,0.06201982908737788
train_median,train,2022-11,country_gb,country_th,-0.35083143966543456,0.06201982908737788
train_median,train,2022-12,country_gb,country_th,-0.03072109224550615,0.06201982908737788
train_median,train,2021-12,country_gb,country_us,0.6353480245512179,0.06201982908737788
train_median,train,2022-01,country_gb,country_us,0.49212506793031474,0.06201982908737788
train_median,train,2022-02,country_gb,country_us,0.3862139504045596,0.06201982908737788
train_median,train,2022-03,country_gb,country_us,0.5953561742868199,0.06201982908737788
train_median,train,2022-04,country_gb,country_us,0.18315974025775844,0.06201982908737788
train_median,train,2022-05,country_gb,country_us,0.1411561322153943,0.06201982908737788
train_median,train,2022-06,country_gb,country_us,0.07978875413094316,0.06201982908737788
train_median,train,2022-07,country_gb,country_us,0.03986447179354344,0.06201982908737788
train_median,train,2022-08,country_gb,country_us,0.005706888861940189,0.06201982908737788
train_median,train,2022-09,country_gb,country_us,-0.09122860674827696,0.06201982908737788
train_median,train,2022-10,country_gb,country_us,-0.09652618532730539,0.06201982908737788
train_median,train,2022-11,country_gb,country_us,-0.04443404950392367,0.06201982908737788
train_median,train,2022-12,country_gb,country_us,-0.08921248848760364,0.06201982908737788
train_median,train,2021-12,country_gb,country_vn,-0.9114737370983407,0.06201982908737788
train_median,train,2022-01,country_gb,country_vn,-0.9184776763316566,0.06201982908737788
train_median,train,2022-02,country_gb,country_vn,-0.8140402966961529,0.06201982908737788
train_median,train,2022-03,country_gb,country_vn,-0.9251954920157188,0.06201982908737788
train_median,train,2022-04,country_gb,country_vn,-0.6622291060470812,0.06201982908737788
train_median,train,2022-05,country_gb,country_vn,-0.24051589735985648,0.06201982908737788
train_median,train,2022-06,country_gb,country_vn,0.4610997642233792,0.06201982908737788
train_median,train,2022-07,country_gb,country_vn,-0.6435484679095733,0.06201982908737788
train_median,train,2022-08,country_gb,country_vn,-0.41648952115880733,0.06201982908737788
train_median,train,2022-09,country_gb,country_vn,-0.3459930463906974,0.06201982908737788
train_median,train,2022-10,country_gb,country_vn,0.1632044606324657,0.06201982908737788
train_median,train,2022-11,country_gb,country_vn,-0.053008010903634356,0.06201982908737788
train_median,train,2022-12,country_gb,country_vn,-0.1084074560524329,0.06201982908737788
train_median,train,2021-12,country_in,country_203,1.018186775295495,0.06201982908737788
train_median,train,2022-01,country_in,country_203,0.533879685019165,0.06201982908737788
train_median,train,2022-02,country_in,country_203,1.4108864048241463,0.06201982908737788
train_median,train,2022-03,country_in,country_203,10.841847100481802,0.06201982908737788
train_median,train,2022-04,country_in,country_203,2.846547042223524,0.06201982908737788
train_median,train,2022-05,country_in,country_203,0.6679967893590184,0.06201982908737788
train_median,train,2022-06,country_in,country_203,-0.838180980847202,0.06201982908737788
train_median,train,2022-07,country_in,country_203,-0.7811470006591957,0.06201982908737788
train_median,train,2022-08,country_in,country_203,-0.6160410326798565,0.06201982908737788
train_median,train,2022-09,country_in,country_203,-0.5415609394894393,0.06201982908737788
train_median,train,2022-10,country_in,country_203,-0.569988989420269,0.06201982908737788
train_median,train,2022-11,country_in,country_203,-0.4056919910000479,0.06201982908737788
train_median,train,2022-12,country_in,country_203,-0.852660337408647,0.06201982908737788
train_median,train,2021-12,country_in,country_344,-0.006157185570234268,0.06201982908737788
train_median,train,2022-01,country_in,country_344,-0.2636323621598485,0.06201982908737788
train_median,train,2022-02,country_in,country_344,0.17702545623658753,0.06201982908737788
train_median,train,2022-03,country_in,country_344,0.49642008506390267,0.06201982908737788
train_median,train,2022-04,country_in,country_344,0.0341748438649892,0.06201982908737788
train_median,train,2022-05,country_in,country_344,1.0014305134760744,0.06201982908737788
train_median,train,2022-06,country_in,country_344,0.456647344715164,0.06201982908737788
train_median,train,2022-07,country_in,country_344,0.2155901917832919,0.06201982908737788
train_median,train,2022-08,country_in,country_344,-0.07545917430116612,0.06201982908737788
train_median,train,2022-09,country_in,country_344,0.08538787223773181,0.06201982908737788
train_median,train,2022-10,country_in,country_344,-0.11577336796897694,0.06201982908737788
train_median,train,2022-11,country_in,country_344,-0.3268339453534193,0.06201982908737788
train_median,train,2022-12,country_in,country_344,-0.4305172208198092,0.06201982908737788
train_median,train,2021-12,country_in,country_372,-0.566422252493848,0.06201982908737788
train_median,train,2022-01,country_in,country_372,0.27105837449144826,0.06201982908737788
train_median,train,2022-02,country_in,country_372,-0.5501824668733508,0.06201982908737788
train_median,train,2022-03,country_in,country_372,-0.05080073143698356,0.06201982908737788
train_median,train,2022-04,country_in,country_372,21.496606981105113,0.06201982908737788
train_median,train,2022-05,country_in,country_372,-0.4325837131787567,0.06201982908737788
train_median,train,2022-06,country_in,country_372,48.213780408889924,0.06201982908737788
train_median,train,2022-07,country_in,country_372,0.33645946123726117,0.06201982908737788
train_median,train,2022-08,country_in,country_372,-0.25809338496231476,0.06201982908737788
train_median,train,2022-09,country_in,country_372,0.8510597386731673,0.06201982908737788
train_median,train,2022-10,country_in,country_372,0.2889173181490295,0.06201982908737788
train_median,train,2022-11,country_in,country_372,47.3703397230923,0.06201982908737788
train_median,train,2022-12,country_in,country_372,22.546465990881867,0.06201982908737788
train_median,train,2021-12,country_in,country_380,0.6173376087872726,0.06201982908737788
train_median,train,2022-01,country_in,country_380,-0.6109559684905498,0.06201982908737788
train_median,train,2022-02,country_in,country_380,0.937333171366237,0.06201982908737788
train_median,train,2022-03,country_in,country_380,0.07975860329181969,0.06201982908737788
train_median,train,2022-04,country_in,country_380,-0.7740074908719022,0.06201982908737788
train_median,train,2022-05,country_in,country_380,-0.05983791456366138,0.06201982908737788
train_median,train,2022-06,country_in,country_380,-0.5355898721487542,0.06201982908737788
train_median,train,2022-07,country_in,country_380,-0.41095057828104464,0.06201982908737788
train_median,train,2022-08,country_in,country_380,-0.5858056763757614,0.06201982908737788
train_median,train,2022-09,country_in,country_380,-0.28571418408334415,0.06201982908737788
train_median,train,2022-10,country_in,country_380,-0.021519211467146363,0.06201982908737788
train_median,train,2022-11,country_in,country_380,-0.036426577130277284,0.06201982908737788
train_median,train,2022-12,country_in,country_380,-0.1817867962984123,0.06201982908737788
train_median,train,2021-12,country_in,country_cn,-0.12284358752256379,0.06201982908737788
train_median,train,2022-01,country_in,country_cn,-0.15162947955649766,0.06201982908737788
train_median,train,2022-02,country_in,country_cn,-0.11943301456614529,0.06201982908737788
train_median,train,2022-03,country_in,country_cn,1.2932634777732839,0.06201982908737788
train_median,train,2022-04,country_in,country_cn,0.07867828662707488,0.06201982908737788
train_median,train,2022-05,country_in,country_cn,-0.13126601741419375,0.06201982908737788
train_median,train,2022-06,country_in,country_cn,-0.2661924376782513,0.06201982908737788
train_median,train,2022-07,country_in,country_cn,0.15560859386846637,0.06201982908737788
train_median,train,2022-08,country_in,country_cn,-0.0038319488671888793,0.06201982908737788
train_median,train,2022-09,country_in,country_cn,-0.3508562839169982,0.06201982908737788
train_median,train,2022-10,country_in,country_cn,-0.3362065034349975,0.06201982908737788
train_median,train,2022-11,country_in,country_cn,-0.22028545445330036,0.06201982908737788
train_median,train,2022-12,country_in,country_cn,-0.2707931601462725,0.06201982908737788
train_median,train,2021-12,country_in,country_de,0.28933529296213484,0.06201982908737788
train_median,train,2022-01,country_in,country_de,-0.024985260858398733,0.06201982908737788
train_median,train,2022-02,country_in,country_de,0.28663697149412126,0.06201982908737788
train_median,train,2022-03,country_in,country_de,0.403896907374413,0.06201982908737788
train_median,train,2022-04,country_in,country_de,0.697700882241511,0.06201982908737788
train_median,train,2022-05,country_in,country_de,1.0524997180736249,0.06201982908737788
train_median,train,2022-06,country_in,country_de,-0.08087215703830528,0.06201982908737788
train_median,train,2022-07,country_in,country_de,0.448348382534596,0.06201982908737788
train_median,train,2022-08,country_in,country_de,-0.12432912854908013,0.06201982908737788
train_median,train,2022-09,country_in,country_de,-0.016261391382868317,0.06201982908737788
train_median,train,2022-10,country_in,country_de,0.05370201218775859,0.06201982908737788
train_median,train,2022-11,country_in,country_de,-0.2770029613936581,0.06201982908737788
train_median,train,2022-12,country_in,country_de,-0.2034811938360892,0.06201982908737788
train_median,train,2021-12,country_in,country_fr,0.1546532872254073,0.06201982908737788
train_median,train,2022-01,country_in,country_fr,-0.3977465645439776,0.06201982908737788
train_median,train,2022-02,country_in,country_fr,-0.21928577985842987,0.06201982908737788
train_median,train,2022-03,country_in,country_fr,1.2490499117375116,0.06201982908737788
train_median,train,2022-04,country_in,country_fr,0.36067328976536833,0.06201982908737788
train_median,train,2022-05,country_in,country_fr,0.7674568432045397,0.06201982908737788
train_median,train,2022-06,country_in,country_fr,-0.12214655490775922,0.06201982908737788
train_median,train,2022-07,country_in,country_fr,0.5823626950752882,0.06201982908737788
train_median,train,2022-08,country_in,country_fr,0.06302708550744057,0.06201982908737788
train_median,train,2022-09,country_in,country_fr,1.1250589810197824,0.06201982908737788
train_median,train,2022-10,country_in,country_fr,0.04723281213637617,0.06201982908737788
train_median,train,2022-11,country_in,country_fr,-0.01231469591878621,0.06201982908737788
train_median,train,2022-12,country_in,country_fr,-0.2859764506322945,0.06201982908737788
train_median,train,2021-12,country_in,country_gb,0.7407650876434052,0.06201982908737788
train_median,train,2022-01,country_in,country_gb,0.9038293681738226,0.06201982908737788
train_median,train,2022-02,country_in,country_gb,1.0324265309761211,0.06201982908737788
train_median,train,2022-03,country_in,country_gb,0.18543013353786553,0.06201982908737788
train_median,train,2022-04,country_in,country_gb,0.3174674387121803,0.06201982908737788
train_median,train,2022-05,country_in,country_gb,0.280489126010725,0.06201982908737788
train_median,train,2022-06,country_in,country_gb,0.2665778977228046,0.06201982908737788
train_median,train,2022-07,country_in,country_gb,-0.09537051123690572,0.06201982908737788
train_median,train,2022-08,country_in,country_gb,0.3627876699319912,0.06201982908737788
train_median,train,2022-09,country_in,country_gb,-0.496911013987449,0.06201982908737788
train_median,train,2022-10,country_in,country_gb,-0.2765091446056474,0.06201982908737788
train_median,train,2022-11,country_in,country_gb,-0.07471755652193333,0.06201982908737788
train_median,train,2022-12,country_in,country_gb,0.1350495851053789,0.06201982908737788
train_median,train,2021-12,country_in,country_jp,0.8701217784876035,0.06201982908737788
train_median,train,2022-01,country_in,country_jp,2.580760363939763,0.06201982908737788
train_median,train,2022-02,country_in,country_jp,0.3658132171719058,0.06201982908737788
train_median,train,2022-03,country_in,country_jp,0.42646204646689584,0.06201982908737788
train_median,train,2022-04,country_in,country_jp,-0.03382908010287714,0.06201982908737788
train_median,train,2022-05,country_in,country_jp,0.7479507012357055,0.06201982908737788
train_median,train,2022-06,country_in,country_jp,0.09262833887723977,0.06201982908737788
train_median,train,2022-07,country_in,country_jp,1.370454037767261,0.06201982908737788
train_median,train,2022-08,country_in,country_jp,0.02746002489086627,0.06201982908737788
train_median,train,2022-09,country_in,country_jp,0.22831907772986035,0.06201982908737788
train_median,train,2022-10,country_in,country_jp,0.5301667425509582,0.06201982908737788
train_median,train,2022-11,country_in,country_jp,1.0822367974075533,0.06201982908737788
train_median,train,2022-12,country_in,country_jp,4.136892094265204,0.06201982908737788
train_median,train,2021-12,country_in,country_kr,-0.44515710572996897,0.06201982908737788
train_median,train,2022-01,country_in,country_kr,-0.6506548039597397,0.06201982908737788
train_median,train,2022-02,country_in,country_kr,1.641218160557222,0.06201982908737788
train_median,train,2022-03,country_in,country_kr,0.2875080580332492,0.06201982908737788
train_median,train,2022-04,country_in,country_kr,-0.028244845071167438,0.06201982908737788
train_median,train,2022-05,country_in,country_kr,-0.3202911485293826,0.06201982908737788
train_median,train,2022-06,country_in,country_kr,-0.5199120326313206,0.06201982908737788
train_median,train,2022-07,country_in,country_kr,0.7965504348584939,0.06201982908737788
train_median,train,2022-08,country_in,country_kr,-0.20277303853319423,0.06201982908737788
train_median,train,2022-09,country_in,country_kr,0.5532005933081873,0.06201982908737788
train_median,train,2022-10,country_in,country_kr,-0.23757612925901522,0.06201982908737788
train_median,train,2022-11,country_in,country_kr,-0.5445895214501069,0.06201982908737788
train_median,train,2022-12,country_in,country_kr,3.141806981154263,0.06201982908737788
train_median,train,2021-12,country_in,country_mx,0.06953580990380978,0.06201982908737788
train_median,train,2022-01,country_in,country_mx,0.10689298157432348,0.06201982908737788
train_median,train,2022-02,country_in,country_mx,-0.025327958971693473,0.06201982908737788
train_median,train,2022-03,country_in,country_mx,0.7834035022338698,0.06201982908737788
train_median,train,2022-04,country_in,country_mx,2.07369383858183,0.06201982908737788
train_median,train,2022-05,country_in,country_mx,-0.05344125933545012,0.06201982908737788
train_median,train,2022-06,country_in,country_mx,0.5782583051860002,0.06201982908737788
train_median,train,2022-07,country_in,country_mx,0.1291930735749527,0.06201982908737788
train_median,train,2022-08,country_in,country_mx,0.3126893797226481,0.06201982908737788
train_median,train,2022-09,country_in,country_mx,1.6758497092669533,0.06201982908737788
train_median,train,2022-10,country_in,country_mx,0.6424458801648224,0.06201982908737788
train_median,train,2022-11,country_in,country_mx,0.18609170251935478,0.06201982908737788
train_median,train,2022-12,country_in,country_mx,0.11768853164036248,0.06201982908737788
train_median,train,2021-12,country_in,country_my,4.056257138791396,0.06201982908737788
train_median,train,2022-01,country_in,country_my,1.0288399183720045,0.06201982908737788
train_median,train,2022-02,country_in,country_my,0.6769107832350184,0.06201982908737788
train_median,train,2022-03,country_in,country_my,0.5469636117475501,0.06201982908737788
train_median,train,2022-04,country_in,country_my,1.762123134995148,0.06201982908737788
train_median,train,2022-05,country_in,country_my,1.4182996114773485,0.06201982908737788
train_median,train,2022-06,country_in,country_my,0.9864417344644412,0.06201982908737788
train_median,train,2022-07,country_in,country_my,8.960326590974079,0.06201982908737788
train_median,train,2022-08,country_in,country_my,-0.27778121496851915,0.06201982908737788
train_median,train,2022-09,country_in,country_my,6.016773750787118,0.06201982908737788
train_median,train,2022-10,country_in,country_my,0.05408256876608266,0.06201982908737788
train_median,train,2022-11,country_in,country_my,-0.5502111112936933,0.06201982908737788
train_median,train,2022-12,country_in,country_my,-0.5812208825623387,0.06201982908737788
train_median,train,2021-12,country_in,country_ph,-0.8452770120743875,0.06201982908737788
train_median,train,2022-01,country_in,country_ph,-0.05412340538220603,0.06201982908737788
train_median,train,2022-02,country_in,country_ph,-0.9352116294927415,0.06201982908737788
train_median,train,2022-03,country_in,country_ph,-0.7167700949250656,0.06201982908737788
train_median,train,2022-04,country_in,country_ph,2.3193602982658392,0.06201982908737788
train_median,train,2022-05,country_in,country_ph,1.8534180382153107,0.06201982908737788
train_median,train,2022-06,country_in,country_ph,0.9257048551748673,0.06201982908737788
train_median,train,2022-07,country_in,country_ph,3.3167673014398513,0.06201982908737788
train_median,train,2022-08,country_in,country_ph,-0.14446936980561512,0.06201982908737788
train_median,train,2022-09,country_in,country_ph,4.170272515960748,0.06201982908737788
train_median,train,2022-10,country_in,country_ph,-0.5323579835291395,0.06201982908737788
train_median,train,2022-11,country_in,country_ph,-0.10899586650819862,0.06201982908737788
train_median,train,2022-12,country_in,country_ph,-0.643236534598273,0.06201982908737788
train_median,train,2021-12,country_in,country_sg,1.1332693588255054,0.06201982908737788
train_median,train,2022-01,country_in,country_sg,0.7727280609440599,0.06201982908737788
train_median,train,2022-02,country_in,country_sg,1.1977566758734945,0.06201982908737788
train_median,train,2022-03,country_in,country_sg,-0.08157659909357944,0.06201982908737788
train_median,train,2022-04,country_in,country_sg,0.3672303900849335,0.06201982908737788
train_median,train,2022-05,country_in,country_sg,-0.14490300584607085,0.06201982908737788
train_median,train,2022-06,country_in,country_sg,0.13564615474271696,0.06201982908737788
train_median,train,2022-07,country_in,country_sg,1.8924580988785604,0.06201982908737788
train_median,train,2022-08,country_in,country_sg,0.1330650122934744,0.06201982908737788
train_median,train,2022-09,country_in,country_sg,1.7900954825538873,0.06201982908737788
train_median,train,2022-10,country_in,country_sg,0.7110389932476261,0.06201982908737788
train_median,train,2022-11,country_in,country_sg,-0.43722706226113944,0.06201982908737788
train_median,train,2022-12,country_in,country_sg,0.7126119053342197,0.06201982908737788
train_median,train,2021-12,country_in,country_th,-0.45218899882216834,0.06201982908737788
train_median,train,2022-01,country_in,country_th,0.32106714360460636,0.06201982908737788
train_median,train,2022-02,country_in,country_th,-0.6781208464224933,0.06201982908737788
train_median,train,2022-03,country_in,country_th,-0.6158809672343318,0.06201982908737788
train_median,train,2022-04,country_in,country_th,-0.12736397428859317,0.06201982908737788
train_median,train,2022-05,country_in,country_th,-0.5403276870643245,0.06201982908737788
train_median,train,2022-06,country_in,country_th,-0.5547541796296617,0.06201982908737788
train_median,train,2022-07,country_in,country_th,-0.05789130045226399,0.06201982908737788
train_median,train,2022-08,country_in,country_th,-0.27015660626023813,0.06201982908737788
train_median,train,2022-09,country_in,country_th,0.24932191012501578,0.06201982908737788
train_median,train,2022-10,country_in,country_th,0.9125424026735932,0.06201982908737788
train_median,train,2022-11,country_in,country_th,2.0227548753017377,0.06201982908737788
train_median,train,2022-12,country_in,country_th,1.4574492742993572,0.06201982908737788
train_median,train,2021-12,country_in,country_us,-0.6542305138253653,0.06201982908737788
train_median,train,2022-01,country_in,country_us,-0.5962768941782408,0.06201982908737788
train_median,train,2022-02,country_in,country_us,-0.5728595243148983,0.06201982908737788
train_median,train,2022-03,country_in,country_us,-0.498244413117252,0.06201982908737788
train_median,train,2022-04,country_in,country_us,-0.4234939329850685,0.06201982908737788
train_median,train,2022-05,country_in,country_us,-0.2620284051707709,0.06201982908737788
train_median,train,2022-06,country_in,country_us,1.2577681029584042,0.06201982908737788
train_median,train,2022-07,country_in,country_us,1.928318937189723,0.06201982908737788
train_median,train,2022-08,country_in,country_us,5.794765980503629,0.06201982908737788
train_median,train,2022-09,country_in,country_us,8.667008319044504,0.06201982908737788
train_median,train,2022-10,country_in,country_us,14.270379935811453,0.06201982908737788
train_median,train,2022-11,country_in,country_us,16.25584748208595,0.06201982908737788
train_median,train,2022-12,country_in,country_us,17.530348570912444,0.06201982908737788
train_median,train,2021-12,country_in,country_vn,-0.7613610899774703,0.06201982908737788
train_median,train,2022-01,country_in,country_vn,-0.8125895547792278,0.06201982908737788
train_median,train,2022-02,country_in,country_vn,0.16149048544220207,0.06201982908737788
train_median,train,2022-03,country_in,country_vn,-0.5026280293113641,0.06201982908737788
train_median,train,2022-04,country_in,country_vn,0.7228083264646779,0.06201982908737788
train_median,train,2022-05,country_in,country_vn,-0.4864624582833528,0.06201982908737788
train_median,train,2022-06,country_in,country_vn,-0.1560344748125923,0.06201982908737788
train_median,train,2022-07,country_in,country_vn,-0.4322962687533925,0.06201982908737788
train_median,train,2022-08,country_in,country_vn,0.3968243731386711,0.06201982908737788
train_median,train,2022-09,country_in,country_vn,3.173882171340084,0.06201982908737788
train_median,train,2022-10,country_in,country_vn,0.10116272698093966,0.06201982908737788
train_median,train,2022-11,country_in,country_vn,-0.3229855626411331,0.06201982908737788
train_median,train,2022-12,country_in,country_vn,-0.6149479550268889,0.06201982908737788
train_median,train,2021-12,country_jp,country_203,0.08907787373664983,0.06201982908737788
train_median,train,2022-01,country_jp,country_203,0.018930494343733693,0.06201982908737788
train_median,train,2022-02,country_jp,country_203,0.23492183887708382,0.06201982908737788
train_median,train,2022-03,country_jp,country_203,0.021959962142140573,0.06201982908737788
train_median,train,2022-04,country_jp,country_203,0.14489725546449045,0.06201982908737788
train_median,train,2022-05,country_jp,country_203,0.08196231295557031,0.06201982908737788
train_median,train,2022-06,country_jp,country_203,-0.18695723545080556,0.06201982908737788
train_median,train,2022-07,country_jp,country_203,-0.14840276045521808,0.06201982908737788
train_median,train,2022-08,country_jp,country_203,0.10749213798675392,0.06201982908737788
train_median,train,2022-09,country_jp,country_203,0.08963252964404632,0.06201982908737788
train_median,train,2022-10,country_jp,country_203,-0.048086591164458126,0.06201982908737788
train_median,train,2022-11,country_jp,country_203,-0.22683111399120878,0.06201982908737788
train_median,train,2022-12,country_jp,country_203,0.009396541391965966,0.06201982908737788
train_median,train,2021-12,country_jp,country_344,-0.07606368915324534,0.06201982908737788
train_median,train,2022-01,country_jp,country_344,-0.06746975601102648,0.06201982908737788
train_median,train,2022-02,country_jp,country_344,0.05709286871342657,0.06201982908737788
train_median,train,2022-03,country_jp,country_344,0.08231452094251979,0.06201982908737788
train_median,train,2022-04,country_jp,country_344,0.050812464566462684,0.06201982908737788
train_median,train,2022-05,country_jp,country_344,0.10908009177927316,0.06201982908737788
train_median,train,2022-06,country_jp,country_344,-0.01346156928994777,0.06201982908737788
train_median,train,2022-07,country_jp,country_344,-0.0934769965651995,0.06201982908737788
train_median,train,2022-08,country_jp,country_344,-0.09277294113672394,0.06201982908737788
train_median,train,2022-09,country_jp,country_344,-0.020223943383147445,0.06201982908737788
train_median,train,2022-10,country_jp,country_344,-0.09388106253964941,0.06201982908737788
train_median,train,2022-11,country_jp,country_344,0.02947407789693754,0.06201982908737788
train_median,train,2022-12,country_jp,country_344,-0.23687595160314048,0.06201982908737788
train_median,train,2021-12,country_jp,country_372,-0.21550966554558093,0.06201982908737788
train_median,train,2022-01,country_jp,country_372,-0.11849627698120628,0.06201982908737788
train_median,train,2022-02,country_jp,country_372,-0.3218644244545875,0.06201982908737788
train_median,train,2022-03,country_jp,country_372,-0.4371223157130853,0.06201982908737788
train_median,train,2022-04,country_jp,country_372,-0.22607397609239166,0.06201982908737788
train_median,train,2022-05,country_jp,country_372,-0.23339934253383735,0.06201982908737788
train_median,train,2022-06,country_jp,country_372,0.42068473833786596,0.06201982908737788
train_median,train,2022-07,country_jp,country_372,0.8778790305666949,0.06201982908737788
train_median,train,2022-08,country_jp,country_372,0.760788368787068,0.06201982908737788
train_median,train,2022-09,country_jp,country_372,0.4152710459152257,0.06201982908737788
train_median,train,2022-10,country_jp,country_372,0.8323515771121308,0.06201982908737788
train_median,train,2022-11,country_jp,country_372,0.17833596874747987,0.06201982908737788
train_median,train,2022-12,country_jp,country_372,1.0858916159690568,0.06201982908737788
train_median,train,2021-12,country_jp,country_380,-0.19347964891394037,0.06201982908737788
train_median,train,2022-01,country_jp,country_380,-0.315292530097385,0.06201982908737788
train_median,train,2022-02,country_jp,country_380,-0.027530944100881086,0.06201982908737788
train_median,train,2022-03,country_jp,country_380,-0.3132811265379133,0.06201982908737788
train_median,train,2022-04,country_jp,country_380,-0.5356612031765872,0.06201982908737788
train_median,train,2022-05,country_jp,country_380,0.488588627824016,0.06201982908737788
train_median,train,2022-06,country_jp,country_380,0.03084802060811404,0.06201982908737788
train_median,train,2022-07,country_jp,country_380,0.013892987914382425,0.06201982908737788
train_median,train,2022-08,country_jp,country_380,0.15536793819514497,0.06201982908737788
train_median,train,2022-09,country_jp,country_380,-0.05068224350714937,0.06201982908737788
train_median,train,2022-10,country_jp,country_380,-0.008365672462169182,0.06201982908737788
train_median,train,2022-11,country_jp,country_380,0.12687885992792636,0.06201982908737788
train_median,train,2022-12,country_jp,country_380,0.1158024448497931,0.06201982908737788
train_median,train,2021-12,country_jp,country_cn,0.0052580215172234246,0.06201982908737788
train_median,train,2022-01,country_jp,country_cn,-0.21669950190173493,0.06201982908737788
train_median,train,2022-02,country_jp,country_cn,-0.15249997415582506,0.06201982908737788
train_median,train,2022-03,country_jp,country_cn,-0.16651626841432107,0.06201982908737788
train_median,train,2022-04,country_jp,country_cn,-0.24446866076480142,0.06201982908737788
train_median,train,2022-05,country_jp,country_cn,-0.1660396401607932,0.06201982908737788
train_median,train,2022-06,country_jp,country_cn,-0.10975384611723638,0.06201982908737788
train_median,train,2022-07,country_jp,country_cn,-0.06881029085104252,0.06201982908737788
train_median,train,2022-08,country_jp,country_cn,0.19037778108885073,0.06201982908737788
train_median,train,2022-09,country_jp,country_cn,0.04851988240252649,0.06201982908737788
train_median,train,2022-10,country_jp,country_cn,-0.05492473373449587,0.06201982908737788
train_median,train,2022-11,country_jp,country_cn,0.2156377765369506,0.06201982908737788
train_median,train,2022-12,country_jp,country_cn,-0.052545330260913445,0.06201982908737788
train_median,train,2021-12,country_jp,country_de,-0.049451045197498926,0.06201982908737788
train_median,train,2022-01,country_jp,country_de,0.22158536976559123,0.06201982908737788
train_median,train,2022-02,country_jp,country_de,0.2699888835975157,0.06201982908737788
train_median,train,2022-03,country_jp,country_de,0.03579483531859759,0.06201982908737788
train_median,train,2022-04,country_jp,country_de,-0.007335716474234931,0.06201982908737788
train_median,train,2022-05,country_jp,country_de,0.08294518714950315,0.06201982908737788
train_median,train,2022-06,country_jp,country_de,-0.060998824520070355,0.06201982908737788
train_median,train,2022-07,country_jp,country_de,0.021388683227381716,0.06201982908737788
train_median,train,2022-08,country_jp,country_de,0.021195810040036952,0.06201982908737788
train_median,train,2022-09,country_jp,country_de,0.03282664010893891,0.06201982908737788
train_median,train,2022-10,country_jp,country_de,0.020937950805789137,0.06201982908737788
train_median,train,2022-11,country_jp,country_de,0.14354677500909918,0.06201982908737788
train_median,train,2022-12,country_jp,country_de,0.06592107236661934,0.06201982908737788
train_median,train,2021-12,country_jp,country_fr,0.38104921830840494,0.06201982908737788
train_median,train,2022-01,country_jp,country_fr,0.619600420149393,0.06201982908737788
train_median,train,2022-02,country_jp,country_fr,0.3299526553294266,0.06201982908737788
train_median,train,2022-03,country_jp,country_fr,0.2747888648382515,0.06201982908737788
train_median,train,2022-04,country_jp,country_fr,0.2714023100123139,0.06201982908737788
train_median,train,2022-05,country_jp,country_fr,0.007724018588359821,0.06201982908737788
train_median,train,2022-06,country_jp,country_fr,-0.12491577421444014,0.06201982908737788
train_median,train,2022-07,country_jp,country_fr,0.14728894979616594,0.06201982908737788
train_median,train,2022-08,country_jp,country_fr,-0.31008376738734533,0.06201982908737788
train_median,train,2022-09,country_jp,country_fr,-0.004364617926111136,0.06201982908737788
train_median,train,2022-10,country_jp,country_fr,-0.006139826808905593,0.06201982908737788
train_median,train,2022-11,country_jp,country_fr,-0.38322972136961403,0.06201982908737788
train_median,train,2022-12,country_jp,country_fr,-0.26302583627066056,0.06201982908737788
train_median,train,2021-12,country_jp,country_gb,0.6388338536982655,0.06201982908737788
train_median,train,2022-01,country_jp,country_gb,0.7473643816634425,0.06201982908737788
train_median,train,2022-02,country_jp,country_gb,0.6949340129288268,0.06201982908737788
train_median,train,2022-03,country_jp,country_gb,0.7266808398254452,0.06201982908737788
train_median,train,2022-04,country_jp,country_gb,0.7899200719646144,0.06201982908737788
train_median,train,2022-05,country_jp,country_gb,0.438587685647558,0.06201982908737788
train_median,train,2022-06,country_jp,country_gb,0.2900017424137549,0.06201982908737788
train_median,train,2022-07,country_jp,country_gb,-0.051879377458255244,0.06201982908737788
train_median,train,2022-08,country_jp,country_gb,0.0674681892142756,0.06201982908737788
train_median,train,2022-09,country_jp,country_gb,0.016122095316050404,0.06201982908737788
train_median,train,2022-10,country_jp,country_gb,-0.09529412749841414,0.06201982908737788
train_median,train,2022-11,country_jp,country_gb,-0.07103667365562963,0.06201982908737788
train_median,train,2022-12,country_jp,country_gb,-0.09418168960369111,0.06201982908737788
train_median,train,2021-12,country_jp,country_in,0.10164453710975568,0.06201982908737788
train_median,train,2022-01,country_jp,country_in,0.16471679044357795,0.06201982908737788
train_median,train,2022-02,country_jp,country_in,0.6570280465095484,0.06201982908737788
train_median,train,2022-03,country_jp,country_in,0.6372682112463398,0.06201982908737788
train_median,train,2022-04,country_jp,country_in,0.08967148348833723,0.06201982908737788
train_median,train,2022-05,country_jp,country_in,0.3177231876838046,0.06201982908737788
train_median,train,2022-06,country_jp,country_in,0.05950689859491477,0.06201982908737788
train_median,train,2022-07,country_jp,country_in,0.29463446445896135,0.06201982908737788
train_median,train,2022-08,country_jp,country_in,0.3774276498110341,0.06201982908737788
train_median,train,2022-09,country_jp,country_in,0.15465566605607894,0.06201982908737788
train_median,train,2022-10,country_jp,country_in,0.260677556131893,0.06201982908737788
train_median,train,2022-11,country_jp,country_in,0.2811937070644788,0.06201982908737788
train_median,train,2022-12,country_jp,country_in,0.3519845610188842,0.06201982908737788
train_median,train,2021-12,country_jp,country_kr,0.23542364971893728,0.06201982908737788
train_median,train,2022-01,country_jp,country_kr,0.07644449466007587,0.06201982908737788
train_median,train,2022-02,country_jp,country_kr,0.1937463371088076,0.06201982908737788
train_median,train,2022-03,country_jp,country_kr,-0.133986471605085,0.06201982908737788
train_median,train,2022-04,country_jp,country_kr,-0.14571399117135533,0.06201982908737788
train_median,train,2022-05,country_jp,country_kr,0.047327250547894065,0.06201982908737788
train_median,train,2022-06,country_jp,country_kr,0.36909784336203,0.06201982908737788
train_median,train,2022-07,country_jp,country_kr,0.07248482542064776,0.06201982908737788
train_median,train,2022-08,country_jp,country_kr,0.6967600481182175,0.06201982908737788
train_median,train,2022-09,country_jp,country_kr,0.5786245878080802,0.06201982908737788
train_median,train,2022-10,country_jp,country_kr,0.3632090108953981,0.06201982908737788
train_median,train,2022-11,country_jp,country_kr,0.33378732948382484,0.06201982908737788
train_median,train,2022-12,country_jp,country_kr,0.48167786385978634,0.06201982908737788
train_median,train,2021-12,country_jp,country_mx,-0.18166279570680063,0.06201982908737788
train_median,train,2022-01,country_jp,country_mx,-0.08304134882636377,0.06201982908737788
train_median,train,2022-02,country_jp,country_mx,0.12253984925539713,0.06201982908737788
train_median,train,2022-03,country_jp,country_mx,-0.05383364371565713,0.06201982908737788
train_median,train,2022-04,country_jp,country_mx,0.1534311577181533,0.06201982908737788
train_median,train,2022-05,country_jp,country_mx,-0.07653636289994477,0.06201982908737788
train_median,train,2022-06,country_jp,country_mx,-0.08472541248694734,0.06201982908737788
train_median,train,2022-07,country_jp,country_mx,0.11309476442597725,0.06201982908737788
train_median,train,2022-08,country_jp,country_mx,-0.07718696298806116,0.06201982908737788
train_median,train,2022-09,country_jp,country_mx,0.028573770553855907,0.06201982908737788
train_median,train,2022-10,country_jp,country_mx,0.01047211102622668,0.06201982908737788
train_median,train,2022-11,country_jp,country_mx,0.13028601717093707,0.06201982908737788
train_median,train,2022-12,country_jp,country_mx,-0.15600753841167603,0.06201982908737788
train_median,train,2021-12,country_jp,country_my,-0.035864911890255,0.06201982908737788
train_median,train,2022-01,country_jp,country_my,-0.12895237421370467,0.06201982908737788
train_median,train,2022-02,country_jp,country_my,-0.01949695007542418,0.06201982908737788
train_median,train,2022-03,country_jp,country_my,0.1816930410399645,0.06201982908737788
train_median,train,2022-04,country_jp,country_my,0.052951275858152604,0.06201982908737788
train_median,train,2022-05,country_jp,country_my,-0.03362613230269536,0.06201982908737788
train_median,train,2022-06,country_jp,country_my,0.19126258624841608,0.06201982908737788
train_median,train,2022-07,country_jp,country_my,0.06256198901745529,0.06201982908737788
train_median,train,2022-08,country_jp,country_my,-0.09905394543650438,0.06201982908737788
train_median,train,2022-09,country_jp,country_my,-0.0191278965879964,0.06201982908737788
train_median,train,2022-10,country_jp,country_my,0.1570927357634709,0.06201982908737788
train_median,train,2022-11,country_jp,country_my,0.050810161160110875,0.06201982908737788
train_median,train,2022-12,country_jp,country_my,0.045721171904663654,0.06201982908737788
train_median,train,2021-12,country_jp,country_ph,0.012199100061978335,0.06201982908737788
train_median,train,2022-01,country_jp,country_ph,0.20296916003432278,0.06201982908737788
train_median,train,2022-02,country_jp,country_ph,0.21993394158049223,0.06201982908737788
train_median,train,2022-03,country_jp,country_ph,-0.08373313880354327,0.06201982908737788
train_median,train,2022-04,country_jp,country_ph,-0.08914421286846874,0.06201982908737788
train_median,train,2022-05,country_jp,country_ph,-0.031648470401711155,0.06201982908737788
train_median,train,2022-06,country_jp,country_ph,-0.03496677204487046,0.06201982908737788
train_median,train,2022-07,country_jp,country_ph,0.06873141575436506,0.06201982908737788
train_median,train,2022-08,country_jp,country_ph,0.0737773969806471,0.06201982908737788
train_median,train,2022-09,country_jp,country_ph,0.036680263486152415,0.06201982908737788
train_median,train,2022-10,country_jp,country_ph,-0.15532967034451983,0.06201982908737788
train_median,train,2022-11,country_jp,country_ph,-0.2680332962171078,0.06201982908737788
train_median,train,2022-12,country_jp,country_ph,-0.13872941100889993,0.06201982908737788
train_median,train,2021-12,country_jp,country_sg,0.10187216582214034,0.06201982908737788
train_median,train,2022-01,country_jp,country_sg,0.24589413078257452,0.06201982908737788
train_median,train,2022-02,country_jp,country_sg,0.1561652624521967,0.06201982908737788
train_median,train,2022-03,country_jp,country_sg,0.2524288805178657,0.06201982908737788
train_median,train,2022-04,country_jp,country_sg,0.17146354620300677,0.06201982908737788
train_median,train,2022-05,country_jp,country_sg,0.6457052413933412,0.06201982908737788
train_median,train,2022-06,country_jp,country_sg,0.5858496849335398,0.06201982908737788
train_median,train,2022-07,country_jp,country_sg,0.4652927789449493,0.06201982908737788
train_median,train,2022-08,country_jp,country_sg,0.20535135476822106,0.06201982908737788
train_median,train,2022-09,country_jp,country_sg,0.38962785984751797,0.06201982908737788
train_median,train,2022-10,country_jp,country_sg,0.5823569533911372,0.06201982908737788
train_median,train,2022-11,country_jp,country_sg,-0.24515112495526845,0.06201982908737788
train_median,train,2022-12,country_jp,country_sg,-0.5305434581049953,0.06201982908737788
train_median,train,2021-12,country_jp,country_th,-0.1152968787627955,0.06201982908737788
train_median,train,2022-01,country_jp,country_th,-0.12313558920075426,0.06201982908737788
train_median,train,2022-02,country_jp,country_th,0.07361099707521553,0.06201982908737788
train_median,train,2022-03,country_jp,country_th,-0.06247787329198203,0.06201982908737788
train_median,train,2022-04,country_jp,country_th,-0.08281636459630487,0.06201982908737788
train_median,train,2022-05,country_jp,country_th,0.09853152188576991,0.06201982908737788
train_median,train,2022-06,country_jp,country_th,-0.07631933521535174,0.06201982908737788
train_median,train,2022-07,country_jp,country_th,0.07103073854045984,0.06201982908737788
train_median,train,2022-08,country_jp,country_th,0.04892537869320632,0.06201982908737788
train_median,train,2022-09,country_jp,country_th,0.011111275963902403,0.06201982908737788
train_median,train,2022-10,country_jp,country_th,-0.11136890141920194,0.06201982908737788
train_median,train,2022-11,country_jp,country_th,0.25444386614960685,0.06201982908737788
train_median,train,2022-12,country_jp,country_th,-0.07057668579215143,0.06201982908737788
train_median,train,2021-12,country_jp,country_us,-0.020572904971681658,0.06201982908737788
train_median,train,2022-01,country_jp,country_us,0.10205172771767015,0.06201982908737788
train_median,train,2022-02,country_jp,country_us,0.1266765057490171,0.06201982908737788
train_median,train,2022-03,country_jp,country_us,0.11006116401073954,0.06201982908737788
train_median,train,2022-04,country_jp,country_us,-0.0024434311133564863,0.06201982908737788
train_median,train,2022-05,country_jp,country_us,-0.010066359329464423,0.06201982908737788
train_median,train,2022-06,country_jp,country_us,0.03225687234585347,0.06201982908737788
train_median,train,2022-07,country_jp,country_us,-0.03992577475595275,0.06201982908737788
train_median,train,2022-08,country_jp,country_us,0.030183116572940698,0.06201982908737788
train_median,train,2022-09,country_jp,country_us,0.03906511060205072,0.06201982908737788
train_median,train,2022-10,country_jp,country_us,-0.07817508962746907,0.06201982908737788
train_median,train,2022-11,country_jp,country_us,-0.024641511936223808,0.06201982908737788
train_median,train,2022-12,country_jp,country_us,-0.04205687621481335,0.06201982908737788
train_median,train,2021-12,country_jp,country_vn,0.14234404877163498,0.06201982908737788
train_median,train,2022-01,country_jp,country_vn,0.10878111442474407,0.06201982908737788
train_median,train,2022-02,country_jp,country_vn,0.47692360997635513,0.06201982908737788
train_median,train,2022-03,country_jp,country_vn,0.23222038145770132,0.06201982908737788
train_median,train,2022-04,country_jp,country_vn,-0.04132501164340471,0.06201982908737788
train_median,train,2022-05,country_jp,country_vn,0.24688865072082042,0.06201982908737788
train_median,train,2022-06,country_jp,country_vn,-0.07080460728128873,0.06201982908737788
train_median,train,2022-07,country_jp,country_vn,0.501205719537204,0.06201982908737788
train_median,train,2022-08,country_jp,country_vn,0.23250731491339105,0.06201982908737788
train_median,train,2022-09,country_jp,country_vn,-0.1427296920330334,0.06201982908737788
train_median,train,2022-10,country_jp,country_vn,-0.3665177122117466,0.06201982908737788
train_median,train,2022-11,country_jp,country_vn,-0.08600006494692447,0.06201982908737788
train_median,train,2022-12,country_jp,country_vn,0.4613825514373079,0.06201982908737788
train_median,train,2021-12,country_kr,country_203,0.4974931841856209,0.06201982908737788
train_median,train,2022-01,country_kr,country_203,-0.22524039569240806,0.06201982908737788
train_median,train,2022-02,country_kr,country_203,0.12519888820614916,0.06201982908737788
train_median,train,2022-03,country_kr,country_203,0.16043533343334176,0.06201982908737788
train_median,train,2022-04,country_kr,country_203,-0.13438910345291522,0.06201982908737788
train_median,train,2022-05,country_kr,country_203,0.2255874624301084,0.06201982908737788
train_median,train,2022-06,country_kr,country_203,0.19361730390607326,0.06201982908737788
train_median,train,2022-07,country_kr,country_203,0.522657746046132,0.06201982908737788
train_median,train,2022-08,country_kr,country_203,0.27511511892468204,0.06201982908737788
train_median,train,2022-09,country_kr,country_203,0.23040691293694984,0.06201982908737788
train_median,train,2022-10,country_kr,country_203,0.4135373411582539,0.06201982908737788
train_median,train,2022-11,country_kr,country_203,-0.1308434566226588,0.06201982908737788
train_median,train,2022-12,country_kr,country_203,0.32431000876821553,0.06201982908737788
train_median,train,2021-12,country_kr,country_344,-0.12224792109055876,0.06201982908737788
train_median,train,2022-01,country_kr,country_344,-0.23391517472509837,0.06201982908737788
train_median,train,2022-02,country_kr,country_344,-0.05885790912600559,0.06201982908737788
train_median,train,2022-03,country_kr,country_344,-0.10034723610087025,0.06201982908737788
train_median,train,2022-04,country_kr,country_344,0.022416446896602348,0.06201982908737788
train_median,train,2022-05,country_kr,country_344,-0.2566227039613387,0.06201982908737788
train_median,train,2022-06,country_kr,country_344,-0.15260015207731678,0.06201982908737788
train_median,train,2022-07,country_kr,country_344,-0.33885081889441176,0.06201982908737788
train_median,train,2022-08,country_kr,country_344,0.021666045660022226,0.06201982908737788
train_median,train,2022-09,country_kr,country_344,-0.09757104388782795,0.06201982908737788
train_median,train,2022-10,country_kr,country_344,-0.023228294090135045,0.06201982908737788
train_median,train,2022-11,country_kr,country_344,-0.2662823712520794,0.06201982908737788
train_median,train,2022-12,country_kr,country_344,-0.5521602677557769,0.06201982908737788
train_median,train,2021-12,country_kr,country_372,0.5477620501535807,0.06201982908737788
train_median,train,2022-01,country_kr,country_372,-0.6523189384013138,0.06201982908737788
train_median,train,2022-02,country_kr,country_372,4.3114313094341385,0.06201982908737788
train_median,train,2022-03,country_kr,country_372,0.37116055025045613,0.06201982908737788
train_median,train,2022-04,country_kr,country_372,4.078550961280049,0.06201982908737788
train_median,train,2022-05,country_kr,country_372,0.0851838848386706,0.06201982908737788
train_median,train,2022-06,country_kr,country_372,0.41794491861898536,0.06201982908737788
train_median,train,2022-07,country_kr,country_372,-0.44906336557042587,0.06201982908737788
train_median,train,2022-08,country_kr,country_372,-0.6587437419738476,0.06201982908737788
train_median,train,2022-09,country_kr,country_372,-0.418378623169077,0.06201982908737788
train_median,train,2022-10,country_kr,country_372,-0.5801560171294556,0.06201982908737788
train_median,train,2022-11,country_kr,country_372,0.09258562607103196,0.06201982908737788
train_median,train,2022-12,country_kr,country_372,-0.31670954706800475,0.06201982908737788
train_median,train,2021-12,country_kr,country_380,0.24299296431377276,0.06201982908737788
train_median,train,2022-01,country_kr,country_380,-0.14494629211003918,0.06201982908737788
train_median,train,2022-02,country_kr,country_380,-0.8759830928722104,0.06201982908737788
train_median,train,2022-03,country_kr,country_380,-0.9356247073106994,0.06201982908737788
train_median,train,2022-04,country_kr,country_380,-0.9119285251491607,0.06201982908737788
train_median,train,2022-05,country_kr,country_380,-0.40719574839351536,0.06201982908737788
train_median,train,2022-06,country_kr,country_380,1.1881785717901598,0.06201982908737788
train_median,train,2022-07,country_kr,country_380,-0.05063286739340366,0.06201982908737788
train_median,train,2022-08,country_kr,country_380,-0.17457835544831835,0.06201982908737788
train_median,train,2022-09,country_kr,country_380,0.06801980187663907,0.06201982908737788
train_median,train,2022-10,country_kr,country_380,0.6098018780381229,0.06201982908737788
train_median,train,2022-11,country_kr,country_380,0.5167150109337406,0.06201982908737788
train_median,train,2022-12,country_kr,country_380,1.8334640355671101,0.06201982908737788
train_median,train,2021-12,country_kr,country_cn,0.10402280358047644,0.06201982908737788
train_median,train,2022-01,country_kr,country_cn,-0.16663890138673063,0.06201982908737788
train_median,train,2022-02,country_kr,country_cn,0.03986898632138998,0.06201982908737788
train_median,train,2022-03,country_kr,country_cn,-0.10837343975763175,0.06201982908737788
train_median,train,2022-04,country_kr,country_cn,-0.15300309548020893,0.06201982908737788
train_median,train,2022-05,country_kr,country_cn,-0.06976757719004685,0.06201982908737788
train_median,train,2022-06,country_kr,country_cn,-0.01629177449116428,0.06201982908737788
train_median,train,2022-07,country_kr,country_cn,-0.12062392043647673,0.06201982908737788
train_median,train,2022-08,country_kr,country_cn,-0.0016358673003777431,0.06201982908737788
train_median,train,2022-09,country_kr,country_cn,-0.16950502272595208,0.06201982908737788
train_median,train,2022-10,country_kr,country_cn,-0.2083718641566871,0.06201982908737788
train_median,train,2022-11,country_kr,country_cn,-0.12606161445364283,0.06201982908737788
train_median,train,2022-12,country_kr,country_cn,-0.3671619480204809,0.06201982908737788
train_median,train,2021-12,country_kr,country_de,0.14023157865926245,0.06201982908737788
train_median,train,2022-01,country_kr,country_de,0.07474524970908514,0.06201982908737788
train_median,train,2022-02,country_kr,country_de,0.1161604190893797,0.06201982908737788
train_median,train,2022-03,country_kr,country_de,0.07680552896100737,0.06201982908737788
train_median,train,2022-04,country_kr,country_de,0.06339503600053205,0.06201982908737788
train_median,train,2022-05,country_kr,country_de,0.058176490381749865,0.06201982908737788
train_median,train,2022-06,country_kr,country_de,-0.017265996975381746,0.06201982908737788
train_median,train,2022-07,country_kr,country_de,0.2081467305105724,0.06201982908737788
train_median,train,2022-08,country_kr,country_de,0.10777316506885055,0.06201982908737788
train_median,train,2022-09,country_kr,country_de,0.1826435436191867,0.06201982908737788
train_median,train,2022-10,country_kr,country_de,0.2665408233720908,0.06201982908737788
train_median,train,2022-11,country_kr,country_de,0.22217524789627896,0.06201982908737788
train_median,train,2022-12,country_kr,country_de,0.5203052057510045,0.06201982908737788
train_median,train,2021-12,country_kr,country_fr,0.079198688095631,0.06201982908737788
train_median,train,2022-01,country_kr,country_fr,0.2637352024938886,0.06201982908737788
train_median,train,2022-02,country_kr,country_fr,0.31441438843440406,0.06201982908737788
train_median,train,2022-03,country_kr,country_fr,0.28602543952257625,0.06201982908737788
train_median,train,2022-04,country_kr,country_fr,0.26745645516866196,0.06201982908737788
train_median,train,2022-05,country_kr,country_fr,0.33638127318410266,0.06201982908737788
train_median,train,2022-06,country_kr,country_fr,1.058794259938969,0.06201982908737788
train_median,train,2022-07,country_kr,country_fr,0.7669736547554036,0.06201982908737788
train_median,train,2022-08,country_kr,country_fr,0.023055184842456163,0.06201982908737788
train_median,train,2022-09,country_kr,country_fr,0.6892530563943182,0.06201982908737788
train_median,train,2022-10,country_kr,country_fr,0.19227141341525703,0.06201982908737788
train_median,train,2022-11,country_kr,country_fr,0.21294608373459095,0.06201982908737788
train_median,train,2022-12,country_kr,country_fr,0.9642483525722678,0.06201982908737788
train_median,train,2021-12,country_kr,country_gb,2.1782242288654516,0.06201982908737788
train_median,train,2022-01,country_kr,country_gb,4.100710008671114,0.06201982908737788
train_median,train,2022-02,country_kr,country_gb,3.284209029243933,0.06201982908737788
train_median,train,2022-03,country_kr,country_gb,0.5306886907428173,0.06201982908737788
train_median,train,2022-04,country_kr,country_gb,4.1196974376013875,0.06201982908737788
train_median,train,2022-05,country_kr,country_gb,0.695918313640298,0.06201982908737788
train_median,train,2022-06,country_kr,country_gb,0.10350954205904163,0.06201982908737788
train_median,train,2022-07,country_kr,country_gb,-0.04204861134665426,0.06201982908737788
train_median,train,2022-08,country_kr,country_gb,-0.3316807817736954,0.06201982908737788
train_median,train,2022-09,country_kr,country_gb,1.1162728365354184,0.06201982908737788
train_median,train,2022-10,country_kr,country_gb,1.427852928327829,0.06201982908737788
train_median,train,2022-11,country_kr,country_gb,0.04686285100496969,0.06201982908737788
train_median,train,2022-12,country_kr,country_gb,-0.27883344555285583,0.06201982908737788
train_median,train,2021-12,country_kr,country_in,0.5319454345842286,0.06201982908737788
train_median,train,2022-01,country_kr,country_in,0.8863337095214435,0.06201982908737788
train_median,train,2022-02,country_kr,country_in,0.9758314830038246,0.06201982908737788
train_median,train,2022-03,country_kr,country_in,1.1537651647387073,0.06201982908737788
train_median,train,2022-04,country_kr,country_in,0.31616022137783695,0.06201982908737788
train_median,train,2022-05,country_kr,country_in,-0.1402359720058418,0.06201982908737788
train_median,train,2022-06,country_kr,country_in,0.20873362476346782,0.06201982908737788
train_median,train,2022-07,country_kr,country_in,0.5735633369661007,0.06201982908737788
train_median,train,2022-08,country_kr,country_in,0.2342378646530296,0.06201982908737788
train_median,train,2022-09,country_kr,country_in,0.058924690281750396,0.06201982908737788
train_median,train,2022-10,country_kr,country_in,-0.056408172722395976,0.06201982908737788
train_median,train,2022-11,country_kr,country_in,0.22966281832869037,0.06201982908737788
train_median,train,2022-12,country_kr,country_in,0.016473837527148212,0.06201982908737788
train_median,train,2021-12,country_kr,country_jp,0.41619421856385574,0.06201982908737788
train_median,train,2022-01,country_kr,country_jp,0.2622701253095862,0.06201982908737788
train_median,train,2022-02,country_kr,country_jp,0.6198536194548461,0.06201982908737788
train_median,train,2022-03,country_kr,country_jp,0.26854837011327837,0.06201982908737788
train_median,train,2022-04,country_kr,country_jp,0.38572115023980685,0.06201982908737788
train_median,train,2022-05,country_kr,country_jp,0.07831627588573571,0.06201982908737788
train_median,train,2022-06,country_kr,country_jp,-0.1571109799998845,0.06201982908737788
train_median,train,2022-07,country_kr,country_jp,-0.06281263768323633,0.06201982908737788
train_median,train,2022-08,country_kr,country_jp,-0.3978997431766946,0.06201982908737788
train_median,train,2022-09,country_kr,country_jp,-0.2652242388484167,0.06201982908737788
train_median,train,2022-10,country_kr,country_jp,-0.4157145251868017,0.06201982908737788
train_median,train,2022-11,country_kr,country_jp,-0.5008460439570396,0.06201982908737788
train_median,train,2022-12,country_kr,country_jp,-0.46472862069465554,0.06201982908737788
train_median,train,2021-12,country_kr,country_mx,-0.22131042265110762,0.06201982908737788
train_median,train,2022-01,country_kr,country_mx,0.0677829460824164,0.06201982908737788
train_median,train,2022-02,country_kr,country_mx,0.04462507249016696,0.06201982908737788
train_median,train,2022-03,country_kr,country_mx,-0.013287783127874441,0.06201982908737788
train_median,train,2022-04,country_kr,country_mx,0.015068790138840629,0.06201982908737788
train_median,train,2022-05,country_kr,country_mx,0.061601704622973895,0.06201982908737788
train_median,train,2022-06,country_kr,country_mx,0.16170472705083555,0.06201982908737788
train_median,train,2022-07,country_kr,country_mx,0.1352026299990169,0.06201982908737788
train_median,train,2022-08,country_kr,country_mx,0.359359590722815,0.06201982908737788
train_median,train,2022-09,country_kr,country_mx,0.2295966418016662,0.06201982908737788
train_median,train,2022-10,country_kr,country_mx,-0.0018658629342235146,0.06201982908737788
train_median,train,2022-11,country_kr,country_mx,0.30484088256113717,0.06201982908737788
train_median,train,2022-12,country_kr,country_mx,0.24503361403747467,0.06201982908737788
train_median,train,2021-12,country_kr,country_my,-0.03406596195340085,0.06201982908737788
train_median,train,2022-01,country_kr,country_my,-0.06343152833750922,0.06201982908737788
train_median,train,2022-02,country_kr,country_my,0.06527245536735381,0.06201982908737788
train_median,train,2022-03,country_kr,country_my,-0.06887112013624029,0.06201982908737788
train_median,train,2022-04,country_kr,country_my,-0.022391437924135785,0.06201982908737788
train_median,train,2022-05,country_kr,country_my,0.051956274009264856,0.06201982908737788
train_median,train,2022-06,country_kr,country_my,-0.04735907019215549,0.06201982908737788
train_median,train,2022-07,country_kr,country_my,0.01617354073975817,0.06201982908737788
train_median,train,2022-08,country_kr,country_my,-0.0520976485219135,0.06201982908737788
train_median,train,2022-09,country_kr,country_my,0.03934648746577345,0.06201982908737788
train_median,train,2022-10,country_kr,country_my,0.03460456038413316,0.06201982908737788
train_median,train,2022-11,country_kr,country_my,0.009432456794781439,0.06201982908737788
train_median,train,2022-12,country_kr,country_my,0.0026797182809216898,0.06201982908737788
train_median,train,2021-12,country_kr,country_ph,0.19191000433244085,0.06201982908737788
train_median,train,2022-01,country_kr,country_ph,0.03642166156273177,0.06201982908737788
train_median,train,2022-02,country_kr,country_ph,-0.07643101075118357,0.06201982908737788
train_median,train,2022-03,country_kr,country_ph,0.08413026532876205,0.06201982908737788
train_median,train,2022-04,country_kr,country_ph,0.02938156422399514,0.06201982908737788
train_median,train,2022-05,country_kr,country_ph,0.2695566628668856,0.06201982908737788
train_median,train,2022-06,country_kr,country_ph,0.02030574726902224,0.06201982908737788
train_median,train,2022-07,country_kr,country_ph,-0.2256331666532903,0.06201982908737788
train_median,train,2022-08,country_kr,country_ph,-0.29348932186188004,0.06201982908737788
train_median,train,2022-09,country_kr,country_ph,-0.2507217198712991,0.06201982908737788
train_median,train,2022-10,country_kr,country_ph,-0.37559541449403855,0.06201982908737788
train_median,train,2022-11,country_kr,country_ph,-0.35788437311235,0.06201982908737788
train_median,train,2022-12,country_kr,country_ph,-0.5093528210922226,0.06201982908737788
train_median,train,2021-12,country_kr,country_sg,0.3223882984831849,0.06201982908737788
train_median,train,2022-01,country_kr,country_sg,0.06883742036390146,0.06201982908737788
train_median,train,2022-02,country_kr,country_sg,0.27230415444236744,0.06201982908737788
train_median,train,2022-03,country_kr,country_sg,0.09445994066889032,0.06201982908737788
train_median,train,2022-04,country_kr,country_sg,0.07922181554494087,0.06201982908737788
train_median,train,2022-05,country_kr,country_sg,0.4388523174883442,0.06201982908737788
train_median,train,2022-06,country_kr,country_sg,0.45815327694097624,0.06201982908737788
train_median,train,2022-07,country_kr,country_sg,0.4488194461524526,0.06201982908737788
train_median,train,2022-08,country_kr,country_sg,-0.1351036151660517,0.06201982908737788
train_median,train,2022-09,country_kr,country_sg,-0.19455890786410673,0.06201982908737788
train_median,train,2022-10,country_kr,country_sg,-0.07036007576178124,0.06201982908737788
train_median,train,2022-11,country_kr,country_sg,0.14274430624438153,0.06201982908737788
train_median,train,2022-12,country_kr,country_sg,-0.05522622727965183,0.06201982908737788
train_median,train,2021-12,country_kr,country_th,0.7186197519290944,0.06201982908737788
train_median,train,2022-01,country_kr,country_th,0.011186222514468769,0.06201982908737788
train_median,train,2022-02,country_kr,country_th,0.4607140700656848,0.06201982908737788
train_median,train,2022-03,country_kr,country_th,0.1710631572728309,0.06201982908737788
train_median,train,2022-04,country_kr,country_th,0.19719710546556402,0.06201982908737788
train_median,train,2022-05,country_kr,country_th,0.06429635480272057,0.06201982908737788
train_median,train,2022-06,country_kr,country_th,-0.038920925744130565,0.06201982908737788
train_median,train,2022-07,country_kr,country_th,0.3762837339224183,0.06201982908737788
train_median,train,2022-08,country_kr,country_th,0.029653905687161492,0.06201982908737788
train_median,train,2022-09,country_kr,country_th,0.218761500172193,0.06201982908737788
train_median,train,2022-10,country_kr,country_th,-0.12435882414835527,0.06201982908737788
train_median,train,2022-11,country_kr,country_th,-0.21610620202158967,0.06201982908737788
train_median,train,2022-12,country_kr,country_th,-0.05260367828994242,0.06201982908737788
train_median,train,2021-12,country_kr,country_us,0.2176558516960374,0.06201982908737788
train_median,train,2022-01,country_kr,country_us,-0.08891856092874079,0.06201982908737788
train_median,train,2022-02,country_kr,country_us,0.17211576105042595,0.06201982908737788
train_median,train,2022-03,country_kr,country_us,0.2672469470741799,0.06201982908737788
train_median,train,2022-04,country_kr,country_us,0.2688922488324338,0.06201982908737788
train_median,train,2022-05,country_kr,country_us,0.023876099803888322,0.06201982908737788
train_median,train,2022-06,country_kr,country_us,-0.10323193049130715,0.06201982908737788
train_median,train,2022-07,country_kr,country_us,0.2662700233138407,0.06201982908737788
train_median,train,2022-08,country_kr,country_us,0.3867613224899678,0.06201982908737788
train_median,train,2022-09,country_kr,country_us,0.365772021655194,0.06201982908737788
train_median,train,2022-10,country_kr,country_us,0.27795150808029534,0.06201982908737788
train_median,train,2022-11,country_kr,country_us,0.16644267144822772,0.06201982908737788
train_median,train,2022-12,country_kr,country_us,0.09685784906407133,0.06201982908737788
train_median,train,2021-12,country_kr,country_vn,0.3498930941032363,0.06201982908737788
train_median,train,2022-01,country_kr,country_vn,0.1673214477796601,0.06201982908737788
train_median,train,2022-02,country_kr,country_vn,0.5185061193087538,0.06201982908737788
train_median,train,2022-03,country_kr,country_vn,0.12480312466593224,0.06201982908737788
train_median,train,2022-04,country_kr,country_vn,-0.03092765773516565,0.06201982908737788
train_median,train,2022-05,country_kr,country_vn,-0.053761727654082686,0.06201982908737788
train_median,train,2022-06,country_kr,country_vn,0.024940108023221705,0.06201982908737788
train_median,train,2022-07,country_kr,country_vn,0.17642258072759748,0.06201982908737788
train_median,train,2022-08,country_kr,country_vn,-0.11341017602156023,0.06201982908737788
train_median,train,2022-09,country_kr,country_vn,-0.08169015420096262,0.06201982908737788
train_median,train,2022-10,country_kr,country_vn,-0.25414518722241536,0.06201982908737788
train_median,train,2022-11,country_kr,country_vn,-0.04132928542529077,0.06201982908737788
train_median,train,2022-12,country_kr,country_vn,-0.26848388677294305,0.06201982908737788
train_median,train,2021-12,country_mx,country_203,-0.3244303413661128,0.06201982908737788
train_median,train,2022-01,country_mx,country_203,-0.29478918910464147,0.06201982908737788
train_median,train,2022-02,country_mx,country_203,1.2292587065411722,0.06201982908737788
train_median,train,2022-03,country_mx,country_203,-0.22245896068204318,0.06201982908737788
train_median,train,2022-04,country_mx,country_203,0.7894243453538983,0.06201982908737788
train_median,train,2022-05,country_mx,country_203,0.1595067600966503,0.06201982908737788
train_median,train,2022-06,country_mx,country_203,0.16215665125075726,0.06201982908737788
train_median,train,2022-07,country_mx,country_203,1.1390505178859025,0.06201982908737788
train_median,train,2022-08,country_mx,country_203,0.8353067260623235,0.06201982908737788
train_median,train,2022-09,country_mx,country_203,0.10122738142337143,0.06201982908737788
train_median,train,2022-10,country_mx,country_203,0.6001580772001311,0.06201982908737788
train_median,train,2022-11,country_mx,country_203,0.018080719151105137,0.06201982908737788
train_median,train,2022-12,country_mx,country_203,0.6169608436468011,0.06201982908737788
train_median,train,2021-12,country_mx,country_344,-0.0984299783729709,0.06201982908737788
train_median,train,2022-01,country_mx,country_344,-0.515100503799686,0.06201982908737788
train_median,train,2022-02,country_mx,country_344,-0.21230307534775603,0.06201982908737788
train_median,train,2022-03,country_mx,country_344,-0.23931530060215028,0.06201982908737788
train_median,train,2022-04,country_mx,country_344,-0.2967417054717463,0.06201982908737788
train_median,train,2022-05,country_mx,country_344,-0.018322965391059563,0.06201982908737788
train_median,train,2022-06,country_mx,country_344,-0.15393033848941168,0.06201982908737788
train_median,train,2022-07,country_mx,country_344,0.2590454012903495,0.06201982908737788
train_median,train,2022-08,country_mx,country_344,3.5819851186378755,0.06201982908737788
train_median,train,2022-09,country_mx,country_344,-0.1272137463303662,0.06201982908737788
train_median,train,2022-10,country_mx,country_344,-0.22730058391935676,0.06201982908737788
train_median,train,2022-11,country_mx,country_344,1.6246927729127547,0.06201982908737788
train_median,train,2022-12,country_mx,country_344,-0.3194232215403833,0.06201982908737788
train_median,train,2021-12,country_mx,country_372,0.6906045828484491,0.06201982908737788
train_median,train,2022-01,country_mx,country_372,0.28472840794114723,0.06201982908737788
train_median,train,2022-02,country_mx,country_372,0.15489302147847417,0.06201982908737788
train_median,train,2022-03,country_mx,country_372,0.7643655582616923,0.06201982908737788
train_median,train,2022-04,country_mx,country_372,-0.7632749956668642,0.06201982908737788
train_median,train,2022-05,country_mx,country_372,3.1166959368523357,0.06201982908737788
train_median,train,2022-06,country_mx,country_372,0.16978827216297174,0.06201982908737788
train_median,train,2022-07,country_mx,country_372,4.838110357249261,0.06201982908737788
train_median,train,2022-08,country_mx,country_372,-0.08324141486823686,0.06201982908737788
train_median,train,2022-09,country_mx,country_372,-0.5840822649905967,0.06201982908737788
train_median,train,2022-10,country_mx,country_372,-0.27975458291560845,0.06201982908737788
train_median,train,2022-11,country_mx,country_372,-0.13866108489061066,0.06201982908737788
train_median,train,2022-12,country_mx,country_372,-0.44636724771213354,0.06201982908737788
train_median,train,2021-12,country_mx,country_380,-0.19980052904590503,0.06201982908737788
train_median,train,2022-01,country_mx,country_380,-0.6614973118266736,0.06201982908737788
train_median,train,2022-02,country_mx,country_380,-0.23703263714107586,0.06201982908737788
train_median,train,2022-03,country_mx,country_380,2.8775438276364977,0.06201982908737788
train_median,train,2022-04,country_mx,country_380,-0.9603569135253927,0.06201982908737788
train_median,train,2022-05,country_mx,country_380,-0.42845733298118305,0.06201982908737788
train_median,train,2022-06,country_mx,country_380,0.7294311147343924,0.06201982908737788
train_median,train,2022-07,country_mx,country_380,-0.08267574050812637,0.06201982908737788
train_median,train,2022-08,country_mx,country_380,0.028794653940591476,0.06201982908737788
train_median,train,2022-09,country_mx,country_380,0.37512466025578894,0.06201982908737788
train_median,train,2022-10,country_mx,country_380,0.3020653915497009,0.06201982908737788
train_median,train,2022-11,country_mx,country_380,-0.6203657422861857,0.06201982908737788
train_median,train,2022-12,country_mx,country_380,0.32492874013449496,0.06201982908737788
train_median,train,2021-12,country_mx,country_cn,0.05746281050180894,0.06201982908737788
train_median,train,2022-01,country_mx,country_cn,-0.17756611709330045,0.06201982908737788
train_median,train,2022-02,country_mx,country_cn,-0.03069186435264066,0.06201982908737788
train_median,train,2022-03,country_mx,country_cn,-0.1219762872447505,0.06201982908737788
train_median,train,2022-04,country_mx,country_cn,0.09615881451286824,0.06201982908737788
train_median,train,2022-05,country_mx,country_cn,0.0050450165538212,0.06201982908737788
train_median,train,2022-06,country_mx,country_cn,-0.2269032573775643,0.06201982908737788
train_median,train,2022-07,country_mx,country_cn,0.10288032217701817,0.06201982908737788
train_median,train,2022-08,country_mx,country_cn,0.39116451440989547,0.06201982908737788
train_median,train,2022-09,country_mx,country_cn,-0.003899760704322075,0.06201982908737788
train_median,train,2022-10,country_mx,country_cn,-0.1719256545698129,0.06201982908737788
train_median,train,2022-11,country_mx,country_cn,-0.17014751569499634,0.06201982908737788
train_median,train,2022-12,country_mx,country_cn,-0.07898709259656382,0.06201982908737788
train_median,train,2021-12,country_mx,country_de,0.3006870309099189,0.06201982908737788
train_median,train,2022-01,country_mx,country_de,-0.0010122085148053846,0.06201982908737788
train_median,train,2022-02,country_mx,country_de,0.007208121614964585,0.06201982908737788
train_median,train,2022-03,country_mx,country_de,0.0009018703200038495,0.06201982908737788
train_median,train,2022-04,country_mx,country_de,0.1614692074414903,0.06201982908737788
train_median,train,2022-05,country_mx,country_de,0.08978245975726168,0.06201982908737788
train_median,train,2022-06,country_mx,country_de,0.15751854162825518,0.06201982908737788
train_median,train,2022-07,country_mx,country_de,0.10272216337827417,0.06201982908737788
train_median,train,2022-08,country_mx,country_de,0.23554468355738645,0.06201982908737788
train_median,train,2022-09,country_mx,country_de,-0.014495960028454739,0.06201982908737788
train_median,train,2022-10,country_mx,country_de,0.051669387092818354,0.06201982908737788
train_median,train,2022-11,country_mx,country_de,-0.06909000926680414,0.06201982908737788
train_median,train,2022-12,country_mx,country_de,0.28739381744820175,0.06201982908737788
train_median,train,2021-12,country_mx,country_fr,1.4217411962047994,0.06201982908737788
train_median,train,2022-01,country_mx,country_fr,-0.03811298776064445,0.06201982908737788
train_median,train,2022-02,country_mx,country_fr,-0.13338393503144022,0.06201982908737788
train_median,train,2022-03,country_mx,country_fr,0.897264661677257,0.06201982908737788
train_median,train,2022-04,country_mx,country_fr,-0.004971900774556026,0.06201982908737788
train_median,train,2022-05,country_mx,country_fr,2.3468781379609753,0.06201982908737788
train_median,train,2022-06,country_mx,country_fr,-0.4143565953377345,0.06201982908737788
train_median,train,2022-07,country_mx,country_fr,0.11583051138491438,0.06201982908737788
train_median,train,2022-08,country_mx,country_fr,-0.010130624625761022,0.06201982908737788
train_median,train,2022-09,country_mx,country_fr,0.025905565832149244,0.06201982908737788
train_median,train,2022-10,country_mx,country_fr,1.0285592427374262,0.06201982908737788
train_median,train,2022-11,country_mx,country_fr,1.40686009896036,0.06201982908737788
train_median,train,2022-12,country_mx,country_fr,-0.0734294206022862,0.06201982908737788
train_median,train,2021-12,country_mx,country_gb,1.6318724581379755,0.06201982908737788
train_median,train,2022-01,country_mx,country_gb,0.7126448040905728,0.06201982908737788
train_median,train,2022-02,country_mx,country_gb,0.5981083343154966,0.06201982908737788
train_median,train,2022-03,country_mx,country_gb,0.8567152392617596,0.06201982908737788
train_median,train,2022-04,country_mx,country_gb,0.3284900469607299,0.06201982908737788
train_median,train,2022-05,country_mx,country_gb,0.36282817793663014,0.06201982908737788
train_median,train,2022-06,country_mx,country_gb,0.2988712436533889,0.06201982908737788
train_median,train,2022-07,country_mx,country_gb,0.7686823800676105,0.06201982908737788
train_median,train,2022-08,country_mx,country_gb,0.15683213967595352,0.06201982908737788
train_median,train,2022-09,country_mx,country_gb,0.09498613961369351,0.06201982908737788
train_median,train,2022-10,country_mx,country_gb,-0.22470347515470568,0.06201982908737788
train_median,train,2022-11,country_mx,country_gb,-0.18310546723544377,0.06201982908737788
train_median,train,2022-12,country_mx,country_gb,-0.3093006016263027,0.06201982908737788
train_median,train,2021-12,country_mx,country_in,-0.45421223243124115,0.06201982908737788
train_median,train,2022-01,country_mx,country_in,-0.4406238547548545,0.06201982908737788
train_median,train,2022-02,country_mx,country_in,0.005019615228823377,0.06201982908737788
train_median,train,2022-03,country_mx,country_in,12.074049853867402,0.06201982908737788
train_median,train,2022-04,country_mx,country_in,-0.2742331640721409,0.06201982908737788
train_median,train,2022-05,country_mx,country_in,1.395693458740897,0.06201982908737788
train_median,train,2022-06,country_mx,country_in,2.071317829866873,0.06201982908737788
train_median,train,2022-07,country_mx,country_in,1.9373667469048244,0.06201982908737788
train_median,train,2022-08,country_mx,country_in,0.486876592294273,0.06201982908737788
train_median,train,2022-09,country_mx,country_in,1.397560980625961,0.06201982908737788
train_median,train,2022-10,country_mx,country_in,0.3724065092723592,0.06201982908737788
train_median,train,2022-11,country_mx,country_in,0.7673933240791266,0.06201982908737788
train_median,train,2022-12,country_mx,country_in,63.294247957789686,0.06201982908737788
train_median,train,2021-12,country_mx,country_jp,0.0649772228088768,0.06201982908737788
train_median,train,2022-01,country_mx,country_jp,0.5209641320749425,0.06201982908737788
train_median,train,2022-02,country_mx,country_jp,0.5493760191256415,0.06201982908737788
train_median,train,2022-03,country_mx,country_jp,0.2501431542929033,0.06201982908737788
train_median,train,2022-04,country_mx,country_jp,0.6696011017205098,0.06201982908737788
train_median,train,2022-05,country_mx,country_jp,0.5739086645495405,0.06201982908737788
train_median,train,2022-06,country_mx,country_jp,0.4250299211884483,0.06201982908737788
train_median,train,2022-07,country_mx,country_jp,-0.10015882094772678,0.06201982908737788
train_median,train,2022-08,country_mx,country_jp,0.22513484666467481,0.06201982908737788
train_median,train,2022-09,country_mx,country_jp,-0.27849087458688926,0.06201982908737788
train_median,train,2022-10,country_mx,country_jp,-0.4028265965416052,0.06201982908737788
train_median,train,2022-11,country_mx,country_jp,0.03386811756910991,0.06201982908737788
train_median,train,2022-12,country_mx,country_jp,-0.2797349721680075,0.06201982908737788
train_median,train,2021-12,country_mx,country_kr,0.1741629906969154,0.06201982908737788
train_median,train,2022-01,country_mx,country_kr,0.06956578155862829,0.06201982908737788
train_median,train,2022-02,country_mx,country_kr,0.23009713682456343,0.06201982908737788
train_median,train,2022-03,country_mx,country_kr,0.5442652250249906,0.06201982908737788
train_median,train,2022-04,country_mx,country_kr,0.09844689242563892,0.06201982908737788
train_median,train,2022-05,country_mx,country_kr,1.6670984040668342,0.06201982908737788
train_median,train,2022-06,country_mx,country_kr,-0.06592140584155765,0.06201982908737788
train_median,train,2022-07,country_mx,country_kr,0.1989033278201098,0.06201982908737788
train_median,train,2022-08,country_mx,country_kr,-0.19624255938865065,0.06201982908737788
train_median,train,2022-09,country_mx,country_kr,-0.17673464655122587,0.06201982908737788
train_median,train,2022-10,country_mx,country_kr,-0.30362165157572724,0.06201982908737788
train_median,train,2022-11,country_mx,country_kr,-0.4216230439434681,0.06201982908737788
train_median,train,2022-12,country_mx,country_kr,-0.38136443274577936,0.06201982908737788
train_median,train,2021-12,country_mx,country_my,-0.01658130322553175,0.06201982908737788
train_median,train,2022-01,country_mx,country_my,-0.29885215119652203,0.06201982908737788
train_median,train,2022-02,country_mx,country_my,0.05225300732422617,0.06201982908737788
train_median,train,2022-03,country_mx,country_my,1.3779557383986165,0.06201982908737788
train_median,train,2022-04,country_mx,country_my,0.6405409570816766,0.06201982908737788
train_median,train,2022-05,country_mx,country_my,2.2223003372704095,0.06201982908737788
train_median,train,2022-06,country_mx,country_my,0.9105663142149643,0.06201982908737788
train_median,train,2022-07,country_mx,country_my,0.1540753683168834,0.06201982908737788
train_median,train,2022-08,country_mx,country_my,-0.2621059255588527,0.06201982908737788
train_median,train,2022-09,country_mx,country_my,-0.2315662743925187,0.06201982908737788
train_median,train,2022-10,country_mx,country_my,-0.2714177322777528,0.06201982908737788
train_median,train,2022-11,country_mx,country_my,-0.39613904523488663,0.06201982908737788
train_median,train,2022-12,country_mx,country_my,-0.07271109236786323,0.06201982908737788
train_median,train,2021-12,country_mx,country_ph,1.0349972704152963,0.06201982908737788
train_median,train,2022-01,country_mx,country_ph,7.374258094916255,0.06201982908737788
train_median,train,2022-02,country_mx,country_ph,0.28392731186829046,0.06201982908737788
train_median,train,2022-03,country_mx,country_ph,-0.15673939013401722,0.06201982908737788
train_median,train,2022-04,country_mx,country_ph,0.9920127860657977,0.06201982908737788
train_median,train,2022-05,country_mx,country_ph,0.46234780595657876,0.06201982908737788
train_median,train,2022-06,country_mx,country_ph,1.0488899774204263,0.06201982908737788
train_median,train,2022-07,country_mx,country_ph,1.2040485458205343,0.06201982908737788
train_median,train,2022-08,country_mx,country_ph,0.4752435665304316,0.06201982908737788
train_median,train,2022-09,country_mx,country_ph,1.5563207051203,0.06201982908737788
train_median,train,2022-10,country_mx,country_ph,0.6172676919019116,0.06201982908737788
train_median,train,2022-11,country_mx,country_ph,0.2635853438738653,0.06201982908737788
train_median,train,2022-12,country_mx,country_ph,-0.18699728094113538,0.06201982908737788
train_median,train,2021-12,country_mx,country_sg,0.2098344599571889,0.06201982908737788
train_median,train,2022-01,country_mx,country_sg,-0.2237381606600456,0.06201982908737788
train_median,train,2022-02,country_mx,country_sg,0.08137583007024106,0.06201982908737788
train_median,train,2022-03,country_mx,country_sg,0.13757974363130865,0.06201982908737788
train_median,train,2022-04,country_mx,country_sg,-0.19807476889925887,0.06201982908737788
train_median,train,2022-05,country_mx,country_sg,0.693244533339318,0.06201982908737788
train_median,train,2022-06,country_mx,country_sg,0.19898228915208335,0.06201982908737788
train_median,train,2022-07,country_mx,country_sg,0.1098054941552729,0.06201982908737788
train_median,train,2022-08,country_mx,country_sg,0.6943266254338046,0.06201982908737788
train_median,train,2022-09,country_mx,country_sg,0.5132639931746427,0.06201982908737788
train_median,train,2022-10,country_mx,country_sg,0.22113900725097288,0.06201982908737788
train_median,train,2022-11,country_mx,country_sg,-0.016413166740041226,0.06201982908737788
train_median,train,2022-12,country_mx,country_sg,0.12098962119065021,0.06201982908737788
train_median,train,2021-12,country_mx,country_th,0.46667490793466326,0.06201982908737788
train_median,train,2022-01,country_mx,country_th,-0.05805289755285239,0.06201982908737788
train_median,train,2022-02,country_mx,country_th,0.9530053588872947,0.06201982908737788
train_median,train,2022-03,country_mx,country_th,-0.14315896130700115,0.06201982908737788
train_median,train,2022-04,country_mx,country_th,0.9204089920067113,0.06201982908737788
train_median,train,2022-05,country_mx,country_th,0.3105050038935643,0.06201982908737788
train_median,train,2022-06,country_mx,country_th,0.644166899641921,0.06201982908737788
train_median,train,2022-07,country_mx,country_th,0.37762697724640476,0.06201982908737788
train_median,train,2022-08,country_mx,country_th,0.07198140608196273,0.06201982908737788
train_median,train,2022-09,country_mx,country_th,0.3259096768835258,0.06201982908737788
train_median,train,2022-10,country_mx,country_th,0.53099289419823,0.06201982908737788
train_median,train,2022-11,country_mx,country_th,0.2161965266833263,0.06201982908737788
train_median,train,2022-12,country_mx,country_th,0.5044545896073032,0.06201982908737788
train_median,train,2021-12,country_mx,country_us,-0.2537752791601993,0.06201982908737788
train_median,train,2022-01,country_mx,country_us,-0.01567920191877804,0.06201982908737788
train_median,train,2022-02,country_mx,country_us,0.37081514443863905,0.06201982908737788
train_median,train,2022-03,country_mx,country_us,0.05389814783622819,0.06201982908737788
train_median,train,2022-04,country_mx,country_us,0.1534163710444512,0.06201982908737788
train_median,train,2022-05,country_mx,country_us,0.4492924907414918,0.06201982908737788
train_median,train,2022-06,country_mx,country_us,-0.22453554247761487,0.06201982908737788
train_median,train,2022-07,country_mx,country_us,0.09669488975687952,0.06201982908737788
train_median,train,2022-08,country_mx,country_us,0.39681724026101256,0.06201982908737788
train_median,train,2022-09,country_mx,country_us,0.21077797846188562,0.06201982908737788
train_median,train,2022-10,country_mx,country_us,-0.16885269569634312,0.06201982908737788
train_median,train,2022-11,country_mx,country_us,0.14191183360287268,0.06201982908737788
train_median,train,2022-12,country_mx,country_us,-0.14479459801214675,0.06201982908737788
train_median,train,2021-12,country_mx,country_vn,1.404270845261312,0.06201982908737788
train_median,train,2022-01,country_mx,country_vn,1.1093896860441657,0.06201982908737788
train_median,train,2022-02,country_mx,country_vn,0.19092806217657146,0.06201982908737788
train_median,train,2022-03,country_mx,country_vn,3.8775292996577106,0.06201982908737788
train_median,train,2022-04,country_mx,country_vn,0.47737054801712975,0.06201982908737788
train_median,train,2022-05,country_mx,country_vn,1.5779651349008201,0.06201982908737788
train_median,train,2022-06,country_mx,country_vn,2.0737039929464225,0.06201982908737788
train_median,train,2022-07,country_mx,country_vn,-0.32368722231277314,0.06201982908737788
train_median,train,2022-08,country_mx,country_vn,-0.2078570086971971,0.06201982908737788
train_median,train,2022-09,country_mx,country_vn,1.017531817697923,0.06201982908737788
train_median,train,2022-10,country_mx,country_vn,-0.44251717745373675,0.06201982908737788
train_median,train,2022-11,country_mx,country_vn,0.16796894356087766,0.06201982908737788
train_median,train,2022-12,country_mx,country_vn,-0.07150493085827397,0.06201982908737788
train_median,train,2021-12,country_my,country_203,-0.012718425312450371,0.06201982908737788
train_median,train,2022-01,country_my,country_203,-0.2985493341330052,0.06201982908737788
train_median,train,2022-02,country_my,country_203,0.020410802657475507,0.06201982908737788
train_median,train,2022-03,country_my,country_203,-0.0317466267650489,0.06201982908737788
train_median,train,2022-04,country_my,country_203,-0.29595294793320887,0.06201982908737788
train_median,train,2022-05,country_my,country_203,-0.1483218273651753,0.06201982908737788
train_median,train,2022-06,country_my,country_203,-0.3139943003456255,0.06201982908737788
train_median,train,2022-07,country_my,country_203,-0.11535953656649722,0.06201982908737788
train_median,train,2022-08,country_my,country_203,0.42094322926948397,0.06201982908737788
train_median,train,2022-09,country_my,country_203,0.16110815719477156,0.06201982908737788
train_median,train,2022-10,country_my,country_203,0.49160002925078405,0.06201982908737788
train_median,train,2022-11,country_my,country_203,0.48043050194924464,0.06201982908737788
train_median,train,2022-12,country_my,country_203,0.08033060308376437,0.06201982908737788
train_median,train,2021-12,country_my,country_344,0.03453601878349529,0.06201982908737788
train_median,train,2022-01,country_my,country_344,-0.14179346310695742,0.06201982908737788
train_median,train,2022-02,country_my,country_344,0.03583714665211453,0.06201982908737788
train_median,train,2022-03,country_my,country_344,0.006646850813229165,0.06201982908737788
train_median,train,2022-04,country_my,country_344,0.09616141159346109,0.06201982908737788
train_median,train,2022-05,country_my,country_344,0.15495618191883456,0.06201982908737788
train_median,train,2022-06,country_my,country_344,0.05079555994001146,0.06201982908737788
train_median,train,2022-07,country_my,country_344,0.18589036660758823,0.06201982908737788
train_median,train,2022-08,country_my,country_344,0.19282227695086612,0.06201982908737788
train_median,train,2022-09,country_my,country_344,-0.1988167884908507,0.06201982908737788
train_median,train,2022-10,country_my,country_344,-0.18525594561953765,0.06201982908737788
train_median,train,2022-11,country_my,country_344,-0.07199813502883315,0.06201982908737788
train_median,train,2022-12,country_my,country_344,-0.2507307900375799,0.06201982908737788
train_median,train,2021-12,country_my,country_372,-0.9232555571979695,0.06201982908737788
train_median,train,2022-01,country_my,country_372,-0.908085670818626,0.06201982908737788
train_median,train,2022-02,country_my,country_372,-0.5160057912899042,0.06201982908737788
train_median,train,2022-03,country_my,country_372,-0.2680525126919286,0.06201982908737788
train_median,train,2022-04,country_my,country_372,-0.1509534000075791,0.06201982908737788
train_median,train,2022-05,country_my,country_372,-0.07899263245095968,0.06201982908737788
train_median,train,2022-06,country_my,country_372,-0.05996024256616239,0.06201982908737788
train_median,train,2022-07,country_my,country_372,7.068875783123854e-05,0.06201982908737788
train_median,train,2022-08,country_my,country_372,0.2678754293136378,0.06201982908737788
train_median,train,2022-09,country_my,country_372,-0.14353335302294976,0.06201982908737788
train_median,train,2022-10,country_my,country_372,0.0547532248850573,0.06201982908737788
train_median,train,2022-11,country_my,country_372,5.540083492616557,0.06201982908737788
train_median,train,2022-12,country_my,country_372,-0.0821589567350639,0.06201982908737788
train_median,train,2021-12,country_my,country_380,1.1958846179105518,0.06201982908737788
train_median,train,2022-01,country_my,country_380,-0.054315533032697864,0.06201982908737788
train_median,train,2022-02,country_my,country_380,-0.2138424441583861,0.06201982908737788
train_median,train,2022-03,country_my,country_380,-0.8605678838318346,0.06201982908737788
train_median,train,2022-04,country_my,country_380,-0.6163843661836858,0.06201982908737788
train_median,train,2022-05,country_my,country_380,0.39976707254982025,0.06201982908737788
train_median,train,2022-06,country_my,country_380,0.6679773211944959,0.06201982908737788
train_median,train,2022-07,country_my,country_380,0.07420556312558549,0.06201982908737788
train_median,train,2022-08,country_my,country_380,-0.12741702336376948,0.06201982908737788
train_median,train,2022-09,country_my,country_380,-0.024306542716263296,0.06201982908737788
train_median,train,2022-10,country_my,country_380,-0.022427522452945117,0.06201982908737788
train_median,train,2022-11,country_my,country_380,-0.24281737259673244,0.06201982908737788
train_median,train,2022-12,country_my,country_380,0.03581888114189667,0.06201982908737788
train_median,train,2021-12,country_my,country_cn,-0.05349146487874967,0.06201982908737788
train_median,train,2022-01,country_my,country_cn,-0.13109354514033408,0.06201982908737788
train_median,train,2022-02,country_my,country_cn,0.10634387392373328,0.06201982908737788
train_median,train,2022-03,country_my,country_cn,-0.18112845311364814,0.06201982908737788
train_median,train,2022-04,country_my,country_cn,-0.07479372572136816,0.06201982908737788
train_median,train,2022-05,country_my,country_cn,0.14518289958952144,0.06201982908737788
train_median,train,2022-06,country_my,country_cn,-0.006850315798440275,0.06201982908737788
train_median,train,2022-07,country_my,country_cn,-0.07180390079069511,0.06201982908737788
train_median,train,2022-08,country_my,country_cn,0.0710695423565396,0.06201982908737788
train_median,train,2022-09,country_my,country_cn,-0.12613207707961568,0.06201982908737788
train_median,train,2022-10,country_my,country_cn,0.05201978716459119,0.06201982908737788
train_median,train,2022-11,country_my,country_cn,-0.022397139285090965,0.06201982908737788
train_median,train,2022-12,country_my,country_cn,-0.33121371950753614,0.06201982908737788
train_median,train,2021-12,country_my,country_de,0.18190896186186745,0.06201982908737788
train_median,train,2022-01,country_my,country_de,0.19314444042039572,0.06201982908737788
train_median,train,2022-02,country_my,country_de,0.2615415498119211,0.06201982908737788
train_median,train,2022-03,country_my,country_de,0.15395631078089128,0.06201982908737788
train_median,train,2022-04,country_my,country_de,0.12532279099694033,0.06201982908737788
train_median,train,2022-05,country_my,country_de,0.16549136481443893,0.06201982908737788
train_median,train,2022-06,country_my,country_de,0.095527359681938,0.06201982908737788
train_median,train,2022-07,country_my,country_de,0.08981330357928886,0.06201982908737788
train_median,train,2022-08,country_my,country_de,-0.04291540322761829,0.06201982908737788
train_median,train,2022-09,country_my,country_de,-0.08092439024686673,0.06201982908737788
train_median,train,2022-10,country_my,country_de,-0.05040935131472751,0.06201982908737788
train_median,train,2022-11,country_my,country_de,0.07454128451653008,0.06201982908737788
train_median,train,2022-12,country_my,country_de,0.03550793091129585,0.06201982908737788
train_median,train,2021-12,country_my,country_fr,0.28408898883716743,0.06201982908737788
train_median,train,2022-01,country_my,country_fr,0.0853965176272533,0.06201982908737788
train_median,train,2022-02,country_my,country_fr,0.35976324952232697,0.06201982908737788
train_median,train,2022-03,country_my,country_fr,0.24673656421546883,0.06201982908737788
train_median,train,2022-04,country_my,country_fr,0.29156607674992774,0.06201982908737788
train_median,train,2022-05,country_my,country_fr,0.32331963993765495,0.06201982908737788
train_median,train,2022-06,country_my,country_fr,0.4736595289455846,0.06201982908737788
train_median,train,2022-07,country_my,country_fr,0.22538247171993875,0.06201982908737788
train_median,train,2022-08,country_my,country_fr,0.034955749960189825,0.06201982908737788
train_median,train,2022-09,country_my,country_fr,-0.03324430342420655,0.06201982908737788
train_median,train,2022-10,country_my,country_fr,0.04068091766093914,0.06201982908737788
train_median,train,2022-11,country_my,country_fr,-0.3218958632672254,0.06201982908737788
train_median,train,2022-12,country_my,country_fr,-0.13123712411184782,0.06201982908737788
train_median,train,2021-12,country_my,country_gb,2.022217702958255,0.06201982908737788
train_median,train,2022-01,country_my,country_gb,3.7723047636436875,0.06201982908737788
train_median,train,2022-02,country_my,country_gb,2.29058514001503,0.06201982908737788
train_median,train,2022-03,country_my,country_gb,3.0515558811402475,0.06201982908737788
train_median,train,2022-04,country_my,country_gb,1.1229902961506046,0.06201982908737788
train_median,train,2022-05,country_my,country_gb,1.5328993659902088,0.06201982908737788
train_median,train,2022-06,country_my,country_gb,1.4176418669604718,0.06201982908737788
train_median,train,2022-07,country_my,country_gb,0.20471245218573259,0.06201982908737788
train_median,train,2022-08,country_my,country_gb,-0.030709010597516226,0.06201982908737788
train_median,train,2022-09,country_my,country_gb,-0.40275126601885053,0.06201982908737788
train_median,train,2022-10,country_my,country_gb,-0.11552802880998328,0.06201982908737788
train_median,train,2022-11,country_my,country_gb,-0.09937387491677215,0.06201982908737788
train_median,train,2022-12,country_my,country_gb,0.02715605650976215,0.06201982908737788
train_median,train,2021-12,country_my,country_in,1.2647408305330015,0.06201982908737788
train_median,train,2022-01,country_my,country_in,0.7228854276131524,0.06201982908737788
train_median,train,2022-02,country_my,country_in,0.4000625807716027,0.06201982908737788
train_median,train,2022-03,country_my,country_in,-0.24188155930320035,0.06201982908737788
train_median,train,2022-04,country_my,country_in,-0.4822096428815163,0.06201982908737788
train_median,train,2022-05,country_my,country_in,-0.22739738464847506,0.06201982908737788
train_median,train,2022-06,country_my,country_in,-0.029854115407645,0.06201982908737788
train_median,train,2022-07,country_my,country_in,-0.04220538392114048,0.06201982908737788
train_median,train,2022-08,country_my,country_in,-0.11804723882811868,0.06201982908737788
train_median,train,2022-09,country_my,country_in,0.3583691602568648,0.06201982908737788
train_median,train,2022-10,country_my,country_in,1.5056597477107083,0.06201982908737788
train_median,train,2022-11,country_my,country_in,1.6790202214886372,0.06201982908737788
train_median,train,2022-12,country_my,country_in,3.9922981977188168,0.06201982908737788
train_median,train,2021-12,country_my,country_jp,0.3847916661746961,0.06201982908737788
train_median,train,2022-01,country_my,country_jp,0.2065481903581984,0.06201982908737788
train_median,train,2022-02,country_my,country_jp,0.35337725649488366,0.06201982908737788
train_median,train,2022-03,country_my,country_jp,0.17933179720951883,0.06201982908737788
train_median,train,2022-04,country_my,country_jp,0.10771020386518562,0.06201982908737788
train_median,train,2022-05,country_my,country_jp,0.08535663647829748,0.06201982908737788
train_median,train,2022-06,country_my,country_jp,0.0558610568558704,0.06201982908737788
train_median,train,2022-07,country_my,country_jp,-0.046632774733737746,0.06201982908737788
train_median,train,2022-08,country_my,country_jp,-0.140927709244492,0.06201982908737788
train_median,train,2022-09,country_my,country_jp,-0.23615072414079394,0.06201982908737788
train_median,train,2022-10,country_my,country_jp,-0.15757154045775837,0.06201982908737788
train_median,train,2022-11,country_my,country_jp,-0.08415472087767266,0.06201982908737788
train_median,train,2022-12,country_my,country_jp,-0.1593074488823889,0.06201982908737788
train_median,train,2021-12,country_my,country_kr,-0.023399809663348654,0.06201982908737788
train_median,train,2022-01,country_my,country_kr,0.06931451384677098,0.06201982908737788
train_median,train,2022-02,country_my,country_kr,0.17363615138642643,0.06201982908737788
train_median,train,2022-03,country_my,country_kr,0.08608354608496668,0.06201982908737788
train_median,train,2022-04,country_my,country_kr,-0.013453797850239573,0.06201982908737788
train_median,train,2022-05,country_my,country_kr,0.037689701792302195,0.06201982908737788
train_median,train,2022-06,country_my,country_kr,0.14449702937894188,0.06201982908737788
train_median,train,2022-07,country_my,country_kr,0.18056024017144653,0.06201982908737788
train_median,train,2022-08,country_my,country_kr,0.12878670481150717,0.06201982908737788
train_median,train,2022-09,country_my,country_kr,0.07283748061157286,0.06201982908737788
train_median,train,2022-10,country_my,country_kr,0.15350997205058997,0.06201982908737788
train_median,train,2022-11,country_my,country_kr,-0.044660078936774386,0.06201982908737788
train_median,train,2022-12,country_my,country_kr,0.17143133006121664,0.06201982908737788
train_median,train,2021-12,country_my,country_mx,-0.16876510548730858,0.06201982908737788
train_median,train,2022-01,country_my,country_mx,0.19600814812134187,0.06201982908737788
train_median,train,2022-02,country_my,country_mx,-0.03440195604966048,0.06201982908737788
train_median,train,2022-03,country_my,country_mx,0.004882630525370692,0.06201982908737788
train_median,train,2022-04,country_my,country_mx,0.04075115186556678,0.06201982908737788
train_median,train,2022-05,country_my,country_mx,-0.12813158849477943,0.06201982908737788
train_median,train,2022-06,country_my,country_mx,0.08405178597593933,0.06201982908737788
train_median,train,2022-07,country_my,country_mx,0.21952333492948284,0.06201982908737788
train_median,train,2022-08,country_my,country_mx,-0.011918034665074595,0.06201982908737788
train_median,train,2022-09,country_my,country_mx,0.2588870011141345,0.06201982908737788
train_median,train,2022-10,country_my,country_mx,0.12083546345954801,0.06201982908737788
train_median,train,2022-11,country_my,country_mx,-0.20657517962365887,0.06201982908737788
train_median,train,2022-12,country_my,country_mx,-0.2057163724887763,0.06201982908737788
train_median,train,2021-12,country_my,country_ph,-0.13001407651060481,0.06201982908737788
train_median,train,2022-01,country_my,country_ph,-0.16407579761200514,0.06201982908737788
train_median,train,2022-02,country_my,country_ph,-0.057283447231733335,0.06201982908737788
train_median,train,2022-03,country_my,country_ph,-0.02946550968325752,0.06201982908737788
train_median,train,2022-04,country_my,country_ph,0.14011731455519508,0.06201982908737788
train_median,train,2022-05,country_my,country_ph,0.4496748606210921,0.06201982908737788
train_median,train,2022-06,country_my,country_ph,0.11257904589484334,0.06201982908737788
train_median,train,2022-07,country_my,country_ph,0.453017047657948,0.06201982908737788
train_median,train,2022-08,country_my,country_ph,0.7969794065200786,0.06201982908737788
train_median,train,2022-09,country_my,country_ph,0.29842370521356076,0.06201982908737788
train_median,train,2022-10,country_my,country_ph,0.5300352498985293,0.06201982908737788
train_median,train,2022-11,country_my,country_ph,0.5484193182053393,0.06201982908737788
train_median,train,2022-12,country_my,country_ph,0.3098002742069559,0.06201982908737788
train_median,train,2021-12,country_my,country_sg,-0.018065038568417936,0.06201982908737788
train_median,train,2022-01,country_my,country_sg,-0.02372129030382537,0.06201982908737788
train_median,train,2022-02,country_my,country_sg,0.31934429691181415,0.06201982908737788
train_median,train,2022-03,country_my,country_sg,0.16484936824792695,0.06201982908737788
train_median,train,2022-04,country_my,country_sg,0.2422919219085914,0.06201982908737788
train_median,train,2022-05,country_my,country_sg,0.23141588625353948,0.06201982908737788
train_median,train,2022-06,country_my,country_sg,0.1281461170433388,0.06201982908737788
train_median,train,2022-07,country_my,country_sg,0.09687604428048176,0.06201982908737788
train_median,train,2022-08,country_my,country_sg,0.08280574797961554,0.06201982908737788
train_median,train,2022-09,country_my,country_sg,-0.24350020301741487,0.06201982908737788
train_median,train,2022-10,country_my,country_sg,0.020439761095554374,0.06201982908737788
train_median,train,2022-11,country_my,country_sg,-0.10034922815839147,0.06201982908737788
train_median,train,2022-12,country_my,country_sg,-0.24711748296391362,0.06201982908737788
train_median,train,2021-12,country_my,country_th,0.3250024640167304,0.06201982908737788
train_median,train,2022-01,country_my,country_th,0.02262375890616693,0.06201982908737788
train_median,train,2022-02,country_my,country_th,0.22164058081398944,0.06201982908737788
train_median,train,2022-03,country_my,country_th,0.16955624035852843,0.06201982908737788
train_median,train,2022-04,country_my,country_th,0.17128495402720906,0.06201982908737788
train_median,train,2022-05,country_my,country_th,0.03730209269772885,0.06201982908737788
train_median,train,2022-06,country_my,country_th,0.14914039482988725,0.06201982908737788
train_median,train,2022-07,country_my,country_th,0.13563387071488084,0.06201982908737788
train_median,train,2022-08,country_my,country_th,0.13489301342521415,0.06201982908737788
train_median,train,2022-09,country_my,country_th,0.08539767996116364,0.06201982908737788
train_median,train,2022-10,country_my,country_th,0.07258216798276755,0.06201982908737788
train_median,train,2022-11,country_my,country_th,0.37864846497116006,0.06201982908737788
train_median,train,2022-12,country_my,country_th,0.021416418308681552,0.06201982908737788
train_median,train,2021-12,country_my,country_us,-0.3050866567970088,0.06201982908737788
train_median,train,2022-01,country_my,country_us,-0.2604025155100118,0.06201982908737788
train_median,train,2022-02,country_my,country_us,0.2597331663308907,0.06201982908737788
train_median,train,2022-03,country_my,country_us,-0.2914259557862127,0.06201982908737788
train_median,train,2022-04,country_my,country_us,-0.07994608605770799,0.06201982908737788
train_median,train,2022-05,country_my,country_us,0.0013066567860908606,0.06201982908737788
train_median,train,2022-06,country_my,country_us,-0.2777647625753562,0.06201982908737788
train_median,train,2022-07,country_my,country_us,-0.2459124542642386,0.06201982908737788
train_median,train,2022-08,country_my,country_us,0.027579180693884833,0.06201982908737788
train_median,train,2022-09,country_my,country_us,0.041160015150977114,0.06201982908737788
train_median,train,2022-10,country_my,country_us,-0.1602874492054238,0.06201982908737788
train_median,train,2022-11,country_my,country_us,-0.180761499988181,0.06201982908737788
train_median,train,2022-12,country_my,country_us,-0.16081694374161262,0.06201982908737788
train_median,train,2021-12,country_my,country_vn,0.2382961971029617,0.06201982908737788
train_median,train,2022-01,country_my,country_vn,-0.22060969130977337,0.06201982908737788
train_median,train,2022-02,country_my,country_vn,0.21786795111590956,0.06201982908737788
train_median,train,2022-03,country_my,country_vn,0.11040720204862978,0.06201982908737788
train_median,train,2022-04,country_my,country_vn,0.19889368984592382,0.06201982908737788
train_median,train,2022-05,country_my,country_vn,0.29325401800250844,0.06201982908737788
train_median,train,2022-06,country_my,country_vn,0.12792604321196097,0.06201982908737788
train_median,train,2022-07,country_my,country_vn,0.17825661299480303,0.06201982908737788
train_median,train,2022-08,country_my,country_vn,-0.33386193419235216,0.06201982908737788
train_median,train,2022-09,country_my,country_vn,0.26800025771983094,0.06201982908737788
train_median,train,2022-10,country_my,country_vn,-0.11640548455199808,0.06201982908737788
train_median,train,2022-11,country_my,country_vn,-0.20689682882893232,0.06201982908737788
train_median,train,2022-12,country_my,country_vn,0.33828831686231703,0.06201982908737788
train_median,train,2021-12,country_ph,country_203,0.31994369552380936,0.06201982908737788
train_median,train,2022-01,country_ph,country_203,0.5741185659260067,0.06201982908737788
train_median,train,2022-02,country_ph,country_203,0.6959884748078616,0.06201982908737788
train_median,train,2022-03,country_ph,country_203,0.2470756693830035,0.06201982908737788
train_median,train,2022-04,country_ph,country_203,0.3923408370421964,0.06201982908737788
train_median,train,2022-05,country_ph,country_203,-0.03310875375612917,0.06201982908737788
train_median,train,2022-06,country_ph,country_203,0.027768586371870112,0.06201982908737788
train_median,train,2022-07,country_ph,country_203,-0.10480030541421247,0.06201982908737788
train_median,train,2022-08,country_ph,country_203,-0.35483139301280603,0.06201982908737788
train_median,train,2022-09,country_ph,country_203,-0.1906195106974258,0.06201982908737788
train_median,train,2022-10,country_ph,country_203,-0.1351722709311508,0.06201982908737788
train_median,train,2022-11,country_ph,country_203,-0.4063243556243864,0.06201982908737788
train_median,train,2022-12,country_ph,country_203,-0.26427651018386755,0.06201982908737788
train_median,train,2021-12,country_ph,country_344,-0.06572933386562403,0.06201982908737788
train_median,train,2022-01,country_ph,country_344,-0.10267486753458392,0.06201982908737788
train_median,train,2022-02,country_ph,country_344,0.11525108650146199,0.06201982908737788
train_median,train,2022-03,country_ph,country_344,-0.03567670881562083,0.06201982908737788
train_median,train,2022-04,country_ph,country_344,0.03795543518647519,0.06201982908737788
train_median,train,2022-05,country_ph,country_344,0.0493531867663803,0.06201982908737788
train_median,train,2022-06,country_ph,country_344,0.03113801268905492,0.06201982908737788
train_median,train,2022-07,country_ph,country_344,-0.03175519399436911,0.06201982908737788
train_median,train,2022-08,country_ph,country_344,0.41995622540979244,0.06201982908737788
train_median,train,2022-09,country_ph,country_344,0.4302221008347273,0.06201982908737788
train_median,train,2022-10,country_ph,country_344,0.3072169846938559,0.06201982908737788
train_median,train,2022-11,country_ph,country_344,0.3056779351610975,0.06201982908737788
train_median,train,2022-12,country_ph,country_344,0.00788563167345378,0.06201982908737788
train_median,train,2021-12,country_ph,country_372,0.2905355271101153,0.06201982908737788
train_median,train,2022-01,country_ph,country_372,0.5283158480027174,0.06201982908737788
train_median,train,2022-02,country_ph,country_372,0.6485101649117594,0.06201982908737788
train_median,train,2022-03,country_ph,country_372,0.31036620354558025,0.06201982908737788
train_median,train,2022-04,country_ph,country_372,0.677772045406184,0.06201982908737788
train_median,train,2022-05,country_ph,country_372,0.22053770369412162,0.06201982908737788
train_median,train,2022-06,country_ph,country_372,0.16062277453267865,0.06201982908737788
train_median,train,2022-07,country_ph,country_372,-0.014302735310591374,0.06201982908737788
train_median,train,2022-08,country_ph,country_372,0.2473481454202433,0.06201982908737788
train_median,train,2022-09,country_ph,country_372,-0.04085365811220752,0.06201982908737788
train_median,train,2022-10,country_ph,country_372,-0.08020043270586591,0.06201982908737788
train_median,train,2022-11,country_ph,country_372,-0.27504581732292943,0.06201982908737788
train_median,train,2022-12,country_ph,country_372,-0.002979907057376915,0.06201982908737788
train_median,train,2021-12,country_ph,country_380,1.0981037802095923,0.06201982908737788
train_median,train,2022-01,country_ph,country_380,-0.5559548193686421,0.06201982908737788
train_median,train,2022-02,country_ph,country_380,-0.47837297609304075,0.06201982908737788
train_median,train,2022-03,country_ph,country_380,-0.9575446554601308,0.06201982908737788
train_median,train,2022-04,country_ph,country_380,-0.9643074977193199,0.06201982908737788
train_median,train,2022-05,country_ph,country_380,2.0923455204006043,0.06201982908737788
train_median,train,2022-06,country_ph,country_380,0.06106636926543675,0.06201982908737788
train_median,train,2022-07,country_ph,country_380,-0.37330495242032957,0.06201982908737788
train_median,train,2022-08,country_ph,country_380,0.6735541825695018,0.06201982908737788
train_median,train,2022-09,country_ph,country_380,-0.10578024565530189,0.06201982908737788
train_median,train,2022-10,country_ph,country_380,-0.29457439261372853,0.06201982908737788
train_median,train,2022-11,country_ph,country_380,-0.33425156348254603,0.06201982908737788
train_median,train,2022-12,country_ph,country_380,0.1923589205231534,0.06201982908737788
train_median,train,2021-12,country_ph,country_cn,-0.0013068233444058957,0.06201982908737788
train_median,train,2022-01,country_ph,country_cn,-0.17457392570406868,0.06201982908737788
train_median,train,2022-02,country_ph,country_cn,0.13005511254917068,0.06201982908737788
train_median,train,2022-03,country_ph,country_cn,0.05024548724618045,0.06201982908737788
train_median,train,2022-04,country_ph,country_cn,-0.023249686435914626,0.06201982908737788
train_median,train,2022-05,country_ph,country_cn,0.071642861917986,0.06201982908737788
train_median,train,2022-06,country_ph,country_cn,-0.003498438405066276,0.06201982908737788
train_median,train,2022-07,country_ph,country_cn,-0.030823305606372142,0.06201982908737788
train_median,train,2022-08,country_ph,country_cn,0.0873705800184191,0.06201982908737788
train_median,train,2022-09,country_ph,country_cn,-0.10909388136090054,0.06201982908737788
train_median,train,2022-10,country_ph,country_cn,-0.15848526087274423,0.06201982908737788
train_median,train,2022-11,country_ph,country_cn,-0.05474086513496856,0.06201982908737788
train_median,train,2022-12,country_ph,country_cn,-0.2809491856967616,0.06201982908737788
train_median,train,2021-12,country_ph,country_de,-0.022387904047359276,0.06201982908737788
train_median,train,2022-01,country_ph,country_de,0.0953812847610011,0.06201982908737788
train_median,train,2022-02,country_ph,country_de,0.2223019362850376,0.06201982908737788
train_median,train,2022-03,country_ph,country_de,0.01845512554645618,0.06201982908737788
train_median,train,2022-04,country_ph,country_de,0.09303114325003925,0.06201982908737788
train_median,train,2022-05,country_ph,country_de,0.11645687088627922,0.06201982908737788
train_median,train,2022-06,country_ph,country_de,0.23703541314284698,0.06201982908737788
train_median,train,2022-07,country_ph,country_de,0.22215441150842552,0.06201982908737788
train_median,train,2022-08,country_ph,country_de,0.14541532795498652,0.06201982908737788
train_median,train,2022-09,country_ph,country_de,0.11855113470483478,0.06201982908737788
train_median,train,2022-10,country_ph,country_de,0.20600674388722315,0.06201982908737788
train_median,train,2022-11,country_ph,country_de,0.14454276019987805,0.06201982908737788
train_median,train,2022-12,country_ph,country_de,0.2014379998565827,0.06201982908737788
train_median,train,2021-12,country_ph,country_fr,0.1607579074379115,0.06201982908737788
train_median,train,2022-01,country_ph,country_fr,0.2890868323289072,0.06201982908737788
train_median,train,2022-02,country_ph,country_fr,0.2837577973255956,0.06201982908737788
train_median,train,2022-03,country_ph,country_fr,0.10211285752201708,0.06201982908737788
train_median,train,2022-04,country_ph,country_fr,0.1277318477229236,0.06201982908737788
train_median,train,2022-05,country_ph,country_fr,0.20266762699193683,0.06201982908737788
train_median,train,2022-06,country_ph,country_fr,0.2508652556174684,0.06201982908737788
train_median,train,2022-07,country_ph,country_fr,0.3347748216116706,0.06201982908737788
train_median,train,2022-08,country_ph,country_fr,0.3644780633158395,0.06201982908737788
train_median,train,2022-09,country_ph,country_fr,0.25457337259338225,0.06201982908737788
train_median,train,2022-10,country_ph,country_fr,0.013749875729519884,0.06201982908737788
train_median,train,2022-11,country_ph,country_fr,-0.18258686153012815,0.06201982908737788
train_median,train,2022-12,country_ph,country_fr,-0.12538617873039,0.06201982908737788
train_median,train,2021-12,country_ph,country_gb,2.484809961369698,0.06201982908737788
train_median,train,2022-01,country_ph,country_gb,1.2050836757690737,0.06201982908737788
train_median,train,2022-02,country_ph,country_gb,1.7185386898518655,0.06201982908737788
train_median,train,2022-03,country_ph,country_gb,1.2105072912988626,0.06201982908737788
train_median,train,2022-04,country_ph,country_gb,0.8698758492187524,0.06201982908737788
train_median,train,2022-05,country_ph,country_gb,0.9813734218320014,0.06201982908737788
train_median,train,2022-06,country_ph,country_gb,0.5780151446112743,0.06201982908737788
train_median,train,2022-07,country_ph,country_gb,0.21480792376776628,0.06201982908737788
train_median,train,2022-08,country_ph,country_gb,-0.15084833668360995,0.06201982908737788
train_median,train,2022-09,country_ph,country_gb,-0.1114737833869595,0.06201982908737788
train_median,train,2022-10,country_ph,country_gb,0.057938616090216784,0.06201982908737788
train_median,train,2022-11,country_ph,country_gb,0.25278973535341553,0.06201982908737788
train_median,train,2022-12,country_ph,country_gb,0.03995517153473979,0.06201982908737788
train_median,train,2021-12,country_ph,country_in,0.27912918861261027,0.06201982908737788
train_median,train,2022-01,country_ph,country_in,0.33917944346742,0.06201982908737788
train_median,train,2022-02,country_ph,country_in,0.5575435941423772,0.06201982908737788
train_median,train,2022-03,country_ph,country_in,1.6446446448736125,0.06201982908737788
train_median,train,2022-04,country_ph,country_in,1.0324144142688099,0.06201982908737788
train_median,train,2022-05,country_ph,country_in,-0.04329844398500126,0.06201982908737788
train_median,train,2022-06,country_ph,country_in,0.22849077077437893,0.06201982908737788
train_median,train,2022-07,country_ph,country_in,0.9150336015179371,0.06201982908737788
train_median,train,2022-08,country_ph,country_in,0.8408126840443371,0.06201982908737788
train_median,train,2022-09,country_ph,country_in,0.25589927564142206,0.06201982908737788
train_median,train,2022-10,country_ph,country_in,1.0442146250894464,0.06201982908737788
train_median,train,2022-11,country_ph,country_in,-0.22741650384534504,0.06201982908737788
train_median,train,2022-12,country_ph,country_in,1.4856514988719876,0.06201982908737788
train_median,train,2021-12,country_ph,country_jp,0.17724802057147307,0.06201982908737788
train_median,train,2022-01,country_ph,country_jp,0.10019274687110377,0.06201982908737788
train_median,train,2022-02,country_ph,country_jp,0.2613803611853068,0.06201982908737788
train_median,train,2022-03,country_ph,country_jp,0.17352255100587147,0.06201982908737788
train_median,train,2022-04,country_ph,country_jp,0.12995251461909924,0.06201982908737788
train_median,train,2022-05,country_ph,country_jp,0.19042792243784437,0.06201982908737788
train_median,train,2022-06,country_ph,country_jp,0.18999769759198867,0.06201982908737788
train_median,train,2022-07,country_ph,country_jp,0.18832553561410156,0.06201982908737788
train_median,train,2022-08,country_ph,country_jp,-0.10259930566003325,0.06201982908737788
train_median,train,2022-09,country_ph,country_jp,-0.02282826378271977,0.06201982908737788
train_median,train,2022-10,country_ph,country_jp,0.051736346845080515,0.06201982908737788
train_median,train,2022-11,country_ph,country_jp,0.09368741442802889,0.06201982908737788
train_median,train,2022-12,country_ph,country_jp,-0.021962211191270294,0.06201982908737788
train_median,train,2021-12,country_ph,country_kr,0.016946466065056013,0.06201982908737788
train_median,train,2022-01,country_ph,country_kr,-0.03559339870128303,0.06201982908737788
train_median,train,2022-02,country_ph,country_kr,0.20328620276376816,0.06201982908737788
train_median,train,2022-03,country_ph,country_kr,0.15002645781196583,0.06201982908737788
train_median,train,2022-04,country_ph,country_kr,-0.007605582220434629,0.06201982908737788
train_median,train,2022-05,country_ph,country_kr,0.15604298483551676,0.06201982908737788
train_median,train,2022-06,country_ph,country_kr,0.304828953417488,0.06201982908737788
train_median,train,2022-07,country_ph,country_kr,0.12610673400932085,0.06201982908737788
train_median,train,2022-08,country_ph,country_kr,0.11898021151102355,0.06201982908737788
train_median,train,2022-09,country_ph,country_kr,0.12187403565103937,0.06201982908737788
train_median,train,2022-10,country_ph,country_kr,-0.015487676790332562,0.06201982908737788
train_median,train,2022-11,country_ph,country_kr,-0.09775865245634707,0.06201982908737788
train_median,train,2022-12,country_ph,country_kr,0.08833907821944194,0.06201982908737788
train_median,train,2021-12,country_ph,country_mx,-0.1974375649872486,0.06201982908737788
train_median,train,2022-01,country_ph,country_mx,-0.07593259731458346,0.06201982908737788
train_median,train,2022-02,country_ph,country_mx,-0.09328925420001047,0.06201982908737788
train_median,train,2022-03,country_ph,country_mx,0.11546027885014173,0.06201982908737788
train_median,train,2022-04,country_ph,country_mx,0.11634469209307575,0.06201982908737788
train_median,train,2022-05,country_ph,country_mx,0.4368031880147017,0.06201982908737788
train_median,train,2022-06,country_ph,country_mx,0.3209816927420061,0.06201982908737788
train_median,train,2022-07,country_ph,country_mx,0.20165779598909972,0.06201982908737788
train_median,train,2022-08,country_ph,country_mx,0.32723840934057496,0.06201982908737788
train_median,train,2022-09,country_ph,country_mx,-0.004327585412133967,0.06201982908737788
train_median,train,2022-10,country_ph,country_mx,0.05713806672654363,0.06201982908737788
train_median,train,2022-11,country_ph,country_mx,0.254057337065148,0.06201982908737788
train_median,train,2022-12,country_ph,country_mx,-0.199702354353358,0.06201982908737788
train_median,train,2021-12,country_ph,country_my,0.19703840056895122,0.06201982908737788
train_median,train,2022-01,country_ph,country_my,0.12115190335099724,0.06201982908737788
train_median,train,2022-02,country_ph,country_my,0.3131040219340255,0.06201982908737788
train_median,train,2022-03,country_ph,country_my,0.2177384533822528,0.06201982908737788
train_median,train,2022-04,country_ph,country_my,0.19714476209849605,0.06201982908737788
train_median,train,2022-05,country_ph,country_my,0.2700150054421244,0.06201982908737788
train_median,train,2022-06,country_ph,country_my,0.00012307246868457317,0.06201982908737788
train_median,train,2022-07,country_ph,country_my,0.1870199771680411,0.06201982908737788
train_median,train,2022-08,country_ph,country_my,-0.040209906244829965,0.06201982908737788
train_median,train,2022-09,country_ph,country_my,0.03932533360499269,0.06201982908737788
train_median,train,2022-10,country_ph,country_my,0.14403289867399868,0.06201982908737788
train_median,train,2022-11,country_ph,country_my,-0.04862419765237675,0.06201982908737788
train_median,train,2022-12,country_ph,country_my,0.09121354999618796,0.06201982908737788
train_median,train,2021-12,country_ph,country_sg,0.14067446385374954,0.06201982908737788
train_median,train,2022-01,country_ph,country_sg,0.05238035856496745,0.06201982908737788
train_median,train,2022-02,country_ph,country_sg,0.1289228705420632,0.06201982908737788
train_median,train,2022-03,country_ph,country_sg,0.24020835085772282,0.06201982908737788
train_median,train,2022-04,country_ph,country_sg,0.2516543165069234,0.06201982908737788
train_median,train,2022-05,country_ph,country_sg,0.2813555268524819,0.06201982908737788
train_median,train,2022-06,country_ph,country_sg,0.3285868043037854,0.06201982908737788
train_median,train,2022-07,country_ph,country_sg,0.1357293618612474,0.06201982908737788
train_median,train,2022-08,country_ph,country_sg,-0.418404765696736,0.06201982908737788
train_median,train,2022-09,country_ph,country_sg,-0.37779522397821946,0.06201982908737788
train_median,train,2022-10,country_ph,country_sg,-0.4106869823137131,0.06201982908737788
train_median,train,2022-11,country_ph,country_sg,-0.41598485455896606,0.06201982908737788
train_median,train,2022-12,country_ph,country_sg,-0.4386294759023655,0.06201982908737788
train_median,train,2021-12,country_ph,country_th,0.4699990825822253,0.06201982908737788
train_median,train,2022-01,country_ph,country_th,0.09727239034609357,0.06201982908737788
train_median,train,2022-02,country_ph,country_th,0.28761560702588496,0.06201982908737788
train_median,train,2022-03,country_ph,country_th,0.1251097534108677,0.06201982908737788
train_median,train,2022-04,country_ph,country_th,0.12653545946425396,0.06201982908737788
train_median,train,2022-05,country_ph,country_th,0.35912971732424703,0.06201982908737788
train_median,train,2022-06,country_ph,country_th,0.1329346519703376,0.06201982908737788
train_median,train,2022-07,country_ph,country_th,0.2232701306440944,0.06201982908737788
train_median,train,2022-08,country_ph,country_th,-0.05838278424068076,0.06201982908737788
train_median,train,2022-09,country_ph,country_th,-0.06060125704052539,0.06201982908737788
train_median,train,2022-10,country_ph,country_th,-0.17421161227949983,0.06201982908737788
train_median,train,2022-11,country_ph,country_th,-0.12950955163871802,0.06201982908737788
train_median,train,2022-12,country_ph,country_th,-0.10400052859516297,0.06201982908737788
train_median,train,2021-12,country_ph,country_us,-0.02686374591172419,0.06201982908737788
train_median,train,2022-01,country_ph,country_us,0.2583394365878304,0.06201982908737788
train_median,train,2022-02,country_ph,country_us,0.2944291168039355,0.06201982908737788
train_median,train,2022-03,country_ph,country_us,0.3761676728647741,0.06201982908737788
train_median,train,2022-04,country_ph,country_us,0.42370349817519304,0.06201982908737788
train_median,train,2022-05,country_ph,country_us,0.40920517892799824,0.06201982908737788
train_median,train,2022-06,country_ph,country_us,0.2702110436399965,0.06201982908737788
train_median,train,2022-07,country_ph,country_us,0.3772758852798562,0.06201982908737788
train_median,train,2022-08,country_ph,country_us,0.009094107190771772,0.06201982908737788
train_median,train,2022-09,country_ph,country_us,0.056862325879866775,0.06201982908737788
train_median,train,2022-10,country_ph,country_us,-0.059000851797160615,0.06201982908737788
train_median,train,2022-11,country_ph,country_us,-0.11910092508829576,0.06201982908737788
train_median,train,2022-12,country_ph,country_us,-0.15495250486976506,0.06201982908737788
train_median,train,2021-12,country_ph,country_vn,0.1332146367608993,0.06201982908737788
train_median,train,2022-01,country_ph,country_vn,-0.1208358481264402,0.06201982908737788
train_median,train,2022-02,country_ph,country_vn,0.13544181033419814,0.06201982908737788
train_median,train,2022-03,country_ph,country_vn,0.11307212131547272,0.06201982908737788
train_median,train,2022-04,country_ph,country_vn,-0.0011455747621287706,0.06201982908737788
train_median,train,2022-05,country_ph,country_vn,0.5308360485194721,0.06201982908737788
train_median,train,2022-06,country_ph,country_vn,0.13646077140394863,0.06201982908737788
train_median,train,2022-07,country_ph,country_vn,0.2882701001007082,0.06201982908737788
train_median,train,2022-08,country_ph,country_vn,0.1328664411517931,0.06201982908737788
train_median,train,2022-09,country_ph,country_vn,-0.06121639425114909,0.06201982908737788
train_median,train,2022-10,country_ph,country_vn,-0.15313207538283038,0.06201982908737788
train_median,train,2022-11,country_ph,country_vn,-0.04368438370894725,0.06201982908737788
train_median,train,2022-12,country_ph,country_vn,0.16598633711686067,0.06201982908737788
train_median,train,2021-12,country_sg,country_203,0.5977234147442588,0.06201982908737788
train_median,train,2022-01,country_sg,country_203,0.30494917416274014,0.06201982908737788
train_median,train,2022-02,country_sg,country_203,0.9853857608508882,0.06201982908737788
train_median,train,2022-03,country_sg,country_203,0.10917274992536592,0.06201982908737788
train_median,train,2022-04,country_sg,country_203,-0.08646800502296904,0.06201982908737788
train_median,train,2022-05,country_sg,country_203,-0.3298370047868974,0.06201982908737788
train_median,train,2022-06,country_sg,country_203,-0.3329357379541674,0.06201982908737788
train_median,train,2022-07,country_sg,country_203,-0.3978305171740916,0.06201982908737788
train_median,train,2022-08,country_sg,country_203,0.09419479409160832,0.06201982908737788
train_median,train,2022-09,country_sg,country_203,0.7887445298505771,0.06201982908737788
train_median,train,2022-10,country_sg,country_203,0.04743844220828435,0.06201982908737788
train_median,train,2022-11,country_sg,country_203,-0.31359865049036106,0.06201982908737788
train_median,train,2022-12,country_sg,country_203,-0.25404920619219795,0.06201982908737788
train_median,train,2021-12,country_sg,country_344,0.03419281587869844,0.06201982908737788
train_median,train,2022-01,country_sg,country_344,-0.006009841677989958,0.06201982908737788
train_median,train,2022-02,country_sg,country_344,0.1188400747836147,0.06201982908737788
train_median,train,2022-03,country_sg,country_344,0.04430649093203828,0.06201982908737788
train_median,train,2022-04,country_sg,country_344,0.07929398439485916,0.06201982908737788
train_median,train,2022-05,country_sg,country_344,0.2046833435484142,0.06201982908737788
train_median,train,2022-06,country_sg,country_344,-0.12967935672840827,0.06201982908737788
train_median,train,2022-07,country_sg,country_344,-0.10773391442628835,0.06201982908737788
train_median,train,2022-08,country_sg,country_344,0.020291932487846772,0.06201982908737788
train_median,train,2022-09,country_sg,country_344,-0.40858870084512877,0.06201982908737788
train_median,train,2022-10,country_sg,country_344,-0.35101166656376426,0.06201982908737788
train_median,train,2022-11,country_sg,country_344,0.04398195024338272,0.06201982908737788
train_median,train,2022-12,country_sg,country_344,-0.2191523414912213,0.06201982908737788
train_median,train,2021-12,country_sg,country_372,-0.6600741186058909,0.06201982908737788
train_median,train,2022-01,country_sg,country_372,0.17883416019590512,0.06201982908737788
train_median,train,2022-02,country_sg,country_372,0.5460071595148418,0.06201982908737788
train_median,train,2022-03,country_sg,country_372,-0.25494337958311314,0.06201982908737788
train_median,train,2022-04,country_sg,country_372,2.4320577065871674,0.06201982908737788
train_median,train,2022-05,country_sg,country_372,-0.10195595511019483,0.06201982908737788
train_median,train,2022-06,country_sg,country_372,-0.2639043278904797,0.06201982908737788
train_median,train,2022-07,country_sg,country_372,4.14577590218754,0.06201982908737788
train_median,train,2022-08,country_sg,country_372,0.6273806506592433,0.06201982908737788
train_median,train,2022-09,country_sg,country_372,-0.393444231563056,0.06201982908737788
train_median,train,2022-10,country_sg,country_372,0.0968718383113607,0.06201982908737788
train_median,train,2022-11,country_sg,country_372,0.8983361189675038,0.06201982908737788
train_median,train,2022-12,country_sg,country_372,0.25046853993875423,0.06201982908737788
train_median,train,2021-12,country_sg,country_380,-0.05498179973759897,0.06201982908737788
train_median,train,2022-01,country_sg,country_380,-0.8373269578492828,0.06201982908737788
train_median,train,2022-02,country_sg,country_380,-0.809423231220269,0.06201982908737788
train_median,train,2022-03,country_sg,country_380,-0.8277211089058099,0.06201982908737788
train_median,train,2022-04,country_sg,country_380,-0.9296849905719339,0.06201982908737788
train_median,train,2022-05,country_sg,country_380,0.7240979734673529,0.06201982908737788
train_median,train,2022-06,country_sg,country_380,0.531455186542137,0.06201982908737788
train_median,train,2022-07,country_sg,country_380,0.42405222924927866,0.06201982908737788
train_median,train,2022-08,country_sg,country_380,0.3515987717624707,0.06201982908737788
train_median,train,2022-09,country_sg,country_380,0.5287673877387232,0.06201982908737788
train_median,train,2022-10,country_sg,country_380,0.5017041532362517,0.06201982908737788
train_median,train,2022-11,country_sg,country_380,-0.055456585678296054,0.06201982908737788
train_median,train,2022-12,country_sg,country_380,-0.10167302453507292,0.06201982908737788
train_median,train,2021-12,country_sg,country_cn,-0.004295803314849355,0.06201982908737788
train_median,train,2022-01,country_sg,country_cn,-0.2366424593470655,0.06201982908737788
train_median,train,2022-02,country_sg,country_cn,0.1861735527755873,0.06201982908737788
train_median,train,2022-03,country_sg,country_cn,-0.15545699824451586,0.06201982908737788
train_median,train,2022-04,country_sg,country_cn,-0.15573094061649573,0.06201982908737788
train_median,train,2022-05,country_sg,country_cn,-0.11809013358931553,0.06201982908737788
train_median,train,2022-06,country_sg,country_cn,-0.020803555005409622,0.06201982908737788
train_median,train,2022-07,country_sg,country_cn,-0.013799594038375284,0.06201982908737788
train_median,train,2022-08,country_sg,country_cn,0.23642604431140832,0.06201982908737788
train_median,train,2022-09,country_sg,country_cn,-0.1398011506797353,0.06201982908737788
train_median,train,2022-10,country_sg,country_cn,-0.11028958256828253,0.06201982908737788
train_median,train,2022-11,country_sg,country_cn,0.014068218511915108,0.06201982908737788
train_median,train,2022-12,country_sg,country_cn,-0.27156141808793455,0.06201982908737788
train_median,train,2021-12,country_sg,country_de,0.2992564850305264,0.06201982908737788
train_median,train,2022-01,country_sg,country_de,-0.011447637584078295,0.06201982908737788
train_median,train,2022-02,country_sg,country_de,0.7399713915596436,0.06201982908737788
train_median,train,2022-03,country_sg,country_de,0.3337939280122973,0.06201982908737788
train_median,train,2022-04,country_sg,country_de,0.08955832877124294,0.06201982908737788
train_median,train,2022-05,country_sg,country_de,0.391879138376666,0.06201982908737788
train_median,train,2022-06,country_sg,country_de,0.18530641498967124,0.06201982908737788
train_median,train,2022-07,country_sg,country_de,0.6655195717823996,0.06201982908737788
train_median,train,2022-08,country_sg,country_de,0.8775953752709033,0.06201982908737788
train_median,train,2022-09,country_sg,country_de,0.7751583697055918,0.06201982908737788
train_median,train,2022-10,country_sg,country_de,-0.16167044754812243,0.06201982908737788
train_median,train,2022-11,country_sg,country_de,-0.2043540338541901,0.06201982908737788
train_median,train,2022-12,country_sg,country_de,-0.14930627758661374,0.06201982908737788
train_median,train,2021-12,country_sg,country_fr,0.7000238356592653,0.06201982908737788
train_median,train,2022-01,country_sg,country_fr,0.42714514065683146,0.06201982908737788
train_median,train,2022-02,country_sg,country_fr,0.18942283929025722,0.06201982908737788
train_median,train,2022-03,country_sg,country_fr,0.7796349991281423,0.06201982908737788
train_median,train,2022-04,country_sg,country_fr,0.4817930402034292,0.06201982908737788
train_median,train,2022-05,country_sg,country_fr,-0.25920359514159336,0.06201982908737788
train_median,train,2022-06,country_sg,country_fr,0.251125825692386,0.06201982908737788
train_median,train,2022-07,country_sg,country_fr,-0.03283613729402748,0.06201982908737788
train_median,train,2022-08,country_sg,country_fr,-0.22859624388324376,0.06201982908737788
train_median,train,2022-09,country_sg,country_fr,0.030423090500589563,0.06201982908737788
train_median,train,2022-10,country_sg,country_fr,-0.19153609529767127,0.06201982908737788
train_median,train,2022-11,country_sg,country_fr,-0.26158083712454455,0.06201982908737788
train_median,train,2022-12,country_sg,country_fr,0.4203397794349585,0.06201982908737788
train_median,train,2021-12,country_sg,country_gb,-0.011750770411060416,0.06201982908737788
train_median,train,2022-01,country_sg,country_gb,0.19633644566173736,0.06201982908737788
train_median,train,2022-02,country_sg,country_gb,0.02936851637267293,0.06201982908737788
train_median,train,2022-03,country_sg,country_gb,0.5127615846989749,0.06201982908737788
train_median,train,2022-04,country_sg,country_gb,0.1584282285223981,0.06201982908737788
train_median,train,2022-05,country_sg,country_gb,-0.05849772708807745,0.06201982908737788
train_median,train,2022-06,country_sg,country_gb,0.16282463949621473,0.06201982908737788
train_median,train,2022-07,country_sg,country_gb,1.0561301977899116,0.06201982908737788
train_median,train,2022-08,country_sg,country_gb,-0.12734820911843553,0.06201982908737788
train_median,train,2022-09,country_sg,country_gb,0.21975318740531793,0.06201982908737788
train_median,train,2022-10,country_sg,country_gb,0.7731994076697178,0.06201982908737788
train_median,train,2022-11,country_sg,country_gb,-0.14502010836852916,0.06201982908737788
train_median,train,2022-12,country_sg,country_gb,-0.1562072860435781,0.06201982908737788
train_median,train,2021-12,country_sg,country_in,0.2999015072035572,0.06201982908737788
train_median,train,2022-01,country_sg,country_in,0.238835873574911,0.06201982908737788
train_median,train,2022-02,country_sg,country_in,0.6638270037389391,0.06201982908737788
train_median,train,2022-03,country_sg,country_in,0.3052877464132831,0.06201982908737788
train_median,train,2022-04,country_sg,country_in,-0.1253109732450572,0.06201982908737788
train_median,train,2022-05,country_sg,country_in,-0.08215391616722989,0.06201982908737788
train_median,train,2022-06,country_sg,country_in,0.05333348613436418,0.06201982908737788
train_median,train,2022-07,country_sg,country_in,0.09194293748410179,0.06201982908737788
train_median,train,2022-08,country_sg,country_in,0.6896214136817432,0.06201982908737788
train_median,train,2022-09,country_sg,country_in,-0.14012073200740313,0.06201982908737788
train_median,train,2022-10,country_sg,country_in,-0.19721975289372387,0.06201982908737788
train_median,train,2022-11,country_sg,country_in,-0.16697918625451424,0.06201982908737788
train_median,train,2022-12,country_sg,country_in,-0.7880294172755522,0.06201982908737788
train_median,train,2021-12,country_sg,country_jp,0.2541439505193741,0.06201982908737788
train_median,train,2022-01,country_sg,country_jp,0.054944811837991624,0.06201982908737788
train_median,train,2022-02,country_sg,country_jp,0.17278248998341236,0.06201982908737788
train_median,train,2022-03,country_sg,country_jp,0.08283552463466658,0.06201982908737788
train_median,train,2022-04,country_sg,country_jp,0.30853254022624477,0.06201982908737788
train_median,train,2022-05,country_sg,country_jp,0.04602860564336228,0.06201982908737788
train_median,train,2022-06,country_sg,country_jp,0.0955430780084735,0.06201982908737788
train_median,train,2022-07,country_sg,country_jp,0.12121286618568607,0.06201982908737788
train_median,train,2022-08,country_sg,country_jp,0.058059022853637975,0.06201982908737788
train_median,train,2022-09,country_sg,country_jp,-0.09595223249002051,0.06201982908737788
train_median,train,2022-10,country_sg,country_jp,0.0468301601368901,0.06201982908737788
train_median,train,2022-11,country_sg,country_jp,-0.03578930600189849,0.06201982908737788
train_median,train,2022-12,country_sg,country_jp,0.06056909084037261,0.06201982908737788
train_median,train,2021-12,country_sg,country_kr,0.28989273916299524,0.06201982908737788
train_median,train,2022-01,country_sg,country_kr,0.08648133377266683,0.06201982908737788
train_median,train,2022-02,country_sg,country_kr,-0.1326257897224139,0.06201982908737788
train_median,train,2022-03,country_sg,country_kr,-0.10762567513311583,0.06201982908737788
train_median,train,2022-04,country_sg,country_kr,-0.09775604361607886,0.06201982908737788
train_median,train,2022-05,country_sg,country_kr,0.35868910021575595,0.06201982908737788
train_median,train,2022-06,country_sg,country_kr,0.14678476595461115,0.06201982908737788
train_median,train,2022-07,country_sg,country_kr,0.7820659340145815,0.06201982908737788
train_median,train,2022-08,country_sg,country_kr,0.7340553464038136,0.06201982908737788
train_median,train,2022-09,country_sg,country_kr,-0.1357935573357251,0.06201982908737788
train_median,train,2022-10,country_sg,country_kr,-0.28275198565885484,0.06201982908737788
train_median,train,2022-11,country_sg,country_kr,0.16168446531780373,0.06201982908737788
train_median,train,2022-12,country_sg,country_kr,-0.09548400089526839,0.06201982908737788
train_median,train,2021-12,country_sg,country_mx,-0.14244272944947162,0.06201982908737788
train_median,train,2022-01,country_sg,country_mx,-0.00980472800466013,0.06201982908737788
train_median,train,2022-02,country_sg,country_mx,0.2338807401503935,0.06201982908737788
train_median,train,2022-03,country_sg,country_mx,0.08879529812890755,0.06201982908737788
train_median,train,2022-04,country_sg,country_mx,0.05236234292611561,0.06201982908737788
train_median,train,2022-05,country_sg,country_mx,-0.13762024728338254,0.06201982908737788
train_median,train,2022-06,country_sg,country_mx,0.09829392868852978,0.06201982908737788
train_median,train,2022-07,country_sg,country_mx,-0.12577608610574054,0.06201982908737788
train_median,train,2022-08,country_sg,country_mx,-0.11681880686002438,0.06201982908737788
train_median,train,2022-09,country_sg,country_mx,-0.054445751215684776,0.06201982908737788
train_median,train,2022-10,country_sg,country_mx,0.002385146779678572,0.06201982908737788
train_median,train,2022-11,country_sg,country_mx,0.2883240646577908,0.06201982908737788
train_median,train,2022-12,country_sg,country_mx,-0.20875342165286231,0.06201982908737788
train_median,train,2021-12,country_sg,country_my,0.2891933200461988,0.06201982908737788
train_median,train,2022-01,country_sg,country_my,0.3856427263576367,0.06201982908737788
train_median,train,2022-02,country_sg,country_my,0.6490918981063059,0.06201982908737788
train_median,train,2022-03,country_sg,country_my,0.38463033443596795,0.06201982908737788
train_median,train,2022-04,country_sg,country_my,0.320949992282473,0.06201982908737788
train_median,train,2022-05,country_sg,country_my,0.223099860581899,0.06201982908737788
train_median,train,2022-06,country_sg,country_my,0.07324995309986757,0.06201982908737788
train_median,train,2022-07,country_sg,country_my,-0.0770145933807019,0.06201982908737788
train_median,train,2022-08,country_sg,country_my,-0.2044155063379105,0.06201982908737788
train_median,train,2022-09,country_sg,country_my,-0.14274656057314264,0.06201982908737788
train_median,train,2022-10,country_sg,country_my,-0.004242100243220599,0.06201982908737788
train_median,train,2022-11,country_sg,country_my,-0.1736610914809836,0.06201982908737788
train_median,train,2022-12,country_sg,country_my,-0.25883969754301467,0.06201982908737788
train_median,train,2021-12,country_sg,country_ph,0.20254027435585156,0.06201982908737788
train_median,train,2022-01,country_sg,country_ph,-0.09828972810149497,0.06201982908737788
train_median,train,2022-02,country_sg,country_ph,0.21460101945544774,0.06201982908737788
train_median,train,2022-03,country_sg,country_ph,0.05123883606638564,0.06201982908737788
train_median,train,2022-04,country_sg,country_ph,-0.13418542462798658,0.06201982908737788
train_median,train,2022-05,country_sg,country_ph,-0.01066434848560159,0.06201982908737788
train_median,train,2022-06,country_sg,country_ph,0.09676289037195135,0.06201982908737788
train_median,train,2022-07,country_sg,country_ph,0.3106255040889633,0.06201982908737788
train_median,train,2022-08,country_sg,country_ph,0.6963281939107246,0.06201982908737788
train_median,train,2022-09,country_sg,country_ph,0.02687725172708341,0.06201982908737788
train_median,train,2022-10,country_sg,country_ph,-0.07985926365787933,0.06201982908737788
train_median,train,2022-11,country_sg,country_ph,-0.21736452714582274,0.06201982908737788
train_median,train,2022-12,country_sg,country_ph,-0.07514284296873738,0.06201982908737788
train_median,train,2021-12,country_sg,country_th,0.06753481390582775,0.06201982908737788
train_median,train,2022-01,country_sg,country_th,-0.04444811728162855,0.06201982908737788
train_median,train,2022-02,country_sg,country_th,0.3120032655955416,0.06201982908737788
train_median,train,2022-03,country_sg,country_th,0.22537534095056547,0.06201982908737788
train_median,train,2022-04,country_sg,country_th,0.15930714602846588,0.06201982908737788
train_median,train,2022-05,country_sg,country_th,0.15281877367851862,0.06201982908737788
train_median,train,2022-06,country_sg,country_th,0.09168149308384188,0.06201982908737788
train_median,train,2022-07,country_sg,country_th,0.17761056938108746,0.06201982908737788
train_median,train,2022-08,country_sg,country_th,0.44107240401689346,0.06201982908737788
train_median,train,2022-09,country_sg,country_th,0.2368091761784333,0.06201982908737788
train_median,train,2022-10,country_sg,country_th,0.16701044273400273,0.06201982908737788
train_median,train,2022-11,country_sg,country_th,-0.25106475108206816,0.06201982908737788
train_median,train,2022-12,country_sg,country_th,0.09081307061322466,0.06201982908737788
train_median,train,2021-12,country_sg,country_us,-0.2881777358743162,0.06201982908737788
train_median,train,2022-01,country_sg,country_us,-0.27467310789967286,0.06201982908737788
train_median,train,2022-02,country_sg,country_us,-0.2056528228580218,0.06201982908737788
train_median,train,2022-03,country_sg,country_us,-0.2054039888402238,0.06201982908737788
train_median,train,2022-04,country_sg,country_us,0.2370482288434525,0.06201982908737788
train_median,train,2022-05,country_sg,country_us,0.18736299500046874,0.06201982908737788
train_median,train,2022-06,country_sg,country_us,0.12272557014739163,0.06201982908737788
train_median,train,2022-07,country_sg,country_us,0.23699574568462137,0.06201982908737788
train_median,train,2022-08,country_sg,country_us,0.03738340297376084,0.06201982908737788
train_median,train,2022-09,country_sg,country_us,0.2279738804504869,0.06201982908737788
train_median,train,2022-10,country_sg,country_us,0.2042798083434196,0.06201982908737788
train_median,train,2022-11,country_sg,country_us,0.12202629166795514,0.06201982908737788
train_median,train,2022-12,country_sg,country_us,0.29664387212153076,0.06201982908737788
train_median,train,2021-12,country_sg,country_vn,0.31532911409382264,0.06201982908737788
train_median,train,2022-01,country_sg,country_vn,-0.25774017388377585,0.06201982908737788
train_median,train,2022-02,country_sg,country_vn,0.6720721482578191,0.06201982908737788
train_median,train,2022-03,country_sg,country_vn,-0.13811840441150344,0.06201982908737788
train_median,train,2022-04,country_sg,country_vn,0.9685687743692561,0.06201982908737788
train_median,train,2022-05,country_sg,country_vn,0.03644016651330062,0.06201982908737788
train_median,train,2022-06,country_sg,country_vn,-0.22554586150262154,0.06201982908737788
train_median,train,2022-07,country_sg,country_vn,0.14433026562930576,0.06201982908737788
train_median,train,2022-08,country_sg,country_vn,-0.09542112737787979,0.06201982908737788
train_median,train,2022-09,country_sg,country_vn,-0.3646344299538224,0.06201982908737788
train_median,train,2022-10,country_sg,country_vn,-0.3864665239995518,0.06201982908737788
train_median,train,2022-11,country_sg,country_vn,-0.5022655590083306,0.06201982908737788
train_median,train,2022-12,country_sg,country_vn,-0.29340826321776237,0.06201982908737788
train_median,train,2021-12,country_th,country_203,0.565798496309633,0.06201982908737788
train_median,train,2022-01,country_th,country_203,0.22952190138168585,0.06201982908737788
train_median,train,2022-02,country_th,country_203,0.7552575758449772,0.06201982908737788
train_median,train,2022-03,country_th,country_203,0.3002934715559265,0.06201982908737788
train_median,train,2022-04,country_th,country_203,0.05640467409260874,0.06201982908737788
train_median,train,2022-05,country_th,country_203,0.26566815953232276,0.06201982908737788
train_median,train,2022-06,country_th,country_203,0.21612652486525438,0.06201982908737788
train_median,train,2022-07,country_th,country_203,0.3647988556425643,0.06201982908737788
train_median,train,2022-08,country_th,country_203,0.248922130383549,0.06201982908737788
train_median,train,2022-09,country_th,country_203,-0.08284841443382122,0.06201982908737788
train_median,train,2022-10,country_th,country_203,0.02115282821401727,0.06201982908737788
train_median,train,2022-11,country_th,country_203,0.06392999868086437,0.06201982908737788
train_median,train,2022-12,country_th,country_203,0.2201190880081515,0.06201982908737788
train_median,train,2021-12,country_th,country_344,-0.1423075320738101,0.06201982908737788
train_median,train,2022-01,country_th,country_344,-0.24782442608450284,0.06201982908737788
train_median,train,2022-02,country_th,country_344,-0.06389035613822601,0.06201982908737788
train_median,train,2022-03,country_th,country_344,0.00598806879929692,0.06201982908737788
train_median,train,2022-04,country_th,country_344,-0.09085966334132052,0.06201982908737788
train_median,train,2022-05,country_th,country_344,0.08605042083906113,0.06201982908737788
train_median,train,2022-06,country_th,country_344,-0.023011073380161624,0.06201982908737788
train_median,train,2022-07,country_th,country_344,-0.036988018795575645,0.06201982908737788
train_median,train,2022-08,country_th,country_344,-0.16088330852329089,0.06201982908737788
train_median,train,2022-09,country_th,country_344,-0.1532354132256319,0.06201982908737788
train_median,train,2022-10,country_th,country_344,-0.1290865846225784,0.06201982908737788
train_median,train,2022-11,country_th,country_344,-0.2053367666215918,0.06201982908737788
train_median,train,2022-12,country_th,country_344,-0.31742798640216996,0.06201982908737788
train_median,train,2021-12,country_th,country_372,2.2971009126931317,0.06201982908737788
train_median,train,2022-01,country_th,country_372,0.3096688968389093,0.06201982908737788
train_median,train,2022-02,country_th,country_372,0.2977901522074962,0.06201982908737788
train_median,train,2022-03,country_th,country_372,-0.11039106085705334,0.06201982908737788
train_median,train,2022-04,country_th,country_372,1.558965323450525,0.06201982908737788
train_median,train,2022-05,country_th,country_372,-0.07095591813935531,0.06201982908737788
train_median,train,2022-06,country_th,country_372,1.8886561742049381,0.06201982908737788
train_median,train,2022-07,country_th,country_372,0.550314411097035,0.06201982908737788
train_median,train,2022-08,country_th,country_372,0.15364045726965142,0.06201982908737788
train_median,train,2022-09,country_th,country_372,-0.04799961118782846,0.06201982908737788
train_median,train,2022-10,country_th,country_372,0.0942266598726444,0.06201982908737788
train_median,train,2022-11,country_th,country_372,-0.05245231449502818,0.06201982908737788
train_median,train,2022-12,country_th,country_372,-0.07449329928241848,0.06201982908737788
train_median,train,2021-12,country_th,country_380,0.4501933490320396,0.06201982908737788
train_median,train,2022-01,country_th,country_380,-0.23334074261568508,0.06201982908737788
train_median,train,2022-02,country_th,country_380,-0.4155842881973081,0.06201982908737788
train_median,train,2022-03,country_th,country_380,-0.7351130369471227,0.06201982908737788
train_median,train,2022-04,country_th,country_380,-0.7405497614454968,0.06201982908737788
train_median,train,2022-05,country_th,country_380,0.5445410105182297,0.06201982908737788
train_median,train,2022-06,country_th,country_380,0.5518501572737626,0.06201982908737788
train_median,train,2022-07,country_th,country_380,0.16374489383991309,0.06201982908737788
train_median,train,2022-08,country_th,country_380,0.4336457903994829,0.06201982908737788
train_median,train,2022-09,country_th,country_380,-0.06454945777598228,0.06201982908737788
train_median,train,2022-10,country_th,country_380,0.24926984445218736,0.06201982908737788
train_median,train,2022-11,country_th,country_380,-0.13320816376401845,0.06201982908737788
train_median,train,2022-12,country_th,country_380,-0.07047203687751193,0.06201982908737788
train_median,train,2021-12,country_th,country_cn,0.1116862549187449,0.06201982908737788
train_median,train,2022-01,country_th,country_cn,-0.0718893167472026,0.06201982908737788
train_median,train,2022-02,country_th,country_cn,0.13222264290076327,0.06201982908737788
train_median,train,2022-03,country_th,country_cn,0.0961550571453202,0.06201982908737788
train_median,train,2022-04,country_th,country_cn,0.05797005974904626,0.06201982908737788
train_median,train,2022-05,country_th,country_cn,0.1347313757749551,0.06201982908737788
train_median,train,2022-06,country_th,country_cn,0.029444142177621018,0.06201982908737788
train_median,train,2022-07,country_th,country_cn,0.09691015438426412,0.06201982908737788
train_median,train,2022-08,country_th,country_cn,0.05641997418620968,0.06201982908737788
train_median,train,2022-09,country_th,country_cn,-0.16262202333929324,0.06201982908737788
train_median,train,2022-10,country_th,country_cn,-0.06534578511984628,0.06201982908737788
train_median,train,2022-11,country_th,country_cn,-0.01819206591791582,0.06201982908737788
train_median,train,2022-12,country_th,country_cn,-0.32295229178796625,0.06201982908737788
train_median,train,2021-12,country_th,country_de,0.1533868765597147,0.06201982908737788
train_median,train,2022-01,country_th,country_de,0.19778977975998369,0.06201982908737788
train_median,train,2022-02,country_th,country_de,0.3208002396670986,0.06201982908737788
train_median,train,2022-03,country_th,country_de,0.12698666868463002,0.06201982908737788
train_median,train,2022-04,country_th,country_de,0.24259795958534638,0.06201982908737788
train_median,train,2022-05,country_th,country_de,0.33350025010940454,0.06201982908737788
train_median,train,2022-06,country_th,country_de,0.20047114837476798,0.06201982908737788
train_median,train,2022-07,country_th,country_de,0.24152840993450703,0.06201982908737788
train_median,train,2022-08,country_th,country_de,0.24138514075723014,0.06201982908737788
train_median,train,2022-09,country_th,country_de,0.015837565968894202,0.06201982908737788
train_median,train,2022-10,country_th,country_de,0.09022618720740883,0.06201982908737788
train_median,train,2022-11,country_th,country_de,0.016288552521898196,0.06201982908737788
train_median,train,2022-12,country_th,country_de,0.12496176135622121,0.06201982908737788
train_median,train,2021-12,country_th,country_fr,0.6796341428222007,0.06201982908737788
train_median,train,2022-01,country_th,country_fr,0.22287266029480088,0.06201982908737788
train_median,train,2022-02,country_th,country_fr,0.6235330091042125,0.06201982908737788
train_median,train,2022-03,country_th,country_fr,0.15602980014525664,0.06201982908737788
train_median,train,2022-04,country_th,country_fr,0.3031304073339474,0.06201982908737788
train_median,train,2022-05,country_th,country_fr,0.7022834666098667,0.06201982908737788
train_median,train,2022-06,country_th,country_fr,0.4867496903293396,0.06201982908737788
train_median,train,2022-07,country_th,country_fr,0.2738648103200889,0.06201982908737788
train_median,train,2022-08,country_th,country_fr,0.25776626332430275,0.06201982908737788
train_median,train,2022-09,country_th,country_fr,0.22123637759312353,0.06201982908737788
train_median,train,2022-10,country_th,country_fr,0.0911673615778518,0.06201982908737788
train_median,train,2022-11,country_th,country_fr,-0.18202695604446198,0.06201982908737788
train_median,train,2022-12,country_th,country_fr,-0.09917359090889513,0.06201982908737788
train_median,train,2021-12,country_th,country_gb,1.1386554415308596,0.06201982908737788
train_median,train,2022-01,country_th,country_gb,0.8225544809445283,0.06201982908737788
train_median,train,2022-02,country_th,country_gb,0.795357105339592,0.06201982908737788
train_median,train,2022-03,country_th,country_gb,0.7813495068825042,0.06201982908737788
train_median,train,2022-04,country_th,country_gb,1.1370199009287594,0.06201982908737788
train_median,train,2022-05,country_th,country_gb,1.0336557549225935,0.06201982908737788
train_median,train,2022-06,country_th,country_gb,0.4656439881840346,0.06201982908737788
train_median,train,2022-07,country_th,country_gb,0.19172753116026517,0.06201982908737788
train_median,train,2022-08,country_th,country_gb,-0.10015611077919997,0.06201982908737788
train_median,train,2022-09,country_th,country_gb,-0.3785018768967003,0.06201982908737788
train_median,train,2022-10,country_th,country_gb,-0.1899698820912385,0.06201982908737788
train_median,train,2022-11,country_th,country_gb,0.11895025402080124,0.06201982908737788
train_median,train,2022-12,country_th,country_gb,0.030024335495943983,0.06201982908737788
train_median,train,2021-12,country_th,country_in,-0.3619025833815355,0.06201982908737788
train_median,train,2022-01,country_th,country_in,-0.24055715455807913,0.06201982908737788
train_median,train,2022-02,country_th,country_in,0.11110800291129388,0.06201982908737788
train_median,train,2022-03,country_th,country_in,-0.36206297901950824,0.06201982908737788
train_median,train,2022-04,country_th,country_in,-0.2142417600825481,0.06201982908737788
train_median,train,2022-05,country_th,country_in,1.235649732636599,0.06201982908737788
train_median,train,2022-06,country_th,country_in,2.4705038075194268,0.06201982908737788
train_median,train,2022-07,country_th,country_in,2.1329652431940302,0.06201982908737788
train_median,train,2022-08,country_th,country_in,2.133757945071748,0.06201982908737788
train_median,train,2022-09,country_th,country_in,2.7205076574420533,0.06201982908737788
train_median,train,2022-10,country_th,country_in,6.643726830674657,0.06201982908737788
train_median,train,2022-11,country_th,country_in,2.753241363815163,0.06201982908737788
train_median,train,2022-12,country_th,country_in,2.2748420397845086,0.06201982908737788
train_median,train,2021-12,country_th,country_jp,0.2213734491893088,0.06201982908737788
train_median,train,2022-01,country_th,country_jp,0.16509777884356144,0.06201982908737788
train_median,train,2022-02,country_th,country_jp,0.26683053628241277,0.06201982908737788
train_median,train,2022-03,country_th,country_jp,0.1575435997406134,0.06201982908737788
train_median,train,2022-04,country_th,country_jp,0.2899268168498035,0.06201982908737788
train_median,train,2022-05,country_th,country_jp,0.16856220835642954,0.06201982908737788
train_median,train,2022-06,country_th,country_jp,0.15302480265901713,0.06201982908737788
train_median,train,2022-07,country_th,country_jp,0.10728189244613445,0.06201982908737788
train_median,train,2022-08,country_th,country_jp,-0.06884394007030267,0.06201982908737788
train_median,train,2022-09,country_th,country_jp,-0.03331394704740715,0.06201982908737788
train_median,train,2022-10,country_th,country_jp,0.25661713413029946,0.06201982908737788
train_median,train,2022-11,country_th,country_jp,0.2808141093024033,0.06201982908737788
train_median,train,2022-12,country_th,country_jp,0.08778556885083597,0.06201982908737788
train_median,train,2021-12,country_th,country_kr,-0.0004780866353105479,0.06201982908737788
train_median,train,2022-01,country_th,country_kr,0.10850713102244398,0.06201982908737788
train_median,train,2022-02,country_th,country_kr,0.44549718013605466,0.06201982908737788
train_median,train,2022-03,country_th,country_kr,0.29202001664855287,0.06201982908737788
train_median,train,2022-04,country_th,country_kr,0.2732623364185297,0.06201982908737788
train_median,train,2022-05,country_th,country_kr,0.2950356176175936,0.06201982908737788
train_median,train,2022-06,country_th,country_kr,0.14748751104289545,0.06201982908737788
train_median,train,2022-07,country_th,country_kr,0.17491700959082848,0.06201982908737788
train_median,train,2022-08,country_th,country_kr,0.04299591965257548,0.06201982908737788
train_median,train,2022-09,country_th,country_kr,-0.05432421710062608,0.06201982908737788
train_median,train,2022-10,country_th,country_kr,-0.08695170859354767,0.06201982908737788
train_median,train,2022-11,country_th,country_kr,-0.05712388440049655,0.06201982908737788
train_median,train,2022-12,country_th,country_kr,-0.10353285333087349,0.06201982908737788
train_median,train,2021-12,country_th,country_mx,-0.03181333875334418,0.06201982908737788
train_median,train,2022-01,country_th,country_mx,0.1010433693424219,0.06201982908737788
train_median,train,2022-02,country_th,country_mx,0.2872030132534864,0.06201982908737788
train_median,train,2022-03,country_th,country_mx,0.12623680787406666,0.06201982908737788
train_median,train,2022-04,country_th,country_mx,0.42201304932902495,0.06201982908737788
train_median,train,2022-05,country_th,country_mx,0.3353166184125308,0.06201982908737788
train_median,train,2022-06,country_th,country_mx,0.20436245891684235,0.06201982908737788
train_median,train,2022-07,country_th,country_mx,0.048667505305922905,0.06201982908737788
train_median,train,2022-08,country_th,country_mx,0.072761645798946,0.06201982908737788
train_median,train,2022-09,country_th,country_mx,0.06405962450989354,0.06201982908737788
train_median,train,2022-10,country_th,country_mx,-0.05979898924777012,0.06201982908737788
train_median,train,2022-11,country_th,country_mx,-0.011331743330456258,0.06201982908737788
train_median,train,2022-12,country_th,country_mx,-0.13775481398250128,0.06201982908737788
train_median,train,2021-12,country_th,country_my,0.06666267870671072,0.06201982908737788
train_median,train,2022-01,country_th,country_my,0.138952301414284,0.06201982908737788
train_median,train,2022-02,country_th,country_my,0.23803706269106314,0.06201982908737788
train_median,train,2022-03,country_th,country_my,0.10476016163819353,0.06201982908737788
train_median,train,2022-04,country_th,country_my,0.32884915316770214,0.06201982908737788
train_median,train,2022-05,country_th,country_my,0.2885620822351013,0.06201982908737788
train_median,train,2022-06,country_th,country_my,0.11311234683298377,0.06201982908737788
train_median,train,2022-07,country_th,country_my,0.16257765023756515,0.06201982908737788
train_median,train,2022-08,country_th,country_my,0.22681679690539142,0.06201982908737788
train_median,train,2022-09,country_th,country_my,-0.1286048435714879,0.06201982908737788
train_median,train,2022-10,country_th,country_my,-0.11973557565040027,0.06201982908737788
train_median,train,2022-11,country_th,country_my,-0.1093664256473938,0.06201982908737788
train_median,train,2022-12,country_th,country_my,-0.16661463452075106,0.06201982908737788
train_median,train,2021-12,country_th,country_ph,0.1126245747832536,0.06201982908737788
train_median,train,2022-01,country_th,country_ph,0.062281129391581286,0.06201982908737788
train_median,train,2022-02,country_th,country_ph,0.14794298327695357,0.06201982908737788
train_median,train,2022-03,country_th,country_ph,-0.08798479418555386,0.06201982908737788
train_median,train,2022-04,country_th,country_ph,0.16590481339655092,0.06201982908737788
train_median,train,2022-05,country_th,country_ph,-0.020372982708375963,0.06201982908737788
train_median,train,2022-06,country_th,country_ph,-0.020100643555496497,0.06201982908737788
train_median,train,2022-07,country_th,country_ph,0.12837563902172178,0.06201982908737788
train_median,train,2022-08,country_th,country_ph,0.37047376937168547,0.06201982908737788
train_median,train,2022-09,country_th,country_ph,-0.01795771976482622,0.06201982908737788
train_median,train,2022-10,country_th,country_ph,-0.005049606434805534,0.06201982908737788
train_median,train,2022-11,country_th,country_ph,-0.06602522145572669,0.06201982908737788
train_median,train,2022-12,country_th,country_ph,-0.12508114119769154,0.06201982908737788
train_median,train,2021-12,country_th,country_sg,0.3656502006729209,0.06201982908737788
train_median,train,2022-01,country_th,country_sg,0.330707826751703,0.06201982908737788
train_median,train,2022-02,country_th,country_sg,0.6434154632840042,0.06201982908737788
train_median,train,2022-03,country_th,country_sg,0.45903047558475923,0.06201982908737788
train_median,train,2022-04,country_th,country_sg,0.5155342331239193,0.06201982908737788
train_median,train,2022-05,country_th,country_sg,0.44014272130683696,0.06201982908737788
train_median,train,2022-06,country_th,country_sg,0.23737777554690573,0.06201982908737788
train_median,train,2022-07,country_th,country_sg,0.08682374343306384,0.06201982908737788
train_median,train,2022-08,country_th,country_sg,-0.2517643100935097,0.06201982908737788
train_median,train,2022-09,country_th,country_sg,-0.2517434672635646,0.06201982908737788
train_median,train,2022-10,country_th,country_sg,-0.22068359344248917,0.06201982908737788
train_median,train,2022-11,country_th,country_sg,-0.20969806142949424,0.06201982908737788
train_median,train,2022-12,country_th,country_sg,-0.3077845977491418,0.06201982908737788
train_median,train,2021-12,country_th,country_us,-0.08707487288721615,0.06201982908737788
train_median,train,2022-01,country_th,country_us,0.15445117099203629,0.06201982908737788
train_median,train,2022-02,country_th,country_us,0.41017697794741087,0.06201982908737788
train_median,train,2022-03,country_th,country_us,0.23938518575926868,0.06201982908737788
train_median,train,2022-04,country_th,country_us,0.36303822128499996,0.06201982908737788
train_median,train,2022-05,country_th,country_us,0.3895097782253734,0.06201982908737788
train_median,train,2022-06,country_th,country_us,0.2217781585641363,0.06201982908737788
train_median,train,2022-07,country_th,country_us,0.21745915905513707,0.06201982908737788
train_median,train,2022-08,country_th,country_us,0.1918606692544777,0.06201982908737788
train_median,train,2022-09,country_th,country_us,0.2565380203904229,0.06201982908737788
train_median,train,2022-10,country_th,country_us,0.1712228203238713,0.06201982908737788
train_median,train,2022-11,country_th,country_us,0.15999723566711088,0.06201982908737788
train_median,train,2022-12,country_th,country_us,0.5312422212031254,0.06201982908737788
train_median,train,2021-12,country_th,country_vn,0.7115103929614063,0.06201982908737788
train_median,train,2022-01,country_th,country_vn,0.30244133782225313,0.06201982908737788
train_median,train,2022-02,country_th,country_vn,0.38496850520870296,0.06201982908737788
train_median,train,2022-03,country_th,country_vn,0.31970851597253946,0.06201982908737788
train_median,train,2022-04,country_th,country_vn,0.2215324406971206,0.06201982908737788
train_median,train,2022-05,country_th,country_vn,0.016317257558743213,0.06201982908737788
train_median,train,2022-06,country_th,country_vn,-0.004810010890453509,0.06201982908737788
train_median,train,2022-07,country_th,country_vn,0.294171676022634,0.06201982908737788
train_median,train,2022-08,country_th,country_vn,0.07685582925589028,0.06201982908737788
train_median,train,2022-09,country_th,country_vn,0.22368063979689357,0.06201982908737788
train_median,train,2022-10,country_th,country_vn,0.0690775806490841,0.06201982908737788
train_median,train,2022-11,country_th,country_vn,0.3662209849186147,0.06201982908737788
train_median,train,2022-12,country_th,country_vn,0.3725417730522435,0.06201982908737788
train_median,train,2021-12,country_us,country_203,0.4526740767693355,0.06201982908737788
train_median,train,2022-01,country_us,country_203,0.755284620148849,0.06201982908737788
train_median,train,2022-02,country_us,country_203,0.4710464899554228,0.06201982908737788
train_median,train,2022-03,country_us,country_203,0.2111534542843511,0.06201982908737788
train_median,train,2022-04,country_us,country_203,0.18342149702340604,0.06201982908737788
train_median,train,2022-05,country_us,country_203,0.08414982592793864,0.06201982908737788
train_median,train,2022-06,country_us,country_203,0.06203223680630229,0.06201982908737788
train_median,train,2022-07,country_us,country_203,0.20041331670186446,0.06201982908737788
train_median,train,2022-08,country_us,country_203,-0.22893067386638266,0.06201982908737788
train_median,train,2022-09,country_us,country_203,0.016901020786035933,0.06201982908737788
train_median,train,2022-10,country_us,country_203,0.055982736947612355,0.06201982908737788
train_median,train,2022-11,country_us,country_203,-0.22347667706675592,0.06201982908737788
train_median,train,2022-12,country_us,country_203,0.2076053619961841,0.06201982908737788
train_median,train,2021-12,country_us,country_344,-0.1464839152055685,0.06201982908737788
train_median,train,2022-01,country_us,country_344,-0.052632138665208196,0.06201982908737788
train_median,train,2022-02,country_us,country_344,0.11770435075833703,0.06201982908737788
train_median,train,2022-03,country_us,country_344,0.057126940560386155,0.06201982908737788
train_median,train,2022-04,country_us,country_344,-0.05512127417916217,0.06201982908737788
train_median,train,2022-05,country_us,country_344,0.17787935860015522,0.06201982908737788
train_median,train,2022-06,country_us,country_344,-0.2331860687805084,0.06201982908737788
train_median,train,2022-07,country_us,country_344,-0.2620746116478383,0.06201982908737788
train_median,train,2022-08,country_us,country_344,-0.1521781522184697,0.06201982908737788
train_median,train,2022-09,country_us,country_344,-0.21206962649703062,0.06201982908737788
train_median,train,2022-10,country_us,country_344,-0.33541364231209553,0.06201982908737788
train_median,train,2022-11,country_us,country_344,-0.21645656900184493,0.06201982908737788
train_median,train,2022-12,country_us,country_344,-0.15780712013419476,0.06201982908737788
train_median,train,2021-12,country_us,country_372,-0.3409094709543602,0.06201982908737788
train_median,train,2022-01,country_us,country_372,-0.1708166124096045,0.06201982908737788
train_median,train,2022-02,country_us,country_372,-0.15039723438617084,0.06201982908737788
train_median,train,2022-03,country_us,country_372,0.43040927061900347,0.06201982908737788
train_median,train,2022-04,country_us,country_372,0.0887974616755926,0.06201982908737788
train_median,train,2022-05,country_us,country_372,0.2726875693258055,0.06201982908737788
train_median,train,2022-06,country_us,country_372,0.14785264379670776,0.06201982908737788
train_median,train,2022-07,country_us,country_372,0.6899368801085862,0.06201982908737788
train_median,train,2022-08,country_us,country_372,0.2905601358310883,0.06201982908737788
train_median,train,2022-09,country_us,country_372,0.007753045548177874,0.06201982908737788
train_median,train,2022-10,country_us,country_372,0.6119282869206331,0.06201982908737788
train_median,train,2022-11,country_us,country_372,0.18491096652096253,0.06201982908737788
train_median,train,2022-12,country_us,country_372,-0.1279027532496809,0.06201982908737788
train_median,train,2021-12,country_us,country_380,0.006729786786922418,0.06201982908737788
train_median,train,2022-01,country_us,country_380,-0.08772691995571105,0.06201982908737788
train_median,train,2022-02,country_us,country_380,-0.17023296825031337,0.06201982908737788
train_median,train,2022-03,country_us,country_380,-0.5562368253010368,0.06201982908737788
train_median,train,2022-04,country_us,country_380,-0.6370124665149742,0.06201982908737788
train_median,train,2022-05,country_us,country_380,0.7481643155663111,0.06201982908737788
train_median,train,2022-06,country_us,country_380,-0.023189455368230173,0.06201982908737788
train_median,train,2022-07,country_us,country_380,-0.18314239782755162,0.06201982908737788
train_median,train,2022-08,country_us,country_380,0.3835819676945955,0.06201982908737788
train_median,train,2022-09,country_us,country_380,0.5193082532057871,0.06201982908737788
train_median,train,2022-10,country_us,country_380,0.5803429754321142,0.06201982908737788
train_median,train,2022-11,country_us,country_380,0.4716799540056483,0.06201982908737788
train_median,train,2022-12,country_us,country_380,0.19670317828600298,0.06201982908737788
train_median,train,2021-12,country_us,country_cn,-0.11268235847172431,0.06201982908737788
train_median,train,2022-01,country_us,country_cn,-0.23115841605968673,0.06201982908737788
train_median,train,2022-02,country_us,country_cn,-0.18428963622178662,0.06201982908737788
train_median,train,2022-03,country_us,country_cn,-0.21090524553428336,0.06201982908737788
train_median,train,2022-04,country_us,country_cn,-0.12500349222908766,0.06201982908737788
train_median,train,2022-05,country_us,country_cn,-0.09668744567893872,0.06201982908737788
train_median,train,2022-06,country_us,country_cn,-0.17730756987235502,0.06201982908737788
train_median,train,2022-07,country_us,country_cn,-0.0466260337808348,0.06201982908737788
train_median,train,2022-08,country_us,country_cn,0.037480383917111094,0.06201982908737788
train_median,train,2022-09,country_us,country_cn,0.0068975089650193475,0.06201982908737788
train_median,train,2022-10,country_us,country_cn,0.08563500842684912,0.06201982908737788
train_median,train,2022-11,country_us,country_cn,-0.12281718769821759,0.06201982908737788
train_median,train,2022-12,country_us,country_cn,-0.3750938986059343,0.06201982908737788
train_median,train,2021-12,country_us,country_de,-0.12472953432146056,0.06201982908737788
train_median,train,2022-01,country_us,country_de,-0.13044951186587758,0.06201982908737788
train_median,train,2022-02,country_us,country_de,0.37864783546271596,0.06201982908737788
train_median,train,2022-03,country_us,country_de,0.13452190478100115,0.06201982908737788
train_median,train,2022-04,country_us,country_de,-0.007387967332073753,0.06201982908737788
train_median,train,2022-05,country_us,country_de,0.46426631044484473,0.06201982908737788
train_median,train,2022-06,country_us,country_de,-0.07286220932318321,0.06201982908737788
train_median,train,2022-07,country_us,country_de,0.24611429788802114,0.06201982908737788
train_median,train,2022-08,country_us,country_de,-0.11900059246894377,0.06201982908737788
train_median,train,2022-09,country_us,country_de,-0.10952235459739576,0.06201982908737788
train_median,train,2022-10,country_us,country_de,-0.002420702471787398,0.06201982908737788
train_median,train,2022-11,country_us,country_de,0.02205582447577807,0.06201982908737788
train_median,train,2022-12,country_us,country_de,-0.04294679311792165,0.06201982908737788
train_median,train,2021-12,country_us,country_fr,-0.037452401742083516,0.06201982908737788
train_median,train,2022-01,country_us,country_fr,-0.007129663334284935,0.06201982908737788
train_median,train,2022-02,country_us,country_fr,-0.04275490847987236,0.06201982908737788
train_median,train,2022-03,country_us,country_fr,0.03244599940684864,0.06201982908737788
train_median,train,2022-04,country_us,country_fr,0.1103601806647117,0.06201982908737788
train_median,train,2022-05,country_us,country_fr,-0.044009502056667975,0.06201982908737788
train_median,train,2022-06,country_us,country_fr,-0.278523505835932,0.06201982908737788
train_median,train,2022-07,country_us,country_fr,-0.22696157769894257,0.06201982908737788
train_median,train,2022-08,country_us,country_fr,-0.2967105442872402,0.06201982908737788
train_median,train,2022-09,country_us,country_fr,-0.13895298757847963,0.06201982908737788
train_median,train,2022-10,country_us,country_fr,-0.0021296682165965553,0.06201982908737788
train_median,train,2022-11,country_us,country_fr,-0.4838963540283251,0.06201982908737788
train_median,train,2022-12,country_us,country_fr,-0.019708474183263866,0.06201982908737788
train_median,train,2021-12,country_us,country_gb,0.1747538328626895,0.06201982908737788
train_median,train,2022-01,country_us,country_gb,0.22059972404741107,0.06201982908737788
train_median,train,2022-02,country_us,country_gb,0.21562058768854936,0.06201982908737788
train_median,train,2022-03,country_us,country_gb,0.12297703035377057,0.06201982908737788
train_median,train,2022-04,country_us,country_gb,0.07028542833594963,0.06201982908737788
train_median,train,2022-05,country_us,country_gb,0.22310234168063248,0.06201982908737788
train_median,train,2022-06,country_us,country_gb,0.053468985931338205,0.06201982908737788
train_median,train,2022-07,country_us,country_gb,1.0096417988651163,0.06201982908737788
train_median,train,2022-08,country_us,country_gb,-0.07912568789835603,0.06201982908737788
train_median,train,2022-09,country_us,country_gb,-0.277308353517015,0.06201982908737788
train_median,train,2022-10,country_us,country_gb,-0.15175435227332076,0.06201982908737788
train_median,train,2022-11,country_us,country_gb,-0.029251520568357697,0.06201982908737788
train_median,train,2022-12,country_us,country_gb,0.13299577937554127,0.06201982908737788
train_median,train,2021-12,country_us,country_in,0.13801704163066802,0.06201982908737788
train_median,train,2022-01,country_us,country_in,-0.10012620699550422,0.06201982908737788
train_median,train,2022-02,country_us,country_in,0.5518498348166244,0.06201982908737788
train_median,train,2022-03,country_us,country_in,0.4702732638802622,0.06201982908737788
train_median,train,2022-04,country_us,country_in,0.30702562363020847,0.06201982908737788
train_median,train,2022-05,country_us,country_in,0.2829463894615958,0.06201982908737788
train_median,train,2022-06,country_us,country_in,-0.0795042635434331,0.06201982908737788
train_median,train,2022-07,country_us,country_in,0.1525009637722688,0.06201982908737788
train_median,train,2022-08,country_us,country_in,-0.5065808108704274,0.06201982908737788
train_median,train,2022-09,country_us,country_in,-0.5426373007690254,0.06201982908737788
train_median,train,2022-10,country_us,country_in,-0.6029316711966642,0.06201982908737788
train_median,train,2022-11,country_us,country_in,-0.6145839400652227,0.06201982908737788
train_median,train,2022-12,country_us,country_in,-0.6930330077567401,0.06201982908737788
train_median,train,2021-12,country_us,country_jp,0.13096304754037988,0.06201982908737788
train_median,train,2022-01,country_us,country_jp,0.11607439481950226,0.06201982908737788
train_median,train,2022-02,country_us,country_jp,0.012317128153862645,0.06201982908737788
train_median,train,2022-03,country_us,country_jp,-0.21535564552632885,0.06201982908737788
train_median,train,2022-04,country_us,country_jp,-0.03675396679079033,0.06201982908737788
train_median,train,2022-05,country_us,country_jp,-0.005167294792263568,0.06201982908737788
train_median,train,2022-06,country_us,country_jp,-0.06717268983025179,0.06201982908737788
train_median,train,2022-07,country_us,country_jp,0.006084067942032322,0.06201982908737788
train_median,train,2022-08,country_us,country_jp,0.06585612300422047,0.06201982908737788
train_median,train,2022-09,country_us,country_jp,-0.09426606513811632,0.06201982908737788
train_median,train,2022-10,country_us,country_jp,-0.22893422441539846,0.06201982908737788
train_median,train,2022-11,country_us,country_jp,-0.19302967305245583,0.06201982908737788
train_median,train,2022-12,country_us,country_jp,-0.1799952689810362,0.06201982908737788
train_median,train,2021-12,country_us,country_kr,-0.2513610283695533,0.06201982908737788
train_median,train,2022-01,country_us,country_kr,-0.23054635770523205,0.06201982908737788
train_median,train,2022-02,country_us,country_kr,-0.24633606007271247,0.06201982908737788
train_median,train,2022-03,country_us,country_kr,-0.24101066384167588,0.06201982908737788
train_median,train,2022-04,country_us,country_kr,-0.05913815346764609,0.06201982908737788
train_median,train,2022-05,country_us,country_kr,0.11797308272431421,0.06201982908737788
train_median,train,2022-06,country_us,country_kr,-0.03283095487809204,0.06201982908737788
train_median,train,2022-07,country_us,country_kr,-0.06478790930186734,0.06201982908737788
train_median,train,2022-08,country_us,country_kr,-0.032206638980050994,0.06201982908737788
train_median,train,2022-09,country_us,country_kr,-0.039114697927587115,0.06201982908737788
train_median,train,2022-10,country_us,country_kr,-0.12984795014902678,0.06201982908737788
train_median,train,2022-11,country_us,country_kr,0.00011672764527184604,0.06201982908737788
train_median,train,2022-12,country_us,country_kr,-0.13073148342187993,0.06201982908737788
train_median,train,2021-12,country_us,country_mx,-0.03571152011690458,0.06201982908737788
train_median,train,2022-01,country_us,country_mx,-0.1294110966552902,0.06201982908737788
train_median,train,2022-02,country_us,country_mx,0.27628424230532256,0.06201982908737788
train_median,train,2022-03,country_us,country_mx,0.06200742136845346,0.06201982908737788
train_median,train,2022-04,country_us,country_mx,0.19012995224605744,0.06201982908737788
train_median,train,2022-05,country_us,country_mx,0.16282893729130582,0.06201982908737788
train_median,train,2022-06,country_us,country_mx,0.2197344080229239,0.06201982908737788
train_median,train,2022-07,country_us,country_mx,0.19152165695350845,0.06201982908737788
train_median,train,2022-08,country_us,country_mx,0.028532486951301533,0.06201982908737788
train_median,train,2022-09,country_us,country_mx,0.08326639528253627,0.06201982908737788
train_median,train,2022-10,country_us,country_mx,-0.02500757650735532,0.06201982908737788
train_median,train,2022-11,country_us,country_mx,0.010437055466155212,0.06201982908737788
train_median,train,2022-12,country_us,country_mx,-0.20978334682072303,0.06201982908737788
train_median,train,2021-12,country_us,country_my,0.05917801150905513,0.06201982908737788
train_median,train,2022-01,country_us,country_my,0.13582426576058595,0.06201982908737788
train_median,train,2022-02,country_us,country_my,0.19483449682112683,0.06201982908737788
train_median,train,2022-03,country_us,country_my,0.13776152309098863,0.06201982908737788
train_median,train,2022-04,country_us,country_my,0.11351356470615549,0.06201982908737788
train_median,train,2022-05,country_us,country_my,0.1472686008694023,0.06201982908737788
train_median,train,2022-06,country_us,country_my,0.08448775205008001,0.06201982908737788
train_median,train,2022-07,country_us,country_my,0.09226101531029855,0.06201982908737788
train_median,train,2022-08,country_us,country_my,0.38907737440581563,0.06201982908737788
train_median,train,2022-09,country_us,country_my,0.14984450588852935,0.06201982908737788
train_median,train,2022-10,country_us,country_my,0.07295193023346137,0.06201982908737788
train_median,train,2022-11,country_us,country_my,-0.22333428340392186,0.06201982908737788
train_median,train,2022-12,country_us,country_my,-0.2843016229831008,0.06201982908737788
train_median,train,2021-12,country_us,country_ph,0.02250870582865415,0.06201982908737788
train_median,train,2022-01,country_us,country_ph,-0.09992863985022617,0.06201982908737788
train_median,train,2022-02,country_us,country_ph,-0.01760766010254708,0.06201982908737788
train_median,train,2022-03,country_us,country_ph,0.03103043573188504,0.06201982908737788
train_median,train,2022-04,country_us,country_ph,0.028023481868322812,0.06201982908737788
train_median,train,2022-05,country_us,country_ph,0.04825785900809986,0.06201982908737788
train_median,train,2022-06,country_us,country_ph,0.01793899321844897,0.06201982908737788
train_median,train,2022-07,country_us,country_ph,0.23431058616402806,0.06201982908737788
train_median,train,2022-08,country_us,country_ph,0.03605797157968089,0.06201982908737788
train_median,train,2022-09,country_us,country_ph,0.3255323139034081,0.06201982908737788
train_median,train,2022-10,country_us,country_ph,0.19272861940959796,0.06201982908737788
train_median,train,2022-11,country_us,country_ph,0.029105365653572544,0.06201982908737788
train_median,train,2022-12,country_us,country_ph,0.16312994169169281,0.06201982908737788
train_median,train,2021-12,country_us,country_sg,-0.20682768623620945,0.06201982908737788
train_median,train,2022-01,country_us,country_sg,-0.23050159602258358,0.06201982908737788
train_median,train,2022-02,country_us,country_sg,0.26586054924666974,0.06201982908737788
train_median,train,2022-03,country_us,country_sg,-0.11707111940062659,0.06201982908737788
train_median,train,2022-04,country_us,country_sg,0.3060518416071335,0.06201982908737788
train_median,train,2022-05,country_us,country_sg,-0.17315286102145264,0.06201982908737788
train_median,train,2022-06,country_us,country_sg,-0.19524692416149103,0.06201982908737788
train_median,train,2022-07,country_us,country_sg,0.16492095418118846,0.06201982908737788
train_median,train,2022-08,country_us,country_sg,-0.31816867629008194,0.06201982908737788
train_median,train,2022-09,country_us,country_sg,-0.38687887160476947,0.06201982908737788
train_median,train,2022-10,country_us,country_sg,-0.1252352445599286,0.06201982908737788
train_median,train,2022-11,country_us,country_sg,-0.41334057531465446,0.06201982908737788
train_median,train,2022-12,country_us,country_sg,-0.30423563633297757,0.06201982908737788
train_median,train,2021-12,country_us,country_th,0.09976019635047778,0.06201982908737788
train_median,train,2022-01,country_us,country_th,0.04802591067955379,0.06201982908737788
train_median,train,2022-02,country_us,country_th,0.1274870635045779,0.06201982908737788
train_median,train,2022-03,country_us,country_th,0.1453572751917848,0.06201982908737788
train_median,train,2022-04,country_us,country_th,0.15473976219523858,0.06201982908737788
train_median,train,2022-05,country_us,country_th,0.016266030404853766,0.06201982908737788
train_median,train,2022-06,country_us,country_th,0.0937935562967312,0.06201982908737788
train_median,train,2022-07,country_us,country_th,0.1083543283648753,0.06201982908737788
train_median,train,2022-08,country_us,country_th,0.13461394232038532,0.06201982908737788
train_median,train,2022-09,country_us,country_th,0.008342103816290298,0.06201982908737788
train_median,train,2022-10,country_us,country_th,-0.2045236042772152,0.06201982908737788
train_median,train,2022-11,country_us,country_th,-0.1192229562779367,0.06201982908737788
train_median,train,2022-12,country_us,country_th,0.06454515879652567,0.06201982908737788
train_median,train,2021-12,country_us,country_vn,-0.34629450231104275,0.06201982908737788
train_median,train,2022-01,country_us,country_vn,-0.015195092844809287,0.06201982908737788
train_median,train,2022-02,country_us,country_vn,-0.09613898392586813,0.06201982908737788
train_median,train,2022-03,country_us,country_vn,-0.28342114709184196,0.06201982908737788
train_median,train,2022-04,country_us,country_vn,0.03479445553281337,0.06201982908737788
train_median,train,2022-05,country_us,country_vn,-0.04943654351461373,0.06201982908737788
train_median,train,2022-06,country_us,country_vn,-0.4870246848459278,0.06201982908737788
train_median,train,2022-07,country_us,country_vn,-0.3111564183164615,0.06201982908737788
train_median,train,2022-08,country_us,country_vn,-0.33114882175847427,0.06201982908737788
train_median,train,2022-09,country_us,country_vn,-0.1661782270047415,0.06201982908737788
train_median,train,2022-10,country_us,country_vn,-0.22721523022520387,0.06201982908737788
train_median,train,2022-11,country_us,country_vn,-0.3278953399023779,0.06201982908737788
train_median,train,2022-12,country_us,country_vn,-0.11690473964063251,0.06201982908737788
train_median,train,2021-12,country_vn,country_203,-0.43870296163968414,0.06201982908737788
train_median,train,2022-01,country_vn,country_203,1.046577499090412,0.06201982908737788
train_median,train,2022-02,country_vn,country_203,-0.08693513732784104,0.06201982908737788
train_median,train,2022-03,country_vn,country_203,0.9626718854480957,0.06201982908737788
train_median,train,2022-04,country_vn,country_203,-0.06965401703309519,0.06201982908737788
train_median,train,2022-05,country_vn,country_203,-0.643370718404602,0.06201982908737788
train_median,train,2022-06,country_vn,country_203,-0.5394954025402341,0.06201982908737788
train_median,train,2022-07,country_vn,country_203,-0.25420463310572733,0.06201982908737788
train_median,train,2022-08,country_vn,country_203,-0.1330659853303007,0.06201982908737788
train_median,train,2022-09,country_vn,country_203,-0.5391510003166365,0.06201982908737788
train_median,train,2022-10,country_vn,country_203,-0.4375805398093728,0.06201982908737788
train_median,train,2022-11,country_vn,country_203,0.08171470480039973,0.06201982908737788
train_median,train,2022-12,country_vn,country_203,-0.541328483031641,0.06201982908737788
train_median,train,2021-12,country_vn,country_344,-0.34708978715092215,0.06201982908737788
train_median,train,2022-01,country_vn,country_344,-0.3191968739587036,0.06201982908737788
train_median,train,2022-02,country_vn,country_344,0.26396982524017554,0.06201982908737788
train_median,train,2022-03,country_vn,country_344,-0.28310410875618014,0.06201982908737788
train_median,train,2022-04,country_vn,country_344,-0.28267314629434337,0.06201982908737788
train_median,train,2022-05,country_vn,country_344,0.466718998606044,0.06201982908737788
train_median,train,2022-06,country_vn,country_344,-0.16778904972963665,0.06201982908737788
train_median,train,2022-07,country_vn,country_344,0.22522396388266555,0.06201982908737788
train_median,train,2022-08,country_vn,country_344,1.2738630591493247,0.06201982908737788
train_median,train,2022-09,country_vn,country_344,0.5236830547922781,0.06201982908737788
train_median,train,2022-10,country_vn,country_344,-0.3527572451892697,0.06201982908737788
train_median,train,2022-11,country_vn,country_344,0.6463839347017647,0.06201982908737788
train_median,train,2022-12,country_vn,country_344,0.07517079140356399,0.06201982908737788
train_median,train,2021-12,country_vn,country_372,4.500352309772,0.06201982908737788
train_median,train,2022-01,country_vn,country_372,-0.009620994713789762,0.06201982908737788
train_median,train,2022-02,country_vn,country_372,6.096366921352227,0.06201982908737788
train_median,train,2022-03,country_vn,country_372,0.5804016250543348,0.06201982908737788
train_median,train,2022-04,country_vn,country_372,0.5004558475242423,0.06201982908737788
train_median,train,2022-05,country_vn,country_372,0.48436918406549484,0.06201982908737788
train_median,train,2022-06,country_vn,country_372,0.4095387233635551,0.06201982908737788
train_median,train,2022-07,country_vn,country_372,-0.6438567184488038,0.06201982908737788
train_median,train,2022-08,country_vn,country_372,2.9471346411157726,0.06201982908737788
train_median,train,2022-09,country_vn,country_372,1.2955485492487482,0.06201982908737788
train_median,train,2022-10,country_vn,country_372,-0.07383607688949971,0.06201982908737788
train_median,train,2022-11,country_vn,country_372,2.7503149929185944,0.06201982908737788
train_median,train,2022-12,country_vn,country_372,-0.6602571558759917,0.06201982908737788
train_median,train,2021-12,country_vn,country_380,-0.23411728752904606,0.06201982908737788
train_median,train,2022-01,country_vn,country_380,-0.5214398507988504,0.06201982908737788
train_median,train,2022-02,country_vn,country_380,-0.6649816891157997,0.06201982908737788
train_median,train,2022-03,country_vn,country_380,0.9306950671960927,0.06201982908737788
train_median,train,2022-04,country_vn,country_380,0.47716656053373596,0.06201982908737788
train_median,train,2022-05,country_vn,country_380,-0.12138070764270303,0.06201982908737788
train_median,train,2022-06,country_vn,country_380,0.013838963271226915,0.06201982908737788
train_median,train,2022-07,country_vn,country_380,-0.8469214649451573,0.06201982908737788
train_median,train,2022-08,country_vn,country_380,-0.01460355025634292,0.06201982908737788
train_median,train,2022-09,country_vn,country_380,1.1165002056933757,0.06201982908737788
train_median,train,2022-10,country_vn,country_380,1.4042979818261296,0.06201982908737788
train_median,train,2022-11,country_vn,country_380,-0.7278043191624577,0.06201982908737788
train_median,train,2022-12,country_vn,country_380,0.9711748465864085,0.06201982908737788
train_median,train,2021-12,country_vn,country_cn,-0.3033132677984971,0.06201982908737788
train_median,train,2022-01,country_vn,country_cn,-0.32347366008487005,0.06201982908737788
train_median,train,2022-02,country_vn,country_cn,0.7830378166572121,0.06201982908737788
train_median,train,2022-03,country_vn,country_cn,0.037772301007410525,0.06201982908737788
train_median,train,2022-04,country_vn,country_cn,-0.2193797137623431,0.06201982908737788
train_median,train,2022-05,country_vn,country_cn,0.5109163787468827,0.06201982908737788
train_median,train,2022-06,country_vn,country_cn,-0.0327934851449601,0.06201982908737788
train_median,train,2022-07,country_vn,country_cn,-0.07818604175001873,0.06201982908737788
train_median,train,2022-08,country_vn,country_cn,0.6926438209830763,0.06201982908737788
train_median,train,2022-09,country_vn,country_cn,0.20246942705416734,0.06201982908737788
train_median,train,2022-10,country_vn,country_cn,-0.39065204500476247,0.06201982908737788
train_median,train,2022-11,country_vn,country_cn,0.4308039821007724,0.06201982908737788
train_median,train,2022-12,country_vn,country_cn,-0.452793748549424,0.06201982908737788
train_median,train,2021-12,country_vn,country_de,0.06544017821313672,0.06201982908737788
train_median,train,2022-01,country_vn,country_de,-0.07406293606391662,0.06201982908737788
train_median,train,2022-02,country_vn,country_de,0.4629847382913627,0.06201982908737788
train_median,train,2022-03,country_vn,country_de,0.7002551170774051,0.06201982908737788
train_median,train,2022-04,country_vn,country_de,0.49766269915851896,0.06201982908737788
train_median,train,2022-05,country_vn,country_de,0.450780662039868,0.06201982908737788
train_median,train,2022-06,country_vn,country_de,0.4472593785385392,0.06201982908737788
train_median,train,2022-07,country_vn,country_de,0.28420898993343835,0.06201982908737788
train_median,train,2022-08,country_vn,country_de,0.07976001248408864,0.06201982908737788
train_median,train,2022-09,country_vn,country_de,-0.12045432502779194,0.06201982908737788
train_median,train,2022-10,country_vn,country_de,0.22706305618188583,0.06201982908737788
train_median,train,2022-11,country_vn,country_de,0.16371263161808192,0.06201982908737788
train_median,train,2022-12,country_vn,country_de,-0.11211669540881009,0.06201982908737788
train_median,train,2021-12,country_vn,country_fr,0.04073814104824732,0.06201982908737788
train_median,train,2022-01,country_vn,country_fr,0.14802160729616004,0.06201982908737788
train_median,train,2022-02,country_vn,country_fr,2.5546250067001535,0.06201982908737788
train_median,train,2022-03,country_vn,country_fr,1.7356149250499846,0.06201982908737788
train_median,train,2022-04,country_vn,country_fr,7.491765461656598,0.06201982908737788
train_median,train,2022-05,country_vn,country_fr,1.525600285406668,0.06201982908737788
train_median,train,2022-06,country_vn,country_fr,1.3827738287039424,0.06201982908737788
train_median,train,2022-07,country_vn,country_fr,4.113860185375795,0.06201982908737788
train_median,train,2022-08,country_vn,country_fr,0.2576479013248528,0.06201982908737788
train_median,train,2022-09,country_vn,country_fr,0.02057575749290866,0.06201982908737788
train_median,train,2022-10,country_vn,country_fr,1.2524537854019713,0.06201982908737788
train_median,train,2022-11,country_vn,country_fr,0.007802061403581012,0.06201982908737788
train_median,train,2022-12,country_vn,country_fr,-0.32662260591506787,0.06201982908737788
train_median,train,2021-12,country_vn,country_gb,8.9455176169937,0.06201982908737788
train_median,train,2022-01,country_vn,country_gb,4.725212220101119,0.06201982908737788
train_median,train,2022-02,country_vn,country_gb,5.19464874195575,0.06201982908737788
train_median,train,2022-03,country_vn,country_gb,1.4223386931842763,0.06201982908737788
train_median,train,2022-04,country_vn,country_gb,2.479745127218464,0.06201982908737788
train_median,train,2022-05,country_vn,country_gb,0.5939068539453057,0.06201982908737788
train_median,train,2022-06,country_vn,country_gb,2.1848236766618947,0.06201982908737788
train_median,train,2022-07,country_vn,country_gb,1.5726915970181459,0.06201982908737788
train_median,train,2022-08,country_vn,country_gb,0.7087160617942134,0.06201982908737788
train_median,train,2022-09,country_vn,country_gb,0.04544012013208022,0.06201982908737788
train_median,train,2022-10,country_vn,country_gb,0.7452571460587196,0.06201982908737788
train_median,train,2022-11,country_vn,country_gb,0.9651665811756142,0.06201982908737788
train_median,train,2022-12,country_vn,country_gb,-0.14858759507369781,0.06201982908737788
train_median,train,2021-12,country_vn,country_in,-0.2122743778526357,0.06201982908737788
train_median,train,2022-01,country_vn,country_in,0.29294867112122797,0.06201982908737788
train_median,train,2022-02,country_vn,country_in,0.23186129099478855,0.06201982908737788
train_median,train,2022-03,country_vn,country_in,1.7985109416807992,0.06201982908737788
train_median,train,2022-04,country_vn,country_in,-0.20572613832875736,0.06201982908737788
train_median,train,2022-05,country_vn,country_in,1.9152334220318343,0.06201982908737788
train_median,train,2022-06,country_vn,country_in,0.1664521606921124,0.06201982908737788
train_median,train,2022-07,country_vn,country_in,1.1104658897829782,0.06201982908737788
train_median,train,2022-08,country_vn,country_in,1.8689707315578978,0.06201982908737788
train_median,train,2022-09,country_vn,country_in,2.2768519053561236,0.06201982908737788
train_median,train,2022-10,country_vn,country_in,0.24817573865962958,0.06201982908737788
train_median,train,2022-11,country_vn,country_in,1.0403366790822375,0.06201982908737788
train_median,train,2022-12,country_vn,country_in,0.20813496810575174,0.06201982908737788
train_median,train,2021-12,country_vn,country_jp,0.7211228326254385,0.06201982908737788
train_median,train,2022-01,country_vn,country_jp,0.3755200046628355,0.06201982908737788
train_median,train,2022-02,country_vn,country_jp,0.40722541794632544,0.06201982908737788
train_median,train,2022-03,country_vn,country_jp,0.14643885693249742,0.06201982908737788
train_median,train,2022-04,country_vn,country_jp,0.34083608359082723,0.06201982908737788
train_median,train,2022-05,country_vn,country_jp,0.2354110144995466,0.06201982908737788
train_median,train,2022-06,country_vn,country_jp,-0.10911992629299126,0.06201982908737788
train_median,train,2022-07,country_vn,country_jp,-0.05884201570525933,0.06201982908737788
train_median,train,2022-08,country_vn,country_jp,-0.30100898769261214,0.06201982908737788
train_median,train,2022-09,country_vn,country_jp,-0.5142426056802206,0.06201982908737788
train_median,train,2022-10,country_vn,country_jp,-0.5249924295040467,0.06201982908737788
train_median,train,2022-11,country_vn,country_jp,-0.47391851481413544,0.06201982908737788
train_median,train,2022-12,country_vn,country_jp,-0.6234641970820031,0.06201982908737788
train_median,train,2021-12,country_vn,country_kr,-0.00708803812919643,0.06201982908737788
train_median,train,2022-01,country_vn,country_kr,0.16804331233246242,0.06201982908737788
train_median,train,2022-02,country_vn,country_kr,0.06809174635497901,0.06201982908737788
train_median,train,2022-03,country_vn,country_kr,0.26118340018491226,0.06201982908737788
train_median,train,2022-04,country_vn,country_kr,-0.32222032237461584,0.06201982908737788
train_median,train,2022-05,country_vn,country_kr,0.09252849152448886,0.06201982908737788
train_median,train,2022-06,country_vn,country_kr,-0.23038103396343018,0.06201982908737788
train_median,train,2022-07,country_vn,country_kr,-0.304796982486119,0.06201982908737788
train_median,train,2022-08,country_vn,country_kr,0.15603912965551106,0.06201982908737788
train_median,train,2022-09,country_vn,country_kr,-0.335624299076887,0.06201982908737788
train_median,train,2022-10,country_vn,country_kr,-0.2541418112878547,0.06201982908737788
train_median,train,2022-11,country_vn,country_kr,0.4372843237366857,0.06201982908737788
train_median,train,2022-12,country_vn,country_kr,-0.35910603987540096,0.06201982908737788
train_median,train,2021-12,country_vn,country_mx,-0.29621919406082614,0.06201982908737788
train_median,train,2022-01,country_vn,country_mx,0.38252515430535516,0.06201982908737788
train_median,train,2022-02,country_vn,country_mx,0.18718660655090558,0.06201982908737788
train_median,train,2022-03,country_vn,country_mx,0.23963697619458327,0.06201982908737788
train_median,train,2022-04,country_vn,country_mx,-0.07122563727007544,0.06201982908737788
train_median,train,2022-05,country_vn,country_mx,-0.008504382574741384,0.06201982908737788
train_median,train,2022-06,country_vn,country_mx,0.10280907071164938,0.06201982908737788
train_median,train,2022-07,country_vn,country_mx,0.3928532703254045,0.06201982908737788
train_median,train,2022-08,country_vn,country_mx,-0.08662939960187012,0.06201982908737788
train_median,train,2022-09,country_vn,country_mx,0.7264693840206796,0.06201982908737788
train_median,train,2022-10,country_vn,country_mx,0.2927986233996942,0.06201982908737788
train_median,train,2022-11,country_vn,country_mx,-0.44701025655964055,0.06201982908737788
train_median,train,2022-12,country_vn,country_mx,0.25232061349563756,0.06201982908737788
train_median,train,2021-12,country_vn,country_my,0.16692340608089806,0.06201982908737788
train_median,train,2022-01,country_vn,country_my,0.13573165143768584,0.06201982908737788
train_median,train,2022-02,country_vn,country_my,-0.21800077880722993,0.06201982908737788
train_median,train,2022-03,country_vn,country_my,-0.15087777833997726,0.06201982908737788
train_median,train,2022-04,country_vn,country_my,10.220390031668845,0.06201982908737788
train_median,train,2022-05,country_vn,country_my,1.0373022976486723,0.06201982908737788
train_median,train,2022-06,country_vn,country_my,-0.26117844967098497,0.06201982908737788
train_median,train,2022-07,country_vn,country_my,0.06902237348720654,0.06201982908737788
train_median,train,2022-08,country_vn,country_my,0.3609726080714253,0.06201982908737788
train_median,train,2022-09,country_vn,country_my,-0.029606125917028478,0.06201982908737788
train_median,train,2022-10,country_vn,country_my,0.1763533708026703,0.06201982908737788
train_median,train,2022-11,country_vn,country_my,-0.04953747308427027,0.06201982908737788
train_median,train,2022-12,country_vn,country_my,-0.33684578069136106,0.06201982908737788
train_median,train,2021-12,country_vn,country_ph,4.358206210337506,0.06201982908737788
train_median,train,2022-01,country_vn,country_ph,-0.1815142026659406,0.06201982908737788
train_median,train,2022-02,country_vn,country_ph,-0.0505602010083857,0.06201982908737788
train_median,train,2022-03,country_vn,country_ph,-0.4308505351048673,0.06201982908737788
train_median,train,2022-04,country_vn,country_ph,-0.20759986178627046,0.06201982908737788
train_median,train,2022-05,country_vn,country_ph,-0.0974170125954361,0.06201982908737788
train_median,train,2022-06,country_vn,country_ph,-0.0782829968724804,0.06201982908737788
train_median,train,2022-07,country_vn,country_ph,0.6009202816308294,0.06201982908737788
train_median,train,2022-08,country_vn,country_ph,-0.08278860399399812,0.06201982908737788
train_median,train,2022-09,country_vn,country_ph,-0.10696457526879666,0.06201982908737788
train_median,train,2022-10,country_vn,country_ph,-0.003398250804694866,0.06201982908737788
train_median,train,2022-11,country_vn,country_ph,0.011855680890693342,0.06201982908737788
train_median,train,2022-12,country_vn,country_ph,-0.31892095515141367,0.06201982908737788
train_median,train,2021-12,country_vn,country_sg,0.192387983959645,0.06201982908737788
train_median,train,2022-01,country_vn,country_sg,-0.4821169986870751,0.06201982908737788
train_median,train,2022-02,country_vn,country_sg,0.05014976835737369,0.06201982908737788
train_median,train,2022-03,country_vn,country_sg,0.8403391215746286,0.06201982908737788
train_median,train,2022-04,country_vn,country_sg,2.382163564947601,0.06201982908737788
train_median,train,2022-05,country_vn,country_sg,0.3039138035147475,0.06201982908737788
train_median,train,2022-06,country_vn,country_sg,-0.39913673087430396,0.06201982908737788
train_median,train,2022-07,country_vn,country_sg,0.6396130793167715,0.06201982908737788
train_median,train,2022-08,country_vn,country_sg,0.44565739338279226,0.06201982908737788
train_median,train,2022-09,country_vn,country_sg,-0.0923649519033006,0.06201982908737788
train_median,train,2022-10,country_vn,country_sg,-0.2547967587510125,0.06201982908737788
train_median,train,2022-11,country_vn,country_sg,-0.23966833911537683,0.06201982908737788
train_median,train,2022-12,country_vn,country_sg,-0.17810938282969302,0.06201982908737788
train_median,train,2021-12,country_vn,country_th,-0.03288750751389534,0.06201982908737788
train_median,train,2022-01,country_vn,country_th,-0.10193562411962544,0.06201982908737788
train_median,train,2022-02,country_vn,country_th,0.4551093962995176,0.06201982908737788
train_median,train,2022-03,country_vn,country_th,-0.2129918195890319,0.06201982908737788
train_median,train,2022-04,country_vn,country_th,-0.004678861080775226,0.06201982908737788
train_median,train,2022-05,country_vn,country_th,1.0937856941768096,0.06201982908737788
train_median,train,2022-06,country_vn,country_th,-0.15188836565123195,0.06201982908737788
train_median,train,2022-07,country_vn,country_th,-0.19235232000496225,0.06201982908737788
train_median,train,2022-08,country_vn,country_th,0.0670079337152176,0.06201982908737788
train_median,train,2022-09,country_vn,country_th,-0.30995646635914137,0.06201982908737788
train_median,train,2022-10,country_vn,country_th,-0.4894812130695592,0.06201982908737788
train_median,train,2022-11,country_vn,country_th,-0.22434783196268246,0.06201982908737788
train_median,train,2022-12,country_vn,country_th,-0.31946256461935385,0.06201982908737788
train_median,train,2021-12,country_vn,country_us,-0.27340568757375966,0.06201982908737788
train_median,train,2022-01,country_vn,country_us,-0.1840349017059578,0.06201982908737788
train_median,train,2022-02,country_vn,country_us,0.09631902702610867,0.06201982908737788
train_median,train,2022-03,country_vn,country_us,0.0787468118163645,0.06201982908737788
train_median,train,2022-04,country_vn,country_us,0.24663991897431461,0.06201982908737788
train_median,train,2022-05,country_vn,country_us,0.2836293604206495,0.06201982908737788
train_median,train,2022-06,country_vn,country_us,-0.3104472719924773,0.06201982908737788
train_median,train,2022-07,country_vn,country_us,0.37018465035310727,0.06201982908737788
train_median,train,2022-08,country_vn,country_us,0.43818545622172667,0.06201982908737788
train_median,train,2022-09,country_vn,country_us,0.5131052942752464,0.06201982908737788
train_median,train,2022-10,country_vn,country_us,0.34684245487184734,0.06201982908737788
train_median,train,2022-11,country_vn,country_us,0.43569344020595063,0.06201982908737788
train_median,train,2022-12,country_vn,country_us,-0.04791980208245469,0.06201982908737788
train_median,validation,2023-01,country_203,country_344,0.3821775786078959,0.06201982908737788
train_median,validation,2023-02,country_203,country_344,1.0410905950964384,0.06201982908737788
train_median,validation,2023-03,country_203,country_344,-0.337865294669588,0.06201982908737788
train_median,validation,2023-04,country_203,country_344,0.5198222812688401,0.06201982908737788
train_median,validation,2023-05,country_203,country_344,1.7074859125923094,0.06201982908737788
train_median,validation,2023-06,country_203,country_344,-0.07901726032169476,0.06201982908737788
train_median,validation,2023-07,country_203,country_344,-0.5569253985942745,0.06201982908737788
train_median,validation,2023-08,country_203,country_344,0.10044161175199344,0.06201982908737788
train_median,validation,2023-09,country_203,country_344,0.26294369735862316,0.06201982908737788
train_median,validation,2023-10,country_203,country_344,-0.10895830234739383,0.06201982908737788
train_median,validation,2023-11,country_203,country_344,-0.642348598160186,0.06201982908737788
train_median,validation,2023-12,country_203,country_344,-0.3610911785715306,0.06201982908737788
train_median,validation,2023-01,country_203,country_372,3.0921069798391034,0.06201982908737788
train_median,validation,2023-02,country_203,country_372,3.106036961342168,0.06201982908737788
train_median,validation,2023-03,country_203,country_372,1.2822386548702123,0.06201982908737788
train_median,validation,2023-04,country_203,country_372,0.8492539637946341,0.06201982908737788
train_median,validation,2023-05,country_203,country_372,0.7570383478544815,0.06201982908737788
train_median,validation,2023-06,country_203,country_372,0.8329018582943364,0.06201982908737788
train_median,validation,2023-07,country_203,country_372,-0.0020402472499342445,0.06201982908737788
train_median,validation,2023-08,country_203,country_372,0.02517756141460781,0.06201982908737788
train_median,validation,2023-09,country_203,country_372,0.24755473308095077,0.06201982908737788
train_median,validation,2023-10,country_203,country_372,0.025734271433531086,0.06201982908737788
train_median,validation,2023-11,country_203,country_372,-0.08174393274592631,0.06201982908737788
train_median,validation,2023-12,country_203,country_372,0.9260751663823273,0.06201982908737788
train_median,validation,2023-01,country_203,country_380,-0.41900615258795026,0.06201982908737788
train_median,validation,2023-02,country_203,country_380,-0.16281639250662816,0.06201982908737788
train_median,validation,2023-03,country_203,country_380,-0.504640217241551,0.06201982908737788
train_median,validation,2023-04,country_203,country_380,-0.33997837704294054,0.06201982908737788
train_median,validation,2023-05,country_203,country_380,-0.08246769023753672,0.06201982908737788
train_median,validation,2023-06,country_203,country_380,-0.4324412533055748,0.06201982908737788
train_median,validation,2023-07,country_203,country_380,-0.3833397442742928,0.06201982908737788
train_median,validation,2023-08,country_203,country_380,-0.012266181169814346,0.06201982908737788
train_median,validation,2023-09,country_203,country_380,0.3548150782178226,0.06201982908737788
train_median,validation,2023-10,country_203,country_380,0.04502176903440772,0.06201982908737788
train_median,validation,2023-11,country_203,country_380,0.8012462555873667,0.06201982908737788
train_median,validation,2023-12,country_203,country_380,0.05739303889082146,0.06201982908737788
train_median,validation,2023-01,country_203,country_cn,0.5291318648222709,0.06201982908737788
train_median,validation,2023-02,country_203,country_cn,0.48242444141442564,0.06201982908737788
train_median,validation,2023-03,country_203,country_cn,0.12454223926970973,0.06201982908737788
train_median,validation,2023-04,country_203,country_cn,0.24199216000966656,0.06201982908737788
train_median,validation,2023-05,country_203,country_cn,-0.04035379769409071,0.06201982908737788
train_median,validation,2023-06,country_203,country_cn,-0.02112957250809709,0.06201982908737788
train_median,validation,2023-07,country_203,country_cn,0.44779157466974123,0.06201982908737788
train_median,validation,2023-08,country_203,country_cn,0.29314669651610165,0.06201982908737788
train_median,validation,2023-09,country_203,country_cn,0.3567960568496057,0.06201982908737788
train_median,validation,2023-10,country_203,country_cn,0.5498171023710576,0.06201982908737788
train_median,validation,2023-11,country_203,country_cn,-0.2336445856959835,0.06201982908737788
train_median,validation,2023-12,country_203,country_cn,-0.08971806654220864,0.06201982908737788
train_median,validation,2023-01,country_203,country_de,0.16239459973673465,0.06201982908737788
train_median,validation,2023-02,country_203,country_de,0.8491195466443358,0.06201982908737788
train_median,validation,2023-03,country_203,country_de,-0.0217999452431776,0.06201982908737788
train_median,validation,2023-04,country_203,country_de,-0.009829826527555053,0.06201982908737788
train_median,validation,2023-05,country_203,country_de,-0.2022371592158425,0.06201982908737788
train_median,validation,2023-06,country_203,country_de,-0.21848390663909617,0.06201982908737788
train_median,validation,2023-07,country_203,country_de,-0.3126296027308213,0.06201982908737788
train_median,validation,2023-08,country_203,country_de,-0.42454291322140386,0.06201982908737788
train_median,validation,2023-09,country_203,country_de,-0.34473561866311814,0.06201982908737788
train_median,validation,2023-10,country_203,country_de,-0.33344134269402975,0.06201982908737788
train_median,validation,2023-11,country_203,country_de,-0.5108478548690291,0.06201982908737788
train_median,validation,2023-12,country_203,country_de,-0.2889437548832369,0.06201982908737788
train_median,validation,2023-01,country_203,country_fr,4.731049053254636,0.06201982908737788
train_median,validation,2023-02,country_203,country_fr,3.2669121885949735,0.06201982908737788
train_median,validation,2023-03,country_203,country_fr,2.911197817349374,0.06201982908737788
train_median,validation,2023-04,country_203,country_fr,1.040929504653222,0.06201982908737788
train_median,validation,2023-05,country_203,country_fr,0.28589352556009834,0.06201982908737788
train_median,validation,2023-06,country_203,country_fr,-0.1235887904890862,0.06201982908737788
train_median,validation,2023-07,country_203,country_fr,0.11049142485853757,0.06201982908737788
train_median,validation,2023-08,country_203,country_fr,-0.25459845643227064,0.06201982908737788
train_median,validation,2023-09,country_203,country_fr,0.47660173360795605,0.06201982908737788
train_median,validation,2023-10,country_203,country_fr,-0.20961517587541817,0.06201982908737788
train_median,validation,2023-11,country_203,country_fr,0.051703001224723384,0.06201982908737788
train_median,validation,2023-12,country_203,country_fr,0.12164378778218718,0.06201982908737788
train_median,validation,2023-01,country_203,country_gb,0.8401706686949649,0.06201982908737788
train_median,validation,2023-02,country_203,country_gb,0.5808121034816357,0.06201982908737788
train_median,validation,2023-03,country_203,country_gb,1.10875746467475,0.06201982908737788
train_median,validation,2023-04,country_203,country_gb,1.1819086884640853,0.06201982908737788
train_median,validation,2023-05,country_203,country_gb,0.5881731817188718,0.06201982908737788
train_median,validation,2023-06,country_203,country_gb,1.3570744673061426,0.06201982908737788
train_median,validation,2023-07,country_203,country_gb,0.21269076286283004,0.06201982908737788
train_median,validation,2023-08,country_203,country_gb,0.3438948161672678,0.06201982908737788
train_median,validation,2023-09,country_203,country_gb,0.21781283019067368,0.06201982908737788
train_median,validation,2023-10,country_203,country_gb,0.8387335438845908,0.06201982908737788
train_median,validation,2023-11,country_203,country_gb,0.4956870280330901,0.06201982908737788
train_median,validation,2023-12,country_203,country_gb,0.09376024079035716,0.06201982908737788
train_median,validation,2023-01,country_203,country_in,-0.12256212090411252,0.06201982908737788
train_median,validation,2023-02,country_203,country_in,-0.2533160347567914,0.06201982908737788
train_median,validation,2023-03,country_203,country_in,0.19794272646316505,0.06201982908737788
train_median,validation,2023-04,country_203,country_in,0.8846829491439844,0.06201982908737788
train_median,validation,2023-05,country_203,country_in,-0.3901068137728481,0.06201982908737788
train_median,validation,2023-06,country_203,country_in,-0.1799309966391708,0.06201982908737788
train_median,validation,2023-07,country_203,country_in,2.010614518774028,0.06201982908737788
train_median,validation,2023-08,country_203,country_in,-0.5563721735771358,0.06201982908737788
train_median,validation,2023-09,country_203,country_in,-0.7623118527192674,0.06201982908737788
train_median,validation,2023-10,country_203,country_in,-0.958722098060808,0.06201982908737788
train_median,validation,2023-11,country_203,country_in,2.667783201583074,0.06201982908737788
train_median,validation,2023-12,country_203,country_in,-0.6603585179950594,0.06201982908737788
train_median,validation,2023-01,country_203,country_jp,-0.5138461902131041,0.06201982908737788
train_median,validation,2023-02,country_203,country_jp,-0.17750745334991383,0.06201982908737788
train_median,validation,2023-03,country_203,country_jp,0.9693652355930923,0.06201982908737788
train_median,validation,2023-04,country_203,country_jp,-0.08449839019870073,0.06201982908737788
train_median,validation,2023-05,country_203,country_jp,-0.13679627198654393,0.06201982908737788
train_median,validation,2023-06,country_203,country_jp,1.1129735334449318,0.06201982908737788
train_median,validation,2023-07,country_203,country_jp,0.0024146893321568214,0.06201982908737788
train_median,validation,2023-08,country_203,country_jp,-0.18781788313366848,0.06201982908737788
train_median,validation,2023-09,country_203,country_jp,1.0780548313067586,0.06201982908737788
train_median,validation,2023-10,country_203,country_jp,0.8021569628846794,0.06201982908737788
train_median,validation,2023-11,country_203,country_jp,0.2730114757458758,0.06201982908737788
train_median,validation,2023-12,country_203,country_jp,0.5064795568897797,0.06201982908737788
train_median,validation,2023-01,country_203,country_kr,0.46692173653556146,0.06201982908737788
train_median,validation,2023-02,country_203,country_kr,1.726572960130092,0.06201982908737788
train_median,validation,2023-03,country_203,country_kr,-0.8481310100498879,0.06201982908737788
train_median,validation,2023-04,country_203,country_kr,0.4153452162439811,0.06201982908737788
train_median,validation,2023-05,country_203,country_kr,1.370991793796544,0.06201982908737788
train_median,validation,2023-06,country_203,country_kr,-0.861111291865406,0.06201982908737788
train_median,validation,2023-07,country_203,country_kr,0.08629005840026206,0.06201982908737788
train_median,validation,2023-08,country_203,country_kr,0.6737763620138488,0.06201982908737788
train_median,validation,2023-09,country_203,country_kr,-0.07057619460157298,0.06201982908737788
train_median,validation,2023-10,country_203,country_kr,-0.13100698160322072,0.06201982908737788
train_median,validation,2023-11,country_203,country_kr,-0.5132115374815268,0.06201982908737788
train_median,validation,2023-12,country_203,country_kr,0.38039545431381544,0.06201982908737788
train_median,validation,2023-01,country_203,country_mx,1.1742990765140184,0.06201982908737788
train_median,validation,2023-02,country_203,country_mx,1.5409795123804098,0.06201982908737788
train_median,validation,2023-03,country_203,country_mx,4.497948389241032,0.06201982908737788
train_median,validation,2023-04,country_203,country_mx,0.10184992652729687,0.06201982908737788
train_median,validation,2023-05,country_203,country_mx,5.991667129067824,0.06201982908737788
train_median,validation,2023-06,country_203,country_mx,0.6479306398804794,0.06201982908737788
train_median,validation,2023-07,country_203,country_mx,1.0480119015417906,0.06201982908737788
train_median,validation,2023-08,country_203,country_mx,-0.2684722030344321,0.06201982908737788
train_median,validation,2023-09,country_203,country_mx,-0.29795780601593946,0.06201982908737788
train_median,validation,2023-10,country_203,country_mx,-0.37459509644133004,0.06201982908737788
train_median,validation,2023-11,country_203,country_mx,-0.16107782039379276,0.06201982908737788
train_median,validation,2023-12,country_203,country_mx,-0.0007511113232711044,0.06201982908737788
train_median,validation,2023-01,country_203,country_my,0.4840859831505828,0.06201982908737788
train_median,validation,2023-02,country_203,country_my,-0.15114123371474922,0.06201982908737788
train_median,validation,2023-03,country_203,country_my,-0.3344774438552422,0.06201982908737788
train_median,validation,2023-04,country_203,country_my,-0.3430330283554177,0.06201982908737788
train_median,validation,2023-05,country_203,country_my,-0.21244400401506874,0.06201982908737788
train_median,validation,2023-06,country_203,country_my,0.4135327366412592,0.06201982908737788
train_median,validation,2023-07,country_203,country_my,-0.5277929962645562,0.06201982908737788
train_median,validation,2023-08,country_203,country_my,-0.2582894800775459,0.06201982908737788
train_median,validation,2023-09,country_203,country_my,-0.4549828156593013,0.06201982908737788
train_median,validation,2023-10,country_203,country_my,-0.36897714633651696,0.06201982908737788
train_median,validation,2023-11,country_203,country_my,-0.6104625125088659,0.06201982908737788
train_median,validation,2023-12,country_203,country_my,-0.7335066827600654,0.06201982908737788
train_median,validation,2023-01,country_203,country_ph,-0.0741630117049431,0.06201982908737788
train_median,validation,2023-02,country_203,country_ph,0.21520160410258343,0.06201982908737788
train_median,validation,2023-03,country_203,country_ph,0.3972590823515742,0.06201982908737788
train_median,validation,2023-04,country_203,country_ph,0.38051514780870277,0.06201982908737788
train_median,validation,2023-05,country_203,country_ph,0.011149663319813962,0.06201982908737788
train_median,validation,2023-06,country_203,country_ph,0.18499029209125686,0.06201982908737788
train_median,validation,2023-07,country_203,country_ph,0.19803621655006362,0.06201982908737788
train_median,validation,2023-08,country_203,country_ph,0.15377867472242768,0.06201982908737788
train_median,validation,2023-09,country_203,country_ph,-0.04622958774283718,0.06201982908737788
train_median,validation,2023-10,country_203,country_ph,0.02642726144372814,0.06201982908737788
train_median,validation,2023-11,country_203,country_ph,-0.2958885727084664,0.06201982908737788
train_median,validation,2023-12,country_203,country_ph,0.276916272178729,0.06201982908737788
train_median,validation,2023-01,country_203,country_sg,0.32388436225016204,0.06201982908737788
train_median,validation,2023-02,country_203,country_sg,0.5093858711736516,0.06201982908737788
train_median,validation,2023-03,country_203,country_sg,0.4409555569796911,0.06201982908737788
train_median,validation,2023-04,country_203,country_sg,0.7731467411573625,0.06201982908737788
train_median,validation,2023-05,country_203,country_sg,-0.3797043402312201,0.06201982908737788
train_median,validation,2023-06,country_203,country_sg,-0.1710555647847292,0.06201982908737788
train_median,validation,2023-07,country_203,country_sg,-0.051156920148317304,0.06201982908737788
train_median,validation,2023-08,country_203,country_sg,-0.00034822361852693127,0.06201982908737788
train_median,validation,2023-09,country_203,country_sg,0.10739948197900441,0.06201982908737788
train_median,validation,2023-10,country_203,country_sg,0.6298050913423376,0.06201982908737788
train_median,validation,2023-11,country_203,country_sg,0.039479160496036086,0.06201982908737788
train_median,validation,2023-12,country_203,country_sg,-0.23993551536151644,0.06201982908737788
train_median,validation,2023-01,country_203,country_th,-0.07263341617712858,0.06201982908737788
train_median,validation,2023-02,country_203,country_th,0.8050267692163278,0.06201982908737788
train_median,validation,2023-03,country_203,country_th,2.5965238619888527,0.06201982908737788
train_median,validation,2023-04,country_203,country_th,-0.02789229816254247,0.06201982908737788
train_median,validation,2023-05,country_203,country_th,4.06120900574318,0.06201982908737788
train_median,validation,2023-06,country_203,country_th,0.21554310686445974,0.06201982908737788
train_median,validation,2023-07,country_203,country_th,8.738037246218038,0.06201982908737788
train_median,validation,2023-08,country_203,country_th,0.19647593967951565,0.06201982908737788
train_median,validation,2023-09,country_203,country_th,0.2341732930548116,0.06201982908737788
train_median,validation,2023-10,country_203,country_th,-0.22580961614958697,0.06201982908737788
train_median,validation,2023-11,country_203,country_th,0.02087287749403111,0.06201982908737788
train_median,validation,2023-12,country_203,country_th,-0.3654866587376864,0.06201982908737788
train_median,validation,2023-01,country_203,country_us,0.11670028955409827,0.06201982908737788
train_median,validation,2023-02,country_203,country_us,0.1598522908593572,0.06201982908737788
train_median,validation,2023-03,country_203,country_us,-0.4377871031726242,0.06201982908737788
train_median,validation,2023-04,country_203,country_us,0.02725871894232961,0.06201982908737788
train_median,validation,2023-05,country_203,country_us,-0.48360079385587895,0.06201982908737788
train_median,validation,2023-06,country_203,country_us,-0.10000755302314357,0.06201982908737788
train_median,validation,2023-07,country_203,country_us,-0.06376777954014984,0.06201982908737788
train_median,validation,2023-08,country_203,country_us,0.4953217311529045,0.06201982908737788
train_median,validation,2023-09,country_203,country_us,-0.24128132432128718,0.06201982908737788
train_median,validation,2023-10,country_203,country_us,-0.1966670192295563,0.06201982908737788
train_median,validation,2023-11,country_203,country_us,0.28283177219132716,0.06201982908737788
train_median,validation,2023-12,country_203,country_us,-0.3317897562100049,0.06201982908737788
train_median,validation,2023-01,country_203,country_vn,-0.09418111780543591,0.06201982908737788
train_median,validation,2023-02,country_203,country_vn,0.32727454595907635,0.06201982908737788
train_median,validation,2023-03,country_203,country_vn,-0.09040054541506223,0.06201982908737788
train_median,validation,2023-04,country_203,country_vn,0.11129330977120623,0.06201982908737788
train_median,validation,2023-05,country_203,country_vn,0.6973292901811615,0.06201982908737788
train_median,validation,2023-06,country_203,country_vn,-0.27898615476115307,0.06201982908737788
train_median,validation,2023-07,country_203,country_vn,-0.08100853274791846,0.06201982908737788
train_median,validation,2023-08,country_203,country_vn,-0.25416494510812343,0.06201982908737788
train_median,validation,2023-09,country_203,country_vn,-0.4977869544293434,0.06201982908737788
train_median,validation,2023-10,country_203,country_vn,-0.15850259406063494,0.06201982908737788
train_median,validation,2023-11,country_203,country_vn,0.2582436733363396,0.06201982908737788
train_median,validation,2023-01,country_344,country_203,-0.8469262147154312,0.06201982908737788
train_median,validation,2023-02,country_344,country_203,-0.6324392590995479,0.06201982908737788
train_median,validation,2023-03,country_344,country_203,-0.7700957557194191,0.06201982908737788
train_median,validation,2023-04,country_344,country_203,-0.5498767983467133,0.06201982908737788
train_median,validation,2023-05,country_344,country_203,-0.6030245746691871,0.06201982908737788
train_median,validation,2023-06,country_344,country_203,-0.7569455302550261,0.06201982908737788
train_median,validation,2023-07,country_344,country_203,-0.7526414225478569,0.06201982908737788
train_median,validation,2023-08,country_344,country_203,-0.4522715053112391,0.06201982908737788
train_median,validation,2023-09,country_344,country_203,-0.7151709985762018,0.06201982908737788
train_median,validation,2023-10,country_344,country_203,-0.6449067217953942,0.06201982908737788
train_median,validation,2023-11,country_344,country_203,-0.6882414285672555,0.06201982908737788
train_median,validation,2023-12,country_344,country_203,-0.31293238367883974,0.06201982908737788
train_median,validation,2023-01,country_344,country_372,-0.7977346627244793,0.06201982908737788
train_median,validation,2023-02,country_344,country_372,0.7378780962822481,0.06201982908737788
train_median,validation,2023-03,country_344,country_372,-0.6686981197768371,0.06201982908737788
train_median,validation,2023-04,country_344,country_372,-0.7041232409749302,0.06201982908737788
train_median,validation,2023-05,country_344,country_372,-0.13164945270445594,0.06201982908737788
train_median,validation,2023-06,country_344,country_372,10.724904186324874,0.06201982908737788
train_median,validation,2023-07,country_344,country_372,-0.4608515940824015,0.06201982908737788
train_median,validation,2023-08,country_344,country_372,3.02255347902252,0.06201982908737788
train_median,validation,2023-09,country_344,country_372,-0.8728113196580848,0.06201982908737788
train_median,validation,2023-10,country_344,country_372,0.0695656617839431,0.06201982908737788
train_median,validation,2023-11,country_344,country_372,-0.9349692367487971,0.06201982908737788
train_median,validation,2023-12,country_344,country_372,-0.5022482060170548,0.06201982908737788
train_median,validation,2023-01,country_344,country_380,0.07368952314676153,0.06201982908737788
train_median,validation,2023-02,country_344,country_380,-0.09791957776175579,0.06201982908737788
train_median,validation,2023-03,country_344,country_380,-0.2554092539418082,0.06201982908737788
train_median,validation,2023-04,country_344,country_380,-0.15480870643743833,0.06201982908737788
train_median,validation,2023-05,country_344,country_380,-0.3164336104566991,0.06201982908737788
train_median,validation,2023-06,country_344,country_380,0.04493840428194427,0.06201982908737788
train_median,validation,2023-07,country_344,country_380,-0.12582813304218787,0.06201982908737788
train_median,validation,2023-08,country_344,country_380,-0.5329208345969926,0.06201982908737788
train_median,validation,2023-09,country_344,country_380,-0.4501710897325114,0.06201982908737788
train_median,validation,2023-10,country_344,country_380,-0.4349800319014902,0.06201982908737788
train_median,validation,2023-11,country_344,country_380,-0.6445118009043008,0.06201982908737788
train_median,validation,2023-12,country_344,country_380,-0.45124243417739557,0.06201982908737788
train_median,validation,2023-01,country_344,country_cn,0.23754062424226546,0.06201982908737788
train_median,validation,2023-02,country_344,country_cn,0.34140493922082255,0.06201982908737788
train_median,validation,2023-03,country_344,country_cn,-0.3893570848344787,0.06201982908737788
train_median,validation,2023-04,country_344,country_cn,-0.22554703616401703,0.06201982908737788
train_median,validation,2023-05,country_344,country_cn,-0.41057633382438113,0.06201982908737788
train_median,validation,2023-06,country_344,country_cn,-0.22301569835909413,0.06201982908737788
train_median,validation,2023-07,country_344,country_cn,-0.4493767974000859,0.06201982908737788
train_median,validation,2023-08,country_344,country_cn,3.13511613641262,0.06201982908737788
train_median,validation,2023-09,country_344,country_cn,0.5952668251224214,0.06201982908737788
train_median,validation,2023-10,country_344,country_cn,2.8768165766623914,0.06201982908737788
train_median,validation,2023-11,country_344,country_cn,1.7307130358243643,0.06201982908737788
train_median,validation,2023-12,country_344,country_cn,-0.46042137977081693,0.06201982908737788
train_median,validation,2023-01,country_344,country_de,-0.5948484346848789,0.06201982908737788
train_median,validation,2023-02,country_344,country_de,-0.46481498537751503,0.06201982908737788
train_median,validation,2023-03,country_344,country_de,-0.209944233893351,0.06201982908737788
train_median,validation,2023-04,country_344,country_de,-0.625118756396448,0.06201982908737788
train_median,validation,2023-05,country_344,country_de,-0.5598963511945582,0.06201982908737788
train_median,validation,2023-06,country_344,country_de,-0.5208456496706169,0.06201982908737788
train_median,validation,2023-07,country_344,country_de,-0.49097689087800206,0.06201982908737788
train_median,validation,2023-08,country_344,country_de,-0.3064412586319052,0.06201982908737788
train_median,validation,2023-09,country_344,country_de,-0.3458944647836046,0.06201982908737788
train_median,validation,2023-10,country_344,country_de,-0.5194744638926844,0.06201982908737788
train_median,validation,2023-11,country_344,country_de,-0.38671951774360497,0.06201982908737788
train_median,validation,2023-12,country_344,country_de,-0.43191006042968066,0.06201982908737788
train_median,validation,2023-01,country_344,country_fr,-0.574756216673595,0.06201982908737788
train_median,validation,2023-02,country_344,country_fr,-0.1496629521834521,0.06201982908737788
train_median,validation,2023-03,country_344,country_fr,-0.48171975739094014,0.06201982908737788
train_median,validation,2023-04,country_344,country_fr,0.25577387708016824,0.06201982908737788
train_median,validation,2023-05,country_344,country_fr,-0.3389066240924121,0.06201982908737788
train_median,validation,2023-06,country_344,country_fr,-0.47116090430065755,0.06201982908737788
train_median,validation,2023-07,country_344,country_fr,-0.7163395336015872,0.06201982908737788
train_median,validation,2023-08,country_344,country_fr,-0.5115053192638498,0.06201982908737788
train_median,validation,2023-09,country_344,country_fr,-0.6724953391729337,0.06201982908737788
train_median,validation,2023-10,country_344,country_fr,-0.3191816676767336,0.06201982908737788
train_median,validation,2023-11,country_344,country_fr,-0.6423149062293241,0.06201982908737788
train_median,validation,2023-12,country_344,country_fr,-0.015007417017545675,0.06201982908737788
train_median,validation,2023-01,country_344,country_gb,-0.5631216857399757,0.06201982908737788
train_median,validation,2023-02,country_344,country_gb,-0.3662807849504837,0.06201982908737788
train_median,validation,2023-03,country_344,country_gb,-0.29909138615836245,0.06201982908737788
train_median,validation,2023-04,country_344,country_gb,-0.4213616966738099,0.06201982908737788
train_median,validation,2023-05,country_344,country_gb,-0.6628358315594239,0.06201982908737788
train_median,validation,2023-06,country_344,country_gb,-0.5627181794537058,0.06201982908737788
train_median,validation,2023-07,country_344,country_gb,-0.6656136390041646,0.06201982908737788
train_median,validation,2023-08,country_344,country_gb,-0.6339971814758031,0.06201982908737788
train_median,validation,2023-09,country_344,country_gb,-0.619374829642976,0.06201982908737788
train_median,validation,2023-10,country_344,country_gb,-0.5723122026208749,0.06201982908737788
train_median,validation,2023-11,country_344,country_gb,-0.340174373221042,0.06201982908737788
train_median,validation,2023-12,country_344,country_gb,-0.16426601445984584,0.06201982908737788
train_median,validation,2023-01,country_344,country_in,-0.957734632134577,0.06201982908737788
train_median,validation,2023-02,country_344,country_in,-0.9520467759579498,0.06201982908737788
train_median,validation,2023-03,country_344,country_in,-0.976594104368269,0.06201982908737788
train_median,validation,2023-04,country_344,country_in,-0.920963269960774,0.06201982908737788
train_median,validation,2023-05,country_344,country_in,-0.8580407384551024,0.06201982908737788
train_median,validation,2023-06,country_344,country_in,-0.951768108090477,0.06201982908737788
train_median,validation,2023-07,country_344,country_in,-0.8342691517702429,0.06201982908737788
train_median,validation,2023-08,country_344,country_in,-0.5471530462329404,0.06201982908737788
train_median,validation,2023-09,country_344,country_in,-0.07384805792783355,0.06201982908737788
train_median,validation,2023-10,country_344,country_in,-0.3783080044210611,0.06201982908737788
train_median,validation,2023-11,country_344,country_in,-0.40825124685048186,0.06201982908737788
train_median,validation,2023-12,country_344,country_in,0.165171072222632,0.06201982908737788
train_median,validation,2023-01,country_344,country_jp,-0.5988391722647936,0.06201982908737788
train_median,validation,2023-02,country_344,country_jp,-0.5488557771188672,0.06201982908737788
train_median,validation,2023-03,country_344,country_jp,-0.7144647704730649,0.06201982908737788
train_median,validation,2023-04,country_344,country_jp,-0.8273486843083006,0.06201982908737788
train_median,validation,2023-05,country_344,country_jp,-0.7190827304585267,0.06201982908737788
train_median,validation,2023-06,country_344,country_jp,-0.6517261147636619,0.06201982908737788
train_median,validation,2023-07,country_344,country_jp,-0.6537034932911298,0.06201982908737788
train_median,validation,2023-08,country_344,country_jp,-0.7308007633654867,0.06201982908737788
train_median,validation,2023-09,country_344,country_jp,-0.4507878365250714,0.06201982908737788
train_median,validation,2023-10,country_344,country_jp,-0.3115907514993161,0.06201982908737788
train_median,validation,2023-11,country_344,country_jp,-0.6666360179114786,0.06201982908737788
train_median,validation,2023-12,country_344,country_jp,-0.6747164350966152,0.06201982908737788
train_median,validation,2023-01,country_344,country_kr,-0.5000683194831943,0.06201982908737788
train_median,validation,2023-02,country_344,country_kr,0.4134824040933511,0.06201982908737788
train_median,validation,2023-03,country_344,country_kr,0.10922646889923629,0.06201982908737788
train_median,validation,2023-04,country_344,country_kr,-0.3885553639450448,0.06201982908737788
train_median,validation,2023-05,country_344,country_kr,-0.28591791492431484,0.06201982908737788
train_median,validation,2023-06,country_344,country_kr,-0.11025722001793443,0.06201982908737788
train_median,validation,2023-07,country_344,country_kr,-0.003866185093669741,0.06201982908737788
train_median,validation,2023-08,country_344,country_kr,0.4226354899410714,0.06201982908737788
train_median,validation,2023-09,country_344,country_kr,0.8478880084466727,0.06201982908737788
train_median,validation,2023-10,country_344,country_kr,0.6803199753079036,0.06201982908737788
train_median,validation,2023-11,country_344,country_kr,-0.16938163585091706,0.06201982908737788
train_median,validation,2023-12,country_344,country_kr,0.6715214044568558,0.06201982908737788
train_median,validation,2023-01,country_344,country_mx,-0.027624281776634268,0.06201982908737788
train_median,validation,2023-02,country_344,country_mx,0.057544784381233005,0.06201982908737788
train_median,validation,2023-03,country_344,country_mx,-0.12072617856622336,0.06201982908737788
train_median,validation,2023-04,country_344,country_mx,0.11166022130890403,0.06201982908737788
train_median,validation,2023-05,country_344,country_mx,-0.4649910190671807,0.06201982908737788
train_median,validation,2023-06,country_344,country_mx,-0.6447669355460964,0.06201982908737788
train_median,validation,2023-07,country_344,country_mx,-0.09550079195058184,0.06201982908737788
train_median,validation,2023-08,country_344,country_mx,0.4972184099556944,0.06201982908737788
train_median,validation,2023-09,country_344,country_mx,-0.3697326374447791,0.06201982908737788
train_median,validation,2023-10,country_344,country_mx,0.28141487531835846,0.06201982908737788
train_median,validation,2023-11,country_344,country_mx,-0.20200884292580146,0.06201982908737788
train_median,validation,2023-12,country_344,country_mx,-0.20570556742059085,0.06201982908737788
train_median,validation,2023-01,country_344,country_my,-0.31402914621830735,0.06201982908737788
train_median,validation,2023-02,country_344,country_my,-0.11854028703767981,0.06201982908737788
train_median,validation,2023-03,country_344,country_my,-0.22969351394312554,0.06201982908737788
train_median,validation,2023-04,country_344,country_my,-0.21576151959590825,0.06201982908737788
train_median,validation,2023-05,country_344,country_my,-0.2991761208523776,0.06201982908737788
train_median,validation,2023-06,country_344,country_my,-0.0749207719082032,0.06201982908737788
train_median,validation,2023-07,country_344,country_my,0.009535977947026132,0.06201982908737788
train_median,validation,2023-08,country_344,country_my,2.311694928542764,0.06201982908737788
train_median,validation,2023-09,country_344,country_my,-0.11946101382573682,0.06201982908737788
train_median,validation,2023-10,country_344,country_my,-0.09442542813444162,0.06201982908737788
train_median,validation,2023-11,country_344,country_my,1.5052429373967466,0.06201982908737788
train_median,validation,2023-12,country_344,country_my,1.1183619419887838,0.06201982908737788
train_median,validation,2023-01,country_344,country_ph,-0.3450558231175825,0.06201982908737788
train_median,validation,2023-02,country_344,country_ph,-0.31073777905768174,0.06201982908737788
train_median,validation,2023-03,country_344,country_ph,-0.08202127367563554,0.06201982908737788
train_median,validation,2023-04,country_344,country_ph,0.05654261531174973,0.06201982908737788
train_median,validation,2023-05,country_344,country_ph,-0.1894215213712094,0.06201982908737788
train_median,validation,2023-06,country_344,country_ph,-0.3740542797681919,0.06201982908737788
train_median,validation,2023-07,country_344,country_ph,-0.07837255751699694,0.06201982908737788
train_median,validation,2023-08,country_344,country_ph,-0.3461090468293169,0.06201982908737788
train_median,validation,2023-09,country_344,country_ph,-0.5015609352017457,0.06201982908737788
train_median,validation,2023-10,country_344,country_ph,-0.21810297442985596,0.06201982908737788
train_median,validation,2023-11,country_344,country_ph,-0.26026211938749383,0.06201982908737788
train_median,validation,2023-12,country_344,country_ph,0.0682442076651772,0.06201982908737788
train_median,validation,2023-01,country_344,country_sg,-0.39754418747691267,0.06201982908737788
train_median,validation,2023-02,country_344,country_sg,-0.052452302360105306,0.06201982908737788
train_median,validation,2023-03,country_344,country_sg,-0.6871814062672031,0.06201982908737788
train_median,validation,2023-04,country_344,country_sg,-0.6425550064841319,0.06201982908737788
train_median,validation,2023-05,country_344,country_sg,-0.595226216238227,0.06201982908737788
train_median,validation,2023-06,country_344,country_sg,-0.15167352672191703,0.06201982908737788
train_median,validation,2023-07,country_344,country_sg,-0.3038452688683971,0.06201982908737788
train_median,validation,2023-08,country_344,country_sg,-0.1778710070466819,0.06201982908737788
train_median,validation,2023-09,country_344,country_sg,-0.6935287626461165,0.06201982908737788
train_median,validation,2023-10,country_344,country_sg,-0.42836271868805614,0.06201982908737788
train_median,validation,2023-11,country_344,country_sg,-0.47126316962322956,0.06201982908737788
train_median,validation,2023-12,country_344,country_sg,0.2438666154332054,0.06201982908737788
train_median,validation,2023-01,country_344,country_th,-0.587488972979571,0.06201982908737788
train_median,validation,2023-02,country_344,country_th,-0.5917801348657304,0.06201982908737788
train_median,validation,2023-03,country_344,country_th,-0.7485745585079867,0.06201982908737788
train_median,validation,2023-04,country_344,country_th,-0.48596882381966144,0.06201982908737788
train_median,validation,2023-05,country_344,country_th,-0.5286213374467347,0.06201982908737788
train_median,validation,2023-06,country_344,country_th,-0.5307573062310124,0.06201982908737788
train_median,validation,2023-07,country_344,country_th,-0.011651869850879461,0.06201982908737788
train_median,validation,2023-08,country_344,country_th,-0.08231117506678498,0.06201982908737788
train_median,validation,2023-09,country_344,country_th,0.14813431194049714,0.06201982908737788
train_median,validation,2023-10,country_344,country_th,0.09868411374120613,0.06201982908737788
train_median,validation,2023-11,country_344,country_th,-0.620427541667904,0.06201982908737788
train_median,validation,2023-12,country_344,country_th,3.1141103897589524,0.06201982908737788
train_median,validation,2023-01,country_344,country_us,-0.6976399810061511,0.06201982908737788
train_median,validation,2023-02,country_344,country_us,-0.6830761289243141,0.06201982908737788
train_median,validation,2023-03,country_344,country_us,-0.8394854359102574,0.06201982908737788
train_median,validation,2023-04,country_344,country_us,-0.8218809565785926,0.06201982908737788
train_median,validation,2023-05,country_344,country_us,-0.7651978073081741,0.06201982908737788
train_median,validation,2023-06,country_344,country_us,-0.7264903263587359,0.06201982908737788
train_median,validation,2023-07,country_344,country_us,-0.7064264482820758,0.06201982908737788
train_median,validation,2023-08,country_344,country_us,-0.5686396592885142,0.06201982908737788
train_median,validation,2023-09,country_344,country_us,0.09981842176148333,0.06201982908737788
train_median,validation,2023-10,country_344,country_us,-0.7451743959639874,0.06201982908737788
train_median,validation,2023-11,country_344,country_us,2.1106457641261893,0.06201982908737788
train_median,validation,2023-12,country_344,country_us,-0.7125742043359763,0.06201982908737788
train_median,validation,2023-01,country_344,country_vn,0.6302280493143345,0.06201982908737788
train_median,validation,2023-02,country_344,country_vn,0.1549331800656129,0.06201982908737788
train_median,validation,2023-03,country_344,country_vn,0.06621898357886342,0.06201982908737788
train_median,validation,2023-04,country_344,country_vn,-0.2980319133943976,0.06201982908737788
train_median,validation,2023-05,country_344,country_vn,-0.607138577255971,0.06201982908737788
train_median,validation,2023-06,country_344,country_vn,-0.23913384246007924,0.06201982908737788
train_median,validation,2023-07,country_344,country_vn,-0.6976229465779572,0.06201982908737788
train_median,validation,2023-08,country_344,country_vn,-0.9541163176948012,0.06201982908737788
train_median,validation,2023-09,country_344,country_vn,-0.9589516359927567,0.06201982908737788
train_median,validation,2023-10,country_344,country_vn,-0.9641955776851441,0.06201982908737788
train_median,validation,2023-11,country_344,country_vn,-0.9414150655192901,0.06201982908737788
train_median,validation,2023-01,country_372,country_203,-0.07754277962280462,0.06201982908737788
train_median,validation,2023-02,country_372,country_203,0.24311022843600416,0.06201982908737788
train_median,validation,2023-03,country_372,country_203,-0.36516008390401183,0.06201982908737788
train_median,validation,2023-04,country_372,country_203,0.8652324100093967,0.06201982908737788
train_median,validation,2023-05,country_372,country_203,0.011011930125919884,0.06201982908737788
train_median,validation,2023-06,country_372,country_203,-0.06855313810959442,0.06201982908737788
train_median,validation,2023-07,country_372,country_203,-0.07657620301453362,0.06201982908737788
train_median,validation,2023-08,country_372,country_203,1.0912828939955415,0.06201982908737788
train_median,validation,2023-09,country_372,country_203,-0.049620997350722354,0.06201982908737788
train_median,validation,2023-10,country_372,country_203,0.3277153743738501,0.06201982908737788
train_median,validation,2023-11,country_372,country_203,-0.5277008601610048,0.06201982908737788
train_median,validation,2023-12,country_372,country_203,-0.24376380503607717,0.06201982908737788
train_median,validation,2023-01,country_372,country_344,-0.3275327970784869,0.06201982908737788
train_median,validation,2023-02,country_372,country_344,-0.7590394435946813,0.06201982908737788
train_median,validation,2023-03,country_372,country_344,0.2801105641514771,0.06201982908737788
train_median,validation,2023-04,country_372,country_344,-0.6444945753128444,0.06201982908737788
train_median,validation,2023-05,country_372,country_344,-0.5644431046192168,0.06201982908737788
train_median,validation,2023-06,country_372,country_344,-0.5703760104420958,0.06201982908737788
train_median,validation,2023-07,country_372,country_344,-0.09532068590721644,0.06201982908737788
train_median,validation,2023-08,country_372,country_344,-0.5188121002836044,0.06201982908737788
train_median,validation,2023-09,country_372,country_344,-0.8520277480105521,0.06201982908737788
train_median,validation,2023-10,country_372,country_344,-0.6765190411833046,0.06201982908737788
train_median,validation,2023-11,country_372,country_344,-0.4352222277118367,0.06201982908737788
train_median,validation,2023-12,country_372,country_344,-0.702705774363794,0.06201982908737788
train_median,validation,2023-01,country_372,country_380,3.895870626588392,0.06201982908737788
train_median,validation,2023-02,country_372,country_380,0.22462281734188538,0.06201982908737788
train_median,validation,2023-03,country_372,country_380,-0.3519204053689911,0.06201982908737788
train_median,validation,2023-04,country_372,country_380,0.6098476018707657,0.06201982908737788
train_median,validation,2023-05,country_372,country_380,-0.10290450414373047,0.06201982908737788
train_median,validation,2023-06,country_372,country_380,-0.570214984437208,0.06201982908737788
train_median,validation,2023-07,country_372,country_380,0.2709749512460818,0.06201982908737788
train_median,validation,2023-08,country_372,country_380,-0.824669742076307,0.06201982908737788
train_median,validation,2023-09,country_372,country_380,-0.13243260708537927,0.06201982908737788
train_median,validation,2023-10,country_372,country_380,0.0912004532331779,0.06201982908737788
train_median,validation,2023-11,country_372,country_380,-0.5438183597511389,0.06201982908737788
train_median,validation,2023-12,country_372,country_380,-0.5859044555398863,0.06201982908737788
train_median,validation,2023-01,country_372,country_cn,-0.4833641300027929,0.06201982908737788
train_median,validation,2023-02,country_372,country_cn,-0.33953731605625387,0.06201982908737788
train_median,validation,2023-03,country_372,country_cn,-0.20158354752108112,0.06201982908737788
train_median,validation,2023-04,country_372,country_cn,-0.010019106109803031,0.06201982908737788
train_median,validation,2023-05,country_372,country_cn,-0.1646944658799612,0.06201982908737788
train_median,validation,2023-06,country_372,country_cn,-0.00198081203177374,0.06201982908737788
train_median,validation,2023-07,country_372,country_cn,0.09695705433865594,0.06201982908737788
train_median,validation,2023-08,country_372,country_cn,0.2892780766789979,0.06201982908737788
train_median,validation,2023-09,country_372,country_cn,0.561204243734312,0.06201982908737788
train_median,validation,2023-10,country_372,country_cn,0.3252188659016428,0.06201982908737788
train_median,validation,2023-11,country_372,country_cn,0.23377655152443735,0.06201982908737788
train_median,validation,2023-12,country_372,country_cn,0.1916885920462531,0.06201982908737788
train_median,validation,2023-01,country_372,country_de,0.8722833734620808,0.06201982908737788
train_median,validation,2023-02,country_372,country_de,1.7753218567356808,0.06201982908737788
train_median,validation,2023-03,country_372,country_de,1.0763322865247256,0.06201982908737788
train_median,validation,2023-04,country_372,country_de,0.8276765515633024,0.06201982908737788
train_median,validation,2023-05,country_372,country_de,0.05213563846336185,0.06201982908737788
train_median,validation,2023-06,country_372,country_de,-0.4645028532919071,0.06201982908737788
train_median,validation,2023-07,country_372,country_de,2.4374083072697603,0.06201982908737788
train_median,validation,2023-08,country_372,country_de,1.1431930382729758,0.06201982908737788
train_median,validation,2023-09,country_372,country_de,-0.3668989573695746,0.06201982908737788
train_median,validation,2023-10,country_372,country_de,-0.11901767551793449,0.06201982908737788
train_median,validation,2023-11,country_372,country_de,-0.49555738185621767,0.06201982908737788
train_median,validation,2023-12,country_372,country_de,-0.5795688776069366,0.06201982908737788
train_median,validation,2023-01,country_372,country_fr,0.1618843138815793,0.06201982908737788
train_median,validation,2023-02,country_372,country_fr,-0.12154174812510568,0.06201982908737788
train_median,validation,2023-03,country_372,country_fr,-0.11114633929483554,0.06201982908737788
train_median,validation,2023-04,country_372,country_fr,0.19529795962338442,0.06201982908737788
train_median,validation,2023-05,country_372,country_fr,-0.062426123982790946,0.06201982908737788
train_median,validation,2023-06,country_372,country_fr,-0.28540598627596686,0.06201982908737788
train_median,validation,2023-07,country_372,country_fr,-0.3526019482643491,0.06201982908737788
train_median,validation,2023-08,country_372,country_fr,-0.026426735427350887,0.06201982908737788
train_median,validation,2023-09,country_372,country_fr,-0.5664043325614441,0.06201982908737788
train_median,validation,2023-10,country_372,country_fr,-0.30917787578637274,0.06201982908737788
train_median,validation,2023-11,country_372,country_fr,-0.1641580279978153,0.06201982908737788
train_median,validation,2023-12,country_372,country_fr,-0.206896105919247,0.06201982908737788
train_median,validation,2023-01,country_372,country_gb,-0.865260612485706,0.06201982908737788
train_median,validation,2023-02,country_372,country_gb,-0.8165012344887953,0.06201982908737788
train_median,validation,2023-03,country_372,country_gb,-0.37729867162167563,0.06201982908737788
train_median,validation,2023-04,country_372,country_gb,0.03968111830991924,0.06201982908737788
train_median,validation,2023-05,country_372,country_gb,1.075084676777152,0.06201982908737788
train_median,validation,2023-06,country_372,country_gb,2.4839087741341737,0.06201982908737788
train_median,validation,2023-07,country_372,country_gb,0.1840853806938292,0.06201982908737788
train_median,validation,2023-08,country_372,country_gb,-0.33903054489918927,0.06201982908737788
train_median,validation,2023-09,country_372,country_gb,-0.08932600369402527,0.06201982908737788
train_median,validation,2023-10,country_372,country_gb,-0.6923495945503388,0.06201982908737788
train_median,validation,2023-11,country_372,country_gb,-0.4736494547164774,0.06201982908737788
train_median,validation,2023-12,country_372,country_gb,-0.5781826756282389,0.06201982908737788
train_median,validation,2023-01,country_372,country_in,-0.998906753067577,0.06201982908737788
train_median,validation,2023-02,country_372,country_in,-0.9993107364969401,0.06201982908737788
train_median,validation,2023-03,country_372,country_in,-0.999473175911579,0.06201982908737788
train_median,validation,2023-04,country_372,country_in,-0.9995782101540525,0.06201982908737788
train_median,validation,2023-05,country_372,country_in,-0.9988322445980016,0.06201982908737788
train_median,validation,2023-06,country_372,country_in,-0.9992711851427661,0.06201982908737788
train_median,validation,2023-07,country_372,country_in,-0.8264596143783415,0.06201982908737788
train_median,validation,2023-08,country_372,country_in,-0.6504480773912532,0.06201982908737788
train_median,validation,2023-09,country_372,country_in,-0.8305985491291843,0.06201982908737788
train_median,validation,2023-10,country_372,country_in,-0.9040303284372817,0.06201982908737788
train_median,validation,2023-11,country_372,country_in,0.64653435748177,0.06201982908737788
train_median,validation,2023-12,country_372,country_in,-0.15286981830853583,0.06201982908737788
train_median,validation,2023-01,country_372,country_jp,0.06140975060014603,0.06201982908737788
train_median,validation,2023-02,country_372,country_jp,0.14622023440817797,0.06201982908737788
train_median,validation,2023-03,country_372,country_jp,1.2514295569717038,0.06201982908737788
train_median,validation,2023-04,country_372,country_jp,0.0287013888621458,0.06201982908737788
train_median,validation,2023-05,country_372,country_jp,-0.25209149156105515,0.06201982908737788
train_median,validation,2023-06,country_372,country_jp,-0.08819943907666977,0.06201982908737788
train_median,validation,2023-07,country_372,country_jp,-0.1851046686155212,0.06201982908737788
train_median,validation,2023-08,country_372,country_jp,0.10899357330925277,0.06201982908737788
train_median,validation,2023-09,country_372,country_jp,0.11077697145331222,0.06201982908737788
train_median,validation,2023-10,country_372,country_jp,0.14305737122681314,0.06201982908737788
train_median,validation,2023-11,country_372,country_jp,-0.14159588126875575,0.06201982908737788
train_median,validation,2023-12,country_372,country_jp,-0.16134078064958976,0.06201982908737788
train_median,validation,2023-01,country_372,country_kr,0.9326244280481706,0.06201982908737788
train_median,validation,2023-02,country_372,country_kr,-0.11874784922113414,0.06201982908737788
train_median,validation,2023-03,country_372,country_kr,-0.3335426611217009,0.06201982908737788
train_median,validation,2023-04,country_372,country_kr,1.130339857136005,0.06201982908737788
train_median,validation,2023-05,country_372,country_kr,-0.2210448150957608,0.06201982908737788
train_median,validation,2023-06,country_372,country_kr,0.07301634727374837,0.06201982908737788
train_median,validation,2023-07,country_372,country_kr,0.36020843379089174,0.06201982908737788
train_median,validation,2023-08,country_372,country_kr,0.27696030172589386,0.06201982908737788
train_median,validation,2023-09,country_372,country_kr,-0.7054828700623277,0.06201982908737788
train_median,validation,2023-10,country_372,country_kr,-0.5611246938188009,0.06201982908737788
train_median,validation,2023-11,country_372,country_kr,-0.7224694301984466,0.06201982908737788
train_median,validation,2023-12,country_372,country_kr,-0.646071548920192,0.06201982908737788
train_median,validation,2023-01,country_372,country_mx,1.4783747292876754,0.06201982908737788
train_median,validation,2023-02,country_372,country_mx,2.0949735857263247,0.06201982908737788
train_median,validation,2023-03,country_372,country_mx,1.0751017153420264,0.06201982908737788
train_median,validation,2023-04,country_372,country_mx,-0.38038520739970805,0.06201982908737788
train_median,validation,2023-05,country_372,country_mx,1.8653890874639336,0.06201982908737788
train_median,validation,2023-06,country_372,country_mx,-0.1301666594892554,0.06201982908737788
train_median,validation,2023-07,country_372,country_mx,-0.1906636234442961,0.06201982908737788
train_median,validation,2023-08,country_372,country_mx,23.45656457954513,0.06201982908737788
train_median,validation,2023-09,country_372,country_mx,37.84808868591981,0.06201982908737788
train_median,validation,2023-10,country_372,country_mx,87.39146839453302,0.06201982908737788
train_median,validation,2023-11,country_372,country_mx,49.547265552828144,0.06201982908737788
train_median,validation,2023-12,country_372,country_mx,24.129482467615293,0.06201982908737788
train_median,validation,2023-01,country_372,country_my,-0.27092910490702254,0.06201982908737788
train_median,validation,2023-02,country_372,country_my,0.2946694837558525,0.06201982908737788
train_median,validation,2023-03,country_372,country_my,0.34087361382404807,0.06201982908737788
train_median,validation,2023-04,country_372,country_my,0.023901237743738306,0.06201982908737788
train_median,validation,2023-05,country_372,country_my,-0.07332648951804166,0.06201982908737788
train_median,validation,2023-06,country_372,country_my,-0.03056683706568305,0.06201982908737788
train_median,validation,2023-07,country_372,country_my,0.38694893398245345,0.06201982908737788
train_median,validation,2023-08,country_372,country_my,0.469493997080913,0.06201982908737788
train_median,validation,2023-09,country_372,country_my,0.4235861232327323,0.06201982908737788
train_median,validation,2023-10,country_372,country_my,0.5302748397438305,0.06201982908737788
train_median,validation,2023-11,country_372,country_my,0.2810379328983215,0.06201982908737788
train_median,validation,2023-12,country_372,country_my,0.3795797053581526,0.06201982908737788
train_median,validation,2023-01,country_372,country_ph,0.014262879109456145,0.06201982908737788
train_median,validation,2023-02,country_372,country_ph,0.38381766843360243,0.06201982908737788
train_median,validation,2023-03,country_372,country_ph,0.3052028868794767,0.06201982908737788
train_median,validation,2023-04,country_372,country_ph,0.2503140560800817,0.06201982908737788
train_median,validation,2023-05,country_372,country_ph,0.3102410893814574,0.06201982908737788
train_median,validation,2023-06,country_372,country_ph,0.5636260856112197,0.06201982908737788
train_median,validation,2023-07,country_372,country_ph,0.14540750569583613,0.06201982908737788
train_median,validation,2023-08,country_372,country_ph,-0.000466653682789287,0.06201982908737788
train_median,validation,2023-09,country_372,country_ph,-0.06798118642019087,0.06201982908737788
train_median,validation,2023-10,country_372,country_ph,-0.111334694332753,0.06201982908737788
train_median,validation,2023-11,country_372,country_ph,-0.27510686650251864,0.06201982908737788
train_median,validation,2023-12,country_372,country_ph,-0.46010395150621497,0.06201982908737788
train_median,validation,2023-01,country_372,country_sg,-0.029864957637032962,0.06201982908737788
train_median,validation,2023-02,country_372,country_sg,0.12327422394830803,0.06201982908737788
train_median,validation,2023-03,country_372,country_sg,-0.36526598136613464,0.06201982908737788
train_median,validation,2023-04,country_372,country_sg,0.6853846840241058,0.06201982908737788
train_median,validation,2023-05,country_372,country_sg,0.4206519805538701,0.06201982908737788
train_median,validation,2023-06,country_372,country_sg,-0.20578149625850475,0.06201982908737788
train_median,validation,2023-07,country_372,country_sg,0.3045995032898243,0.06201982908737788
train_median,validation,2023-08,country_372,country_sg,0.2218791338918104,0.06201982908737788
train_median,validation,2023-09,country_372,country_sg,0.17410217308725695,0.06201982908737788
train_median,validation,2023-10,country_372,country_sg,0.3431061961373051,0.06201982908737788
train_median,validation,2023-11,country_372,country_sg,-0.1844846130206869,0.06201982908737788
train_median,validation,2023-12,country_372,country_sg,-0.42277845740970926,0.06201982908737788
train_median,validation,2023-01,country_372,country_th,0.6386565116013332,0.06201982908737788
train_median,validation,2023-02,country_372,country_th,-0.9061530888924529,0.06201982908737788
train_median,validation,2023-03,country_372,country_th,0.7546270958232867,0.06201982908737788
train_median,validation,2023-04,country_372,country_th,-0.19792405961462475,0.06201982908737788
train_median,validation,2023-05,country_372,country_th,0.7115052026276539,0.06201982908737788
train_median,validation,2023-06,country_372,country_th,1.5020377683760602,0.06201982908737788
train_median,validation,2023-07,country_372,country_th,1.3702899131250479,0.06201982908737788
train_median,validation,2023-08,country_372,country_th,1.2442361961954702,0.06201982908737788
train_median,validation,2023-09,country_372,country_th,3.3097716022805743,0.06201982908737788
train_median,validation,2023-10,country_372,country_th,5.248672819840722,0.06201982908737788
train_median,validation,2023-11,country_372,country_th,20.11897526439314,0.06201982908737788
train_median,validation,2023-12,country_372,country_th,11.946704237921818,0.06201982908737788
train_median,validation,2023-01,country_372,country_us,-0.1903137097394738,0.06201982908737788
train_median,validation,2023-02,country_372,country_us,0.7017147035539062,0.06201982908737788
train_median,validation,2023-03,country_372,country_us,0.18186772502728454,0.06201982908737788
train_median,validation,2023-04,country_372,country_us,-0.23253677076865692,0.06201982908737788
train_median,validation,2023-05,country_372,country_us,-0.1727691570599134,0.06201982908737788
train_median,validation,2023-06,country_372,country_us,-0.28772486487545773,0.06201982908737788
train_median,validation,2023-07,country_372,country_us,-0.20498285203870206,0.06201982908737788
train_median,validation,2023-08,country_372,country_us,-0.17315071824322203,0.06201982908737788
train_median,validation,2023-09,country_372,country_us,-0.16614886895225076,0.06201982908737788
train_median,validation,2023-10,country_372,country_us,0.23384525522816046,0.06201982908737788
train_median,validation,2023-11,country_372,country_us,-0.19075395127112033,0.06201982908737788
train_median,validation,2023-12,country_372,country_us,0.05381681417368223,0.06201982908737788
train_median,validation,2023-01,country_372,country_vn,-0.3176928718838465,0.06201982908737788
train_median,validation,2023-02,country_372,country_vn,0.11393856225125808,0.06201982908737788
train_median,validation,2023-03,country_372,country_vn,-0.11110340604391632,0.06201982908737788
train_median,validation,2023-04,country_372,country_vn,-0.2441759506006065,0.06201982908737788
train_median,validation,2023-05,country_372,country_vn,0.8800426443497442,0.06201982908737788
train_median,validation,2023-06,country_372,country_vn,0.40553802849563575,0.06201982908737788
train_median,validation,2023-07,country_372,country_vn,0.21048765640739592,0.06201982908737788
train_median,validation,2023-08,country_372,country_vn,0.9370579572719866,0.06201982908737788
train_median,validation,2023-09,country_372,country_vn,-0.02781663335255561,0.06201982908737788
train_median,validation,2023-10,country_372,country_vn,0.3004397389941404,0.06201982908737788
train_median,validation,2023-11,country_372,country_vn,0.2906993028243794,0.06201982908737788
train_median,validation,2023-01,country_380,country_203,-0.21201687895508076,0.06201982908737788
train_median,validation,2023-02,country_380,country_203,0.03901679711433362,0.06201982908737788
train_median,validation,2023-03,country_380,country_203,0.13802789985389602,0.06201982908737788
train_median,validation,2023-04,country_380,country_203,0.6825545328725334,0.06201982908737788
train_median,validation,2023-05,country_380,country_203,0.23327588927579945,0.06201982908737788
train_median,validation,2023-06,country_380,country_203,-0.1068565501506581,0.06201982908737788
train_median,validation,2023-07,country_380,country_203,0.35287816003026934,0.06201982908737788
train_median,validation,2023-08,country_380,country_203,0.2104766484604556,0.06201982908737788
train_median,validation,2023-09,country_380,country_203,-0.2286185898177293,0.06201982908737788
train_median,validation,2023-10,country_380,country_203,-0.04826842561338641,0.06201982908737788
train_median,validation,2023-11,country_380,country_203,-0.4307468109600838,0.06201982908737788
train_median,validation,2023-12,country_380,country_203,-0.017816630872077195,0.06201982908737788
train_median,validation,2023-01,country_380,country_344,0.06739468430552503,0.06201982908737788
train_median,validation,2023-02,country_380,country_344,0.3751452387540566,0.06201982908737788
train_median,validation,2023-03,country_380,country_344,0.3468118698973426,0.06201982908737788
train_median,validation,2023-04,country_380,country_344,0.39176464332078736,0.06201982908737788
train_median,validation,2023-05,country_380,country_344,0.09591564834913319,0.06201982908737788
train_median,validation,2023-06,country_380,country_344,0.08874655711673826,0.06201982908737788
train_median,validation,2023-07,country_380,country_344,-0.850745106016649,0.06201982908737788
train_median,validation,2023-08,country_380,country_344,-0.8585213651765332,0.06201982908737788
train_median,validation,2023-09,country_380,country_344,-0.28268518419292665,0.06201982908737788
train_median,validation,2023-10,country_380,country_344,0.620103424752038,0.06201982908737788
train_median,validation,2023-11,country_380,country_344,0.04142766999165367,0.06201982908737788
train_median,validation,2023-12,country_380,country_344,-0.025179146030845145,0.06201982908737788
train_median,validation,2023-01,country_380,country_372,0.8261064213636429,0.06201982908737788
train_median,validation,2023-02,country_380,country_372,-0.8289923721568552,0.06201982908737788
train_median,validation,2023-03,country_380,country_372,-0.4773390078830886,0.06201982908737788
train_median,validation,2023-04,country_380,country_372,-0.546955233271343,0.06201982908737788
train_median,validation,2023-05,country_380,country_372,-0.4783661265858011,0.06201982908737788
train_median,validation,2023-06,country_380,country_372,-0.6118509123207208,0.06201982908737788
train_median,validation,2023-07,country_380,country_372,0.3056715310026095,0.06201982908737788
train_median,validation,2023-08,country_380,country_372,0.1769234337632037,0.06201982908737788
train_median,validation,2023-09,country_380,country_372,1.258443549032504,0.06201982908737788
train_median,validation,2023-10,country_380,country_372,-0.015896404197558764,0.06201982908737788
train_median,validation,2023-11,country_380,country_372,-0.6357944109661399,0.06201982908737788
train_median,validation,2023-12,country_380,country_372,-0.22857106875007005,0.06201982908737788
train_median,validation,2023-01,country_380,country_cn,0.20413406392990624,0.06201982908737788
train_median,validation,2023-02,country_380,country_cn,0.3284679449548621,0.06201982908737788
train_median,validation,2023-03,country_380,country_cn,0.252647990503403,0.06201982908737788
train_median,validation,2023-04,country_380,country_cn,0.25238049124871803,0.06201982908737788
train_median,validation,2023-05,country_380,country_cn,0.055181132060165776,0.06201982908737788
train_median,validation,2023-06,country_380,country_cn,-0.01837479061249869,0.06201982908737788
train_median,validation,2023-07,country_380,country_cn,-0.026178311471167486,0.06201982908737788
train_median,validation,2023-08,country_380,country_cn,0.08112724403571063,0.06201982908737788
train_median,validation,2023-09,country_380,country_cn,0.1347290003620357,0.06201982908737788
train_median,validation,2023-10,country_380,country_cn,0.025386741538797986,0.06201982908737788
train_median,validation,2023-11,country_380,country_cn,0.2688663543753299,0.06201982908737788
train_median,validation,2023-12,country_380,country_cn,0.2611860549056885,0.06201982908737788
train_median,validation,2023-01,country_380,country_de,-0.1501518300281144,0.06201982908737788
train_median,validation,2023-02,country_380,country_de,0.19819043337350756,0.06201982908737788
train_median,validation,2023-03,country_380,country_de,0.5163602855884276,0.06201982908737788
train_median,validation,2023-04,country_380,country_de,-0.041664978832998974,0.06201982908737788
train_median,validation,2023-05,country_380,country_de,-0.049100001300879666,0.06201982908737788
train_median,validation,2023-06,country_380,country_de,-0.016784914114536458,0.06201982908737788
train_median,validation,2023-07,country_380,country_de,-0.2156909424107112,0.06201982908737788
train_median,validation,2023-08,country_380,country_de,-0.14667016707566666,0.06201982908737788
train_median,validation,2023-09,country_380,country_de,-0.2099282599983597,0.06201982908737788
train_median,validation,2023-10,country_380,country_de,-0.2046440669250755,0.06201982908737788
train_median,validation,2023-11,country_380,country_de,-0.07067606849050807,0.06201982908737788
train_median,validation,2023-12,country_380,country_de,-0.06036226388113926,0.06201982908737788
train_median,validation,2023-01,country_380,country_fr,-0.1398548826509771,0.06201982908737788
train_median,validation,2023-02,country_380,country_fr,0.49019976173036295,0.06201982908737788
train_median,validation,2023-03,country_380,country_fr,-0.031115579436241936,0.06201982908737788
train_median,validation,2023-04,country_380,country_fr,0.544863725320432,0.06201982908737788
train_median,validation,2023-05,country_380,country_fr,0.4752529925808239,0.06201982908737788
train_median,validation,2023-06,country_380,country_fr,0.24608337588755727,0.06201982908737788
train_median,validation,2023-07,country_380,country_fr,0.3473705360486014,0.06201982908737788
train_median,validation,2023-08,country_380,country_fr,-0.2918475358676135,0.06201982908737788
train_median,validation,2023-09,country_380,country_fr,-0.26844735710110124,0.06201982908737788
train_median,validation,2023-10,country_380,country_fr,0.16819131445533977,0.06201982908737788
train_median,validation,2023-11,country_380,country_fr,-0.09669277778839148,0.06201982908737788
train_median,validation,2023-12,country_380,country_fr,0.6660227016621495,0.06201982908737788
train_median,validation,2023-01,country_380,country_gb,0.017267021146061854,0.06201982908737788
train_median,validation,2023-02,country_380,country_gb,0.024368581694128737,0.06201982908737788
train_median,validation,2023-03,country_380,country_gb,-0.11026471890661903,0.06201982908737788
train_median,validation,2023-04,country_380,country_gb,0.42483938270994576,0.06201982908737788
train_median,validation,2023-05,country_380,country_gb,0.6936426198716207,0.06201982908737788
train_median,validation,2023-06,country_380,country_gb,-0.0492371616113196,0.06201982908737788
train_median,validation,2023-07,country_380,country_gb,0.01667559036188808,0.06201982908737788
train_median,validation,2023-08,country_380,country_gb,0.06045492298168547,0.06201982908737788
train_median,validation,2023-09,country_380,country_gb,-0.043236092087467884,0.06201982908737788
train_median,validation,2023-10,country_380,country_gb,0.19738895423230832,0.06201982908737788
train_median,validation,2023-11,country_380,country_gb,0.6909889343955367,0.06201982908737788
train_median,validation,2023-12,country_380,country_gb,-0.1205389767943313,0.06201982908737788
train_median,validation,2023-01,country_380,country_in,0.19548871346790675,0.06201982908737788
train_median,validation,2023-02,country_380,country_in,0.03507322865654734,0.06201982908737788
train_median,validation,2023-03,country_380,country_in,1.4648039509679027,0.06201982908737788
train_median,validation,2023-04,country_380,country_in,-0.3291875984304406,0.06201982908737788
train_median,validation,2023-05,country_380,country_in,-0.17284760704149518,0.06201982908737788
train_median,validation,2023-06,country_380,country_in,-0.48785129247060494,0.06201982908737788
train_median,validation,2023-07,country_380,country_in,0.44432166456098326,0.06201982908737788
train_median,validation,2023-08,country_380,country_in,-0.39160559196868966,0.06201982908737788
train_median,validation,2023-09,country_380,country_in,0.574052283246012,0.06201982908737788
train_median,validation,2023-10,country_380,country_in,0.14005141695025441,0.06201982908737788
train_median,validation,2023-11,country_380,country_in,0.08047535154287067,0.06201982908737788
train_median,validation,2023-12,country_380,country_in,-0.24509591247831003,0.06201982908737788
train_median,validation,2023-01,country_380,country_jp,0.4420389616100664,0.06201982908737788
train_median,validation,2023-02,country_380,country_jp,-0.21821755937279363,0.06201982908737788
train_median,validation,2023-03,country_380,country_jp,-0.005384916410621175,0.06201982908737788
train_median,validation,2023-04,country_380,country_jp,-0.2225132801452211,0.06201982908737788
train_median,validation,2023-05,country_380,country_jp,0.11025403887345468,0.06201982908737788
train_median,validation,2023-06,country_380,country_jp,-0.1640836020968076,0.06201982908737788
train_median,validation,2023-07,country_380,country_jp,-0.08002896866143153,0.06201982908737788
train_median,validation,2023-08,country_380,country_jp,0.0013190835895133075,0.06201982908737788
train_median,validation,2023-09,country_380,country_jp,0.366197407854861,0.06201982908737788
train_median,validation,2023-10,country_380,country_jp,-0.29743981585551355,0.06201982908737788
train_median,validation,2023-11,country_380,country_jp,-0.46610849968368223,0.06201982908737788
train_median,validation,2023-12,country_380,country_jp,-0.07871832479790107,0.06201982908737788
train_median,validation,2023-01,country_380,country_kr,2.4014064607722525,0.06201982908737788
train_median,validation,2023-02,country_380,country_kr,-0.16673704296301706,0.06201982908737788
train_median,validation,2023-03,country_380,country_kr,-0.4331767940518553,0.06201982908737788
train_median,validation,2023-04,country_380,country_kr,-0.04789118043445311,0.06201982908737788
train_median,validation,2023-05,country_380,country_kr,-0.23870735453525205,0.06201982908737788
train_median,validation,2023-06,country_380,country_kr,0.014031437906386677,0.06201982908737788
train_median,validation,2023-07,country_380,country_kr,-0.3677256682347135,0.06201982908737788
train_median,validation,2023-08,country_380,country_kr,-0.3723786001212779,0.06201982908737788
train_median,validation,2023-09,country_380,country_kr,0.7336679928507235,0.06201982908737788
train_median,validation,2023-10,country_380,country_kr,1.2737968413930991,0.06201982908737788
train_median,validation,2023-11,country_380,country_kr,0.01827710514889277,0.06201982908737788
train_median,validation,2023-12,country_380,country_kr,-0.16091024466582693,0.06201982908737788
train_median,validation,2023-01,country_380,country_mx,-0.22291321913314047,0.06201982908737788
train_median,validation,2023-02,country_380,country_mx,0.08427181901841757,0.06201982908737788
train_median,validation,2023-03,country_380,country_mx,-0.06497938701650277,0.06201982908737788
train_median,validation,2023-04,country_380,country_mx,0.18459433657057778,0.06201982908737788
train_median,validation,2023-05,country_380,country_mx,-0.3630594472325042,0.06201982908737788
train_median,validation,2023-06,country_380,country_mx,0.06178580442102116,0.06201982908737788
train_median,validation,2023-07,country_380,country_mx,-0.05782314584703712,0.06201982908737788
train_median,validation,2023-08,country_380,country_mx,-0.13753615620550091,0.06201982908737788
train_median,validation,2023-09,country_380,country_mx,-0.30134359400256994,0.06201982908737788
train_median,validation,2023-10,country_380,country_mx,-0.23621640073719863,0.06201982908737788
train_median,validation,2023-11,country_380,country_mx,-0.2029877829082264,0.06201982908737788
train_median,validation,2023-12,country_380,country_mx,-0.3385648762696303,0.06201982908737788
train_median,validation,2023-01,country_380,country_my,-0.36933473169166386,0.06201982908737788
train_median,validation,2023-02,country_380,country_my,-0.8407079702243166,0.06201982908737788
train_median,validation,2023-03,country_380,country_my,-0.861165420468916,0.06201982908737788
train_median,validation,2023-04,country_380,country_my,-0.8397468809527693,0.06201982908737788
train_median,validation,2023-05,country_380,country_my,-0.8060417581976272,0.06201982908737788
train_median,validation,2023-06,country_380,country_my,-0.8944437702198036,0.06201982908737788
train_median,validation,2023-07,country_380,country_my,-0.9112840820447098,0.06201982908737788
train_median,validation,2023-08,country_380,country_my,-0.7138964015875384,0.06201982908737788
train_median,validation,2023-09,country_380,country_my,-0.42394006714315574,0.06201982908737788
train_median,validation,2023-10,country_380,country_my,-0.14475505505960368,0.06201982908737788
train_median,validation,2023-11,country_380,country_my,-0.18524257779726383,0.06201982908737788
train_median,validation,2023-12,country_380,country_my,-0.3969171124837532,0.06201982908737788
train_median,validation,2023-01,country_380,country_ph,0.011764053225656948,0.06201982908737788
train_median,validation,2023-02,country_380,country_ph,0.027778435118961928,0.06201982908737788
train_median,validation,2023-03,country_380,country_ph,-0.07641788333701212,0.06201982908737788
train_median,validation,2023-04,country_380,country_ph,-0.05876554914457887,0.06201982908737788
train_median,validation,2023-05,country_380,country_ph,-0.5382912295607228,0.06201982908737788
train_median,validation,2023-06,country_380,country_ph,0.03156943060299243,0.06201982908737788
train_median,validation,2023-07,country_380,country_ph,-0.15906638070122256,0.06201982908737788
train_median,validation,2023-08,country_380,country_ph,0.07812503531854383,0.06201982908737788
train_median,validation,2023-09,country_380,country_ph,-0.5187603182196336,0.06201982908737788
train_median,validation,2023-10,country_380,country_ph,-0.15790726625172227,0.06201982908737788
train_median,validation,2023-11,country_380,country_ph,-0.11198130442899208,0.06201982908737788
train_median,validation,2023-12,country_380,country_ph,0.20333251010734427,0.06201982908737788
train_median,validation,2023-01,country_380,country_sg,-0.09649228244427635,0.06201982908737788
train_median,validation,2023-02,country_380,country_sg,0.12245181517834378,0.06201982908737788
train_median,validation,2023-03,country_380,country_sg,0.09491186402161496,0.06201982908737788
train_median,validation,2023-04,country_380,country_sg,0.2756222469540818,0.06201982908737788
train_median,validation,2023-05,country_380,country_sg,0.006145196071064646,0.06201982908737788
train_median,validation,2023-06,country_380,country_sg,0.14468679560676323,0.06201982908737788
train_median,validation,2023-07,country_380,country_sg,0.20611516043417935,0.06201982908737788
train_median,validation,2023-08,country_380,country_sg,0.052066019969915216,0.06201982908737788
train_median,validation,2023-09,country_380,country_sg,0.23943537282817481,0.06201982908737788
train_median,validation,2023-10,country_380,country_sg,0.3003394858792007,0.06201982908737788
train_median,validation,2023-11,country_380,country_sg,0.11593374149024128,0.06201982908737788
train_median,validation,2023-12,country_380,country_sg,0.09208579497771359,0.06201982908737788
train_median,validation,2023-01,country_380,country_th,-0.11454379561147365,0.06201982908737788
train_median,validation,2023-02,country_380,country_th,0.04609191295359846,0.06201982908737788
train_median,validation,2023-03,country_380,country_th,-0.025895903650870578,0.06201982908737788
train_median,validation,2023-04,country_380,country_th,0.4899132462919976,0.06201982908737788
train_median,validation,2023-05,country_380,country_th,0.15131526101523868,0.06201982908737788
train_median,validation,2023-06,country_380,country_th,0.17377572642667244,0.06201982908737788
train_median,validation,2023-07,country_380,country_th,0.017664431836855208,0.06201982908737788
train_median,validation,2023-08,country_380,country_th,0.0324696478391865,0.06201982908737788
train_median,validation,2023-09,country_380,country_th,-0.19343247786010404,0.06201982908737788
train_median,validation,2023-10,country_380,country_th,-0.19117738575751256,0.06201982908737788
train_median,validation,2023-11,country_380,country_th,-0.04459692759289885,0.06201982908737788
train_median,validation,2023-12,country_380,country_th,0.12896844304878718,0.06201982908737788
train_median,validation,2023-01,country_380,country_us,-0.015120784723325103,0.06201982908737788
train_median,validation,2023-02,country_380,country_us,0.11578116637679592,0.06201982908737788
train_median,validation,2023-03,country_380,country_us,0.10390342982542657,0.06201982908737788
train_median,validation,2023-04,country_380,country_us,0.01953779349121374,0.06201982908737788
train_median,validation,2023-05,country_380,country_us,-0.16108163726638516,0.06201982908737788
train_median,validation,2023-06,country_380,country_us,-0.10583411431246686,0.06201982908737788
train_median,validation,2023-07,country_380,country_us,0.07650022579940363,0.06201982908737788
train_median,validation,2023-08,country_380,country_us,-0.13317181838437567,0.06201982908737788
train_median,validation,2023-09,country_380,country_us,-0.22043168649543013,0.06201982908737788
train_median,validation,2023-10,country_380,country_us,-0.12167314117317665,0.06201982908737788
train_median,validation,2023-11,country_380,country_us,-0.014844684978144783,0.06201982908737788
train_median,validation,2023-12,country_380,country_us,-0.19738461884500808,0.06201982908737788
train_median,validation,2023-01,country_380,country_vn,-0.7921281498878894,0.06201982908737788
train_median,validation,2023-02,country_380,country_vn,-0.10504987486842404,0.06201982908737788
train_median,validation,2023-03,country_380,country_vn,-0.273468269351952,0.06201982908737788
train_median,validation,2023-04,country_380,country_vn,0.15299677500138192,0.06201982908737788
train_median,validation,2023-05,country_380,country_vn,-0.21764458265615622,0.06201982908737788
train_median,validation,2023-06,country_380,country_vn,-0.11163588203444148,0.06201982908737788
train_median,validation,2023-07,country_380,country_vn,0.18915916426663848,0.06201982908737788
train_median,validation,2023-08,country_380,country_vn,0.019833452964421083,0.06201982908737788
train_median,validation,2023-09,country_380,country_vn,0.785987317639712,0.06201982908737788
train_median,validation,2023-10,country_380,country_vn,0.8350595700925074,0.06201982908737788
train_median,validation,2023-11,country_380,country_vn,-0.23755456380888396,0.06201982908737788
train_median,validation,2023-01,country_cn,country_203,-0.3011449516485068,0.06201982908737788
train_median,validation,2023-02,country_cn,country_203,0.3780851846494303,0.06201982908737788
train_median,validation,2023-03,country_cn,country_203,-0.20997820924726884,0.06201982908737788
train_median,validation,2023-04,country_cn,country_203,-0.051616356851308734,0.06201982908737788
train_median,validation,2023-05,country_cn,country_203,0.07781965391855752,0.06201982908737788
train_median,validation,2023-06,country_cn,country_203,-0.2178238972936946,0.06201982908737788
train_median,validation,2023-07,country_cn,country_203,0.40860262605546016,0.06201982908737788
train_median,validation,2023-08,country_cn,country_203,0.077600972906766,0.06201982908737788
train_median,validation,2023-09,country_cn,country_203,-0.3468651955001597,0.06201982908737788
train_median,validation,2023-10,country_cn,country_203,0.12813253900553873,0.06201982908737788
train_median,validation,2023-11,country_cn,country_203,-0.17410235534454271,0.06201982908737788
train_median,validation,2023-12,country_cn,country_203,-0.23533835739404727,0.06201982908737788
train_median,validation,2023-01,country_cn,country_344,-0.22560045476072432,0.06201982908737788
train_median,validation,2023-02,country_cn,country_344,0.17646544767165878,0.06201982908737788
train_median,validation,2023-03,country_cn,country_344,-0.03088928484735513,0.06201982908737788
train_median,validation,2023-04,country_cn,country_344,-0.10793011876282527,0.06201982908737788
train_median,validation,2023-05,country_cn,country_344,0.11986688361049015,0.06201982908737788
train_median,validation,2023-06,country_cn,country_344,0.012430568857067628,0.06201982908737788
train_median,validation,2023-07,country_cn,country_344,0.0838041731055147,0.06201982908737788
train_median,validation,2023-08,country_cn,country_344,0.2173856274176215,0.06201982908737788
train_median,validation,2023-09,country_cn,country_344,0.1328495718265701,0.06201982908737788
train_median,validation,2023-10,country_cn,country_344,0.16169789674447785,0.06201982908737788
train_median,validation,2023-11,country_cn,country_344,0.28484353388154454,0.06201982908737788
train_median,validation,2023-12,country_cn,country_344,-0.011517300300852311,0.06201982908737788
train_median,validation,2023-01,country_cn,country_372,0.1986697611126818,0.06201982908737788
train_median,validation,2023-02,country_cn,country_372,1.7361412196250183,0.06201982908737788
train_median,validation,2023-03,country_cn,country_372,-0.14138740305042385,0.06201982908737788
train_median,validation,2023-04,country_cn,country_372,-0.16449942279971694,0.06201982908737788
train_median,validation,2023-05,country_cn,country_372,-0.20491778068396316,0.06201982908737788
train_median,validation,2023-06,country_cn,country_372,0.09809872901467444,0.06201982908737788
train_median,validation,2023-07,country_cn,country_372,1.024020807790364,0.06201982908737788
train_median,validation,2023-08,country_cn,country_372,0.15080786731461515,0.06201982908737788
train_median,validation,2023-09,country_cn,country_372,0.009481252763549107,0.06201982908737788
train_median,validation,2023-10,country_cn,country_372,4.159868232380842,0.06201982908737788
train_median,validation,2023-11,country_cn,country_372,-0.045912436198468694,0.06201982908737788
train_median,validation,2023-12,country_cn,country_372,0.2908963447730565,0.06201982908737788
train_median,validation,2023-01,country_cn,country_380,0.21275198162159367,0.06201982908737788
train_median,validation,2023-02,country_cn,country_380,0.3871806441634303,0.06201982908737788
train_median,validation,2023-03,country_cn,country_380,0.037655969422756626,0.06201982908737788
train_median,validation,2023-04,country_cn,country_380,0.128794335593479,0.06201982908737788
train_median,validation,2023-05,country_cn,country_380,0.18060605955509457,0.06201982908737788
train_median,validation,2023-06,country_cn,country_380,-0.0917522342332492,0.06201982908737788
train_median,validation,2023-07,country_cn,country_380,-0.2614823117902785,0.06201982908737788
train_median,validation,2023-08,country_cn,country_380,-0.2617022010291703,0.06201982908737788
train_median,validation,2023-09,country_cn,country_380,-0.03314988674389512,0.06201982908737788
train_median,validation,2023-10,country_cn,country_380,-0.43304826339292474,0.06201982908737788
train_median,validation,2023-11,country_cn,country_380,-0.6655701971574186,0.06201982908737788
train_median,validation,2023-12,country_cn,country_380,-0.7047042536733983,0.06201982908737788
train_median,validation,2023-01,country_cn,country_de,-0.170780450530722,0.06201982908737788
train_median,validation,2023-02,country_cn,country_de,0.00021587737392385096,0.06201982908737788
train_median,validation,2023-03,country_cn,country_de,-0.01733290855316069,0.06201982908737788
train_median,validation,2023-04,country_cn,country_de,-0.0027926892393361482,0.06201982908737788
train_median,validation,2023-05,country_cn,country_de,-0.0726922559371593,0.06201982908737788
train_median,validation,2023-06,country_cn,country_de,-0.12398315439309347,0.06201982908737788
train_median,validation,2023-07,country_cn,country_de,-0.26030708047791457,0.06201982908737788
train_median,validation,2023-08,country_cn,country_de,-0.32158576825526164,0.06201982908737788
train_median,validation,2023-09,country_cn,country_de,-0.3511561667531351,0.06201982908737788
train_median,validation,2023-10,country_cn,country_de,-0.39376056956156136,0.06201982908737788
train_median,validation,2023-11,country_cn,country_de,-0.45221903868680857,0.06201982908737788
train_median,validation,2023-12,country_cn,country_de,-0.36260956329951166,0.06201982908737788
train_median,validation,2023-01,country_cn,country_fr,-0.12901739800017878,0.06201982908737788
train_median,validation,2023-02,country_cn,country_fr,0.008799543563766242,0.06201982908737788
train_median,validation,2023-03,country_cn,country_fr,-0.005350991447270501,0.06201982908737788
train_median,validation,2023-04,country_cn,country_fr,0.2475301796817478,0.06201982908737788
train_median,validation,2023-05,country_cn,country_fr,0.07300813055833044,0.06201982908737788
train_median,validation,2023-06,country_cn,country_fr,-0.02606925433366867,0.06201982908737788
train_median,validation,2023-07,country_cn,country_fr,-0.3300495482121891,0.06201982908737788
train_median,validation,2023-08,country_cn,country_fr,-0.23952290111074703,0.06201982908737788
train_median,validation,2023-09,country_cn,country_fr,-0.20747788447665155,0.06201982908737788
train_median,validation,2023-10,country_cn,country_fr,-0.32898555450816513,0.06201982908737788
train_median,validation,2023-11,country_cn,country_fr,-0.3759760722177522,0.06201982908737788
train_median,validation,2023-12,country_cn,country_fr,-0.24565529609764164,0.06201982908737788
train_median,validation,2023-01,country_cn,country_gb,0.006549529207112558,0.06201982908737788
train_median,validation,2023-02,country_cn,country_gb,0.15128008023768283,0.06201982908737788
train_median,validation,2023-03,country_cn,country_gb,0.09130486256753259,0.06201982908737788
train_median,validation,2023-04,country_cn,country_gb,0.22173289350920145,0.06201982908737788
train_median,validation,2023-05,country_cn,country_gb,-0.023450952374387168,0.06201982908737788
train_median,validation,2023-06,country_cn,country_gb,0.011559326601742238,0.06201982908737788
train_median,validation,2023-07,country_cn,country_gb,-0.20971851505564673,0.06201982908737788
train_median,validation,2023-08,country_cn,country_gb,-0.2868846536563972,0.06201982908737788
train_median,validation,2023-09,country_cn,country_gb,-0.09153706133253775,0.06201982908737788
train_median,validation,2023-10,country_cn,country_gb,-0.44799266702628765,0.06201982908737788
train_median,validation,2023-11,country_cn,country_gb,-0.4534992161331643,0.06201982908737788
train_median,validation,2023-12,country_cn,country_gb,-0.5446456373119792,0.06201982908737788
train_median,validation,2023-01,country_cn,country_in,0.4919125279572588,0.06201982908737788
train_median,validation,2023-02,country_cn,country_in,1.0732717731790766,0.06201982908737788
train_median,validation,2023-03,country_cn,country_in,0.7614960983439254,0.06201982908737788
train_median,validation,2023-04,country_cn,country_in,0.9210923577456083,0.06201982908737788
train_median,validation,2023-05,country_cn,country_in,0.8925720422668113,0.06201982908737788
train_median,validation,2023-06,country_cn,country_in,0.8938624829182849,0.06201982908737788
train_median,validation,2023-07,country_cn,country_in,0.5605172482875727,0.06201982908737788
train_median,validation,2023-08,country_cn,country_in,0.7376755786993864,0.06201982908737788
train_median,validation,2023-09,country_cn,country_in,0.3011596457251485,0.06201982908737788
train_median,validation,2023-10,country_cn,country_in,0.14661276466539855,0.06201982908737788
train_median,validation,2023-11,country_cn,country_in,0.4536758493630195,0.06201982908737788
train_median,validation,2023-12,country_cn,country_in,0.4789200939822015,0.06201982908737788
train_median,validation,2023-01,country_cn,country_jp,-0.24544313719447014,0.06201982908737788
train_median,validation,2023-02,country_cn,country_jp,-0.20949551574258096,0.06201982908737788
train_median,validation,2023-03,country_cn,country_jp,-0.29164933677810745,0.06201982908737788
train_median,validation,2023-04,country_cn,country_jp,-0.32435501306561487,0.06201982908737788
train_median,validation,2023-05,country_cn,country_jp,-0.2355771333569075,0.06201982908737788
train_median,validation,2023-06,country_cn,country_jp,-0.21550892582373696,0.06201982908737788
train_median,validation,2023-07,country_cn,country_jp,-0.23826346095732304,0.06201982908737788
train_median,validation,2023-08,country_cn,country_jp,-0.0815975697765512,0.06201982908737788
train_median,validation,2023-09,country_cn,country_jp,-0.03865269717377769,0.06201982908737788
train_median,validation,2023-10,country_cn,country_jp,-0.04343185765915917,0.06201982908737788
train_median,validation,2023-11,country_cn,country_jp,-0.07900945576441855,0.06201982908737788
train_median,validation,2023-12,country_cn,country_jp,-0.0907070876453943,0.06201982908737788
train_median,validation,2023-01,country_cn,country_kr,-0.2540696767990156,0.06201982908737788
train_median,validation,2023-02,country_cn,country_kr,-0.22490912650778241,0.06201982908737788
train_median,validation,2023-03,country_cn,country_kr,-0.3366368914803477,0.06201982908737788
train_median,validation,2023-04,country_cn,country_kr,-0.15459576522195825,0.06201982908737788
train_median,validation,2023-05,country_cn,country_kr,-0.12668829585399147,0.06201982908737788
train_median,validation,2023-06,country_cn,country_kr,-0.09337965439467918,0.06201982908737788
train_median,validation,2023-07,country_cn,country_kr,-0.13817167740255978,0.06201982908737788
train_median,validation,2023-08,country_cn,country_kr,-0.10567553603157501,0.06201982908737788
train_median,validation,2023-09,country_cn,country_kr,0.003473531129273041,0.06201982908737788
train_median,validation,2023-10,country_cn,country_kr,-0.0574438083155362,0.06201982908737788
train_median,validation,2023-11,country_cn,country_kr,0.06431764365798802,0.06201982908737788
train_median,validation,2023-12,country_cn,country_kr,0.022584650350145254,0.06201982908737788
train_median,validation,2023-01,country_cn,country_mx,-0.21346188642199257,0.06201982908737788
train_median,validation,2023-02,country_cn,country_mx,-0.12343552660249758,0.06201982908737788
train_median,validation,2023-03,country_cn,country_mx,0.44181875831222434,0.06201982908737788
train_median,validation,2023-04,country_cn,country_mx,-0.04797013685163007,0.06201982908737788
train_median,validation,2023-05,country_cn,country_mx,-0.15638265439988946,0.06201982908737788
train_median,validation,2023-06,country_cn,country_mx,-0.21282582012906504,0.06201982908737788
train_median,validation,2023-07,country_cn,country_mx,-0.17926077577950733,0.06201982908737788
train_median,validation,2023-08,country_cn,country_mx,0.035575289483951646,0.06201982908737788
train_median,validation,2023-09,country_cn,country_mx,-0.07714138938553305,0.06201982908737788
train_median,validation,2023-10,country_cn,country_mx,-0.08788215377702559,0.06201982908737788
train_median,validation,2023-11,country_cn,country_mx,-0.26972517424975306,0.06201982908737788
train_median,validation,2023-12,country_cn,country_mx,-0.22403428084567387,0.06201982908737788
train_median,validation,2023-01,country_cn,country_my,-0.07210235922630559,0.06201982908737788
train_median,validation,2023-02,country_cn,country_my,-0.02841035110740273,0.06201982908737788
train_median,validation,2023-03,country_cn,country_my,-0.18049958329688098,0.06201982908737788
train_median,validation,2023-04,country_cn,country_my,-0.25078535347683445,0.06201982908737788
train_median,validation,2023-05,country_cn,country_my,-0.38824139294122234,0.06201982908737788
train_median,validation,2023-06,country_cn,country_my,-0.26891504192799814,0.06201982908737788
train_median,validation,2023-07,country_cn,country_my,-0.12479782684956385,0.06201982908737788
train_median,validation,2023-08,country_cn,country_my,-0.10206278993696286,0.06201982908737788
train_median,validation,2023-09,country_cn,country_my,-0.026667126268472716,0.06201982908737788
train_median,validation,2023-10,country_cn,country_my,-0.05708447164413222,0.06201982908737788
train_median,validation,2023-11,country_cn,country_my,0.2164959026944608,0.06201982908737788
train_median,validation,2023-12,country_cn,country_my,-0.01763257987664305,0.06201982908737788
train_median,validation,2023-01,country_cn,country_ph,-0.25545690140338084,0.06201982908737788
train_median,validation,2023-02,country_cn,country_ph,-0.2341863406764155,0.06201982908737788
train_median,validation,2023-03,country_cn,country_ph,-0.07050220169282194,0.06201982908737788
train_median,validation,2023-04,country_cn,country_ph,-0.18722038726135717,0.06201982908737788
train_median,validation,2023-05,country_cn,country_ph,-0.21903058398679087,0.06201982908737788
train_median,validation,2023-06,country_cn,country_ph,0.11475372990356525,0.06201982908737788
train_median,validation,2023-07,country_cn,country_ph,-0.29573821545234513,0.06201982908737788
train_median,validation,2023-08,country_cn,country_ph,-0.15853943141620716,0.06201982908737788
train_median,validation,2023-09,country_cn,country_ph,0.03020659999598806,0.06201982908737788
train_median,validation,2023-10,country_cn,country_ph,0.15217021953583448,0.06201982908737788
train_median,validation,2023-11,country_cn,country_ph,1.3209091310010164,0.06201982908737788
train_median,validation,2023-12,country_cn,country_ph,0.32931516148544926,0.06201982908737788
train_median,validation,2023-01,country_cn,country_sg,-0.20899342938152074,0.06201982908737788
train_median,validation,2023-02,country_cn,country_sg,-0.08934410228686242,0.06201982908737788
train_median,validation,2023-03,country_cn,country_sg,-0.2123418136304434,0.06201982908737788
train_median,validation,2023-04,country_cn,country_sg,-0.28475563005618804,0.06201982908737788
train_median,validation,2023-05,country_cn,country_sg,-0.19078175629428185,0.06201982908737788
train_median,validation,2023-06,country_cn,country_sg,-0.17168741014418448,0.06201982908737788
train_median,validation,2023-07,country_cn,country_sg,-0.11394369330604236,0.06201982908737788
train_median,validation,2023-08,country_cn,country_sg,-0.09631733578540963,0.06201982908737788
train_median,validation,2023-09,country_cn,country_sg,-0.06143759174937829,0.06201982908737788
train_median,validation,2023-10,country_cn,country_sg,-0.03271848393998967,0.06201982908737788
train_median,validation,2023-11,country_cn,country_sg,-0.015478574433953124,0.06201982908737788
train_median,validation,2023-12,country_cn,country_sg,0.03315736156586341,0.06201982908737788
train_median,validation,2023-01,country_cn,country_th,-0.1286946339934282,0.06201982908737788
train_median,validation,2023-02,country_cn,country_th,0.1548829255763852,0.06201982908737788
train_median,validation,2023-03,country_cn,country_th,0.11902109766819698,0.06201982908737788
train_median,validation,2023-04,country_cn,country_th,0.3117952741353299,0.06201982908737788
train_median,validation,2023-05,country_cn,country_th,-0.13844585078338387,0.06201982908737788
train_median,validation,2023-06,country_cn,country_th,-0.15413080372357305,0.06201982908737788
train_median,validation,2023-07,country_cn,country_th,-0.0872490769663986,0.06201982908737788
train_median,validation,2023-08,country_cn,country_th,-0.1342183996994913,0.06201982908737788
train_median,validation,2023-09,country_cn,country_th,-0.11086395923398623,0.06201982908737788
train_median,validation,2023-10,country_cn,country_th,-0.09620811913895284,0.06201982908737788
train_median,validation,2023-11,country_cn,country_th,-0.24465798442654343,0.06201982908737788
train_median,validation,2023-12,country_cn,country_th,-0.01286952697841643,0.06201982908737788
train_median,validation,2023-01,country_cn,country_us,-0.2521757335514226,0.06201982908737788
train_median,validation,2023-02,country_cn,country_us,-0.18238128202233986,0.06201982908737788
train_median,validation,2023-03,country_cn,country_us,-0.18430062259134697,0.06201982908737788
train_median,validation,2023-04,country_cn,country_us,-0.10741573268532836,0.06201982908737788
train_median,validation,2023-05,country_cn,country_us,-0.0786244500203617,0.06201982908737788
train_median,validation,2023-06,country_cn,country_us,-0.168566138602542,0.06201982908737788
train_median,validation,2023-07,country_cn,country_us,-0.04710237240160157,0.06201982908737788
train_median,validation,2023-08,country_cn,country_us,-0.13636359775509863,0.06201982908737788
train_median,validation,2023-09,country_cn,country_us,-0.30518870677849236,0.06201982908737788
train_median,validation,2023-10,country_cn,country_us,-0.3363801500747089,0.06201982908737788
train_median,validation,2023-11,country_cn,country_us,-0.3634435646490023,0.06201982908737788
train_median,validation,2023-12,country_cn,country_us,-0.28562423396573183,0.06201982908737788
train_median,validation,2023-01,country_cn,country_vn,-0.13161522472447165,0.06201982908737788
train_median,validation,2023-02,country_cn,country_vn,0.04642371876505674,0.06201982908737788
train_median,validation,2023-03,country_cn,country_vn,-0.2120366999464397,0.06201982908737788
train_median,validation,2023-04,country_cn,country_vn,-0.19487421962399182,0.06201982908737788
train_median,validation,2023-05,country_cn,country_vn,-0.19582580856539605,0.06201982908737788
train_median,validation,2023-06,country_cn,country_vn,0.020790936821820535,0.06201982908737788
train_median,validation,2023-07,country_cn,country_vn,0.22707454917396575,0.06201982908737788
train_median,validation,2023-08,country_cn,country_vn,0.30502749680460756,0.06201982908737788
train_median,validation,2023-09,country_cn,country_vn,0.2410468172145438,0.06201982908737788
train_median,validation,2023-10,country_cn,country_vn,0.26314486462223674,0.06201982908737788
train_median,validation,2023-11,country_cn,country_vn,0.29137124058938635,0.06201982908737788
train_median,validation,2023-01,country_de,country_203,0.4521212294130545,0.06201982908737788
train_median,validation,2023-02,country_de,country_203,0.4500632732139733,0.06201982908737788
train_median,validation,2023-03,country_de,country_203,-0.0554569203887135,0.06201982908737788
train_median,validation,2023-04,country_de,country_203,0.013037869784275529,0.06201982908737788
train_median,validation,2023-05,country_de,country_203,0.1495613171227981,0.06201982908737788
train_median,validation,2023-06,country_de,country_203,-0.024910363658914143,0.06201982908737788
train_median,validation,2023-07,country_de,country_203,0.18482051943448827,0.06201982908737788
train_median,validation,2023-08,country_de,country_203,-0.07704658847091889,0.06201982908737788
train_median,validation,2023-09,country_de,country_203,-0.007831477585260146,0.06201982908737788
train_median,validation,2023-10,country_de,country_203,0.03579421953389747,0.06201982908737788
train_median,validation,2023-11,country_de,country_203,-0.2532776551063702,0.06201982908737788
train_median,validation,2023-12,country_de,country_203,0.1286704251189392,0.06201982908737788
train_median,validation,2023-01,country_de,country_344,-0.03495394959501393,0.06201982908737788
train_median,validation,2023-02,country_de,country_344,0.5843642160361991,0.06201982908737788
train_median,validation,2023-03,country_de,country_344,-0.14241338949449803,0.06201982908737788
train_median,validation,2023-04,country_de,country_344,-0.17243710120176617,0.06201982908737788
train_median,validation,2023-05,country_de,country_344,-0.13542829893655936,0.06201982908737788
train_median,validation,2023-06,country_de,country_344,-0.11155075269348447,0.06201982908737788
train_median,validation,2023-07,country_de,country_344,-0.07977339612026488,0.06201982908737788
train_median,validation,2023-08,country_de,country_344,0.019842849745340518,0.06201982908737788
train_median,validation,2023-09,country_de,country_344,0.012246267958754865,0.06201982908737788
train_median,validation,2023-10,country_de,country_344,-0.09518209147617374,0.06201982908737788
train_median,validation,2023-11,country_de,country_344,0.17809895961457198,0.06201982908737788
train_median,validation,2023-12,country_de,country_344,0.08149925229732555,0.06201982908737788
train_median,validation,2023-01,country_de,country_372,-0.43616125608033957,0.06201982908737788
train_median,validation,2023-02,country_de,country_372,0.1902235529362231,0.06201982908737788
train_median,validation,2023-03,country_de,country_372,-0.3430099297361322,0.06201982908737788
train_median,validation,2023-04,country_de,country_372,-0.5107512670955349,0.06201982908737788
train_median,validation,2023-05,country_de,country_372,-0.4055257378659159,0.06201982908737788
train_median,validation,2023-06,country_de,country_372,-0.15268049109906495,0.06201982908737788
train_median,validation,2023-07,country_de,country_372,-0.24533889000594294,0.06201982908737788
train_median,validation,2023-08,country_de,country_372,0.5129967073460658,0.06201982908737788
train_median,validation,2023-09,country_de,country_372,-0.08808688323361494,0.06201982908737788
train_median,validation,2023-10,country_de,country_372,-0.2223602697964016,0.06201982908737788
train_median,validation,2023-11,country_de,country_372,-0.014285864350181117,0.06201982908737788
train_median,validation,2023-12,country_de,country_372,-0.04911361543985842,0.06201982908737788
train_median,validation,2023-01,country_de,country_380,0.2785164374025347,0.06201982908737788
train_median,validation,2023-02,country_de,country_380,0.12216599779299314,0.06201982908737788
train_median,validation,2023-03,country_de,country_380,0.08485032389154946,0.06201982908737788
train_median,validation,2023-04,country_de,country_380,0.5062526332688703,0.06201982908737788
train_median,validation,2023-05,country_de,country_380,-0.08346105659560751,0.06201982908737788
train_median,validation,2023-06,country_de,country_380,-0.13952921089795892,0.06201982908737788
train_median,validation,2023-07,country_de,country_380,-0.3701275820446149,0.06201982908737788
train_median,validation,2023-08,country_de,country_380,-0.0285534449452164,0.06201982908737788
train_median,validation,2023-09,country_de,country_380,-0.1673103268109545,0.06201982908737788
train_median,validation,2023-10,country_de,country_380,-0.2165116198086424,0.06201982908737788
train_median,validation,2023-11,country_de,country_380,-0.37865155258079486,0.06201982908737788
train_median,validation,2023-12,country_de,country_380,-0.12043526600456474,0.06201982908737788
train_median,validation,2023-01,country_de,country_cn,-0.3943269423697781,0.06201982908737788
train_median,validation,2023-02,country_de,country_cn,-0.27106914714707697,0.06201982908737788
train_median,validation,2023-03,country_de,country_cn,-0.24915342483230796,0.06201982908737788
train_median,validation,2023-04,country_de,country_cn,-0.18289674768689404,0.06201982908737788
train_median,validation,2023-05,country_de,country_cn,0.41797636979332153,0.06201982908737788
train_median,validation,2023-06,country_de,country_cn,-0.08227710461019434,0.06201982908737788
train_median,validation,2023-07,country_de,country_cn,0.03145817996667232,0.06201982908737788
train_median,validation,2023-08,country_de,country_cn,-0.13492177892147802,0.06201982908737788
train_median,validation,2023-09,country_de,country_cn,-0.058996251689707256,0.06201982908737788
train_median,validation,2023-10,country_de,country_cn,0.024393699588483128,0.06201982908737788
train_median,validation,2023-11,country_de,country_cn,-0.03713904445780867,0.06201982908737788
train_median,validation,2023-12,country_de,country_cn,-0.08855539901420133,0.06201982908737788
train_median,validation,2023-01,country_de,country_fr,-0.06054706737076177,0.06201982908737788
train_median,validation,2023-02,country_de,country_fr,0.19813615162536924,0.06201982908737788
train_median,validation,2023-03,country_de,country_fr,0.03693795098606858,0.06201982908737788
train_median,validation,2023-04,country_de,country_fr,0.16272508371124517,0.06201982908737788
train_median,validation,2023-05,country_de,country_fr,0.09154005595499135,0.06201982908737788
train_median,validation,2023-06,country_de,country_fr,-0.03792859147246786,0.06201982908737788
train_median,validation,2023-07,country_de,country_fr,0.07452583170254455,0.06201982908737788
train_median,validation,2023-08,country_de,country_fr,-0.13667104023736282,0.06201982908737788
train_median,validation,2023-09,country_de,country_fr,-0.04882351048523373,0.06201982908737788
train_median,validation,2023-10,country_de,country_fr,0.005853705506286759,0.06201982908737788
train_median,validation,2023-11,country_de,country_fr,-0.098085938444304,0.06201982908737788
train_median,validation,2023-12,country_de,country_fr,0.15066292871970724,0.06201982908737788
train_median,validation,2023-01,country_de,country_gb,0.043963368928348685,0.06201982908737788
train_median,validation,2023-02,country_de,country_gb,-0.14527170043753693,0.06201982908737788
train_median,validation,2023-03,country_de,country_gb,-0.15439286490328513,0.06201982908737788
train_median,validation,2023-04,country_de,country_gb,-0.19336404972125645,0.06201982908737788
train_median,validation,2023-05,country_de,country_gb,-0.19272410699353607,0.06201982908737788
train_median,validation,2023-06,country_de,country_gb,-0.1224487494780614,0.06201982908737788
train_median,validation,2023-07,country_de,country_gb,-0.15070503278012598,0.06201982908737788
train_median,validation,2023-08,country_de,country_gb,-0.01862490591360142,0.06201982908737788
train_median,validation,2023-09,country_de,country_gb,0.2015164577040755,0.06201982908737788
train_median,validation,2023-10,country_de,country_gb,-0.15614156449746583,0.06201982908737788
train_median,validation,2023-11,country_de,country_gb,-0.08969495729603764,0.06201982908737788
train_median,validation,2023-12,country_de,country_gb,-0.057358110779812836,0.06201982908737788
train_median,validation,2023-01,country_de,country_in,-0.2743402801964553,0.06201982908737788
train_median,validation,2023-02,country_de,country_in,-0.22951325986591892,0.06201982908737788
train_median,validation,2023-03,country_de,country_in,-0.3430283123835095,0.06201982908737788
train_median,validation,2023-04,country_de,country_in,-0.1574825991691552,0.06201982908737788
train_median,validation,2023-05,country_de,country_in,-0.2713351908139221,0.06201982908737788
train_median,validation,2023-06,country_de,country_in,-0.1698347896127644,0.06201982908737788
train_median,validation,2023-07,country_de,country_in,0.049906294800191695,0.06201982908737788
train_median,validation,2023-08,country_de,country_in,-0.051668448793709784,0.06201982908737788
train_median,validation,2023-09,country_de,country_in,-0.12549805722617594,0.06201982908737788
train_median,validation,2023-10,country_de,country_in,-0.12321529969280727,0.06201982908737788
train_median,validation,2023-11,country_de,country_in,0.16587321614505757,0.06201982908737788
train_median,validation,2023-12,country_de,country_in,0.3709404183877713,0.06201982908737788
train_median,validation,2023-01,country_de,country_jp,0.014903553906910283,0.06201982908737788
train_median,validation,2023-02,country_de,country_jp,0.029332625834149712,0.06201982908737788
train_median,validation,2023-03,country_de,country_jp,0.30009830650847885,0.06201982908737788
train_median,validation,2023-04,country_de,country_jp,-0.1995979380103803,0.06201982908737788
train_median,validation,2023-05,country_de,country_jp,-0.043309805148118365,0.06201982908737788
train_median,validation,2023-06,country_de,country_jp,-0.0543687725700692,0.06201982908737788
train_median,validation,2023-07,country_de,country_jp,-0.19782327164360763,0.06201982908737788
train_median,validation,2023-08,country_de,country_jp,-0.041122685101811864,0.06201982908737788
train_median,validation,2023-09,country_de,country_jp,-0.23871206241068202,0.06201982908737788
train_median,validation,2023-10,country_de,country_jp,-0.23998777725661335,0.06201982908737788
train_median,validation,2023-11,country_de,country_jp,0.10871422962187366,0.06201982908737788
train_median,validation,2023-12,country_de,country_jp,-0.23844265917675037,0.06201982908737788
train_median,validation,2023-01,country_de,country_kr,-0.011196604996257324,0.06201982908737788
train_median,validation,2023-02,country_de,country_kr,-0.2810176792536713,0.06201982908737788
train_median,validation,2023-03,country_de,country_kr,-0.20116825041978503,0.06201982908737788
train_median,validation,2023-04,country_de,country_kr,-0.18811909183605355,0.06201982908737788
train_median,validation,2023-05,country_de,country_kr,0.004900768262515718,0.06201982908737788
train_median,validation,2023-06,country_de,country_kr,0.09683290699397214,0.06201982908737788
train_median,validation,2023-07,country_de,country_kr,0.014023279550654516,0.06201982908737788
train_median,validation,2023-08,country_de,country_kr,0.14844808071742938,0.06201982908737788
train_median,validation,2023-09,country_de,country_kr,0.36485566591825513,0.06201982908737788
train_median,validation,2023-10,country_de,country_kr,0.396297771583746,0.06201982908737788
train_median,validation,2023-11,country_de,country_kr,0.1918290603261757,0.06201982908737788
train_median,validation,2023-12,country_de,country_kr,0.26390564793231774,0.06201982908737788
train_median,validation,2023-01,country_de,country_mx,0.05382306547697367,0.06201982908737788
train_median,validation,2023-02,country_de,country_mx,0.24689053507993505,0.06201982908737788
train_median,validation,2023-03,country_de,country_mx,0.15948547517660797,0.06201982908737788
train_median,validation,2023-04,country_de,country_mx,0.07606768620688381,0.06201982908737788
train_median,validation,2023-05,country_de,country_mx,0.03622982122600118,0.06201982908737788
train_median,validation,2023-06,country_de,country_mx,0.08640117373418395,0.06201982908737788
train_median,validation,2023-07,country_de,country_mx,0.026169351101917232,0.06201982908737788
train_median,validation,2023-08,country_de,country_mx,0.1549088708316637,0.06201982908737788
train_median,validation,2023-09,country_de,country_mx,-0.011469450262356393,0.06201982908737788
train_median,validation,2023-10,country_de,country_mx,-0.12159056099101233,0.06201982908737788
train_median,validation,2023-11,country_de,country_mx,-0.21330546625263286,0.06201982908737788
train_median,validation,2023-12,country_de,country_mx,-0.016085055179141328,0.06201982908737788
train_median,validation,2023-01,country_de,country_my,-0.0024773315518216536,0.06201982908737788
train_median,validation,2023-02,country_de,country_my,0.27766587387940705,0.06201982908737788
train_median,validation,2023-03,country_de,country_my,0.18302974241849015,0.06201982908737788
train_median,validation,2023-04,country_de,country_my,0.10887477126659113,0.06201982908737788
train_median,validation,2023-05,country_de,country_my,0.29253324868943614,0.06201982908737788
train_median,validation,2023-06,country_de,country_my,0.3248653570600044,0.06201982908737788
train_median,validation,2023-07,country_de,country_my,0.29898106930424534,0.06201982908737788
train_median,validation,2023-08,country_de,country_my,0.1242776160632705,0.06201982908737788
train_median,validation,2023-09,country_de,country_my,0.1011660569117856,0.06201982908737788
train_median,validation,2023-10,country_de,country_my,-0.05404841712101967,0.06201982908737788
train_median,validation,2023-11,country_de,country_my,-0.06679568227009636,0.06201982908737788
train_median,validation,2023-12,country_de,country_my,-0.06296858352808309,0.06201982908737788
train_median,validation,2023-01,country_de,country_ph,-0.041813487262552095,0.06201982908737788
train_median,validation,2023-02,country_de,country_ph,0.19251851473162154,0.06201982908737788
train_median,validation,2023-03,country_de,country_ph,0.0027962617762329225,0.06201982908737788
train_median,validation,2023-04,country_de,country_ph,0.0592469350604311,0.06201982908737788
train_median,validation,2023-05,country_de,country_ph,-0.06848165203188118,0.06201982908737788
train_median,validation,2023-06,country_de,country_ph,-0.02049904502213952,0.06201982908737788
train_median,validation,2023-07,country_de,country_ph,0.0006142477661760559,0.06201982908737788
train_median,validation,2023-08,country_de,country_ph,0.0410889519578453,0.06201982908737788
train_median,validation,2023-09,country_de,country_ph,0.03772506305824619,0.06201982908737788
train_median,validation,2023-10,country_de,country_ph,-0.0959794317036649,0.06201982908737788
train_median,validation,2023-11,country_de,country_ph,-0.19672080331989691,0.06201982908737788
train_median,validation,2023-12,country_de,country_ph,0.09750250660658177,0.06201982908737788
train_median,validation,2023-01,country_de,country_sg,-0.09433587156398812,0.06201982908737788
train_median,validation,2023-02,country_de,country_sg,-0.012066107167562035,0.06201982908737788
train_median,validation,2023-03,country_de,country_sg,0.031965711789089496,0.06201982908737788
train_median,validation,2023-04,country_de,country_sg,-0.08013365521753524,0.06201982908737788
train_median,validation,2023-05,country_de,country_sg,0.024706182785058848,0.06201982908737788
train_median,validation,2023-06,country_de,country_sg,0.23629406530358144,0.06201982908737788
train_median,validation,2023-07,country_de,country_sg,0.4059321058404715,0.06201982908737788
train_median,validation,2023-08,country_de,country_sg,0.21248636562618975,0.06201982908737788
train_median,validation,2023-09,country_de,country_sg,-0.010788780984718681,0.06201982908737788
train_median,validation,2023-10,country_de,country_sg,-0.0384958265684559,0.06201982908737788
train_median,validation,2023-11,country_de,country_sg,-0.014149801692701093,0.06201982908737788
train_median,validation,2023-12,country_de,country_sg,-0.029786518215556553,0.06201982908737788
train_median,validation,2023-01,country_de,country_th,0.13904179208858208,0.06201982908737788
train_median,validation,2023-02,country_de,country_th,0.45696946133401617,0.06201982908737788
train_median,validation,2023-03,country_de,country_th,0.5802323752772929,0.06201982908737788
train_median,validation,2023-04,country_de,country_th,0.9482840189779612,0.06201982908737788
train_median,validation,2023-05,country_de,country_th,0.7991466908702844,0.06201982908737788
train_median,validation,2023-06,country_de,country_th,1.1683483383856355,0.06201982908737788
train_median,validation,2023-07,country_de,country_th,0.6584098387629808,0.06201982908737788
train_median,validation,2023-08,country_de,country_th,0.03408610883298806,0.06201982908737788
train_median,validation,2023-09,country_de,country_th,0.09816017734610408,0.06201982908737788
train_median,validation,2023-10,country_de,country_th,-0.2471145135523848,0.06201982908737788
train_median,validation,2023-11,country_de,country_th,-0.19556935927781982,0.06201982908737788
train_median,validation,2023-12,country_de,country_th,0.20765428046992127,0.06201982908737788
train_median,validation,2023-01,country_de,country_us,0.24972351234245801,0.06201982908737788
train_median,validation,2023-02,country_de,country_us,0.2189685032249981,0.06201982908737788
train_median,validation,2023-03,country_de,country_us,0.0602463163822803,0.06201982908737788
train_median,validation,2023-04,country_de,country_us,0.21242579119735888,0.06201982908737788
train_median,validation,2023-05,country_de,country_us,0.25289620213565295,0.06201982908737788
train_median,validation,2023-06,country_de,country_us,-0.027520661182373465,0.06201982908737788
train_median,validation,2023-07,country_de,country_us,0.1435058273923868,0.06201982908737788
train_median,validation,2023-08,country_de,country_us,0.4083011099218875,0.06201982908737788
train_median,validation,2023-09,country_de,country_us,0.10366184416078919,0.06201982908737788
train_median,validation,2023-10,country_de,country_us,0.3559360867594829,0.06201982908737788
train_median,validation,2023-11,country_de,country_us,-0.04978296572322404,0.06201982908737788
train_median,validation,2023-12,country_de,country_us,0.011525454502448575,0.06201982908737788
train_median,validation,2023-01,country_de,country_vn,-0.2651431403229119,0.06201982908737788
train_median,validation,2023-02,country_de,country_vn,0.013673717186675526,0.06201982908737788
train_median,validation,2023-03,country_de,country_vn,-0.11695218707936123,0.06201982908737788
train_median,validation,2023-04,country_de,country_vn,0.020491413147106275,0.06201982908737788
train_median,validation,2023-05,country_de,country_vn,0.290190475706186,0.06201982908737788
train_median,validation,2023-06,country_de,country_vn,0.324720877835898,0.06201982908737788
train_median,validation,2023-07,country_de,country_vn,0.013083645846396076,0.06201982908737788
train_median,validation,2023-08,country_de,country_vn,0.11813350216066353,0.06201982908737788
train_median,validation,2023-09,country_de,country_vn,0.19350043705520137,0.06201982908737788
train_median,validation,2023-10,country_de,country_vn,-0.3964417123980309,0.06201982908737788
train_median,validation,2023-11,country_de,country_vn,-0.2551247172029378,0.06201982908737788
train_median,validation,2023-01,country_fr,country_203,0.3614722172364925,0.06201982908737788
train_median,validation,2023-02,country_fr,country_203,0.6532744597980273,0.06201982908737788
train_median,validation,2023-03,country_fr,country_203,2.05096460838908,0.06201982908737788
train_median,validation,2023-04,country_fr,country_203,0.3987293145700309,0.06201982908737788
train_median,validation,2023-05,country_fr,country_203,-0.20707299502675902,0.06201982908737788
train_median,validation,2023-06,country_fr,country_203,-0.3102234864441211,0.06201982908737788
train_median,validation,2023-07,country_fr,country_203,-0.0489524558955358,0.06201982908737788
train_median,validation,2023-08,country_fr,country_203,-0.15128904633798312,0.06201982908737788
train_median,validation,2023-09,country_fr,country_203,0.3766802585624915,0.06201982908737788
train_median,validation,2023-10,country_fr,country_203,-0.3063601716982025,0.06201982908737788
train_median,validation,2023-11,country_fr,country_203,-0.3404505399914588,0.06201982908737788
train_median,validation,2023-12,country_fr,country_203,0.16302672683582556,0.06201982908737788
train_median,validation,2023-01,country_fr,country_344,-0.23157532455894936,0.06201982908737788
train_median,validation,2023-02,country_fr,country_344,0.03690754818592262,0.06201982908737788
train_median,validation,2023-03,country_fr,country_344,-0.1527798341712853,0.06201982908737788
train_median,validation,2023-04,country_fr,country_344,0.005767597463372188,0.06201982908737788
train_median,validation,2023-05,country_fr,country_344,0.04928324116578889,0.06201982908737788
train_median,validation,2023-06,country_fr,country_344,-0.11270546850601361,0.06201982908737788
train_median,validation,2023-07,country_fr,country_344,-0.5575592744444725,0.06201982908737788
train_median,validation,2023-08,country_fr,country_344,-0.6095845523132852,0.06201982908737788
train_median,validation,2023-09,country_fr,country_344,0.18278626040520315,0.06201982908737788
train_median,validation,2023-10,country_fr,country_344,0.37650309755895944,0.06201982908737788
train_median,validation,2023-11,country_fr,country_344,0.3042459081427791,0.06201982908737788
train_median,validation,2023-12,country_fr,country_344,-0.1228025018286411,0.06201982908737788
train_median,validation,2023-01,country_fr,country_372,0.2965826324554972,0.06201982908737788
train_median,validation,2023-02,country_fr,country_372,0.9713503212227365,0.06201982908737788
train_median,validation,2023-03,country_fr,country_372,0.04061660874578616,0.06201982908737788
train_median,validation,2023-04,country_fr,country_372,-0.12058291849489614,0.06201982908737788
train_median,validation,2023-05,country_fr,country_372,0.44097919989669515,0.06201982908737788
train_median,validation,2023-06,country_fr,country_372,0.768170414894999,0.06201982908737788
train_median,validation,2023-07,country_fr,country_372,0.5434570411487278,0.06201982908737788
train_median,validation,2023-08,country_fr,country_372,0.2527518068791151,0.06201982908737788
train_median,validation,2023-09,country_fr,country_372,0.22019517177466663,0.06201982908737788
train_median,validation,2023-10,country_fr,country_372,-0.5373925436377852,0.06201982908737788
train_median,validation,2023-11,country_fr,country_372,-0.34023438697059194,0.06201982908737788
train_median,validation,2023-12,country_fr,country_372,-0.6818934303635129,0.06201982908737788
train_median,validation,2023-01,country_fr,country_380,0.0837817643252394,0.06201982908737788
train_median,validation,2023-02,country_fr,country_380,0.25938941812803784,0.06201982908737788
train_median,validation,2023-03,country_fr,country_380,-0.024011191489508373,0.06201982908737788
train_median,validation,2023-04,country_fr,country_380,-0.16666868325420167,0.06201982908737788
train_median,validation,2023-05,country_fr,country_380,0.0030794047217631505,0.06201982908737788
train_median,validation,2023-06,country_fr,country_380,-0.3531448185892759,0.06201982908737788
train_median,validation,2023-07,country_fr,country_380,-0.4831325219607629,0.06201982908737788
train_median,validation,2023-08,country_fr,country_380,-0.288654800500264,0.06201982908737788
train_median,validation,2023-09,country_fr,country_380,-0.2757749023613747,0.06201982908737788
train_median,validation,2023-10,country_fr,country_380,-0.24429382368329042,0.06201982908737788
train_median,validation,2023-11,country_fr,country_380,-0.21339625186931863,0.06201982908737788
train_median,validation,2023-12,country_fr,country_380,-0.15868609532364322,0.06201982908737788
train_median,validation,2023-01,country_fr,country_cn,-0.21993072716423534,0.06201982908737788
train_median,validation,2023-02,country_fr,country_cn,0.005794126390833584,0.06201982908737788
train_median,validation,2023-03,country_fr,country_cn,-0.1407641062951229,0.06201982908737788
train_median,validation,2023-04,country_fr,country_cn,-0.12417410183552041,0.06201982908737788
train_median,validation,2023-05,country_fr,country_cn,-0.024198129961991534,0.06201982908737788
train_median,validation,2023-06,country_fr,country_cn,0.01456882213513508,0.06201982908737788
train_median,validation,2023-07,country_fr,country_cn,0.21184546582818206,0.06201982908737788
train_median,validation,2023-08,country_fr,country_cn,0.27949613346081087,0.06201982908737788
train_median,validation,2023-09,country_fr,country_cn,0.23092588448485188,0.06201982908737788
train_median,validation,2023-10,country_fr,country_cn,0.30243348937408115,0.06201982908737788
train_median,validation,2023-11,country_fr,country_cn,0.21409778250224093,0.06201982908737788
train_median,validation,2023-12,country_fr,country_cn,-0.0324919636184715,0.06201982908737788
train_median,validation,2023-01,country_fr,country_de,-0.7180040523049445,0.06201982908737788
train_median,validation,2023-02,country_fr,country_de,-0.6739996209253216,0.06201982908737788
train_median,validation,2023-03,country_fr,country_de,-0.7380672140966773,0.06201982908737788
train_median,validation,2023-04,country_fr,country_de,-0.7119129034831658,0.06201982908737788
train_median,validation,2023-05,country_fr,country_de,-0.6325635973124754,0.06201982908737788
train_median,validation,2023-06,country_fr,country_de,-0.5408950662755663,0.06201982908737788
train_median,validation,2023-07,country_fr,country_de,-0.1483946422107102,0.06201982908737788
train_median,validation,2023-08,country_fr,country_de,0.09309838810122952,0.06201982908737788
train_median,validation,2023-09,country_fr,country_de,0.08488357291527641,0.06201982908737788
train_median,validation,2023-10,country_fr,country_de,-0.061552212177588043,0.06201982908737788
train_median,validation,2023-11,country_fr,country_de,0.002899444125485692,0.06201982908737788
train_median,validation,2023-12,country_fr,country_de,0.21161558713418058,0.06201982908737788
train_median,validation,2023-01,country_fr,country_gb,0.4301504576605565,0.06201982908737788
train_median,validation,2023-02,country_fr,country_gb,0.018604990017366214,0.06201982908737788
train_median,validation,2023-03,country_fr,country_gb,-0.10434539182765232,0.06201982908737788
train_median,validation,2023-04,country_fr,country_gb,-0.019722660664691267,0.06201982908737788
train_median,validation,2023-05,country_fr,country_gb,0.048886334225338404,0.06201982908737788
train_median,validation,2023-06,country_fr,country_gb,0.11891846424597818,0.06201982908737788
train_median,validation,2023-07,country_fr,country_gb,-0.326284369720144,0.06201982908737788
train_median,validation,2023-08,country_fr,country_gb,0.03322770584987659,0.06201982908737788
train_median,validation,2023-09,country_fr,country_gb,0.07903144127639972,0.06201982908737788
train_median,validation,2023-10,country_fr,country_gb,-0.09849098670598064,0.06201982908737788
train_median,validation,2023-11,country_fr,country_gb,0.10860140637095879,0.06201982908737788
train_median,validation,2023-12,country_fr,country_gb,-0.005397936088011245,0.06201982908737788
train_median,validation,2023-01,country_fr,country_in,-0.5998327087722592,0.06201982908737788
train_median,validation,2023-02,country_fr,country_in,0.6228135752330883,0.06201982908737788
train_median,validation,2023-03,country_fr,country_in,-0.062374677663996014,0.06201982908737788
train_median,validation,2023-04,country_fr,country_in,0.033361357033830585,0.06201982908737788
train_median,validation,2023-05,country_fr,country_in,0.01616312237048521,0.06201982908737788
train_median,validation,2023-06,country_fr,country_in,0.7797574775009742,0.06201982908737788
train_median,validation,2023-07,country_fr,country_in,0.18650521238205284,0.06201982908737788
train_median,validation,2023-08,country_fr,country_in,1.1628921162871422,0.06201982908737788
train_median,validation,2023-09,country_fr,country_in,-0.33397679056492835,0.06201982908737788
train_median,validation,2023-10,country_fr,country_in,0.01577033624564036,0.06201982908737788
train_median,validation,2023-11,country_fr,country_in,0.48128043939009896,0.06201982908737788
train_median,validation,2023-12,country_fr,country_in,-0.5042663304200214,0.06201982908737788
train_median,validation,2023-01,country_fr,country_jp,-0.22365034167834466,0.06201982908737788
train_median,validation,2023-02,country_fr,country_jp,0.27241461707902753,0.06201982908737788
train_median,validation,2023-03,country_fr,country_jp,-0.07827374509193541,0.06201982908737788
train_median,validation,2023-04,country_fr,country_jp,0.014198376948985675,0.06201982908737788
train_median,validation,2023-05,country_fr,country_jp,0.20592488821368926,0.06201982908737788
train_median,validation,2023-06,country_fr,country_jp,0.06798335286834743,0.06201982908737788
train_median,validation,2023-07,country_fr,country_jp,0.10961086023033574,0.06201982908737788
train_median,validation,2023-08,country_fr,country_jp,0.05360666293187493,0.06201982908737788
train_median,validation,2023-09,country_fr,country_jp,0.205304563814233,0.06201982908737788
train_median,validation,2023-10,country_fr,country_jp,0.3378207284584022,0.06201982908737788
train_median,validation,2023-11,country_fr,country_jp,0.2277076633336173,0.06201982908737788
train_median,validation,2023-12,country_fr,country_jp,-0.18212599578412617,0.06201982908737788
train_median,validation,2023-01,country_fr,country_kr,-0.17493052818621377,0.06201982908737788
train_median,validation,2023-02,country_fr,country_kr,0.012911013319036956,0.06201982908737788
train_median,validation,2023-03,country_fr,country_kr,-0.17266955531292755,0.06201982908737788
train_median,validation,2023-04,country_fr,country_kr,0.20079422765048455,0.06201982908737788
train_median,validation,2023-05,country_fr,country_kr,0.10176322096963326,0.06201982908737788
train_median,validation,2023-06,country_fr,country_kr,0.20105509451212328,0.06201982908737788
train_median,validation,2023-07,country_fr,country_kr,0.18327732072549432,0.06201982908737788
train_median,validation,2023-08,country_fr,country_kr,0.19564930220472782,0.06201982908737788
train_median,validation,2023-09,country_fr,country_kr,0.30842021148958276,0.06201982908737788
train_median,validation,2023-10,country_fr,country_kr,0.22645613735952802,0.06201982908737788
train_median,validation,2023-11,country_fr,country_kr,0.0723931687223437,0.06201982908737788
train_median,validation,2023-12,country_fr,country_kr,-0.07940016461991302,0.06201982908737788
train_median,validation,2023-01,country_fr,country_mx,-0.667628182687493,0.06201982908737788
train_median,validation,2023-02,country_fr,country_mx,-0.8157728849648467,0.06201982908737788
train_median,validation,2023-03,country_fr,country_mx,-0.1824153435145959,0.06201982908737788
train_median,validation,2023-04,country_fr,country_mx,1.360638780243239,0.06201982908737788
train_median,validation,2023-05,country_fr,country_mx,0.4966347332835003,0.06201982908737788
train_median,validation,2023-06,country_fr,country_mx,0.7874310569656569,0.06201982908737788
train_median,validation,2023-07,country_fr,country_mx,0.2612142449133946,0.06201982908737788
train_median,validation,2023-08,country_fr,country_mx,-0.4040353897923329,0.06201982908737788
train_median,validation,2023-09,country_fr,country_mx,0.05502023855664945,0.06201982908737788
train_median,validation,2023-10,country_fr,country_mx,0.09145044310565714,0.06201982908737788
train_median,validation,2023-11,country_fr,country_mx,-0.14032483826908212,0.06201982908737788
train_median,validation,2023-12,country_fr,country_mx,-0.3045570531620909,0.06201982908737788
train_median,validation,2023-01,country_fr,country_my,-0.044712673946915284,0.06201982908737788
train_median,validation,2023-02,country_fr,country_my,-0.6914709226198681,0.06201982908737788
train_median,validation,2023-03,country_fr,country_my,-0.5260404884156529,0.06201982908737788
train_median,validation,2023-04,country_fr,country_my,-0.4074603022980583,0.06201982908737788
train_median,validation,2023-05,country_fr,country_my,-0.6125593232909686,0.06201982908737788
train_median,validation,2023-06,country_fr,country_my,-0.5034792010199151,0.06201982908737788
train_median,validation,2023-07,country_fr,country_my,-0.5558804981458059,0.06201982908737788
train_median,validation,2023-08,country_fr,country_my,-0.4783376383864076,0.06201982908737788
train_median,validation,2023-09,country_fr,country_my,-0.13627197108693626,0.06201982908737788
train_median,validation,2023-10,country_fr,country_my,0.08478374289254893,0.06201982908737788
train_median,validation,2023-11,country_fr,country_my,-0.3173931378539662,0.06201982908737788
train_median,validation,2023-12,country_fr,country_my,-0.11347647122582992,0.06201982908737788
train_median,validation,2023-01,country_fr,country_ph,-0.048931774451054434,0.06201982908737788
train_median,validation,2023-02,country_fr,country_ph,0.23592446906206208,0.06201982908737788
train_median,validation,2023-03,country_fr,country_ph,-0.00034540658473570715,0.06201982908737788
train_median,validation,2023-04,country_fr,country_ph,-0.011375192504129541,0.06201982908737788
train_median,validation,2023-05,country_fr,country_ph,0.14311169755452535,0.06201982908737788
train_median,validation,2023-06,country_fr,country_ph,0.3627835132218917,0.06201982908737788
train_median,validation,2023-07,country_fr,country_ph,-0.0964826993883423,0.06201982908737788
train_median,validation,2023-08,country_fr,country_ph,0.19573730707897305,0.06201982908737788
train_median,validation,2023-09,country_fr,country_ph,0.43923196756366867,0.06201982908737788
train_median,validation,2023-10,country_fr,country_ph,-0.3086455148644438,0.06201982908737788
train_median,validation,2023-11,country_fr,country_ph,-0.25792642481890804,0.06201982908737788
train_median,validation,2023-12,country_fr,country_ph,0.06603413150867228,0.06201982908737788
train_median,validation,2023-01,country_fr,country_sg,-0.02568791859557321,0.06201982908737788
train_median,validation,2023-02,country_fr,country_sg,0.18001836202719382,0.06201982908737788
train_median,validation,2023-03,country_fr,country_sg,0.0884509111288474,0.06201982908737788
train_median,validation,2023-04,country_fr,country_sg,0.11795074302133442,0.06201982908737788
train_median,validation,2023-05,country_fr,country_sg,0.09654399339231173,0.06201982908737788
train_median,validation,2023-06,country_fr,country_sg,0.009488298748939663,0.06201982908737788
train_median,validation,2023-07,country_fr,country_sg,0.14129089551107513,0.06201982908737788
train_median,validation,2023-08,country_fr,country_sg,0.022324406065856083,0.06201982908737788
train_median,validation,2023-09,country_fr,country_sg,0.09879755146403234,0.06201982908737788
train_median,validation,2023-10,country_fr,country_sg,0.2424787352876276,0.06201982908737788
train_median,validation,2023-11,country_fr,country_sg,-0.12799700781444054,0.06201982908737788
train_median,validation,2023-12,country_fr,country_sg,0.14765811431422662,0.06201982908737788
train_median,validation,2023-01,country_fr,country_th,-0.009972594873177473,0.06201982908737788
train_median,validation,2023-02,country_fr,country_th,-0.13388040366578657,0.06201982908737788
train_median,validation,2023-03,country_fr,country_th,-0.39438142645758556,0.06201982908737788
train_median,validation,2023-04,country_fr,country_th,-0.3426703705884023,0.06201982908737788
train_median,validation,2023-05,country_fr,country_th,-0.2704721575391875,0.06201982908737788
train_median,validation,2023-06,country_fr,country_th,-0.28367259708409476,0.06201982908737788
train_median,validation,2023-07,country_fr,country_th,-0.11603726335106584,0.06201982908737788
train_median,validation,2023-08,country_fr,country_th,-0.2536862009201758,0.06201982908737788
train_median,validation,2023-09,country_fr,country_th,0.1385354332825323,0.06201982908737788
train_median,validation,2023-10,country_fr,country_th,-0.08628564236819612,0.06201982908737788
train_median,validation,2023-11,country_fr,country_th,0.030819815784639423,0.06201982908737788
train_median,validation,2023-12,country_fr,country_th,0.4498392784942059,0.06201982908737788
train_median,validation,2023-01,country_fr,country_us,-0.14087726968202213,0.06201982908737788
train_median,validation,2023-02,country_fr,country_us,0.3874140241274215,0.06201982908737788
train_median,validation,2023-03,country_fr,country_us,0.06360834458040661,0.06201982908737788
train_median,validation,2023-04,country_fr,country_us,0.00724907387701798,0.06201982908737788
train_median,validation,2023-05,country_fr,country_us,-0.0553698863043747,0.06201982908737788
train_median,validation,2023-06,country_fr,country_us,-0.2952714903733622,0.06201982908737788
train_median,validation,2023-07,country_fr,country_us,-0.12731346611412292,0.06201982908737788
train_median,validation,2023-08,country_fr,country_us,-0.06207380634137588,0.06201982908737788
train_median,validation,2023-09,country_fr,country_us,-0.10061571446899284,0.06201982908737788
train_median,validation,2023-10,country_fr,country_us,-0.19667091759371227,0.06201982908737788
train_median,validation,2023-11,country_fr,country_us,-0.003481250857920117,0.06201982908737788
train_median,validation,2023-12,country_fr,country_us,-0.2050533250582891,0.06201982908737788
train_median,validation,2023-01,country_fr,country_vn,0.09649004707163131,0.06201982908737788
train_median,validation,2023-02,country_fr,country_vn,0.5520850530019602,0.06201982908737788
train_median,validation,2023-03,country_fr,country_vn,0.05237401974577637,0.06201982908737788
train_median,validation,2023-04,country_fr,country_vn,0.7326501657673656,0.06201982908737788
train_median,validation,2023-05,country_fr,country_vn,-0.10965203595519814,0.06201982908737788
train_median,validation,2023-06,country_fr,country_vn,0.42984480974152856,0.06201982908737788
train_median,validation,2023-07,country_fr,country_vn,0.4985448407901881,0.06201982908737788
train_median,validation,2023-08,country_fr,country_vn,0.29653797197115433,0.06201982908737788
train_median,validation,2023-09,country_fr,country_vn,0.7872575096389374,0.06201982908737788
train_median,validation,2023-10,country_fr,country_vn,0.31726538313825153,0.06201982908737788
train_median,validation,2023-11,country_fr,country_vn,0.6688756125695059,0.06201982908737788
train_median,validation,2023-01,country_gb,country_203,0.02846176013379601,0.06201982908737788
train_median,validation,2023-02,country_gb,country_203,-0.2656863296965282,0.06201982908737788
train_median,validation,2023-03,country_gb,country_203,-0.7107765323973665,0.06201982908737788
train_median,validation,2023-04,country_gb,country_203,-0.45231105445274083,0.06201982908737788
train_median,validation,2023-05,country_gb,country_203,-0.4602760510665942,0.06201982908737788
train_median,validation,2023-06,country_gb,country_203,0.2133111740971994,0.06201982908737788
train_median,validation,2023-07,country_gb,country_203,-0.36646223765986946,0.06201982908737788
train_median,validation,2023-08,country_gb,country_203,-0.45163791877413156,0.06201982908737788
train_median,validation,2023-09,country_gb,country_203,-0.42913970576012406,0.06201982908737788
train_median,validation,2023-10,country_gb,country_203,-0.19733058036593237,0.06201982908737788
train_median,validation,2023-11,country_gb,country_203,0.04955574425698412,0.06201982908737788
train_median,validation,2023-12,country_gb,country_203,0.10530300391588827,0.06201982908737788
train_median,validation,2023-01,country_gb,country_344,-0.11791148342972681,0.06201982908737788
train_median,validation,2023-02,country_gb,country_344,-0.061637308937724,0.06201982908737788
train_median,validation,2023-03,country_gb,country_344,-0.1753452649517356,0.06201982908737788
train_median,validation,2023-04,country_gb,country_344,-0.4758452229599252,0.06201982908737788
train_median,validation,2023-05,country_gb,country_344,-0.15385412228806938,0.06201982908737788
train_median,validation,2023-06,country_gb,country_344,0.088851168760463,0.06201982908737788
train_median,validation,2023-07,country_gb,country_344,-0.2850939718635408,0.06201982908737788
train_median,validation,2023-08,country_gb,country_344,-0.17923183948101643,0.06201982908737788
train_median,validation,2023-09,country_gb,country_344,-0.30039928008883715,0.06201982908737788
train_median,validation,2023-10,country_gb,country_344,-0.35247507889285273,0.06201982908737788
train_median,validation,2023-11,country_gb,country_344,-0.16456038468212522,0.06201982908737788
train_median,validation,2023-12,country_gb,country_344,-0.19936889807566943,0.06201982908737788
train_median,validation,2023-01,country_gb,country_372,0.0983603827253722,0.06201982908737788
train_median,validation,2023-02,country_gb,country_372,0.47269530633236057,0.06201982908737788
train_median,validation,2023-03,country_gb,country_372,0.23687083143092016,0.06201982908737788
train_median,validation,2023-04,country_gb,country_372,0.686732892073115,0.06201982908737788
train_median,validation,2023-05,country_gb,country_372,0.36156959729382043,0.06201982908737788
train_median,validation,2023-06,country_gb,country_372,0.19238858795005767,0.06201982908737788
train_median,validation,2023-07,country_gb,country_372,0.3107604088036806,0.06201982908737788
train_median,validation,2023-08,country_gb,country_372,0.4037340023519856,0.06201982908737788
train_median,validation,2023-09,country_gb,country_372,0.2416109581964747,0.06201982908737788
train_median,validation,2023-10,country_gb,country_372,0.2873360388802749,0.06201982908737788
train_median,validation,2023-11,country_gb,country_372,-0.0022213326693042187,0.06201982908737788
train_median,validation,2023-12,country_gb,country_372,0.08527969468638044,0.06201982908737788
train_median,validation,2023-01,country_gb,country_380,-0.05234972795815145,0.06201982908737788
train_median,validation,2023-02,country_gb,country_380,0.7926340704013309,0.06201982908737788
train_median,validation,2023-03,country_gb,country_380,-0.16427674242449858,0.06201982908737788
train_median,validation,2023-04,country_gb,country_380,0.45625941438173817,0.06201982908737788
train_median,validation,2023-05,country_gb,country_380,-0.10428558530952252,0.06201982908737788
train_median,validation,2023-06,country_gb,country_380,-0.05409729069162671,0.06201982908737788
train_median,validation,2023-07,country_gb,country_380,-0.4861381869800898,0.06201982908737788
train_median,validation,2023-08,country_gb,country_380,0.36741268349470707,0.06201982908737788
train_median,validation,2023-09,country_gb,country_380,-0.05348353855402385,0.06201982908737788
train_median,validation,2023-10,country_gb,country_380,0.20638999626468035,0.06201982908737788
train_median,validation,2023-11,country_gb,country_380,-0.22201216910812624,0.06201982908737788
train_median,validation,2023-12,country_gb,country_380,-0.43355979993107974,0.06201982908737788
train_median,validation,2023-01,country_gb,country_cn,-0.10283932451797177,0.06201982908737788
train_median,validation,2023-02,country_gb,country_cn,0.09199252201488411,0.06201982908737788
train_median,validation,2023-03,country_gb,country_cn,0.0903703395999858,0.06201982908737788
train_median,validation,2023-04,country_gb,country_cn,-0.03532847629774231,0.06201982908737788
train_median,validation,2023-05,country_gb,country_cn,-0.12704152234790217,0.06201982908737788
train_median,validation,2023-06,country_gb,country_cn,-0.051669865794385574,0.06201982908737788
train_median,validation,2023-07,country_gb,country_cn,-0.05750534855608635,0.06201982908737788
train_median,validation,2023-08,country_gb,country_cn,-0.024444919839895576,0.06201982908737788
train_median,validation,2023-09,country_gb,country_cn,0.32745598065239445,0.06201982908737788
train_median,validation,2023-10,country_gb,country_cn,0.3055908512789345,0.06201982908737788
train_median,validation,2023-11,country_gb,country_cn,0.003930489629598432,0.06201982908737788
train_median,validation,2023-12,country_gb,country_cn,-0.06930281540646274,0.06201982908737788
train_median,validation,2023-01,country_gb,country_de,-0.059487142091826435,0.06201982908737788
train_median,validation,2023-02,country_gb,country_de,0.1755662163229376,0.06201982908737788
train_median,validation,2023-03,country_gb,country_de,-0.22279826369808378,0.06201982908737788
train_median,validation,2023-04,country_gb,country_de,0.0050360287075022275,0.06201982908737788
train_median,validation,2023-05,country_gb,country_de,-0.03808975851676604,0.06201982908737788
train_median,validation,2023-06,country_gb,country_de,-0.1340609730959828,0.06201982908737788
train_median,validation,2023-07,country_gb,country_de,-0.26737191434560814,0.06201982908737788
train_median,validation,2023-08,country_gb,country_de,-0.1344845229994065,0.06201982908737788
train_median,validation,2023-09,country_gb,country_de,3.3968661299908622,0.06201982908737788
train_median,validation,2023-10,country_gb,country_de,3.1040855058220624,0.06201982908737788
train_median,validation,2023-11,country_gb,country_de,1.4854715548180968,0.06201982908737788
train_median,validation,2023-12,country_gb,country_de,3.50125926081675,0.06201982908737788
train_median,validation,2023-01,country_gb,country_fr,0.28863769642540016,0.06201982908737788
train_median,validation,2023-02,country_gb,country_fr,0.3606067513369269,0.06201982908737788
train_median,validation,2023-03,country_gb,country_fr,-0.02167687764395183,0.06201982908737788
train_median,validation,2023-04,country_gb,country_fr,-0.018651124598958745,0.06201982908737788
train_median,validation,2023-05,country_gb,country_fr,0.38952891309482607,0.06201982908737788
train_median,validation,2023-06,country_gb,country_fr,0.03157389503235978,0.06201982908737788
train_median,validation,2023-07,country_gb,country_fr,-0.08613822232366979,0.06201982908737788
train_median,validation,2023-08,country_gb,country_fr,0.2821854136608492,0.06201982908737788
train_median,validation,2023-09,country_gb,country_fr,0.11116473073556404,0.06201982908737788
train_median,validation,2023-10,country_gb,country_fr,0.22017301006166953,0.06201982908737788
train_median,validation,2023-11,country_gb,country_fr,-0.1205238235130918,0.06201982908737788
train_median,validation,2023-12,country_gb,country_fr,-0.27256613926973894,0.06201982908737788
train_median,validation,2023-01,country_gb,country_in,-0.7001985076454935,0.06201982908737788
train_median,validation,2023-02,country_gb,country_in,-0.6738504203834106,0.06201982908737788
train_median,validation,2023-03,country_gb,country_in,-0.8554443589187082,0.06201982908737788
train_median,validation,2023-04,country_gb,country_in,-0.7621136871650224,0.06201982908737788
train_median,validation,2023-05,country_gb,country_in,-0.7268747724890348,0.06201982908737788
train_median,validation,2023-06,country_gb,country_in,-0.574477735138881,0.06201982908737788
train_median,validation,2023-07,country_gb,country_in,-0.04051426434064307,0.06201982908737788
train_median,validation,2023-08,country_gb,country_in,-0.41406563753844394,0.06201982908737788
train_median,validation,2023-09,country_gb,country_in,-0.1243674198186782,0.06201982908737788
train_median,validation,2023-10,country_gb,country_in,-0.16621645419853814,0.06201982908737788
train_median,validation,2023-11,country_gb,country_in,1.5599422725730547,0.06201982908737788
train_median,validation,2023-12,country_gb,country_in,-0.029704734788654465,0.06201982908737788
train_median,validation,2023-01,country_gb,country_jp,-0.18025337415820883,0.06201982908737788
train_median,validation,2023-02,country_gb,country_jp,-0.005844550108739511,0.06201982908737788
train_median,validation,2023-03,country_gb,country_jp,-0.00196496491038807,0.06201982908737788
train_median,validation,2023-04,country_gb,country_jp,0.0023168885628168843,0.06201982908737788
train_median,validation,2023-05,country_gb,country_jp,0.25074241908505013,0.06201982908737788
train_median,validation,2023-06,country_gb,country_jp,0.19241665710501762,0.06201982908737788
train_median,validation,2023-07,country_gb,country_jp,0.06614564642194741,0.06201982908737788
train_median,validation,2023-08,country_gb,country_jp,0.06387486725031659,0.06201982908737788
train_median,validation,2023-09,country_gb,country_jp,-0.14590877146256565,0.06201982908737788
train_median,validation,2023-10,country_gb,country_jp,-0.133994736620483,0.06201982908737788
train_median,validation,2023-11,country_gb,country_jp,0.0844546151740023,0.06201982908737788
train_median,validation,2023-12,country_gb,country_jp,0.10521759925734571,0.06201982908737788
train_median,validation,2023-01,country_gb,country_kr,-0.44835487150978914,0.06201982908737788
train_median,validation,2023-02,country_gb,country_kr,0.13586719268577796,0.06201982908737788
train_median,validation,2023-03,country_gb,country_kr,-0.2940597645087236,0.06201982908737788
train_median,validation,2023-04,country_gb,country_kr,-0.10477982690014356,0.06201982908737788
train_median,validation,2023-05,country_gb,country_kr,-0.4478918412549717,0.06201982908737788
train_median,validation,2023-06,country_gb,country_kr,0.13664647555234474,0.06201982908737788
train_median,validation,2023-07,country_gb,country_kr,-0.13063915594261807,0.06201982908737788
train_median,validation,2023-08,country_gb,country_kr,-0.06516570796877924,0.06201982908737788
train_median,validation,2023-09,country_gb,country_kr,0.4365049562734976,0.06201982908737788
train_median,validation,2023-10,country_gb,country_kr,0.28829541290214583,0.06201982908737788
train_median,validation,2023-11,country_gb,country_kr,-0.12913171086465286,0.06201982908737788
train_median,validation,2023-12,country_gb,country_kr,-0.23034571291356512,0.06201982908737788
train_median,validation,2023-01,country_gb,country_mx,-0.13227576873919253,0.06201982908737788
train_median,validation,2023-02,country_gb,country_mx,0.8699565016593811,0.06201982908737788
train_median,validation,2023-03,country_gb,country_mx,0.06160095374139431,0.06201982908737788
train_median,validation,2023-04,country_gb,country_mx,-0.11724746796696274,0.06201982908737788
train_median,validation,2023-05,country_gb,country_mx,0.04653840767499371,0.06201982908737788
train_median,validation,2023-06,country_gb,country_mx,-0.09839646857916161,0.06201982908737788
train_median,validation,2023-07,country_gb,country_mx,-0.14098165721344033,0.06201982908737788
train_median,validation,2023-08,country_gb,country_mx,-0.5534818869533281,0.06201982908737788
train_median,validation,2023-09,country_gb,country_mx,-0.3461749616064136,0.06201982908737788
train_median,validation,2023-10,country_gb,country_mx,-0.5572996683922404,0.06201982908737788
train_median,validation,2023-11,country_gb,country_mx,-0.5890457354583007,0.06201982908737788
train_median,validation,2023-12,country_gb,country_mx,-0.6725548742962643,0.06201982908737788
train_median,validation,2023-01,country_gb,country_my,-0.17079921417895255,0.06201982908737788
train_median,validation,2023-02,country_gb,country_my,0.1110064850150726,0.06201982908737788
train_median,validation,2023-03,country_gb,country_my,-0.18299096327270017,0.06201982908737788
train_median,validation,2023-04,country_gb,country_my,-0.23511010335069255,0.06201982908737788
train_median,validation,2023-05,country_gb,country_my,-0.18833147980045764,0.06201982908737788
train_median,validation,2023-06,country_gb,country_my,-0.1883672797336841,0.06201982908737788
train_median,validation,2023-07,country_gb,country_my,-0.19998387841158316,0.06201982908737788
train_median,validation,2023-08,country_gb,country_my,-0.04304447213038835,0.06201982908737788
train_median,validation,2023-09,country_gb,country_my,-0.3485978782778277,0.06201982908737788
train_median,validation,2023-10,country_gb,country_my,-0.2555113047754395,0.06201982908737788
train_median,validation,2023-11,country_gb,country_my,-0.2708308993805599,0.06201982908737788
train_median,validation,2023-12,country_gb,country_my,-0.17568564739493092,0.06201982908737788
train_median,validation,2023-01,country_gb,country_ph,-0.3521723001834782,0.06201982908737788
train_median,validation,2023-02,country_gb,country_ph,0.11353468769624903,0.06201982908737788
train_median,validation,2023-03,country_gb,country_ph,-0.3413243792771078,0.06201982908737788
train_median,validation,2023-04,country_gb,country_ph,-0.29066366180884556,0.06201982908737788
train_median,validation,2023-05,country_gb,country_ph,-0.20095518307621232,0.06201982908737788
train_median,validation,2023-06,country_gb,country_ph,-0.44557609889973004,0.06201982908737788
train_median,validation,2023-07,country_gb,country_ph,-0.44126555121299893,0.06201982908737788
train_median,validation,2023-08,country_gb,country_ph,-0.28042921421566314,0.06201982908737788
train_median,validation,2023-09,country_gb,country_ph,-0.195516061138106,0.06201982908737788
train_median,validation,2023-10,country_gb,country_ph,-0.09375494548927639,0.06201982908737788
train_median,validation,2023-11,country_gb,country_ph,-0.15388575431632004,0.06201982908737788
train_median,validation,2023-12,country_gb,country_ph,-0.226803994404978,0.06201982908737788
train_median,validation,2023-01,country_gb,country_sg,0.011338662006985136,0.06201982908737788
train_median,validation,2023-02,country_gb,country_sg,-0.1770483232655873,0.06201982908737788
train_median,validation,2023-03,country_gb,country_sg,-0.05051208906683666,0.06201982908737788
train_median,validation,2023-04,country_gb,country_sg,0.06226821305858815,0.06201982908737788
train_median,validation,2023-05,country_gb,country_sg,0.12790206059967615,0.06201982908737788
train_median,validation,2023-06,country_gb,country_sg,0.013414960463874718,0.06201982908737788
train_median,validation,2023-07,country_gb,country_sg,-0.1600150080065491,0.06201982908737788
train_median,validation,2023-08,country_gb,country_sg,-0.3165132442715096,0.06201982908737788
train_median,validation,2023-09,country_gb,country_sg,0.282081837448558,0.06201982908737788
train_median,validation,2023-10,country_gb,country_sg,-0.3287785810089512,0.06201982908737788
train_median,validation,2023-11,country_gb,country_sg,-0.1648832333071349,0.06201982908737788
train_median,validation,2023-12,country_gb,country_sg,0.13612052130773614,0.06201982908737788
train_median,validation,2023-01,country_gb,country_th,-0.1777314175587529,0.06201982908737788
train_median,validation,2023-02,country_gb,country_th,-0.4003134797921533,0.06201982908737788
train_median,validation,2023-03,country_gb,country_th,-0.28867846733133495,0.06201982908737788
train_median,validation,2023-04,country_gb,country_th,0.19359581462782632,0.06201982908737788
train_median,validation,2023-05,country_gb,country_th,0.14706006774650984,0.06201982908737788
train_median,validation,2023-06,country_gb,country_th,-0.444670114625095,0.06201982908737788
train_median,validation,2023-07,country_gb,country_th,-0.09058488991479902,0.06201982908737788
train_median,validation,2023-08,country_gb,country_th,-0.5089006570725997,0.06201982908737788
train_median,validation,2023-09,country_gb,country_th,0.28836503217251336,0.06201982908737788
train_median,validation,2023-10,country_gb,country_th,0.2656969465161052,0.06201982908737788
train_median,validation,2023-11,country_gb,country_th,-0.41530035383741815,0.06201982908737788
train_median,validation,2023-12,country_gb,country_th,-0.12220461952284636,0.06201982908737788
train_median,validation,2023-01,country_gb,country_us,-0.17276613592805515,0.06201982908737788
train_median,validation,2023-02,country_gb,country_us,-0.028371210760967516,0.06201982908737788
train_median,validation,2023-03,country_gb,country_us,0.03821094317358695,0.06201982908737788
train_median,validation,2023-04,country_gb,country_us,-0.028092875533751133,0.06201982908737788
train_median,validation,2023-05,country_gb,country_us,0.08723359751608256,0.06201982908737788
train_median,validation,2023-06,country_gb,country_us,-0.1816905854433605,0.06201982908737788
train_median,validation,2023-07,country_gb,country_us,-0.12671335788543145,0.06201982908737788
train_median,validation,2023-08,country_gb,country_us,-0.32104030606210515,0.06201982908737788
train_median,validation,2023-09,country_gb,country_us,-0.20410079114102592,0.06201982908737788
train_median,validation,2023-10,country_gb,country_us,-0.26060514217941705,0.06201982908737788
train_median,validation,2023-11,country_gb,country_us,-0.20078256925882682,0.06201982908737788
train_median,validation,2023-12,country_gb,country_us,-0.24748875272655874,0.06201982908737788
train_median,validation,2023-01,country_gb,country_vn,0.3398671596641338,0.06201982908737788
train_median,validation,2023-02,country_gb,country_vn,-0.3471264273782945,0.06201982908737788
train_median,validation,2023-03,country_gb,country_vn,-0.6790655016745017,0.06201982908737788
train_median,validation,2023-04,country_gb,country_vn,-0.4201999742702166,0.06201982908737788
train_median,validation,2023-05,country_gb,country_vn,0.09303831084686612,0.06201982908737788
train_median,validation,2023-06,country_gb,country_vn,0.023447743218460562,0.06201982908737788
train_median,validation,2023-07,country_gb,country_vn,1.0917516186312037,0.06201982908737788
train_median,validation,2023-08,country_gb,country_vn,-0.19250367016898373,0.06201982908737788
train_median,validation,2023-09,country_gb,country_vn,0.7054257965534051,0.06201982908737788
train_median,validation,2023-10,country_gb,country_vn,2.2842415666481206,0.06201982908737788
train_median,validation,2023-11,country_gb,country_vn,2.3889302969169806,0.06201982908737788
train_median,validation,2023-01,country_in,country_203,-0.5631011889351363,0.06201982908737788
train_median,validation,2023-02,country_in,country_203,-0.030614680292477596,0.06201982908737788
train_median,validation,2023-03,country_in,country_203,0.5893942521617468,0.06201982908737788
train_median,validation,2023-04,country_in,country_203,2.8216931580999565,0.06201982908737788
train_median,validation,2023-05,country_in,country_203,0.4669143787701553,0.06201982908737788
train_median,validation,2023-06,country_in,country_203,-0.48191472281474346,0.06201982908737788
train_median,validation,2023-07,country_in,country_203,1.4115232000733962,0.06201982908737788
train_median,validation,2023-08,country_in,country_203,0.40171302578018997,0.06201982908737788
train_median,validation,2023-09,country_in,country_203,-0.5454563559237647,0.06201982908737788
train_median,validation,2023-10,country_in,country_203,2.6433599050203527,0.06201982908737788
train_median,validation,2023-11,country_in,country_203,-0.7244001619518722,0.06201982908737788
train_median,validation,2023-12,country_in,country_203,-0.45350442771139793,0.06201982908737788
train_median,validation,2023-01,country_in,country_344,-0.15547710273941884,0.06201982908737788
train_median,validation,2023-02,country_in,country_344,-0.34211045402500434,0.06201982908737788
train_median,validation,2023-03,country_in,country_344,-0.19919519350344347,0.06201982908737788
train_median,validation,2023-04,country_in,country_344,-0.5143514275268718,0.06201982908737788
train_median,validation,2023-05,country_in,country_344,-0.30906060689032455,0.06201982908737788
train_median,validation,2023-06,country_in,country_344,0.10905085183028729,0.06201982908737788
train_median,validation,2023-07,country_in,country_344,-0.27918999148168,0.06201982908737788
train_median,validation,2023-08,country_in,country_344,-0.15136525826685515,0.06201982908737788
train_median,validation,2023-09,country_in,country_344,0.06303014549305903,0.06201982908737788
train_median,validation,2023-10,country_in,country_344,0.36828994640954593,0.06201982908737788
train_median,validation,2023-11,country_in,country_344,-0.25912595336095917,0.06201982908737788
train_median,validation,2023-12,country_in,country_344,-0.2082296636083631,0.06201982908737788
train_median,validation,2023-01,country_in,country_372,21.710786676923036,0.06201982908737788
train_median,validation,2023-02,country_in,country_372,35.31579427409382,0.06201982908737788
train_median,validation,2023-03,country_in,country_372,-0.5276093285846332,0.06201982908737788
train_median,validation,2023-04,country_in,country_372,-0.8217948812109954,0.06201982908737788
train_median,validation,2023-05,country_in,country_372,0.21745469014647756,0.06201982908737788
train_median,validation,2023-06,country_in,country_372,23.363717719614094,0.06201982908737788
train_median,validation,2023-07,country_in,country_372,21.16354215719256,0.06201982908737788
train_median,validation,2023-08,country_in,country_372,6.05148447864006,0.06201982908737788
train_median,validation,2023-09,country_in,country_372,3.141233040282387,0.06201982908737788
train_median,validation,2023-10,country_in,country_372,1.4102537678361087,0.06201982908737788
train_median,validation,2023-11,country_in,country_372,0.23688623985260313,0.06201982908737788
train_median,validation,2023-12,country_in,country_372,0.983969286910521,0.06201982908737788
train_median,validation,2023-01,country_in,country_380,0.6121361539011566,0.06201982908737788
train_median,validation,2023-02,country_in,country_380,3.2541800355550508,0.06201982908737788
train_median,validation,2023-03,country_in,country_380,1.6271487167830818,0.06201982908737788
train_median,validation,2023-04,country_in,country_380,0.713261205939182,0.06201982908737788
train_median,validation,2023-05,country_in,country_380,0.2895265061092009,0.06201982908737788
train_median,validation,2023-06,country_in,country_380,0.11470570482214752,0.06201982908737788
train_median,validation,2023-07,country_in,country_380,0.8178806833158455,0.06201982908737788
train_median,validation,2023-08,country_in,country_380,0.2665014766702964,0.06201982908737788
train_median,validation,2023-09,country_in,country_380,0.3206824323348723,0.06201982908737788
train_median,validation,2023-10,country_in,country_380,-0.49992749957907073,0.06201982908737788
train_median,validation,2023-11,country_in,country_380,-0.5153493106741794,0.06201982908737788
train_median,validation,2023-12,country_in,country_380,0.1951777762345409,0.06201982908737788
train_median,validation,2023-01,country_in,country_cn,-0.33398082401084944,0.06201982908737788
train_median,validation,2023-02,country_in,country_cn,0.08413716512113925,0.06201982908737788
train_median,validation,2023-03,country_in,country_cn,-0.2499931479584179,0.06201982908737788
train_median,validation,2023-04,country_in,country_cn,-0.24682683301889088,0.06201982908737788
train_median,validation,2023-05,country_in,country_cn,-0.15821683027247754,0.06201982908737788
train_median,validation,2023-06,country_in,country_cn,-0.1524020354537196,0.06201982908737788
train_median,validation,2023-07,country_in,country_cn,0.10339849267184052,0.06201982908737788
train_median,validation,2023-08,country_in,country_cn,0.4769558102012463,0.06201982908737788
train_median,validation,2023-09,country_in,country_cn,-0.4498334621577569,0.06201982908737788
train_median,validation,2023-10,country_in,country_cn,-0.3971166337204845,0.06201982908737788
train_median,validation,2023-11,country_in,country_cn,-0.01565675176736598,0.06201982908737788
train_median,validation,2023-12,country_in,country_cn,-0.1892640179652326,0.06201982908737788
train_median,validation,2023-01,country_in,country_de,0.05146126373705103,0.06201982908737788
train_median,validation,2023-02,country_in,country_de,-0.1551959325781964,0.06201982908737788
train_median,validation,2023-03,country_in,country_de,-0.133090402791169,0.06201982908737788
train_median,validation,2023-04,country_in,country_de,-0.09164174560933626,0.06201982908737788
train_median,validation,2023-05,country_in,country_de,-0.14500005988606418,0.06201982908737788
train_median,validation,2023-06,country_in,country_de,0.006155324513599848,0.06201982908737788
train_median,validation,2023-07,country_in,country_de,-0.04302735800311422,0.06201982908737788
train_median,validation,2023-08,country_in,country_de,0.050543759865348745,0.06201982908737788
train_median,validation,2023-09,country_in,country_de,-0.2116790699292837,0.06201982908737788
train_median,validation,2023-10,country_in,country_de,-0.28244721509473075,0.06201982908737788
train_median,validation,2023-11,country_in,country_de,0.0020996441388592964,0.06201982908737788
train_median,validation,2023-12,country_in,country_de,0.1391188730452449,0.06201982908737788
train_median,validation,2023-01,country_in,country_fr,-0.5178512556512174,0.06201982908737788
train_median,validation,2023-02,country_in,country_fr,-0.2322139824045867,0.06201982908737788
train_median,validation,2023-03,country_in,country_fr,-0.19765030627061952,0.06201982908737788
train_median,validation,2023-04,country_in,country_fr,-0.130023246674251,0.06201982908737788
train_median,validation,2023-05,country_in,country_fr,-0.42355308244252926,0.06201982908737788
train_median,validation,2023-06,country_in,country_fr,-0.6256212807577263,0.06201982908737788
train_median,validation,2023-07,country_in,country_fr,-0.7004648920948187,0.06201982908737788
train_median,validation,2023-08,country_in,country_fr,-0.2961935114034528,0.06201982908737788
train_median,validation,2023-09,country_in,country_fr,-0.21220946083759304,0.06201982908737788
train_median,validation,2023-10,country_in,country_fr,-0.17367760834986093,0.06201982908737788
train_median,validation,2023-11,country_in,country_fr,-0.249792376237976,0.06201982908737788
train_median,validation,2023-12,country_in,country_fr,-0.27193901857469177,0.06201982908737788
train_median,validation,2023-01,country_in,country_gb,-0.21734278069391197,0.06201982908737788
train_median,validation,2023-02,country_in,country_gb,0.1693351636192327,0.06201982908737788
train_median,validation,2023-03,country_in,country_gb,-0.019768870883599635,0.06201982908737788
train_median,validation,2023-04,country_in,country_gb,-0.23534191397629037,0.06201982908737788
train_median,validation,2023-05,country_in,country_gb,0.04221113691873403,0.06201982908737788
train_median,validation,2023-06,country_in,country_gb,0.12024265581225947,0.06201982908737788
train_median,validation,2023-07,country_in,country_gb,0.6297732977240047,0.06201982908737788
train_median,validation,2023-08,country_in,country_gb,-0.07831803446073693,0.06201982908737788
train_median,validation,2023-09,country_in,country_gb,-0.254331010589071,0.06201982908737788
train_median,validation,2023-10,country_in,country_gb,-0.09854843335243116,0.06201982908737788
train_median,validation,2023-11,country_in,country_gb,0.36345360284837624,0.06201982908737788
train_median,validation,2023-12,country_in,country_gb,0.3677274848434119,0.06201982908737788
train_median,validation,2023-01,country_in,country_jp,-0.6675531862425832,0.06201982908737788
train_median,validation,2023-02,country_in,country_jp,1.3534581798687344,0.06201982908737788
train_median,validation,2023-03,country_in,country_jp,1.1266746763535744,0.06201982908737788
train_median,validation,2023-04,country_in,country_jp,0.3390129095798361,0.06201982908737788
train_median,validation,2023-05,country_in,country_jp,-0.811324428047704,0.06201982908737788
train_median,validation,2023-06,country_in,country_jp,-0.2992844739711858,0.06201982908737788
train_median,validation,2023-07,country_in,country_jp,-0.1844441482605168,0.06201982908737788
train_median,validation,2023-08,country_in,country_jp,-0.7158225277480523,0.06201982908737788
train_median,validation,2023-09,country_in,country_jp,0.21415607382572438,0.06201982908737788
train_median,validation,2023-10,country_in,country_jp,-0.558666526898987,0.06201982908737788
train_median,validation,2023-11,country_in,country_jp,-0.3242814439326856,0.06201982908737788
train_median,validation,2023-12,country_in,country_jp,-0.25677909991928793,0.06201982908737788
train_median,validation,2023-01,country_in,country_kr,0.36261105644633784,0.06201982908737788
train_median,validation,2023-02,country_in,country_kr,-0.7172857897055313,0.06201982908737788
train_median,validation,2023-03,country_in,country_kr,0.1810857571533682,0.06201982908737788
train_median,validation,2023-04,country_in,country_kr,-0.006378565075054422,0.06201982908737788
train_median,validation,2023-05,country_in,country_kr,-0.7587528335877539,0.06201982908737788
train_median,validation,2023-06,country_in,country_kr,-0.15056477549805125,0.06201982908737788
train_median,validation,2023-07,country_in,country_kr,-0.5818810470945781,0.06201982908737788
train_median,validation,2023-08,country_in,country_kr,-0.30601433436376757,0.06201982908737788
train_median,validation,2023-09,country_in,country_kr,0.31930753444244453,0.06201982908737788
train_median,validation,2023-10,country_in,country_kr,0.4961688562921594,0.06201982908737788
train_median,validation,2023-11,country_in,country_kr,0.6615489375996086,0.06201982908737788
train_median,validation,2023-12,country_in,country_kr,9.519609186505027,0.06201982908737788
train_median,validation,2023-01,country_in,country_mx,-0.06687076644087685,0.06201982908737788
train_median,validation,2023-02,country_in,country_mx,0.13269294362365994,0.06201982908737788
train_median,validation,2023-03,country_in,country_mx,-0.11903742981940817,0.06201982908737788
train_median,validation,2023-04,country_in,country_mx,-0.2711600618699664,0.06201982908737788
train_median,validation,2023-05,country_in,country_mx,-0.24520029785375907,0.06201982908737788
train_median,validation,2023-06,country_in,country_mx,-0.17083364955547417,0.06201982908737788
train_median,validation,2023-07,country_in,country_mx,0.12120445013058335,0.06201982908737788
train_median,validation,2023-08,country_in,country_mx,-0.4845764419057316,0.06201982908737788
train_median,validation,2023-09,country_in,country_mx,-0.5149696407539741,0.06201982908737788
train_median,validation,2023-10,country_in,country_mx,0.9049897596925834,0.06201982908737788
train_median,validation,2023-11,country_in,country_mx,-0.20587164713444175,0.06201982908737788
train_median,validation,2023-12,country_in,country_mx,-0.31282655097785766,0.06201982908737788
train_median,validation,2023-01,country_in,country_my,-0.5046876984083526,0.06201982908737788
train_median,validation,2023-02,country_in,country_my,1.3930631114214853,0.06201982908737788
train_median,validation,2023-03,country_in,country_my,0.11870618019334249,0.06201982908737788
train_median,validation,2023-04,country_in,country_my,3.077721814265743,0.06201982908737788
train_median,validation,2023-05,country_in,country_my,0.716377466636929,0.06201982908737788
train_median,validation,2023-06,country_in,country_my,0.06292765239845106,0.06201982908737788
train_median,validation,2023-07,country_in,country_my,-0.026902439706788954,0.06201982908737788
train_median,validation,2023-08,country_in,country_my,0.30294615416771464,0.06201982908737788
train_median,validation,2023-09,country_in,country_my,0.4253150049181209,0.06201982908737788
train_median,validation,2023-10,country_in,country_my,-0.6271328097739448,0.06201982908737788
train_median,validation,2023-11,country_in,country_my,-0.43587994793087487,0.06201982908737788
train_median,validation,2023-12,country_in,country_my,0.025810258291533255,0.06201982908737788
train_median,validation,2023-01,country_in,country_ph,-0.3627270528098278,0.06201982908737788
train_median,validation,2023-02,country_in,country_ph,1.116250014595472,0.06201982908737788
train_median,validation,2023-03,country_in,country_ph,-0.30480109329609356,0.06201982908737788
train_median,validation,2023-04,country_in,country_ph,7.061662061574577,0.06201982908737788
train_median,validation,2023-05,country_in,country_ph,2.8366079304789054,0.06201982908737788
train_median,validation,2023-06,country_in,country_ph,2.66604212383445,0.06201982908737788
train_median,validation,2023-07,country_in,country_ph,-0.8942457004964751,0.06201982908737788
train_median,validation,2023-08,country_in,country_ph,-0.3923100899456764,0.06201982908737788
train_median,validation,2023-09,country_in,country_ph,-0.6066724407500309,0.06201982908737788
train_median,validation,2023-10,country_in,country_ph,-0.8831415515058085,0.06201982908737788
train_median,validation,2023-11,country_in,country_ph,-0.35360347960138744,0.06201982908737788
train_median,validation,2023-12,country_in,country_ph,-0.6231637437055044,0.06201982908737788
train_median,validation,2023-01,country_in,country_sg,-0.41405869110019855,0.06201982908737788
train_median,validation,2023-02,country_in,country_sg,0.18551411834971596,0.06201982908737788
train_median,validation,2023-03,country_in,country_sg,0.7389259724848929,0.06201982908737788
train_median,validation,2023-04,country_in,country_sg,-0.28105910870123435,0.06201982908737788
train_median,validation,2023-05,country_in,country_sg,-0.08217724632234748,0.06201982908737788
train_median,validation,2023-06,country_in,country_sg,0.566678354736234,0.06201982908737788
train_median,validation,2023-07,country_in,country_sg,-0.16931119809880515,0.06201982908737788
train_median,validation,2023-08,country_in,country_sg,0.7081433323767163,0.06201982908737788
train_median,validation,2023-09,country_in,country_sg,-0.4019483525375689,0.06201982908737788
train_median,validation,2023-10,country_in,country_sg,-0.2916537223264702,0.06201982908737788
train_median,validation,2023-11,country_in,country_sg,1.0698619096726716,0.06201982908737788
train_median,validation,2023-12,country_in,country_sg,0.5551919155992323,0.06201982908737788
train_median,validation,2023-01,country_in,country_th,3.0321295003176525,0.06201982908737788
train_median,validation,2023-02,country_in,country_th,1.0645790896507454,0.06201982908737788
train_median,validation,2023-03,country_in,country_th,0.01791748287812215,0.06201982908737788
train_median,validation,2023-04,country_in,country_th,1.8260510214297418,0.06201982908737788
train_median,validation,2023-05,country_in,country_th,5.673125950838056,0.06201982908737788
train_median,validation,2023-06,country_in,country_th,-0.09643704188230351,0.06201982908737788
train_median,validation,2023-07,country_in,country_th,1.560222757483679,0.06201982908737788
train_median,validation,2023-08,country_in,country_th,4.765117402043743,0.06201982908737788
train_median,validation,2023-09,country_in,country_th,6.588671189088936,0.06201982908737788
train_median,validation,2023-10,country_in,country_th,11.393499372787092,0.06201982908737788
train_median,validation,2023-11,country_in,country_th,-0.20224344844927739,0.06201982908737788
train_median,validation,2023-12,country_in,country_th,0.7987648398376846,0.06201982908737788
train_median,validation,2023-01,country_in,country_us,11.86652553130698,0.06201982908737788
train_median,validation,2023-02,country_in,country_us,8.342398080022033,0.06201982908737788
train_median,validation,2023-03,country_in,country_us,2.8770678800558955,0.06201982908737788
train_median,validation,2023-04,country_in,country_us,1.6979383423407477,0.06201982908737788
train_median,validation,2023-05,country_in,country_us,1.6662810645671091,0.06201982908737788
train_median,validation,2023-06,country_in,country_us,0.3628680310153166,0.06201982908737788
train_median,validation,2023-07,country_in,country_us,-0.012621534155275956,0.06201982908737788
train_median,validation,2023-08,country_in,country_us,0.3052391129094606,0.06201982908737788
train_median,validation,2023-09,country_in,country_us,0.21661602007050662,0.06201982908737788
train_median,validation,2023-10,country_in,country_us,-0.316392513361295,0.06201982908737788
train_median,validation,2023-11,country_in,country_us,-0.2063080974252188,0.06201982908737788
train_median,validation,2023-12,country_in,country_us,-0.31638206033054794,0.06201982908737788
train_median,validation,2023-01,country_in,country_vn,0.08014745316400902,0.06201982908737788
train_median,validation,2023-02,country_in,country_vn,0.3606040348196018,0.06201982908737788
train_median,validation,2023-03,country_in,country_vn,0.287808681193471,0.06201982908737788
train_median,validation,2023-04,country_in,country_vn,1.6198175691340857,0.06201982908737788
train_median,validation,2023-05,country_in,country_vn,0.8398940118326115,0.06201982908737788
train_median,validation,2023-06,country_in,country_vn,1.786279579901803,0.06201982908737788
train_median,validation,2023-07,country_in,country_vn,0.005800351294205342,0.06201982908737788
train_median,validation,2023-08,country_in,country_vn,-0.4340207543195564,0.06201982908737788
train_median,validation,2023-09,country_in,country_vn,-0.6651492166455654,0.06201982908737788
train_median,validation,2023-10,country_in,country_vn,-0.4332820550278589,0.06201982908737788
train_median,validation,2023-11,country_in,country_vn,-0.058238794940840916,0.06201982908737788
train_median,validation,2023-01,country_jp,country_203,-0.2739783354681351,0.06201982908737788
train_median,validation,2023-02,country_jp,country_203,-0.17324489163723092,0.06201982908737788
train_median,validation,2023-03,country_jp,country_203,-0.10392340070469369,0.06201982908737788
train_median,validation,2023-04,country_jp,country_203,-0.1454869401363045,0.06201982908737788
train_median,validation,2023-05,country_jp,country_203,0.042338473842680066,0.06201982908737788
train_median,validation,2023-06,country_jp,country_203,-0.12018393024798829,0.06201982908737788
train_median,validation,2023-07,country_jp,country_203,0.0466163600376767,0.06201982908737788
train_median,validation,2023-08,country_jp,country_203,-0.33405961198022777,0.06201982908737788
train_median,validation,2023-09,country_jp,country_203,-0.21498445177129388,0.06201982908737788
train_median,validation,2023-10,country_jp,country_203,-0.25577456620786326,0.06201982908737788
train_median,validation,2023-11,country_jp,country_203,-0.3384130812990941,0.06201982908737788
train_median,validation,2023-12,country_jp,country_203,-0.10035174968787339,0.06201982908737788
train_median,validation,2023-01,country_jp,country_344,-0.23287258010086231,0.06201982908737788
train_median,validation,2023-02,country_jp,country_344,-0.05571792019861695,0.06201982908737788
train_median,validation,2023-03,country_jp,country_344,-0.05318517252944488,0.06201982908737788
train_median,validation,2023-04,country_jp,country_344,-0.04665240267785597,0.06201982908737788
train_median,validation,2023-05,country_jp,country_344,0.10781890582504823,0.06201982908737788
train_median,validation,2023-06,country_jp,country_344,-0.03447539343749716,0.06201982908737788
train_median,validation,2023-07,country_jp,country_344,-0.04105386228721691,0.06201982908737788
train_median,validation,2023-08,country_jp,country_344,0.014818513912799248,0.06201982908737788
train_median,validation,2023-09,country_jp,country_344,0.006010151068257348,0.06201982908737788
train_median,validation,2023-10,country_jp,country_344,0.06088736747386684,0.06201982908737788
train_median,validation,2023-11,country_jp,country_344,0.2082382730420058,0.06201982908737788
train_median,validation,2023-12,country_jp,country_344,0.05168866750497724,0.06201982908737788
train_median,validation,2023-01,country_jp,country_372,-0.2236650367236727,0.06201982908737788
train_median,validation,2023-02,country_jp,country_372,-0.389283336596535,0.06201982908737788
train_median,validation,2023-03,country_jp,country_372,-0.5243310107596638,0.06201982908737788
train_median,validation,2023-04,country_jp,country_372,-0.4593867528595767,0.06201982908737788
train_median,validation,2023-05,country_jp,country_372,-0.5097632697706609,0.06201982908737788
train_median,validation,2023-06,country_jp,country_372,-0.6216089227558543,0.06201982908737788
train_median,validation,2023-07,country_jp,country_372,-0.5183510835898709,0.06201982908737788
train_median,validation,2023-08,country_jp,country_372,-0.3643572287821245,0.06201982908737788
train_median,validation,2023-09,country_jp,country_372,0.09363913099435411,0.06201982908737788
train_median,validation,2023-10,country_jp,country_372,0.23844307541547702,0.06201982908737788
train_median,validation,2023-11,country_jp,country_372,0.9622773642399057,0.06201982908737788
train_median,validation,2023-12,country_jp,country_372,0.04079585034420446,0.06201982908737788
train_median,validation,2023-01,country_jp,country_380,0.20987724011352527,0.06201982908737788
train_median,validation,2023-02,country_jp,country_380,0.2359379820840351,0.06201982908737788
train_median,validation,2023-03,country_jp,country_380,-0.10809226872449523,0.06201982908737788
train_median,validation,2023-04,country_jp,country_380,-0.13415810150515697,0.06201982908737788
train_median,validation,2023-05,country_jp,country_380,0.050610865462181895,0.06201982908737788
train_median,validation,2023-06,country_jp,country_380,-0.32000161578862574,0.06201982908737788
train_median,validation,2023-07,country_jp,country_380,-0.30936984940576706,0.06201982908737788
train_median,validation,2023-08,country_jp,country_380,-0.18920125867264698,0.06201982908737788
train_median,validation,2023-09,country_jp,country_380,-0.1922014441394765,0.06201982908737788
train_median,validation,2023-10,country_jp,country_380,-0.2740264591546507,0.06201982908737788
train_median,validation,2023-11,country_jp,country_380,-0.2946895500651573,0.06201982908737788
train_median,validation,2023-12,country_jp,country_380,-0.02030883845680145,0.06201982908737788
train_median,validation,2023-01,country_jp,country_cn,-0.10455086391244452,0.06201982908737788
train_median,validation,2023-02,country_jp,country_cn,0.42825175329640275,0.06201982908737788
train_median,validation,2023-03,country_jp,country_cn,-0.09291934673245851,0.06201982908737788
train_median,validation,2023-04,country_jp,country_cn,-0.09162407669500224,0.06201982908737788
train_median,validation,2023-05,country_jp,country_cn,-0.002811463310409348,0.06201982908737788
train_median,validation,2023-06,country_jp,country_cn,0.07620235983927712,0.06201982908737788
train_median,validation,2023-07,country_jp,country_cn,-0.03402969922206219,0.06201982908737788
train_median,validation,2023-08,country_jp,country_cn,-0.006458680789945358,0.06201982908737788
train_median,validation,2023-09,country_jp,country_cn,0.04610274836750171,0.06201982908737788
train_median,validation,2023-10,country_jp,country_cn,0.21283491083891143,0.06201982908737788
train_median,validation,2023-11,country_jp,country_cn,0.08065432360527389,0.06201982908737788
train_median,validation,2023-12,country_jp,country_cn,-0.06336812080636048,0.06201982908737788
train_median,validation,2023-01,country_jp,country_de,0.025402732162860157,0.06201982908737788
train_median,validation,2023-02,country_jp,country_de,0.254987207193334,0.06201982908737788
train_median,validation,2023-03,country_jp,country_de,0.04105773000563073,0.06201982908737788
train_median,validation,2023-04,country_jp,country_de,0.03647954052163233,0.06201982908737788
train_median,validation,2023-05,country_jp,country_de,0.10529730244915701,0.06201982908737788
train_median,validation,2023-06,country_jp,country_de,-0.05796835466354492,0.06201982908737788
train_median,validation,2023-07,country_jp,country_de,0.08131650933070579,0.06201982908737788
train_median,validation,2023-08,country_jp,country_de,0.12342322930320167,0.06201982908737788
train_median,validation,2023-09,country_jp,country_de,-0.04603114746092275,0.06201982908737788
train_median,validation,2023-10,country_jp,country_de,-0.047724761420532065,0.06201982908737788
train_median,validation,2023-11,country_jp,country_de,-0.09459887189930513,0.06201982908737788
train_median,validation,2023-12,country_jp,country_de,-0.08385783960435395,0.06201982908737788
train_median,validation,2023-01,country_jp,country_fr,-0.11151548010941417,0.06201982908737788
train_median,validation,2023-02,country_jp,country_fr,-0.02589639061573515,0.06201982908737788
train_median,validation,2023-03,country_jp,country_fr,0.12315727439272482,0.06201982908737788
train_median,validation,2023-04,country_jp,country_fr,-0.08410847944863685,0.06201982908737788
train_median,validation,2023-05,country_jp,country_fr,-0.04065518407050737,0.06201982908737788
train_median,validation,2023-06,country_jp,country_fr,-0.28587717569527427,0.06201982908737788
train_median,validation,2023-07,country_jp,country_fr,-0.3517922792384199,0.06201982908737788
train_median,validation,2023-08,country_jp,country_fr,-0.21860273062458188,0.06201982908737788
train_median,validation,2023-09,country_jp,country_fr,-0.13549578972802376,0.06201982908737788
train_median,validation,2023-10,country_jp,country_fr,-0.4870192104918129,0.06201982908737788
train_median,validation,2023-11,country_jp,country_fr,-0.2612074043919711,0.06201982908737788
train_median,validation,2023-12,country_jp,country_fr,-0.15631603551558515,0.06201982908737788
train_median,validation,2023-01,country_jp,country_gb,-0.0201041267006785,0.06201982908737788
train_median,validation,2023-02,country_jp,country_gb,0.006144125753446072,0.06201982908737788
train_median,validation,2023-03,country_jp,country_gb,-0.16777184731194703,0.06201982908737788
train_median,validation,2023-04,country_jp,country_gb,-0.0895032416882803,0.06201982908737788
train_median,validation,2023-05,country_jp,country_gb,0.19663472365377177,0.06201982908737788
train_median,validation,2023-06,country_jp,country_gb,0.0076534446029350835,0.06201982908737788
train_median,validation,2023-07,country_jp,country_gb,0.02078176538575074,0.06201982908737788
train_median,validation,2023-08,country_jp,country_gb,-0.06579457137236162,0.06201982908737788
train_median,validation,2023-09,country_jp,country_gb,-0.16709274973150878,0.06201982908737788
train_median,validation,2023-10,country_jp,country_gb,-0.09032528623439973,0.06201982908737788
train_median,validation,2023-11,country_jp,country_gb,-0.19369506254087945,0.06201982908737788
train_median,validation,2023-12,country_jp,country_gb,-0.1958746273331147,0.06201982908737788
train_median,validation,2023-01,country_jp,country_in,0.6794781353206506,0.06201982908737788
train_median,validation,2023-02,country_jp,country_in,1.1573575551586648,0.06201982908737788
train_median,validation,2023-03,country_jp,country_in,0.7627364166132001,0.06201982908737788
train_median,validation,2023-04,country_jp,country_in,0.9117561675846079,0.06201982908737788
train_median,validation,2023-05,country_jp,country_in,0.11904272048010099,0.06201982908737788
train_median,validation,2023-06,country_jp,country_in,1.1579542641628202,0.06201982908737788
train_median,validation,2023-07,country_jp,country_in,0.9762860744474005,0.06201982908737788
train_median,validation,2023-08,country_jp,country_in,0.5941550933375535,0.06201982908737788
train_median,validation,2023-09,country_jp,country_in,0.34821889940700856,0.06201982908737788
train_median,validation,2023-10,country_jp,country_in,-0.13137462447819792,0.06201982908737788
train_median,validation,2023-11,country_jp,country_in,0.1403500040121925,0.06201982908737788
train_median,validation,2023-12,country_jp,country_in,0.243971306775752,0.06201982908737788
train_median,validation,2023-01,country_jp,country_kr,-0.19311240640679134,0.06201982908737788
train_median,validation,2023-02,country_jp,country_kr,-0.1556029319808229,0.06201982908737788
train_median,validation,2023-03,country_jp,country_kr,-0.24241230662769628,0.06201982908737788
train_median,validation,2023-04,country_jp,country_kr,-0.39482672434552624,0.06201982908737788
train_median,validation,2023-05,country_jp,country_kr,0.1586579878404017,0.06201982908737788
train_median,validation,2023-06,country_jp,country_kr,-0.3242781765098819,0.06201982908737788
train_median,validation,2023-07,country_jp,country_kr,-0.048830029399902546,0.06201982908737788
train_median,validation,2023-08,country_jp,country_kr,-0.14070327830613874,0.06201982908737788
train_median,validation,2023-09,country_jp,country_kr,0.1647150375531915,0.06201982908737788
train_median,validation,2023-10,country_jp,country_kr,0.08780299971448928,0.06201982908737788
train_median,validation,2023-11,country_jp,country_kr,0.03215497489823813,0.06201982908737788
train_median,validation,2023-12,country_jp,country_kr,0.11775243096368344,0.06201982908737788
train_median,validation,2023-01,country_jp,country_mx,-0.06742032361682819,0.06201982908737788
train_median,validation,2023-02,country_jp,country_mx,0.01721197661339098,0.06201982908737788
train_median,validation,2023-03,country_jp,country_mx,-0.05125852574791397,0.06201982908737788
train_median,validation,2023-04,country_jp,country_mx,0.10565203138056191,0.06201982908737788
train_median,validation,2023-05,country_jp,country_mx,0.12093773560272561,0.06201982908737788
train_median,validation,2023-06,country_jp,country_mx,0.09694109212252706,0.06201982908737788
train_median,validation,2023-07,country_jp,country_mx,0.1963622244669285,0.06201982908737788
train_median,validation,2023-08,country_jp,country_mx,0.0034473880253597755,0.06201982908737788
train_median,validation,2023-09,country_jp,country_mx,0.26827120575686153,0.06201982908737788
train_median,validation,2023-10,country_jp,country_mx,0.033135354288210336,0.06201982908737788
train_median,validation,2023-11,country_jp,country_mx,-0.10243390955653253,0.06201982908737788
train_median,validation,2023-12,country_jp,country_mx,-0.1132879836494945,0.06201982908737788
train_median,validation,2023-01,country_jp,country_my,-0.017451282705091612,0.06201982908737788
train_median,validation,2023-02,country_jp,country_my,0.11801383213559705,0.06201982908737788
train_median,validation,2023-03,country_jp,country_my,-0.39991784615060016,0.06201982908737788
train_median,validation,2023-04,country_jp,country_my,0.029497504468423016,0.06201982908737788
train_median,validation,2023-05,country_jp,country_my,-0.13983605075233566,0.06201982908737788
train_median,validation,2023-06,country_jp,country_my,-0.24886624748221822,0.06201982908737788
train_median,validation,2023-07,country_jp,country_my,-0.16697021425255648,0.06201982908737788
train_median,validation,2023-08,country_jp,country_my,0.004657783751864878,0.06201982908737788
train_median,validation,2023-09,country_jp,country_my,-0.18538829853487984,0.06201982908737788
train_median,validation,2023-10,country_jp,country_my,-0.032860308954316235,0.06201982908737788
train_median,validation,2023-11,country_jp,country_my,-0.1629425296680512,0.06201982908737788
train_median,validation,2023-12,country_jp,country_my,-0.1732258229350245,0.06201982908737788
train_median,validation,2023-01,country_jp,country_ph,-0.17045673365730923,0.06201982908737788
train_median,validation,2023-02,country_jp,country_ph,-0.13823849814230815,0.06201982908737788
train_median,validation,2023-03,country_jp,country_ph,-0.1703707449264333,0.06201982908737788
train_median,validation,2023-04,country_jp,country_ph,-0.15230006704371216,0.06201982908737788
train_median,validation,2023-05,country_jp,country_ph,-0.011551282096243565,0.06201982908737788
train_median,validation,2023-06,country_jp,country_ph,0.0029810382916580303,0.06201982908737788
train_median,validation,2023-07,country_jp,country_ph,0.16317467385531315,0.06201982908737788
train_median,validation,2023-08,country_jp,country_ph,0.09974116939206953,0.06201982908737788
train_median,validation,2023-09,country_jp,country_ph,0.1399019506098323,0.06201982908737788
train_median,validation,2023-10,country_jp,country_ph,-0.07781232370218794,0.06201982908737788
train_median,validation,2023-11,country_jp,country_ph,-0.12452826461004048,0.06201982908737788
train_median,validation,2023-12,country_jp,country_ph,0.05031726800856224,0.06201982908737788
train_median,validation,2023-01,country_jp,country_sg,-0.3651787535762459,0.06201982908737788
train_median,validation,2023-02,country_jp,country_sg,0.16415311470379151,0.06201982908737788
train_median,validation,2023-03,country_jp,country_sg,-0.33136400703853647,0.06201982908737788
train_median,validation,2023-04,country_jp,country_sg,-0.21055077239110825,0.06201982908737788
train_median,validation,2023-05,country_jp,country_sg,0.10210710280279797,0.06201982908737788
train_median,validation,2023-06,country_jp,country_sg,-0.13082143035238328,0.06201982908737788
train_median,validation,2023-07,country_jp,country_sg,-0.004327209183405318,0.06201982908737788
train_median,validation,2023-08,country_jp,country_sg,-0.0031558099465587197,0.06201982908737788
train_median,validation,2023-09,country_jp,country_sg,0.07417534653746277,0.06201982908737788
train_median,validation,2023-10,country_jp,country_sg,0.10761289362484606,0.06201982908737788
train_median,validation,2023-11,country_jp,country_sg,0.04997229047099831,0.06201982908737788
train_median,validation,2023-12,country_jp,country_sg,0.18780232523696663,0.06201982908737788
train_median,validation,2023-01,country_jp,country_th,-0.042332717753715214,0.06201982908737788
train_median,validation,2023-02,country_jp,country_th,0.00243413942400656,0.06201982908737788
train_median,validation,2023-03,country_jp,country_th,0.007740456626650628,0.06201982908737788
train_median,validation,2023-04,country_jp,country_th,-0.0744272908541551,0.06201982908737788
train_median,validation,2023-05,country_jp,country_th,0.047437584788677475,0.06201982908737788
train_median,validation,2023-06,country_jp,country_th,-0.06480318884613903,0.06201982908737788
train_median,validation,2023-07,country_jp,country_th,0.0051343848529382926,0.06201982908737788
train_median,validation,2023-08,country_jp,country_th,0.06719235346355712,0.06201982908737788
train_median,validation,2023-09,country_jp,country_th,0.07918178878011602,0.06201982908737788
train_median,validation,2023-10,country_jp,country_th,0.05569652931233456,0.06201982908737788
train_median,validation,2023-11,country_jp,country_th,-0.12879594180425502,0.06201982908737788
train_median,validation,2023-12,country_jp,country_th,-0.0749018247134434,0.06201982908737788
train_median,validation,2023-01,country_jp,country_us,-0.04954725129246217,0.06201982908737788
train_median,validation,2023-02,country_jp,country_us,0.07617050339364399,0.06201982908737788
train_median,validation,2023-03,country_jp,country_us,0.04994675234124197,0.06201982908737788
train_median,validation,2023-04,country_jp,country_us,-0.037703833414512354,0.06201982908737788
train_median,validation,2023-05,country_jp,country_us,-0.03443863267728163,0.06201982908737788
train_median,validation,2023-06,country_jp,country_us,-0.049072227523119384,0.06201982908737788
train_median,validation,2023-07,country_jp,country_us,0.009883145619300978,0.06201982908737788
train_median,validation,2023-08,country_jp,country_us,0.10020915024336267,0.06201982908737788
train_median,validation,2023-09,country_jp,country_us,0.03538829592995553,0.06201982908737788
train_median,validation,2023-10,country_jp,country_us,-0.032190822995066565,0.06201982908737788
train_median,validation,2023-11,country_jp,country_us,-0.04216875447457747,0.06201982908737788
train_median,validation,2023-12,country_jp,country_us,-0.22553339729038924,0.06201982908737788
train_median,validation,2023-01,country_jp,country_vn,0.15169397428793235,0.06201982908737788
train_median,validation,2023-02,country_jp,country_vn,-0.3313868075689183,0.06201982908737788
train_median,validation,2023-03,country_jp,country_vn,-0.21719218189771336,0.06201982908737788
train_median,validation,2023-04,country_jp,country_vn,-0.3944259906401235,0.06201982908737788
train_median,validation,2023-05,country_jp,country_vn,0.21437399974010923,0.06201982908737788
train_median,validation,2023-06,country_jp,country_vn,-0.06726379252393737,0.06201982908737788
train_median,validation,2023-07,country_jp,country_vn,0.8260862091692495,0.06201982908737788
train_median,validation,2023-08,country_jp,country_vn,0.2527190888255959,0.06201982908737788
train_median,validation,2023-09,country_jp,country_vn,0.6017439464233213,0.06201982908737788
train_median,validation,2023-10,country_jp,country_vn,0.3490705096242193,0.06201982908737788
train_median,validation,2023-11,country_jp,country_vn,0.11103051758345835,0.06201982908737788
train_median,validation,2023-01,country_kr,country_203,0.38165580600099264,0.06201982908737788
train_median,validation,2023-02,country_kr,country_203,0.026910943162698535,0.06201982908737788
train_median,validation,2023-03,country_kr,country_203,-0.4630658065374783,0.06201982908737788
train_median,validation,2023-04,country_kr,country_203,-0.3041373977949617,0.06201982908737788
train_median,validation,2023-05,country_kr,country_203,0.26713832230444484,0.06201982908737788
train_median,validation,2023-06,country_kr,country_203,-0.15035671103559417,0.06201982908737788
train_median,validation,2023-07,country_kr,country_203,-0.08745989237405498,0.06201982908737788
train_median,validation,2023-08,country_kr,country_203,-0.4171931036504261,0.06201982908737788
train_median,validation,2023-09,country_kr,country_203,1.580195042254395,0.06201982908737788
train_median,validation,2023-10,country_kr,country_203,-0.09720880648389456,0.06201982908737788
train_median,validation,2023-11,country_kr,country_203,0.7403274988515816,0.06201982908737788
train_median,validation,2023-12,country_kr,country_203,0.9883979687294374,0.06201982908737788
train_median,validation,2023-01,country_kr,country_344,-0.5937613032936465,0.06201982908737788
train_median,validation,2023-02,country_kr,country_344,-0.22035473987042534,0.06201982908737788
train_median,validation,2023-03,country_kr,country_344,-0.2166625756379983,0.06201982908737788
train_median,validation,2023-04,country_kr,country_344,-0.2690917999164514,0.06201982908737788
train_median,validation,2023-05,country_kr,country_344,0.32582283857718736,0.06201982908737788
train_median,validation,2023-06,country_kr,country_344,-0.055993169393220805,0.06201982908737788
train_median,validation,2023-07,country_kr,country_344,0.07146627364062379,0.06201982908737788
train_median,validation,2023-08,country_kr,country_344,0.30922678155559125,0.06201982908737788
train_median,validation,2023-09,country_kr,country_344,0.39652168885948363,0.06201982908737788
train_median,validation,2023-10,country_kr,country_344,0.3441115324733998,0.06201982908737788
train_median,validation,2023-11,country_kr,country_344,0.6731910314812398,0.06201982908737788
train_median,validation,2023-12,country_kr,country_344,0.248343686737623,0.06201982908737788
train_median,validation,2023-01,country_kr,country_372,-0.4281734261824883,0.06201982908737788
train_median,validation,2023-02,country_kr,country_372,-0.10236185856082528,0.06201982908737788
train_median,validation,2023-03,country_kr,country_372,-0.1907423593530017,0.06201982908737788
train_median,validation,2023-04,country_kr,country_372,-0.03365856242959402,0.06201982908737788
train_median,validation,2023-05,country_kr,country_372,-0.38826013282699506,0.06201982908737788
train_median,validation,2023-06,country_kr,country_372,1.3092285202013108,0.06201982908737788
train_median,validation,2023-07,country_kr,country_372,1.6851156341063853,0.06201982908737788
train_median,validation,2023-08,country_kr,country_372,0.07775684952139936,0.06201982908737788
train_median,validation,2023-09,country_kr,country_372,-0.2769615158345039,0.06201982908737788
train_median,validation,2023-10,country_kr,country_372,0.5465383324561252,0.06201982908737788
train_median,validation,2023-11,country_kr,country_372,-0.4008920103542604,0.06201982908737788
train_median,validation,2023-12,country_kr,country_372,-0.3348946905617306,0.06201982908737788
train_median,validation,2023-01,country_kr,country_380,0.6105067547273705,0.06201982908737788
train_median,validation,2023-02,country_kr,country_380,0.4339497382555635,0.06201982908737788
train_median,validation,2023-03,country_kr,country_380,0.14532790856148842,0.06201982908737788
train_median,validation,2023-04,country_kr,country_380,-0.2265858533182887,0.06201982908737788
train_median,validation,2023-05,country_kr,country_380,-0.5690039773504655,0.06201982908737788
train_median,validation,2023-06,country_kr,country_380,0.21597507735918456,0.06201982908737788
train_median,validation,2023-07,country_kr,country_380,0.3446708982200584,0.06201982908737788
train_median,validation,2023-08,country_kr,country_380,-0.32177168733019534,0.06201982908737788
train_median,validation,2023-09,country_kr,country_380,-0.30650903915321975,0.06201982908737788
train_median,validation,2023-10,country_kr,country_380,0.01539283792949818,0.06201982908737788
train_median,validation,2023-11,country_kr,country_380,-0.3994346914006267,0.06201982908737788
train_median,validation,2023-12,country_kr,country_380,0.19593837115768944,0.06201982908737788
train_median,validation,2023-01,country_kr,country_cn,-0.2983281319817798,0.06201982908737788
train_median,validation,2023-02,country_kr,country_cn,-0.1938163614705382,0.06201982908737788
train_median,validation,2023-03,country_kr,country_cn,-0.21164670510179723,0.06201982908737788
train_median,validation,2023-04,country_kr,country_cn,-0.2432411233217781,0.06201982908737788
train_median,validation,2023-05,country_kr,country_cn,-0.004077899533551337,0.06201982908737788
train_median,validation,2023-06,country_kr,country_cn,-0.1291936696413998,0.06201982908737788
train_median,validation,2023-07,country_kr,country_cn,-0.01570027676209226,0.06201982908737788
train_median,validation,2023-08,country_kr,country_cn,0.1275478855327723,0.06201982908737788
train_median,validation,2023-09,country_kr,country_cn,0.055584713855314515,0.06201982908737788
train_median,validation,2023-10,country_kr,country_cn,0.13443052611524076,0.06201982908737788
train_median,validation,2023-11,country_kr,country_cn,0.15770447592612585,0.06201982908737788
train_median,validation,2023-12,country_kr,country_cn,0.16270544568472323,0.06201982908737788
train_median,validation,2023-01,country_kr,country_de,0.1282808366705453,0.06201982908737788
train_median,validation,2023-02,country_kr,country_de,0.4159846509779301,0.06201982908737788
train_median,validation,2023-03,country_kr,country_de,0.17588691436811194,0.06201982908737788
train_median,validation,2023-04,country_kr,country_de,0.34417657276154434,0.06201982908737788
train_median,validation,2023-05,country_kr,country_de,0.26153975796290707,0.06201982908737788
train_median,validation,2023-06,country_kr,country_de,0.3008353011523552,0.06201982908737788
train_median,validation,2023-07,country_kr,country_de,0.23386866652373337,0.06201982908737788
train_median,validation,2023-08,country_kr,country_de,0.06757434742052537,0.06201982908737788
train_median,validation,2023-09,country_kr,country_de,-0.061999283490574576,0.06201982908737788
train_median,validation,2023-10,country_kr,country_de,-0.10218308461552439,0.06201982908737788
train_median,validation,2023-11,country_kr,country_de,-0.15022452705906458,0.06201982908737788
train_median,validation,2023-12,country_kr,country_de,-0.13890941132195475,0.06201982908737788
train_median,validation,2023-01,country_kr,country_fr,-0.10676982167973906,0.06201982908737788
train_median,validation,2023-02,country_kr,country_fr,0.1099323896823249,0.06201982908737788
train_median,validation,2023-03,country_kr,country_fr,1.0115928963255432,0.06201982908737788
train_median,validation,2023-04,country_kr,country_fr,0.4780250048179658,0.06201982908737788
train_median,validation,2023-05,country_kr,country_fr,0.3352153071284481,0.06201982908737788
train_median,validation,2023-06,country_kr,country_fr,-0.15741151419325294,0.06201982908737788
train_median,validation,2023-07,country_kr,country_fr,-0.12592848121515665,0.06201982908737788
train_median,validation,2023-08,country_kr,country_fr,-0.041962121610756756,0.06201982908737788
train_median,validation,2023-09,country_kr,country_fr,0.01845978885938004,0.06201982908737788
train_median,validation,2023-10,country_kr,country_fr,-0.5052108324031382,0.06201982908737788
train_median,validation,2023-11,country_kr,country_fr,-0.5017865207214428,0.06201982908737788
train_median,validation,2023-12,country_kr,country_fr,0.16124190073426223,0.06201982908737788
train_median,validation,2023-01,country_kr,country_gb,-0.1756525365750673,0.06201982908737788
train_median,validation,2023-02,country_kr,country_gb,0.06114927588697834,0.06201982908737788
train_median,validation,2023-03,country_kr,country_gb,-0.1655026090879881,0.06201982908737788
train_median,validation,2023-04,country_kr,country_gb,0.6609961758654346,0.06201982908737788
train_median,validation,2023-05,country_kr,country_gb,0.061687830201067224,0.06201982908737788
train_median,validation,2023-06,country_kr,country_gb,0.4793240239262817,0.06201982908737788
train_median,validation,2023-07,country_kr,country_gb,0.008358645250464534,0.06201982908737788
train_median,validation,2023-08,country_kr,country_gb,0.5523861524953654,0.06201982908737788
train_median,validation,2023-09,country_kr,country_gb,-0.06354553910285997,0.06201982908737788
train_median,validation,2023-10,country_kr,country_gb,0.07035683201204798,0.06201982908737788
train_median,validation,2023-11,country_kr,country_gb,1.3795002998118604,0.06201982908737788
train_median,validation,2023-12,country_kr,country_gb,-0.07077721189527719,0.06201982908737788
train_median,validation,2023-01,country_kr,country_in,0.060804218780624614,0.06201982908737788
train_median,validation,2023-02,country_kr,country_in,0.47781658493396584,0.06201982908737788
train_median,validation,2023-03,country_kr,country_in,-0.15470512784748316,0.06201982908737788
train_median,validation,2023-04,country_kr,country_in,-0.19377034398012408,0.06201982908737788
train_median,validation,2023-05,country_kr,country_in,-0.2748711348126951,0.06201982908737788
train_median,validation,2023-06,country_kr,country_in,0.2469845211655851,0.06201982908737788
train_median,validation,2023-07,country_kr,country_in,0.2815635840690417,0.06201982908737788
train_median,validation,2023-08,country_kr,country_in,0.36070926982971374,0.06201982908737788
train_median,validation,2023-09,country_kr,country_in,-0.07211324699089781,0.06201982908737788
train_median,validation,2023-10,country_kr,country_in,0.009532575909402298,0.06201982908737788
train_median,validation,2023-11,country_kr,country_in,0.5294066046469482,0.06201982908737788
train_median,validation,2023-12,country_kr,country_in,0.3850975617886723,0.06201982908737788
train_median,validation,2023-01,country_kr,country_jp,-0.32914406431126775,0.06201982908737788
train_median,validation,2023-02,country_kr,country_jp,-0.20024794826170153,0.06201982908737788
train_median,validation,2023-03,country_kr,country_jp,-0.09880215427832802,0.06201982908737788
train_median,validation,2023-04,country_kr,country_jp,0.10251673782917956,0.06201982908737788
train_median,validation,2023-05,country_kr,country_jp,0.20622893122012378,0.06201982908737788
train_median,validation,2023-06,country_kr,country_jp,0.041499773398604806,0.06201982908737788
train_median,validation,2023-07,country_kr,country_jp,0.07203623036591927,0.06201982908737788
train_median,validation,2023-08,country_kr,country_jp,-0.26577345689449566,0.06201982908737788
train_median,validation,2023-09,country_kr,country_jp,0.11423342657192424,0.06201982908737788
train_median,validation,2023-10,country_kr,country_jp,-0.11298076298905953,0.06201982908737788
train_median,validation,2023-11,country_kr,country_jp,-0.1507231359342329,0.06201982908737788
train_median,validation,2023-12,country_kr,country_jp,0.05210644196887849,0.06201982908737788
train_median,validation,2023-01,country_kr,country_mx,0.09257074045818134,0.06201982908737788
train_median,validation,2023-02,country_kr,country_mx,0.05417796544579088,0.06201982908737788
train_median,validation,2023-03,country_kr,country_mx,-0.0709645656279466,0.06201982908737788
train_median,validation,2023-04,country_kr,country_mx,0.04556784533563436,0.06201982908737788
train_median,validation,2023-05,country_kr,country_mx,0.05198198194614771,0.06201982908737788
train_median,validation,2023-06,country_kr,country_mx,0.07987564036089624,0.06201982908737788
train_median,validation,2023-07,country_kr,country_mx,-0.06365916139867872,0.06201982908737788
train_median,validation,2023-08,country_kr,country_mx,-0.1840008909088232,0.06201982908737788
train_median,validation,2023-09,country_kr,country_mx,-0.09247470688580055,0.06201982908737788
train_median,validation,2023-10,country_kr,country_mx,-0.021579221972863112,0.06201982908737788
train_median,validation,2023-11,country_kr,country_mx,-0.12788976516579417,0.06201982908737788
train_median,validation,2023-12,country_kr,country_mx,-0.24871366909069798,0.06201982908737788
train_median,validation,2023-01,country_kr,country_my,-0.006631489673654234,0.06201982908737788
train_median,validation,2023-02,country_kr,country_my,-0.13086108993865966,0.06201982908737788
train_median,validation,2023-03,country_kr,country_my,-0.33077432253727784,0.06201982908737788
train_median,validation,2023-04,country_kr,country_my,-0.11949343652134793,0.06201982908737788
train_median,validation,2023-05,country_kr,country_my,-0.1867078604971395,0.06201982908737788
train_median,validation,2023-06,country_kr,country_my,-0.2050917512815773,0.06201982908737788
train_median,validation,2023-07,country_kr,country_my,-0.01945016254249689,0.06201982908737788
train_median,validation,2023-08,country_kr,country_my,0.015323396060816275,0.06201982908737788
train_median,validation,2023-09,country_kr,country_my,0.28863139008289085,0.06201982908737788
train_median,validation,2023-10,country_kr,country_my,0.4421591243724902,0.06201982908737788
train_median,validation,2023-11,country_kr,country_my,0.30197743366143914,0.06201982908737788
train_median,validation,2023-12,country_kr,country_my,-0.21011933465200258,0.06201982908737788
train_median,validation,2023-01,country_kr,country_ph,-0.44690153109482555,0.06201982908737788
train_median,validation,2023-02,country_kr,country_ph,-0.27228000828825866,0.06201982908737788
train_median,validation,2023-03,country_kr,country_ph,-0.28901262211729656,0.06201982908737788
train_median,validation,2023-04,country_kr,country_ph,-0.13024842238388898,0.06201982908737788
train_median,validation,2023-05,country_kr,country_ph,-0.34735295756665074,0.06201982908737788
train_median,validation,2023-06,country_kr,country_ph,-0.3139142407223377,0.06201982908737788
train_median,validation,2023-07,country_kr,country_ph,-0.09265556055647611,0.06201982908737788
train_median,validation,2023-08,country_kr,country_ph,-0.27210081294647875,0.06201982908737788
train_median,validation,2023-09,country_kr,country_ph,-0.18656891295294262,0.06201982908737788
train_median,validation,2023-10,country_kr,country_ph,-0.20889006355847797,0.06201982908737788
train_median,validation,2023-11,country_kr,country_ph,-0.13739315429807503,0.06201982908737788
train_median,validation,2023-12,country_kr,country_ph,0.016564222832569978,0.06201982908737788
train_median,validation,2023-01,country_kr,country_th,-0.3344284290551903,0.06201982908737788
train_median,validation,2023-02,country_kr,country_th,-0.23896346360155132,0.06201982908737788
train_median,validation,2023-03,country_kr,country_th,0.024721722401273107,0.06201982908737788
train_median,validation,2023-04,country_kr,country_th,-0.31712093107556594,0.06201982908737788
train_median,validation,2023-05,country_kr,country_th,0.21383966786477723,0.06201982908737788
train_median,validation,2023-06,country_kr,country_th,0.013973813820580359,0.06201982908737788
train_median,validation,2023-07,country_kr,country_th,-0.1045530475355663,0.06201982908737788
train_median,validation,2023-08,country_kr,country_th,0.09265051759153993,0.06201982908737788
train_median,validation,2023-09,country_kr,country_th,-0.07169456781513991,0.06201982908737788
train_median,validation,2023-10,country_kr,country_th,0.053682431837095736,0.06201982908737788
train_median,validation,2023-11,country_kr,country_th,-0.008239771685464282,0.06201982908737788
train_median,validation,2023-12,country_kr,country_th,0.6114570950574105,0.06201982908737788
train_median,validation,2023-01,country_kr,country_us,-0.08297391200995792,0.06201982908737788
train_median,validation,2023-02,country_kr,country_us,-0.16231511005356905,0.06201982908737788
train_median,validation,2023-03,country_kr,country_us,-0.29666710069147545,0.06201982908737788
train_median,validation,2023-04,country_kr,country_us,-0.25004493651958787,0.06201982908737788
train_median,validation,2023-05,country_kr,country_us,-0.12258990753444003,0.06201982908737788
train_median,validation,2023-06,country_kr,country_us,-0.09483362885195493,0.06201982908737788
train_median,validation,2023-07,country_kr,country_us,-0.06824090240168572,0.06201982908737788
train_median,validation,2023-08,country_kr,country_us,-0.31863056878469964,0.06201982908737788
train_median,validation,2023-09,country_kr,country_us,-0.13499321670096917,0.06201982908737788
train_median,validation,2023-10,country_kr,country_us,-0.26657517161261746,0.06201982908737788
train_median,validation,2023-11,country_kr,country_us,-0.2283831151432573,0.06201982908737788
train_median,validation,2023-12,country_kr,country_us,-0.29201850674625185,0.06201982908737788
train_median,validation,2023-01,country_kr,country_vn,-0.29649730280964,0.06201982908737788
train_median,validation,2023-02,country_kr,country_vn,-0.02837829526289554,0.06201982908737788
train_median,validation,2023-03,country_kr,country_vn,-0.2926143475566322,0.06201982908737788
train_median,validation,2023-04,country_kr,country_vn,-0.3688585576232613,0.06201982908737788
train_median,validation,2023-05,country_kr,country_vn,-0.20974520249363815,0.06201982908737788
train_median,validation,2023-06,country_kr,country_vn,-0.2283056403922854,0.06201982908737788
train_median,validation,2023-07,country_kr,country_vn,0.06862823383607165,0.06201982908737788
train_median,validation,2023-08,country_kr,country_vn,0.10636778994455068,0.06201982908737788
train_median,validation,2023-09,country_kr,country_vn,0.03201592290489825,0.06201982908737788
train_median,validation,2023-10,country_kr,country_vn,0.22070763097121315,0.06201982908737788
train_median,validation,2023-11,country_kr,country_vn,0.4130093747654703,0.06201982908737788
train_median,validation,2023-01,country_mx,country_203,0.09598169445348163,0.06201982908737788
train_median,validation,2023-02,country_mx,country_203,0.17214041757671572,0.06201982908737788
train_median,validation,2023-03,country_mx,country_203,0.5759249551629539,0.06201982908737788
train_median,validation,2023-04,country_mx,country_203,0.10638413746346126,0.06201982908737788
train_median,validation,2023-05,country_mx,country_203,-0.41093465830980735,0.06201982908737788
train_median,validation,2023-06,country_mx,country_203,-0.3849783140878699,0.06201982908737788
train_median,validation,2023-07,country_mx,country_203,-0.25039480703590905,0.06201982908737788
train_median,validation,2023-08,country_mx,country_203,0.5205852744424744,0.06201982908737788
train_median,validation,2023-09,country_mx,country_203,-0.19478088799584647,0.06201982908737788
train_median,validation,2023-10,country_mx,country_203,-0.8522442492786928,0.06201982908737788
train_median,validation,2023-11,country_mx,country_203,-0.6286678733401376,0.06201982908737788
train_median,validation,2023-12,country_mx,country_203,-0.6510982946896923,0.06201982908737788
train_median,validation,2023-01,country_mx,country_344,-0.514316365801834,0.06201982908737788
train_median,validation,2023-02,country_mx,country_344,-0.287625225777672,0.06201982908737788
train_median,validation,2023-03,country_mx,country_344,-0.4107306931457009,0.06201982908737788
train_median,validation,2023-04,country_mx,country_344,-0.24574393920150622,0.06201982908737788
train_median,validation,2023-05,country_mx,country_344,-0.4031998145319937,0.06201982908737788
train_median,validation,2023-06,country_mx,country_344,-0.14122276274560444,0.06201982908737788
train_median,validation,2023-07,country_mx,country_344,-0.006747453584539441,0.06201982908737788
train_median,validation,2023-08,country_mx,country_344,-0.05419321988973213,0.06201982908737788
train_median,validation,2023-09,country_mx,country_344,-0.14828730424974745,0.06201982908737788
train_median,validation,2023-10,country_mx,country_344,-0.3108398755859784,0.06201982908737788
train_median,validation,2023-11,country_mx,country_344,0.24781100489312138,0.06201982908737788
train_median,validation,2023-12,country_mx,country_344,0.11093842128597162,0.06201982908737788
train_median,validation,2023-01,country_mx,country_372,-0.7690587245745383,0.06201982908737788
train_median,validation,2023-02,country_mx,country_372,-0.45676510392202097,0.06201982908737788
train_median,validation,2023-03,country_mx,country_372,-0.26239259835041356,0.06201982908737788
train_median,validation,2023-04,country_mx,country_372,-0.4209840209940336,0.06201982908737788
train_median,validation,2023-05,country_mx,country_372,-0.5346249585100004,0.06201982908737788
train_median,validation,2023-06,country_mx,country_372,3.0576546579815584,0.06201982908737788
train_median,validation,2023-07,country_mx,country_372,1.2714881836924743,0.06201982908737788
train_median,validation,2023-08,country_mx,country_372,2.202168397293061,0.06201982908737788
train_median,validation,2023-09,country_mx,country_372,-0.1398315196813691,0.06201982908737788
train_median,validation,2023-10,country_mx,country_372,-0.22617602390066968,0.06201982908737788
train_median,validation,2023-11,country_mx,country_372,-0.45065430674224144,0.06201982908737788
train_median,validation,2023-12,country_mx,country_372,0.04032204718639912,0.06201982908737788
train_median,validation,2023-01,country_mx,country_380,0.4878882287430748,0.06201982908737788
train_median,validation,2023-02,country_mx,country_380,0.32113967522231573,0.06201982908737788
train_median,validation,2023-03,country_mx,country_380,0.4501480959469438,0.06201982908737788
train_median,validation,2023-04,country_mx,country_380,-0.19330663697649034,0.06201982908737788
train_median,validation,2023-05,country_mx,country_380,-0.08260321128270881,0.06201982908737788
train_median,validation,2023-06,country_mx,country_380,-0.31419555593678705,0.06201982908737788
train_median,validation,2023-07,country_mx,country_380,-0.5951255749128131,0.06201982908737788
train_median,validation,2023-08,country_mx,country_380,-0.06661213128566734,0.06201982908737788
train_median,validation,2023-09,country_mx,country_380,0.18016633576317306,0.06201982908737788
train_median,validation,2023-10,country_mx,country_380,-0.7214910744509189,0.06201982908737788
train_median,validation,2023-11,country_mx,country_380,0.10959768175584775,0.06201982908737788
train_median,validation,2023-12,country_mx,country_380,0.241873865562246,0.06201982908737788
train_median,validation,2023-01,country_mx,country_cn,-0.3463647997008771,0.06201982908737788
train_median,validation,2023-02,country_mx,country_cn,-0.20768081371539837,0.06201982908737788
train_median,validation,2023-03,country_mx,country_cn,-0.17137988579699776,0.06201982908737788
train_median,validation,2023-04,country_mx,country_cn,-0.16958837270193192,0.06201982908737788
train_median,validation,2023-05,country_mx,country_cn,-0.019317613263357295,0.06201982908737788
train_median,validation,2023-06,country_mx,country_cn,-0.043087720150988496,0.06201982908737788
train_median,validation,2023-07,country_mx,country_cn,0.576888068830758,0.06201982908737788
train_median,validation,2023-08,country_mx,country_cn,0.4712239474614943,0.06201982908737788
train_median,validation,2023-09,country_mx,country_cn,0.300786092649441,0.06201982908737788
train_median,validation,2023-10,country_mx,country_cn,0.13009542470761837,0.06201982908737788
train_median,validation,2023-11,country_mx,country_cn,0.05536378483665832,0.06201982908737788
train_median,validation,2023-12,country_mx,country_cn,-0.16135413358938439,0.06201982908737788
train_median,validation,2023-01,country_mx,country_de,0.11453067899290856,0.06201982908737788
train_median,validation,2023-02,country_mx,country_de,0.12885170124143677,0.06201982908737788
train_median,validation,2023-03,country_mx,country_de,0.028526587096784392,0.06201982908737788
train_median,validation,2023-04,country_mx,country_de,-0.06996129428773716,0.06201982908737788
train_median,validation,2023-05,country_mx,country_de,-0.2219835171628366,0.06201982908737788
train_median,validation,2023-06,country_mx,country_de,-0.12767104595552675,0.06201982908737788
train_median,validation,2023-07,country_mx,country_de,-0.1799697892216043,0.06201982908737788
train_median,validation,2023-08,country_mx,country_de,-0.28292057357175854,0.06201982908737788
train_median,validation,2023-09,country_mx,country_de,-0.06384883032936776,0.06201982908737788
train_median,validation,2023-10,country_mx,country_de,-0.28273491944356677,0.06201982908737788
train_median,validation,2023-11,country_mx,country_de,-0.35748197898030376,0.06201982908737788
train_median,validation,2023-12,country_mx,country_de,-0.4207624435474247,0.06201982908737788
train_median,validation,2023-01,country_mx,country_fr,0.3918041523820075,0.06201982908737788
train_median,validation,2023-02,country_mx,country_fr,1.3262900933264183,0.06201982908737788
train_median,validation,2023-03,country_mx,country_fr,-0.30412671492714244,0.06201982908737788
train_median,validation,2023-04,country_mx,country_fr,0.15380121890768045,0.06201982908737788
train_median,validation,2023-05,country_mx,country_fr,0.09032159793155137,0.06201982908737788
train_median,validation,2023-06,country_mx,country_fr,-0.27584799434146806,0.06201982908737788
train_median,validation,2023-07,country_mx,country_fr,-0.3942084791970312,0.06201982908737788
train_median,validation,2023-08,country_mx,country_fr,-0.35790507101592606,0.06201982908737788
train_median,validation,2023-09,country_mx,country_fr,-0.19530544710908587,0.06201982908737788
train_median,validation,2023-10,country_mx,country_fr,-0.3566901183025455,0.06201982908737788
train_median,validation,2023-11,country_mx,country_fr,-0.2837575958816112,0.06201982908737788
train_median,validation,2023-12,country_mx,country_fr,0.036486701972930795,0.06201982908737788
train_median,validation,2023-01,country_mx,country_gb,-0.24793000708593746,0.06201982908737788
train_median,validation,2023-02,country_mx,country_gb,-0.17100065393676855,0.06201982908737788
train_median,validation,2023-03,country_mx,country_gb,0.3317838565511707,0.06201982908737788
train_median,validation,2023-04,country_mx,country_gb,-0.24593817170586102,0.06201982908737788
train_median,validation,2023-05,country_mx,country_gb,-0.38012535717005275,0.06201982908737788
train_median,validation,2023-06,country_mx,country_gb,-0.18836991815477747,0.06201982908737788
train_median,validation,2023-07,country_mx,country_gb,0.039848638120582876,0.06201982908737788
train_median,validation,2023-08,country_mx,country_gb,-0.4588330520536181,0.06201982908737788
train_median,validation,2023-09,country_mx,country_gb,-0.26160111308904704,0.06201982908737788
train_median,validation,2023-10,country_mx,country_gb,-0.38410238154385384,0.06201982908737788
train_median,validation,2023-11,country_mx,country_gb,-0.45454681829839,0.06201982908737788
train_median,validation,2023-12,country_mx,country_gb,-0.24489222550291678,0.06201982908737788
train_median,validation,2023-01,country_mx,country_in,70.07611413978951,0.06201982908737788
train_median,validation,2023-02,country_mx,country_in,58.33784737930791,0.06201982908737788
train_median,validation,2023-03,country_mx,country_in,43.589332448051685,0.06201982908737788
train_median,validation,2023-04,country_mx,country_in,56.049412421993274,0.06201982908737788
train_median,validation,2023-05,country_mx,country_in,31.90852331522111,0.06201982908737788
train_median,validation,2023-06,country_mx,country_in,0.8280674045318919,0.06201982908737788
train_median,validation,2023-07,country_mx,country_in,0.34593303606502757,0.06201982908737788
train_median,validation,2023-08,country_mx,country_in,0.1438181075507383,0.06201982908737788
train_median,validation,2023-09,country_mx,country_in,-0.5691029469563657,0.06201982908737788
train_median,validation,2023-10,country_mx,country_in,0.8813719041149467,0.06201982908737788
train_median,validation,2023-11,country_mx,country_in,0.23809599921165672,0.06201982908737788
train_median,validation,2023-12,country_mx,country_in,0.7420424957767713,0.06201982908737788
train_median,validation,2023-01,country_mx,country_jp,-0.4066466927322184,0.06201982908737788
train_median,validation,2023-02,country_mx,country_jp,-0.4078306477636465,0.06201982908737788
train_median,validation,2023-03,country_mx,country_jp,-0.2765497798205141,0.06201982908737788
train_median,validation,2023-04,country_mx,country_jp,-0.30862627597785786,0.06201982908737788
train_median,validation,2023-05,country_mx,country_jp,-0.2624548990523825,0.06201982908737788
train_median,validation,2023-06,country_mx,country_jp,-0.14977182220785004,0.06201982908737788
train_median,validation,2023-07,country_mx,country_jp,-0.2698631532920279,0.06201982908737788
train_median,validation,2023-08,country_mx,country_jp,-0.15490953725440068,0.06201982908737788
train_median,validation,2023-09,country_mx,country_jp,-0.19684179132337865,0.06201982908737788
train_median,validation,2023-10,country_mx,country_jp,-0.29242132890731565,0.06201982908737788
train_median,validation,2023-11,country_mx,country_jp,-0.07330315097764914,0.06201982908737788
train_median,validation,2023-12,country_mx,country_jp,-0.5153235715758498,0.06201982908737788
train_median,validation,2023-01,country_mx,country_kr,-0.07425948521379347,0.06201982908737788
train_median,validation,2023-02,country_mx,country_kr,-0.3020792005804795,0.06201982908737788
train_median,validation,2023-03,country_mx,country_kr,-0.2749659874457779,0.06201982908737788
train_median,validation,2023-04,country_mx,country_kr,0.08285130737537834,0.06201982908737788
train_median,validation,2023-05,country_mx,country_kr,0.026204998239035715,0.06201982908737788
train_median,validation,2023-06,country_mx,country_kr,-0.15332887239045465,0.06201982908737788
train_median,validation,2023-07,country_mx,country_kr,-0.4274377020263803,0.06201982908737788
train_median,validation,2023-08,country_mx,country_kr,-0.23903707725849033,0.06201982908737788
train_median,validation,2023-09,country_mx,country_kr,-0.4279078554694684,0.06201982908737788
train_median,validation,2023-10,country_mx,country_kr,-0.31358677087682746,0.06201982908737788
train_median,validation,2023-11,country_mx,country_kr,-0.29702893091204186,0.06201982908737788
train_median,validation,2023-12,country_mx,country_kr,-0.2698115214222451,0.06201982908737788
train_median,validation,2023-01,country_mx,country_my,-0.49680680416938666,0.06201982908737788
train_median,validation,2023-02,country_mx,country_my,6.2568225821621,0.06201982908737788
train_median,validation,2023-03,country_mx,country_my,-0.6523493363911613,0.06201982908737788
train_median,validation,2023-04,country_mx,country_my,-0.3899619105017357,0.06201982908737788
train_median,validation,2023-05,country_mx,country_my,-0.3965455377070686,0.06201982908737788
train_median,validation,2023-06,country_mx,country_my,-0.3728646201153457,0.06201982908737788
train_median,validation,2023-07,country_mx,country_my,-0.15067310913740922,0.06201982908737788
train_median,validation,2023-08,country_mx,country_my,0.11778613461663792,0.06201982908737788
train_median,validation,2023-09,country_mx,country_my,3.493340415791639,0.06201982908737788
train_median,validation,2023-10,country_mx,country_my,0.005777069990668605,0.06201982908737788
train_median,validation,2023-11,country_mx,country_my,-0.5190347043769059,0.06201982908737788
train_median,validation,2023-12,country_mx,country_my,-0.3302976900409348,0.06201982908737788
train_median,validation,2023-01,country_mx,country_ph,1.5986937644509207,0.06201982908737788
train_median,validation,2023-02,country_mx,country_ph,1.0302366594372594,0.06201982908737788
train_median,validation,2023-03,country_mx,country_ph,-0.24790319157770416,0.06201982908737788
train_median,validation,2023-04,country_mx,country_ph,0.8231714631063214,0.06201982908737788
train_median,validation,2023-05,country_mx,country_ph,0.290082121425578,0.06201982908737788
train_median,validation,2023-06,country_mx,country_ph,0.12630204390154676,0.06201982908737788
train_median,validation,2023-07,country_mx,country_ph,-0.0036408731034361015,0.06201982908737788
train_median,validation,2023-08,country_mx,country_ph,-0.4488133643884376,0.06201982908737788
train_median,validation,2023-09,country_mx,country_ph,2.028371336553418,0.06201982908737788
train_median,validation,2023-10,country_mx,country_ph,-0.5670650034836058,0.06201982908737788
train_median,validation,2023-11,country_mx,country_ph,-0.18380507957188477,0.06201982908737788
train_median,validation,2023-12,country_mx,country_ph,-0.45983541667689654,0.06201982908737788
train_median,validation,2023-01,country_mx,country_sg,0.2142729161586945,0.06201982908737788
train_median,validation,2023-02,country_mx,country_sg,1.078689845170407,0.06201982908737788
train_median,validation,2023-03,country_mx,country_sg,0.29893766599339755,0.06201982908737788
train_median,validation,2023-04,country_mx,country_sg,0.4978070883501591,0.06201982908737788
train_median,validation,2023-05,country_mx,country_sg,0.46179891468967543,0.06201982908737788
train_median,validation,2023-06,country_mx,country_sg,0.21329844575827075,0.06201982908737788
train_median,validation,2023-07,country_mx,country_sg,-0.22288309887912305,0.06201982908737788
train_median,validation,2023-08,country_mx,country_sg,-0.3797146790075005,0.06201982908737788
train_median,validation,2023-09,country_mx,country_sg,0.10927209400876459,0.06201982908737788
train_median,validation,2023-10,country_mx,country_sg,-0.45874704941285027,0.06201982908737788
train_median,validation,2023-11,country_mx,country_sg,-0.3093554597099469,0.06201982908737788
train_median,validation,2023-12,country_mx,country_sg,0.5021326812087432,0.06201982908737788
train_median,validation,2023-01,country_mx,country_th,0.07872243457411211,0.06201982908737788
train_median,validation,2023-02,country_mx,country_th,-0.04538711340759524,0.06201982908737788
train_median,validation,2023-03,country_mx,country_th,0.26245228725212,0.06201982908737788
train_median,validation,2023-04,country_mx,country_th,0.3178915949820972,0.06201982908737788
train_median,validation,2023-05,country_mx,country_th,0.0023524235901854224,0.06201982908737788
train_median,validation,2023-06,country_mx,country_th,-0.22903682796187438,0.06201982908737788
train_median,validation,2023-07,country_mx,country_th,-0.15200185622501733,0.06201982908737788
train_median,validation,2023-08,country_mx,country_th,1.0955324671247395,0.06201982908737788
train_median,validation,2023-09,country_mx,country_th,-0.1460515044771862,0.06201982908737788
train_median,validation,2023-10,country_mx,country_th,0.21254299726970527,0.06201982908737788
train_median,validation,2023-11,country_mx,country_th,0.9053514176589994,0.06201982908737788
train_median,validation,2023-12,country_mx,country_th,-0.32447679636679283,0.06201982908737788
train_median,validation,2023-01,country_mx,country_us,-0.23965638468309208,0.06201982908737788
train_median,validation,2023-02,country_mx,country_us,0.03011713583162731,0.06201982908737788
train_median,validation,2023-03,country_mx,country_us,-0.30976324572718844,0.06201982908737788
train_median,validation,2023-04,country_mx,country_us,-0.06954547274072113,0.06201982908737788
train_median,validation,2023-05,country_mx,country_us,0.36348644080063913,0.06201982908737788
train_median,validation,2023-06,country_mx,country_us,-0.08612752314187348,0.06201982908737788
train_median,validation,2023-07,country_mx,country_us,0.26342571730584524,0.06201982908737788
train_median,validation,2023-08,country_mx,country_us,0.15185445757427551,0.06201982908737788
train_median,validation,2023-09,country_mx,country_us,0.17751293921566397,0.06201982908737788
train_median,validation,2023-10,country_mx,country_us,-0.008190865977904409,0.06201982908737788
train_median,validation,2023-11,country_mx,country_us,0.00941016428778942,0.06201982908737788
train_median,validation,2023-12,country_mx,country_us,-0.04801330024629783,0.06201982908737788
train_median,validation,2023-01,country_mx,country_vn,-0.33462581070712705,0.06201982908737788
train_median,validation,2023-02,country_mx,country_vn,-0.5001943217561116,0.06201982908737788
train_median,validation,2023-03,country_mx,country_vn,-0.2281318862218358,0.06201982908737788
train_median,validation,2023-04,country_mx,country_vn,-0.1683374914956812,0.06201982908737788
train_median,validation,2023-05,country_mx,country_vn,-0.09443996347274836,0.06201982908737788
train_median,validation,2023-06,country_mx,country_vn,0.5994799477139089,0.06201982908737788
train_median,validation,2023-07,country_mx,country_vn,0.06527028035412286,0.06201982908737788
train_median,validation,2023-08,country_mx,country_vn,0.4829553807934169,0.06201982908737788
train_median,validation,2023-09,country_mx,country_vn,0.5238316168652959,0.06201982908737788
train_median,validation,2023-10,country_mx,country_vn,0.4652231601953804,0.06201982908737788
train_median,validation,2023-11,country_mx,country_vn,0.21777209612010276,0.06201982908737788
train_median,validation,2023-01,country_my,country_203,-0.5438754102403713,0.06201982908737788
train_median,validation,2023-02,country_my,country_203,-0.08219009885360283,0.06201982908737788
train_median,validation,2023-03,country_my,country_203,-0.27003245139904547,0.06201982908737788
train_median,validation,2023-04,country_my,country_203,-0.01087269805157576,0.06201982908737788
train_median,validation,2023-05,country_my,country_203,-0.3358089523471901,0.06201982908737788
train_median,validation,2023-06,country_my,country_203,0.5954076651528626,0.06201982908737788
train_median,validation,2023-07,country_my,country_203,0.5751182437509673,0.06201982908737788
train_median,validation,2023-08,country_my,country_203,0.3910843758205994,0.06201982908737788
train_median,validation,2023-09,country_my,country_203,0.14742971194706778,0.06201982908737788
train_median,validation,2023-10,country_my,country_203,0.09570591732142739,0.06201982908737788
train_median,validation,2023-11,country_my,country_203,0.10027096476011346,0.06201982908737788
train_median,validation,2023-12,country_my,country_203,0.3630218049200836,0.06201982908737788
train_median,validation,2023-01,country_my,country_344,-0.21854336090607762,0.06201982908737788
train_median,validation,2023-02,country_my,country_344,-0.12480311846112455,0.06201982908737788
train_median,validation,2023-03,country_my,country_344,-0.172798467932068,0.06201982908737788
train_median,validation,2023-04,country_my,country_344,-0.13170237570246404,0.06201982908737788
train_median,validation,2023-05,country_my,country_344,0.09949554712274186,0.06201982908737788
train_median,validation,2023-06,country_my,country_344,-0.0004343519103288869,0.06201982908737788
train_median,validation,2023-07,country_my,country_344,-0.20791501823958183,0.06201982908737788
train_median,validation,2023-08,country_my,country_344,0.30543390279279503,0.06201982908737788
train_median,validation,2023-09,country_my,country_344,0.15509317870824438,0.06201982908737788
train_median,validation,2023-10,country_my,country_344,0.01672250496939987,0.06201982908737788
train_median,validation,2023-11,country_my,country_344,-0.040131823927227465,0.06201982908737788
train_median,validation,2023-12,country_my,country_344,-0.024601583781620355,0.06201982908737788
train_median,validation,2023-01,country_my,country_372,-0.37725834930245916,0.06201982908737788
train_median,validation,2023-02,country_my,country_372,0.10900216089869415,0.06201982908737788
train_median,validation,2023-03,country_my,country_372,-0.4281906443065493,0.06201982908737788
train_median,validation,2023-04,country_my,country_372,0.09179369672859997,0.06201982908737788
train_median,validation,2023-05,country_my,country_372,0.45194119793639065,0.06201982908737788
train_median,validation,2023-06,country_my,country_372,-0.17088934285751547,0.06201982908737788
train_median,validation,2023-07,country_my,country_372,-0.23603204985672466,0.06201982908737788
train_median,validation,2023-08,country_my,country_372,0.45164680674906593,0.06201982908737788
train_median,validation,2023-09,country_my,country_372,-0.061130962294529315,0.06201982908737788
train_median,validation,2023-10,country_my,country_372,0.3361975197124205,0.06201982908737788
train_median,validation,2023-11,country_my,country_372,-0.088282252892114,0.06201982908737788
train_median,validation,2023-12,country_my,country_372,0.18047341610893122,0.06201982908737788
train_median,validation,2023-01,country_my,country_380,0.2771926920078206,0.06201982908737788
train_median,validation,2023-02,country_my,country_380,0.2788846122046086,0.06201982908737788
train_median,validation,2023-03,country_my,country_380,0.014981336355439977,0.06201982908737788
train_median,validation,2023-04,country_my,country_380,-0.10074343472532538,0.06201982908737788
train_median,validation,2023-05,country_my,country_380,-0.040950141735944884,0.06201982908737788
train_median,validation,2023-06,country_my,country_380,-0.2145815969970751,0.06201982908737788
train_median,validation,2023-07,country_my,country_380,-0.5409653022951935,0.06201982908737788
train_median,validation,2023-08,country_my,country_380,-0.14678041931630628,0.06201982908737788
train_median,validation,2023-09,country_my,country_380,-0.4315015223176976,0.06201982908737788
train_median,validation,2023-10,country_my,country_380,-0.45089047769117796,0.06201982908737788
train_median,validation,2023-11,country_my,country_380,-0.6884390434762964,0.06201982908737788
train_median,validation,2023-12,country_my,country_380,-0.19191826648150073,0.06201982908737788
train_median,validation,2023-01,country_my,country_cn,-0.2215513278567354,0.06201982908737788
train_median,validation,2023-02,country_my,country_cn,-0.14023832468606265,0.06201982908737788
train_median,validation,2023-03,country_my,country_cn,-0.2810946476731111,0.06201982908737788
train_median,validation,2023-04,country_my,country_cn,-0.337442096865552,0.06201982908737788
train_median,validation,2023-05,country_my,country_cn,-0.021965785338443223,0.06201982908737788
train_median,validation,2023-06,country_my,country_cn,-0.06656880072326649,0.06201982908737788
train_median,validation,2023-07,country_my,country_cn,-0.17969927109800937,0.06201982908737788
train_median,validation,2023-08,country_my,country_cn,-0.09715028499178695,0.06201982908737788
train_median,validation,2023-09,country_my,country_cn,0.032860511955486366,0.06201982908737788
train_median,validation,2023-10,country_my,country_cn,-0.025879242996566746,0.06201982908737788
train_median,validation,2023-11,country_my,country_cn,0.11467636185108322,0.06201982908737788
train_median,validation,2023-12,country_my,country_cn,-0.1550780053617128,0.06201982908737788
train_median,validation,2023-01,country_my,country_de,-0.008675871547082378,0.06201982908737788
train_median,validation,2023-02,country_my,country_de,0.09469599231523834,0.06201982908737788
train_median,validation,2023-03,country_my,country_de,-0.07198195907331077,0.06201982908737788
train_median,validation,2023-04,country_my,country_de,0.06456323679490322,0.06201982908737788
train_median,validation,2023-05,country_my,country_de,0.003156987671139366,0.06201982908737788
train_median,validation,2023-06,country_my,country_de,-0.005123879461570032,0.06201982908737788
train_median,validation,2023-07,country_my,country_de,0.025761596987609655,0.06201982908737788
train_median,validation,2023-08,country_my,country_de,-0.03700719612554864,0.06201982908737788
train_median,validation,2023-09,country_my,country_de,-0.006286932762515153,0.06201982908737788
train_median,validation,2023-10,country_my,country_de,-0.0987118992772569,0.06201982908737788
train_median,validation,2023-11,country_my,country_de,-0.15443906986171987,0.06201982908737788
train_median,validation,2023-12,country_my,country_de,0.0025147337785558846,0.06201982908737788
train_median,validation,2023-01,country_my,country_fr,-0.14266195927845926,0.06201982908737788
train_median,validation,2023-02,country_my,country_fr,-0.38580751396556967,0.06201982908737788
train_median,validation,2023-03,country_my,country_fr,-0.27514672263515455,0.06201982908737788
train_median,validation,2023-04,country_my,country_fr,-0.13409974507392092,0.06201982908737788
train_median,validation,2023-05,country_my,country_fr,0.15325867077441716,0.06201982908737788
train_median,validation,2023-06,country_my,country_fr,-0.23809599774811335,0.06201982908737788
train_median,validation,2023-07,country_my,country_fr,-0.3677675383501152,0.06201982908737788
train_median,validation,2023-08,country_my,country_fr,-0.22102324228586184,0.06201982908737788
train_median,validation,2023-09,country_my,country_fr,-0.22446155154877523,0.06201982908737788
train_median,validation,2023-10,country_my,country_fr,-0.39914613619229433,0.06201982908737788
train_median,validation,2023-11,country_my,country_fr,-0.2908288369607471,0.06201982908737788
train_median,validation,2023-12,country_my,country_fr,-0.22856031038667773,0.06201982908737788
train_median,validation,2023-01,country_my,country_gb,-0.347123071570102,0.06201982908737788
train_median,validation,2023-02,country_my,country_gb,-0.08075336557535504,0.06201982908737788
train_median,validation,2023-03,country_my,country_gb,-0.09729225730668865,0.06201982908737788
train_median,validation,2023-04,country_my,country_gb,-0.015861881858531112,0.06201982908737788
train_median,validation,2023-05,country_my,country_gb,-0.19587841131562503,0.06201982908737788
train_median,validation,2023-06,country_my,country_gb,0.18067681128367444,0.06201982908737788
train_median,validation,2023-07,country_my,country_gb,-0.2190689856663929,0.06201982908737788
train_median,validation,2023-08,country_my,country_gb,-0.2903856360932209,0.06201982908737788
train_median,validation,2023-09,country_my,country_gb,-0.08664379063561038,0.06201982908737788
train_median,validation,2023-10,country_my,country_gb,-0.28364023983110115,0.06201982908737788
train_median,validation,2023-11,country_my,country_gb,-0.3839079135681382,0.06201982908737788
train_median,validation,2023-12,country_my,country_gb,-0.06785053509746468,0.06201982908737788
train_median,validation,2023-01,country_my,country_in,3.8879583759116847,0.06201982908737788
train_median,validation,2023-02,country_my,country_in,6.386516486806654,0.06201982908737788
train_median,validation,2023-03,country_my,country_in,6.942161601707328,0.06201982908737788
train_median,validation,2023-04,country_my,country_in,3.0147144409810047,0.06201982908737788
train_median,validation,2023-05,country_my,country_in,1.6950399381209376,0.06201982908737788
train_median,validation,2023-06,country_my,country_in,0.9204404311714922,0.06201982908737788
train_median,validation,2023-07,country_my,country_in,0.35045547280606526,0.06201982908737788
train_median,validation,2023-08,country_my,country_in,0.16308139007590858,0.06201982908737788
train_median,validation,2023-09,country_my,country_in,0.09984578851990855,0.06201982908737788
train_median,validation,2023-10,country_my,country_in,-0.12314346686521076,0.06201982908737788
train_median,validation,2023-11,country_my,country_in,-0.026684988547924466,0.06201982908737788
train_median,validation,2023-12,country_my,country_in,-0.18282118905577785,0.06201982908737788
train_median,validation,2023-01,country_my,country_jp,-0.23139915805056122,0.06201982908737788
train_median,validation,2023-02,country_my,country_jp,-0.11728496330437302,0.06201982908737788
train_median,validation,2023-03,country_my,country_jp,-0.056504271779403654,0.06201982908737788
train_median,validation,2023-04,country_my,country_jp,-0.08708902889262041,0.06201982908737788
train_median,validation,2023-05,country_my,country_jp,-0.03248275817794139,0.06201982908737788
train_median,validation,2023-06,country_my,country_jp,0.03191779988995807,0.06201982908737788
train_median,validation,2023-07,country_my,country_jp,0.017338328118193882,0.06201982908737788
train_median,validation,2023-08,country_my,country_jp,-0.019947777296401445,0.06201982908737788
train_median,validation,2023-09,country_my,country_jp,-0.0050521715482354426,0.06201982908737788
train_median,validation,2023-10,country_my,country_jp,0.10450744661043976,0.06201982908737788
train_median,validation,2023-11,country_my,country_jp,0.1022741621445483,0.06201982908737788
train_median,validation,2023-12,country_my,country_jp,0.014779891474702777,0.06201982908737788
train_median,validation,2023-01,country_my,country_kr,-0.1703134052910692,0.06201982908737788
train_median,validation,2023-02,country_my,country_kr,-0.035275007166262085,0.06201982908737788
train_median,validation,2023-03,country_my,country_kr,-0.13904276089302367,0.06201982908737788
train_median,validation,2023-04,country_my,country_kr,0.09353119049975175,0.06201982908737788
train_median,validation,2023-05,country_my,country_kr,-0.07064045439421471,0.06201982908737788
train_median,validation,2023-06,country_my,country_kr,-0.11792912585015808,0.06201982908737788
train_median,validation,2023-07,country_my,country_kr,-0.04140894191994777,0.06201982908737788
train_median,validation,2023-08,country_my,country_kr,-0.09252083773023531,0.06201982908737788
train_median,validation,2023-09,country_my,country_kr,0.04783960038750319,0.06201982908737788
train_median,validation,2023-10,country_my,country_kr,-0.039407200376205945,0.06201982908737788
train_median,validation,2023-11,country_my,country_kr,-0.15471487810200285,0.06201982908737788
train_median,validation,2023-12,country_my,country_kr,0.0708935889618049,0.06201982908737788
train_median,validation,2023-01,country_my,country_mx,-0.20027517563786887,0.06201982908737788
train_median,validation,2023-02,country_my,country_mx,-0.2508966743064785,0.06201982908737788
train_median,validation,2023-03,country_my,country_mx,-0.047902826964871026,0.06201982908737788
train_median,validation,2023-04,country_my,country_mx,-0.24112022948021175,0.06201982908737788
train_median,validation,2023-05,country_my,country_mx,-0.03013520680859174,0.06201982908737788
train_median,validation,2023-06,country_my,country_mx,-0.10509586111482123,0.06201982908737788
train_median,validation,2023-07,country_my,country_mx,-0.06672340093474025,0.06201982908737788
train_median,validation,2023-08,country_my,country_mx,-0.29121768853157903,0.06201982908737788
train_median,validation,2023-09,country_my,country_mx,-0.20333825419819807,0.06201982908737788
train_median,validation,2023-10,country_my,country_mx,0.026913261259105356,0.06201982908737788
train_median,validation,2023-11,country_my,country_mx,-0.18865929593282343,0.06201982908737788
train_median,validation,2023-12,country_my,country_mx,-0.23002089637037812,0.06201982908737788
train_median,validation,2023-01,country_my,country_ph,0.039051881407885285,0.06201982908737788
train_median,validation,2023-02,country_my,country_ph,0.1255804772070067,0.06201982908737788
train_median,validation,2023-03,country_my,country_ph,0.19193502186855962,0.06201982908737788
train_median,validation,2023-04,country_my,country_ph,0.15205225285232232,0.06201982908737788
train_median,validation,2023-05,country_my,country_ph,0.0659642494411931,0.06201982908737788
train_median,validation,2023-06,country_my,country_ph,0.15086715237414047,0.06201982908737788
train_median,validation,2023-07,country_my,country_ph,-0.11246049250441047,0.06201982908737788
train_median,validation,2023-08,country_my,country_ph,0.09927577966046508,0.06201982908737788
train_median,validation,2023-09,country_my,country_ph,-0.07375082793378251,0.06201982908737788
train_median,validation,2023-10,country_my,country_ph,-0.34679206453934613,0.06201982908737788
train_median,validation,2023-11,country_my,country_ph,-0.39957981400643,0.06201982908737788
train_median,validation,2023-12,country_my,country_ph,-0.19680096940681427,0.06201982908737788
train_median,validation,2023-01,country_my,country_sg,-0.16272140037892124,0.06201982908737788
train_median,validation,2023-02,country_my,country_sg,-0.21803960080853055,0.06201982908737788
train_median,validation,2023-03,country_my,country_sg,-0.21088564780405603,0.06201982908737788
train_median,validation,2023-04,country_my,country_sg,-0.24247933021790138,0.06201982908737788
train_median,validation,2023-05,country_my,country_sg,0.07557823358792642,0.06201982908737788
train_median,validation,2023-06,country_my,country_sg,-0.2001826890953795,0.06201982908737788
train_median,validation,2023-07,country_my,country_sg,-0.11175837913320312,0.06201982908737788
train_median,validation,2023-08,country_my,country_sg,-0.17036314319200063,0.06201982908737788
train_median,validation,2023-09,country_my,country_sg,-0.04774210933474856,0.06201982908737788
train_median,validation,2023-10,country_my,country_sg,-0.1617859196347628,0.06201982908737788
train_median,validation,2023-11,country_my,country_sg,-0.18230920707990456,0.06201982908737788
train_median,validation,2023-12,country_my,country_sg,0.01186758283622982,0.06201982908737788
train_median,validation,2023-01,country_my,country_th,-0.27170796391253543,0.06201982908737788
train_median,validation,2023-02,country_my,country_th,1.062683059995611,0.06201982908737788
train_median,validation,2023-03,country_my,country_th,0.09656468204967764,0.06201982908737788
train_median,validation,2023-04,country_my,country_th,0.5914395618310553,0.06201982908737788
train_median,validation,2023-05,country_my,country_th,-0.04710019194240548,0.06201982908737788
train_median,validation,2023-06,country_my,country_th,-0.12076051998677596,0.06201982908737788
train_median,validation,2023-07,country_my,country_th,-0.140032870459398,0.06201982908737788
train_median,validation,2023-08,country_my,country_th,-0.09086721364712083,0.06201982908737788
train_median,validation,2023-09,country_my,country_th,-0.13441063175242557,0.06201982908737788
train_median,validation,2023-10,country_my,country_th,-0.13448487430251904,0.06201982908737788
train_median,validation,2023-11,country_my,country_th,0.21925564835808745,0.06201982908737788
train_median,validation,2023-12,country_my,country_th,-0.09061244244442251,0.06201982908737788
train_median,validation,2023-01,country_my,country_us,-0.23962384975919807,0.06201982908737788
train_median,validation,2023-02,country_my,country_us,-0.0022608745993719626,0.06201982908737788
train_median,validation,2023-03,country_my,country_us,-0.18862318477929227,0.06201982908737788
train_median,validation,2023-04,country_my,country_us,-0.03635181947588495,0.06201982908737788
train_median,validation,2023-05,country_my,country_us,-0.12079022871516283,0.06201982908737788
train_median,validation,2023-06,country_my,country_us,0.18224025080913211,0.06201982908737788
train_median,validation,2023-07,country_my,country_us,-0.10695087158519674,0.06201982908737788
train_median,validation,2023-08,country_my,country_us,0.014034318182012812,0.06201982908737788
train_median,validation,2023-09,country_my,country_us,0.031907595148008304,0.06201982908737788
train_median,validation,2023-10,country_my,country_us,-0.08722315189059872,0.06201982908737788
train_median,validation,2023-11,country_my,country_us,0.19837391669089205,0.06201982908737788
train_median,validation,2023-12,country_my,country_us,-0.14418836466558627,0.06201982908737788
train_median,validation,2023-01,country_my,country_vn,-0.3790432377382593,0.06201982908737788
train_median,validation,2023-02,country_my,country_vn,-0.4254863245949029,0.06201982908737788
train_median,validation,2023-03,country_my,country_vn,-0.3227788753660162,0.06201982908737788
train_median,validation,2023-04,country_my,country_vn,-0.25039216530584296,0.06201982908737788
train_median,validation,2023-05,country_my,country_vn,-0.26478915671342934,0.06201982908737788
train_median,validation,2023-06,country_my,country_vn,-0.0426422870225369,0.06201982908737788
train_median,validation,2023-07,country_my,country_vn,0.1103316981111273,0.06201982908737788
train_median,validation,2023-08,country_my,country_vn,0.07519524248589739,0.06201982908737788
train_median,validation,2023-09,country_my,country_vn,0.3522089370454236,0.06201982908737788
train_median,validation,2023-10,country_my,country_vn,0.06914533599351093,0.06201982908737788
train_median,validation,2023-11,country_my,country_vn,0.19757560717709696,0.06201982908737788
train_median,validation,2023-01,country_ph,country_203,-0.16904314670974607,0.06201982908737788
train_median,validation,2023-02,country_ph,country_203,-0.16652100156206998,0.06201982908737788
train_median,validation,2023-03,country_ph,country_203,-0.14696899796468163,0.06201982908737788
train_median,validation,2023-04,country_ph,country_203,-0.19064009566540285,0.06201982908737788
train_median,validation,2023-05,country_ph,country_203,0.20818639431242858,0.06201982908737788
train_median,validation,2023-06,country_ph,country_203,-0.04167376220409122,0.06201982908737788
train_median,validation,2023-07,country_ph,country_203,-0.03731358461789577,0.06201982908737788
train_median,validation,2023-08,country_ph,country_203,-0.21608072268418246,0.06201982908737788
train_median,validation,2023-09,country_ph,country_203,-0.26430425543826425,0.06201982908737788
train_median,validation,2023-10,country_ph,country_203,-0.23736007389684455,0.06201982908737788
train_median,validation,2023-11,country_ph,country_203,-0.20172656751448487,0.06201982908737788
train_median,validation,2023-12,country_ph,country_203,-0.044861417269524945,0.06201982908737788
train_median,validation,2023-01,country_ph,country_344,0.01595344492610779,0.06201982908737788
train_median,validation,2023-02,country_ph,country_344,0.02670742243430237,0.06201982908737788
train_median,validation,2023-03,country_ph,country_344,-0.12564793663689766,0.06201982908737788
train_median,validation,2023-04,country_ph,country_344,-0.038959291184082596,0.06201982908737788
train_median,validation,2023-05,country_ph,country_344,-0.05758012913025189,0.06201982908737788
train_median,validation,2023-06,country_ph,country_344,-0.06428990622965122,0.06201982908737788
train_median,validation,2023-07,country_ph,country_344,-0.056645305044532274,0.06201982908737788
train_median,validation,2023-08,country_ph,country_344,-0.20364187402683165,0.06201982908737788
train_median,validation,2023-09,country_ph,country_344,-0.23898565781903197,0.06201982908737788
train_median,validation,2023-10,country_ph,country_344,-0.14482478662988313,0.06201982908737788
train_median,validation,2023-11,country_ph,country_344,-0.17910568678667274,0.06201982908737788
train_median,validation,2023-12,country_ph,country_344,-0.29551790701627384,0.06201982908737788
train_median,validation,2023-01,country_ph,country_372,-0.23065682317642666,0.06201982908737788
train_median,validation,2023-02,country_ph,country_372,-0.30595669436005,0.06201982908737788
train_median,validation,2023-03,country_ph,country_372,-0.20855527594556977,0.06201982908737788
train_median,validation,2023-04,country_ph,country_372,0.08542687247185113,0.06201982908737788
train_median,validation,2023-05,country_ph,country_372,-0.4382790559260809,0.06201982908737788
train_median,validation,2023-06,country_ph,country_372,-0.08390967324434914,0.06201982908737788
train_median,validation,2023-07,country_ph,country_372,0.24550707657373044,0.06201982908737788
train_median,validation,2023-08,country_ph,country_372,-0.05703653359829076,0.06201982908737788
train_median,validation,2023-09,country_ph,country_372,-0.23637926456324101,0.06201982908737788
train_median,validation,2023-10,country_ph,country_372,0.08376561291225083,0.06201982908737788
train_median,validation,2023-11,country_ph,country_372,-0.1925274867115051,0.06201982908737788
train_median,validation,2023-12,country_ph,country_372,1.3055909480435333,0.06201982908737788
train_median,validation,2023-01,country_ph,country_380,0.42203609005154236,0.06201982908737788
train_median,validation,2023-02,country_ph,country_380,0.23254310338143644,0.06201982908737788
train_median,validation,2023-03,country_ph,country_380,-0.3893729775364858,0.06201982908737788
train_median,validation,2023-04,country_ph,country_380,-0.35846493027885895,0.06201982908737788
train_median,validation,2023-05,country_ph,country_380,-0.20786046485005455,0.06201982908737788
train_median,validation,2023-06,country_ph,country_380,-0.24266207648956517,0.06201982908737788
train_median,validation,2023-07,country_ph,country_380,-0.49267396394994745,0.06201982908737788
train_median,validation,2023-08,country_ph,country_380,-0.2768936733125568,0.06201982908737788
train_median,validation,2023-09,country_ph,country_380,-0.03193810589826534,0.06201982908737788
train_median,validation,2023-10,country_ph,country_380,-0.33246667907701444,0.06201982908737788
train_median,validation,2023-11,country_ph,country_380,-0.04141705486062941,0.06201982908737788
train_median,validation,2023-12,country_ph,country_380,2.726283677015781,0.06201982908737788
train_median,validation,2023-01,country_ph,country_cn,-0.28597277991226194,0.06201982908737788
train_median,validation,2023-02,country_ph,country_cn,-0.1522448911754297,0.06201982908737788
train_median,validation,2023-03,country_ph,country_cn,-0.17113502529222732,0.06201982908737788
train_median,validation,2023-04,country_ph,country_cn,-0.20298513565760268,0.06201982908737788
train_median,validation,2023-05,country_ph,country_cn,-0.09002450616372515,0.06201982908737788
train_median,validation,2023-06,country_ph,country_cn,-0.09588738974123534,0.06201982908737788
train_median,validation,2023-07,country_ph,country_cn,-0.054341042455945586,0.06201982908737788
train_median,validation,2023-08,country_ph,country_cn,-0.053704949014242345,0.06201982908737788
train_median,validation,2023-09,country_ph,country_cn,0.0029307848854698993,0.06201982908737788
train_median,validation,2023-10,country_ph,country_cn,-0.08241749727138273,0.06201982908737788
train_median,validation,2023-11,country_ph,country_cn,-0.044692181870954244,0.06201982908737788
train_median,validation,2023-12,country_ph,country_cn,-0.11384957374147452,0.06201982908737788
train_median,validation,2023-01,country_ph,country_de,0.10344118468981787,0.06201982908737788
train_median,validation,2023-02,country_ph,country_de,0.24127798976454004,0.06201982908737788
train_median,validation,2023-03,country_ph,country_de,0.05794632940646084,0.06201982908737788
train_median,validation,2023-04,country_ph,country_de,0.05168387184476571,0.06201982908737788
train_median,validation,2023-05,country_ph,country_de,0.0395849309866875,0.06201982908737788
train_median,validation,2023-06,country_ph,country_de,0.01634638686193547,0.06201982908737788
train_median,validation,2023-07,country_ph,country_de,-0.01720603986403474,0.06201982908737788
train_median,validation,2023-08,country_ph,country_de,-0.028086854941429613,0.06201982908737788
train_median,validation,2023-09,country_ph,country_de,-0.12789127953279972,0.06201982908737788
train_median,validation,2023-10,country_ph,country_de,-0.09779856941168223,0.06201982908737788
train_median,validation,2023-11,country_ph,country_de,-0.2158512321374549,0.06201982908737788
train_median,validation,2023-12,country_ph,country_de,-0.15002279623893572,0.06201982908737788
train_median,validation,2023-01,country_ph,country_fr,-0.3162828641906277,0.06201982908737788
train_median,validation,2023-02,country_ph,country_fr,-0.05092082406068906,0.06201982908737788
train_median,validation,2023-03,country_ph,country_fr,-0.05744329977139846,0.06201982908737788
train_median,validation,2023-04,country_ph,country_fr,-0.21934969717408498,0.06201982908737788
train_median,validation,2023-05,country_ph,country_fr,-0.11962898356623602,0.06201982908737788
train_median,validation,2023-06,country_ph,country_fr,-0.16243963205904394,0.06201982908737788
train_median,validation,2023-07,country_ph,country_fr,-0.30396592522580024,0.06201982908737788
train_median,validation,2023-08,country_ph,country_fr,-0.21784272922484713,0.06201982908737788
train_median,validation,2023-09,country_ph,country_fr,-0.17627732870670698,0.06201982908737788
train_median,validation,2023-10,country_ph,country_fr,-0.1826577893706363,0.06201982908737788
train_median,validation,2023-11,country_ph,country_fr,-0.326213136127569,0.06201982908737788
train_median,validation,2023-12,country_ph,country_fr,-0.11798432476286055,0.06201982908737788
train_median,validation,2023-01,country_ph,country_gb,-0.04934607016960972,0.06201982908737788
train_median,validation,2023-02,country_ph,country_gb,0.015860370015365652,0.06201982908737788
train_median,validation,2023-03,country_ph,country_gb,-0.02154488239387134,0.06201982908737788
train_median,validation,2023-04,country_ph,country_gb,-0.019126846211446585,0.06201982908737788
train_median,validation,2023-05,country_ph,country_gb,0.03308756641834839,0.06201982908737788
train_median,validation,2023-06,country_ph,country_gb,0.06959778051058571,0.06201982908737788
train_median,validation,2023-07,country_ph,country_gb,-0.14364719012536156,0.06201982908737788
train_median,validation,2023-08,country_ph,country_gb,-0.22848289679752348,0.06201982908737788
train_median,validation,2023-09,country_ph,country_gb,-0.18994870226531543,0.06201982908737788
train_median,validation,2023-10,country_ph,country_gb,-0.3226136097385321,0.06201982908737788
train_median,validation,2023-11,country_ph,country_gb,-0.3243251091240489,0.06201982908737788
train_median,validation,2023-12,country_ph,country_gb,-0.20768999195557805,0.06201982908737788
train_median,validation,2023-01,country_ph,country_in,1.7333714129370323,0.06201982908737788
train_median,validation,2023-02,country_ph,country_in,0.8546687766986675,0.06201982908737788
train_median,validation,2023-03,country_ph,country_in,1.1077410519922328,0.06201982908737788
train_median,validation,2023-04,country_ph,country_in,1.1788695882695086,0.06201982908737788
train_median,validation,2023-05,country_ph,country_in,0.2303841116533139,0.06201982908737788
train_median,validation,2023-06,country_ph,country_in,0.7787338506562824,0.06201982908737788
train_median,validation,2023-07,country_ph,country_in,0.7433171550214339,0.06201982908737788
train_median,validation,2023-08,country_ph,country_in,0.48395123138798035,0.06201982908737788
train_median,validation,2023-09,country_ph,country_in,0.8801652846518228,0.06201982908737788
train_median,validation,2023-10,country_ph,country_in,0.43232833339000903,0.06201982908737788
train_median,validation,2023-11,country_ph,country_in,1.0537846321822955,0.06201982908737788
train_median,validation,2023-12,country_ph,country_in,-0.07377128426591575,0.06201982908737788
train_median,validation,2023-01,country_ph,country_jp,0.054737186506069006,0.06201982908737788
train_median,validation,2023-02,country_ph,country_jp,0.11553676377424446,0.06201982908737788
train_median,validation,2023-03,country_ph,country_jp,-0.07581545701535118,0.06201982908737788
train_median,validation,2023-04,country_ph,country_jp,0.07218662269724471,0.06201982908737788
train_median,validation,2023-05,country_ph,country_jp,-0.024845250638893843,0.06201982908737788
train_median,validation,2023-06,country_ph,country_jp,-0.09891267723216984,0.06201982908737788
train_median,validation,2023-07,country_ph,country_jp,-0.08308827987793457,0.06201982908737788
train_median,validation,2023-08,country_ph,country_jp,-0.014654383308224965,0.06201982908737788
train_median,validation,2023-09,country_ph,country_jp,-0.04592312803287736,0.06201982908737788
train_median,validation,2023-10,country_ph,country_jp,-0.0607386584802252,0.06201982908737788
train_median,validation,2023-11,country_ph,country_jp,0.052169047986068286,0.06201982908737788
train_median,validation,2023-12,country_ph,country_jp,-0.11829366971936113,0.06201982908737788
train_median,validation,2023-01,country_ph,country_kr,-0.060915606092283775,0.06201982908737788
train_median,validation,2023-02,country_ph,country_kr,0.1079876394065364,0.06201982908737788
train_median,validation,2023-03,country_ph,country_kr,0.0109217286410513,0.06201982908737788
train_median,validation,2023-04,country_ph,country_kr,0.0879083523760078,0.06201982908737788
train_median,validation,2023-05,country_ph,country_kr,-0.04201961078238437,0.06201982908737788
train_median,validation,2023-06,country_ph,country_kr,0.13632213933101064,0.06201982908737788
train_median,validation,2023-07,country_ph,country_kr,-0.17220819040078122,0.06201982908737788
train_median,validation,2023-08,country_ph,country_kr,-0.2264329353587851,0.06201982908737788
train_median,validation,2023-09,country_ph,country_kr,0.07659327114360279,0.06201982908737788
train_median,validation,2023-10,country_ph,country_kr,-0.14425247032992772,0.06201982908737788
train_median,validation,2023-11,country_ph,country_kr,0.00028579386863347006,0.06201982908737788
train_median,validation,2023-12,country_ph,country_kr,0.2455603985669357,0.06201982908737788
train_median,validation,2023-01,country_ph,country_mx,-0.10074850461398815,0.06201982908737788
train_median,validation,2023-02,country_ph,country_mx,0.05092723972790947,0.06201982908737788
train_median,validation,2023-03,country_ph,country_mx,0.005584013671017451,0.06201982908737788
train_median,validation,2023-04,country_ph,country_mx,-0.13258088136334253,0.06201982908737788
train_median,validation,2023-05,country_ph,country_mx,-0.03877199444144287,0.06201982908737788
train_median,validation,2023-06,country_ph,country_mx,-0.025276147369555337,0.06201982908737788
train_median,validation,2023-07,country_ph,country_mx,0.029018098397034082,0.06201982908737788
train_median,validation,2023-08,country_ph,country_mx,-0.16253493957900417,0.06201982908737788
train_median,validation,2023-09,country_ph,country_mx,-0.13735208780277144,0.06201982908737788
train_median,validation,2023-10,country_ph,country_mx,-0.09195148179731401,0.06201982908737788
train_median,validation,2023-11,country_ph,country_mx,-0.23132661357199058,0.06201982908737788
train_median,validation,2023-12,country_ph,country_mx,-0.25898356077621637,0.06201982908737788
train_median,validation,2023-01,country_ph,country_my,-0.18336419174091095,0.06201982908737788
train_median,validation,2023-02,country_ph,country_my,-0.19565110231036162,0.06201982908737788
train_median,validation,2023-03,country_ph,country_my,-0.30733456697286526,0.06201982908737788
train_median,validation,2023-04,country_ph,country_my,-0.31534786423537187,0.06201982908737788
train_median,validation,2023-05,country_ph,country_my,-0.3859695257641,0.06201982908737788
train_median,validation,2023-06,country_ph,country_my,-0.24233300002747285,0.06201982908737788
train_median,validation,2023-07,country_ph,country_my,-0.22279509437534348,0.06201982908737788
train_median,validation,2023-08,country_ph,country_my,-0.093252184509535,0.06201982908737788
train_median,validation,2023-09,country_ph,country_my,-0.20188610710915053,0.06201982908737788
train_median,validation,2023-10,country_ph,country_my,-0.19384616495920742,0.06201982908737788
train_median,validation,2023-11,country_ph,country_my,-0.19589863799563584,0.06201982908737788
train_median,validation,2023-12,country_ph,country_my,0.12706685114666458,0.06201982908737788
train_median,validation,2023-01,country_ph,country_sg,-0.3966698454396227,0.06201982908737788
train_median,validation,2023-02,country_ph,country_sg,-0.1810266507359468,0.06201982908737788
train_median,validation,2023-03,country_ph,country_sg,-0.052070921937597936,0.06201982908737788
train_median,validation,2023-04,country_ph,country_sg,-0.07514070133520484,0.06201982908737788
train_median,validation,2023-05,country_ph,country_sg,0.0009317652611690779,0.06201982908737788
train_median,validation,2023-06,country_ph,country_sg,0.02539228728131239,0.06201982908737788
train_median,validation,2023-07,country_ph,country_sg,-0.07246796726817012,0.06201982908737788
train_median,validation,2023-08,country_ph,country_sg,-0.05978453702790372,0.06201982908737788
train_median,validation,2023-09,country_ph,country_sg,-0.16483788936157742,0.06201982908737788
train_median,validation,2023-10,country_ph,country_sg,-0.2416936554260681,0.06201982908737788
train_median,validation,2023-11,country_ph,country_sg,-0.25094600134845024,0.06201982908737788
train_median,validation,2023-12,country_ph,country_sg,-0.33661430248683427,0.06201982908737788
train_median,validation,2023-01,country_ph,country_th,-0.1739117136462236,0.06201982908737788
train_median,validation,2023-02,country_ph,country_th,-0.16390510353615345,0.06201982908737788
train_median,validation,2023-03,country_ph,country_th,-0.09745844908454943,0.06201982908737788
train_median,validation,2023-04,country_ph,country_th,-0.07717019083413167,0.06201982908737788
train_median,validation,2023-05,country_ph,country_th,-0.12117067661332717,0.06201982908737788
train_median,validation,2023-06,country_ph,country_th,0.01373313858199243,0.06201982908737788
train_median,validation,2023-07,country_ph,country_th,-0.07801953025566224,0.06201982908737788
train_median,validation,2023-08,country_ph,country_th,-0.11253239921243871,0.06201982908737788
train_median,validation,2023-09,country_ph,country_th,-0.10684428495786272,0.06201982908737788
train_median,validation,2023-10,country_ph,country_th,0.00758261241688317,0.06201982908737788
train_median,validation,2023-11,country_ph,country_th,-0.10815442905425883,0.06201982908737788
train_median,validation,2023-12,country_ph,country_th,0.1231994628507611,0.06201982908737788
train_median,validation,2023-01,country_ph,country_us,-0.1213896046269877,0.06201982908737788
train_median,validation,2023-02,country_ph,country_us,-0.09539775949018267,0.06201982908737788
train_median,validation,2023-03,country_ph,country_us,-0.19852716546474242,0.06201982908737788
train_median,validation,2023-04,country_ph,country_us,-0.07880786663899013,0.06201982908737788
train_median,validation,2023-05,country_ph,country_us,-0.1294328409594065,0.06201982908737788
train_median,validation,2023-06,country_ph,country_us,-0.060463885770104524,0.06201982908737788
train_median,validation,2023-07,country_ph,country_us,-0.07043428717098844,0.06201982908737788
train_median,validation,2023-08,country_ph,country_us,-0.10673801305839621,0.06201982908737788
train_median,validation,2023-09,country_ph,country_us,-0.16457752085804542,0.06201982908737788
train_median,validation,2023-10,country_ph,country_us,-0.25850569882918695,0.06201982908737788
train_median,validation,2023-11,country_ph,country_us,-0.22111545976771058,0.06201982908737788
train_median,validation,2023-12,country_ph,country_us,-0.2582696231790143,0.06201982908737788
train_median,validation,2023-01,country_ph,country_vn,-0.07948031201329453,0.06201982908737788
train_median,validation,2023-02,country_ph,country_vn,-0.32952821357430445,0.06201982908737788
train_median,validation,2023-03,country_ph,country_vn,-0.19182590986042666,0.06201982908737788
train_median,validation,2023-04,country_ph,country_vn,-0.3355099335817024,0.06201982908737788
train_median,validation,2023-05,country_ph,country_vn,-0.3211749850466204,0.06201982908737788
train_median,validation,2023-06,country_ph,country_vn,-0.162658277080739,0.06201982908737788
train_median,validation,2023-07,country_ph,country_vn,0.09010440096973805,0.06201982908737788
train_median,validation,2023-08,country_ph,country_vn,0.1289834809187733,0.06201982908737788
train_median,validation,2023-09,country_ph,country_vn,0.08805824765867043,0.06201982908737788
train_median,validation,2023-10,country_ph,country_vn,-0.06383632962671962,0.06201982908737788
train_median,validation,2023-11,country_ph,country_vn,0.07955607902303678,0.06201982908737788
train_median,validation,2023-01,country_sg,country_203,0.12475306385053171,0.06201982908737788
train_median,validation,2023-02,country_sg,country_203,0.48445471396503637,0.06201982908737788
train_median,validation,2023-03,country_sg,country_203,0.685925914903748,0.06201982908737788
train_median,validation,2023-04,country_sg,country_203,0.09720427181824366,0.06201982908737788
train_median,validation,2023-05,country_sg,country_203,-0.5846755393353658,0.06201982908737788
train_median,validation,2023-06,country_sg,country_203,-0.38683963238530217,0.06201982908737788
train_median,validation,2023-07,country_sg,country_203,-0.4723455499083845,0.06201982908737788
train_median,validation,2023-08,country_sg,country_203,-0.5053117231172496,0.06201982908737788
train_median,validation,2023-09,country_sg,country_203,0.36526751456653833,0.06201982908737788
train_median,validation,2023-10,country_sg,country_203,-0.19335227730707968,0.06201982908737788
train_median,validation,2023-11,country_sg,country_203,-0.7355392133088153,0.06201982908737788
train_median,validation,2023-12,country_sg,country_203,-0.5051467915291918,0.06201982908737788
train_median,validation,2023-01,country_sg,country_344,-0.4612421761076429,0.06201982908737788
train_median,validation,2023-02,country_sg,country_344,-0.2095955092791405,0.06201982908737788
train_median,validation,2023-03,country_sg,country_344,-0.32217333166405343,0.06201982908737788
train_median,validation,2023-04,country_sg,country_344,-0.21986840041393285,0.06201982908737788
train_median,validation,2023-05,country_sg,country_344,-0.028003511166737525,0.06201982908737788
train_median,validation,2023-06,country_sg,country_344,-0.00020665886348585858,0.06201982908737788
train_median,validation,2023-07,country_sg,country_344,0.03638212338607892,0.06201982908737788
train_median,validation,2023-08,country_sg,country_344,0.15038106088349637,0.06201982908737788
train_median,validation,2023-09,country_sg,country_344,0.09819268644976052,0.06201982908737788
train_median,validation,2023-10,country_sg,country_344,0.12429007157455522,0.06201982908737788
train_median,validation,2023-11,country_sg,country_344,0.14268007103118396,0.06201982908737788
train_median,validation,2023-12,country_sg,country_344,0.07546886894293506,0.06201982908737788
train_median,validation,2023-01,country_sg,country_372,0.5286424429913452,0.06201982908737788
train_median,validation,2023-02,country_sg,country_372,-0.25311530635907126,0.06201982908737788
train_median,validation,2023-03,country_sg,country_372,-0.7784232039739952,0.06201982908737788
train_median,validation,2023-04,country_sg,country_372,0.6157710875036154,0.06201982908737788
train_median,validation,2023-05,country_sg,country_372,0.27254857863406057,0.06201982908737788
train_median,validation,2023-06,country_sg,country_372,-0.5019719999462211,0.06201982908737788
train_median,validation,2023-07,country_sg,country_372,-0.7182766126929957,0.06201982908737788
train_median,validation,2023-08,country_sg,country_372,-0.6482655489961469,0.06201982908737788
train_median,validation,2023-09,country_sg,country_372,-0.25153198155710405,0.06201982908737788
train_median,validation,2023-10,country_sg,country_372,0.65573187167087,0.06201982908737788
train_median,validation,2023-11,country_sg,country_372,-0.6774279309503156,0.06201982908737788
train_median,validation,2023-12,country_sg,country_372,-0.17075520346947007,0.06201982908737788
train_median,validation,2023-01,country_sg,country_380,-0.11945992715007125,0.06201982908737788
train_median,validation,2023-02,country_sg,country_380,0.07975378048858972,0.06201982908737788
train_median,validation,2023-03,country_sg,country_380,-0.13114235336856409,0.06201982908737788
train_median,validation,2023-04,country_sg,country_380,-0.14212665795849275,0.06201982908737788
train_median,validation,2023-05,country_sg,country_380,-0.26677706590516465,0.06201982908737788
train_median,validation,2023-06,country_sg,country_380,-0.2771136066435129,0.06201982908737788
train_median,validation,2023-07,country_sg,country_380,-0.4609850309310366,0.06201982908737788
train_median,validation,2023-08,country_sg,country_380,-0.20752511062370765,0.06201982908737788
train_median,validation,2023-09,country_sg,country_380,-0.2867552915298357,0.06201982908737788
train_median,validation,2023-10,country_sg,country_380,-0.154222898799674,0.06201982908737788
train_median,validation,2023-11,country_sg,country_380,0.6981385854323381,0.06201982908737788
train_median,validation,2023-12,country_sg,country_380,0.4472063804330114,0.06201982908737788
train_median,validation,2023-01,country_sg,country_cn,-0.33229082642896585,0.06201982908737788
train_median,validation,2023-02,country_sg,country_cn,-0.22059921749484102,0.06201982908737788
train_median,validation,2023-03,country_sg,country_cn,-0.1392007218314476,0.06201982908737788
train_median,validation,2023-04,country_sg,country_cn,-0.27043330611653427,0.06201982908737788
train_median,validation,2023-05,country_sg,country_cn,-0.06000032833791491,0.06201982908737788
train_median,validation,2023-06,country_sg,country_cn,0.0597096845997168,0.06201982908737788
train_median,validation,2023-07,country_sg,country_cn,-0.08569717902748179,0.06201982908737788
train_median,validation,2023-08,country_sg,country_cn,0.0454124349993084,0.06201982908737788
train_median,validation,2023-09,country_sg,country_cn,0.18025318120800776,0.06201982908737788
train_median,validation,2023-10,country_sg,country_cn,0.2112009615652365,0.06201982908737788
train_median,validation,2023-11,country_sg,country_cn,0.07712332851759311,0.06201982908737788
train_median,validation,2023-12,country_sg,country_cn,0.011212728733252708,0.06201982908737788
train_median,validation,2023-01,country_sg,country_de,-0.08352195266420247,0.06201982908737788
train_median,validation,2023-02,country_sg,country_de,0.045492356652348735,0.06201982908737788
train_median,validation,2023-03,country_sg,country_de,-0.1561207296387751,0.06201982908737788
train_median,validation,2023-04,country_sg,country_de,-0.25947399129912896,0.06201982908737788
train_median,validation,2023-05,country_sg,country_de,-0.029322730606776322,0.06201982908737788
train_median,validation,2023-06,country_sg,country_de,0.024857190419814688,0.06201982908737788
train_median,validation,2023-07,country_sg,country_de,-0.14920532291577596,0.06201982908737788
train_median,validation,2023-08,country_sg,country_de,-0.07117219406237099,0.06201982908737788
train_median,validation,2023-09,country_sg,country_de,0.7095377894721141,0.06201982908737788
train_median,validation,2023-10,country_sg,country_de,0.15374634209942628,0.06201982908737788
train_median,validation,2023-11,country_sg,country_de,-0.12867984298338783,0.06201982908737788
train_median,validation,2023-12,country_sg,country_de,0.45591391131406317,0.06201982908737788
train_median,validation,2023-01,country_sg,country_fr,-0.17093080170832795,0.06201982908737788
train_median,validation,2023-02,country_sg,country_fr,-0.28626551960984764,0.06201982908737788
train_median,validation,2023-03,country_sg,country_fr,0.2871299039128175,0.06201982908737788
train_median,validation,2023-04,country_sg,country_fr,-0.16277511297193126,0.06201982908737788
train_median,validation,2023-05,country_sg,country_fr,-0.23539057805962638,0.06201982908737788
train_median,validation,2023-06,country_sg,country_fr,-0.15072404630499542,0.06201982908737788
train_median,validation,2023-07,country_sg,country_fr,0.016099266428361132,0.06201982908737788
train_median,validation,2023-08,country_sg,country_fr,-0.11953380551089773,0.06201982908737788
train_median,validation,2023-09,country_sg,country_fr,0.20272527045856886,0.06201982908737788
train_median,validation,2023-10,country_sg,country_fr,-0.11859430542137044,0.06201982908737788
train_median,validation,2023-11,country_sg,country_fr,-0.047907108655339266,0.06201982908737788
train_median,validation,2023-12,country_sg,country_fr,0.17373230767025838,0.06201982908737788
train_median,validation,2023-01,country_sg,country_gb,-0.03925599734001988,0.06201982908737788
train_median,validation,2023-02,country_sg,country_gb,0.06549113954907446,0.06201982908737788
train_median,validation,2023-03,country_sg,country_gb,-0.1634356829234454,0.06201982908737788
train_median,validation,2023-04,country_sg,country_gb,-0.16634177614840964,0.06201982908737788
train_median,validation,2023-05,country_sg,country_gb,-0.15749581842425486,0.06201982908737788
train_median,validation,2023-06,country_sg,country_gb,-0.29129947136313716,0.06201982908737788
train_median,validation,2023-07,country_sg,country_gb,-0.0070725996136509735,0.06201982908737788
train_median,validation,2023-08,country_sg,country_gb,-0.2360510115245507,0.06201982908737788
train_median,validation,2023-09,country_sg,country_gb,0.4895477294605686,0.06201982908737788
train_median,validation,2023-10,country_sg,country_gb,0.06303821906322812,0.06201982908737788
train_median,validation,2023-11,country_sg,country_gb,-0.05433851360756094,0.06201982908737788
train_median,validation,2023-12,country_sg,country_gb,-0.1853486285283121,0.06201982908737788
train_median,validation,2023-01,country_sg,country_in,-0.770445151601155,0.06201982908737788
train_median,validation,2023-02,country_sg,country_in,-0.7195526522977617,0.06201982908737788
train_median,validation,2023-03,country_sg,country_in,-0.7083240115953684,0.06201982908737788
train_median,validation,2023-04,country_sg,country_in,-0.6318344924222968,0.06201982908737788
train_median,validation,2023-05,country_sg,country_in,-0.6423232463167013,0.06201982908737788
train_median,validation,2023-06,country_sg,country_in,-0.35315029572902773,0.06201982908737788
train_median,validation,2023-07,country_sg,country_in,0.097898467677779,0.06201982908737788
train_median,validation,2023-08,country_sg,country_in,-0.14907291064962427,0.06201982908737788
train_median,validation,2023-09,country_sg,country_in,0.47703788012961545,0.06201982908737788
train_median,validation,2023-10,country_sg,country_in,0.20445785253984133,0.06201982908737788
train_median,validation,2023-11,country_sg,country_in,-0.029955338166246993,0.06201982908737788
train_median,validation,2023-12,country_sg,country_in,0.2670618467685637,0.06201982908737788
train_median,validation,2023-01,country_sg,country_jp,0.00217606713724381,0.06201982908737788
train_median,validation,2023-02,country_sg,country_jp,0.030500138907201543,0.06201982908737788
train_median,validation,2023-03,country_sg,country_jp,-0.11218353749682673,0.06201982908737788
train_median,validation,2023-04,country_sg,country_jp,-0.04417411539358544,0.06201982908737788
train_median,validation,2023-05,country_sg,country_jp,-0.08968472431463365,0.06201982908737788
train_median,validation,2023-06,country_sg,country_jp,-0.02700186763882855,0.06201982908737788
train_median,validation,2023-07,country_sg,country_jp,-0.048821199762307206,0.06201982908737788
train_median,validation,2023-08,country_sg,country_jp,-0.13279343150355727,0.06201982908737788
train_median,validation,2023-09,country_sg,country_jp,-0.10128408537612572,0.06201982908737788
train_median,validation,2023-10,country_sg,country_jp,-0.057031933322145435,0.06201982908737788
train_median,validation,2023-11,country_sg,country_jp,0.046557062179301,0.06201982908737788
train_median,validation,2023-12,country_sg,country_jp,-0.022413600053277825,0.06201982908737788
train_median,validation,2023-01,country_sg,country_kr,0.28854341757753393,0.06201982908737788
train_median,validation,2023-02,country_sg,country_kr,-0.260551633599817,0.06201982908737788
train_median,validation,2023-03,country_sg,country_kr,0.17573005438398764,0.06201982908737788
train_median,validation,2023-04,country_sg,country_kr,-0.4054736622511379,0.06201982908737788
train_median,validation,2023-05,country_sg,country_kr,0.19252954442154535,0.06201982908737788
train_median,validation,2023-06,country_sg,country_kr,0.3206120822826447,0.06201982908737788
train_median,validation,2023-07,country_sg,country_kr,0.282649707932171,0.06201982908737788
train_median,validation,2023-08,country_sg,country_kr,0.09760168700681289,0.06201982908737788
train_median,validation,2023-09,country_sg,country_kr,-0.13902345707036204,0.06201982908737788
train_median,validation,2023-10,country_sg,country_kr,-0.14998408926795712,0.06201982908737788
train_median,validation,2023-11,country_sg,country_kr,-0.40787836224757834,0.06201982908737788
train_median,validation,2023-12,country_sg,country_kr,0.1635734086578584,0.06201982908737788
train_median,validation,2023-01,country_sg,country_mx,-0.13455770971570533,0.06201982908737788
train_median,validation,2023-02,country_sg,country_mx,0.25553239603007116,0.06201982908737788
train_median,validation,2023-03,country_sg,country_mx,0.011015411205134551,0.06201982908737788
train_median,validation,2023-04,country_sg,country_mx,0.2019074389665813,0.06201982908737788
train_median,validation,2023-05,country_sg,country_mx,0.2296424932309259,0.06201982908737788
train_median,validation,2023-06,country_sg,country_mx,0.2207557450155495,0.06201982908737788
train_median,validation,2023-07,country_sg,country_mx,0.03329895016327047,0.06201982908737788
train_median,validation,2023-08,country_sg,country_mx,-0.034128962705888354,0.06201982908737788
train_median,validation,2023-09,country_sg,country_mx,-0.20511028127781258,0.06201982908737788
train_median,validation,2023-10,country_sg,country_mx,0.09224649746987272,0.06201982908737788
train_median,validation,2023-11,country_sg,country_mx,-0.10403907893599483,0.06201982908737788
train_median,validation,2023-12,country_sg,country_mx,0.03318579617907807,0.06201982908737788
train_median,validation,2023-01,country_sg,country_my,-0.1049877619439001,0.06201982908737788
train_median,validation,2023-02,country_sg,country_my,0.44686527712884483,0.06201982908737788
train_median,validation,2023-03,country_sg,country_my,0.13918713224914292,0.06201982908737788
train_median,validation,2023-04,country_sg,country_my,0.22933011178368978,0.06201982908737788
train_median,validation,2023-05,country_sg,country_my,0.10892062840527061,0.06201982908737788
train_median,validation,2023-06,country_sg,country_my,0.2165070527431835,0.06201982908737788
train_median,validation,2023-07,country_sg,country_my,0.19055910744719803,0.06201982908737788
train_median,validation,2023-08,country_sg,country_my,0.06115361459936443,0.06201982908737788
train_median,validation,2023-09,country_sg,country_my,0.003254562841193379,0.06201982908737788
train_median,validation,2023-10,country_sg,country_my,-0.0337788944465071,0.06201982908737788
train_median,validation,2023-11,country_sg,country_my,-0.03525764034435199,0.06201982908737788
train_median,validation,2023-12,country_sg,country_my,0.137192269422924,0.06201982908737788
train_median,validation,2023-01,country_sg,country_ph,-0.15856551060441632,0.06201982908737788
train_median,validation,2023-02,country_sg,country_ph,-0.224813610215671,0.06201982908737788
train_median,validation,2023-03,country_sg,country_ph,-0.05096954840156365,0.06201982908737788
train_median,validation,2023-04,country_sg,country_ph,-0.12948720684478707,0.06201982908737788
train_median,validation,2023-05,country_sg,country_ph,-0.22698878107063347,0.06201982908737788
train_median,validation,2023-06,country_sg,country_ph,-0.15917985234816082,0.06201982908737788
train_median,validation,2023-07,country_sg,country_ph,-0.2595176342891579,0.06201982908737788
train_median,validation,2023-08,country_sg,country_ph,-0.06800022076810976,0.06201982908737788
train_median,validation,2023-09,country_sg,country_ph,0.02741756812932584,0.06201982908737788
train_median,validation,2023-10,country_sg,country_ph,-0.24988773540244863,0.06201982908737788
train_median,validation,2023-11,country_sg,country_ph,-0.22227745734270643,0.06201982908737788
train_median,validation,2023-12,country_sg,country_ph,-0.07207483603882954,0.06201982908737788
train_median,validation,2023-01,country_sg,country_th,-0.036402324110299165,0.06201982908737788
train_median,validation,2023-02,country_sg,country_th,0.025435817582827498,0.06201982908737788
train_median,validation,2023-03,country_sg,country_th,0.07452087059727257,0.06201982908737788
train_median,validation,2023-04,country_sg,country_th,0.11609747899361886,0.06201982908737788
train_median,validation,2023-05,country_sg,country_th,-0.0159352797162061,0.06201982908737788
train_median,validation,2023-06,country_sg,country_th,0.12010969505734817,0.06201982908737788
train_median,validation,2023-07,country_sg,country_th,-0.05390504442256696,0.06201982908737788
train_median,validation,2023-08,country_sg,country_th,-0.05120438181989263,0.06201982908737788
train_median,validation,2023-09,country_sg,country_th,0.2074122202415951,0.06201982908737788
train_median,validation,2023-10,country_sg,country_th,-0.23964266583209265,0.06201982908737788
train_median,validation,2023-11,country_sg,country_th,-0.2067858658946459,0.06201982908737788
train_median,validation,2023-12,country_sg,country_th,-0.004151021169119934,0.06201982908737788
train_median,validation,2023-01,country_sg,country_us,0.1377374208094639,0.06201982908737788
train_median,validation,2023-02,country_sg,country_us,0.19283964800054595,0.06201982908737788
train_median,validation,2023-03,country_sg,country_us,0.07955209591223864,0.06201982908737788
train_median,validation,2023-04,country_sg,country_us,0.1424782303175896,0.06201982908737788
train_median,validation,2023-05,country_sg,country_us,0.08825093312626425,0.06201982908737788
train_median,validation,2023-06,country_sg,country_us,0.08403947066081319,0.06201982908737788
train_median,validation,2023-07,country_sg,country_us,0.03958889042922055,0.06201982908737788
train_median,validation,2023-08,country_sg,country_us,0.14297043026235312,0.06201982908737788
train_median,validation,2023-09,country_sg,country_us,-0.4142533602864137,0.06201982908737788
train_median,validation,2023-10,country_sg,country_us,-0.5299775013865332,0.06201982908737788
train_median,validation,2023-11,country_sg,country_us,-0.5830037651131822,0.06201982908737788
train_median,validation,2023-12,country_sg,country_us,-0.4350393544573947,0.06201982908737788
train_median,validation,2023-01,country_sg,country_vn,-0.3276087329693512,0.06201982908737788
train_median,validation,2023-02,country_sg,country_vn,-0.08424934740103565,0.06201982908737788
train_median,validation,2023-03,country_sg,country_vn,-0.13497899558694798,0.06201982908737788
train_median,validation,2023-04,country_sg,country_vn,-0.288164499788673,0.06201982908737788
train_median,validation,2023-05,country_sg,country_vn,-0.09093284398705725,0.06201982908737788
train_median,validation,2023-06,country_sg,country_vn,0.1783043271408036,0.06201982908737788
train_median,validation,2023-07,country_sg,country_vn,0.06970344977045492,0.06201982908737788
train_median,validation,2023-08,country_sg,country_vn,-0.10021782555342497,0.06201982908737788
train_median,validation,2023-09,country_sg,country_vn,0.2797559216740947,0.06201982908737788
train_median,validation,2023-10,country_sg,country_vn,-0.03174826735797872,0.06201982908737788
train_median,validation,2023-11,country_sg,country_vn,-0.08582409031391926,0.06201982908737788
train_median,validation,2023-01,country_th,country_203,-0.06962071576345275,0.06201982908737788
train_median,validation,2023-02,country_th,country_203,0.158438179825875,0.06201982908737788
train_median,validation,2023-03,country_th,country_203,-0.09934413837546757,0.06201982908737788
train_median,validation,2023-04,country_th,country_203,-0.0033794447406077684,0.06201982908737788
train_median,validation,2023-05,country_th,country_203,-0.023384991232380928,0.06201982908737788
train_median,validation,2023-06,country_th,country_203,-0.23018115641474549,0.06201982908737788
train_median,validation,2023-07,country_th,country_203,0.047127656788392265,0.06201982908737788
train_median,validation,2023-08,country_th,country_203,-0.1428962629331149,0.06201982908737788
train_median,validation,2023-09,country_th,country_203,-0.32895027823534345,0.06201982908737788
train_median,validation,2023-10,country_th,country_203,-0.27716771098932075,0.06201982908737788
train_median,validation,2023-11,country_th,country_203,-0.26685789780443425,0.06201982908737788
train_median,validation,2023-12,country_th,country_203,-0.348263915414789,0.06201982908737788
train_median,validation,2023-01,country_th,country_344,-0.2222393800619381,0.06201982908737788
train_median,validation,2023-02,country_th,country_344,-0.21837171314654272,0.06201982908737788
train_median,validation,2023-03,country_th,country_344,-0.13708074187078353,0.06201982908737788
train_median,validation,2023-04,country_th,country_344,-0.17080863429290477,0.06201982908737788
train_median,validation,2023-05,country_th,country_344,-0.06842518413026187,0.06201982908737788
train_median,validation,2023-06,country_th,country_344,-0.009678207323473126,0.06201982908737788
train_median,validation,2023-07,country_th,country_344,0.036341921347705954,0.06201982908737788
train_median,validation,2023-08,country_th,country_344,0.1667327732610308,0.06201982908737788
train_median,validation,2023-09,country_th,country_344,-0.14517385322044662,0.06201982908737788
train_median,validation,2023-10,country_th,country_344,-0.012304015688785115,0.06201982908737788
train_median,validation,2023-11,country_th,country_344,0.04447574514441102,0.06201982908737788
train_median,validation,2023-12,country_th,country_344,-0.1655294700552173,0.06201982908737788
train_median,validation,2023-01,country_th,country_372,-0.09875449646083685,0.06201982908737788
train_median,validation,2023-02,country_th,country_372,0.2695860277022578,0.06201982908737788
train_median,validation,2023-03,country_th,country_372,0.010083928034918888,0.06201982908737788
train_median,validation,2023-04,country_th,country_372,-0.026782772105839642,0.06201982908737788
train_median,validation,2023-05,country_th,country_372,0.0223286930481024,0.06201982908737788
train_median,validation,2023-06,country_th,country_372,0.4767447551023125,0.06201982908737788
train_median,validation,2023-07,country_th,country_372,-0.08105040740576201,0.06201982908737788
train_median,validation,2023-08,country_th,country_372,0.15500489366100584,0.06201982908737788
train_median,validation,2023-09,country_th,country_372,-0.08202861444672505,0.06201982908737788
train_median,validation,2023-10,country_th,country_372,-0.022777230718565918,0.06201982908737788
train_median,validation,2023-11,country_th,country_372,-0.29713000250043353,0.06201982908737788
train_median,validation,2023-12,country_th,country_372,-0.26696396119369303,0.06201982908737788
train_median,validation,2023-01,country_th,country_380,0.2707569835035689,0.06201982908737788
train_median,validation,2023-02,country_th,country_380,0.11551895472102898,0.06201982908737788
train_median,validation,2023-03,country_th,country_380,-0.21710794643640846,0.06201982908737788
train_median,validation,2023-04,country_th,country_380,-0.1943245545112857,0.06201982908737788
train_median,validation,2023-05,country_th,country_380,-0.18571779980287573,0.06201982908737788
train_median,validation,2023-06,country_th,country_380,0.03816771144394114,0.06201982908737788
train_median,validation,2023-07,country_th,country_380,-0.3672597023814755,0.06201982908737788
train_median,validation,2023-08,country_th,country_380,0.12126614020477204,0.06201982908737788
train_median,validation,2023-09,country_th,country_380,-0.28617131428036285,0.06201982908737788
train_median,validation,2023-10,country_th,country_380,-0.2652412548843623,0.06201982908737788
train_median,validation,2023-11,country_th,country_380,-0.42738046926341855,0.06201982908737788
train_median,validation,2023-12,country_th,country_380,-0.047807523872209455,0.06201982908737788
train_median,validation,2023-01,country_th,country_cn,-0.17155259234992631,0.06201982908737788
train_median,validation,2023-02,country_th,country_cn,-0.11845097154889617,0.06201982908737788
train_median,validation,2023-03,country_th,country_cn,-0.1698385429986822,0.06201982908737788
train_median,validation,2023-04,country_th,country_cn,-0.2385946781230123,0.06201982908737788
train_median,validation,2023-05,country_th,country_cn,-0.15780763255364547,0.06201982908737788
train_median,validation,2023-06,country_th,country_cn,-0.05095439274765953,0.06201982908737788
train_median,validation,2023-07,country_th,country_cn,-0.06942024409379367,0.06201982908737788
train_median,validation,2023-08,country_th,country_cn,0.024559738046019138,0.06201982908737788
train_median,validation,2023-09,country_th,country_cn,-0.003776996008319274,0.06201982908737788
train_median,validation,2023-10,country_th,country_cn,-0.06565064279226537,0.06201982908737788
train_median,validation,2023-11,country_th,country_cn,-0.07091599946826727,0.06201982908737788
train_median,validation,2023-12,country_th,country_cn,-0.14741057281381661,0.06201982908737788
train_median,validation,2023-01,country_th,country_de,0.010252537420220212,0.06201982908737788
train_median,validation,2023-02,country_th,country_de,0.22137207571496778,0.06201982908737788
train_median,validation,2023-03,country_th,country_de,-0.04606091847285514,0.06201982908737788
train_median,validation,2023-04,country_th,country_de,0.11669461659331025,0.06201982908737788
train_median,validation,2023-05,country_th,country_de,0.1357331174005485,0.06201982908737788
train_median,validation,2023-06,country_th,country_de,-0.04513124558871067,0.06201982908737788
train_median,validation,2023-07,country_th,country_de,0.007472230532884324,0.06201982908737788
train_median,validation,2023-08,country_th,country_de,0.03016308390506627,0.06201982908737788
train_median,validation,2023-09,country_th,country_de,-0.16380949890787244,0.06201982908737788
train_median,validation,2023-10,country_th,country_de,-0.11983434296772262,0.06201982908737788
train_median,validation,2023-11,country_th,country_de,-0.19893477023570072,0.06201982908737788
train_median,validation,2023-12,country_th,country_de,-0.09775587383925695,0.06201982908737788
train_median,validation,2023-01,country_th,country_fr,-0.06891305644043448,0.06201982908737788
train_median,validation,2023-02,country_th,country_fr,0.015320506175029775,0.06201982908737788
train_median,validation,2023-03,country_th,country_fr,-0.004110567694410868,0.06201982908737788
train_median,validation,2023-04,country_th,country_fr,-0.1598400105970331,0.06201982908737788
train_median,validation,2023-05,country_th,country_fr,0.0048908267550173004,0.06201982908737788
train_median,validation,2023-06,country_th,country_fr,-0.1103329635568394,0.06201982908737788
train_median,validation,2023-07,country_th,country_fr,-0.15188483049885482,0.06201982908737788
train_median,validation,2023-08,country_th,country_fr,0.034388464766174305,0.06201982908737788
train_median,validation,2023-09,country_th,country_fr,-0.185186619414672,0.06201982908737788
train_median,validation,2023-10,country_th,country_fr,-0.11199108424250762,0.06201982908737788
train_median,validation,2023-11,country_th,country_fr,-0.21857246496957602,0.06201982908737788
train_median,validation,2023-12,country_th,country_fr,0.00909345739486602,0.06201982908737788
train_median,validation,2023-01,country_th,country_gb,-0.03717395616729706,0.06201982908737788
train_median,validation,2023-02,country_th,country_gb,0.1631018779541398,0.06201982908737788
train_median,validation,2023-03,country_th,country_gb,0.11385670637445086,0.06201982908737788
train_median,validation,2023-04,country_th,country_gb,0.010461540953263291,0.06201982908737788
train_median,validation,2023-05,country_th,country_gb,-0.011612662458656694,0.06201982908737788
train_median,validation,2023-06,country_th,country_gb,-0.1983511205696059,0.06201982908737788
train_median,validation,2023-07,country_th,country_gb,-0.03884754713447134,0.06201982908737788
train_median,validation,2023-08,country_th,country_gb,-0.2382610841916261,0.06201982908737788
train_median,validation,2023-09,country_th,country_gb,0.0031076055555826223,0.06201982908737788
train_median,validation,2023-10,country_th,country_gb,-0.4144155366174361,0.06201982908737788
train_median,validation,2023-11,country_th,country_gb,-0.407069683777167,0.06201982908737788
train_median,validation,2023-12,country_th,country_gb,-0.3125065806586635,0.06201982908737788
train_median,validation,2023-01,country_th,country_in,0.23139184921933126,0.06201982908737788
train_median,validation,2023-02,country_th,country_in,1.5560098089290024,0.06201982908737788
train_median,validation,2023-03,country_th,country_in,0.9655782417953064,0.06201982908737788
train_median,validation,2023-04,country_th,country_in,0.5247415451780961,0.06201982908737788
train_median,validation,2023-05,country_th,country_in,0.29397071914080003,0.06201982908737788
train_median,validation,2023-06,country_th,country_in,-0.2120298117974179,0.06201982908737788
train_median,validation,2023-07,country_th,country_in,-0.21163559682917824,0.06201982908737788
train_median,validation,2023-08,country_th,country_in,-0.013887508527225116,0.06201982908737788
train_median,validation,2023-09,country_th,country_in,-0.358206940482296,0.06201982908737788
train_median,validation,2023-10,country_th,country_in,-0.5282833914504915,0.06201982908737788
train_median,validation,2023-11,country_th,country_in,0.023810552177103112,0.06201982908737788
train_median,validation,2023-12,country_th,country_in,0.2295544119183985,0.06201982908737788
train_median,validation,2023-01,country_th,country_jp,0.09895362094657183,0.06201982908737788
train_median,validation,2023-02,country_th,country_jp,0.0011253553760228532,0.06201982908737788
train_median,validation,2023-03,country_th,country_jp,-0.08361523894158461,0.06201982908737788
train_median,validation,2023-04,country_th,country_jp,0.15247063867281038,0.06201982908737788
train_median,validation,2023-05,country_th,country_jp,0.0931834158820816,0.06201982908737788
train_median,validation,2023-06,country_th,country_jp,-0.049935768190262846,0.06201982908737788
train_median,validation,2023-07,country_th,country_jp,0.06073832289601407,0.06201982908737788
train_median,validation,2023-08,country_th,country_jp,0.03130062204358673,0.06201982908737788
train_median,validation,2023-09,country_th,country_jp,-0.09344515461475796,0.06201982908737788
train_median,validation,2023-10,country_th,country_jp,0.050653626294162556,0.06201982908737788
train_median,validation,2023-11,country_th,country_jp,-0.02936285277509817,0.06201982908737788
train_median,validation,2023-12,country_th,country_jp,0.14626470294189084,0.06201982908737788
train_median,validation,2023-01,country_th,country_kr,-0.013546321522615014,0.06201982908737788
train_median,validation,2023-02,country_th,country_kr,-0.013529577985742966,0.06201982908737788
train_median,validation,2023-03,country_th,country_kr,-0.0378248931169967,0.06201982908737788
train_median,validation,2023-04,country_th,country_kr,-0.029422583644133127,0.06201982908737788
train_median,validation,2023-05,country_th,country_kr,0.10053818669799541,0.06201982908737788
train_median,validation,2023-06,country_th,country_kr,0.03936454913869553,0.06201982908737788
train_median,validation,2023-07,country_th,country_kr,0.30333487627550615,0.06201982908737788
train_median,validation,2023-08,country_th,country_kr,-0.006703641654855916,0.06201982908737788
train_median,validation,2023-09,country_th,country_kr,0.12232776180986904,0.06201982908737788
train_median,validation,2023-10,country_th,country_kr,0.12603019438490254,0.06201982908737788
train_median,validation,2023-11,country_th,country_kr,0.31999899250730135,0.06201982908737788
train_median,validation,2023-12,country_th,country_kr,0.1913657451186632,0.06201982908737788
train_median,validation,2023-01,country_th,country_mx,0.024970098888038972,0.06201982908737788
train_median,validation,2023-02,country_th,country_mx,0.08141322854553662,0.06201982908737788
train_median,validation,2023-03,country_th,country_mx,-0.009576596509404693,0.06201982908737788
train_median,validation,2023-04,country_th,country_mx,-0.030459616255719708,0.06201982908737788
train_median,validation,2023-05,country_th,country_mx,0.05188817136916798,0.06201982908737788
train_median,validation,2023-06,country_th,country_mx,-0.0524575045001379,0.06201982908737788
train_median,validation,2023-07,country_th,country_mx,-0.05521212406897086,0.06201982908737788
train_median,validation,2023-08,country_th,country_mx,-0.09634980314485382,0.06201982908737788
train_median,validation,2023-09,country_th,country_mx,-0.09440762752431409,0.06201982908737788
train_median,validation,2023-10,country_th,country_mx,-0.01793340392833743,0.06201982908737788
train_median,validation,2023-11,country_th,country_mx,-0.07685256525600373,0.06201982908737788
train_median,validation,2023-12,country_th,country_mx,-0.21256896195439912,0.06201982908737788
train_median,validation,2023-01,country_th,country_my,-0.262197597315101,0.06201982908737788
train_median,validation,2023-02,country_th,country_my,-0.16171475293461485,0.06201982908737788
train_median,validation,2023-03,country_th,country_my,-0.3045820193405164,0.06201982908737788
train_median,validation,2023-04,country_th,country_my,-0.3289333602848919,0.06201982908737788
train_median,validation,2023-05,country_th,country_my,-0.3627724405380174,0.06201982908737788
train_median,validation,2023-06,country_th,country_my,-0.21152188483920875,0.06201982908737788
train_median,validation,2023-07,country_th,country_my,-0.2041521144518373,0.06201982908737788
train_median,validation,2023-08,country_th,country_my,-0.0790264014969507,0.06201982908737788
train_median,validation,2023-09,country_th,country_my,-0.12295143955319653,0.06201982908737788
train_median,validation,2023-10,country_th,country_my,0.1021437186815721,0.06201982908737788
train_median,validation,2023-11,country_th,country_my,-0.08192332794982408,0.06201982908737788
train_median,validation,2023-12,country_th,country_my,-0.037935788413006356,0.06201982908737788
train_median,validation,2023-01,country_th,country_ph,-0.166508878342203,0.06201982908737788
train_median,validation,2023-02,country_th,country_ph,-0.054583495069748626,0.06201982908737788
train_median,validation,2023-03,country_th,country_ph,-0.2300321507513146,0.06201982908737788
train_median,validation,2023-04,country_th,country_ph,0.21660742410533224,0.06201982908737788
train_median,validation,2023-05,country_th,country_ph,0.16689159674507834,0.06201982908737788
train_median,validation,2023-06,country_th,country_ph,-0.14083346327141041,0.06201982908737788
train_median,validation,2023-07,country_th,country_ph,-0.12415919452469987,0.06201982908737788
train_median,validation,2023-08,country_th,country_ph,-0.1053246477703747,0.06201982908737788
train_median,validation,2023-09,country_th,country_ph,-0.22776651698846176,0.06201982908737788
train_median,validation,2023-10,country_th,country_ph,-0.2621658431584265,0.06201982908737788
train_median,validation,2023-11,country_th,country_ph,-0.07484160621515178,0.06201982908737788
train_median,validation,2023-12,country_th,country_ph,-0.19232288749528198,0.06201982908737788
train_median,validation,2023-01,country_th,country_sg,-0.29338579772638274,0.06201982908737788
train_median,validation,2023-02,country_th,country_sg,-0.2203751295906691,0.06201982908737788
train_median,validation,2023-03,country_th,country_sg,-0.20186713913545987,0.06201982908737788
train_median,validation,2023-04,country_th,country_sg,-0.07012050843116724,0.06201982908737788
train_median,validation,2023-05,country_th,country_sg,-0.017474507465431742,0.06201982908737788
train_median,validation,2023-06,country_th,country_sg,0.0034861436916080965,0.06201982908737788
train_median,validation,2023-07,country_th,country_sg,-0.06732386626260488,0.06201982908737788
train_median,validation,2023-08,country_th,country_sg,-0.07106664694718781,0.06201982908737788
train_median,validation,2023-09,country_th,country_sg,-0.19067510667120655,0.06201982908737788
train_median,validation,2023-10,country_th,country_sg,-0.20186659955792874,0.06201982908737788
train_median,validation,2023-11,country_th,country_sg,-0.24347065660773062,0.06201982908737788
train_median,validation,2023-12,country_th,country_sg,-0.37403350415002057,0.06201982908737788
train_median,validation,2023-01,country_th,country_us,0.2814873633862535,0.06201982908737788
train_median,validation,2023-02,country_th,country_us,0.7467395489482117,0.06201982908737788
train_median,validation,2023-03,country_th,country_us,0.26844126585487627,0.06201982908737788
train_median,validation,2023-04,country_th,country_us,0.5035964989759181,0.06201982908737788
train_median,validation,2023-05,country_th,country_us,0.49479527917888244,0.06201982908737788
train_median,validation,2023-06,country_th,country_us,0.21634649719068916,0.06201982908737788
train_median,validation,2023-07,country_th,country_us,0.234221826952867,0.06201982908737788
train_median,validation,2023-08,country_th,country_us,0.179002671050877,0.06201982908737788
train_median,validation,2023-09,country_th,country_us,0.15924402970979046,0.06201982908737788
train_median,validation,2023-10,country_th,country_us,0.006303169666280777,0.06201982908737788
train_median,validation,2023-11,country_th,country_us,-0.21731559354376825,0.06201982908737788
train_median,validation,2023-12,country_th,country_us,0.08367581979627393,0.06201982908737788
train_median,validation,2023-01,country_th,country_vn,0.07895138440034337,0.06201982908737788
train_median,validation,2023-02,country_th,country_vn,0.3590319479307667,0.06201982908737788
train_median,validation,2023-03,country_th,country_vn,0.49021254148146737,0.06201982908737788
train_median,validation,2023-04,country_th,country_vn,0.012138290076857721,0.06201982908737788
train_median,validation,2023-05,country_th,country_vn,-0.08060316206262452,0.06201982908737788
train_median,validation,2023-06,country_th,country_vn,0.015105376650903411,0.06201982908737788
train_median,validation,2023-07,country_th,country_vn,-0.1232619423756123,0.06201982908737788
train_median,validation,2023-08,country_th,country_vn,-0.20701019637197296,0.06201982908737788
train_median,validation,2023-09,country_th,country_vn,-0.1751067469662268,0.06201982908737788
train_median,validation,2023-10,country_th,country_vn,-0.3212075038002453,0.06201982908737788
train_median,validation,2023-11,country_th,country_vn,-0.31471965776547217,0.06201982908737788
train_median,validation,2023-01,country_us,country_203,0.04788707920374348,0.06201982908737788
train_median,validation,2023-02,country_us,country_203,0.34565511154929124,0.06201982908737788
train_median,validation,2023-03,country_us,country_203,0.10978107141523998,0.06201982908737788
train_median,validation,2023-04,country_us,country_203,0.11267462620741367,0.06201982908737788
train_median,validation,2023-05,country_us,country_203,-0.04449131460564547,0.06201982908737788
train_median,validation,2023-06,country_us,country_203,0.3036468332860361,0.06201982908737788
train_median,validation,2023-07,country_us,country_203,0.2733828298893947,0.06201982908737788
train_median,validation,2023-08,country_us,country_203,-0.39834012676784913,0.06201982908737788
train_median,validation,2023-09,country_us,country_203,-0.39812187829342055,0.06201982908737788
train_median,validation,2023-10,country_us,country_203,-0.030708384579225614,0.06201982908737788
train_median,validation,2023-11,country_us,country_203,-0.30787278569450793,0.06201982908737788
train_median,validation,2023-12,country_us,country_203,-0.2751404942357762,0.06201982908737788
train_median,validation,2023-01,country_us,country_344,-0.31764582095501404,0.06201982908737788
train_median,validation,2023-02,country_us,country_344,-0.004577631660484781,0.06201982908737788
train_median,validation,2023-03,country_us,country_344,-0.09227030791404427,0.06201982908737788
train_median,validation,2023-04,country_us,country_344,-0.17225776477141916,0.06201982908737788
train_median,validation,2023-05,country_us,country_344,0.17881097206856406,0.06201982908737788
train_median,validation,2023-06,country_us,country_344,-0.13638838778064033,0.06201982908737788
train_median,validation,2023-07,country_us,country_344,0.10384765231215144,0.06201982908737788
train_median,validation,2023-08,country_us,country_344,0.03886217406382543,0.06201982908737788
train_median,validation,2023-09,country_us,country_344,0.11642120099777076,0.06201982908737788
train_median,validation,2023-10,country_us,country_344,-0.06285761325244942,0.06201982908737788
train_median,validation,2023-11,country_us,country_344,-0.021610903516714065,0.06201982908737788
train_median,validation,2023-12,country_us,country_344,0.4856050980082252,0.06201982908737788
train_median,validation,2023-01,country_us,country_372,-0.18669721275851578,0.06201982908737788
train_median,validation,2023-02,country_us,country_372,-0.26700591932876766,0.06201982908737788
train_median,validation,2023-03,country_us,country_372,-0.5622300846562922,0.06201982908737788
train_median,validation,2023-04,country_us,country_372,-0.1735434687494139,0.06201982908737788
train_median,validation,2023-05,country_us,country_372,0.3776072322491383,0.06201982908737788
train_median,validation,2023-06,country_us,country_372,-0.11055241534195888,0.06201982908737788
train_median,validation,2023-07,country_us,country_372,-0.3810410515921506,0.06201982908737788
train_median,validation,2023-08,country_us,country_372,-0.5460745244008955,0.06201982908737788
train_median,validation,2023-09,country_us,country_372,-0.47585334166756776,0.06201982908737788
train_median,validation,2023-10,country_us,country_372,-0.5240594105341367,0.06201982908737788
train_median,validation,2023-11,country_us,country_372,-0.4449607173309689,0.06201982908737788
train_median,validation,2023-12,country_us,country_372,-0.36867050907805965,0.06201982908737788
train_median,validation,2023-01,country_us,country_380,-0.14951116776935197,0.06201982908737788
train_median,validation,2023-02,country_us,country_380,0.06515669408680988,0.06201982908737788
train_median,validation,2023-03,country_us,country_380,-0.31220421120846953,0.06201982908737788
train_median,validation,2023-04,country_us,country_380,-0.3234318371477514,0.06201982908737788
train_median,validation,2023-05,country_us,country_380,0.06928462315723241,0.06201982908737788
train_median,validation,2023-06,country_us,country_380,-0.16517324779701473,0.06201982908737788
train_median,validation,2023-07,country_us,country_380,-0.42279622570201697,0.06201982908737788
train_median,validation,2023-08,country_us,country_380,0.6973734375751968,0.06201982908737788
train_median,validation,2023-09,country_us,country_380,-0.16927241404614563,0.06201982908737788
train_median,validation,2023-10,country_us,country_380,-0.18869941142295865,0.06201982908737788
train_median,validation,2023-11,country_us,country_380,0.0710681099683614,0.06201982908737788
train_median,validation,2023-12,country_us,country_380,0.4871175752374214,0.06201982908737788
train_median,validation,2023-01,country_us,country_cn,-0.4109350508807291,0.06201982908737788
train_median,validation,2023-02,country_us,country_cn,-0.354788931522304,0.06201982908737788
train_median,validation,2023-03,country_us,country_cn,-0.39058999810636186,0.06201982908737788
train_median,validation,2023-04,country_us,country_cn,-0.26566115086403375,0.06201982908737788
train_median,validation,2023-05,country_us,country_cn,-0.21412920989746448,0.06201982908737788
train_median,validation,2023-06,country_us,country_cn,-0.15657695409695163,0.06201982908737788
train_median,validation,2023-07,country_us,country_cn,0.06126821622776845,0.06201982908737788
train_median,validation,2023-08,country_us,country_cn,0.015348733827988802,0.06201982908737788
train_median,validation,2023-09,country_us,country_cn,-0.021126523940094507,0.06201982908737788
train_median,validation,2023-10,country_us,country_cn,0.12990864711127853,0.06201982908737788
train_median,validation,2023-11,country_us,country_cn,0.10847335564177274,0.06201982908737788
train_median,validation,2023-12,country_us,country_cn,0.09830273443567825,0.06201982908737788
train_median,validation,2023-01,country_us,country_de,-0.0766891798586789,0.06201982908737788
train_median,validation,2023-02,country_us,country_de,-0.012090023055744562,0.06201982908737788
train_median,validation,2023-03,country_us,country_de,-0.13338518411039382,0.06201982908737788
train_median,validation,2023-04,country_us,country_de,0.13760804916569322,0.06201982908737788
train_median,validation,2023-05,country_us,country_de,0.13798223425958578,0.06201982908737788
train_median,validation,2023-06,country_us,country_de,-0.0509543205690494,0.06201982908737788
train_median,validation,2023-07,country_us,country_de,0.05212883687284475,0.06201982908737788
train_median,validation,2023-08,country_us,country_de,-0.03949353047573945,0.06201982908737788
train_median,validation,2023-09,country_us,country_de,-0.2563508841991487,0.06201982908737788
train_median,validation,2023-10,country_us,country_de,-0.30463167073822334,0.06201982908737788
train_median,validation,2023-11,country_us,country_de,-0.5746799502513669,0.06201982908737788
train_median,validation,2023-12,country_us,country_de,-0.4163823390438685,0.06201982908737788
train_median,validation,2023-01,country_us,country_fr,-0.2153254681534161,0.06201982908737788
train_median,validation,2023-02,country_us,country_fr,-0.3588712774542408,0.06201982908737788
train_median,validation,2023-03,country_us,country_fr,-0.27135891829457526,0.06201982908737788
train_median,validation,2023-04,country_us,country_fr,0.24299437907276572,0.06201982908737788
train_median,validation,2023-05,country_us,country_fr,-0.40726365812969034,0.06201982908737788
train_median,validation,2023-06,country_us,country_fr,-0.29972548196050236,0.06201982908737788
train_median,validation,2023-07,country_us,country_fr,-0.2038346846904222,0.06201982908737788
train_median,validation,2023-08,country_us,country_fr,-0.36791609793488855,0.06201982908737788
train_median,validation,2023-09,country_us,country_fr,0.0021582033511698445,0.06201982908737788
train_median,validation,2023-10,country_us,country_fr,-0.048462780217717515,0.06201982908737788
train_median,validation,2023-11,country_us,country_fr,-0.1753758009916801,0.06201982908737788
train_median,validation,2023-12,country_us,country_fr,0.0047454275096017,0.06201982908737788
train_median,validation,2023-01,country_us,country_gb,-0.15352695010551726,0.06201982908737788
train_median,validation,2023-02,country_us,country_gb,0.1458144172254632,0.06201982908737788
train_median,validation,2023-03,country_us,country_gb,-0.06475669430975257,0.06201982908737788
train_median,validation,2023-04,country_us,country_gb,0.11983073551466959,0.06201982908737788
train_median,validation,2023-05,country_us,country_gb,-0.1917363000238866,0.06201982908737788
train_median,validation,2023-06,country_us,country_gb,-0.23294989106035036,0.06201982908737788
train_median,validation,2023-07,country_us,country_gb,-0.18214989371197424,0.06201982908737788
train_median,validation,2023-08,country_us,country_gb,-0.20255327878423304,0.06201982908737788
train_median,validation,2023-09,country_us,country_gb,0.38576536046466087,0.06201982908737788
train_median,validation,2023-10,country_us,country_gb,0.18738211804989854,0.06201982908737788
train_median,validation,2023-11,country_us,country_gb,-0.12413880302202933,0.06201982908737788
train_median,validation,2023-12,country_us,country_gb,-0.04203885752496079,0.06201982908737788
train_median,validation,2023-01,country_us,country_in,-0.7481614654079178,0.06201982908737788
train_median,validation,2023-02,country_us,country_in,-0.7026206698046908,0.06201982908737788
train_median,validation,2023-03,country_us,country_in,-0.5348255789024465,0.06201982908737788
train_median,validation,2023-04,country_us,country_in,-0.5344590765817209,0.06201982908737788
train_median,validation,2023-05,country_us,country_in,-0.46543771851304194,0.06201982908737788
train_median,validation,2023-06,country_us,country_in,0.44686951708334477,0.06201982908737788
train_median,validation,2023-07,country_us,country_in,-0.44577478166317347,0.06201982908737788
train_median,validation,2023-08,country_us,country_in,-0.37531816467875784,0.06201982908737788
train_median,validation,2023-09,country_us,country_in,0.3099285277252111,0.06201982908737788
train_median,validation,2023-10,country_us,country_in,0.04692524100708292,0.06201982908737788
train_median,validation,2023-11,country_us,country_in,-0.03789353817125712,0.06201982908737788
train_median,validation,2023-12,country_us,country_in,-0.1074680406263901,0.06201982908737788
train_median,validation,2023-01,country_us,country_jp,-0.2220796898928121,0.06201982908737788
train_median,validation,2023-02,country_us,country_jp,-0.1194251513065022,0.06201982908737788
train_median,validation,2023-03,country_us,country_jp,-0.16759650222406025,0.06201982908737788
train_median,validation,2023-04,country_us,country_jp,0.1700873578224307,0.06201982908737788
train_median,validation,2023-05,country_us,country_jp,-0.002319276720732565,0.06201982908737788
train_median,validation,2023-06,country_us,country_jp,-0.04249168129483916,0.06201982908737788
train_median,validation,2023-07,country_us,country_jp,-0.07157659018749621,0.06201982908737788
train_median,validation,2023-08,country_us,country_jp,-0.12166960191737837,0.06201982908737788
train_median,validation,2023-09,country_us,country_jp,-0.1941125539499304,0.06201982908737788
train_median,validation,2023-10,country_us,country_jp,-0.21002115165925775,0.06201982908737788
train_median,validation,2023-11,country_us,country_jp,-0.14666431837915628,0.06201982908737788
train_median,validation,2023-12,country_us,country_jp,-0.09658136247806434,0.06201982908737788
train_median,validation,2023-01,country_us,country_kr,-0.1564934519471014,0.06201982908737788
train_median,validation,2023-02,country_us,country_kr,-0.2797119381696761,0.06201982908737788
train_median,validation,2023-03,country_us,country_kr,-0.18153687310281258,0.06201982908737788
train_median,validation,2023-04,country_us,country_kr,-0.03938372505601534,0.06201982908737788
train_median,validation,2023-05,country_us,country_kr,0.0038974675394522216,0.06201982908737788
train_median,validation,2023-06,country_us,country_kr,0.06240818396212156,0.06201982908737788
train_median,validation,2023-07,country_us,country_kr,0.188763280264417,0.06201982908737788
train_median,validation,2023-08,country_us,country_kr,0.35256427162271076,0.06201982908737788
train_median,validation,2023-09,country_us,country_kr,0.41120540676428974,0.06201982908737788
train_median,validation,2023-10,country_us,country_kr,0.1036421103702999,0.06201982908737788
train_median,validation,2023-11,country_us,country_kr,-0.023796620438580617,0.06201982908737788
train_median,validation,2023-12,country_us,country_kr,0.11384142085264516,0.06201982908737788
train_median,validation,2023-01,country_us,country_mx,-0.08964680640987373,0.06201982908737788
train_median,validation,2023-02,country_us,country_mx,-0.09452727322020106,0.06201982908737788
train_median,validation,2023-03,country_us,country_mx,-0.0672490874312034,0.06201982908737788
train_median,validation,2023-04,country_us,country_mx,-0.17993114914081215,0.06201982908737788
train_median,validation,2023-05,country_us,country_mx,0.19461227224418065,0.06201982908737788
train_median,validation,2023-06,country_us,country_mx,-0.13918470330852517,0.06201982908737788
train_median,validation,2023-07,country_us,country_mx,0.04178701869556504,0.06201982908737788
train_median,validation,2023-08,country_us,country_mx,-0.08712229157359411,0.06201982908737788
train_median,validation,2023-09,country_us,country_mx,-0.11844181110665769,0.06201982908737788
train_median,validation,2023-10,country_us,country_mx,0.07348216819052088,0.06201982908737788
train_median,validation,2023-11,country_us,country_mx,-0.10572036353279303,0.06201982908737788
train_median,validation,2023-12,country_us,country_mx,0.05415545356686144,0.06201982908737788
train_median,validation,2023-01,country_us,country_my,-0.35030480665584085,0.06201982908737788
train_median,validation,2023-02,country_us,country_my,-0.3310049761881345,0.06201982908737788
train_median,validation,2023-03,country_us,country_my,-0.43913304661366503,0.06201982908737788
train_median,validation,2023-04,country_us,country_my,-0.38808228438288667,0.06201982908737788
train_median,validation,2023-05,country_us,country_my,-0.35265555775632,0.06201982908737788
train_median,validation,2023-06,country_us,country_my,-0.10979888575092828,0.06201982908737788
train_median,validation,2023-07,country_us,country_my,-0.12748366607357203,0.06201982908737788
train_median,validation,2023-08,country_us,country_my,0.18563982705173893,0.06201982908737788
train_median,validation,2023-09,country_us,country_my,0.16292670437992737,0.06201982908737788
train_median,validation,2023-10,country_us,country_my,0.04359243467837443,0.06201982908737788
train_median,validation,2023-11,country_us,country_my,-0.16632777684841943,0.06201982908737788
train_median,validation,2023-12,country_us,country_my,0.04444704280792918,0.06201982908737788
train_median,validation,2023-01,country_us,country_ph,0.04948795691044027,0.06201982908737788
train_median,validation,2023-02,country_us,country_ph,0.11361032815242907,0.06201982908737788
train_median,validation,2023-03,country_us,country_ph,0.03390831727712025,0.06201982908737788
train_median,validation,2023-04,country_us,country_ph,0.045526863019695295,0.06201982908737788
train_median,validation,2023-05,country_us,country_ph,-0.0526775881027685,0.06201982908737788
train_median,validation,2023-06,country_us,country_ph,-0.03205567401749433,0.06201982908737788
train_median,validation,2023-07,country_us,country_ph,0.09314109382026411,0.06201982908737788
train_median,validation,2023-08,country_us,country_ph,-0.10518925321283264,0.06201982908737788
train_median,validation,2023-09,country_us,country_ph,-0.115159193435369,0.06201982908737788
train_median,validation,2023-10,country_us,country_ph,-0.08179762317035302,0.06201982908737788
train_median,validation,2023-11,country_us,country_ph,-0.15570895682864466,0.06201982908737788
train_median,validation,2023-12,country_us,country_ph,-0.06495876691802988,0.06201982908737788
train_median,validation,2023-01,country_us,country_sg,-0.42432951335720925,0.06201982908737788
train_median,validation,2023-02,country_us,country_sg,0.08633503407639452,0.06201982908737788
train_median,validation,2023-03,country_us,country_sg,-0.12449298890430537,0.06201982908737788
train_median,validation,2023-04,country_us,country_sg,-0.2512639816381188,0.06201982908737788
train_median,validation,2023-05,country_us,country_sg,-0.07337636848845536,0.06201982908737788
train_median,validation,2023-06,country_us,country_sg,0.10882255287884995,0.06201982908737788
train_median,validation,2023-07,country_us,country_sg,-0.12365301815270996,0.06201982908737788
train_median,validation,2023-08,country_us,country_sg,0.05110346116503812,0.06201982908737788
train_median,validation,2023-09,country_us,country_sg,0.030110732674807406,0.06201982908737788
train_median,validation,2023-10,country_us,country_sg,-0.10628735949714951,0.06201982908737788
train_median,validation,2023-11,country_us,country_sg,-0.2615051213254794,0.06201982908737788
train_median,validation,2023-12,country_us,country_sg,-0.26772363338026345,0.06201982908737788
train_median,validation,2023-01,country_us,country_th,-0.22114415566556125,0.06201982908737788
train_median,validation,2023-02,country_us,country_th,-0.14937302542361228,0.06201982908737788
train_median,validation,2023-03,country_us,country_th,-0.13948005235609914,0.06201982908737788
train_median,validation,2023-04,country_us,country_th,-0.07454041528636719,0.06201982908737788
train_median,validation,2023-05,country_us,country_th,-0.040720953111744305,0.06201982908737788
train_median,validation,2023-06,country_us,country_th,-0.12226215956679831,0.06201982908737788
train_median,validation,2023-07,country_us,country_th,0.015277319414281131,0.06201982908737788
train_median,validation,2023-08,country_us,country_th,-0.055126119139085536,0.06201982908737788
train_median,validation,2023-09,country_us,country_th,0.18819346287458114,0.06201982908737788
train_median,validation,2023-10,country_us,country_th,0.11088546258855529,0.06201982908737788
train_median,validation,2023-11,country_us,country_th,0.0057157832772440405,0.06201982908737788
train_median,validation,2023-12,country_us,country_th,0.02044020869902014,0.06201982908737788
train_median,validation,2023-01,country_us,country_vn,-0.393342000561845,0.06201982908737788
train_median,validation,2023-02,country_us,country_vn,-0.14913589585977463,0.06201982908737788
train_median,validation,2023-03,country_us,country_vn,0.06765554218651877,0.06201982908737788
train_median,validation,2023-04,country_us,country_vn,0.06951105352475268,0.06201982908737788
train_median,validation,2023-05,country_us,country_vn,0.693057142548126,0.06201982908737788
train_median,validation,2023-06,country_us,country_vn,0.7772186275210693,0.06201982908737788
train_median,validation,2023-07,country_us,country_vn,0.2141689453290708,0.06201982908737788
train_median,validation,2023-08,country_us,country_vn,0.7944949589662503,0.06201982908737788
train_median,validation,2023-09,country_us,country_vn,0.3902137941700439,0.06201982908737788
train_median,validation,2023-10,country_us,country_vn,0.7662203501721448,0.06201982908737788
train_median,validation,2023-11,country_us,country_vn,0.49854587381794346,0.06201982908737788
train_median,validation,2023-01,country_vn,country_203,-0.34137856873388805,0.06201982908737788
train_median,validation,2023-02,country_vn,country_203,0.9921054420340808,0.06201982908737788
train_median,validation,2023-03,country_vn,country_203,0.0786662613732207,0.06201982908737788
train_median,validation,2023-04,country_vn,country_203,-0.042809589963186456,0.06201982908737788
train_median,validation,2023-05,country_vn,country_203,0.010430711329526436,0.06201982908737788
train_median,validation,2023-06,country_vn,country_203,-0.032673743677481215,0.06201982908737788
train_median,validation,2023-07,country_vn,country_203,2.959589732401725,0.06201982908737788
train_median,validation,2023-08,country_vn,country_203,2.5768399175560774,0.06201982908737788
train_median,validation,2023-09,country_vn,country_203,4.14459779881616,0.06201982908737788
train_median,validation,2023-10,country_vn,country_203,0.9571255272350886,0.06201982908737788
train_median,validation,2023-11,country_vn,country_203,2.103119673476882,0.06201982908737788
train_median,validation,2023-12,country_vn,country_203,1.6332376262276789,0.06201982908737788
train_median,validation,2023-01,country_vn,country_344,0.2146910675745828,0.06201982908737788
train_median,validation,2023-02,country_vn,country_344,0.2453394337174695,0.06201982908737788
train_median,validation,2023-03,country_vn,country_344,-0.2178231280730222,0.06201982908737788
train_median,validation,2023-04,country_vn,country_344,0.3264633628379165,0.06201982908737788
train_median,validation,2023-05,country_vn,country_344,0.42865338851707185,0.06201982908737788
train_median,validation,2023-06,country_vn,country_344,0.19173233252474864,0.06201982908737788
train_median,validation,2023-07,country_vn,country_344,0.2664406816534638,0.06201982908737788
train_median,validation,2023-08,country_vn,country_344,0.41040887264507764,0.06201982908737788
train_median,validation,2023-09,country_vn,country_344,0.12718076546120413,0.06201982908737788
train_median,validation,2023-10,country_vn,country_344,0.2914654900333153,0.06201982908737788
train_median,validation,2023-11,country_vn,country_344,0.4285268671370813,0.06201982908737788
train_median,validation,2023-12,country_vn,country_344,-0.277205872968218,0.06201982908737788
train_median,validation,2023-01,country_vn,country_372,-0.4323820334729651,0.06201982908737788
train_median,validation,2023-02,country_vn,country_372,0.7629083144099452,0.06201982908737788
train_median,validation,2023-03,country_vn,country_372,-0.6896655629473362,0.06201982908737788
train_median,validation,2023-04,country_vn,country_372,15.0271210992124,0.06201982908737788
train_median,validation,2023-05,country_vn,country_372,0.9287149137781578,0.06201982908737788
train_median,validation,2023-06,country_vn,country_372,-0.7450229824314679,0.06201982908737788
train_median,validation,2023-07,country_vn,country_372,1.4502999267693748,0.06201982908737788
train_median,validation,2023-08,country_vn,country_372,2.7423153700919336,0.06201982908737788
train_median,validation,2023-09,country_vn,country_372,0.20611630724095534,0.06201982908737788
train_median,validation,2023-10,country_vn,country_372,29.776893340879464,0.06201982908737788
train_median,validation,2023-11,country_vn,country_372,43.85986181647136,0.06201982908737788
train_median,validation,2023-12,country_vn,country_372,6.217016806560717,0.06201982908737788
train_median,validation,2023-01,country_vn,country_380,1.5280209895304975,0.06201982908737788
train_median,validation,2023-02,country_vn,country_380,-0.05138269758650521,0.06201982908737788
train_median,validation,2023-03,country_vn,country_380,1.0344884842953534,0.06201982908737788
train_median,validation,2023-04,country_vn,country_380,-0.3746203729228907,0.06201982908737788
train_median,validation,2023-05,country_vn,country_380,-0.6231212442705758,0.06201982908737788
train_median,validation,2023-06,country_vn,country_380,0.24445806360801497,0.06201982908737788
train_median,validation,2023-07,country_vn,country_380,-0.030144049353605075,0.06201982908737788
train_median,validation,2023-08,country_vn,country_380,-0.24866190311869166,0.06201982908737788
train_median,validation,2023-09,country_vn,country_380,0.38202562453093764,0.06201982908737788
train_median,validation,2023-10,country_vn,country_380,-0.5785236509086507,0.06201982908737788
train_median,validation,2023-11,country_vn,country_380,-0.19650949430475148,0.06201982908737788
train_median,validation,2023-12,country_vn,country_380,0.3249283040364046,0.06201982908737788
train_median,validation,2023-01,country_vn,country_cn,-0.48760722876235746,0.06201982908737788
train_median,validation,2023-02,country_vn,country_cn,0.37216029438118065,0.06201982908737788
train_median,validation,2023-03,country_vn,country_cn,-0.3697738827871692,0.06201982908737788
train_median,validation,2023-04,country_vn,country_cn,0.03411288466461026,0.06201982908737788
train_median,validation,2023-05,country_vn,country_cn,0.40247839060220797,0.06201982908737788
train_median,validation,2023-06,country_vn,country_cn,-0.02587023801684459,0.06201982908737788
train_median,validation,2023-07,country_vn,country_cn,0.1535783906823808,0.06201982908737788
train_median,validation,2023-08,country_vn,country_cn,0.24833452618413848,0.06201982908737788
train_median,validation,2023-09,country_vn,country_cn,0.10608401043820938,0.06201982908737788
train_median,validation,2023-10,country_vn,country_cn,-0.014391720876627193,0.06201982908737788
train_median,validation,2023-11,country_vn,country_cn,0.3707119780836791,0.06201982908737788
train_median,validation,2023-12,country_vn,country_cn,-0.23053972716926263,0.06201982908737788
train_median,validation,2023-01,country_vn,country_de,-0.21668728672834603,0.06201982908737788
train_median,validation,2023-02,country_vn,country_de,-0.09952160494767054,0.06201982908737788
train_median,validation,2023-03,country_vn,country_de,0.13445092438378642,0.06201982908737788
train_median,validation,2023-04,country_vn,country_de,-0.04962726204385394,0.06201982908737788
train_median,validation,2023-05,country_vn,country_de,0.060382008853003016,0.06201982908737788
train_median,validation,2023-06,country_vn,country_de,-0.11507888441958194,0.06201982908737788
train_median,validation,2023-07,country_vn,country_de,-0.01653456662977687,0.06201982908737788
train_median,validation,2023-08,country_vn,country_de,-0.22359235117467413,0.06201982908737788
train_median,validation,2023-09,country_vn,country_de,0.07321062803409907,0.06201982908737788
train_median,validation,2023-10,country_vn,country_de,-0.3889691191924635,0.06201982908737788
train_median,validation,2023-11,country_vn,country_de,0.5770058684343022,0.06201982908737788
train_median,validation,2023-12,country_vn,country_de,-0.30935319360299873,0.06201982908737788
train_median,validation,2023-01,country_vn,country_fr,0.49460311145267477,0.06201982908737788
train_median,validation,2023-02,country_vn,country_fr,-0.28637214500989455,0.06201982908737788
train_median,validation,2023-03,country_vn,country_fr,-0.18326462217571973,0.06201982908737788
train_median,validation,2023-04,country_vn,country_fr,0.15936666282095374,0.06201982908737788
train_median,validation,2023-05,country_vn,country_fr,0.3607296403867104,0.06201982908737788
train_median,validation,2023-06,country_vn,country_fr,0.10653049983672822,0.06201982908737788
train_median,validation,2023-07,country_vn,country_fr,-0.06963818349556278,0.06201982908737788
train_median,validation,2023-08,country_vn,country_fr,-0.04778976416771367,0.06201982908737788
train_median,validation,2023-09,country_vn,country_fr,1.1015405373913418,0.06201982908737788
train_median,validation,2023-10,country_vn,country_fr,-0.06286376187025307,0.06201982908737788
train_median,validation,2023-11,country_vn,country_fr,0.1691246876121854,0.06201982908737788
train_median,validation,2023-12,country_vn,country_fr,0.4841292069480319,0.06201982908737788
train_median,validation,2023-01,country_vn,country_gb,-0.20368300361117783,0.06201982908737788
train_median,validation,2023-02,country_vn,country_gb,-0.037591726396165634,0.06201982908737788
train_median,validation,2023-03,country_vn,country_gb,-0.156787732817093,0.06201982908737788
train_median,validation,2023-04,country_vn,country_gb,-0.1231724279435386,0.06201982908737788
train_median,validation,2023-05,country_vn,country_gb,0.33647400337429884,0.06201982908737788
train_median,validation,2023-06,country_vn,country_gb,0.3432020995993092,0.06201982908737788
train_median,validation,2023-07,country_vn,country_gb,0.3922287104794391,0.06201982908737788
train_median,validation,2023-08,country_vn,country_gb,0.6229466428386126,0.06201982908737788
train_median,validation,2023-09,country_vn,country_gb,0.4772813107489082,0.06201982908737788
train_median,validation,2023-10,country_vn,country_gb,-0.10554688784411997,0.06201982908737788
train_median,validation,2023-11,country_vn,country_gb,0.09029359153587149,0.06201982908737788
train_median,validation,2023-12,country_vn,country_gb,0.04044508899811463,0.06201982908737788
train_median,validation,2023-01,country_vn,country_in,0.37307428156626377,0.06201982908737788
train_median,validation,2023-02,country_vn,country_in,1.5193159091842818,0.06201982908737788
train_median,validation,2023-03,country_vn,country_in,2.016875027412936,0.06201982908737788
train_median,validation,2023-04,country_vn,country_in,2.179851603059272,0.06201982908737788
train_median,validation,2023-05,country_vn,country_in,1.3364542023056296,0.06201982908737788
train_median,validation,2023-06,country_vn,country_in,1.9501592015980567,0.06201982908737788
train_median,validation,2023-07,country_vn,country_in,2.179375801038359,0.06201982908737788
train_median,validation,2023-08,country_vn,country_in,0.4777108305338109,0.06201982908737788
train_median,validation,2023-09,country_vn,country_in,0.28108038531001284,0.06201982908737788
train_median,validation,2023-10,country_vn,country_in,0.03645857415243218,0.06201982908737788
train_median,validation,2023-11,country_vn,country_in,-0.07722834937702139,0.06201982908737788
train_median,validation,2023-12,country_vn,country_in,0.30945382687177747,0.06201982908737788
train_median,validation,2023-01,country_vn,country_jp,-0.3829892558343782,0.06201982908737788
train_median,validation,2023-02,country_vn,country_jp,-0.3177171875565763,0.06201982908737788
train_median,validation,2023-03,country_vn,country_jp,-0.37117042492108243,0.06201982908737788
train_median,validation,2023-04,country_vn,country_jp,-0.1572655867525693,0.06201982908737788
train_median,validation,2023-05,country_vn,country_jp,-0.3298727406916177,0.06201982908737788
train_median,validation,2023-06,country_vn,country_jp,-0.23643334631837631,0.06201982908737788
train_median,validation,2023-07,country_vn,country_jp,-0.16150735217484852,0.06201982908737788
train_median,validation,2023-08,country_vn,country_jp,-0.04724402372052689,0.06201982908737788
train_median,validation,2023-09,country_vn,country_jp,0.14214258538190125,0.06201982908737788
train_median,validation,2023-10,country_vn,country_jp,0.06976929024759691,0.06201982908737788
train_median,validation,2023-11,country_vn,country_jp,0.4463682484024546,0.06201982908737788
train_median,validation,2023-12,country_vn,country_jp,0.01104038117775214,0.06201982908737788
train_median,validation,2023-01,country_vn,country_kr,0.3806379369862022,0.06201982908737788
train_median,validation,2023-02,country_vn,country_kr,-0.04459743258848212,0.06201982908737788
train_median,validation,2023-03,country_vn,country_kr,0.22518570126410328,0.06201982908737788
train_median,validation,2023-04,country_vn,country_kr,0.07917602715993552,0.06201982908737788
train_median,validation,2023-05,country_vn,country_kr,-0.1725246649543527,0.06201982908737788
train_median,validation,2023-06,country_vn,country_kr,0.02770622347021053,0.06201982908737788
train_median,validation,2023-07,country_vn,country_kr,0.23228365471181928,0.06201982908737788
train_median,validation,2023-08,country_vn,country_kr,-0.07270161318049903,0.06201982908737788
train_median,validation,2023-09,country_vn,country_kr,0.259182353642151,0.06201982908737788
train_median,validation,2023-10,country_vn,country_kr,0.025755813412596956,0.06201982908737788
train_median,validation,2023-11,country_vn,country_kr,0.12533661252111916,0.06201982908737788
train_median,validation,2023-12,country_vn,country_kr,0.015039476697957126,0.06201982908737788
train_median,validation,2023-01,country_vn,country_mx,-0.23568629776197572,0.06201982908737788
train_median,validation,2023-02,country_vn,country_mx,0.37330997079674694,0.06201982908737788
train_median,validation,2023-03,country_vn,country_mx,1.7200306970324122,0.06201982908737788
train_median,validation,2023-04,country_vn,country_mx,0.20868160538993352,0.06201982908737788
train_median,validation,2023-05,country_vn,country_mx,0.192824595417545,0.06201982908737788
train_median,validation,2023-06,country_vn,country_mx,-0.06421545404665246,0.06201982908737788
train_median,validation,2023-07,country_vn,country_mx,-0.029081563097948498,0.06201982908737788
train_median,validation,2023-08,country_vn,country_mx,-0.10075234228788317,0.06201982908737788
train_median,validation,2023-09,country_vn,country_mx,0.4765234005386057,0.06201982908737788
train_median,validation,2023-10,country_vn,country_mx,0.3441561496213794,0.06201982908737788
train_median,validation,2023-11,country_vn,country_mx,-0.16787569987704956,0.06201982908737788
train_median,validation,2023-12,country_vn,country_mx,-0.01822680981226993,0.06201982908737788
train_median,validation,2023-01,country_vn,country_my,-0.0894521045528292,0.06201982908737788
train_median,validation,2023-02,country_vn,country_my,-0.1901349445086103,0.06201982908737788
train_median,validation,2023-03,country_vn,country_my,-0.014266512645729324,0.06201982908737788
train_median,validation,2023-04,country_vn,country_my,0.7331004909811772,0.06201982908737788
train_median,validation,2023-05,country_vn,country_my,-0.21273200162056777,0.06201982908737788
train_median,validation,2023-06,country_vn,country_my,0.576252568884344,0.06201982908737788
train_median,validation,2023-07,country_vn,country_my,0.4203394494860574,0.06201982908737788
train_median,validation,2023-08,country_vn,country_my,0.012272111023582022,0.06201982908737788
train_median,validation,2023-09,country_vn,country_my,0.009741111897552931,0.06201982908737788
train_median,validation,2023-10,country_vn,country_my,-0.14732630937601526,0.06201982908737788
train_median,validation,2023-11,country_vn,country_my,-0.504512753610974,0.06201982908737788
train_median,validation,2023-12,country_vn,country_my,-0.5243840115713059,0.06201982908737788
train_median,validation,2023-01,country_vn,country_ph,0.3315665560404738,0.06201982908737788
train_median,validation,2023-02,country_vn,country_ph,0.24186426134817823,0.06201982908737788
train_median,validation,2023-03,country_vn,country_ph,1.05861132620388,0.06201982908737788
train_median,validation,2023-04,country_vn,country_ph,0.017390694484851005,0.06201982908737788
train_median,validation,2023-05,country_vn,country_ph,-0.12681749443726278,0.06201982908737788
train_median,validation,2023-06,country_vn,country_ph,0.012484034976477015,0.06201982908737788
train_median,validation,2023-07,country_vn,country_ph,1.0060213751116496,0.06201982908737788
train_median,validation,2023-08,country_vn,country_ph,0.13833506154841227,0.06201982908737788
train_median,validation,2023-09,country_vn,country_ph,0.9035829721097541,0.06201982908737788
train_median,validation,2023-10,country_vn,country_ph,0.5887049575292902,0.06201982908737788
train_median,validation,2023-11,country_vn,country_ph,0.15130974952871235,0.06201982908737788
train_median,validation,2023-12,country_vn,country_ph,-0.7534135301047932,0.06201982908737788
train_median,validation,2023-01,country_vn,country_sg,-0.2496447178289875,0.06201982908737788
train_median,validation,2023-02,country_vn,country_sg,-0.016937883705732938,0.06201982908737788
train_median,validation,2023-03,country_vn,country_sg,-0.1875707342110965,0.06201982908737788
train_median,validation,2023-04,country_vn,country_sg,-0.150001669408945,0.06201982908737788
train_median,validation,2023-05,country_vn,country_sg,0.19848784865571306,0.06201982908737788
train_median,validation,2023-06,country_vn,country_sg,-0.09069873864958782,0.06201982908737788
train_median,validation,2023-07,country_vn,country_sg,0.7707983339423062,0.06201982908737788
train_median,validation,2023-08,country_vn,country_sg,0.9771380844494487,0.06201982908737788
train_median,validation,2023-09,country_vn,country_sg,0.5639938307000174,0.06201982908737788
train_median,validation,2023-10,country_vn,country_sg,0.34535771493098744,0.06201982908737788
train_median,validation,2023-11,country_vn,country_sg,0.5194237706235058,0.06201982908737788
train_median,validation,2023-12,country_vn,country_sg,0.26612932257995836,0.06201982908737788
train_median,validation,2023-01,country_vn,country_th,-0.04906705830781985,0.06201982908737788
train_median,validation,2023-02,country_vn,country_th,0.3195349111947501,0.06201982908737788
train_median,validation,2023-03,country_vn,country_th,3.0570115754536196,0.06201982908737788
train_median,validation,2023-04,country_vn,country_th,2.699352841771379,0.06201982908737788
train_median,validation,2023-05,country_vn,country_th,4.80763884076149,0.06201982908737788
train_median,validation,2023-06,country_vn,country_th,4.031567543197734,0.06201982908737788
train_median,validation,2023-07,country_vn,country_th,3.408288379251718,0.06201982908737788
train_median,validation,2023-08,country_vn,country_th,3.2295622958508914,0.06201982908737788
train_median,validation,2023-09,country_vn,country_th,1.095961332171053,0.06201982908737788
train_median,validation,2023-10,country_vn,country_th,0.5621542950608526,0.06201982908737788
train_median,validation,2023-11,country_vn,country_th,0.30138903810487083,0.06201982908737788
train_median,validation,2023-12,country_vn,country_th,0.0035363111396788495,0.06201982908737788
train_median,validation,2023-01,country_vn,country_us,0.058069872523240064,0.06201982908737788
train_median,validation,2023-02,country_vn,country_us,0.09136520003682608,0.06201982908737788
train_median,validation,2023-03,country_vn,country_us,-0.1095773880982526,0.06201982908737788
train_median,validation,2023-04,country_vn,country_us,0.025317971093358142,0.06201982908737788
train_median,validation,2023-05,country_vn,country_us,0.011245089208743652,0.06201982908737788
train_median,validation,2023-06,country_vn,country_us,0.08844456703773047,0.06201982908737788
train_median,validation,2023-07,country_vn,country_us,0.04599657451854905,0.06201982908737788
train_median,validation,2023-08,country_vn,country_us,-0.23505671165097064,0.06201982908737788
train_median,validation,2023-09,country_vn,country_us,-0.08579558340544119,0.06201982908737788
train_median,validation,2023-10,country_vn,country_us,-0.14284332457083035,0.06201982908737788
train_median,validation,2023-11,country_vn,country_us,0.05854377289134529,0.06201982908737788
train_median,validation,2023-12,country_vn,country_us,0.022285354232588213,0.06201982908737788
train_median,test,2024-01,country_203,country_344,-0.5289158371416232,0.06201982908737788
train_median,test,2024-02,country_203,country_344,0.6964141150984582,0.06201982908737788
train_median,test,2024-03,country_203,country_344,1.196746679577055,0.06201982908737788
train_median,test,2024-04,country_203,country_344,-0.054847161105393054,0.06201982908737788
train_median,test,2024-05,country_203,country_344,0.06785053589375828,0.06201982908737788
train_median,test,2024-06,country_203,country_344,1.3886760867880947,0.06201982908737788
train_median,test,2024-07,country_203,country_344,0.15867544114949375,0.06201982908737788
train_median,test,2024-08,country_203,country_344,1.0991651388422645,0.06201982908737788
train_median,test,2024-09,country_203,country_344,6.99432568938316,0.06201982908737788
train_median,test,2024-10,country_203,country_344,1.7584245906776912,0.06201982908737788
train_median,test,2024-11,country_203,country_344,-0.005791573975610948,0.06201982908737788
train_median,test,2024-01,country_203,country_372,-0.5358834521552983,0.06201982908737788
train_median,test,2024-02,country_203,country_372,-0.7339723696812811,0.06201982908737788
train_median,test,2024-03,country_203,country_372,-0.7317523388964337,0.06201982908737788
train_median,test,2024-04,country_203,country_372,-0.5099048486206046,0.06201982908737788
train_median,test,2024-05,country_203,country_372,-0.7008984237396317,0.06201982908737788
train_median,test,2024-06,country_203,country_372,-0.8251212482744124,0.06201982908737788
train_median,test,2024-07,country_203,country_372,-0.9209877540366441,0.06201982908737788
train_median,test,2024-08,country_203,country_372,-0.8463232667431637,0.06201982908737788
train_median,test,2024-09,country_203,country_372,-0.8717199140166568,0.06201982908737788
train_median,test,2024-10,country_203,country_372,-0.8698241862915195,0.06201982908737788
train_median,test,2024-11,country_203,country_372,-0.9539184729806557,0.06201982908737788
train_median,test,2024-01,country_203,country_380,-0.42074433858226246,0.06201982908737788
train_median,test,2024-02,country_203,country_380,-0.3443394306006087,0.06201982908737788
train_median,test,2024-03,country_203,country_380,-0.15361888026520798,0.06201982908737788
train_median,test,2024-04,country_203,country_380,-0.5443023836123665,0.06201982908737788
train_median,test,2024-05,country_203,country_380,-0.5224179960669851,0.06201982908737788
train_median,test,2024-06,country_203,country_380,0.2488182086875362,0.06201982908737788
train_median,test,2024-07,country_203,country_380,-0.5493672984573154,0.06201982908737788
train_median,test,2024-08,country_203,country_380,-0.11648048264902967,0.06201982908737788
train_median,test,2024-09,country_203,country_380,-0.5648309674574158,0.06201982908737788
train_median,test,2024-10,country_203,country_380,-0.2259366688315937,0.06201982908737788
train_median,test,2024-11,country_203,country_380,-0.22387373397129295,0.06201982908737788
train_median,test,2024-01,country_203,country_cn,0.19430608571829439,0.06201982908737788
train_median,test,2024-02,country_203,country_cn,0.5463110733391118,0.06201982908737788
train_median,test,2024-03,country_203,country_cn,0.1649266154990112,0.06201982908737788
train_median,test,2024-04,country_203,country_cn,0.0016034251168239105,0.06201982908737788
train_median,test,2024-05,country_203,country_cn,0.09121242500830605,0.06201982908737788
train_median,test,2024-06,country_203,country_cn,-0.11350917932483907,0.06201982908737788
train_median,test,2024-07,country_203,country_cn,-0.28399054987498323,0.06201982908737788
train_median,test,2024-08,country_203,country_cn,-0.2870012131932508,0.06201982908737788
train_median,test,2024-09,country_203,country_cn,-0.012647989231014156,0.06201982908737788
train_median,test,2024-10,country_203,country_cn,-0.22572732846169266,0.06201982908737788
train_median,test,2024-11,country_203,country_cn,-0.19174297737125157,0.06201982908737788
train_median,test,2024-01,country_203,country_de,-0.36906456461783327,0.06201982908737788
train_median,test,2024-02,country_203,country_de,-0.27463230909508296,0.06201982908737788
train_median,test,2024-03,country_203,country_de,0.0755204924152724,0.06201982908737788
train_median,test,2024-04,country_203,country_de,-0.42790977317500595,0.06201982908737788
train_median,test,2024-05,country_203,country_de,-0.10753378548895037,0.06201982908737788
train_median,test,2024-06,country_203,country_de,-0.3908116083926309,0.06201982908737788
train_median,test,2024-07,country_203,country_de,-0.3889416682108606,0.06201982908737788
train_median,test,2024-08,country_203,country_de,0.022378464101973174,0.06201982908737788
train_median,test,2024-09,country_203,country_de,-0.1850936107215521,0.06201982908737788
train_median,test,2024-10,country_203,country_de,0.2813234631678259,0.06201982908737788
train_median,test,2024-11,country_203,country_de,-0.017137832609622625,0.06201982908737788
train_median,test,2024-01,country_203,country_fr,-0.15523067684170905,0.06201982908737788
train_median,test,2024-02,country_203,country_fr,0.1670190916881348,0.06201982908737788
train_median,test,2024-03,country_203,country_fr,-0.39546687590318086,0.06201982908737788
train_median,test,2024-04,country_203,country_fr,-0.6874875791604094,0.06201982908737788
train_median,test,2024-05,country_203,country_fr,-0.5119305913175412,0.06201982908737788
train_median,test,2024-06,country_203,country_fr,-0.42450979060035304,0.06201982908737788
train_median,test,2024-07,country_203,country_fr,-0.607749149721827,0.06201982908737788
train_median,test,2024-08,country_203,country_fr,-0.4998851239379663,0.06201982908737788
train_median,test,2024-09,country_203,country_fr,-0.6188381550419321,0.06201982908737788
train_median,test,2024-10,country_203,country_fr,-0.5768464315811279,0.06201982908737788
train_median,test,2024-11,country_203,country_fr,-0.7261056469220037,0.06201982908737788
train_median,test,2024-01,country_203,country_gb,0.4732484591836027,0.06201982908737788
train_median,test,2024-02,country_203,country_gb,-0.09225429562130474,0.06201982908737788
train_median,test,2024-03,country_203,country_gb,-0.17595944722368875,0.06201982908737788
train_median,test,2024-04,country_203,country_gb,0.5801070764468105,0.06201982908737788
train_median,test,2024-05,country_203,country_gb,0.06952964461595454,0.06201982908737788
train_median,test,2024-06,country_203,country_gb,1.1385060936553428,0.06201982908737788
train_median,test,2024-07,country_203,country_gb,-0.35227128616405895,0.06201982908737788
train_median,test,2024-08,country_203,country_gb,-0.3267500839543229,0.06201982908737788
train_median,test,2024-09,country_203,country_gb,0.14798334706076613,0.06201982908737788
train_median,test,2024-10,country_203,country_gb,0.02497207921033874,0.06201982908737788
train_median,test,2024-11,country_203,country_gb,-0.06783629424809876,0.06201982908737788
train_median,test,2024-01,country_203,country_in,-0.02015907903264943,0.06201982908737788
train_median,test,2024-02,country_203,country_in,2.355911037964433,0.06201982908737788
train_median,test,2024-03,country_203,country_in,0.020217733991538544,0.06201982908737788
train_median,test,2024-04,country_203,country_in,-0.425172879479517,0.06201982908737788
train_median,test,2024-05,country_203,country_in,0.545171155888407,0.06201982908737788
train_median,test,2024-06,country_203,country_in,0.7150785795314593,0.06201982908737788
train_median,test,2024-07,country_203,country_in,-0.5737560411253564,0.06201982908737788
train_median,test,2024-08,country_203,country_in,0.860415957962946,0.06201982908737788
train_median,test,2024-09,country_203,country_in,2.723615770402891,0.06201982908737788
train_median,test,2024-10,country_203,country_in,0.13691676125412727,0.06201982908737788
train_median,test,2024-11,country_203,country_in,0.47091196291988874,0.06201982908737788
train_median,test,2024-01,country_203,country_jp,0.12353741216986318,0.06201982908737788
train_median,test,2024-02,country_203,country_jp,0.03718573932236377,0.06201982908737788
train_median,test,2024-03,country_203,country_jp,0.24836032371248842,0.06201982908737788
train_median,test,2024-04,country_203,country_jp,-0.18621659246564415,0.06201982908737788
train_median,test,2024-05,country_203,country_jp,0.26662776698002666,0.06201982908737788
train_median,test,2024-06,country_203,country_jp,0.15663711738205666,0.06201982908737788
train_median,test,2024-07,country_203,country_jp,-0.0805977228152601,0.06201982908737788
train_median,test,2024-08,country_203,country_jp,-0.36403813893849396,0.06201982908737788
train_median,test,2024-09,country_203,country_jp,0.34503619080931763,0.06201982908737788
train_median,test,2024-10,country_203,country_jp,0.5378245833327389,0.06201982908737788
train_median,test,2024-11,country_203,country_jp,-0.5090572007395183,0.06201982908737788
train_median,test,2024-01,country_203,country_kr,-0.5576954774005767,0.06201982908737788
train_median,test,2024-02,country_203,country_kr,0.7089088818826317,0.06201982908737788
train_median,test,2024-03,country_203,country_kr,0.13484819453395808,0.06201982908737788
train_median,test,2024-04,country_203,country_kr,0.09099292039990658,0.06201982908737788
train_median,test,2024-05,country_203,country_kr,-0.532287327575711,0.06201982908737788
train_median,test,2024-06,country_203,country_kr,0.17329164416729084,0.06201982908737788
train_median,test,2024-07,country_203,country_kr,0.015498476099613386,0.06201982908737788
train_median,test,2024-08,country_203,country_kr,-0.7835698737652744,0.06201982908737788
train_median,test,2024-09,country_203,country_kr,-0.5222589424572317,0.06201982908737788
train_median,test,2024-10,country_203,country_kr,0.11840058559795041,0.06201982908737788
train_median,test,2024-11,country_203,country_kr,-0.0600030523955435,0.06201982908737788
train_median,test,2024-01,country_203,country_mx,-0.6810552862443666,0.06201982908737788
train_median,test,2024-02,country_203,country_mx,-0.8563596536588797,0.06201982908737788
train_median,test,2024-03,country_203,country_mx,-0.741514587722162,0.06201982908737788
train_median,test,2024-04,country_203,country_mx,-0.1534703380561813,0.06201982908737788
train_median,test,2024-05,country_203,country_mx,-0.36646079597562337,0.06201982908737788
train_median,test,2024-06,country_203,country_mx,-0.5416562663452288,0.06201982908737788
train_median,test,2024-07,country_203,country_mx,-0.04110065140682498,0.06201982908737788
train_median,test,2024-08,country_203,country_mx,-0.42018969283837687,0.06201982908737788
train_median,test,2024-09,country_203,country_mx,0.02587559927545299,0.06201982908737788
train_median,test,2024-10,country_203,country_mx,0.19814669976829435,0.06201982908737788
train_median,test,2024-11,country_203,country_mx,0.4703831550772165,0.06201982908737788
train_median,test,2024-01,country_203,country_my,-0.6648052681631759,0.06201982908737788
train_median,test,2024-02,country_203,country_my,0.6525111083551602,0.06201982908737788
train_median,test,2024-03,country_203,country_my,-0.3644059290936305,0.06201982908737788
train_median,test,2024-04,country_203,country_my,-0.35305773604111046,0.06201982908737788
train_median,test,2024-05,country_203,country_my,-0.2644530656477574,0.06201982908737788
train_median,test,2024-06,country_203,country_my,-0.10636254689220657,0.06201982908737788
train_median,test,2024-07,country_203,country_my,0.6819337561854188,0.06201982908737788
train_median,test,2024-08,country_203,country_my,0.7712685297700718,0.06201982908737788
train_median,test,2024-09,country_203,country_my,0.6681054239244009,0.06201982908737788
train_median,test,2024-10,country_203,country_my,1.2022893307380882,0.06201982908737788
train_median,test,2024-11,country_203,country_my,0.6735000714981756,0.06201982908737788
train_median,test,2024-01,country_203,country_ph,-0.23657384475674406,0.06201982908737788
train_median,test,2024-02,country_203,country_ph,-0.0614529174999553,0.06201982908737788
train_median,test,2024-03,country_203,country_ph,0.2305217092386423,0.06201982908737788
train_median,test,2024-04,country_203,country_ph,0.17239231526806603,0.06201982908737788
train_median,test,2024-05,country_203,country_ph,0.0210339832560347,0.06201982908737788
train_median,test,2024-06,country_203,country_ph,-0.10819939413153887,0.06201982908737788
train_median,test,2024-07,country_203,country_ph,-0.1867156649276624,0.06201982908737788
train_median,test,2024-08,country_203,country_ph,0.37595337380167815,0.06201982908737788
train_median,test,2024-09,country_203,country_ph,-0.20324016302506698,0.06201982908737788
train_median,test,2024-10,country_203,country_ph,0.05104904658025333,0.06201982908737788
train_median,test,2024-11,country_203,country_ph,-0.23364060157847094,0.06201982908737788
train_median,test,2024-01,country_203,country_sg,-0.16958187193769284,0.06201982908737788
train_median,test,2024-02,country_203,country_sg,0.441163124273015,0.06201982908737788
train_median,test,2024-03,country_203,country_sg,0.9277235456611712,0.06201982908737788
train_median,test,2024-04,country_203,country_sg,-0.14869693167813805,0.06201982908737788
train_median,test,2024-05,country_203,country_sg,-0.08514795153660613,0.06201982908737788
train_median,test,2024-06,country_203,country_sg,0.7653923019145173,0.06201982908737788
train_median,test,2024-07,country_203,country_sg,-0.16858986738903833,0.06201982908737788
train_median,test,2024-08,country_203,country_sg,0.21323028488087017,0.06201982908737788
train_median,test,2024-09,country_203,country_sg,0.04652447030358735,0.06201982908737788
train_median,test,2024-10,country_203,country_sg,-0.052916065378401815,0.06201982908737788
train_median,test,2024-11,country_203,country_sg,-0.3558816165436461,0.06201982908737788
train_median,test,2024-01,country_203,country_th,-0.626737690671492,0.06201982908737788
train_median,test,2024-02,country_203,country_th,-0.4491868295697794,0.06201982908737788
train_median,test,2024-03,country_203,country_th,0.25703858519959916,0.06201982908737788
train_median,test,2024-04,country_203,country_th,0.01388291468532621,0.06201982908737788
train_median,test,2024-05,country_203,country_th,-0.18881360241274125,0.06201982908737788
train_median,test,2024-06,country_203,country_th,0.2412465081559235,0.06201982908737788
train_median,test,2024-07,country_203,country_th,0.27264458359650195,0.06201982908737788
train_median,test,2024-08,country_203,country_th,0.8269645664785537,0.06201982908737788
train_median,test,2024-09,country_203,country_th,1.4373312023947244,0.06201982908737788
train_median,test,2024-10,country_203,country_th,0.8072045770135512,0.06201982908737788
train_median,test,2024-11,country_203,country_th,0.8523395064294644,0.06201982908737788
train_median,test,2024-01,country_203,country_us,0.07187315651975007,0.06201982908737788
train_median,test,2024-02,country_203,country_us,0.5133051619453507,0.06201982908737788
train_median,test,2024-03,country_203,country_us,-0.47866880159236563,0.06201982908737788
train_median,test,2024-04,country_203,country_us,2.7373961129905413,0.06201982908737788
train_median,test,2024-05,country_203,country_us,-0.3084405812455606,0.06201982908737788
train_median,test,2024-06,country_203,country_us,0.8164716339806332,0.06201982908737788
train_median,test,2024-07,country_203,country_us,1.8682449933423637,0.06201982908737788
train_median,test,2024-08,country_203,country_us,0.850405180351378,0.06201982908737788
train_median,test,2024-09,country_203,country_us,0.18651599281631615,0.06201982908737788
train_median,test,2024-10,country_203,country_us,-0.6767701097200706,0.06201982908737788
train_median,test,2024-11,country_203,country_us,-0.47385823064753635,0.06201982908737788
train_median,test,2024-01,country_344,country_203,3.2875874591797936,0.06201982908737788
train_median,test,2024-02,country_344,country_203,-0.05239124542150001,0.06201982908737788
train_median,test,2024-03,country_344,country_203,4.252292893014044,0.06201982908737788
train_median,test,2024-04,country_344,country_203,9.517011026320132,0.06201982908737788
train_median,test,2024-05,country_344,country_203,9.43485983291549,0.06201982908737788
train_median,test,2024-06,country_344,country_203,8.400161897501592,0.06201982908737788
train_median,test,2024-07,country_344,country_203,3.993554670902542,0.06201982908737788
train_median,test,2024-08,country_344,country_203,-0.8046750168517448,0.06201982908737788
train_median,test,2024-09,country_344,country_203,1.047798864584305,0.06201982908737788
train_median,test,2024-10,country_344,country_203,-0.8262733690519162,0.06201982908737788
train_median,test,2024-11,country_344,country_203,-0.9004236371772096,0.06201982908737788
train_median,test,2024-01,country_344,country_372,-0.5390081068353312,0.06201982908737788
train_median,test,2024-02,country_344,country_372,0.41955669067881884,0.06201982908737788
train_median,test,2024-03,country_344,country_372,1.4203133310617975,0.06201982908737788
train_median,test,2024-04,country_344,country_372,0.4034108132457239,0.06201982908737788
train_median,test,2024-05,country_344,country_372,17.4496968732199,0.06201982908737788
train_median,test,2024-06,country_344,country_372,0.07661588395215053,0.06201982908737788
train_median,test,2024-07,country_344,country_372,3.6652182569818974,0.06201982908737788
train_median,test,2024-08,country_344,country_372,-0.3176036211728425,0.06201982908737788
train_median,test,2024-09,country_344,country_372,-0.23779309553163547,0.06201982908737788
train_median,test,2024-10,country_344,country_372,11.830148036927676,0.06201982908737788
train_median,test,2024-11,country_344,country_372,-0.9462172594764525,0.06201982908737788
train_median,test,2024-01,country_344,country_380,-0.5874079498642062,0.06201982908737788
train_median,test,2024-02,country_344,country_380,-0.047503833637925194,0.06201982908737788
train_median,test,2024-03,country_344,country_380,-0.00233621402669057,0.06201982908737788
train_median,test,2024-04,country_344,country_380,-0.37597674210329374,0.06201982908737788
train_median,test,2024-05,country_344,country_380,-0.440061477970799,0.06201982908737788
train_median,test,2024-06,country_344,country_380,0.013504258205674335,0.06201982908737788
train_median,test,2024-07,country_344,country_380,-0.524213915653213,0.06201982908737788
train_median,test,2024-08,country_344,country_380,-0.025086422464957077,0.06201982908737788
train_median,test,2024-09,country_344,country_380,-0.2507936002950687,0.06201982908737788
train_median,test,2024-10,country_344,country_380,1.6351110634938661,0.06201982908737788
train_median,test,2024-11,country_344,country_380,-0.16278220787697287,0.06201982908737788
train_median,test,2024-01,country_344,country_cn,-0.17209772007590202,0.06201982908737788
train_median,test,2024-02,country_344,country_cn,0.5089558430653597,0.06201982908737788
train_median,test,2024-03,country_344,country_cn,-0.2273631838397009,0.06201982908737788
train_median,test,2024-04,country_344,country_cn,0.44950814670940253,0.06201982908737788
train_median,test,2024-05,country_344,country_cn,-0.10183485697086302,0.06201982908737788
train_median,test,2024-06,country_344,country_cn,-0.5584163807382122,0.06201982908737788
train_median,test,2024-07,country_344,country_cn,-0.5915000466393218,0.06201982908737788
train_median,test,2024-08,country_344,country_cn,-0.5864216547631352,0.06201982908737788
train_median,test,2024-09,country_344,country_cn,-0.4827757707111531,0.06201982908737788
train_median,test,2024-10,country_344,country_cn,-0.35837886749074754,0.06201982908737788
train_median,test,2024-11,country_344,country_cn,0.37583370394790966,0.06201982908737788
train_median,test,2024-01,country_344,country_de,-0.5476891728705867,0.06201982908737788
train_median,test,2024-02,country_344,country_de,-0.2731161808902641,0.06201982908737788
train_median,test,2024-03,country_344,country_de,-0.47451809993046135,0.06201982908737788
train_median,test,2024-04,country_344,country_de,0.18389117960624224,0.06201982908737788
train_median,test,2024-05,country_344,country_de,0.10254917494428871,0.06201982908737788
train_median,test,2024-06,country_344,country_de,0.3387543558978296,0.06201982908737788
train_median,test,2024-07,country_344,country_de,-0.0931940300373752,0.06201982908737788
train_median,test,2024-08,country_344,country_de,0.11438595459549981,0.06201982908737788
train_median,test,2024-09,country_344,country_de,-0.4185617767480836,0.06201982908737788
train_median,test,2024-10,country_344,country_de,-0.15206897384126686,0.06201982908737788
train_median,test,2024-11,country_344,country_de,-0.38628015840050983,0.06201982908737788
train_median,test,2024-01,country_344,country_fr,0.37330728013841313,0.06201982908737788
train_median,test,2024-02,country_344,country_fr,0.007421870191094296,0.06201982908737788
train_median,test,2024-03,country_344,country_fr,-0.39247103779066944,0.06201982908737788
train_median,test,2024-04,country_344,country_fr,-0.11665438795769054,0.06201982908737788
train_median,test,2024-05,country_344,country_fr,0.2650418729702999,0.06201982908737788
train_median,test,2024-06,country_344,country_fr,-0.17131500093140664,0.06201982908737788
train_median,test,2024-07,country_344,country_fr,-0.16935243514489276,0.06201982908737788
train_median,test,2024-08,country_344,country_fr,-0.42234953662693164,0.06201982908737788
train_median,test,2024-09,country_344,country_fr,0.06823787643222973,0.06201982908737788
train_median,test,2024-10,country_344,country_fr,0.007028345112606903,0.06201982908737788
train_median,test,2024-11,country_344,country_fr,-0.16345795936691038,0.06201982908737788
train_median,test,2024-01,country_344,country_gb,-0.4350435693420622,0.06201982908737788
train_median,test,2024-02,country_344,country_gb,-0.15583742324015354,0.06201982908737788
train_median,test,2024-03,country_344,country_gb,0.610873992254878,0.06201982908737788
train_median,test,2024-04,country_344,country_gb,-0.3373742590841174,0.06201982908737788
train_median,test,2024-05,country_344,country_gb,-0.23753839387417988,0.06201982908737788
train_median,test,2024-06,country_344,country_gb,-0.15548257036454294,0.06201982908737788
train_median,test,2024-07,country_344,country_gb,-0.40935147738166466,0.06201982908737788
train_median,test,2024-08,country_344,country_gb,0.3027789367062943,0.06201982908737788
train_median,test,2024-09,country_344,country_gb,0.5721330694518173,0.06201982908737788
train_median,test,2024-10,country_344,country_gb,0.5345103678163413,0.06201982908737788
train_median,test,2024-11,country_344,country_gb,-0.5191365466490324,0.06201982908737788
train_median,test,2024-01,country_344,country_in,0.9282685517105194,0.06201982908737788
train_median,test,2024-02,country_344,country_in,-0.24286700684033266,0.06201982908737788
train_median,test,2024-03,country_344,country_in,0.3849822175415495,0.06201982908737788
train_median,test,2024-04,country_344,country_in,0.229301856770411,0.06201982908737788
train_median,test,2024-05,country_344,country_in,0.3826790119831809,0.06201982908737788
train_median,test,2024-06,country_344,country_in,0.9204848883715605,0.06201982908737788
train_median,test,2024-07,country_344,country_in,1.0989502041053,0.06201982908737788
train_median,test,2024-08,country_344,country_in,1.6465165724873543,0.06201982908737788
train_median,test,2024-09,country_344,country_in,1.335394613996872,0.06201982908737788
train_median,test,2024-10,country_344,country_in,0.3949607035651915,0.06201982908737788
train_median,test,2024-11,country_344,country_in,0.48310862146571704,0.06201982908737788
train_median,test,2024-01,country_344,country_jp,-0.36688299934173624,0.06201982908737788
train_median,test,2024-02,country_344,country_jp,-0.5739784111288816,0.06201982908737788
train_median,test,2024-03,country_344,country_jp,-0.5976280509195394,0.06201982908737788
train_median,test,2024-04,country_344,country_jp,-0.4979805028701137,0.06201982908737788
train_median,test,2024-05,country_344,country_jp,-0.46267235750879804,0.06201982908737788
train_median,test,2024-06,country_344,country_jp,0.5734397016372695,0.06201982908737788
train_median,test,2024-07,country_344,country_jp,-0.4673656151885906,0.06201982908737788
train_median,test,2024-08,country_344,country_jp,0.7626446810616226,0.06201982908737788
train_median,test,2024-09,country_344,country_jp,0.28824068129993013,0.06201982908737788
train_median,test,2024-10,country_344,country_jp,0.7876575295922954,0.06201982908737788
train_median,test,2024-11,country_344,country_jp,0.08807585327358773,0.06201982908737788
train_median,test,2024-01,country_344,country_kr,0.39938218698047595,0.06201982908737788
train_median,test,2024-02,country_344,country_kr,0.7067563100612893,0.06201982908737788
train_median,test,2024-03,country_344,country_kr,1.3618586453447747,0.06201982908737788
train_median,test,2024-04,country_344,country_kr,-0.35516480338162953,0.06201982908737788
train_median,test,2024-05,country_344,country_kr,-0.7064757087990228,0.06201982908737788
train_median,test,2024-06,country_344,country_kr,-0.5874138244068812,0.06201982908737788
train_median,test,2024-07,country_344,country_kr,-0.45648741201338505,0.06201982908737788
train_median,test,2024-08,country_344,country_kr,-0.6181373454838767,0.06201982908737788
train_median,test,2024-09,country_344,country_kr,-0.7049561677237464,0.06201982908737788
train_median,test,2024-10,country_344,country_kr,0.051728221643949926,0.06201982908737788
train_median,test,2024-11,country_344,country_kr,-0.045575517844133065,0.06201982908737788
train_median,test,2024-01,country_344,country_mx,-0.42183565097702996,0.06201982908737788
train_median,test,2024-02,country_344,country_mx,-0.1321869056065732,0.06201982908737788
train_median,test,2024-03,country_344,country_mx,-0.226056228733505,0.06201982908737788
train_median,test,2024-04,country_344,country_mx,-0.2215848807188096,0.06201982908737788
train_median,test,2024-05,country_344,country_mx,5.7049230774525785,0.06201982908737788
train_median,test,2024-06,country_344,country_mx,-0.5073449188474883,0.06201982908737788
train_median,test,2024-07,country_344,country_mx,0.4007736283250114,0.06201982908737788
train_median,test,2024-08,country_344,country_mx,-0.260627691040446,0.06201982908737788
train_median,test,2024-09,country_344,country_mx,-0.03681165392355132,0.06201982908737788
train_median,test,2024-10,country_344,country_mx,0.15484267521991316,0.06201982908737788
train_median,test,2024-11,country_344,country_mx,-0.5578925947707504,0.06201982908737788
train_median,test,2024-01,country_344,country_my,0.37026750999522134,0.06201982908737788
train_median,test,2024-02,country_344,country_my,-0.21943300490202916,0.06201982908737788
train_median,test,2024-03,country_344,country_my,0.7999896432321674,0.06201982908737788
train_median,test,2024-04,country_344,country_my,0.19726939785239825,0.06201982908737788
train_median,test,2024-05,country_344,country_my,-0.06972630668667053,0.06201982908737788
train_median,test,2024-06,country_344,country_my,0.4338901683813814,0.06201982908737788
train_median,test,2024-07,country_344,country_my,-0.10600709366678263,0.06201982908737788
train_median,test,2024-08,country_344,country_my,1.6352056896881417,0.06201982908737788
train_median,test,2024-09,country_344,country_my,-0.07542744009561901,0.06201982908737788
train_median,test,2024-10,country_344,country_my,-0.21620905957201586,0.06201982908737788
train_median,test,2024-11,country_344,country_my,-0.14474564233329015,0.06201982908737788
train_median,test,2024-01,country_344,country_ph,-0.2875107981273398,0.06201982908737788
train_median,test,2024-02,country_344,country_ph,-0.06096924719283113,0.06201982908737788
train_median,test,2024-03,country_344,country_ph,0.12697075807740696,0.06201982908737788
train_median,test,2024-04,country_344,country_ph,-0.36203533868209176,0.06201982908737788
train_median,test,2024-05,country_344,country_ph,-0.2248261417995374,0.06201982908737788
train_median,test,2024-06,country_344,country_ph,-0.06549691292248967,0.06201982908737788
train_median,test,2024-07,country_344,country_ph,-0.3865399501438153,0.06201982908737788
train_median,test,2024-08,country_344,country_ph,-0.18463475100701313,0.06201982908737788
train_median,test,2024-09,country_344,country_ph,0.33106329226129233,0.06201982908737788
train_median,test,2024-10,country_344,country_ph,-0.28694446090749526,0.06201982908737788
train_median,test,2024-11,country_344,country_ph,-0.13305864688956642,0.06201982908737788
train_median,test,2024-01,country_344,country_sg,-0.5881442157287894,0.06201982908737788
train_median,test,2024-02,country_344,country_sg,0.3818264730358389,0.06201982908737788
train_median,test,2024-03,country_344,country_sg,0.20287469987520007,0.06201982908737788
train_median,test,2024-04,country_344,country_sg,-0.33145403298460735,0.06201982908737788
train_median,test,2024-05,country_344,country_sg,-0.3292326207241095,0.06201982908737788
train_median,test,2024-06,country_344,country_sg,-0.17450538298611368,0.06201982908737788
train_median,test,2024-07,country_344,country_sg,0.027946167242361777,0.06201982908737788
train_median,test,2024-08,country_344,country_sg,0.7510137726398919,0.06201982908737788
train_median,test,2024-09,country_344,country_sg,0.3218363199896629,0.06201982908737788
train_median,test,2024-10,country_344,country_sg,-0.21576542178057984,0.06201982908737788
train_median,test,2024-11,country_344,country_sg,0.36106700882256026,0.06201982908737788
train_median,test,2024-01,country_344,country_th,-0.41273978904870606,0.06201982908737788
train_median,test,2024-02,country_344,country_th,0.7481781527154896,0.06201982908737788
train_median,test,2024-03,country_344,country_th,-0.42848345796186244,0.06201982908737788
train_median,test,2024-04,country_344,country_th,-0.12416899442036901,0.06201982908737788
train_median,test,2024-05,country_344,country_th,-0.4070164045082586,0.06201982908737788
train_median,test,2024-06,country_344,country_th,-0.4854436562200252,0.06201982908737788
train_median,test,2024-07,country_344,country_th,0.11210088524469095,0.06201982908737788
train_median,test,2024-08,country_344,country_th,-0.5470037054693281,0.06201982908737788
train_median,test,2024-09,country_344,country_th,-0.5147083750544147,0.06201982908737788
train_median,test,2024-10,country_344,country_th,0.12017705831021452,0.06201982908737788
train_median,test,2024-11,country_344,country_th,-0.3359598680437561,0.06201982908737788
train_median,test,2024-01,country_344,country_us,-0.35714469867500537,0.06201982908737788
train_median,test,2024-02,country_344,country_us,-0.7797536886057038,0.06201982908737788
train_median,test,2024-03,country_344,country_us,2.0513906574438185,0.06201982908737788
train_median,test,2024-04,country_344,country_us,-0.45577146354920545,0.06201982908737788
train_median,test,2024-05,country_344,country_us,1.5268613731388643,0.06201982908737788
train_median,test,2024-06,country_344,country_us,-0.2558607028015667,0.06201982908737788
train_median,test,2024-07,country_344,country_us,-0.14564679245992043,0.06201982908737788
train_median,test,2024-08,country_344,country_us,1.0715835288253315,0.06201982908737788
train_median,test,2024-09,country_344,country_us,-0.09246003768574973,0.06201982908737788
train_median,test,2024-10,country_344,country_us,0.05619299919512598,0.06201982908737788
train_median,test,2024-11,country_344,country_us,0.33611117152891923,0.06201982908737788
train_median,test,2024-01,country_372,country_203,0.04842378012189394,0.06201982908737788
train_median,test,2024-02,country_372,country_203,2.1342911623960474,0.06201982908737788
train_median,test,2024-03,country_372,country_203,-0.0567653995465556,0.06201982908737788
train_median,test,2024-04,country_372,country_203,0.941832754743147,0.06201982908737788
train_median,test,2024-05,country_372,country_203,2.809539211079736,0.06201982908737788
train_median,test,2024-06,country_372,country_203,1.0235982683350744,0.06201982908737788
train_median,test,2024-07,country_372,country_203,-0.30280691681175803,0.06201982908737788
train_median,test,2024-08,country_372,country_203,-0.28025827442059376,0.06201982908737788
train_median,test,2024-09,country_372,country_203,0.29232155320672776,0.06201982908737788
train_median,test,2024-10,country_372,country_203,-0.6692952227930347,0.06201982908737788
train_median,test,2024-11,country_372,country_203,-0.5071502561088175,0.06201982908737788
train_median,test,2024-01,country_372,country_344,2.973214550639697,0.06201982908737788
train_median,test,2024-02,country_372,country_344,0.3616267683148137,0.06201982908737788
train_median,test,2024-03,country_372,country_344,1.5669972346036771,0.06201982908737788
train_median,test,2024-04,country_372,country_344,-0.15761552142222235,0.06201982908737788
train_median,test,2024-05,country_372,country_344,0.7669575141160785,0.06201982908737788
train_median,test,2024-06,country_372,country_344,5.278865157634617,0.06201982908737788
train_median,test,2024-07,country_372,country_344,0.11346145176558683,0.06201982908737788
train_median,test,2024-08,country_372,country_344,-0.1380593526724006,0.06201982908737788
train_median,test,2024-09,country_372,country_344,4.342556004475203,0.06201982908737788
train_median,test,2024-10,country_372,country_344,-0.42721763268621316,0.06201982908737788
train_median,test,2024-11,country_372,country_344,-0.8530526408042165,0.06201982908737788
train_median,test,2024-01,country_372,country_380,0.08556517826525376,0.06201982908737788
train_median,test,2024-02,country_372,country_380,-0.5140058929066884,0.06201982908737788
train_median,test,2024-03,country_372,country_380,-0.4688137227034519,0.06201982908737788
train_median,test,2024-04,country_372,country_380,-0.6546939484676055,0.06201982908737788
train_median,test,2024-05,country_372,country_380,-0.7648400781528257,0.06201982908737788
train_median,test,2024-06,country_372,country_380,-0.3824275847521799,0.06201982908737788
train_median,test,2024-07,country_372,country_380,-0.7315468334522791,0.06201982908737788
train_median,test,2024-08,country_372,country_380,-0.6647216110221662,0.06201982908737788
train_median,test,2024-09,country_372,country_380,-0.748229810935448,0.06201982908737788
train_median,test,2024-10,country_372,country_380,0.4040635622052264,0.06201982908737788
train_median,test,2024-11,country_372,country_380,-0.736810895116736,0.06201982908737788
train_median,test,2024-01,country_372,country_cn,0.0376262133786627,0.06201982908737788
train_median,test,2024-02,country_372,country_cn,0.1455890393754792,0.06201982908737788
train_median,test,2024-03,country_372,country_cn,-0.02768625600130447,0.06201982908737788
train_median,test,2024-04,country_372,country_cn,-0.010727188224032774,0.06201982908737788
train_median,test,2024-05,country_372,country_cn,0.09812138123082588,0.06201982908737788
train_median,test,2024-06,country_372,country_cn,0.14515182024339668,0.06201982908737788
train_median,test,2024-07,country_372,country_cn,0.06352430249828624,0.06201982908737788
train_median,test,2024-08,country_372,country_cn,-0.24252550514023063,0.06201982908737788
train_median,test,2024-09,country_372,country_cn,0.12739092378614744,0.06201982908737788
train_median,test,2024-10,country_372,country_cn,0.2128479175551538,0.06201982908737788
train_median,test,2024-11,country_372,country_cn,-0.30513017561461603,0.06201982908737788
train_median,test,2024-01,country_372,country_de,-0.6604226327619179,0.06201982908737788
train_median,test,2024-02,country_372,country_de,-0.7741130569971145,0.06201982908737788
train_median,test,2024-03,country_372,country_de,-0.41614597090283256,0.06201982908737788
train_median,test,2024-04,country_372,country_de,-0.5663898224723709,0.06201982908737788
train_median,test,2024-05,country_372,country_de,-0.3276797251245095,0.06201982908737788
train_median,test,2024-06,country_372,country_de,1.3833523696497192,0.06201982908737788
train_median,test,2024-07,country_372,country_de,-0.8075733554495811,0.06201982908737788
train_median,test,2024-08,country_372,country_de,0.44113072977245066,0.06201982908737788
train_median,test,2024-09,country_372,country_de,-0.4149211416056847,0.06201982908737788
train_median,test,2024-10,country_372,country_de,-0.5776171934881614,0.06201982908737788
train_median,test,2024-11,country_372,country_de,2.68964558890626,0.06201982908737788
train_median,test,2024-01,country_372,country_fr,-0.4329181282894544,0.06201982908737788
train_median,test,2024-02,country_372,country_fr,-0.10507933264285628,0.06201982908737788
train_median,test,2024-03,country_372,country_fr,-0.09200644597995458,0.06201982908737788
train_median,test,2024-04,country_372,country_fr,0.5389863788537135,0.06201982908737788
train_median,test,2024-05,country_372,country_fr,-0.003606183422384858,0.06201982908737788
train_median,test,2024-06,country_372,country_fr,0.4952456254613987,0.06201982908737788
train_median,test,2024-07,country_372,country_fr,-0.6231467741233101,0.06201982908737788
train_median,test,2024-08,country_372,country_fr,-0.2874533771674389,0.06201982908737788
train_median,test,2024-09,country_372,country_fr,-0.8014550907220516,0.06201982908737788
train_median,test,2024-10,country_372,country_fr,-0.539035422775986,0.06201982908737788
train_median,test,2024-11,country_372,country_fr,-0.671562618912836,0.06201982908737788
train_median,test,2024-01,country_372,country_gb,-0.05093563072192403,0.06201982908737788
train_median,test,2024-02,country_372,country_gb,-0.09048904632055245,0.06201982908737788
train_median,test,2024-03,country_372,country_gb,0.23772237244730338,0.06201982908737788
train_median,test,2024-04,country_372,country_gb,0.462591703141602,0.06201982908737788
train_median,test,2024-05,country_372,country_gb,-0.4381512846198854,0.06201982908737788
train_median,test,2024-06,country_372,country_gb,-0.12108465496342655,0.06201982908737788
train_median,test,2024-07,country_372,country_gb,0.657086610334134,0.06201982908737788
train_median,test,2024-08,country_372,country_gb,-0.4516492861329887,0.06201982908737788
train_median,test,2024-09,country_372,country_gb,0.21555180233806223,0.06201982908737788
train_median,test,2024-10,country_372,country_gb,0.8784429459012634,0.06201982908737788
train_median,test,2024-11,country_372,country_gb,-0.06251028190677155,0.06201982908737788
train_median,test,2024-01,country_372,country_in,0.635714785371378,0.06201982908737788
train_median,test,2024-02,country_372,country_in,2.8199639583991956,0.06201982908737788
train_median,test,2024-03,country_372,country_in,0.8610538424032308,0.06201982908737788
train_median,test,2024-04,country_372,country_in,-0.9151821665903586,0.06201982908737788
train_median,test,2024-05,country_372,country_in,0.6240332863122168,0.06201982908737788
train_median,test,2024-06,country_372,country_in,13.284875731302128,0.06201982908737788
train_median,test,2024-07,country_372,country_in,4.15763289992713,0.06201982908737788
train_median,test,2024-08,country_372,country_in,38.467032065340184,0.06201982908737788
train_median,test,2024-09,country_372,country_in,4.959319768468525,0.06201982908737788
train_median,test,2024-10,country_372,country_in,5.129157946604635,0.06201982908737788
train_median,test,2024-11,country_372,country_in,6.932019522687726,0.06201982908737788
train_median,test,2024-01,country_372,country_jp,-0.2859611448902651,0.06201982908737788
train_median,test,2024-02,country_372,country_jp,-0.058440330279122384,0.06201982908737788
train_median,test,2024-03,country_372,country_jp,-0.3033066868121374,0.06201982908737788
train_median,test,2024-04,country_372,country_jp,-0.45831311550305787,0.06201982908737788
train_median,test,2024-05,country_372,country_jp,-0.18299197142043327,0.06201982908737788
train_median,test,2024-06,country_372,country_jp,-0.31243598903748165,0.06201982908737788
train_median,test,2024-07,country_372,country_jp,-0.35273327066401894,0.06201982908737788
train_median,test,2024-08,country_372,country_jp,-0.059937983377489554,0.06201982908737788
train_median,test,2024-09,country_372,country_jp,-0.44236104079293825,0.06201982908737788
train_median,test,2024-10,country_372,country_jp,-0.04057478106007734,0.06201982908737788
train_median,test,2024-11,country_372,country_jp,-0.05846339463895346,0.06201982908737788
train_median,test,2024-01,country_372,country_kr,-0.5375093824633231,0.06201982908737788
train_median,test,2024-02,country_372,country_kr,-0.5440620961443092,0.06201982908737788
train_median,test,2024-03,country_372,country_kr,1.4002533896962979,0.06201982908737788
train_median,test,2024-04,country_372,country_kr,-0.4237759930719507,0.06201982908737788
train_median,test,2024-05,country_372,country_kr,0.13514557586319526,0.06201982908737788
train_median,test,2024-06,country_372,country_kr,0.13559047992126283,0.06201982908737788
train_median,test,2024-07,country_372,country_kr,-0.2020873596246312,0.06201982908737788
train_median,test,2024-08,country_372,country_kr,1.9872842182204637,0.06201982908737788
train_median,test,2024-09,country_372,country_kr,3.09810279141285,0.06201982908737788
train_median,test,2024-10,country_372,country_kr,0.3124344173438794,0.06201982908737788
train_median,test,2024-11,country_372,country_kr,0.27599361562138724,0.06201982908737788
train_median,test,2024-01,country_372,country_mx,77.67955825687665,0.06201982908737788
train_median,test,2024-02,country_372,country_mx,7.375371328716018,0.06201982908737788
train_median,test,2024-03,country_372,country_mx,2.670053248360124,0.06201982908737788
train_median,test,2024-04,country_372,country_mx,-0.05666565151069837,0.06201982908737788
train_median,test,2024-05,country_372,country_mx,-0.01558261900200361,0.06201982908737788
train_median,test,2024-06,country_372,country_mx,-0.09785698807052064,0.06201982908737788
train_median,test,2024-07,country_372,country_mx,0.13927891536302917,0.06201982908737788
train_median,test,2024-08,country_372,country_mx,-0.5782838500218838,0.06201982908737788
train_median,test,2024-09,country_372,country_mx,-0.4287763617040672,0.06201982908737788
train_median,test,2024-10,country_372,country_mx,-0.6569400917588587,0.06201982908737788
train_median,test,2024-11,country_372,country_mx,-0.730234191096801,0.06201982908737788
train_median,test,2024-01,country_372,country_my,0.1742212384123752,0.06201982908737788
train_median,test,2024-02,country_372,country_my,0.09544207154811046,0.06201982908737788
train_median,test,2024-03,country_372,country_my,0.4140284957256915,0.06201982908737788
train_median,test,2024-04,country_372,country_my,0.3346566365568598,0.06201982908737788
train_median,test,2024-05,country_372,country_my,0.5057215215018498,0.06201982908737788
train_median,test,2024-06,country_372,country_my,0.5172830645950647,0.06201982908737788
train_median,test,2024-07,country_372,country_my,0.07240605521757451,0.06201982908737788
train_median,test,2024-08,country_372,country_my,0.20630175608217904,0.06201982908737788
train_median,test,2024-09,country_372,country_my,0.4923283691047654,0.06201982908737788
train_median,test,2024-10,country_372,country_my,0.10425664646005545,0.06201982908737788
train_median,test,2024-11,country_372,country_my,0.12323349622468871,0.06201982908737788
train_median,test,2024-01,country_372,country_ph,-0.23950237373524888,0.06201982908737788
train_median,test,2024-02,country_372,country_ph,-0.2654436370605885,0.06201982908737788
train_median,test,2024-03,country_372,country_ph,-0.19691874358654887,0.06201982908737788
train_median,test,2024-04,country_372,country_ph,0.09763356452440432,0.06201982908737788
train_median,test,2024-05,country_372,country_ph,-0.18445045036850066,0.06201982908737788
train_median,test,2024-06,country_372,country_ph,-0.12570265617917747,0.06201982908737788
train_median,test,2024-07,country_372,country_ph,0.10257260432116899,0.06201982908737788
train_median,test,2024-08,country_372,country_ph,-0.10046281367126145,0.06201982908737788
train_median,test,2024-09,country_372,country_ph,0.3485665128952076,0.06201982908737788
train_median,test,2024-10,country_372,country_ph,0.08182496003156596,0.06201982908737788
train_median,test,2024-11,country_372,country_ph,0.1791639821090714,0.06201982908737788
train_median,test,2024-01,country_372,country_sg,-0.4221313563793407,0.06201982908737788
train_median,test,2024-02,country_372,country_sg,-0.33010415870146226,0.06201982908737788
train_median,test,2024-03,country_372,country_sg,0.44883949938260204,0.06201982908737788
train_median,test,2024-04,country_372,country_sg,0.6537157625704001,0.06201982908737788
train_median,test,2024-05,country_372,country_sg,-0.6270104770388791,0.06201982908737788
train_median,test,2024-06,country_372,country_sg,-0.3314335177590024,0.06201982908737788
train_median,test,2024-07,country_372,country_sg,-0.07665218330421177,0.06201982908737788
train_median,test,2024-08,country_372,country_sg,0.2859354286757594,0.06201982908737788
train_median,test,2024-09,country_372,country_sg,-0.07390952364911499,0.06201982908737788
train_median,test,2024-10,country_372,country_sg,0.40143960296234227,0.06201982908737788
train_median,test,2024-11,country_372,country_sg,0.11701938600590447,0.06201982908737788
train_median,test,2024-01,country_372,country_th,23.544429736486762,0.06201982908737788
train_median,test,2024-02,country_372,country_th,30.47898834393813,0.06201982908737788
train_median,test,2024-03,country_372,country_th,5.173869227525917,0.06201982908737788
train_median,test,2024-04,country_372,country_th,3.5065207346422373,0.06201982908737788
train_median,test,2024-05,country_372,country_th,3.0768850026569323,0.06201982908737788
train_median,test,2024-06,country_372,country_th,1.1729565949693674,0.06201982908737788
train_median,test,2024-07,country_372,country_th,0.3159478071181601,0.06201982908737788
train_median,test,2024-08,country_372,country_th,0.6264951623156944,0.06201982908737788
train_median,test,2024-09,country_372,country_th,0.8967437197586018,0.06201982908737788
train_median,test,2024-10,country_372,country_th,0.8950458913461427,0.06201982908737788
train_median,test,2024-11,country_372,country_th,-0.5834588548681239,0.06201982908737788
train_median,test,2024-01,country_372,country_us,-0.20424149852268278,0.06201982908737788
train_median,test,2024-02,country_372,country_us,0.04064937802869897,0.06201982908737788
train_median,test,2024-03,country_372,country_us,-0.051646066104541845,0.06201982908737788
train_median,test,2024-04,country_372,country_us,0.3377228440130083,0.06201982908737788
train_median,test,2024-05,country_372,country_us,0.5635888750265032,0.06201982908737788
train_median,test,2024-06,country_372,country_us,0.3615205580380687,0.06201982908737788
train_median,test,2024-07,country_372,country_us,0.37348197829960367,0.06201982908737788
train_median,test,2024-08,country_372,country_us,0.2266587557955377,0.06201982908737788
train_median,test,2024-09,country_372,country_us,0.0933852320101297,0.06201982908737788
train_median,test,2024-10,country_372,country_us,0.4124360569154731,0.06201982908737788
train_median,test,2024-11,country_372,country_us,0.3394137420596247,0.06201982908737788
train_median,test,2024-01,country_380,country_203,-0.014032401310752458,0.06201982908737788
train_median,test,2024-02,country_380,country_203,-0.039423586295170114,0.06201982908737788
train_median,test,2024-03,country_380,country_203,0.3463032541162565,0.06201982908737788
train_median,test,2024-04,country_380,country_203,0.25609316197702797,0.06201982908737788
train_median,test,2024-05,country_380,country_203,0.5580305660943562,0.06201982908737788
train_median,test,2024-06,country_380,country_203,-0.0907729100256912,0.06201982908737788
train_median,test,2024-07,country_380,country_203,-0.31678440522887824,0.06201982908737788
train_median,test,2024-08,country_380,country_203,-0.1849582872900676,0.06201982908737788
train_median,test,2024-09,country_380,country_203,0.05186268361323749,0.06201982908737788
train_median,test,2024-10,country_380,country_203,-0.27813616860297263,0.06201982908737788
train_median,test,2024-11,country_380,country_203,-0.42133431837046,0.06201982908737788
train_median,test,2024-01,country_380,country_344,0.26466085392172434,0.06201982908737788
train_median,test,2024-02,country_380,country_344,-0.11461129814351975,0.06201982908737788
train_median,test,2024-03,country_380,country_344,0.7396619727939112,0.06201982908737788
train_median,test,2024-04,country_380,country_344,0.39720193834846834,0.06201982908737788
train_median,test,2024-05,country_380,country_344,0.1264152167544212,0.06201982908737788
train_median,test,2024-06,country_380,country_344,-0.03369308171509004,0.06201982908737788
train_median,test,2024-07,country_380,country_344,0.17652334703747122,0.06201982908737788
train_median,test,2024-08,country_380,country_344,0.19297412727013957,0.06201982908737788
train_median,test,2024-09,country_380,country_344,0.08151554349168283,0.06201982908737788
train_median,test,2024-10,country_380,country_344,0.053784525386500984,0.06201982908737788
train_median,test,2024-11,country_380,country_344,-0.02287109666768104,0.06201982908737788
train_median,test,2024-01,country_380,country_372,-0.3950755471844888,0.06201982908737788
train_median,test,2024-02,country_380,country_372,-0.03086061602483567,0.06201982908737788
train_median,test,2024-03,country_380,country_372,0.2317908120854778,0.06201982908737788
train_median,test,2024-04,country_380,country_372,0.2870152945534196,0.06201982908737788
train_median,test,2024-05,country_380,country_372,-0.09420385217633848,0.06201982908737788
train_median,test,2024-06,country_380,country_372,-0.09021803851327899,0.06201982908737788
train_median,test,2024-07,country_380,country_372,-0.3929538268164743,0.06201982908737788
train_median,test,2024-08,country_380,country_372,0.340175438495537,0.06201982908737788
train_median,test,2024-09,country_380,country_372,0.593084410051651,0.06201982908737788
train_median,test,2024-10,country_380,country_372,0.4163677657645137,0.06201982908737788
train_median,test,2024-11,country_380,country_372,-0.3293391450041521,0.06201982908737788
train_median,test,2024-01,country_380,country_cn,0.015782662065434203,0.06201982908737788
train_median,test,2024-02,country_380,country_cn,0.11503236687873769,0.06201982908737788
train_median,test,2024-03,country_380,country_cn,0.08305190406184584,0.06201982908737788
train_median,test,2024-04,country_380,country_cn,0.2020582751418354,0.06201982908737788
train_median,test,2024-05,country_380,country_cn,0.07003317471243818,0.06201982908737788
train_median,test,2024-06,country_380,country_cn,-0.1468035742405556,0.06201982908737788
train_median,test,2024-07,country_380,country_cn,0.13077157900975048,0.06201982908737788
train_median,test,2024-08,country_380,country_cn,0.23259724201218135,0.06201982908737788
train_median,test,2024-09,country_380,country_cn,0.007365263298945811,0.06201982908737788
train_median,test,2024-10,country_380,country_cn,-0.035579303478754584,0.06201982908737788
train_median,test,2024-11,country_380,country_cn,0.27452581438172,0.06201982908737788
train_median,test,2024-01,country_380,country_de,0.39462589595120195,0.06201982908737788
train_median,test,2024-02,country_380,country_de,-0.054293308341336305,0.06201982908737788
train_median,test,2024-03,country_380,country_de,-0.15660413355197522,0.06201982908737788
train_median,test,2024-04,country_380,country_de,-0.02653430422659064,0.06201982908737788
train_median,test,2024-05,country_380,country_de,0.33355076875389966,0.06201982908737788
train_median,test,2024-06,country_380,country_de,0.11449160400838979,0.06201982908737788
train_median,test,2024-07,country_380,country_de,0.029523454943021415,0.06201982908737788
train_median,test,2024-08,country_380,country_de,1.437231935994207,0.06201982908737788
train_median,test,2024-09,country_380,country_de,-0.33774711597155144,0.06201982908737788
train_median,test,2024-10,country_380,country_de,0.9680246894028804,0.06201982908737788
train_median,test,2024-11,country_380,country_de,-0.19144179919348453,0.06201982908737788
train_median,test,2024-01,country_380,country_fr,-0.25766626967672657,0.06201982908737788
train_median,test,2024-02,country_380,country_fr,0.6588970522196347,0.06201982908737788
train_median,test,2024-03,country_380,country_fr,0.4678181637498995,0.06201982908737788
train_median,test,2024-04,country_380,country_fr,-0.39659765053110935,0.06201982908737788
train_median,test,2024-05,country_380,country_fr,-0.5002725438625062,0.06201982908737788
train_median,test,2024-06,country_380,country_fr,-0.5230999210041983,0.06201982908737788
train_median,test,2024-07,country_380,country_fr,-0.6410107209415433,0.06201982908737788
train_median,test,2024-08,country_380,country_fr,-0.3019344606633806,0.06201982908737788
train_median,test,2024-09,country_380,country_fr,0.16992646664310368,0.06201982908737788
train_median,test,2024-10,country_380,country_fr,-0.27293295721460176,0.06201982908737788
train_median,test,2024-11,country_380,country_fr,-0.21718359703857337,0.06201982908737788
train_median,test,2024-01,country_380,country_gb,0.09799232096814192,0.06201982908737788
train_median,test,2024-02,country_380,country_gb,1.3265911763908433,0.06201982908737788
train_median,test,2024-03,country_380,country_gb,0.6465984694966282,0.06201982908737788
train_median,test,2024-04,country_380,country_gb,0.4278394836270865,0.06201982908737788
train_median,test,2024-05,country_380,country_gb,-0.022396821385996225,0.06201982908737788
train_median,test,2024-06,country_380,country_gb,-0.21532636754729853,0.06201982908737788
train_median,test,2024-07,country_380,country_gb,-0.3428253418212818,0.06201982908737788
train_median,test,2024-08,country_380,country_gb,-0.36925835381999517,0.06201982908737788
train_median,test,2024-09,country_380,country_gb,-0.006741308647854196,0.06201982908737788
train_median,test,2024-10,country_380,country_gb,0.15861216913186252,0.06201982908737788
train_median,test,2024-11,country_380,country_gb,-0.23571345656835138,0.06201982908737788
train_median,test,2024-01,country_380,country_in,1.8927490083094265,0.06201982908737788
train_median,test,2024-02,country_380,country_in,-0.27490249514637594,0.06201982908737788
train_median,test,2024-03,country_380,country_in,0.2738214896312025,0.06201982908737788
train_median,test,2024-04,country_380,country_in,0.671468199162903,0.06201982908737788
train_median,test,2024-05,country_380,country_in,-0.3761306177806504,0.06201982908737788
train_median,test,2024-06,country_380,country_in,1.9561644585321034,0.06201982908737788
train_median,test,2024-07,country_380,country_in,-0.06022520490060728,0.06201982908737788
train_median,test,2024-08,country_380,country_in,-0.17329961924535608,0.06201982908737788
train_median,test,2024-09,country_380,country_in,-0.16712411039489772,0.06201982908737788
train_median,test,2024-10,country_380,country_in,0.6228700410405074,0.06201982908737788
train_median,test,2024-11,country_380,country_in,-0.757127073678304,0.06201982908737788
train_median,test,2024-01,country_380,country_jp,0.5267016273015611,0.06201982908737788
train_median,test,2024-02,country_380,country_jp,0.3266313792139643,0.06201982908737788
train_median,test,2024-03,country_380,country_jp,-0.17340160465144006,0.06201982908737788
train_median,test,2024-04,country_380,country_jp,-0.18999544408804514,0.06201982908737788
train_median,test,2024-05,country_380,country_jp,-0.3110785086988802,0.06201982908737788
train_median,test,2024-06,country_380,country_jp,0.2667133591421625,0.06201982908737788
train_median,test,2024-07,country_380,country_jp,-0.04202331103038062,0.06201982908737788
train_median,test,2024-08,country_380,country_jp,-0.35500314043462655,0.06201982908737788
train_median,test,2024-09,country_380,country_jp,0.2881858965488897,0.06201982908737788
train_median,test,2024-10,country_380,country_jp,0.27999788804413905,0.06201982908737788
train_median,test,2024-11,country_380,country_jp,-0.10472717233966723,0.06201982908737788
train_median,test,2024-01,country_380,country_kr,-0.14278097446467422,0.06201982908737788
train_median,test,2024-02,country_380,country_kr,-0.5590211833933943,0.06201982908737788
train_median,test,2024-03,country_380,country_kr,0.4556408657149025,0.06201982908737788
train_median,test,2024-04,country_380,country_kr,0.8123172192346497,0.06201982908737788
train_median,test,2024-05,country_380,country_kr,7.351553992970992,0.06201982908737788
train_median,test,2024-06,country_380,country_kr,5.383193168712741,0.06201982908737788
train_median,test,2024-07,country_380,country_kr,4.935570077707267,0.06201982908737788
train_median,test,2024-08,country_380,country_kr,7.299904797531794,0.06201982908737788
train_median,test,2024-09,country_380,country_kr,5.164154639964612,0.06201982908737788
train_median,test,2024-10,country_380,country_kr,0.5740806411741961,0.06201982908737788
train_median,test,2024-11,country_380,country_kr,3.57594196993968,0.06201982908737788
train_median,test,2024-01,country_380,country_mx,0.1125500746569994,0.06201982908737788
train_median,test,2024-02,country_380,country_mx,-0.16372736408599184,0.06201982908737788
train_median,test,2024-03,country_380,country_mx,0.1367662463552799,0.06201982908737788
train_median,test,2024-04,country_380,country_mx,0.30194658465576285,0.06201982908737788
train_median,test,2024-05,country_380,country_mx,-0.3067113491780836,0.06201982908737788
train_median,test,2024-06,country_380,country_mx,-0.02488785794220081,0.06201982908737788
train_median,test,2024-07,country_380,country_mx,0.33027428787543356,0.06201982908737788
train_median,test,2024-08,country_380,country_mx,0.6016230352003542,0.06201982908737788
train_median,test,2024-09,country_380,country_mx,0.5279188344033651,0.06201982908737788
train_median,test,2024-10,country_380,country_mx,-0.27254661959701654,0.06201982908737788
train_median,test,2024-11,country_380,country_mx,-0.27773456804282143,0.06201982908737788
train_median,test,2024-01,country_380,country_my,-0.1657433524720395,0.06201982908737788
train_median,test,2024-02,country_380,country_my,-0.04568085267333619,0.06201982908737788
train_median,test,2024-03,country_380,country_my,0.2675015248455124,0.06201982908737788
train_median,test,2024-04,country_380,country_my,-0.19599293936350504,0.06201982908737788
train_median,test,2024-05,country_380,country_my,0.03248955755923957,0.06201982908737788
train_median,test,2024-06,country_380,country_my,0.06872162945910276,0.06201982908737788
train_median,test,2024-07,country_380,country_my,-0.3603208350362591,0.06201982908737788
train_median,test,2024-08,country_380,country_my,-0.5179584672378408,0.06201982908737788
train_median,test,2024-09,country_380,country_my,-0.4571485796333635,0.06201982908737788
train_median,test,2024-10,country_380,country_my,-0.34750155842514624,0.06201982908737788
train_median,test,2024-11,country_380,country_my,-0.057104985042487934,0.06201982908737788
train_median,test,2024-01,country_380,country_ph,0.43909511101679244,0.06201982908737788
train_median,test,2024-02,country_380,country_ph,-0.056655142142798584,0.06201982908737788
train_median,test,2024-03,country_380,country_ph,0.2654872560304649,0.06201982908737788
train_median,test,2024-04,country_380,country_ph,0.6914215829010218,0.06201982908737788
train_median,test,2024-05,country_380,country_ph,0.3177468090116699,0.06201982908737788
train_median,test,2024-06,country_380,country_ph,0.3264065753624575,0.06201982908737788
train_median,test,2024-07,country_380,country_ph,0.3204548421672939,0.06201982908737788
train_median,test,2024-08,country_380,country_ph,-0.10904390265563874,0.06201982908737788
train_median,test,2024-09,country_380,country_ph,-0.10988724635545627,0.06201982908737788
train_median,test,2024-10,country_380,country_ph,-0.09008082566781499,0.06201982908737788
train_median,test,2024-11,country_380,country_ph,-0.2726469901236864,0.06201982908737788
train_median,test,2024-01,country_380,country_sg,0.04374324695485723,0.06201982908737788
train_median,test,2024-02,country_380,country_sg,0.10793155275565168,0.06201982908737788
train_median,test,2024-03,country_380,country_sg,-0.04891168544703964,0.06201982908737788
train_median,test,2024-04,country_380,country_sg,0.037305050841710714,0.06201982908737788
train_median,test,2024-05,country_380,country_sg,-0.14182513342113373,0.06201982908737788
train_median,test,2024-06,country_380,country_sg,-0.10793985202414834,0.06201982908737788
train_median,test,2024-07,country_380,country_sg,-0.1189684646759676,0.06201982908737788
train_median,test,2024-08,country_380,country_sg,-0.12904716565057836,0.06201982908737788
train_median,test,2024-09,country_380,country_sg,-0.23051330938200776,0.06201982908737788
train_median,test,2024-10,country_380,country_sg,-0.1453005490341918,0.06201982908737788
train_median,test,2024-11,country_380,country_sg,-0.18770271828576582,0.06201982908737788
train_median,test,2024-01,country_380,country_th,-0.1575847642801785,0.06201982908737788
train_median,test,2024-02,country_380,country_th,-0.30706010480696705,0.06201982908737788
train_median,test,2024-03,country_380,country_th,0.040830969944859435,0.06201982908737788
train_median,test,2024-04,country_380,country_th,0.03741728882861771,0.06201982908737788
train_median,test,2024-05,country_380,country_th,-0.11485281950697943,0.06201982908737788
train_median,test,2024-06,country_380,country_th,-0.01656115107275127,0.06201982908737788
train_median,test,2024-07,country_380,country_th,-0.15799987298666787,0.06201982908737788
train_median,test,2024-08,country_380,country_th,0.025137709181429716,0.06201982908737788
train_median,test,2024-09,country_380,country_th,-0.0714623600247649,0.06201982908737788
train_median,test,2024-10,country_380,country_th,0.2242545464716679,0.06201982908737788
train_median,test,2024-11,country_380,country_th,0.3632759520336333,0.06201982908737788
train_median,test,2024-01,country_380,country_us,-0.023379300133128895,0.06201982908737788
train_median,test,2024-02,country_380,country_us,0.07693184593387976,0.06201982908737788
train_median,test,2024-03,country_380,country_us,-0.17751156079134936,0.06201982908737788
train_median,test,2024-04,country_380,country_us,-0.08935590586723115,0.06201982908737788
train_median,test,2024-05,country_380,country_us,0.5731903759279546,0.06201982908737788
train_median,test,2024-06,country_380,country_us,-0.06868336394295563,0.06201982908737788
train_median,test,2024-07,country_380,country_us,0.19036545358169712,0.06201982908737788
train_median,test,2024-08,country_380,country_us,0.17184194725420976,0.06201982908737788
train_median,test,2024-09,country_380,country_us,0.1839878271507008,0.06201982908737788
train_median,test,2024-10,country_380,country_us,-0.016894895258553127,0.06201982908737788
train_median,test,2024-11,country_380,country_us,0.418967776718406,0.06201982908737788
train_median,test,2024-01,country_cn,country_203,-0.1761058046797228,0.06201982908737788
train_median,test,2024-02,country_cn,country_203,0.03625278243170392,0.06201982908737788
train_median,test,2024-03,country_cn,country_203,0.05551369490981875,0.06201982908737788
train_median,test,2024-04,country_cn,country_203,-0.22307796537631766,0.06201982908737788
train_median,test,2024-05,country_cn,country_203,0.30355248464548357,0.06201982908737788
train_median,test,2024-06,country_cn,country_203,0.3663790044240484,0.06201982908737788
train_median,test,2024-07,country_cn,country_203,0.0015995735301288056,0.06201982908737788
train_median,test,2024-08,country_cn,country_203,0.4002783462024025,0.06201982908737788
train_median,test,2024-09,country_cn,country_203,-0.31320947783980135,0.06201982908737788
train_median,test,2024-10,country_cn,country_203,0.1392371291228029,0.06201982908737788
train_median,test,2024-11,country_cn,country_203,0.4539615061901268,0.06201982908737788
train_median,test,2024-01,country_cn,country_344,-0.2402073808372862,0.06201982908737788
train_median,test,2024-02,country_cn,country_344,0.20810511494334935,0.06201982908737788
train_median,test,2024-03,country_cn,country_344,0.1522465685226355,0.06201982908737788
train_median,test,2024-04,country_cn,country_344,-0.028762817171373023,0.06201982908737788
train_median,test,2024-05,country_cn,country_344,0.17638070171501416,0.06201982908737788
train_median,test,2024-06,country_cn,country_344,0.11909925789538567,0.06201982908737788
train_median,test,2024-07,country_cn,country_344,0.04468987689865394,0.06201982908737788
train_median,test,2024-08,country_cn,country_344,0.031751063638880986,0.06201982908737788
train_median,test,2024-09,country_cn,country_344,-0.08187530204335625,0.06201982908737788
train_median,test,2024-10,country_cn,country_344,-0.033749650167294004,0.06201982908737788
train_median,test,2024-11,country_cn,country_344,0.1174136743168141,0.06201982908737788
train_median,test,2024-01,country_cn,country_372,-0.5600084799088997,0.06201982908737788
train_median,test,2024-02,country_cn,country_372,-0.467111906337388,0.06201982908737788
train_median,test,2024-03,country_cn,country_372,-0.22815844798503607,0.06201982908737788
train_median,test,2024-04,country_cn,country_372,-0.18693564035100707,0.06201982908737788
train_median,test,2024-05,country_cn,country_372,0.04965185686060141,0.06201982908737788
train_median,test,2024-06,country_cn,country_372,0.27686962962231276,0.06201982908737788
train_median,test,2024-07,country_cn,country_372,0.46711831597552733,0.06201982908737788
train_median,test,2024-08,country_cn,country_372,-0.013199608002693054,0.06201982908737788
train_median,test,2024-09,country_cn,country_372,-0.1228233014262034,0.06201982908737788
train_median,test,2024-10,country_cn,country_372,0.10995656365238612,0.06201982908737788
train_median,test,2024-11,country_cn,country_372,-0.4600948182505883,0.06201982908737788
train_median,test,2024-01,country_cn,country_380,-0.6279287804354995,0.06201982908737788
train_median,test,2024-02,country_cn,country_380,-0.5123517753889364,0.06201982908737788
train_median,test,2024-03,country_cn,country_380,-0.27372339442070714,0.06201982908737788
train_median,test,2024-04,country_cn,country_380,-0.03872962265057398,0.06201982908737788
train_median,test,2024-05,country_cn,country_380,-0.3496386902007615,0.06201982908737788
train_median,test,2024-06,country_cn,country_380,-0.07171500396603549,0.06201982908737788
train_median,test,2024-07,country_cn,country_380,-0.11437404107518709,0.06201982908737788
train_median,test,2024-08,country_cn,country_380,0.0668911463290732,0.06201982908737788
train_median,test,2024-09,country_cn,country_380,-0.1571727473436837,0.06201982908737788
train_median,test,2024-10,country_cn,country_380,-0.16855282569175392,0.06201982908737788
train_median,test,2024-11,country_cn,country_380,-0.0664642446268799,0.06201982908737788
train_median,test,2024-01,country_cn,country_de,-0.39704554688568444,0.06201982908737788
train_median,test,2024-02,country_cn,country_de,-0.24715685934090023,0.06201982908737788
train_median,test,2024-03,country_cn,country_de,-0.08780842202111465,0.06201982908737788
train_median,test,2024-04,country_cn,country_de,-0.03196297190349523,0.06201982908737788
train_median,test,2024-05,country_cn,country_de,-0.05212906278530081,0.06201982908737788
train_median,test,2024-06,country_cn,country_de,0.009792257969204625,0.06201982908737788
train_median,test,2024-07,country_cn,country_de,-0.08885616625696861,0.06201982908737788
train_median,test,2024-08,country_cn,country_de,-0.017384782563815235,0.06201982908737788
train_median,test,2024-09,country_cn,country_de,-0.014726980146380476,0.06201982908737788
train_median,test,2024-10,country_cn,country_de,-0.17750833211924363,0.06201982908737788
train_median,test,2024-11,country_cn,country_de,-0.22798645277150245,0.06201982908737788
train_median,test,2024-01,country_cn,country_fr,-0.3043053148796187,0.06201982908737788
train_median,test,2024-02,country_cn,country_fr,-0.043850567734840876,0.06201982908737788
train_median,test,2024-03,country_cn,country_fr,0.21981448716491814,0.06201982908737788
train_median,test,2024-04,country_cn,country_fr,0.2686043245530284,0.06201982908737788
train_median,test,2024-05,country_cn,country_fr,0.046167789829693905,0.06201982908737788
train_median,test,2024-06,country_cn,country_fr,0.009907780400596037,0.06201982908737788
train_median,test,2024-07,country_cn,country_fr,0.004951039212498384,0.06201982908737788
train_median,test,2024-08,country_cn,country_fr,0.11522846121793545,0.06201982908737788
train_median,test,2024-09,country_cn,country_fr,0.0008231585023634081,0.06201982908737788
train_median,test,2024-10,country_cn,country_fr,-0.050092217345181586,0.06201982908737788
train_median,test,2024-11,country_cn,country_fr,-0.38845616246051423,0.06201982908737788
train_median,test,2024-01,country_cn,country_gb,-0.26070036598332363,0.06201982908737788
train_median,test,2024-02,country_cn,country_gb,-0.022967823888100355,0.06201982908737788
train_median,test,2024-03,country_cn,country_gb,0.02277472183400262,0.06201982908737788
train_median,test,2024-04,country_cn,country_gb,-0.26201883006581317,0.06201982908737788
train_median,test,2024-05,country_cn,country_gb,-0.032799881916617375,0.06201982908737788
train_median,test,2024-06,country_cn,country_gb,-0.009977658064299146,0.06201982908737788
train_median,test,2024-07,country_cn,country_gb,0.060407268234272615,0.06201982908737788
train_median,test,2024-08,country_cn,country_gb,0.20775866517394273,0.06201982908737788
train_median,test,2024-09,country_cn,country_gb,-0.18873819201165698,0.06201982908737788
train_median,test,2024-10,country_cn,country_gb,-0.17274910104281752,0.06201982908737788
train_median,test,2024-11,country_cn,country_gb,-0.3910068886041328,0.06201982908737788
train_median,test,2024-01,country_cn,country_in,0.06907744008520385,0.06201982908737788
train_median,test,2024-02,country_cn,country_in,0.026682366108941393,0.06201982908737788
train_median,test,2024-03,country_cn,country_in,-0.17380732442347044,0.06201982908737788
train_median,test,2024-04,country_cn,country_in,-0.19805337319632968,0.06201982908737788
train_median,test,2024-05,country_cn,country_in,-0.1217575828290204,0.06201982908737788
train_median,test,2024-06,country_cn,country_in,0.1623128398878393,0.06201982908737788
train_median,test,2024-07,country_cn,country_in,0.21019072305257808,0.06201982908737788
train_median,test,2024-08,country_cn,country_in,0.042099506988475796,0.06201982908737788
train_median,test,2024-09,country_cn,country_in,-0.1382220632070292,0.06201982908737788
train_median,test,2024-10,country_cn,country_in,-0.18819532883573256,0.06201982908737788
train_median,test,2024-11,country_cn,country_in,-0.14993203033215927,0.06201982908737788
train_median,test,2024-01,country_cn,country_jp,-0.2255139397565158,0.06201982908737788
train_median,test,2024-02,country_cn,country_jp,-0.14368142595257702,0.06201982908737788
train_median,test,2024-03,country_cn,country_jp,-0.1654423660074729,0.06201982908737788
train_median,test,2024-04,country_cn,country_jp,-0.11390202093040885,0.06201982908737788
train_median,test,2024-05,country_cn,country_jp,-0.18622144275449756,0.06201982908737788
train_median,test,2024-06,country_cn,country_jp,-0.1342559348213453,0.06201982908737788
train_median,test,2024-07,country_cn,country_jp,-0.14501163648320523,0.06201982908737788
train_median,test,2024-08,country_cn,country_jp,0.09835580426032932,0.06201982908737788
train_median,test,2024-09,country_cn,country_jp,0.07704550518746812,0.06201982908737788
train_median,test,2024-10,country_cn,country_jp,-0.11084315507684483,0.06201982908737788
train_median,test,2024-11,country_cn,country_jp,-0.03174015575735132,0.06201982908737788
train_median,test,2024-01,country_cn,country_kr,0.05084854073132563,0.06201982908737788
train_median,test,2024-02,country_cn,country_kr,0.1663201064152725,0.06201982908737788
train_median,test,2024-03,country_cn,country_kr,0.12365934439008476,0.06201982908737788
train_median,test,2024-04,country_cn,country_kr,0.0530523417665452,0.06201982908737788
train_median,test,2024-05,country_cn,country_kr,-0.0011016954514167924,0.06201982908737788
train_median,test,2024-06,country_cn,country_kr,0.07322876759340477,0.06201982908737788
train_median,test,2024-07,country_cn,country_kr,0.05665681939685723,0.06201982908737788
train_median,test,2024-08,country_cn,country_kr,-0.026740611229689758,0.06201982908737788
train_median,test,2024-09,country_cn,country_kr,0.043773300325722006,0.06201982908737788
train_median,test,2024-10,country_cn,country_kr,0.037762727087672206,0.06201982908737788
train_median,test,2024-11,country_cn,country_kr,0.16994960799912273,0.06201982908737788
train_median,test,2024-01,country_cn,country_mx,-0.25246302631129613,0.06201982908737788
train_median,test,2024-02,country_cn,country_mx,-0.04602940418702884,0.06201982908737788
train_median,test,2024-03,country_cn,country_mx,-0.10448987803792198,0.06201982908737788
train_median,test,2024-04,country_cn,country_mx,-0.06591850472067297,0.06201982908737788
train_median,test,2024-05,country_cn,country_mx,0.0529000431325326,0.06201982908737788
train_median,test,2024-06,country_cn,country_mx,0.02859723076301338,0.06201982908737788
train_median,test,2024-07,country_cn,country_mx,0.1438900966787026,0.06201982908737788
train_median,test,2024-08,country_cn,country_mx,0.00014814479599551802,0.06201982908737788
train_median,test,2024-09,country_cn,country_mx,0.3587387860245066,0.06201982908737788
train_median,test,2024-10,country_cn,country_mx,0.009905669398430525,0.06201982908737788
train_median,test,2024-11,country_cn,country_mx,0.1404125698137736,0.06201982908737788
train_median,test,2024-01,country_cn,country_my,-0.17088731581089736,0.06201982908737788
train_median,test,2024-02,country_cn,country_my,0.21363586801032142,0.06201982908737788
train_median,test,2024-03,country_cn,country_my,0.06200922938794156,0.06201982908737788
train_median,test,2024-04,country_cn,country_my,0.017394672129428395,0.06201982908737788
train_median,test,2024-05,country_cn,country_my,0.0867520797730022,0.06201982908737788
train_median,test,2024-06,country_cn,country_my,-0.01927247047390392,0.06201982908737788
train_median,test,2024-07,country_cn,country_my,0.15391589685541424,0.06201982908737788
train_median,test,2024-08,country_cn,country_my,0.06630167965249285,0.06201982908737788
train_median,test,2024-09,country_cn,country_my,0.05030876379002492,0.06201982908737788
train_median,test,2024-10,country_cn,country_my,0.34015593052574294,0.06201982908737788
train_median,test,2024-11,country_cn,country_my,0.15115798337349126,0.06201982908737788
train_median,test,2024-01,country_cn,country_ph,0.37153380920456097,0.06201982908737788
train_median,test,2024-02,country_cn,country_ph,0.3685361008793576,0.06201982908737788
train_median,test,2024-03,country_cn,country_ph,0.16488312290586965,0.06201982908737788
train_median,test,2024-04,country_cn,country_ph,0.4881404523234502,0.06201982908737788
train_median,test,2024-05,country_cn,country_ph,0.2682425242447032,0.06201982908737788
train_median,test,2024-06,country_cn,country_ph,0.4104471339161383,0.06201982908737788
train_median,test,2024-07,country_cn,country_ph,0.1579456041726109,0.06201982908737788
train_median,test,2024-08,country_cn,country_ph,0.12039296934886679,0.06201982908737788
train_median,test,2024-09,country_cn,country_ph,0.26028232270090784,0.06201982908737788
train_median,test,2024-10,country_cn,country_ph,0.23434518687631917,0.06201982908737788
train_median,test,2024-11,country_cn,country_ph,-0.1257299404012489,0.06201982908737788
train_median,test,2024-01,country_cn,country_sg,-0.13551263968280794,0.06201982908737788
train_median,test,2024-02,country_cn,country_sg,0.08039610884824994,0.06201982908737788
train_median,test,2024-03,country_cn,country_sg,-0.028140867840723418,0.06201982908737788
train_median,test,2024-04,country_cn,country_sg,0.010067518966670392,0.06201982908737788
train_median,test,2024-05,country_cn,country_sg,0.03954832081027789,0.06201982908737788
train_median,test,2024-06,country_cn,country_sg,-0.039930423918567694,0.06201982908737788
train_median,test,2024-07,country_cn,country_sg,0.26462154793272324,0.06201982908737788
train_median,test,2024-08,country_cn,country_sg,0.09222796704641437,0.06201982908737788
train_median,test,2024-09,country_cn,country_sg,0.05822694171038974,0.06201982908737788
train_median,test,2024-10,country_cn,country_sg,0.23682174490746866,0.06201982908737788
train_median,test,2024-11,country_cn,country_sg,0.4411379112906466,0.06201982908737788
train_median,test,2024-01,country_cn,country_th,-0.022652676798815,0.06201982908737788
train_median,test,2024-02,country_cn,country_th,0.23408193241770553,0.06201982908737788
train_median,test,2024-03,country_cn,country_th,-0.13218498082728544,0.06201982908737788
train_median,test,2024-04,country_cn,country_th,0.07251654084177786,0.06201982908737788
train_median,test,2024-05,country_cn,country_th,0.11089594465741859,0.06201982908737788
train_median,test,2024-06,country_cn,country_th,0.01923558010664176,0.06201982908737788
train_median,test,2024-07,country_cn,country_th,-0.032279976587049,0.06201982908737788
train_median,test,2024-08,country_cn,country_th,0.30847333153092454,0.06201982908737788
train_median,test,2024-09,country_cn,country_th,0.11526302221787778,0.06201982908737788
train_median,test,2024-10,country_cn,country_th,0.0232497226204371,0.06201982908737788
train_median,test,2024-11,country_cn,country_th,0.12402324864095764,0.06201982908737788
train_median,test,2024-01,country_cn,country_us,-0.334433759090969,0.06201982908737788
train_median,test,2024-02,country_cn,country_us,-0.1185914028951947,0.06201982908737788
train_median,test,2024-03,country_cn,country_us,-0.21497460595687762,0.06201982908737788
train_median,test,2024-04,country_cn,country_us,0.0932010532425425,0.06201982908737788
train_median,test,2024-05,country_cn,country_us,0.28222005537237776,0.06201982908737788
train_median,test,2024-06,country_cn,country_us,0.03507122233601489,0.06201982908737788
train_median,test,2024-07,country_cn,country_us,-0.12578294358487516,0.06201982908737788
train_median,test,2024-08,country_cn,country_us,0.19469550041110972,0.06201982908737788
train_median,test,2024-09,country_cn,country_us,-0.07180057710165343,0.06201982908737788
train_median,test,2024-10,country_cn,country_us,-0.09321509131172384,0.06201982908737788
train_median,test,2024-11,country_cn,country_us,0.3619537255676335,0.06201982908737788
train_median,test,2024-01,country_de,country_203,-0.12293257003608352,0.06201982908737788
train_median,test,2024-02,country_de,country_203,-0.06764156278348162,0.06201982908737788
train_median,test,2024-03,country_de,country_203,0.04009219447751696,0.06201982908737788
train_median,test,2024-04,country_de,country_203,0.04388169845769855,0.06201982908737788
train_median,test,2024-05,country_de,country_203,-0.11576337275500462,0.06201982908737788
train_median,test,2024-06,country_de,country_203,-0.017347888389128423,0.06201982908737788
train_median,test,2024-07,country_de,country_203,-0.003658780782577489,0.06201982908737788
train_median,test,2024-08,country_de,country_203,0.04452875344718903,0.06201982908737788
train_median,test,2024-09,country_de,country_203,-0.09102577018126383,0.06201982908737788
train_median,test,2024-10,country_de,country_203,-0.1006935212226808,0.06201982908737788
train_median,test,2024-11,country_de,country_203,-0.2958725636521019,0.06201982908737788
train_median,test,2024-01,country_de,country_344,-0.11506274151444021,0.06201982908737788
train_median,test,2024-02,country_de,country_344,0.2341359114354057,0.06201982908737788
train_median,test,2024-03,country_de,country_344,-0.1016413362420449,0.06201982908737788
train_median,test,2024-04,country_de,country_344,-0.08572818045780937,0.06201982908737788
train_median,test,2024-05,country_de,country_344,-0.16601312887430458,0.06201982908737788
train_median,test,2024-06,country_de,country_344,-0.14092197501629888,0.06201982908737788
train_median,test,2024-07,country_de,country_344,-0.18206167379578905,0.06201982908737788
train_median,test,2024-08,country_de,country_344,0.031883367167564985,0.06201982908737788
train_median,test,2024-09,country_de,country_344,0.0929551306426157,0.06201982908737788
train_median,test,2024-10,country_de,country_344,0.14233394914662587,0.06201982908737788
train_median,test,2024-11,country_de,country_344,0.08057016407642281,0.06201982908737788
train_median,test,2024-01,country_de,country_372,0.17760940975530065,0.06201982908737788
train_median,test,2024-02,country_de,country_372,0.5978393242808707,0.06201982908737788
train_median,test,2024-03,country_de,country_372,0.5007442950881181,0.06201982908737788
train_median,test,2024-04,country_de,country_372,1.0216427178909566,0.06201982908737788
train_median,test,2024-05,country_de,country_372,0.06242418120728626,0.06201982908737788
train_median,test,2024-06,country_de,country_372,0.5124086284743877,0.06201982908737788
train_median,test,2024-07,country_de,country_372,0.45135242510418977,0.06201982908737788
train_median,test,2024-08,country_de,country_372,-0.20703900826188537,0.06201982908737788
train_median,test,2024-09,country_de,country_372,0.379971599456853,0.06201982908737788
train_median,test,2024-10,country_de,country_372,-0.06854407961394689,0.06201982908737788
train_median,test,2024-11,country_de,country_372,-0.40493924304132023,0.06201982908737788
train_median,test,2024-01,country_de,country_380,-0.05794822535434658,0.06201982908737788
train_median,test,2024-02,country_de,country_380,0.05502143247306839,0.06201982908737788
train_median,test,2024-03,country_de,country_380,0.04245576991483816,0.06201982908737788
train_median,test,2024-04,country_de,country_380,-0.2630956326592432,0.06201982908737788
train_median,test,2024-05,country_de,country_380,-0.19294113371461596,0.06201982908737788
train_median,test,2024-06,country_de,country_380,-0.16125827647240099,0.06201982908737788
train_median,test,2024-07,country_de,country_380,-0.4566151062572416,0.06201982908737788
train_median,test,2024-08,country_de,country_380,-0.1736974908934075,0.06201982908737788
train_median,test,2024-09,country_de,country_380,-0.09762066580614699,0.06201982908737788
train_median,test,2024-10,country_de,country_380,-0.17055376999452676,0.06201982908737788
train_median,test,2024-11,country_de,country_380,-0.1939514088024868,0.06201982908737788
train_median,test,2024-01,country_de,country_cn,-0.09647655087160471,0.06201982908737788
train_median,test,2024-02,country_de,country_cn,0.11379694474429813,0.06201982908737788
train_median,test,2024-03,country_de,country_cn,0.19021010103040253,0.06201982908737788
train_median,test,2024-04,country_de,country_cn,0.06787469676559041,0.06201982908737788
train_median,test,2024-05,country_de,country_cn,0.0600035911306459,0.06201982908737788
train_median,test,2024-06,country_de,country_cn,0.14859131934741604,0.06201982908737788
train_median,test,2024-07,country_de,country_cn,0.09569475461061569,0.06201982908737788
train_median,test,2024-08,country_de,country_cn,0.16975629389335598,0.06201982908737788
train_median,test,2024-09,country_de,country_cn,0.08591341525181416,0.06201982908737788
train_median,test,2024-10,country_de,country_cn,-0.06628712246764738,0.06201982908737788
train_median,test,2024-11,country_de,country_cn,0.007082256615896231,0.06201982908737788
train_median,test,2024-01,country_de,country_fr,-0.11024600828710496,0.06201982908737788
train_median,test,2024-02,country_de,country_fr,-0.006981653244078821,0.06201982908737788
train_median,test,2024-03,country_de,country_fr,-0.09239676285388902,0.06201982908737788
train_median,test,2024-04,country_de,country_fr,0.10742937964461588,0.06201982908737788
train_median,test,2024-05,country_de,country_fr,0.17771442461406545,0.06201982908737788
train_median,test,2024-06,country_de,country_fr,-0.0976235784131774,0.06201982908737788
train_median,test,2024-07,country_de,country_fr,-0.1560179260286809,0.06201982908737788
train_median,test,2024-08,country_de,country_fr,0.06474892955158143,0.06201982908737788
train_median,test,2024-09,country_de,country_fr,-0.024299210923992037,0.06201982908737788
train_median,test,2024-10,country_de,country_fr,-0.2746539819364242,0.06201982908737788
train_median,test,2024-11,country_de,country_fr,-0.21461333494357618,0.06201982908737788
train_median,test,2024-01,country_de,country_gb,0.08301904872011812,0.06201982908737788
train_median,test,2024-02,country_de,country_gb,-0.056934626348447676,0.06201982908737788
train_median,test,2024-03,country_de,country_gb,0.025647344742126474,0.06201982908737788
train_median,test,2024-04,country_de,country_gb,-0.10251763713914994,0.06201982908737788
train_median,test,2024-05,country_de,country_gb,0.037149140524486486,0.06201982908737788
train_median,test,2024-06,country_de,country_gb,-0.2928795264724611,0.06201982908737788
train_median,test,2024-07,country_de,country_gb,-0.2197570992502922,0.06201982908737788
train_median,test,2024-08,country_de,country_gb,-0.25615873378259935,0.06201982908737788
train_median,test,2024-09,country_de,country_gb,0.08291325001031409,0.06201982908737788
train_median,test,2024-10,country_de,country_gb,0.0731721362926512,0.06201982908737788
train_median,test,2024-11,country_de,country_gb,-0.49961951434851576,0.06201982908737788
train_median,test,2024-01,country_de,country_in,0.02858662323969904,0.06201982908737788
train_median,test,2024-02,country_de,country_in,0.26031302836026404,0.06201982908737788
train_median,test,2024-03,country_de,country_in,0.07566439901357347,0.06201982908737788
train_median,test,2024-04,country_de,country_in,0.7538733652855002,0.06201982908737788
train_median,test,2024-05,country_de,country_in,-0.4475851112110976,0.06201982908737788
train_median,test,2024-06,country_de,country_in,0.6837884154818092,0.06201982908737788
train_median,test,2024-07,country_de,country_in,0.34241807331620255,0.06201982908737788
train_median,test,2024-08,country_de,country_in,0.11312996214601934,0.06201982908737788
train_median,test,2024-09,country_de,country_in,0.25249250434304565,0.06201982908737788
train_median,test,2024-10,country_de,country_in,0.16569164454788754,0.06201982908737788
train_median,test,2024-11,country_de,country_in,-0.4077521100137016,0.06201982908737788
train_median,test,2024-01,country_de,country_jp,-0.08311405113892967,0.06201982908737788
train_median,test,2024-02,country_de,country_jp,-0.09173505288716909,0.06201982908737788
train_median,test,2024-03,country_de,country_jp,0.0154735881300154,0.06201982908737788
train_median,test,2024-04,country_de,country_jp,0.07872827840741348,0.06201982908737788
train_median,test,2024-05,country_de,country_jp,0.13457099092554606,0.06201982908737788
train_median,test,2024-06,country_de,country_jp,0.14976090350327706,0.06201982908737788
train_median,test,2024-07,country_de,country_jp,0.3082103009962236,0.06201982908737788
train_median,test,2024-08,country_de,country_jp,-0.0909547606811998,0.06201982908737788
train_median,test,2024-09,country_de,country_jp,0.1680826666679271,0.06201982908737788
train_median,test,2024-10,country_de,country_jp,0.009799246915437227,0.06201982908737788
train_median,test,2024-11,country_de,country_jp,0.33385272636668495,0.06201982908737788
train_median,test,2024-01,country_de,country_kr,0.15559887495105698,0.06201982908737788
train_median,test,2024-02,country_de,country_kr,-0.0035506936795510293,0.06201982908737788
train_median,test,2024-03,country_de,country_kr,0.2976607296720405,0.06201982908737788
train_median,test,2024-04,country_de,country_kr,0.14523733638819492,0.06201982908737788
train_median,test,2024-05,country_de,country_kr,-0.22432528634470722,0.06201982908737788
train_median,test,2024-06,country_de,country_kr,0.009461491757506522,0.06201982908737788
train_median,test,2024-07,country_de,country_kr,-0.2368829932494636,0.06201982908737788
train_median,test,2024-08,country_de,country_kr,-0.27368897596492353,0.06201982908737788
train_median,test,2024-09,country_de,country_kr,-0.4409191996335173,0.06201982908737788
train_median,test,2024-10,country_de,country_kr,-0.534883269622274,0.06201982908737788
train_median,test,2024-11,country_de,country_kr,-0.2763976863926467,0.06201982908737788
train_median,test,2024-01,country_de,country_mx,0.07405562870390663,0.06201982908737788
train_median,test,2024-02,country_de,country_mx,-0.0375049880327516,0.06201982908737788
train_median,test,2024-03,country_de,country_mx,-0.052642181987040425,0.06201982908737788
train_median,test,2024-04,country_de,country_mx,0.1509488491771429,0.06201982908737788
train_median,test,2024-05,country_de,country_mx,-0.24765914335394493,0.06201982908737788
train_median,test,2024-06,country_de,country_mx,0.06094199460927201,0.06201982908737788
train_median,test,2024-07,country_de,country_mx,-0.033578034130493685,0.06201982908737788
train_median,test,2024-08,country_de,country_mx,-0.06729348143746137,0.06201982908737788
train_median,test,2024-09,country_de,country_mx,0.04847677184399702,0.06201982908737788
train_median,test,2024-10,country_de,country_mx,-0.18195315606021656,0.06201982908737788
train_median,test,2024-11,country_de,country_mx,-0.15943427828943485,0.06201982908737788
train_median,test,2024-01,country_de,country_my,-0.12858379636193,0.06201982908737788
train_median,test,2024-02,country_de,country_my,-0.06955198320808696,0.06201982908737788
train_median,test,2024-03,country_de,country_my,-0.02487347976857056,0.06201982908737788
train_median,test,2024-04,country_de,country_my,0.00795798187760435,0.06201982908737788
train_median,test,2024-05,country_de,country_my,-0.02098169009631594,0.06201982908737788
train_median,test,2024-06,country_de,country_my,0.015926575640685135,0.06201982908737788
train_median,test,2024-07,country_de,country_my,0.03857074411223626,0.06201982908737788
train_median,test,2024-08,country_de,country_my,-0.02335962555922752,0.06201982908737788
train_median,test,2024-09,country_de,country_my,-0.05819343622268288,0.06201982908737788
train_median,test,2024-10,country_de,country_my,-0.051338043660688504,0.06201982908737788
train_median,test,2024-11,country_de,country_my,-0.21242340421944972,0.06201982908737788
train_median,test,2024-01,country_de,country_ph,-0.0512004912129152,0.06201982908737788
train_median,test,2024-02,country_de,country_ph,0.08813478504266982,0.06201982908737788
train_median,test,2024-03,country_de,country_ph,0.13120414087486773,0.06201982908737788
train_median,test,2024-04,country_de,country_ph,-0.00038237116894830695,0.06201982908737788
train_median,test,2024-05,country_de,country_ph,0.010513689969353208,0.06201982908737788
train_median,test,2024-06,country_de,country_ph,0.05936580279717043,0.06201982908737788
train_median,test,2024-07,country_de,country_ph,0.2951196296030907,0.06201982908737788
train_median,test,2024-08,country_de,country_ph,-0.07772429882769574,0.06201982908737788
train_median,test,2024-09,country_de,country_ph,-0.0745364674464988,0.06201982908737788
train_median,test,2024-10,country_de,country_ph,-0.020459358579739382,0.06201982908737788
train_median,test,2024-11,country_de,country_ph,-0.19356368947454367,0.06201982908737788
train_median,test,2024-01,country_de,country_sg,-0.24144221123824722,0.06201982908737788
train_median,test,2024-02,country_de,country_sg,-0.05141266768108171,0.06201982908737788
train_median,test,2024-03,country_de,country_sg,-0.11931462695259426,0.06201982908737788
train_median,test,2024-04,country_de,country_sg,-0.07011180329174796,0.06201982908737788
train_median,test,2024-05,country_de,country_sg,-0.10989464528723529,0.06201982908737788
train_median,test,2024-06,country_de,country_sg,-0.0310046095480511,0.06201982908737788
train_median,test,2024-07,country_de,country_sg,0.06109030561239803,0.06201982908737788
train_median,test,2024-08,country_de,country_sg,-0.05049662665111794,0.06201982908737788
train_median,test,2024-09,country_de,country_sg,-0.03526750098737202,0.06201982908737788
train_median,test,2024-10,country_de,country_sg,-0.31049969464494087,0.06201982908737788
train_median,test,2024-11,country_de,country_sg,-0.13226366068259796,0.06201982908737788
train_median,test,2024-01,country_de,country_th,-0.16975388545956294,0.06201982908737788
train_median,test,2024-02,country_de,country_th,-0.4369335490868643,0.06201982908737788
train_median,test,2024-03,country_de,country_th,-0.3518674202425693,0.06201982908737788
train_median,test,2024-04,country_de,country_th,-0.34298798930496166,0.06201982908737788
train_median,test,2024-05,country_de,country_th,-0.3159784927427338,0.06201982908737788
train_median,test,2024-06,country_de,country_th,0.03550437032876148,0.06201982908737788
train_median,test,2024-07,country_de,country_th,-0.11105786081604252,0.06201982908737788
train_median,test,2024-08,country_de,country_th,-0.22704540056356587,0.06201982908737788
train_median,test,2024-09,country_de,country_th,0.058990314206666,0.06201982908737788
train_median,test,2024-10,country_de,country_th,0.05733770143384632,0.06201982908737788
train_median,test,2024-11,country_de,country_th,-0.13187336699953364,0.06201982908737788
train_median,test,2024-01,country_de,country_us,-0.06438688152154241,0.06201982908737788
train_median,test,2024-02,country_de,country_us,-0.07547938006883874,0.06201982908737788
train_median,test,2024-03,country_de,country_us,-0.10336448945079148,0.06201982908737788
train_median,test,2024-04,country_de,country_us,-0.13734217946055632,0.06201982908737788
train_median,test,2024-05,country_de,country_us,0.20503221856552287,0.06201982908737788
train_median,test,2024-06,country_de,country_us,-0.042126791108395914,0.06201982908737788
train_median,test,2024-07,country_de,country_us,-0.04931433139951728,0.06201982908737788
train_median,test,2024-08,country_de,country_us,0.13095359489803446,0.06201982908737788
train_median,test,2024-09,country_de,country_us,-0.016963546669535583,0.06201982908737788
train_median,test,2024-10,country_de,country_us,-0.13332318128143658,0.06201982908737788
train_median,test,2024-11,country_de,country_us,0.09738069321162937,0.06201982908737788
train_median,test,2024-01,country_fr,country_203,-0.1844418109781103,0.06201982908737788
train_median,test,2024-02,country_fr,country_203,0.10638412929229477,0.06201982908737788
train_median,test,2024-03,country_fr,country_203,-0.3949531588037485,0.06201982908737788
train_median,test,2024-04,country_fr,country_203,0.15073929136996256,0.06201982908737788
train_median,test,2024-05,country_fr,country_203,-0.07495657052227736,0.06201982908737788
train_median,test,2024-06,country_fr,country_203,1.1338541367739556,0.06201982908737788
train_median,test,2024-07,country_fr,country_203,0.20830082370949202,0.06201982908737788
train_median,test,2024-08,country_fr,country_203,0.061490836753047964,0.06201982908737788
train_median,test,2024-09,country_fr,country_203,-0.02952315339468358,0.06201982908737788
train_median,test,2024-10,country_fr,country_203,-0.23430921786455264,0.06201982908737788
train_median,test,2024-11,country_fr,country_203,-0.37805695942252304,0.06201982908737788
train_median,test,2024-01,country_fr,country_344,0.00193379669752262,0.06201982908737788
train_median,test,2024-02,country_fr,country_344,0.5215671392108914,0.06201982908737788
train_median,test,2024-03,country_fr,country_344,0.053493195076473016,0.06201982908737788
train_median,test,2024-04,country_fr,country_344,0.6490353256425258,0.06201982908737788
train_median,test,2024-05,country_fr,country_344,0.42276148097187005,0.06201982908737788
train_median,test,2024-06,country_fr,country_344,-0.0956267129836608,0.06201982908737788
train_median,test,2024-07,country_fr,country_344,-0.06968521767159894,0.06201982908737788
train_median,test,2024-08,country_fr,country_344,0.03671114438352144,0.06201982908737788
train_median,test,2024-09,country_fr,country_344,0.017775311271146243,0.06201982908737788
train_median,test,2024-10,country_fr,country_344,0.029576058694513956,0.06201982908737788
train_median,test,2024-11,country_fr,country_344,-0.11215564801259326,0.06201982908737788
train_median,test,2024-01,country_fr,country_372,-0.7066331958936826,0.06201982908737788
train_median,test,2024-02,country_fr,country_372,-0.597558101230877,0.06201982908737788
train_median,test,2024-03,country_fr,country_372,-0.385559841342048,0.06201982908737788
train_median,test,2024-04,country_fr,country_372,-0.7002877052390604,0.06201982908737788
train_median,test,2024-05,country_fr,country_372,-0.025693268281884146,0.06201982908737788
train_median,test,2024-06,country_fr,country_372,-0.11601310703684622,0.06201982908737788
train_median,test,2024-07,country_fr,country_372,-0.2059208742443043,0.06201982908737788
train_median,test,2024-08,country_fr,country_372,0.4037898330474526,0.06201982908737788
train_median,test,2024-09,country_fr,country_372,-0.12132863708708884,0.06201982908737788
train_median,test,2024-10,country_fr,country_372,0.34526683934751934,0.06201982908737788
train_median,test,2024-11,country_fr,country_372,-0.6031042815886701,0.06201982908737788
train_median,test,2024-01,country_fr,country_380,-0.20045290478422748,0.06201982908737788
train_median,test,2024-02,country_fr,country_380,0.20631773109243384,0.06201982908737788
train_median,test,2024-03,country_fr,country_380,-0.05277250255067525,0.06201982908737788
train_median,test,2024-04,country_fr,country_380,0.07143908035519587,0.06201982908737788
train_median,test,2024-05,country_fr,country_380,-0.33333125842921946,0.06201982908737788
train_median,test,2024-06,country_fr,country_380,0.18823618714448734,0.06201982908737788
train_median,test,2024-07,country_fr,country_380,-0.46536011671208605,0.06201982908737788
train_median,test,2024-08,country_fr,country_380,-0.13859878037002646,0.06201982908737788
train_median,test,2024-09,country_fr,country_380,-0.47093561258999184,0.06201982908737788
train_median,test,2024-10,country_fr,country_380,-0.14613964954070063,0.06201982908737788
train_median,test,2024-11,country_fr,country_380,-0.15419414620336006,0.06201982908737788
train_median,test,2024-01,country_fr,country_cn,-0.22877128651817646,0.06201982908737788
train_median,test,2024-02,country_fr,country_cn,-0.10437689038089333,0.06201982908737788
train_median,test,2024-03,country_fr,country_cn,-0.14177917842048263,0.06201982908737788
train_median,test,2024-04,country_fr,country_cn,-0.13642924072655635,0.06201982908737788
train_median,test,2024-05,country_fr,country_cn,-0.059581783432169744,0.06201982908737788
train_median,test,2024-06,country_fr,country_cn,0.13485728461830895,0.06201982908737788
train_median,test,2024-07,country_fr,country_cn,0.005804741090530437,0.06201982908737788
train_median,test,2024-08,country_fr,country_cn,0.09538082307310208,0.06201982908737788
train_median,test,2024-09,country_fr,country_cn,0.07632480473900669,0.06201982908737788
train_median,test,2024-10,country_fr,country_cn,-0.13402137569369985,0.06201982908737788
train_median,test,2024-11,country_fr,country_cn,0.017760355260328094,0.06201982908737788
train_median,test,2024-01,country_fr,country_de,-0.06839006800337308,0.06201982908737788
train_median,test,2024-02,country_fr,country_de,0.017707032367417653,0.06201982908737788
train_median,test,2024-03,country_fr,country_de,-0.1083447055571928,0.06201982908737788
train_median,test,2024-04,country_fr,country_de,0.11037363499054834,0.06201982908737788
train_median,test,2024-05,country_fr,country_de,0.20494301493870226,0.06201982908737788
train_median,test,2024-06,country_fr,country_de,0.025374355595844587,0.06201982908737788
train_median,test,2024-07,country_fr,country_de,0.11641211561401142,0.06201982908737788
train_median,test,2024-08,country_fr,country_de,0.031164488847695886,0.06201982908737788
train_median,test,2024-09,country_fr,country_de,0.0019663083819018603,0.06201982908737788
train_median,test,2024-10,country_fr,country_de,-0.03645517594246179,0.06201982908737788
train_median,test,2024-11,country_fr,country_de,0.7559819318524045,0.06201982908737788
train_median,test,2024-01,country_fr,country_gb,-0.10121408940263159,0.06201982908737788
train_median,test,2024-02,country_fr,country_gb,-0.0021920438739350496,0.06201982908737788
train_median,test,2024-03,country_fr,country_gb,0.10753016964958659,0.06201982908737788
train_median,test,2024-04,country_fr,country_gb,-0.04117477796085959,0.06201982908737788
train_median,test,2024-05,country_fr,country_gb,-0.012595694955113767,0.06201982908737788
train_median,test,2024-06,country_fr,country_gb,0.3831330703015447,0.06201982908737788
train_median,test,2024-07,country_fr,country_gb,0.835042227286005,0.06201982908737788
train_median,test,2024-08,country_fr,country_gb,-0.2565285550793924,0.06201982908737788
train_median,test,2024-09,country_fr,country_gb,0.2240179263388528,0.06201982908737788
train_median,test,2024-10,country_fr,country_gb,0.29226458647728776,0.06201982908737788
train_median,test,2024-11,country_fr,country_gb,0.021939944528819005,0.06201982908737788
train_median,test,2024-01,country_fr,country_in,0.08718255114519714,0.06201982908737788
train_median,test,2024-02,country_fr,country_in,0.006020260613092478,0.06201982908737788
train_median,test,2024-03,country_fr,country_in,0.14601262812262766,0.06201982908737788
train_median,test,2024-04,country_fr,country_in,-0.2810183851659045,0.06201982908737788
train_median,test,2024-05,country_fr,country_in,-0.2356596792792698,0.06201982908737788
train_median,test,2024-06,country_fr,country_in,-0.3201876833174805,0.06201982908737788
train_median,test,2024-07,country_fr,country_in,1.8104709990286445,0.06201982908737788
train_median,test,2024-08,country_fr,country_in,0.12427582813104504,0.06201982908737788
train_median,test,2024-09,country_fr,country_in,3.3864430337856986,0.06201982908737788
train_median,test,2024-10,country_fr,country_in,-0.5114568060754783,0.06201982908737788
train_median,test,2024-11,country_fr,country_in,1.370320450242387,0.06201982908737788
train_median,test,2024-01,country_fr,country_jp,-0.3016227634732951,0.06201982908737788
train_median,test,2024-02,country_fr,country_jp,-0.15040223965204738,0.06201982908737788
train_median,test,2024-03,country_fr,country_jp,-0.1478241379713305,0.06201982908737788
train_median,test,2024-04,country_fr,country_jp,-0.18842492982955764,0.06201982908737788
train_median,test,2024-05,country_fr,country_jp,-0.27796195382146566,0.06201982908737788
train_median,test,2024-06,country_fr,country_jp,0.08098901494828432,0.06201982908737788
train_median,test,2024-07,country_fr,country_jp,-0.07182089927627096,0.06201982908737788
train_median,test,2024-08,country_fr,country_jp,0.09558098988280825,0.06201982908737788
train_median,test,2024-09,country_fr,country_jp,-0.1869412651126401,0.06201982908737788
train_median,test,2024-10,country_fr,country_jp,-0.24792884650975358,0.06201982908737788
train_median,test,2024-11,country_fr,country_jp,0.10201995360744288,0.06201982908737788
train_median,test,2024-01,country_fr,country_kr,-0.051361276318516065,0.06201982908737788
train_median,test,2024-02,country_fr,country_kr,-0.1788510339265277,0.06201982908737788
train_median,test,2024-03,country_fr,country_kr,-0.1949011520555265,0.06201982908737788
train_median,test,2024-04,country_fr,country_kr,-0.3112149085404404,0.06201982908737788
train_median,test,2024-05,country_fr,country_kr,-0.36349795792301615,0.06201982908737788
train_median,test,2024-06,country_fr,country_kr,-0.3069216905773422,0.06201982908737788
train_median,test,2024-07,country_fr,country_kr,-0.09805193937666788,0.06201982908737788
train_median,test,2024-08,country_fr,country_kr,-0.1064455405106986,0.06201982908737788
train_median,test,2024-09,country_fr,country_kr,0.1414148306209738,0.06201982908737788
train_median,test,2024-10,country_fr,country_kr,-0.1136467573552236,0.06201982908737788
train_median,test,2024-11,country_fr,country_kr,0.004849945982270412,0.06201982908737788
train_median,test,2024-01,country_fr,country_mx,1.0490368145994227,0.06201982908737788
train_median,test,2024-02,country_fr,country_mx,0.5753401169458651,0.06201982908737788
train_median,test,2024-03,country_fr,country_mx,0.20662886783831205,0.06201982908737788
train_median,test,2024-04,country_fr,country_mx,-0.3457631680544243,0.06201982908737788
train_median,test,2024-05,country_fr,country_mx,0.1327607507239807,0.06201982908737788
train_median,test,2024-06,country_fr,country_mx,1.1168367963954127,0.06201982908737788
train_median,test,2024-07,country_fr,country_mx,1.2771149686401764,0.06201982908737788
train_median,test,2024-08,country_fr,country_mx,0.6021608670809979,0.06201982908737788
train_median,test,2024-09,country_fr,country_mx,0.3155991239071475,0.06201982908737788
train_median,test,2024-10,country_fr,country_mx,0.330121644873914,0.06201982908737788
train_median,test,2024-11,country_fr,country_mx,-0.23750251478645784,0.06201982908737788
train_median,test,2024-01,country_fr,country_my,0.032325942465631446,0.06201982908737788
train_median,test,2024-02,country_fr,country_my,0.1475895853939263,0.06201982908737788
train_median,test,2024-03,country_fr,country_my,-0.1426739491225347,0.06201982908737788
train_median,test,2024-04,country_fr,country_my,-0.023487066779645748,0.06201982908737788
train_median,test,2024-05,country_fr,country_my,0.4677689766615282,0.06201982908737788
train_median,test,2024-06,country_fr,country_my,0.05250156184334212,0.06201982908737788
train_median,test,2024-07,country_fr,country_my,0.6597952263059808,0.06201982908737788
train_median,test,2024-08,country_fr,country_my,0.05695158299887771,0.06201982908737788
train_median,test,2024-09,country_fr,country_my,0.3679519711146441,0.06201982908737788
train_median,test,2024-10,country_fr,country_my,0.18097612878106983,0.06201982908737788
train_median,test,2024-11,country_fr,country_my,-0.2521156030527282,0.06201982908737788
train_median,test,2024-01,country_fr,country_ph,0.22051744922850622,0.06201982908737788
train_median,test,2024-02,country_fr,country_ph,-0.2084728188625352,0.06201982908737788
train_median,test,2024-03,country_fr,country_ph,-0.13486750905352696,0.06201982908737788
train_median,test,2024-04,country_fr,country_ph,-0.13707216837322733,0.06201982908737788
train_median,test,2024-05,country_fr,country_ph,0.12683206089898932,0.06201982908737788
train_median,test,2024-06,country_fr,country_ph,-0.11980806769321067,0.06201982908737788
train_median,test,2024-07,country_fr,country_ph,-0.3554962096643449,0.06201982908737788
train_median,test,2024-08,country_fr,country_ph,-0.38272283320109035,0.06201982908737788
train_median,test,2024-09,country_fr,country_ph,-0.3253213477690768,0.06201982908737788
train_median,test,2024-10,country_fr,country_ph,-0.3712520035009377,0.06201982908737788
train_median,test,2024-11,country_fr,country_ph,-0.3229185296822348,0.06201982908737788
train_median,test,2024-01,country_fr,country_sg,-0.21267817896556349,0.06201982908737788
train_median,test,2024-02,country_fr,country_sg,0.025925473676080113,0.06201982908737788
train_median,test,2024-03,country_fr,country_sg,-0.09349601080314772,0.06201982908737788
train_median,test,2024-04,country_fr,country_sg,0.1177565367147747,0.06201982908737788
train_median,test,2024-05,country_fr,country_sg,0.16803333245092916,0.06201982908737788
train_median,test,2024-06,country_fr,country_sg,0.11549198690688914,0.06201982908737788
train_median,test,2024-07,country_fr,country_sg,0.07126914837466106,0.06201982908737788
train_median,test,2024-08,country_fr,country_sg,-0.06068209448722327,0.06201982908737788
train_median,test,2024-09,country_fr,country_sg,-0.005963167450045697,0.06201982908737788
train_median,test,2024-10,country_fr,country_sg,0.04513972753725959,0.06201982908737788
train_median,test,2024-11,country_fr,country_sg,-0.13359697014533176,0.06201982908737788
train_median,test,2024-01,country_fr,country_th,0.369834269348396,0.06201982908737788
train_median,test,2024-02,country_fr,country_th,0.41699682070046534,0.06201982908737788
train_median,test,2024-03,country_fr,country_th,0.22342859781125998,0.06201982908737788
train_median,test,2024-04,country_fr,country_th,0.4368164666811699,0.06201982908737788
train_median,test,2024-05,country_fr,country_th,0.3779526504810736,0.06201982908737788
train_median,test,2024-06,country_fr,country_th,0.1360664215307433,0.06201982908737788
train_median,test,2024-07,country_fr,country_th,0.07000783868115831,0.06201982908737788
train_median,test,2024-08,country_fr,country_th,0.2510612486553873,0.06201982908737788
train_median,test,2024-09,country_fr,country_th,0.5466877002786171,0.06201982908737788
train_median,test,2024-10,country_fr,country_th,0.28203291264824165,0.06201982908737788
train_median,test,2024-11,country_fr,country_th,0.4892384918516268,0.06201982908737788
train_median,test,2024-01,country_fr,country_us,-0.25016435294679495,0.06201982908737788
train_median,test,2024-02,country_fr,country_us,0.05231424103679476,0.06201982908737788
train_median,test,2024-03,country_fr,country_us,-0.24846629483888205,0.06201982908737788
train_median,test,2024-04,country_fr,country_us,-0.14112774548716264,0.06201982908737788
train_median,test,2024-05,country_fr,country_us,0.7806492567360002,0.06201982908737788
train_median,test,2024-06,country_fr,country_us,0.13222854039024276,0.06201982908737788
train_median,test,2024-07,country_fr,country_us,0.20998308031176796,0.06201982908737788
train_median,test,2024-08,country_fr,country_us,0.48713434575625025,0.06201982908737788
train_median,test,2024-09,country_fr,country_us,0.2272404552989425,0.06201982908737788
train_median,test,2024-10,country_fr,country_us,0.05001618393578433,0.06201982908737788
train_median,test,2024-11,country_fr,country_us,0.011997278731525673,0.06201982908737788
train_median,test,2024-01,country_gb,country_203,0.5530106218619546,0.06201982908737788
train_median,test,2024-02,country_gb,country_203,-0.4714147362470489,0.06201982908737788
train_median,test,2024-03,country_gb,country_203,0.7771235350000083,0.06201982908737788
train_median,test,2024-04,country_gb,country_203,-0.12320054704730975,0.06201982908737788
train_median,test,2024-05,country_gb,country_203,-0.3385819705770606,0.06201982908737788
train_median,test,2024-06,country_gb,country_203,-0.49957539715699273,0.06201982908737788
train_median,test,2024-07,country_gb,country_203,0.2940869783844225,0.06201982908737788
train_median,test,2024-08,country_gb,country_203,-0.1464508858174376,0.06201982908737788
train_median,test,2024-09,country_gb,country_203,0.0062815516636782875,0.06201982908737788
train_median,test,2024-10,country_gb,country_203,-0.41152643799426664,0.06201982908737788
train_median,test,2024-11,country_gb,country_203,-0.5563726992115672,0.06201982908737788
train_median,test,2024-01,country_gb,country_344,-0.322338871625758,0.06201982908737788
train_median,test,2024-02,country_gb,country_344,0.16814461334549555,0.06201982908737788
train_median,test,2024-03,country_gb,country_344,0.5809799139879911,0.06201982908737788
train_median,test,2024-04,country_gb,country_344,0.9796976981693631,0.06201982908737788
train_median,test,2024-05,country_gb,country_344,0.8931231134649658,0.06201982908737788
train_median,test,2024-06,country_gb,country_344,0.43394371311190216,0.06201982908737788
train_median,test,2024-07,country_gb,country_344,0.5666329312407913,0.06201982908737788
train_median,test,2024-08,country_gb,country_344,0.17610210315855868,0.06201982908737788
train_median,test,2024-09,country_gb,country_344,1.8979132336833457,0.06201982908737788
train_median,test,2024-10,country_gb,country_344,1.0661850510909276,0.06201982908737788
train_median,test,2024-11,country_gb,country_344,-0.3644053116127234,0.06201982908737788
train_median,test,2024-01,country_gb,country_372,-0.024603747467801515,0.06201982908737788
train_median,test,2024-02,country_gb,country_372,-0.14609406782529238,0.06201982908737788
train_median,test,2024-03,country_gb,country_372,-0.29099362622295477,0.06201982908737788
train_median,test,2024-04,country_gb,country_372,-0.3121167889069865,0.06201982908737788
train_median,test,2024-05,country_gb,country_372,0.007763523261228957,0.06201982908737788
train_median,test,2024-06,country_gb,country_372,-0.17073508761014483,0.06201982908737788
train_median,test,2024-07,country_gb,country_372,-0.14317255053679873,0.06201982908737788
train_median,test,2024-08,country_gb,country_372,0.04320589494353882,0.06201982908737788
train_median,test,2024-09,country_gb,country_372,-0.2971254529009494,0.06201982908737788
train_median,test,2024-10,country_gb,country_372,-0.46696447517140716,0.06201982908737788
train_median,test,2024-11,country_gb,country_372,-0.5376204191379036,0.06201982908737788
train_median,test,2024-01,country_gb,country_380,0.12793841217484272,0.06201982908737788
train_median,test,2024-02,country_gb,country_380,0.4845875149425626,0.06201982908737788
train_median,test,2024-03,country_gb,country_380,0.6294943549823341,0.06201982908737788
train_median,test,2024-04,country_gb,country_380,0.008303557345613714,0.06201982908737788
train_median,test,2024-05,country_gb,country_380,-0.16638824819008818,0.06201982908737788
train_median,test,2024-06,country_gb,country_380,-0.19855450867134958,0.06201982908737788
train_median,test,2024-07,country_gb,country_380,-0.7859563985515481,0.06201982908737788
train_median,test,2024-08,country_gb,country_380,1.6171349379918873,0.06201982908737788
train_median,test,2024-09,country_gb,country_380,0.10628468088245395,0.06201982908737788
train_median,test,2024-10,country_gb,country_380,0.8166620560655188,0.06201982908737788
train_median,test,2024-11,country_gb,country_380,0.19497037524096278,0.06201982908737788
train_median,test,2024-01,country_gb,country_cn,0.018875560758195978,0.06201982908737788
train_median,test,2024-02,country_gb,country_cn,-0.271712036670593,0.06201982908737788
train_median,test,2024-03,country_gb,country_cn,-0.11497223292641252,0.06201982908737788
train_median,test,2024-04,country_gb,country_cn,0.0009154232894634991,0.06201982908737788
train_median,test,2024-05,country_gb,country_cn,-0.0949017889190288,0.06201982908737788
train_median,test,2024-06,country_gb,country_cn,0.07740668032228716,0.06201982908737788
train_median,test,2024-07,country_gb,country_cn,-0.10784004814346895,0.06201982908737788
train_median,test,2024-08,country_gb,country_cn,-0.08936616731236528,0.06201982908737788
train_median,test,2024-09,country_gb,country_cn,-0.09034454717726309,0.06201982908737788
train_median,test,2024-10,country_gb,country_cn,-0.2461037076747249,0.06201982908737788
train_median,test,2024-11,country_gb,country_cn,-0.1362506400570103,0.06201982908737788
train_median,test,2024-01,country_gb,country_de,1.7938538178801802,0.06201982908737788
train_median,test,2024-02,country_gb,country_de,0.9228534979402164,0.06201982908737788
train_median,test,2024-03,country_gb,country_de,1.747353760181971,0.06201982908737788
train_median,test,2024-04,country_gb,country_de,0.18488207947817675,0.06201982908737788
train_median,test,2024-05,country_gb,country_de,0.430515337738942,0.06201982908737788
train_median,test,2024-06,country_gb,country_de,0.19141964419401486,0.06201982908737788
train_median,test,2024-07,country_gb,country_de,-0.0006937017266770088,0.06201982908737788
train_median,test,2024-08,country_gb,country_de,-0.11873510122956897,0.06201982908737788
train_median,test,2024-09,country_gb,country_de,-0.02439869493523934,0.06201982908737788
train_median,test,2024-10,country_gb,country_de,-0.19310712043085407,0.06201982908737788
train_median,test,2024-11,country_gb,country_de,-0.40073425283112085,0.06201982908737788
train_median,test,2024-01,country_gb,country_fr,0.1773073791798269,0.06201982908737788
train_median,test,2024-02,country_gb,country_fr,-0.22630401187031093,0.06201982908737788
train_median,test,2024-03,country_gb,country_fr,-0.31175475737437935,0.06201982908737788
train_median,test,2024-04,country_gb,country_fr,-0.44529091271059346,0.06201982908737788
train_median,test,2024-05,country_gb,country_fr,-0.14681869419224208,0.06201982908737788
train_median,test,2024-06,country_gb,country_fr,-0.4641764026665002,0.06201982908737788
train_median,test,2024-07,country_gb,country_fr,-0.40646890473454084,0.06201982908737788
train_median,test,2024-08,country_gb,country_fr,-0.15570579654893466,0.06201982908737788
train_median,test,2024-09,country_gb,country_fr,0.38114032094092604,0.06201982908737788
train_median,test,2024-10,country_gb,country_fr,0.7446154721521648,0.06201982908737788
train_median,test,2024-11,country_gb,country_fr,0.38334765481806515,0.06201982908737788
train_median,test,2024-01,country_gb,country_in,0.34038517989342404,0.06201982908737788
train_median,test,2024-02,country_gb,country_in,-0.11653900962164986,0.06201982908737788
train_median,test,2024-03,country_gb,country_in,0.05075808615959786,0.06201982908737788
train_median,test,2024-04,country_gb,country_in,-0.14835416355624048,0.06201982908737788
train_median,test,2024-05,country_gb,country_in,-0.1349519635244147,0.06201982908737788
train_median,test,2024-06,country_gb,country_in,-0.14293229825512554,0.06201982908737788
train_median,test,2024-07,country_gb,country_in,-0.030968468499997393,0.06201982908737788
train_median,test,2024-08,country_gb,country_in,-0.20438230660591128,0.06201982908737788
train_median,test,2024-09,country_gb,country_in,-0.07111050735189735,0.06201982908737788
train_median,test,2024-10,country_gb,country_in,-0.3125538630106518,0.06201982908737788
train_median,test,2024-11,country_gb,country_in,-0.24432465951325283,0.06201982908737788
train_median,test,2024-01,country_gb,country_jp,-0.24417051823162114,0.06201982908737788
train_median,test,2024-02,country_gb,country_jp,-0.06627407703424082,0.06201982908737788
train_median,test,2024-03,country_gb,country_jp,0.06561498479144483,0.06201982908737788
train_median,test,2024-04,country_gb,country_jp,0.1245235814634599,0.06201982908737788
train_median,test,2024-05,country_gb,country_jp,0.13999020123975206,0.06201982908737788
train_median,test,2024-06,country_gb,country_jp,0.019376052498448492,0.06201982908737788
train_median,test,2024-07,country_gb,country_jp,-0.15709690791671727,0.06201982908737788
train_median,test,2024-08,country_gb,country_jp,0.47637760399999096,0.06201982908737788
train_median,test,2024-09,country_gb,country_jp,-0.4704138130195795,0.06201982908737788
train_median,test,2024-10,country_gb,country_jp,-0.12281726967441556,0.06201982908737788
train_median,test,2024-11,country_gb,country_jp,-0.3572159363939961,0.06201982908737788
train_median,test,2024-01,country_gb,country_kr,0.02543871656833476,0.06201982908737788
train_median,test,2024-02,country_gb,country_kr,0.014936410548128885,0.06201982908737788
train_median,test,2024-03,country_gb,country_kr,0.12829493586878496,0.06201982908737788
train_median,test,2024-04,country_gb,country_kr,-0.5811830367289169,0.06201982908737788
train_median,test,2024-05,country_gb,country_kr,0.22888590919146362,0.06201982908737788
train_median,test,2024-06,country_gb,country_kr,-0.12235634063799881,0.06201982908737788
train_median,test,2024-07,country_gb,country_kr,-0.18412453329360404,0.06201982908737788
train_median,test,2024-08,country_gb,country_kr,-0.47226420739907826,0.06201982908737788
train_median,test,2024-09,country_gb,country_kr,-0.3430300931980303,0.06201982908737788
train_median,test,2024-10,country_gb,country_kr,-0.34890069452293937,0.06201982908737788
train_median,test,2024-11,country_gb,country_kr,0.8704425311157173,0.06201982908737788
train_median,test,2024-01,country_gb,country_mx,-0.5548355812828151,0.06201982908737788
train_median,test,2024-02,country_gb,country_mx,-0.6418166084428041,0.06201982908737788
train_median,test,2024-03,country_gb,country_mx,-0.38598271229212683,0.06201982908737788
train_median,test,2024-04,country_gb,country_mx,0.3035841651944165,0.06201982908737788
train_median,test,2024-05,country_gb,country_mx,-0.303547071909043,0.06201982908737788
train_median,test,2024-06,country_gb,country_mx,-0.47472397384554504,0.06201982908737788
train_median,test,2024-07,country_gb,country_mx,1.1667457309634561,0.06201982908737788
train_median,test,2024-08,country_gb,country_mx,0.02158658527592472,0.06201982908737788
train_median,test,2024-09,country_gb,country_mx,0.06985212533788565,0.06201982908737788
train_median,test,2024-10,country_gb,country_mx,0.17034795305799255,0.06201982908737788
train_median,test,2024-11,country_gb,country_mx,-0.6669456534843939,0.06201982908737788
train_median,test,2024-01,country_gb,country_my,-0.09835748588367992,0.06201982908737788
train_median,test,2024-02,country_gb,country_my,-0.28802849757324567,0.06201982908737788
train_median,test,2024-03,country_gb,country_my,0.28586098409345523,0.06201982908737788
train_median,test,2024-04,country_gb,country_my,-0.48853709322647176,0.06201982908737788
train_median,test,2024-05,country_gb,country_my,-0.6150402609545916,0.06201982908737788
train_median,test,2024-06,country_gb,country_my,-0.22811262568670423,0.06201982908737788
train_median,test,2024-07,country_gb,country_my,-0.22823689777038636,0.06201982908737788
train_median,test,2024-08,country_gb,country_my,0.30121807818615765,0.06201982908737788
train_median,test,2024-09,country_gb,country_my,-0.24876901220438966,0.06201982908737788
train_median,test,2024-10,country_gb,country_my,-0.3140160697102028,0.06201982908737788
train_median,test,2024-11,country_gb,country_my,-0.05465168785786686,0.06201982908737788
train_median,test,2024-01,country_gb,country_ph,-0.05550168889265008,0.06201982908737788
train_median,test,2024-02,country_gb,country_ph,-0.0835540841828108,0.06201982908737788
train_median,test,2024-03,country_gb,country_ph,0.14446803602898486,0.06201982908737788
train_median,test,2024-04,country_gb,country_ph,-0.1583590883449572,0.06201982908737788
train_median,test,2024-05,country_gb,country_ph,-0.2823248372054488,0.06201982908737788
train_median,test,2024-06,country_gb,country_ph,0.056065126831601864,0.06201982908737788
train_median,test,2024-07,country_gb,country_ph,-0.14096738154111377,0.06201982908737788
train_median,test,2024-08,country_gb,country_ph,-0.15716750826094752,0.06201982908737788
train_median,test,2024-09,country_gb,country_ph,-0.06947868635089856,0.06201982908737788
train_median,test,2024-10,country_gb,country_ph,-0.2969252185033657,0.06201982908737788
train_median,test,2024-11,country_gb,country_ph,-0.42598754894988083,0.06201982908737788
train_median,test,2024-01,country_gb,country_sg,-0.1751921839956849,0.06201982908737788
train_median,test,2024-02,country_gb,country_sg,0.013625869419890824,0.06201982908737788
train_median,test,2024-03,country_gb,country_sg,-0.0723215135593325,0.06201982908737788
train_median,test,2024-04,country_gb,country_sg,-0.1633045983028449,0.06201982908737788
train_median,test,2024-05,country_gb,country_sg,0.23554720692418354,0.06201982908737788
train_median,test,2024-06,country_gb,country_sg,-0.46836755353439785,0.06201982908737788
train_median,test,2024-07,country_gb,country_sg,-0.5236985585202761,0.06201982908737788
train_median,test,2024-08,country_gb,country_sg,-0.2584184804164632,0.06201982908737788
train_median,test,2024-09,country_gb,country_sg,-0.5300458020827932,0.06201982908737788
train_median,test,2024-10,country_gb,country_sg,-0.7118276700912725,0.06201982908737788
train_median,test,2024-11,country_gb,country_sg,-0.2249027742496018,0.06201982908737788
train_median,test,2024-01,country_gb,country_th,0.4561359592121243,0.06201982908737788
train_median,test,2024-02,country_gb,country_th,0.40465386323116254,0.06201982908737788
train_median,test,2024-03,country_gb,country_th,0.12288792855087667,0.06201982908737788
train_median,test,2024-04,country_gb,country_th,0.1544582309356528,0.06201982908737788
train_median,test,2024-05,country_gb,country_th,-0.20309196412508534,0.06201982908737788
train_median,test,2024-06,country_gb,country_th,0.6295431298854177,0.06201982908737788
train_median,test,2024-07,country_gb,country_th,0.16413030520999208,0.06201982908737788
train_median,test,2024-08,country_gb,country_th,-0.153571416944419,0.06201982908737788
train_median,test,2024-09,country_gb,country_th,-0.04341411666107266,0.06201982908737788
train_median,test,2024-10,country_gb,country_th,0.03897115671873307,0.06201982908737788
train_median,test,2024-11,country_gb,country_th,0.03791757643022923,0.06201982908737788
train_median,test,2024-01,country_gb,country_us,-0.29681411955696285,0.06201982908737788
train_median,test,2024-02,country_gb,country_us,-0.11768547215855128,0.06201982908737788
train_median,test,2024-03,country_gb,country_us,-0.014460594893724166,0.06201982908737788
train_median,test,2024-04,country_gb,country_us,-0.2685366285325324,0.06201982908737788
train_median,test,2024-05,country_gb,country_us,-0.10444554262093056,0.06201982908737788
train_median,test,2024-06,country_gb,country_us,-0.18464742345808194,0.06201982908737788
train_median,test,2024-07,country_gb,country_us,-0.14836612129340074,0.06201982908737788
train_median,test,2024-08,country_gb,country_us,0.03974139196168185,0.06201982908737788
train_median,test,2024-09,country_gb,country_us,-0.31557914177660923,0.06201982908737788
train_median,test,2024-10,country_gb,country_us,-0.0710129556665708,0.06201982908737788
train_median,test,2024-11,country_gb,country_us,0.007414179601606356,0.06201982908737788
train_median,test,2024-01,country_in,country_203,0.24601874183036618,0.06201982908737788
train_median,test,2024-02,country_in,country_203,0.12042561043114583,0.06201982908737788
train_median,test,2024-03,country_in,country_203,-0.058148225656970316,0.06201982908737788
train_median,test,2024-04,country_in,country_203,-0.7439571929392952,0.06201982908737788
train_median,test,2024-05,country_in,country_203,-0.5226363378595508,0.06201982908737788
train_median,test,2024-06,country_in,country_203,1.495627572016461,0.06201982908737788
train_median,test,2024-07,country_in,country_203,0.035283913137759054,0.06201982908737788
train_median,test,2024-08,country_in,country_203,1.0723645488057991,0.06201982908737788
train_median,test,2024-09,country_in,country_203,0.9006838765325611,0.06201982908737788
train_median,test,2024-10,country_in,country_203,0.8733571216176034,0.06201982908737788
train_median,test,2024-11,country_in,country_203,0.2447814451382694,0.06201982908737788
train_median,test,2024-01,country_in,country_344,1.425085424239634,0.06201982908737788
train_median,test,2024-02,country_in,country_344,0.4907780827127697,0.06201982908737788
train_median,test,2024-03,country_in,country_344,0.11684893369361862,0.06201982908737788
train_median,test,2024-04,country_in,country_344,0.5641498259780834,0.06201982908737788
train_median,test,2024-05,country_in,country_344,-0.37178844444443265,0.06201982908737788
train_median,test,2024-06,country_in,country_344,0.6353124763422141,0.06201982908737788
train_median,test,2024-07,country_in,country_344,0.4725392745713514,0.06201982908737788
train_median,test,2024-08,country_in,country_344,0.2765214617398615,0.06201982908737788
train_median,test,2024-09,country_in,country_344,-0.07341550263091821,0.06201982908737788
train_median,test,2024-10,country_in,country_344,0.22540417244922034,0.06201982908737788
train_median,test,2024-11,country_in,country_344,-0.22346727634180563,0.06201982908737788
train_median,test,2024-01,country_in,country_372,0.3451953541864361,0.06201982908737788
train_median,test,2024-02,country_in,country_372,-0.5172927583316776,0.06201982908737788
train_median,test,2024-03,country_in,country_372,-0.5451130430770721,0.06201982908737788
train_median,test,2024-04,country_in,country_372,0.18863696124615348,0.06201982908737788
train_median,test,2024-05,country_in,country_372,0.7243966178869109,0.06201982908737788
train_median,test,2024-06,country_in,country_372,-0.07861301159308814,0.06201982908737788
train_median,test,2024-07,country_in,country_372,-0.7917898326606171,0.06201982908737788
train_median,test,2024-08,country_in,country_372,-0.21621264943984922,0.06201982908737788
train_median,test,2024-09,country_in,country_372,-0.7719272432506886,0.06201982908737788
train_median,test,2024-10,country_in,country_372,0.4325823922362618,0.06201982908737788
train_median,test,2024-11,country_in,country_372,-0.4328091702068806,0.06201982908737788
train_median,test,2024-01,country_in,country_380,-0.5396017730086587,0.06201982908737788
train_median,test,2024-02,country_in,country_380,0.19275653342034196,0.06201982908737788
train_median,test,2024-03,country_in,country_380,0.18140834939673506,0.06201982908737788
train_median,test,2024-04,country_in,country_380,-0.5611099141944836,0.06201982908737788
train_median,test,2024-05,country_in,country_380,-0.48085111185672463,0.06201982908737788
train_median,test,2024-06,country_in,country_380,-0.6426259719888705,0.06201982908737788
train_median,test,2024-07,country_in,country_380,0.5001468198222784,0.06201982908737788
train_median,test,2024-08,country_in,country_380,-0.14808271354230876,0.06201982908737788
train_median,test,2024-09,country_in,country_380,-0.5682291639424782,0.06201982908737788
train_median,test,2024-10,country_in,country_380,-0.17954564339464166,0.06201982908737788
train_median,test,2024-11,country_in,country_380,3.7412995054459577,0.06201982908737788
train_median,test,2024-01,country_in,country_cn,-0.2878188477817651,0.06201982908737788
train_median,test,2024-02,country_in,country_cn,-0.0947166794582626,0.06201982908737788
train_median,test,2024-03,country_in,country_cn,0.4944497130190568,0.06201982908737788
train_median,test,2024-04,country_in,country_cn,-0.14643509958087167,0.06201982908737788
train_median,test,2024-05,country_in,country_cn,-0.036589354120178434,0.06201982908737788
train_median,test,2024-06,country_in,country_cn,0.4034623196816448,0.06201982908737788
train_median,test,2024-07,country_in,country_cn,-0.018473304592936494,0.06201982908737788
train_median,test,2024-08,country_in,country_cn,0.004544148577906007,0.06201982908737788
train_median,test,2024-09,country_in,country_cn,-0.29093597919113945,0.06201982908737788
train_median,test,2024-10,country_in,country_cn,-0.03877747944285954,0.06201982908737788
train_median,test,2024-11,country_in,country_cn,0.4291271605974157,0.06201982908737788
train_median,test,2024-01,country_in,country_de,-0.0467731115261656,0.06201982908737788
train_median,test,2024-02,country_in,country_de,-0.14567174310371633,0.06201982908737788
train_median,test,2024-03,country_in,country_de,-0.3170029126803116,0.06201982908737788
train_median,test,2024-04,country_in,country_de,-0.061466731853845026,0.06201982908737788
train_median,test,2024-05,country_in,country_de,-0.2577878637121568,0.06201982908737788
train_median,test,2024-06,country_in,country_de,-0.2331124079201662,0.06201982908737788
train_median,test,2024-07,country_in,country_de,-0.5745937462979739,0.06201982908737788
train_median,test,2024-08,country_in,country_de,-0.49737807352891894,0.06201982908737788
train_median,test,2024-09,country_in,country_de,-0.48350310738991115,0.06201982908737788
train_median,test,2024-10,country_in,country_de,-0.6469255395226472,0.06201982908737788
train_median,test,2024-11,country_in,country_de,-0.21098368032257125,0.06201982908737788
train_median,test,2024-01,country_in,country_fr,-0.18192001709989608,0.06201982908737788
train_median,test,2024-02,country_in,country_fr,0.9804085278176817,0.06201982908737788
train_median,test,2024-03,country_in,country_fr,0.0606394958587939,0.06201982908737788
train_median,test,2024-04,country_in,country_fr,0.6686680518682908,0.06201982908737788
train_median,test,2024-05,country_in,country_fr,0.3424075262848008,0.06201982908737788
train_median,test,2024-06,country_in,country_fr,0.6629872986782962,0.06201982908737788
train_median,test,2024-07,country_in,country_fr,0.09503139482760271,0.06201982908737788
train_median,test,2024-08,country_in,country_fr,-0.15530788505457543,0.06201982908737788
train_median,test,2024-09,country_in,country_fr,-0.5424995073182604,0.06201982908737788
train_median,test,2024-10,country_in,country_fr,0.7249671381774729,0.06201982908737788
train_median,test,2024-11,country_in,country_fr,-0.4306588270126939,0.06201982908737788
train_median,test,2024-01,country_in,country_gb,0.5760145062998782,0.06201982908737788
train_median,test,2024-02,country_in,country_gb,1.2860514797541327,0.06201982908737788
train_median,test,2024-03,country_in,country_gb,1.5343912058919706,0.06201982908737788
train_median,test,2024-04,country_in,country_gb,-0.04925384050049548,0.06201982908737788
train_median,test,2024-05,country_in,country_gb,1.2436033353197964,0.06201982908737788
train_median,test,2024-06,country_in,country_gb,0.39165035478232557,0.06201982908737788
train_median,test,2024-07,country_in,country_gb,-0.08655322719242252,0.06201982908737788
train_median,test,2024-08,country_in,country_gb,-0.04475793286834543,0.06201982908737788
train_median,test,2024-09,country_in,country_gb,-0.4443071951846617,0.06201982908737788
train_median,test,2024-10,country_in,country_gb,0.07234259578382432,0.06201982908737788
train_median,test,2024-11,country_in,country_gb,0.7976673639412822,0.06201982908737788
train_median,test,2024-01,country_in,country_jp,0.38616956374544964,0.06201982908737788
train_median,test,2024-02,country_in,country_jp,-0.515699195046008,0.06201982908737788
train_median,test,2024-03,country_in,country_jp,-0.20005395996357514,0.06201982908737788
train_median,test,2024-04,country_in,country_jp,-0.08223983142248517,0.06201982908737788
train_median,test,2024-05,country_in,country_jp,-0.4410156341068583,0.06201982908737788
train_median,test,2024-06,country_in,country_jp,-0.02297712868186871,0.06201982908737788
train_median,test,2024-07,country_in,country_jp,-0.6241162809522718,0.06201982908737788
train_median,test,2024-08,country_in,country_jp,0.25845170672487366,0.06201982908737788
train_median,test,2024-09,country_in,country_jp,-0.5872069932269427,0.06201982908737788
train_median,test,2024-10,country_in,country_jp,-0.7788475031584962,0.06201982908737788
train_median,test,2024-11,country_in,country_jp,-0.6870561966082376,0.06201982908737788
train_median,test,2024-01,country_in,country_kr,19.59015466028185,0.06201982908737788
train_median,test,2024-02,country_in,country_kr,-0.28397121384402235,0.06201982908737788
train_median,test,2024-03,country_in,country_kr,8.588532013420291,0.06201982908737788
train_median,test,2024-04,country_in,country_kr,-0.7761115932308782,0.06201982908737788
train_median,test,2024-05,country_in,country_kr,25.180380048238497,0.06201982908737788
train_median,test,2024-06,country_in,country_kr,1.4175976662710899,0.06201982908737788
train_median,test,2024-07,country_in,country_kr,-0.788620122132076,0.06201982908737788
train_median,test,2024-08,country_in,country_kr,-0.5379996263150657,0.06201982908737788
train_median,test,2024-09,country_in,country_kr,11.06486948467861,0.06201982908737788
train_median,test,2024-10,country_in,country_kr,-0.7783907424148592,0.06201982908737788
train_median,test,2024-11,country_in,country_kr,-0.7286037772858243,0.06201982908737788
train_median,test,2024-01,country_in,country_mx,-0.14369967580496193,0.06201982908737788
train_median,test,2024-02,country_in,country_mx,-0.3651809501655575,0.06201982908737788
train_median,test,2024-03,country_in,country_mx,0.42014161445147946,0.06201982908737788
train_median,test,2024-04,country_in,country_mx,-0.08368717474276977,0.06201982908737788
train_median,test,2024-05,country_in,country_mx,0.3217760131051303,0.06201982908737788
train_median,test,2024-06,country_in,country_mx,-0.13759829290240763,0.06201982908737788
train_median,test,2024-07,country_in,country_mx,-0.10754735313081902,0.06201982908737788
train_median,test,2024-08,country_in,country_mx,1.746298588926633,0.06201982908737788
train_median,test,2024-09,country_in,country_mx,1.0424899448118923,0.06201982908737788
train_median,test,2024-10,country_in,country_mx,0.11931078212863223,0.06201982908737788
train_median,test,2024-11,country_in,country_mx,-0.24481283056980457,0.06201982908737788
train_median,test,2024-01,country_in,country_my,-0.5899856736421267,0.06201982908737788
train_median,test,2024-02,country_in,country_my,-0.08067433694353333,0.06201982908737788
train_median,test,2024-03,country_in,country_my,0.6346893003868813,0.06201982908737788
train_median,test,2024-04,country_in,country_my,1.283947786400563,0.06201982908737788
train_median,test,2024-05,country_in,country_my,0.8010840245117414,0.06201982908737788
train_median,test,2024-06,country_in,country_my,0.09567320742209255,0.06201982908737788
train_median,test,2024-07,country_in,country_my,0.4272577372539839,0.06201982908737788
train_median,test,2024-08,country_in,country_my,1.0182590605198327,0.06201982908737788
train_median,test,2024-09,country_in,country_my,0.6023917420570898,0.06201982908737788
train_median,test,2024-10,country_in,country_my,0.06191603677436081,0.06201982908737788
train_median,test,2024-11,country_in,country_my,-0.03652538462832665,0.06201982908737788
train_median,test,2024-01,country_in,country_ph,0.8535509637089772,0.06201982908737788
train_median,test,2024-02,country_in,country_ph,-0.7329396947495294,0.06201982908737788
train_median,test,2024-03,country_in,country_ph,-0.2672128564676225,0.06201982908737788
train_median,test,2024-04,country_in,country_ph,-0.5208268979446359,0.06201982908737788
train_median,test,2024-05,country_in,country_ph,-0.37336510751496343,0.06201982908737788
train_median,test,2024-06,country_in,country_ph,1.1819318537042827,0.06201982908737788
train_median,test,2024-07,country_in,country_ph,0.20051404952936683,0.06201982908737788
train_median,test,2024-08,country_in,country_ph,0.24541218431801184,0.06201982908737788
train_median,test,2024-09,country_in,country_ph,-0.4562503595466835,0.06201982908737788
train_median,test,2024-10,country_in,country_ph,19.21259925146035,0.06201982908737788
train_median,test,2024-11,country_in,country_ph,11.125675750989243,0.06201982908737788
train_median,test,2024-01,country_in,country_sg,1.641172106304329,0.06201982908737788
train_median,test,2024-02,country_in,country_sg,-0.10477085102190271,0.06201982908737788
train_median,test,2024-03,country_in,country_sg,0.9555156021282094,0.06201982908737788
train_median,test,2024-04,country_in,country_sg,0.07245159375373562,0.06201982908737788
train_median,test,2024-05,country_in,country_sg,0.36462919890547374,0.06201982908737788
train_median,test,2024-06,country_in,country_sg,-0.6793339453869084,0.06201982908737788
train_median,test,2024-07,country_in,country_sg,1.370235511309745,0.06201982908737788
train_median,test,2024-08,country_in,country_sg,0.08976151348181519,0.06201982908737788
train_median,test,2024-09,country_in,country_sg,-0.3535308363327563,0.06201982908737788
train_median,test,2024-10,country_in,country_sg,-0.8062401882822887,0.06201982908737788
train_median,test,2024-11,country_in,country_sg,-0.36588244747546905,0.06201982908737788
train_median,test,2024-01,country_in,country_th,-0.7739573781870773,0.06201982908737788
train_median,test,2024-02,country_in,country_th,-0.652238155298611,0.06201982908737788
train_median,test,2024-03,country_in,country_th,2.1523624943405673,0.06201982908737788
train_median,test,2024-04,country_in,country_th,-0.5374855815608628,0.06201982908737788
train_median,test,2024-05,country_in,country_th,-0.7898627489823982,0.06201982908737788
train_median,test,2024-06,country_in,country_th,-0.5688453807785309,0.06201982908737788
train_median,test,2024-07,country_in,country_th,0.16501865767676135,0.06201982908737788
train_median,test,2024-08,country_in,country_th,-0.9024948084032968,0.06201982908737788
train_median,test,2024-09,country_in,country_th,-0.4007999229933758,0.06201982908737788
train_median,test,2024-10,country_in,country_th,-0.2935498772159189,0.06201982908737788
train_median,test,2024-11,country_in,country_th,-0.31117912249977187,0.06201982908737788
train_median,test,2024-01,country_in,country_us,-0.46458931272793286,0.06201982908737788
train_median,test,2024-02,country_in,country_us,-0.18619117423709658,0.06201982908737788
train_median,test,2024-03,country_in,country_us,-0.043012559042305776,0.06201982908737788
train_median,test,2024-04,country_in,country_us,1.4527281584175886,0.06201982908737788
train_median,test,2024-05,country_in,country_us,1.0249672654588087,0.06201982908737788
train_median,test,2024-06,country_in,country_us,-0.01143293816501718,0.06201982908737788
train_median,test,2024-07,country_in,country_us,0.02447896631273045,0.06201982908737788
train_median,test,2024-08,country_in,country_us,-0.1897622169670776,0.06201982908737788
train_median,test,2024-09,country_in,country_us,-0.6377750321084247,0.06201982908737788
train_median,test,2024-10,country_in,country_us,-0.3384594802141297,0.06201982908737788
train_median,test,2024-11,country_in,country_us,-0.5551543673782684,0.06201982908737788
train_median,test,2024-01,country_jp,country_203,-0.29471166959675626,0.06201982908737788
train_median,test,2024-02,country_jp,country_203,-0.08623435348892258,0.06201982908737788
train_median,test,2024-03,country_jp,country_203,-0.26426997313436007,0.06201982908737788
train_median,test,2024-04,country_jp,country_203,-0.2709728412345618,0.06201982908737788
train_median,test,2024-05,country_jp,country_203,-0.09829588448501643,0.06201982908737788
train_median,test,2024-06,country_jp,country_203,-0.2972987890505046,0.06201982908737788
train_median,test,2024-07,country_jp,country_203,-0.19561827258529216,0.06201982908737788
train_median,test,2024-08,country_jp,country_203,0.09096436849234088,0.06201982908737788
train_median,test,2024-09,country_jp,country_203,0.44801718369984955,0.06201982908737788
train_median,test,2024-10,country_jp,country_203,-0.05472316434706201,0.06201982908737788
train_median,test,2024-11,country_jp,country_203,-0.10048577628351986,0.06201982908737788
train_median,test,2024-01,country_jp,country_344,-0.00379525725886104,0.06201982908737788
train_median,test,2024-02,country_jp,country_344,0.35832305847878915,0.06201982908737788
train_median,test,2024-03,country_jp,country_344,0.16398246636121383,0.06201982908737788
train_median,test,2024-04,country_jp,country_344,0.09979335831325208,0.06201982908737788
train_median,test,2024-05,country_jp,country_344,0.08052412270533803,0.06201982908737788
train_median,test,2024-06,country_jp,country_344,0.028780703222856426,0.06201982908737788
train_median,test,2024-07,country_jp,country_344,0.1713384665611477,0.06201982908737788
train_median,test,2024-08,country_jp,country_344,0.32404519762170486,0.06201982908737788
train_median,test,2024-09,country_jp,country_344,0.05996748604038584,0.06201982908737788
train_median,test,2024-10,country_jp,country_344,0.1761139024611603,0.06201982908737788
train_median,test,2024-11,country_jp,country_344,0.15312037310295173,0.06201982908737788
train_median,test,2024-01,country_jp,country_372,0.7796943968381504,0.06201982908737788
train_median,test,2024-02,country_jp,country_372,0.5126377164970932,0.06201982908737788
train_median,test,2024-03,country_jp,country_372,0.4811558612368696,0.06201982908737788
train_median,test,2024-04,country_jp,country_372,0.29986765139551425,0.06201982908737788
train_median,test,2024-05,country_jp,country_372,-0.3160234761628329,0.06201982908737788
train_median,test,2024-06,country_jp,country_372,0.28301054129006453,0.06201982908737788
train_median,test,2024-07,country_jp,country_372,0.13247117148694768,0.06201982908737788
train_median,test,2024-08,country_jp,country_372,-0.1345684126138174,0.06201982908737788
train_median,test,2024-09,country_jp,country_372,0.2843937116913072,0.06201982908737788
train_median,test,2024-10,country_jp,country_372,0.2281363125663317,0.06201982908737788
train_median,test,2024-11,country_jp,country_372,-0.016531236027798157,0.06201982908737788
train_median,test,2024-01,country_jp,country_380,-0.1437173531694468,0.06201982908737788
train_median,test,2024-02,country_jp,country_380,-0.05540038236593091,0.06201982908737788
train_median,test,2024-03,country_jp,country_380,0.8763437604777576,0.06201982908737788
train_median,test,2024-04,country_jp,country_380,-0.2955775389763229,0.06201982908737788
train_median,test,2024-05,country_jp,country_380,0.021715621026665338,0.06201982908737788
train_median,test,2024-06,country_jp,country_380,-0.2074557270313018,0.06201982908737788
train_median,test,2024-07,country_jp,country_380,-0.2657199378750807,0.06201982908737788
train_median,test,2024-08,country_jp,country_380,-0.12178705677756868,0.06201982908737788
train_median,test,2024-09,country_jp,country_380,-0.19835256496332626,0.06201982908737788
train_median,test,2024-10,country_jp,country_380,-0.2114938950452707,0.06201982908737788
train_median,test,2024-11,country_jp,country_380,-0.5162212021185297,0.06201982908737788
train_median,test,2024-01,country_jp,country_cn,-0.22500120709774377,0.06201982908737788
train_median,test,2024-02,country_jp,country_cn,-0.07435960482322448,0.06201982908737788
train_median,test,2024-03,country_jp,country_cn,-0.012206561183445088,0.06201982908737788
train_median,test,2024-04,country_jp,country_cn,-0.08629087295296187,0.06201982908737788
train_median,test,2024-05,country_jp,country_cn,-0.17188542547182412,0.06201982908737788
train_median,test,2024-06,country_jp,country_cn,-0.07225974317750929,0.06201982908737788
train_median,test,2024-07,country_jp,country_cn,0.04640102778671103,0.06201982908737788
train_median,test,2024-08,country_jp,country_cn,0.1179369631449625,0.06201982908737788
train_median,test,2024-09,country_jp,country_cn,0.10790189344397091,0.06201982908737788
train_median,test,2024-10,country_jp,country_cn,0.2210613880093723,0.06201982908737788
train_median,test,2024-11,country_jp,country_cn,0.29944914520210786,0.06201982908737788
train_median,test,2024-01,country_jp,country_de,-0.16475193152701065,0.06201982908737788
train_median,test,2024-02,country_jp,country_de,0.029549619294129786,0.06201982908737788
train_median,test,2024-03,country_jp,country_de,-0.1333328303615474,0.06201982908737788
train_median,test,2024-04,country_jp,country_de,-0.14807867416844225,0.06201982908737788
train_median,test,2024-05,country_jp,country_de,0.01660819051223103,0.06201982908737788
train_median,test,2024-06,country_jp,country_de,-0.07633647385139641,0.06201982908737788
train_median,test,2024-07,country_jp,country_de,-0.16448545627922234,0.06201982908737788
train_median,test,2024-08,country_jp,country_de,0.15584353745115018,0.06201982908737788
train_median,test,2024-09,country_jp,country_de,-0.09384899227696088,0.06201982908737788
train_median,test,2024-10,country_jp,country_de,-0.1315179371933634,0.06201982908737788
train_median,test,2024-11,country_jp,country_de,-0.2437134775305866,0.06201982908737788
train_median,test,2024-01,country_jp,country_fr,-0.26601271915155555,0.06201982908737788
train_median,test,2024-02,country_jp,country_fr,0.20681187745014987,0.06201982908737788
train_median,test,2024-03,country_jp,country_fr,-0.00534622672202258,0.06201982908737788
train_median,test,2024-04,country_jp,country_fr,0.37225200318784185,0.06201982908737788
train_median,test,2024-05,country_jp,country_fr,-0.24967361169917998,0.06201982908737788
train_median,test,2024-06,country_jp,country_fr,-0.2949904388840283,0.06201982908737788
train_median,test,2024-07,country_jp,country_fr,-0.09273788220164143,0.06201982908737788
train_median,test,2024-08,country_jp,country_fr,-0.027960701983908525,0.06201982908737788
train_median,test,2024-09,country_jp,country_fr,-0.31524993467506573,0.06201982908737788
train_median,test,2024-10,country_jp,country_fr,-0.05179410513995185,0.06201982908737788
train_median,test,2024-11,country_jp,country_fr,-0.4673159852319979,0.06201982908737788
train_median,test,2024-01,country_jp,country_gb,-0.26124102727717596,0.06201982908737788
train_median,test,2024-02,country_jp,country_gb,-0.2533921415704188,0.06201982908737788
train_median,test,2024-03,country_jp,country_gb,-0.12981414686609105,0.06201982908737788
train_median,test,2024-04,country_jp,country_gb,-0.3212051581184995,0.06201982908737788
train_median,test,2024-05,country_jp,country_gb,-0.1455808061135002,0.06201982908737788
train_median,test,2024-06,country_jp,country_gb,-0.14719417933174628,0.06201982908737788
train_median,test,2024-07,country_jp,country_gb,-0.013333505726250064,0.06201982908737788
train_median,test,2024-08,country_jp,country_gb,0.47266760847618783,0.06201982908737788
train_median,test,2024-09,country_jp,country_gb,0.6707722287709612,0.06201982908737788
train_median,test,2024-10,country_jp,country_gb,0.4661584255640904,0.06201982908737788
train_median,test,2024-11,country_jp,country_gb,0.545904788282178,0.06201982908737788
train_median,test,2024-01,country_jp,country_in,-0.03468606857046625,0.06201982908737788
train_median,test,2024-02,country_jp,country_in,-0.027517339801448645,0.06201982908737788
train_median,test,2024-03,country_jp,country_in,-0.12739724686887968,0.06201982908737788
train_median,test,2024-04,country_jp,country_in,-0.2559494346305863,0.06201982908737788
train_median,test,2024-05,country_jp,country_in,0.12704946977138673,0.06201982908737788
train_median,test,2024-06,country_jp,country_in,0.0932458139531869,0.06201982908737788
train_median,test,2024-07,country_jp,country_in,0.05208367419803934,0.06201982908737788
train_median,test,2024-08,country_jp,country_in,-0.24515026418809874,0.06201982908737788
train_median,test,2024-09,country_jp,country_in,0.08107860694267853,0.06201982908737788
train_median,test,2024-10,country_jp,country_in,0.010174902797889383,0.06201982908737788
train_median,test,2024-11,country_jp,country_in,-0.14011505085625203,0.06201982908737788
train_median,test,2024-01,country_jp,country_kr,-0.1406660900231205,0.06201982908737788
train_median,test,2024-02,country_jp,country_kr,-0.027181126943780786,0.06201982908737788
train_median,test,2024-03,country_jp,country_kr,-0.020705812659395636,0.06201982908737788
train_median,test,2024-04,country_jp,country_kr,-0.1979201618691543,0.06201982908737788
train_median,test,2024-05,country_jp,country_kr,-0.26505456996752247,0.06201982908737788
train_median,test,2024-06,country_jp,country_kr,0.2933201950683169,0.06201982908737788
train_median,test,2024-07,country_jp,country_kr,0.2450953057961316,0.06201982908737788
train_median,test,2024-08,country_jp,country_kr,0.38579032771586025,0.06201982908737788
train_median,test,2024-09,country_jp,country_kr,0.42554507066855574,0.06201982908737788
train_median,test,2024-10,country_jp,country_kr,0.276175859039976,0.06201982908737788
train_median,test,2024-11,country_jp,country_kr,0.2862881107922272,0.06201982908737788
train_median,test,2024-01,country_jp,country_mx,0.0623734357625516,0.06201982908737788
train_median,test,2024-02,country_jp,country_mx,-0.03522767453252718,0.06201982908737788
train_median,test,2024-03,country_jp,country_mx,0.2647247416441557,0.06201982908737788
train_median,test,2024-04,country_jp,country_mx,0.04222416334364254,0.06201982908737788
train_median,test,2024-05,country_jp,country_mx,-0.058223580660665165,0.06201982908737788
train_median,test,2024-06,country_jp,country_mx,-0.031421768796769146,0.06201982908737788
train_median,test,2024-07,country_jp,country_mx,0.03227581502443947,0.06201982908737788
train_median,test,2024-08,country_jp,country_mx,0.06891660295765115,0.06201982908737788
train_median,test,2024-09,country_jp,country_mx,0.008517224588977433,0.06201982908737788
train_median,test,2024-10,country_jp,country_mx,-0.08935832301895129,0.06201982908737788
train_median,test,2024-11,country_jp,country_mx,-0.13477313505205407,0.06201982908737788
train_median,test,2024-01,country_jp,country_my,0.03665834816489646,0.06201982908737788
train_median,test,2024-02,country_jp,country_my,-0.08122690638876545,0.06201982908737788
train_median,test,2024-03,country_jp,country_my,-0.0759372181951922,0.06201982908737788
train_median,test,2024-04,country_jp,country_my,-0.06138855673167242,0.06201982908737788
train_median,test,2024-05,country_jp,country_my,-0.11610208915997164,0.06201982908737788
train_median,test,2024-06,country_jp,country_my,0.03936923195802534,0.06201982908737788
train_median,test,2024-07,country_jp,country_my,0.011845697969408972,0.06201982908737788
train_median,test,2024-08,country_jp,country_my,-0.06185540251464652,0.06201982908737788
train_median,test,2024-09,country_jp,country_my,0.11902874339989922,0.06201982908737788
train_median,test,2024-10,country_jp,country_my,-0.10975721937530812,0.06201982908737788
train_median,test,2024-11,country_jp,country_my,-0.12662889070510916,0.06201982908737788
train_median,test,2024-01,country_jp,country_ph,-0.00878165080817738,0.06201982908737788
train_median,test,2024-02,country_jp,country_ph,0.09303075113733389,0.06201982908737788
train_median,test,2024-03,country_jp,country_ph,-0.09073068217550065,0.06201982908737788
train_median,test,2024-04,country_jp,country_ph,-0.21243426722103317,0.06201982908737788
train_median,test,2024-05,country_jp,country_ph,-0.08464816169198555,0.06201982908737788
train_median,test,2024-06,country_jp,country_ph,0.11563643275654678,0.06201982908737788
train_median,test,2024-07,country_jp,country_ph,0.34873625852165585,0.06201982908737788
train_median,test,2024-08,country_jp,country_ph,0.26108071242607706,0.06201982908737788
train_median,test,2024-09,country_jp,country_ph,0.27394393863201605,0.06201982908737788
train_median,test,2024-10,country_jp,country_ph,0.2235489020100797,0.06201982908737788
train_median,test,2024-11,country_jp,country_ph,-0.044501732710510784,0.06201982908737788
train_median,test,2024-01,country_jp,country_sg,-0.23256271980627466,0.06201982908737788
train_median,test,2024-02,country_jp,country_sg,0.13755423074882892,0.06201982908737788
train_median,test,2024-03,country_jp,country_sg,-0.009852978642680242,0.06201982908737788
train_median,test,2024-04,country_jp,country_sg,0.09352830151445245,0.06201982908737788
train_median,test,2024-05,country_jp,country_sg,-0.2718147402751221,0.06201982908737788
train_median,test,2024-06,country_jp,country_sg,-0.2884463719096355,0.06201982908737788
train_median,test,2024-07,country_jp,country_sg,0.0499512321421611,0.06201982908737788
train_median,test,2024-08,country_jp,country_sg,-0.18308179092949145,0.06201982908737788
train_median,test,2024-09,country_jp,country_sg,0.3788826802845347,0.06201982908737788
train_median,test,2024-10,country_jp,country_sg,0.43603972127425683,0.06201982908737788
train_median,test,2024-11,country_jp,country_sg,0.6399317204616387,0.06201982908737788
train_median,test,2024-01,country_jp,country_th,-0.10718667355859743,0.06201982908737788
train_median,test,2024-02,country_jp,country_th,-0.028052347828361687,0.06201982908737788
train_median,test,2024-03,country_jp,country_th,-0.008021719356105897,0.06201982908737788
train_median,test,2024-04,country_jp,country_th,0.5556526730956395,0.06201982908737788
train_median,test,2024-05,country_jp,country_th,-0.1457660642438264,0.06201982908737788
train_median,test,2024-06,country_jp,country_th,-0.10355979376927177,0.06201982908737788
train_median,test,2024-07,country_jp,country_th,-0.1311403920453485,0.06201982908737788
train_median,test,2024-08,country_jp,country_th,-0.04317501454962178,0.06201982908737788
train_median,test,2024-09,country_jp,country_th,0.1460210345324325,0.06201982908737788
train_median,test,2024-10,country_jp,country_th,-0.0328989292123608,0.06201982908737788
train_median,test,2024-11,country_jp,country_th,-0.0956144690443549,0.06201982908737788
train_median,test,2024-01,country_jp,country_us,-0.04374456389425883,0.06201982908737788
train_median,test,2024-02,country_jp,country_us,0.005943700686075824,0.06201982908737788
train_median,test,2024-03,country_jp,country_us,-0.09591891937200482,0.06201982908737788
train_median,test,2024-04,country_jp,country_us,-0.09250797928273569,0.06201982908737788
train_median,test,2024-05,country_jp,country_us,-0.014950149840735387,0.06201982908737788
train_median,test,2024-06,country_jp,country_us,-0.03335594207679683,0.06201982908737788
train_median,test,2024-07,country_jp,country_us,0.04545607379919925,0.06201982908737788
train_median,test,2024-08,country_jp,country_us,0.4267287596815981,0.06201982908737788
train_median,test,2024-09,country_jp,country_us,0.03444669888708232,0.06201982908737788
train_median,test,2024-10,country_jp,country_us,-0.011834841240491174,0.06201982908737788
train_median,test,2024-11,country_jp,country_us,0.02016628140273421,0.06201982908737788
train_median,test,2024-01,country_kr,country_203,1.293575725831738,0.06201982908737788
train_median,test,2024-02,country_kr,country_203,0.6546112074919547,0.06201982908737788
train_median,test,2024-03,country_kr,country_203,0.04699499204463277,0.06201982908737788
train_median,test,2024-04,country_kr,country_203,-0.12196750701510306,0.06201982908737788
train_median,test,2024-05,country_kr,country_203,0.3931888146292674,0.06201982908737788
train_median,test,2024-06,country_kr,country_203,0.4452967193263296,0.06201982908737788
train_median,test,2024-07,country_kr,country_203,-0.30196924308556905,0.06201982908737788
train_median,test,2024-08,country_kr,country_203,0.08335577860876466,0.06201982908737788
train_median,test,2024-09,country_kr,country_203,0.3809925430684622,0.06201982908737788
train_median,test,2024-10,country_kr,country_203,-0.5971576091520194,0.06201982908737788
train_median,test,2024-11,country_kr,country_203,0.1378425370689426,0.06201982908737788
train_median,test,2024-01,country_kr,country_344,0.2428446601521921,0.06201982908737788
train_median,test,2024-02,country_kr,country_344,0.33479311269304246,0.06201982908737788
train_median,test,2024-03,country_kr,country_344,0.22647974668059942,0.06201982908737788
train_median,test,2024-04,country_kr,country_344,0.08259790940398136,0.06201982908737788
train_median,test,2024-05,country_kr,country_344,0.35447132553363364,0.06201982908737788
train_median,test,2024-06,country_kr,country_344,-0.12679351142254006,0.06201982908737788
train_median,test,2024-07,country_kr,country_344,-0.10318774270100069,0.06201982908737788
train_median,test,2024-08,country_kr,country_344,0.08220597822753827,0.06201982908737788
train_median,test,2024-09,country_kr,country_344,-0.18162959347812738,0.06201982908737788
train_median,test,2024-10,country_kr,country_344,0.25302683808536824,0.06201982908737788
train_median,test,2024-11,country_kr,country_344,0.09790583469778796,0.06201982908737788
train_median,test,2024-01,country_kr,country_372,-0.07794260461146515,0.06201982908737788
train_median,test,2024-02,country_kr,country_372,0.11528856275611077,0.06201982908737788
train_median,test,2024-03,country_kr,country_372,-0.2936574739077744,0.06201982908737788
train_median,test,2024-04,country_kr,country_372,-0.4318377808755386,0.06201982908737788
train_median,test,2024-05,country_kr,country_372,0.7984125661284507,0.06201982908737788
train_median,test,2024-06,country_kr,country_372,32.09544862672143,0.06201982908737788
train_median,test,2024-07,country_kr,country_372,1.7443520051003665,0.06201982908737788
train_median,test,2024-08,country_kr,country_372,0.2936124039860155,0.06201982908737788
train_median,test,2024-09,country_kr,country_372,1.3185967707275699,0.06201982908737788
train_median,test,2024-10,country_kr,country_372,0.18088950279151686,0.06201982908737788
train_median,test,2024-11,country_kr,country_372,-0.11112407508501715,0.06201982908737788
train_median,test,2024-01,country_kr,country_380,-0.17395792719399697,0.06201982908737788
train_median,test,2024-02,country_kr,country_380,-0.3579199516098523,0.06201982908737788
train_median,test,2024-03,country_kr,country_380,-0.23487208812069132,0.06201982908737788
train_median,test,2024-04,country_kr,country_380,-0.4371078508539239,0.06201982908737788
train_median,test,2024-05,country_kr,country_380,0.06315893838180164,0.06201982908737788
train_median,test,2024-06,country_kr,country_380,0.0022591115804771783,0.06201982908737788
train_median,test,2024-07,country_kr,country_380,0.009720708834669262,0.06201982908737788
train_median,test,2024-08,country_kr,country_380,-0.4525410703760903,0.06201982908737788
train_median,test,2024-09,country_kr,country_380,-0.24503198537226065,0.06201982908737788
train_median,test,2024-10,country_kr,country_380,2.3115443309192947,0.06201982908737788
train_median,test,2024-11,country_kr,country_380,-0.2608433005706398,0.06201982908737788
train_median,test,2024-01,country_kr,country_cn,-0.038383862054207615,0.06201982908737788
train_median,test,2024-02,country_kr,country_cn,0.2562494429665435,0.06201982908737788
train_median,test,2024-03,country_kr,country_cn,0.14132051329135847,0.06201982908737788
train_median,test,2024-04,country_kr,country_cn,0.18861366340799984,0.06201982908737788
train_median,test,2024-05,country_kr,country_cn,0.15092241174689286,0.06201982908737788
train_median,test,2024-06,country_kr,country_cn,0.15157569077960165,0.06201982908737788
train_median,test,2024-07,country_kr,country_cn,0.0008562334219174506,0.06201982908737788
train_median,test,2024-08,country_kr,country_cn,0.04256325855486105,0.06201982908737788
train_median,test,2024-09,country_kr,country_cn,0.12224084132524735,0.06201982908737788
train_median,test,2024-10,country_kr,country_cn,0.10663243791562335,0.06201982908737788
train_median,test,2024-11,country_kr,country_cn,0.1293770038236644,0.06201982908737788
train_median,test,2024-01,country_kr,country_de,-0.2629283278201868,0.06201982908737788
train_median,test,2024-02,country_kr,country_de,-0.05505946549035428,0.06201982908737788
train_median,test,2024-03,country_kr,country_de,-0.12588848529833943,0.06201982908737788
train_median,test,2024-04,country_kr,country_de,-0.1610694983050999,0.06201982908737788
train_median,test,2024-05,country_kr,country_de,-0.047008804349971116,0.06201982908737788
train_median,test,2024-06,country_kr,country_de,0.03634586045331543,0.06201982908737788
train_median,test,2024-07,country_kr,country_de,-0.09656482569570861,0.06201982908737788
train_median,test,2024-08,country_kr,country_de,0.07485183558089169,0.06201982908737788
train_median,test,2024-09,country_kr,country_de,-0.03113711048401732,0.06201982908737788
train_median,test,2024-10,country_kr,country_de,-0.08213354764936592,0.06201982908737788
train_median,test,2024-11,country_kr,country_de,0.17061433887112767,0.06201982908737788
train_median,test,2024-01,country_kr,country_fr,-0.22654481139154678,0.06201982908737788
train_median,test,2024-02,country_kr,country_fr,-0.22598248003819774,0.06201982908737788
train_median,test,2024-03,country_kr,country_fr,-0.4882073872882139,0.06201982908737788
train_median,test,2024-04,country_kr,country_fr,-0.5815468526542859,0.06201982908737788
train_median,test,2024-05,country_kr,country_fr,-0.7240364153732107,0.06201982908737788
train_median,test,2024-06,country_kr,country_fr,-0.4412478696315796,0.06201982908737788
train_median,test,2024-07,country_kr,country_fr,-0.3801904972582112,0.06201982908737788
train_median,test,2024-08,country_kr,country_fr,-0.3662063470527464,0.06201982908737788
train_median,test,2024-09,country_kr,country_fr,-0.42321616464793327,0.06201982908737788
train_median,test,2024-10,country_kr,country_fr,-0.36946390352588127,0.06201982908737788
train_median,test,2024-11,country_kr,country_fr,0.07334653043717829,0.06201982908737788
train_median,test,2024-01,country_kr,country_gb,-0.10499033707060944,0.06201982908737788
train_median,test,2024-02,country_kr,country_gb,-0.35723346074738904,0.06201982908737788
train_median,test,2024-03,country_kr,country_gb,0.2818237803957253,0.06201982908737788
train_median,test,2024-04,country_kr,country_gb,0.18560262998895333,0.06201982908737788
train_median,test,2024-05,country_kr,country_gb,-0.21118879466931464,0.06201982908737788
train_median,test,2024-06,country_kr,country_gb,-0.37635631662827007,0.06201982908737788
train_median,test,2024-07,country_kr,country_gb,-0.18409348441624826,0.06201982908737788
train_median,test,2024-08,country_kr,country_gb,0.11041282602209819,0.06201982908737788
train_median,test,2024-09,country_kr,country_gb,0.3163180779679026,0.06201982908737788
train_median,test,2024-10,country_kr,country_gb,0.08479097350540815,0.06201982908737788
train_median,test,2024-11,country_kr,country_gb,-0.3651629517419284,0.06201982908737788
train_median,test,2024-01,country_kr,country_in,0.43436305953838356,0.06201982908737788
train_median,test,2024-02,country_kr,country_in,0.37187966251709625,0.06201982908737788
train_median,test,2024-03,country_kr,country_in,0.298189775193444,0.06201982908737788
train_median,test,2024-04,country_kr,country_in,0.25851011868459206,0.06201982908737788
train_median,test,2024-05,country_kr,country_in,0.04711410044960064,0.06201982908737788
train_median,test,2024-06,country_kr,country_in,0.31143851619024127,0.06201982908737788
train_median,test,2024-07,country_kr,country_in,0.18322048166059526,0.06201982908737788
train_median,test,2024-08,country_kr,country_in,-0.08227241584767904,0.06201982908737788
train_median,test,2024-09,country_kr,country_in,-0.047904082570209484,0.06201982908737788
train_median,test,2024-10,country_kr,country_in,-0.019810511221817664,0.06201982908737788
train_median,test,2024-11,country_kr,country_in,-0.30912704529135115,0.06201982908737788
train_median,test,2024-01,country_kr,country_jp,-0.3594958019857351,0.06201982908737788
train_median,test,2024-02,country_kr,country_jp,0.009534273195590408,0.06201982908737788
train_median,test,2024-03,country_kr,country_jp,-0.2689242887926016,0.06201982908737788
train_median,test,2024-04,country_kr,country_jp,-0.3293301423317316,0.06201982908737788
train_median,test,2024-05,country_kr,country_jp,-0.1497704338976039,0.06201982908737788
train_median,test,2024-06,country_kr,country_jp,-0.2685147751582723,0.06201982908737788
train_median,test,2024-07,country_kr,country_jp,0.07729605160721446,0.06201982908737788
train_median,test,2024-08,country_kr,country_jp,0.7867120782815588,0.06201982908737788
train_median,test,2024-09,country_kr,country_jp,-0.2070494511876166,0.06201982908737788
train_median,test,2024-10,country_kr,country_jp,-0.10137428739552444,0.06201982908737788
train_median,test,2024-11,country_kr,country_jp,0.4297666248185235,0.06201982908737788
train_median,test,2024-01,country_kr,country_mx,-0.02111854019542016,0.06201982908737788
train_median,test,2024-02,country_kr,country_mx,-0.11810936528541711,0.06201982908737788
train_median,test,2024-03,country_kr,country_mx,-0.11821542033083442,0.06201982908737788
train_median,test,2024-04,country_kr,country_mx,0.25967402956103697,0.06201982908737788
train_median,test,2024-05,country_kr,country_mx,0.13133126765885225,0.06201982908737788
train_median,test,2024-06,country_kr,country_mx,0.33587810755264447,0.06201982908737788
train_median,test,2024-07,country_kr,country_mx,0.6981744695848967,0.06201982908737788
train_median,test,2024-08,country_kr,country_mx,0.7664516988385174,0.06201982908737788
train_median,test,2024-09,country_kr,country_mx,0.44473253172920535,0.06201982908737788
train_median,test,2024-10,country_kr,country_mx,0.682325849318466,0.06201982908737788
train_median,test,2024-11,country_kr,country_mx,1.4201003500558518,0.06201982908737788
train_median,test,2024-01,country_kr,country_my,0.25835585855446597,0.06201982908737788
train_median,test,2024-02,country_kr,country_my,-0.01476674163525923,0.06201982908737788
train_median,test,2024-03,country_kr,country_my,-0.3139916886746947,0.06201982908737788
train_median,test,2024-04,country_kr,country_my,0.10156034153499427,0.06201982908737788
train_median,test,2024-05,country_kr,country_my,0.04543700949934893,0.06201982908737788
train_median,test,2024-06,country_kr,country_my,0.31684419674910097,0.06201982908737788
train_median,test,2024-07,country_kr,country_my,0.23847814495317415,0.06201982908737788
train_median,test,2024-08,country_kr,country_my,0.23834862139933555,0.06201982908737788
train_median,test,2024-09,country_kr,country_my,1.1490192260413399,0.06201982908737788
train_median,test,2024-10,country_kr,country_my,0.2762276923289759,0.06201982908737788
train_median,test,2024-11,country_kr,country_my,0.36068583138438126,0.06201982908737788
train_median,test,2024-01,country_kr,country_ph,-0.1174594184217666,0.06201982908737788
train_median,test,2024-02,country_kr,country_ph,0.02728299036502535,0.06201982908737788
train_median,test,2024-03,country_kr,country_ph,0.05094300533428867,0.06201982908737788
train_median,test,2024-04,country_kr,country_ph,0.5915960819810338,0.06201982908737788
train_median,test,2024-05,country_kr,country_ph,0.3726501372008345,0.06201982908737788
train_median,test,2024-06,country_kr,country_ph,0.7178986821748549,0.06201982908737788
train_median,test,2024-07,country_kr,country_ph,0.9711943510586418,0.06201982908737788
train_median,test,2024-08,country_kr,country_ph,0.8939587768099923,0.06201982908737788
train_median,test,2024-09,country_kr,country_ph,0.6574414339299608,0.06201982908737788
train_median,test,2024-10,country_kr,country_ph,0.07978615987750927,0.06201982908737788
train_median,test,2024-11,country_kr,country_ph,0.0027823801259624667,0.06201982908737788
train_median,test,2024-01,country_kr,country_sg,0.06178329740904784,0.06201982908737788
train_median,test,2024-02,country_kr,country_sg,0.0847568643585352,0.06201982908737788
train_median,test,2024-03,country_kr,country_sg,0.12844466771652618,0.06201982908737788
train_median,test,2024-04,country_kr,country_sg,-0.07350240937796271,0.06201982908737788
train_median,test,2024-05,country_kr,country_sg,0.03440949408116553,0.06201982908737788
train_median,test,2024-06,country_kr,country_sg,0.11580615917834654,0.06201982908737788
train_median,test,2024-07,country_kr,country_sg,-0.10855034647204893,0.06201982908737788
train_median,test,2024-08,country_kr,country_sg,0.12552787886564762,0.06201982908737788
train_median,test,2024-09,country_kr,country_sg,0.09022475570560626,0.06201982908737788
train_median,test,2024-10,country_kr,country_sg,-0.061392123237692525,0.06201982908737788
train_median,test,2024-11,country_kr,country_sg,0.21516243209073568,0.06201982908737788
train_median,test,2024-01,country_kr,country_th,0.014568037464465257,0.06201982908737788
train_median,test,2024-02,country_kr,country_th,0.2354633191215024,0.06201982908737788
train_median,test,2024-03,country_kr,country_th,0.3271786092687464,0.06201982908737788
train_median,test,2024-04,country_kr,country_th,0.43824258247800973,0.06201982908737788
train_median,test,2024-05,country_kr,country_th,-0.11620202033612344,0.06201982908737788
train_median,test,2024-06,country_kr,country_th,0.41418095102142594,0.06201982908737788
train_median,test,2024-07,country_kr,country_th,-0.07418314329058506,0.06201982908737788
train_median,test,2024-08,country_kr,country_th,0.580267750602709,0.06201982908737788
train_median,test,2024-09,country_kr,country_th,1.671800997475715,0.06201982908737788
train_median,test,2024-10,country_kr,country_th,-0.08562077751911748,0.06201982908737788
train_median,test,2024-11,country_kr,country_th,-0.4604794581077747,0.06201982908737788
train_median,test,2024-01,country_kr,country_us,-0.25309867768297506,0.06201982908737788
train_median,test,2024-02,country_kr,country_us,-0.0068858509105329735,0.06201982908737788
train_median,test,2024-03,country_kr,country_us,0.07971188311529037,0.06201982908737788
train_median,test,2024-04,country_kr,country_us,-0.0696940752819467,0.06201982908737788
train_median,test,2024-05,country_kr,country_us,-0.1265556890607351,0.06201982908737788
train_median,test,2024-06,country_kr,country_us,-0.09034304439287634,0.06201982908737788
train_median,test,2024-07,country_kr,country_us,-0.14752930532804182,0.06201982908737788
train_median,test,2024-08,country_kr,country_us,0.10138931205614199,0.06201982908737788
train_median,test,2024-09,country_kr,country_us,-0.06526378540601947,0.06201982908737788
train_median,test,2024-10,country_kr,country_us,0.40976773727509325,0.06201982908737788
train_median,test,2024-11,country_kr,country_us,0.17397805715461198,0.06201982908737788
train_median,test,2024-01,country_mx,country_203,-0.17590995140004012,0.06201982908737788
train_median,test,2024-02,country_mx,country_203,-0.7404467960023515,0.06201982908737788
train_median,test,2024-03,country_mx,country_203,-0.15097501970041574,0.06201982908737788
train_median,test,2024-04,country_mx,country_203,0.7151657248347684,0.06201982908737788
train_median,test,2024-05,country_mx,country_203,-0.39674433843942447,0.06201982908737788
train_median,test,2024-06,country_mx,country_203,-0.13645982227828637,0.06201982908737788
train_median,test,2024-07,country_mx,country_203,-0.007229253716967127,0.06201982908737788
train_median,test,2024-08,country_mx,country_203,-0.18548981894294617,0.06201982908737788
train_median,test,2024-09,country_mx,country_203,0.9634426839176709,0.06201982908737788
train_median,test,2024-10,country_mx,country_203,0.16753166460977972,0.06201982908737788
train_median,test,2024-11,country_mx,country_203,-0.5296615280177865,0.06201982908737788
train_median,test,2024-01,country_mx,country_344,-0.37545678932383636,0.06201982908737788
train_median,test,2024-02,country_mx,country_344,1.31372941935568,0.06201982908737788
train_median,test,2024-03,country_mx,country_344,-0.012315849624675445,0.06201982908737788
train_median,test,2024-04,country_mx,country_344,1.0658073717332073,0.06201982908737788
train_median,test,2024-05,country_mx,country_344,1.0418276389281866,0.06201982908737788
train_median,test,2024-06,country_mx,country_344,0.9755582953125579,0.06201982908737788
train_median,test,2024-07,country_mx,country_344,0.6752510178325883,0.06201982908737788
train_median,test,2024-08,country_mx,country_344,0.7238266764111095,0.06201982908737788
train_median,test,2024-09,country_mx,country_344,0.20483048734796827,0.06201982908737788
train_median,test,2024-10,country_mx,country_344,0.37614450544307265,0.06201982908737788
train_median,test,2024-11,country_mx,country_344,0.29045920400550757,0.06201982908737788
train_median,test,2024-01,country_mx,country_372,0.2926229300979963,0.06201982908737788
train_median,test,2024-02,country_mx,country_372,0.509663469308044,0.06201982908737788
train_median,test,2024-03,country_mx,country_372,-0.08570544729187214,0.06201982908737788
train_median,test,2024-04,country_mx,country_372,-0.3637807155318706,0.06201982908737788
train_median,test,2024-05,country_mx,country_372,3.7604293515854197,0.06201982908737788
train_median,test,2024-06,country_mx,country_372,-0.25733442451298844,0.06201982908737788
train_median,test,2024-07,country_mx,country_372,6.3720513267145895,0.06201982908737788
train_median,test,2024-08,country_mx,country_372,3.4813517064178785,0.06201982908737788
train_median,test,2024-09,country_mx,country_372,2.532786018473202,0.06201982908737788
train_median,test,2024-10,country_mx,country_372,2.6610797032594533,0.06201982908737788
train_median,test,2024-11,country_mx,country_372,4.9962009128899405,0.06201982908737788
train_median,test,2024-01,country_mx,country_380,-0.2668976957696536,0.06201982908737788
train_median,test,2024-02,country_mx,country_380,-0.23965770342647746,0.06201982908737788
train_median,test,2024-03,country_mx,country_380,-0.30511738339144473,0.06201982908737788
train_median,test,2024-04,country_mx,country_380,1.0251047791473515,0.06201982908737788
train_median,test,2024-05,country_mx,country_380,-0.37507016203840643,0.06201982908737788
train_median,test,2024-06,country_mx,country_380,-0.23986087009961518,0.06201982908737788
train_median,test,2024-07,country_mx,country_380,-0.41551167338647754,0.06201982908737788
train_median,test,2024-08,country_mx,country_380,0.2261535857913041,0.06201982908737788
train_median,test,2024-09,country_mx,country_380,-0.33540663826698963,0.06201982908737788
train_median,test,2024-10,country_mx,country_380,0.1325784161660724,0.06201982908737788
train_median,test,2024-11,country_mx,country_380,-0.4686133577165926,0.06201982908737788
train_median,test,2024-01,country_mx,country_cn,-0.21678068190682476,0.06201982908737788
train_median,test,2024-02,country_mx,country_cn,0.03256521970664601,0.06201982908737788
train_median,test,2024-03,country_mx,country_cn,-0.26812778267207277,0.06201982908737788
train_median,test,2024-04,country_mx,country_cn,0.01580143754285161,0.06201982908737788
train_median,test,2024-05,country_mx,country_cn,-0.10045836790419897,0.06201982908737788
train_median,test,2024-06,country_mx,country_cn,0.13905969113028518,0.06201982908737788
train_median,test,2024-07,country_mx,country_cn,0.0010627483664852702,0.06201982908737788
train_median,test,2024-08,country_mx,country_cn,0.010244361026581147,0.06201982908737788
train_median,test,2024-09,country_mx,country_cn,0.2554800548859759,0.06201982908737788
train_median,test,2024-10,country_mx,country_cn,-0.09108005198584815,0.06201982908737788
train_median,test,2024-11,country_mx,country_cn,-0.23827699590473764,0.06201982908737788
train_median,test,2024-01,country_mx,country_de,-0.35222458597800504,0.06201982908737788
train_median,test,2024-02,country_mx,country_de,-0.315043863888821,0.06201982908737788
train_median,test,2024-03,country_mx,country_de,-0.12520218701653263,0.06201982908737788
train_median,test,2024-04,country_mx,country_de,-0.38651817424059504,0.06201982908737788
train_median,test,2024-05,country_mx,country_de,-0.423821480085727,0.06201982908737788
train_median,test,2024-06,country_mx,country_de,-0.11098164234056056,0.06201982908737788
train_median,test,2024-07,country_mx,country_de,-0.25916839692388777,0.06201982908737788
train_median,test,2024-08,country_mx,country_de,0.3173712498194496,0.06201982908737788
train_median,test,2024-09,country_mx,country_de,-0.17531486624690332,0.06201982908737788
train_median,test,2024-10,country_mx,country_de,0.07487238752561984,0.06201982908737788
train_median,test,2024-11,country_mx,country_de,-0.11280916382241782,0.06201982908737788
train_median,test,2024-01,country_mx,country_fr,0.010050958749129821,0.06201982908737788
train_median,test,2024-02,country_mx,country_fr,-0.033421224183499354,0.06201982908737788
train_median,test,2024-03,country_mx,country_fr,-0.025565715715316448,0.06201982908737788
train_median,test,2024-04,country_mx,country_fr,-0.13584227143979036,0.06201982908737788
train_median,test,2024-05,country_mx,country_fr,0.06381109604174298,0.06201982908737788
train_median,test,2024-06,country_mx,country_fr,-0.24741482857011507,0.06201982908737788
train_median,test,2024-07,country_mx,country_fr,-0.2351158667331098,0.06201982908737788
train_median,test,2024-08,country_mx,country_fr,0.2879741920668393,0.06201982908737788
train_median,test,2024-09,country_mx,country_fr,0.1601504991802554,0.06201982908737788
train_median,test,2024-10,country_mx,country_fr,-0.30443965224072705,0.06201982908737788
train_median,test,2024-11,country_mx,country_fr,-0.08065045952419629,0.06201982908737788
train_median,test,2024-01,country_mx,country_gb,-0.49322702810402164,0.06201982908737788
train_median,test,2024-02,country_mx,country_gb,-0.028515632145546817,0.06201982908737788
train_median,test,2024-03,country_mx,country_gb,-0.4625742630746144,0.06201982908737788
train_median,test,2024-04,country_mx,country_gb,-0.634733835715564,0.06201982908737788
train_median,test,2024-05,country_mx,country_gb,-0.08281142630269461,0.06201982908737788
train_median,test,2024-06,country_mx,country_gb,-0.08253139116379488,0.06201982908737788
train_median,test,2024-07,country_mx,country_gb,-0.189313442708677,0.06201982908737788
train_median,test,2024-08,country_mx,country_gb,-0.01838106055106905,0.06201982908737788
train_median,test,2024-09,country_mx,country_gb,-0.04182126594403375,0.06201982908737788
train_median,test,2024-10,country_mx,country_gb,0.01433419244475144,0.06201982908737788
train_median,test,2024-11,country_mx,country_gb,0.08282786548286171,0.06201982908737788
train_median,test,2024-01,country_mx,country_in,0.9600628405722312,0.06201982908737788
train_median,test,2024-02,country_mx,country_in,0.4826885659429942,0.06201982908737788
train_median,test,2024-03,country_mx,country_in,0.8141520706098465,0.06201982908737788
train_median,test,2024-04,country_mx,country_in,0.5301405909110667,0.06201982908737788
train_median,test,2024-05,country_mx,country_in,0.034683540542614626,0.06201982908737788
train_median,test,2024-06,country_mx,country_in,0.02843265506068753,0.06201982908737788
train_median,test,2024-07,country_mx,country_in,-0.2878779781807256,0.06201982908737788
train_median,test,2024-08,country_mx,country_in,0.472400106246535,0.06201982908737788
train_median,test,2024-09,country_mx,country_in,0.13472931580047023,0.06201982908737788
train_median,test,2024-10,country_mx,country_in,0.47273749924182507,0.06201982908737788
train_median,test,2024-11,country_mx,country_in,0.4185336506617471,0.06201982908737788
train_median,test,2024-01,country_mx,country_jp,-0.5582968925338919,0.06201982908737788
train_median,test,2024-02,country_mx,country_jp,-0.40861045678831726,0.06201982908737788
train_median,test,2024-03,country_mx,country_jp,0.8437578727127311,0.06201982908737788
train_median,test,2024-04,country_mx,country_jp,0.17272044341724163,0.06201982908737788
train_median,test,2024-05,country_mx,country_jp,0.16248392333343953,0.06201982908737788
train_median,test,2024-06,country_mx,country_jp,-0.41467112400609896,0.06201982908737788
train_median,test,2024-07,country_mx,country_jp,0.7509625530478958,0.06201982908737788
train_median,test,2024-08,country_mx,country_jp,-0.27481680285298726,0.06201982908737788
train_median,test,2024-09,country_mx,country_jp,-0.14619831149789395,0.06201982908737788
train_median,test,2024-10,country_mx,country_jp,-0.5474850401935323,0.06201982908737788
train_median,test,2024-11,country_mx,country_jp,-0.09770254730823438,0.06201982908737788
train_median,test,2024-01,country_mx,country_kr,-0.0030521344262566274,0.06201982908737788
train_median,test,2024-02,country_mx,country_kr,0.042277828733135854,0.06201982908737788
train_median,test,2024-03,country_mx,country_kr,-0.25983422430868225,0.06201982908737788
train_median,test,2024-04,country_mx,country_kr,0.0707613265815474,0.06201982908737788
train_median,test,2024-05,country_mx,country_kr,0.4105233598952774,0.06201982908737788
train_median,test,2024-06,country_mx,country_kr,0.11326326469985644,0.06201982908737788
train_median,test,2024-07,country_mx,country_kr,0.16201334229021863,0.06201982908737788
train_median,test,2024-08,country_mx,country_kr,0.2552618576299291,0.06201982908737788
train_median,test,2024-09,country_mx,country_kr,0.29345253135613847,0.06201982908737788
train_median,test,2024-10,country_mx,country_kr,0.211475705682147,0.06201982908737788
train_median,test,2024-11,country_mx,country_kr,0.5962917465184926,0.06201982908737788
train_median,test,2024-01,country_mx,country_my,6.693045855244677,0.06201982908737788
train_median,test,2024-02,country_mx,country_my,1.4144380292635088,0.06201982908737788
train_median,test,2024-03,country_mx,country_my,0.6961568851906198,0.06201982908737788
train_median,test,2024-04,country_mx,country_my,4.628430209821918,0.06201982908737788
train_median,test,2024-05,country_mx,country_my,3.067421451706605,0.06201982908737788
train_median,test,2024-06,country_mx,country_my,2.8922708160785335,0.06201982908737788
train_median,test,2024-07,country_mx,country_my,-0.23857550372056963,0.06201982908737788
train_median,test,2024-08,country_mx,country_my,4.3444943953867305,0.06201982908737788
train_median,test,2024-09,country_mx,country_my,0.17356072360892924,0.06201982908737788
train_median,test,2024-10,country_mx,country_my,0.3258021158292128,0.06201982908737788
train_median,test,2024-11,country_mx,country_my,3.076846098379018,0.06201982908737788
train_median,test,2024-01,country_mx,country_ph,-0.1429969703268806,0.06201982908737788
train_median,test,2024-02,country_mx,country_ph,-0.30340830482616155,0.06201982908737788
train_median,test,2024-03,country_mx,country_ph,-0.4718288641156975,0.06201982908737788
train_median,test,2024-04,country_mx,country_ph,-0.5089951727493156,0.06201982908737788
train_median,test,2024-05,country_mx,country_ph,-0.32336882285799823,0.06201982908737788
train_median,test,2024-06,country_mx,country_ph,-0.7542855365656432,0.06201982908737788
train_median,test,2024-07,country_mx,country_ph,0.18016543468849266,0.06201982908737788
train_median,test,2024-08,country_mx,country_ph,0.3351997144436901,0.06201982908737788
train_median,test,2024-09,country_mx,country_ph,-0.3784755209761511,0.06201982908737788
train_median,test,2024-10,country_mx,country_ph,0.07421326003837216,0.06201982908737788
train_median,test,2024-11,country_mx,country_ph,0.33421342090370715,0.06201982908737788
train_median,test,2024-01,country_mx,country_sg,-0.3115979891501039,0.06201982908737788
train_median,test,2024-02,country_mx,country_sg,-0.28938730655959677,0.06201982908737788
train_median,test,2024-03,country_mx,country_sg,0.1420542698275487,0.06201982908737788
train_median,test,2024-04,country_mx,country_sg,-0.05542581570390211,0.06201982908737788
train_median,test,2024-05,country_mx,country_sg,-0.06802284879734492,0.06201982908737788
train_median,test,2024-06,country_mx,country_sg,-0.22456312651567822,0.06201982908737788
train_median,test,2024-07,country_mx,country_sg,-0.014447684830258135,0.06201982908737788
train_median,test,2024-08,country_mx,country_sg,-0.2134342873818894,0.06201982908737788
train_median,test,2024-09,country_mx,country_sg,-0.1935551049234775,0.06201982908737788
train_median,test,2024-10,country_mx,country_sg,-0.16585593752563554,0.06201982908737788
train_median,test,2024-11,country_mx,country_sg,0.4359090950713247,0.06201982908737788
train_median,test,2024-01,country_mx,country_th,1.427862035496376,0.06201982908737788
train_median,test,2024-02,country_mx,country_th,-0.14439344401326185,0.06201982908737788
train_median,test,2024-03,country_mx,country_th,-0.24523195597936467,0.06201982908737788
train_median,test,2024-04,country_mx,country_th,-0.17411335681356283,0.06201982908737788
train_median,test,2024-05,country_mx,country_th,-0.2287566141795891,0.06201982908737788
train_median,test,2024-06,country_mx,country_th,0.05024824411198101,0.06201982908737788
train_median,test,2024-07,country_mx,country_th,-0.04273025625381307,0.06201982908737788
train_median,test,2024-08,country_mx,country_th,-0.06049066541893092,0.06201982908737788
train_median,test,2024-09,country_mx,country_th,0.030658357968719095,0.06201982908737788
train_median,test,2024-10,country_mx,country_th,2.465664538200794,0.06201982908737788
train_median,test,2024-11,country_mx,country_th,0.10558638219062297,0.06201982908737788
train_median,test,2024-01,country_mx,country_us,-0.19628909070678077,0.06201982908737788
train_median,test,2024-02,country_mx,country_us,0.008047597364051562,0.06201982908737788
train_median,test,2024-03,country_mx,country_us,-0.48365999893643236,0.06201982908737788
train_median,test,2024-04,country_mx,country_us,-0.044497325306425,0.06201982908737788
train_median,test,2024-05,country_mx,country_us,0.0097136511920285,0.06201982908737788
train_median,test,2024-06,country_mx,country_us,-0.48299370070365316,0.06201982908737788
train_median,test,2024-07,country_mx,country_us,-0.32033863010670177,0.06201982908737788
train_median,test,2024-08,country_mx,country_us,0.09421218706740969,0.06201982908737788
train_median,test,2024-09,country_mx,country_us,-0.18447226510486914,0.06201982908737788
train_median,test,2024-10,country_mx,country_us,-0.21270726499905032,0.06201982908737788
train_median,test,2024-11,country_mx,country_us,-0.04553433236949844,0.06201982908737788
train_median,test,2024-01,country_my,country_203,0.1836309364582136,0.06201982908737788
train_median,test,2024-02,country_my,country_203,0.1745764103464996,0.06201982908737788
train_median,test,2024-03,country_my,country_203,-0.012885795024897874,0.06201982908737788
train_median,test,2024-04,country_my,country_203,-0.43572843592307364,0.06201982908737788
train_median,test,2024-05,country_my,country_203,-0.4252244473440727,0.06201982908737788
train_median,test,2024-06,country_my,country_203,0.25334060194978497,0.06201982908737788
train_median,test,2024-07,country_my,country_203,-0.034938803368905605,0.06201982908737788
train_median,test,2024-08,country_my,country_203,0.09643370535848439,0.06201982908737788
train_median,test,2024-09,country_my,country_203,0.13319060397892066,0.06201982908737788
train_median,test,2024-10,country_my,country_203,-0.17118345724950376,0.06201982908737788
train_median,test,2024-11,country_my,country_203,-0.12184016254002016,0.06201982908737788
train_median,test,2024-01,country_my,country_344,-0.280940144242255,0.06201982908737788
train_median,test,2024-02,country_my,country_344,0.1098051372199702,0.06201982908737788
train_median,test,2024-03,country_my,country_344,0.08610754905388478,0.06201982908737788
train_median,test,2024-04,country_my,country_344,-0.12279789474322989,0.06201982908737788
train_median,test,2024-05,country_my,country_344,0.25617341301006874,0.06201982908737788
train_median,test,2024-06,country_my,country_344,0.1936932220374911,0.06201982908737788
train_median,test,2024-07,country_my,country_344,0.022235165310076993,0.06201982908737788
train_median,test,2024-08,country_my,country_344,0.35875550840257003,0.06201982908737788
train_median,test,2024-09,country_my,country_344,0.5939329868084393,0.06201982908737788
train_median,test,2024-10,country_my,country_344,0.1272993994080938,0.06201982908737788
train_median,test,2024-11,country_my,country_344,0.5365192902031931,0.06201982908737788
train_median,test,2024-01,country_my,country_372,-0.5921973981550036,0.06201982908737788
train_median,test,2024-02,country_my,country_372,1.549287817082864,0.06201982908737788
train_median,test,2024-03,country_my,country_372,0.42558233086829644,0.06201982908737788
train_median,test,2024-04,country_my,country_372,0.006849184848485523,0.06201982908737788
train_median,test,2024-05,country_my,country_372,-0.004176968296253345,0.06201982908737788
train_median,test,2024-06,country_my,country_372,-0.36672906371579,0.06201982908737788
train_median,test,2024-07,country_my,country_372,-0.44666605940035026,0.06201982908737788
train_median,test,2024-08,country_my,country_372,0.6150951531510388,0.06201982908737788
train_median,test,2024-09,country_my,country_372,0.3306923368902725,0.06201982908737788
train_median,test,2024-10,country_my,country_372,-0.34895205892088715,0.06201982908737788
train_median,test,2024-11,country_my,country_372,-0.7791131140071681,0.06201982908737788
train_median,test,2024-01,country_my,country_380,-0.3947980780092581,0.06201982908737788
train_median,test,2024-02,country_my,country_380,-0.13945682493361364,0.06201982908737788
train_median,test,2024-03,country_my,country_380,-0.18720046490905504,0.06201982908737788
train_median,test,2024-04,country_my,country_380,-0.06506858642991163,0.06201982908737788
train_median,test,2024-05,country_my,country_380,0.007201427176501662,0.06201982908737788
train_median,test,2024-06,country_my,country_380,-0.05771472381388043,0.06201982908737788
train_median,test,2024-07,country_my,country_380,-0.502938511713959,0.06201982908737788
train_median,test,2024-08,country_my,country_380,0.1461164318871764,0.06201982908737788
train_median,test,2024-09,country_my,country_380,-0.22052266385917446,0.06201982908737788
train_median,test,2024-10,country_my,country_380,-0.15765528709129023,0.06201982908737788
train_median,test,2024-11,country_my,country_380,-0.42180832771659393,0.06201982908737788
train_median,test,2024-01,country_my,country_cn,-0.2815510013910191,0.06201982908737788
train_median,test,2024-02,country_my,country_cn,-0.051239946250360296,0.06201982908737788
train_median,test,2024-03,country_my,country_cn,-0.0971785141683759,0.06201982908737788
train_median,test,2024-04,country_my,country_cn,-0.09182505962922302,0.06201982908737788
train_median,test,2024-05,country_my,country_cn,0.09877566534522551,0.06201982908737788
train_median,test,2024-06,country_my,country_cn,0.026781625775095054,0.06201982908737788
train_median,test,2024-07,country_my,country_cn,0.034877621003391486,0.06201982908737788
train_median,test,2024-08,country_my,country_cn,0.44976328667698756,0.06201982908737788
train_median,test,2024-09,country_my,country_cn,-0.00894638667353815,0.06201982908737788
train_median,test,2024-10,country_my,country_cn,0.010419117135360716,0.06201982908737788
train_median,test,2024-11,country_my,country_cn,0.29714635339303347,0.06201982908737788
train_median,test,2024-01,country_my,country_de,-0.12198868263333203,0.06201982908737788
train_median,test,2024-02,country_my,country_de,0.024290142464517436,0.06201982908737788
train_median,test,2024-03,country_my,country_de,-0.12750228136409764,0.06201982908737788
train_median,test,2024-04,country_my,country_de,-0.10124247723049734,0.06201982908737788
train_median,test,2024-05,country_my,country_de,-0.08883766252259101,0.06201982908737788
train_median,test,2024-06,country_my,country_de,-0.07728375347442114,0.06201982908737788
train_median,test,2024-07,country_my,country_de,-0.10454496525834173,0.06201982908737788
train_median,test,2024-08,country_my,country_de,0.020605402474474323,0.06201982908737788
train_median,test,2024-09,country_my,country_de,0.03088978016291247,0.06201982908737788
train_median,test,2024-10,country_my,country_de,-0.11701851649182542,0.06201982908737788
train_median,test,2024-11,country_my,country_de,-0.17268981724652044,0.06201982908737788
train_median,test,2024-01,country_my,country_fr,-0.14521306000261996,0.06201982908737788
train_median,test,2024-02,country_my,country_fr,-0.13453810847731598,0.06201982908737788
train_median,test,2024-03,country_my,country_fr,-0.2977103187462586,0.06201982908737788
train_median,test,2024-04,country_my,country_fr,-0.29201254838990653,0.06201982908737788
train_median,test,2024-05,country_my,country_fr,-0.30025617903385937,0.06201982908737788
train_median,test,2024-06,country_my,country_fr,-0.2530487790945437,0.06201982908737788
train_median,test,2024-07,country_my,country_fr,0.00673171308540094,0.06201982908737788
train_median,test,2024-08,country_my,country_fr,-0.33227857966504615,0.06201982908737788
train_median,test,2024-09,country_my,country_fr,-0.2673868136232244,0.06201982908737788
train_median,test,2024-10,country_my,country_fr,-0.24669650356100956,0.06201982908737788
train_median,test,2024-11,country_my,country_fr,-0.32085525212844707,0.06201982908737788
train_median,test,2024-01,country_my,country_gb,-0.21504985669882726,0.06201982908737788
train_median,test,2024-02,country_my,country_gb,-0.3119360784199547,0.06201982908737788
train_median,test,2024-03,country_my,country_gb,-0.3607162374824996,0.06201982908737788
train_median,test,2024-04,country_my,country_gb,-0.3001875444783358,0.06201982908737788
train_median,test,2024-05,country_my,country_gb,-0.1251898875146834,0.06201982908737788
train_median,test,2024-06,country_my,country_gb,-0.13141080004840205,0.06201982908737788
train_median,test,2024-07,country_my,country_gb,-0.17876609626279721,0.06201982908737788
train_median,test,2024-08,country_my,country_gb,-0.0014474562423669108,0.06201982908737788
train_median,test,2024-09,country_my,country_gb,-0.05188106226493773,0.06201982908737788
train_median,test,2024-10,country_my,country_gb,0.11202432633903364,0.06201982908737788
train_median,test,2024-11,country_my,country_gb,-0.02730132348079106,0.06201982908737788
train_median,test,2024-01,country_my,country_in,-0.3258040878097959,0.06201982908737788
train_median,test,2024-02,country_my,country_in,-0.48680478425393703,0.06201982908737788
train_median,test,2024-03,country_my,country_in,-0.5083158571708964,0.06201982908737788
train_median,test,2024-04,country_my,country_in,-0.5505704696252961,0.06201982908737788
train_median,test,2024-05,country_my,country_in,-0.431477955097966,0.06201982908737788
train_median,test,2024-06,country_my,country_in,-0.29904850451702647,0.06201982908737788
train_median,test,2024-07,country_my,country_in,-0.31311270387381335,0.06201982908737788
train_median,test,2024-08,country_my,country_in,-0.19419565065221636,0.06201982908737788
train_median,test,2024-09,country_my,country_in,-0.06435488370923084,0.06201982908737788
train_median,test,2024-10,country_my,country_in,0.03154892674106972,0.06201982908737788
train_median,test,2024-11,country_my,country_in,0.1349993573853774,0.06201982908737788
train_median,test,2024-01,country_my,country_jp,-0.06614665424475319,0.06201982908737788
train_median,test,2024-02,country_my,country_jp,-0.06389587038849272,0.06201982908737788
train_median,test,2024-03,country_my,country_jp,0.17936732176845654,0.06201982908737788
train_median,test,2024-04,country_my,country_jp,-0.12248481930374233,0.06201982908737788
train_median,test,2024-05,country_my,country_jp,-0.0007202120027408432,0.06201982908737788
train_median,test,2024-06,country_my,country_jp,0.1554591897469934,0.06201982908737788
train_median,test,2024-07,country_my,country_jp,-0.024653884138870867,0.06201982908737788
train_median,test,2024-08,country_my,country_jp,0.0719206089694597,0.06201982908737788
train_median,test,2024-09,country_my,country_jp,-0.0063738212539317185,0.06201982908737788
train_median,test,2024-10,country_my,country_jp,-0.11533096925706218,0.06201982908737788
train_median,test,2024-11,country_my,country_jp,-0.03318368774535392,0.06201982908737788
train_median,test,2024-01,country_my,country_kr,-0.13745191416550287,0.06201982908737788
train_median,test,2024-02,country_my,country_kr,-0.08452413572004464,0.06201982908737788
train_median,test,2024-03,country_my,country_kr,-0.09002825385043199,0.06201982908737788
train_median,test,2024-04,country_my,country_kr,-0.14362135261757908,0.06201982908737788
train_median,test,2024-05,country_my,country_kr,-0.16740369532303936,0.06201982908737788
train_median,test,2024-06,country_my,country_kr,-0.09644310525453385,0.06201982908737788
train_median,test,2024-07,country_my,country_kr,0.022735644076536148,0.06201982908737788
train_median,test,2024-08,country_my,country_kr,0.3443531779459769,0.06201982908737788
train_median,test,2024-09,country_my,country_kr,0.02306675264209164,0.06201982908737788
train_median,test,2024-10,country_my,country_kr,0.04993014322901186,0.06201982908737788
train_median,test,2024-11,country_my,country_kr,-0.09156631669518076,0.06201982908737788
train_median,test,2024-01,country_my,country_mx,0.05440316950992212,0.06201982908737788
train_median,test,2024-02,country_my,country_mx,-0.43560574355162096,0.06201982908737788
train_median,test,2024-03,country_my,country_mx,0.06072797475675931,0.06201982908737788
train_median,test,2024-04,country_my,country_mx,-0.08128262924319445,0.06201982908737788
train_median,test,2024-05,country_my,country_mx,0.29242837428097146,0.06201982908737788
train_median,test,2024-06,country_my,country_mx,0.270224219610963,0.06201982908737788
train_median,test,2024-07,country_my,country_mx,0.07758062545668101,0.06201982908737788
train_median,test,2024-08,country_my,country_mx,0.05134274408150763,0.06201982908737788
train_median,test,2024-09,country_my,country_mx,0.07793737336650436,0.06201982908737788
train_median,test,2024-10,country_my,country_mx,-0.23063272330525666,0.06201982908737788
train_median,test,2024-11,country_my,country_mx,-0.2242808747262224,0.06201982908737788
train_median,test,2024-01,country_my,country_ph,-0.3559827284942242,0.06201982908737788
train_median,test,2024-02,country_my,country_ph,-0.2255737839082807,0.06201982908737788
train_median,test,2024-03,country_my,country_ph,-0.47086713845389816,0.06201982908737788
train_median,test,2024-04,country_my,country_ph,-0.038127040500547826,0.06201982908737788
train_median,test,2024-05,country_my,country_ph,-0.0932572393099576,0.06201982908737788
train_median,test,2024-06,country_my,country_ph,-0.022463246811158587,0.06201982908737788
train_median,test,2024-07,country_my,country_ph,-0.13887810182055402,0.06201982908737788
train_median,test,2024-08,country_my,country_ph,-0.1860740725274948,0.06201982908737788
train_median,test,2024-09,country_my,country_ph,0.2885136106563004,0.06201982908737788
train_median,test,2024-10,country_my,country_ph,0.14272874112259126,0.06201982908737788
train_median,test,2024-11,country_my,country_ph,0.06713429594929395,0.06201982908737788
train_median,test,2024-01,country_my,country_sg,-0.09557733813320526,0.06201982908737788
train_median,test,2024-02,country_my,country_sg,0.06122669090273402,0.06201982908737788
train_median,test,2024-03,country_my,country_sg,0.1687219878504164,0.06201982908737788
train_median,test,2024-04,country_my,country_sg,0.5526148233684545,0.06201982908737788
train_median,test,2024-05,country_my,country_sg,0.07015125161445095,0.06201982908737788
train_median,test,2024-06,country_my,country_sg,0.008319328123226138,0.06201982908737788
train_median,test,2024-07,country_my,country_sg,-0.0006408385628940993,0.06201982908737788
train_median,test,2024-08,country_my,country_sg,0.09783616941699186,0.06201982908737788
train_median,test,2024-09,country_my,country_sg,0.16392857550514234,0.06201982908737788
train_median,test,2024-10,country_my,country_sg,-0.09105556446068305,0.06201982908737788
train_median,test,2024-11,country_my,country_sg,0.23767659169851332,0.06201982908737788
train_median,test,2024-01,country_my,country_th,0.063292093018519,0.06201982908737788
train_median,test,2024-02,country_my,country_th,0.48369376451136953,0.06201982908737788
train_median,test,2024-03,country_my,country_th,-0.07600632759375524,0.06201982908737788
train_median,test,2024-04,country_my,country_th,0.741570102098838,0.06201982908737788
train_median,test,2024-05,country_my,country_th,0.345157705596051,0.06201982908737788
train_median,test,2024-06,country_my,country_th,0.15321255875916676,0.06201982908737788
train_median,test,2024-07,country_my,country_th,0.054299261278081955,0.06201982908737788
train_median,test,2024-08,country_my,country_th,-0.029896096031242714,0.06201982908737788
train_median,test,2024-09,country_my,country_th,-0.04600088921114061,0.06201982908737788
train_median,test,2024-10,country_my,country_th,0.1445223521853373,0.06201982908737788
train_median,test,2024-11,country_my,country_th,1.2857296588160518,0.06201982908737788
train_median,test,2024-01,country_my,country_us,-0.23651285400517022,0.06201982908737788
train_median,test,2024-02,country_my,country_us,0.18585649093831547,0.06201982908737788
train_median,test,2024-03,country_my,country_us,0.07038004886214722,0.06201982908737788
train_median,test,2024-04,country_my,country_us,-0.021130361876841024,0.06201982908737788
train_median,test,2024-05,country_my,country_us,0.028309432249201086,0.06201982908737788
train_median,test,2024-06,country_my,country_us,0.06294998244779867,0.06201982908737788
train_median,test,2024-07,country_my,country_us,-0.2010977926317989,0.06201982908737788
train_median,test,2024-08,country_my,country_us,0.2287083885665541,0.06201982908737788
train_median,test,2024-09,country_my,country_us,-0.1732387211135431,0.06201982908737788
train_median,test,2024-10,country_my,country_us,-0.2863863275386676,0.06201982908737788
train_median,test,2024-11,country_my,country_us,-0.036128983588667465,0.06201982908737788
train_median,test,2024-01,country_ph,country_203,-0.28264315447739785,0.06201982908737788
train_median,test,2024-02,country_ph,country_203,-0.07847958157492595,0.06201982908737788
train_median,test,2024-03,country_ph,country_203,0.09600183253304787,0.06201982908737788
train_median,test,2024-04,country_ph,country_203,-0.14873298596178744,0.06201982908737788
train_median,test,2024-05,country_ph,country_203,0.007116131006726535,0.06201982908737788
train_median,test,2024-06,country_ph,country_203,-0.024584485958827295,0.06201982908737788
train_median,test,2024-07,country_ph,country_203,-0.0030287770843526107,0.06201982908737788
train_median,test,2024-08,country_ph,country_203,0.13456637740895194,0.06201982908737788
train_median,test,2024-09,country_ph,country_203,0.4964449642174256,0.06201982908737788
train_median,test,2024-10,country_ph,country_203,0.14411990339075062,0.06201982908737788
train_median,test,2024-11,country_ph,country_203,-0.049462565936466134,0.06201982908737788
train_median,test,2024-01,country_ph,country_344,-0.2979384135670894,0.06201982908737788
train_median,test,2024-02,country_ph,country_344,-0.17655633808044013,0.06201982908737788
train_median,test,2024-03,country_ph,country_344,-0.28211434430178534,0.06201982908737788
train_median,test,2024-04,country_ph,country_344,-0.15762707578455332,0.06201982908737788
train_median,test,2024-05,country_ph,country_344,0.048221223027189224,0.06201982908737788
train_median,test,2024-06,country_ph,country_344,-0.1527652091055038,0.06201982908737788
train_median,test,2024-07,country_ph,country_344,0.041945892194491026,0.06201982908737788
train_median,test,2024-08,country_ph,country_344,0.18448537508309643,0.06201982908737788
train_median,test,2024-09,country_ph,country_344,0.12223378980888405,0.06201982908737788
train_median,test,2024-10,country_ph,country_344,0.0916875934317047,0.06201982908737788
train_median,test,2024-11,country_ph,country_344,0.15745666324118562,0.06201982908737788
train_median,test,2024-01,country_ph,country_372,1.3984113758503982,0.06201982908737788
train_median,test,2024-02,country_ph,country_372,0.2760332397871783,0.06201982908737788
train_median,test,2024-03,country_ph,country_372,0.06963491404062878,0.06201982908737788
train_median,test,2024-04,country_ph,country_372,-0.2257674425506981,0.06201982908737788
train_median,test,2024-05,country_ph,country_372,-0.23433762732500565,0.06201982908737788
train_median,test,2024-06,country_ph,country_372,0.07074344682848048,0.06201982908737788
train_median,test,2024-07,country_ph,country_372,-0.11268549404445431,0.06201982908737788
train_median,test,2024-08,country_ph,country_372,-0.22013385245945538,0.06201982908737788
train_median,test,2024-09,country_ph,country_372,0.015643110776623993,0.06201982908737788
train_median,test,2024-10,country_ph,country_372,1.3096654163948422,0.06201982908737788
train_median,test,2024-11,country_ph,country_372,0.016173026920606532,0.06201982908737788
train_median,test,2024-01,country_ph,country_380,-0.4038579085961918,0.06201982908737788
train_median,test,2024-02,country_ph,country_380,-0.20835461954654708,0.06201982908737788
train_median,test,2024-03,country_ph,country_380,-0.3418561972744817,0.06201982908737788
train_median,test,2024-04,country_ph,country_380,-0.43884213066105077,0.06201982908737788
train_median,test,2024-05,country_ph,country_380,-0.2506815681216921,0.06201982908737788
train_median,test,2024-06,country_ph,country_380,-0.33234179279121745,0.06201982908737788
train_median,test,2024-07,country_ph,country_380,-0.41127377260061937,0.06201982908737788
train_median,test,2024-08,country_ph,country_380,-0.019226344821189758,0.06201982908737788
train_median,test,2024-09,country_ph,country_380,-0.15990283192605076,0.06201982908737788
train_median,test,2024-10,country_ph,country_380,-0.22093272341230102,0.06201982908737788
train_median,test,2024-11,country_ph,country_380,-0.03299655231511444,0.06201982908737788
train_median,test,2024-01,country_ph,country_cn,-0.33081231096837255,0.06201982908737788
train_median,test,2024-02,country_ph,country_cn,-0.12265327877617375,0.06201982908737788
train_median,test,2024-03,country_ph,country_cn,-0.07504185935629032,0.06201982908737788
train_median,test,2024-04,country_ph,country_cn,-0.13793432840934694,0.06201982908737788
train_median,test,2024-05,country_ph,country_cn,-0.07307740795734596,0.06201982908737788
train_median,test,2024-06,country_ph,country_cn,0.005276943044057227,0.06201982908737788
train_median,test,2024-07,country_ph,country_cn,-0.03032847391974543,0.06201982908737788
train_median,test,2024-08,country_ph,country_cn,0.11486739162967088,0.06201982908737788
train_median,test,2024-09,country_ph,country_cn,0.0268322226332672,0.06201982908737788
train_median,test,2024-10,country_ph,country_cn,0.020820436072865295,0.06201982908737788
train_median,test,2024-11,country_ph,country_cn,0.18049470223639413,0.06201982908737788
train_median,test,2024-01,country_ph,country_de,-0.2465915355903274,0.06201982908737788
train_median,test,2024-02,country_ph,country_de,-0.11050688805325676,0.06201982908737788
train_median,test,2024-03,country_ph,country_de,-0.21088438698915415,0.06201982908737788
train_median,test,2024-04,country_ph,country_de,-0.12426887805124337,0.06201982908737788
train_median,test,2024-05,country_ph,country_de,-0.06240930277459027,0.06201982908737788
train_median,test,2024-06,country_ph,country_de,-0.12024002944121046,0.06201982908737788
train_median,test,2024-07,country_ph,country_de,-0.16125637047100527,0.06201982908737788
train_median,test,2024-08,country_ph,country_de,-0.0014017944850885605,0.06201982908737788
train_median,test,2024-09,country_ph,country_de,-0.127406904209861,0.06201982908737788
train_median,test,2024-10,country_ph,country_de,-0.06076889198400312,0.06201982908737788
train_median,test,2024-11,country_ph,country_de,-0.07929003971209023,0.06201982908737788
train_median,test,2024-01,country_ph,country_fr,-0.2842963138228164,0.06201982908737788
train_median,test,2024-02,country_ph,country_fr,-0.44711864033737986,0.06201982908737788
train_median,test,2024-03,country_ph,country_fr,-0.6383777179523734,0.06201982908737788
train_median,test,2024-04,country_ph,country_fr,-0.6548401700411812,0.06201982908737788
train_median,test,2024-05,country_ph,country_fr,-0.4888778451378052,0.06201982908737788
train_median,test,2024-06,country_ph,country_fr,-0.5925777488951529,0.06201982908737788
train_median,test,2024-07,country_ph,country_fr,-0.6843891183232784,0.06201982908737788
train_median,test,2024-08,country_ph,country_fr,-0.2872714264683735,0.06201982908737788
train_median,test,2024-09,country_ph,country_fr,-0.3396471910077609,0.06201982908737788
train_median,test,2024-10,country_ph,country_fr,-0.23114062338070582,0.06201982908737788
train_median,test,2024-11,country_ph,country_fr,-0.15786845655054232,0.06201982908737788
train_median,test,2024-01,country_ph,country_gb,-0.327512328122509,0.06201982908737788
train_median,test,2024-02,country_ph,country_gb,-0.3731829159427972,0.06201982908737788
train_median,test,2024-03,country_ph,country_gb,-0.1945991492603269,0.06201982908737788
train_median,test,2024-04,country_ph,country_gb,-0.40749927287734367,0.06201982908737788
train_median,test,2024-05,country_ph,country_gb,-0.10920458591982067,0.06201982908737788
train_median,test,2024-06,country_ph,country_gb,-0.058298654797907336,0.06201982908737788
train_median,test,2024-07,country_ph,country_gb,-0.22726032966696202,0.06201982908737788
train_median,test,2024-08,country_ph,country_gb,-0.10804294342537614,0.06201982908737788
train_median,test,2024-09,country_ph,country_gb,-0.12114819194929569,0.06201982908737788
train_median,test,2024-10,country_ph,country_gb,-0.1257897051599664,0.06201982908737788
train_median,test,2024-11,country_ph,country_gb,-0.056858183482464464,0.06201982908737788
train_median,test,2024-01,country_ph,country_in,-0.06641214750373897,0.06201982908737788
train_median,test,2024-02,country_ph,country_in,0.6636167070244372,0.06201982908737788
train_median,test,2024-03,country_ph,country_in,0.014138331314480689,0.06201982908737788
train_median,test,2024-04,country_ph,country_in,-0.3025845558475299,0.06201982908737788
train_median,test,2024-05,country_ph,country_in,-0.12458948238233916,0.06201982908737788
train_median,test,2024-06,country_ph,country_in,-0.1403360386867514,0.06201982908737788
train_median,test,2024-07,country_ph,country_in,-0.3114327368641785,0.06201982908737788
train_median,test,2024-08,country_ph,country_in,-0.26615660317143713,0.06201982908737788
train_median,test,2024-09,country_ph,country_in,0.5769813341301561,0.06201982908737788
train_median,test,2024-10,country_ph,country_in,0.22811587804914765,0.06201982908737788
train_median,test,2024-11,country_ph,country_in,1.0340419089946158,0.06201982908737788
train_median,test,2024-01,country_ph,country_jp,-0.17412786710071249,0.06201982908737788
train_median,test,2024-02,country_ph,country_jp,-0.08207089586609315,0.06201982908737788
train_median,test,2024-03,country_ph,country_jp,-0.14520219570287426,0.06201982908737788
train_median,test,2024-04,country_ph,country_jp,0.02719313117371393,0.06201982908737788
train_median,test,2024-05,country_ph,country_jp,-0.02643869534833068,0.06201982908737788
train_median,test,2024-06,country_ph,country_jp,0.045938273742747185,0.06201982908737788
train_median,test,2024-07,country_ph,country_jp,-0.0009577742667343444,0.06201982908737788
train_median,test,2024-08,country_ph,country_jp,0.13277992481735756,0.06201982908737788
train_median,test,2024-09,country_ph,country_jp,-0.004155123227878157,0.06201982908737788
train_median,test,2024-10,country_ph,country_jp,0.04491953560250391,0.06201982908737788
train_median,test,2024-11,country_ph,country_jp,-0.11164256902042362,0.06201982908737788
train_median,test,2024-01,country_ph,country_kr,-0.2599558291794837,0.06201982908737788
train_median,test,2024-02,country_ph,country_kr,-0.04830723685725155,0.06201982908737788
train_median,test,2024-03,country_ph,country_kr,0.07589757080751922,0.06201982908737788
train_median,test,2024-04,country_ph,country_kr,-0.033183447730700436,0.06201982908737788
train_median,test,2024-05,country_ph,country_kr,-0.1577143172370275,0.06201982908737788
train_median,test,2024-06,country_ph,country_kr,-0.13593826727367608,0.06201982908737788
train_median,test,2024-07,country_ph,country_kr,-0.17672186936758078,0.06201982908737788
train_median,test,2024-08,country_ph,country_kr,0.04881808485460752,0.06201982908737788
train_median,test,2024-09,country_ph,country_kr,0.012121383158852911,0.06201982908737788
train_median,test,2024-10,country_ph,country_kr,-0.19809489137487382,0.06201982908737788
train_median,test,2024-11,country_ph,country_kr,-0.06755846890340446,0.06201982908737788
train_median,test,2024-01,country_ph,country_mx,-0.20540623806960984,0.06201982908737788
train_median,test,2024-02,country_ph,country_mx,-0.2734178747565743,0.06201982908737788
train_median,test,2024-03,country_ph,country_mx,-0.13394401318076246,0.06201982908737788
train_median,test,2024-04,country_ph,country_mx,-0.14485183379545943,0.06201982908737788
train_median,test,2024-05,country_ph,country_mx,-0.2730688548277658,0.06201982908737788
train_median,test,2024-06,country_ph,country_mx,-0.02103487554493039,0.06201982908737788
train_median,test,2024-07,country_ph,country_mx,-0.04673842505474293,0.06201982908737788
train_median,test,2024-08,country_ph,country_mx,0.0014692526346296458,0.06201982908737788
train_median,test,2024-09,country_ph,country_mx,0.06989019064945276,0.06201982908737788
train_median,test,2024-10,country_ph,country_mx,0.030856143401435446,0.06201982908737788
train_median,test,2024-11,country_ph,country_mx,-0.10232606293733928,0.06201982908737788
train_median,test,2024-01,country_ph,country_my,-0.2172017738397548,0.06201982908737788
train_median,test,2024-02,country_ph,country_my,-0.2106111798369695,0.06201982908737788
train_median,test,2024-03,country_ph,country_my,-0.10984051322845716,0.06201982908737788
train_median,test,2024-04,country_ph,country_my,-0.12372570225636378,0.06201982908737788
train_median,test,2024-05,country_ph,country_my,-0.19437562376989276,0.06201982908737788
train_median,test,2024-06,country_ph,country_my,0.1282945607535443,0.06201982908737788
train_median,test,2024-07,country_ph,country_my,-0.08740088988599078,0.06201982908737788
train_median,test,2024-08,country_ph,country_my,-0.0828741901898419,0.06201982908737788
train_median,test,2024-09,country_ph,country_my,-0.0422986888587999,0.06201982908737788
train_median,test,2024-10,country_ph,country_my,0.09529977609980154,0.06201982908737788
train_median,test,2024-11,country_ph,country_my,-0.08388987442887348,0.06201982908737788
train_median,test,2024-01,country_ph,country_sg,-0.2542811862570584,0.06201982908737788
train_median,test,2024-02,country_ph,country_sg,-0.06024716475590973,0.06201982908737788
train_median,test,2024-03,country_ph,country_sg,-0.24574858576206457,0.06201982908737788
train_median,test,2024-04,country_ph,country_sg,-0.20473936314520375,0.06201982908737788
train_median,test,2024-05,country_ph,country_sg,-0.13890175114793932,0.06201982908737788
train_median,test,2024-06,country_ph,country_sg,-0.1596509716944687,0.06201982908737788
train_median,test,2024-07,country_ph,country_sg,-0.04389125839819152,0.06201982908737788
train_median,test,2024-08,country_ph,country_sg,-0.02770128917062816,0.06201982908737788
train_median,test,2024-09,country_ph,country_sg,-0.034090195491272506,0.06201982908737788
train_median,test,2024-10,country_ph,country_sg,0.13184037984389685,0.06201982908737788
train_median,test,2024-11,country_ph,country_sg,0.6873151603628097,0.06201982908737788
train_median,test,2024-01,country_ph,country_th,-0.02251894173553912,0.06201982908737788
train_median,test,2024-02,country_ph,country_th,-0.003817982027647499,0.06201982908737788
train_median,test,2024-03,country_ph,country_th,0.026510812330262243,0.06201982908737788
train_median,test,2024-04,country_ph,country_th,0.1138083513580515,0.06201982908737788
train_median,test,2024-05,country_ph,country_th,0.24498186537899627,0.06201982908737788
train_median,test,2024-06,country_ph,country_th,0.16898297565726683,0.06201982908737788
train_median,test,2024-07,country_ph,country_th,0.04248831825520379,0.06201982908737788
train_median,test,2024-08,country_ph,country_th,0.1696226552376319,0.06201982908737788
train_median,test,2024-09,country_ph,country_th,0.12473998643940817,0.06201982908737788
train_median,test,2024-10,country_ph,country_th,-0.029621821273917628,0.06201982908737788
train_median,test,2024-11,country_ph,country_th,-0.09198268455568619,0.06201982908737788
train_median,test,2024-01,country_ph,country_us,-0.18116631013292783,0.06201982908737788
train_median,test,2024-02,country_ph,country_us,-0.21657882855201718,0.06201982908737788
train_median,test,2024-03,country_ph,country_us,-0.3043524927926207,0.06201982908737788
train_median,test,2024-04,country_ph,country_us,-0.20198306862406903,0.06201982908737788
train_median,test,2024-05,country_ph,country_us,-0.011863736402052865,0.06201982908737788
train_median,test,2024-06,country_ph,country_us,-0.2182183661929775,0.06201982908737788
train_median,test,2024-07,country_ph,country_us,-0.20988434417124469,0.06201982908737788
train_median,test,2024-08,country_ph,country_us,-0.033739186613046326,0.06201982908737788
train_median,test,2024-09,country_ph,country_us,-0.14310504620324427,0.06201982908737788
train_median,test,2024-10,country_ph,country_us,-0.08140855508840529,0.06201982908737788
train_median,test,2024-11,country_ph,country_us,-0.054902159946739165,0.06201982908737788
train_median,test,2024-01,country_sg,country_203,-0.32493209109448634,0.06201982908737788
train_median,test,2024-02,country_sg,country_203,-0.6484028309919427,0.06201982908737788
train_median,test,2024-03,country_sg,country_203,-0.19457911977883857,0.06201982908737788
train_median,test,2024-04,country_sg,country_203,0.0907298930994271,0.06201982908737788
train_median,test,2024-05,country_sg,country_203,-0.40669595589058516,0.06201982908737788
train_median,test,2024-06,country_sg,country_203,0.3912322124121528,0.06201982908737788
train_median,test,2024-07,country_sg,country_203,-0.4413084684148028,0.06201982908737788
train_median,test,2024-08,country_sg,country_203,-0.46211070129108894,0.06201982908737788
train_median,test,2024-09,country_sg,country_203,0.3296621311406987,0.06201982908737788
train_median,test,2024-10,country_sg,country_203,-0.37523477607579614,0.06201982908737788
train_median,test,2024-11,country_sg,country_203,-0.5400952689256353,0.06201982908737788
train_median,test,2024-01,country_sg,country_344,-0.05333274837893967,0.06201982908737788
train_median,test,2024-02,country_sg,country_344,0.1467612613011355,0.06201982908737788
train_median,test,2024-03,country_sg,country_344,0.15716232292303575,0.06201982908737788
train_median,test,2024-04,country_sg,country_344,0.10383009973645412,0.06201982908737788
train_median,test,2024-05,country_sg,country_344,-0.02532212276300372,0.06201982908737788
train_median,test,2024-06,country_sg,country_344,-0.043714055940724694,0.06201982908737788
train_median,test,2024-07,country_sg,country_344,0.17186283153964604,0.06201982908737788
train_median,test,2024-08,country_sg,country_344,0.04390385972655486,0.06201982908737788
train_median,test,2024-09,country_sg,country_344,0.20867994707537701,0.06201982908737788
train_median,test,2024-10,country_sg,country_344,0.4569800541368034,0.06201982908737788
train_median,test,2024-11,country_sg,country_344,0.10183292411802584,0.06201982908737788
train_median,test,2024-01,country_sg,country_372,-0.22399027887656495,0.06201982908737788
train_median,test,2024-02,country_sg,country_372,0.4594993027294644,0.06201982908737788
train_median,test,2024-03,country_sg,country_372,-0.14158281704107656,0.06201982908737788
train_median,test,2024-04,country_sg,country_372,-0.08100327682156928,0.06201982908737788
train_median,test,2024-05,country_sg,country_372,-0.10573209523389908,0.06201982908737788
train_median,test,2024-06,country_sg,country_372,0.6206684325517292,0.06201982908737788
train_median,test,2024-07,country_sg,country_372,-0.2581065404646697,0.06201982908737788
train_median,test,2024-08,country_sg,country_372,-0.5364732619157818,0.06201982908737788
train_median,test,2024-09,country_sg,country_372,0.7916179733696856,0.06201982908737788
train_median,test,2024-10,country_sg,country_372,-0.15665167210677453,0.06201982908737788
train_median,test,2024-11,country_sg,country_372,0.2481280360910451,0.06201982908737788
train_median,test,2024-01,country_sg,country_380,0.6803732836735532,0.06201982908737788
train_median,test,2024-02,country_sg,country_380,0.5174687448080384,0.06201982908737788
train_median,test,2024-03,country_sg,country_380,-0.23194164540139817,0.06201982908737788
train_median,test,2024-04,country_sg,country_380,0.7551226530079672,0.06201982908737788
train_median,test,2024-05,country_sg,country_380,0.7491636410966576,0.06201982908737788
train_median,test,2024-06,country_sg,country_380,0.2013168344694568,0.06201982908737788
train_median,test,2024-07,country_sg,country_380,-0.09613969729069527,0.06201982908737788
train_median,test,2024-08,country_sg,country_380,-0.1904762118783236,0.06201982908737788
train_median,test,2024-09,country_sg,country_380,-0.0673607015007834,0.06201982908737788
train_median,test,2024-10,country_sg,country_380,-0.24109762459890108,0.06201982908737788
train_median,test,2024-11,country_sg,country_380,-0.33210208457105517,0.06201982908737788
train_median,test,2024-01,country_sg,country_cn,-0.18144911961323346,0.06201982908737788
train_median,test,2024-02,country_sg,country_cn,0.018979125838224885,0.06201982908737788
train_median,test,2024-03,country_sg,country_cn,0.13625796906512758,0.06201982908737788
train_median,test,2024-04,country_sg,country_cn,0.08636423944509676,0.06201982908737788
train_median,test,2024-05,country_sg,country_cn,0.20632286948348982,0.06201982908737788
train_median,test,2024-06,country_sg,country_cn,0.176619495806978,0.06201982908737788
train_median,test,2024-07,country_sg,country_cn,0.22936978685470014,0.06201982908737788
train_median,test,2024-08,country_sg,country_cn,0.36254756673361016,0.06201982908737788
train_median,test,2024-09,country_sg,country_cn,0.10843356650918522,0.06201982908737788
train_median,test,2024-10,country_sg,country_cn,0.062091200669693376,0.06201982908737788
train_median,test,2024-11,country_sg,country_cn,0.21705509846933932,0.06201982908737788
train_median,test,2024-01,country_sg,country_de,0.1100641562550964,0.06201982908737788
train_median,test,2024-02,country_sg,country_de,-0.048330231894011956,0.06201982908737788
train_median,test,2024-03,country_sg,country_de,0.4588372099063976,0.06201982908737788
train_median,test,2024-04,country_sg,country_de,0.2540549987258386,0.06201982908737788
train_median,test,2024-05,country_sg,country_de,0.15320811951969296,0.06201982908737788
train_median,test,2024-06,country_sg,country_de,0.2999866696305336,0.06201982908737788
train_median,test,2024-07,country_sg,country_de,0.2001380360014004,0.06201982908737788
train_median,test,2024-08,country_sg,country_de,-0.24832507625415645,0.06201982908737788
train_median,test,2024-09,country_sg,country_de,-0.08069052803418393,0.06201982908737788
train_median,test,2024-10,country_sg,country_de,-0.4058247902949254,0.06201982908737788
train_median,test,2024-11,country_sg,country_de,-0.460501081930596,0.06201982908737788
train_median,test,2024-01,country_sg,country_fr,-0.2866798652127915,0.06201982908737788
train_median,test,2024-02,country_sg,country_fr,-0.16049377659941222,0.06201982908737788
train_median,test,2024-03,country_sg,country_fr,0.07869335854637183,0.06201982908737788
train_median,test,2024-04,country_sg,country_fr,0.15469517787268486,0.06201982908737788
train_median,test,2024-05,country_sg,country_fr,0.9514270070103998,0.06201982908737788
train_median,test,2024-06,country_sg,country_fr,0.4994511124174335,0.06201982908737788
train_median,test,2024-07,country_sg,country_fr,-0.21140037087995264,0.06201982908737788
train_median,test,2024-08,country_sg,country_fr,-0.20350967961069036,0.06201982908737788
train_median,test,2024-09,country_sg,country_fr,-0.25440232352327563,0.06201982908737788
train_median,test,2024-10,country_sg,country_fr,0.24479556847048767,0.06201982908737788
train_median,test,2024-11,country_sg,country_fr,-0.6205970767212479,0.06201982908737788
train_median,test,2024-01,country_sg,country_gb,-0.3469772092769645,0.06201982908737788
train_median,test,2024-02,country_sg,country_gb,-0.4490978442998631,0.06201982908737788
train_median,test,2024-03,country_sg,country_gb,-0.14386809744873413,0.06201982908737788
train_median,test,2024-04,country_sg,country_gb,-0.23519705312982916,0.06201982908737788
train_median,test,2024-05,country_sg,country_gb,0.20653709617731997,0.06201982908737788
train_median,test,2024-06,country_sg,country_gb,-0.27355052526562074,0.06201982908737788
train_median,test,2024-07,country_sg,country_gb,0.025488902387353983,0.06201982908737788
train_median,test,2024-08,country_sg,country_gb,-0.42679815713536323,0.06201982908737788
train_median,test,2024-09,country_sg,country_gb,-0.09809010412987859,0.06201982908737788
train_median,test,2024-10,country_sg,country_gb,-0.19045449095710215,0.06201982908737788
train_median,test,2024-11,country_sg,country_gb,0.2571282096697348,0.06201982908737788
train_median,test,2024-01,country_sg,country_in,-0.005976264821878624,0.06201982908737788
train_median,test,2024-02,country_sg,country_in,-0.1821784334278785,0.06201982908737788
train_median,test,2024-03,country_sg,country_in,-0.1633629412487869,0.06201982908737788
train_median,test,2024-04,country_sg,country_in,-0.14988763873228686,0.06201982908737788
train_median,test,2024-05,country_sg,country_in,-0.21674839005707772,0.06201982908737788
train_median,test,2024-06,country_sg,country_in,-0.1296721038588489,0.06201982908737788
train_median,test,2024-07,country_sg,country_in,-0.15187798069495756,0.06201982908737788
train_median,test,2024-08,country_sg,country_in,-0.01313740717930684,0.06201982908737788
train_median,test,2024-09,country_sg,country_in,0.5863727807531488,0.06201982908737788
train_median,test,2024-10,country_sg,country_in,0.5996420325010356,0.06201982908737788
train_median,test,2024-11,country_sg,country_in,0.4287907604755592,0.06201982908737788
train_median,test,2024-01,country_sg,country_jp,-0.24678258416258927,0.06201982908737788
train_median,test,2024-02,country_sg,country_jp,0.11678770178391595,0.06201982908737788
train_median,test,2024-03,country_sg,country_jp,-0.27832461586957424,0.06201982908737788
train_median,test,2024-04,country_sg,country_jp,-0.038659713469094026,0.06201982908737788
train_median,test,2024-05,country_sg,country_jp,-0.08222175558392057,0.06201982908737788
train_median,test,2024-06,country_sg,country_jp,-0.06456052727245205,0.06201982908737788
train_median,test,2024-07,country_sg,country_jp,-0.25645214215977047,0.06201982908737788
train_median,test,2024-08,country_sg,country_jp,-0.2838474097232029,0.06201982908737788
train_median,test,2024-09,country_sg,country_jp,0.09691678351232615,0.06201982908737788
train_median,test,2024-10,country_sg,country_jp,-0.08463538682386289,0.06201982908737788
train_median,test,2024-11,country_sg,country_jp,0.12430434322730097,0.06201982908737788
train_median,test,2024-01,country_sg,country_kr,-0.14514009046038312,0.06201982908737788
train_median,test,2024-02,country_sg,country_kr,-0.1265676676516781,0.06201982908737788
train_median,test,2024-03,country_sg,country_kr,-0.33725841904413395,0.06201982908737788
train_median,test,2024-04,country_sg,country_kr,0.08162372248326402,0.06201982908737788
train_median,test,2024-05,country_sg,country_kr,-0.1726545439436344,0.06201982908737788
train_median,test,2024-06,country_sg,country_kr,0.0039513305250802174,0.06201982908737788
train_median,test,2024-07,country_sg,country_kr,0.2225920562258451,0.06201982908737788
train_median,test,2024-08,country_sg,country_kr,0.046648161378259216,0.06201982908737788
train_median,test,2024-09,country_sg,country_kr,0.6382939294574603,0.06201982908737788
train_median,test,2024-10,country_sg,country_kr,-0.11753628378722605,0.06201982908737788
train_median,test,2024-11,country_sg,country_kr,0.11070867814182607,0.06201982908737788
train_median,test,2024-01,country_sg,country_mx,-0.34214287837402046,0.06201982908737788
train_median,test,2024-02,country_sg,country_mx,-0.2830309634497284,0.06201982908737788
train_median,test,2024-03,country_sg,country_mx,-0.11286688657416906,0.06201982908737788
train_median,test,2024-04,country_sg,country_mx,-0.014027161460601383,0.06201982908737788
train_median,test,2024-05,country_sg,country_mx,-0.17416043100858833,0.06201982908737788
train_median,test,2024-06,country_sg,country_mx,-0.20312982437650012,0.06201982908737788
train_median,test,2024-07,country_sg,country_mx,0.19191287986916886,0.06201982908737788
train_median,test,2024-08,country_sg,country_mx,-0.1915220597158178,0.06201982908737788
train_median,test,2024-09,country_sg,country_mx,-0.10990792975843237,0.06201982908737788
train_median,test,2024-10,country_sg,country_mx,-0.12839985148025854,0.06201982908737788
train_median,test,2024-11,country_sg,country_mx,0.23016721282853841,0.06201982908737788
train_median,test,2024-01,country_sg,country_my,0.022674295665917818,0.06201982908737788
train_median,test,2024-02,country_sg,country_my,0.10996744875545444,0.06201982908737788
train_median,test,2024-03,country_sg,country_my,0.12236576805931347,0.06201982908737788
train_median,test,2024-04,country_sg,country_my,0.21920093851640712,0.06201982908737788
train_median,test,2024-05,country_sg,country_my,0.19832399539537393,0.06201982908737788
train_median,test,2024-06,country_sg,country_my,0.5683225620093612,0.06201982908737788
train_median,test,2024-07,country_sg,country_my,0.3943093452551957,0.06201982908737788
train_median,test,2024-08,country_sg,country_my,0.40998499779996245,0.06201982908737788
train_median,test,2024-09,country_sg,country_my,0.3916051891362668,0.06201982908737788
train_median,test,2024-10,country_sg,country_my,0.3039203555834411,0.06201982908737788
train_median,test,2024-11,country_sg,country_my,0.1322727717376011,0.06201982908737788
train_median,test,2024-01,country_sg,country_ph,-0.28216952831366376,0.06201982908737788
train_median,test,2024-02,country_sg,country_ph,-0.30195611842619446,0.06201982908737788
train_median,test,2024-03,country_sg,country_ph,-0.12602121105851463,0.06201982908737788
train_median,test,2024-04,country_sg,country_ph,-0.08965256022375445,0.06201982908737788
train_median,test,2024-05,country_sg,country_ph,0.11231069327033737,0.06201982908737788
train_median,test,2024-06,country_sg,country_ph,0.36228695813194745,0.06201982908737788
train_median,test,2024-07,country_sg,country_ph,0.1812444429749336,0.06201982908737788
train_median,test,2024-08,country_sg,country_ph,-0.0033220094203996638,0.06201982908737788
train_median,test,2024-09,country_sg,country_ph,0.8444899832460149,0.06201982908737788
train_median,test,2024-10,country_sg,country_ph,0.14842334480450023,0.06201982908737788
train_median,test,2024-11,country_sg,country_ph,-0.011699049253740377,0.06201982908737788
train_median,test,2024-01,country_sg,country_th,-0.16825277346384487,0.06201982908737788
train_median,test,2024-02,country_sg,country_th,0.10038963323647117,0.06201982908737788
train_median,test,2024-03,country_sg,country_th,-0.31545460723848134,0.06201982908737788
train_median,test,2024-04,country_sg,country_th,-0.2438069081235187,0.06201982908737788
train_median,test,2024-05,country_sg,country_th,-0.20818713281309903,0.06201982908737788
train_median,test,2024-06,country_sg,country_th,-0.13667738648089173,0.06201982908737788
train_median,test,2024-07,country_sg,country_th,-0.16283012531086058,0.06201982908737788
train_median,test,2024-08,country_sg,country_th,0.017667421379324724,0.06201982908737788
train_median,test,2024-09,country_sg,country_th,-0.06378570483681092,0.06201982908737788
train_median,test,2024-10,country_sg,country_th,-0.16092016352620872,0.06201982908737788
train_median,test,2024-11,country_sg,country_th,-0.08593415497672163,0.06201982908737788
train_median,test,2024-01,country_sg,country_us,-0.4404084666326769,0.06201982908737788
train_median,test,2024-02,country_sg,country_us,-0.6491090820166732,0.06201982908737788
train_median,test,2024-03,country_sg,country_us,-0.6488803998189279,0.06201982908737788
train_median,test,2024-04,country_sg,country_us,-0.038848554088703705,0.06201982908737788
train_median,test,2024-05,country_sg,country_us,0.1339035586657327,0.06201982908737788
train_median,test,2024-06,country_sg,country_us,0.17204272416503133,0.06201982908737788
train_median,test,2024-07,country_sg,country_us,0.10225962634867405,0.06201982908737788
train_median,test,2024-08,country_sg,country_us,-0.2754166126814479,0.06201982908737788
train_median,test,2024-09,country_sg,country_us,-0.19852208603774765,0.06201982908737788
train_median,test,2024-10,country_sg,country_us,-0.35768975620378357,0.06201982908737788
train_median,test,2024-11,country_sg,country_us,-0.3455448896017365,0.06201982908737788
train_median,test,2024-01,country_th,country_203,-0.21327281174764526,0.06201982908737788
train_median,test,2024-02,country_th,country_203,-0.040032322152262434,0.06201982908737788
train_median,test,2024-03,country_th,country_203,-0.17087617849056538,0.06201982908737788
train_median,test,2024-04,country_th,country_203,-0.22890456727316622,0.06201982908737788
train_median,test,2024-05,country_th,country_203,-0.001489740618229691,0.06201982908737788
train_median,test,2024-06,country_th,country_203,-0.24231534400094593,0.06201982908737788
train_median,test,2024-07,country_th,country_203,-0.02876917727351755,0.06201982908737788
train_median,test,2024-08,country_th,country_203,-0.12704970365185558,0.06201982908737788
train_median,test,2024-09,country_th,country_203,0.14248432846237855,0.06201982908737788
train_median,test,2024-10,country_th,country_203,-0.10266715138624373,0.06201982908737788
train_median,test,2024-11,country_th,country_203,-0.1342687044618376,0.06201982908737788
train_median,test,2024-01,country_th,country_344,-0.21170075432320606,0.06201982908737788
train_median,test,2024-02,country_th,country_344,-0.15672537666275732,0.06201982908737788
train_median,test,2024-03,country_th,country_344,-0.14411244803268836,0.06201982908737788
train_median,test,2024-04,country_th,country_344,-0.19104016852337902,0.06201982908737788
train_median,test,2024-05,country_th,country_344,-0.0015522273793141474,0.06201982908737788
train_median,test,2024-06,country_th,country_344,-0.11650546350483662,0.06201982908737788
train_median,test,2024-07,country_th,country_344,0.09171744033160394,0.06201982908737788
train_median,test,2024-08,country_th,country_344,0.32754944730707136,0.06201982908737788
train_median,test,2024-09,country_th,country_344,0.19334451651854284,0.06201982908737788
train_median,test,2024-10,country_th,country_344,0.45171540043580244,0.06201982908737788
train_median,test,2024-11,country_th,country_344,0.5924949662010951,0.06201982908737788
train_median,test,2024-01,country_th,country_372,0.03975343019829333,0.06201982908737788
train_median,test,2024-02,country_th,country_372,0.03294851340736023,0.06201982908737788
train_median,test,2024-03,country_th,country_372,-0.14004434841916608,0.06201982908737788
train_median,test,2024-04,country_th,country_372,-0.11441139503661729,0.06201982908737788
train_median,test,2024-05,country_th,country_372,0.1348610435665775,0.06201982908737788
train_median,test,2024-06,country_th,country_372,-0.3524503994622597,0.06201982908737788
train_median,test,2024-07,country_th,country_372,-0.18670416791803812,0.06201982908737788
train_median,test,2024-08,country_th,country_372,-0.11871214699338216,0.06201982908737788
train_median,test,2024-09,country_th,country_372,-0.2587267073020967,0.06201982908737788
train_median,test,2024-10,country_th,country_372,-0.12308302938177666,0.06201982908737788
train_median,test,2024-11,country_th,country_372,-0.09840433409353119,0.06201982908737788
train_median,test,2024-01,country_th,country_380,-0.15727166637248136,0.06201982908737788
train_median,test,2024-02,country_th,country_380,0.04834437266864792,0.06201982908737788
train_median,test,2024-03,country_th,country_380,-0.2524329195737695,0.06201982908737788
train_median,test,2024-04,country_th,country_380,0.17518071979088617,0.06201982908737788
train_median,test,2024-05,country_th,country_380,-0.025148419683665456,0.06201982908737788
train_median,test,2024-06,country_th,country_380,0.18066839983513747,0.06201982908737788
train_median,test,2024-07,country_th,country_380,-0.25383445283895995,0.06201982908737788
train_median,test,2024-08,country_th,country_380,0.06767764838983668,0.06201982908737788
train_median,test,2024-09,country_th,country_380,-0.06455088909401815,0.06201982908737788
train_median,test,2024-10,country_th,country_380,0.1732558629435627,0.06201982908737788
train_median,test,2024-11,country_th,country_380,-0.4118372844785189,0.06201982908737788
train_median,test,2024-01,country_th,country_cn,-0.3171571856357929,0.06201982908737788
train_median,test,2024-02,country_th,country_cn,-0.11740116204913122,0.06201982908737788
train_median,test,2024-03,country_th,country_cn,-0.09048130993437509,0.06201982908737788
train_median,test,2024-04,country_th,country_cn,-0.17810369738017162,0.06201982908737788
train_median,test,2024-05,country_th,country_cn,-0.19910926226202888,0.06201982908737788
train_median,test,2024-06,country_th,country_cn,-0.016869625738142248,0.06201982908737788
train_median,test,2024-07,country_th,country_cn,-0.06034781804459546,0.06201982908737788
train_median,test,2024-08,country_th,country_cn,0.06109992074123055,0.06201982908737788
train_median,test,2024-09,country_th,country_cn,-0.04063106003604779,0.06201982908737788
train_median,test,2024-10,country_th,country_cn,-0.003280590602111381,0.06201982908737788
train_median,test,2024-11,country_th,country_cn,0.12746168735870358,0.06201982908737788
train_median,test,2024-01,country_th,country_de,-0.25003402361119687,0.06201982908737788
train_median,test,2024-02,country_th,country_de,-0.136211849376078,0.06201982908737788
train_median,test,2024-03,country_th,country_de,-0.2109927594644492,0.06201982908737788
train_median,test,2024-04,country_th,country_de,-0.2230243410750866,0.06201982908737788
train_median,test,2024-05,country_th,country_de,-0.20280398811061304,0.06201982908737788
train_median,test,2024-06,country_th,country_de,-0.23758241800060317,0.06201982908737788
train_median,test,2024-07,country_th,country_de,-0.16949383316078231,0.06201982908737788
train_median,test,2024-08,country_th,country_de,-0.038330955523027906,0.06201982908737788
train_median,test,2024-09,country_th,country_de,-0.07478612890970622,0.06201982908737788
train_median,test,2024-10,country_th,country_de,-0.23054991918723433,0.06201982908737788
train_median,test,2024-11,country_th,country_de,-0.19912315888667476,0.06201982908737788
train_median,test,2024-01,country_th,country_fr,-0.061554494366581995,0.06201982908737788
train_median,test,2024-02,country_th,country_fr,-0.1728372964084132,0.06201982908737788
train_median,test,2024-03,country_th,country_fr,-0.22325650367831934,0.06201982908737788
train_median,test,2024-04,country_th,country_fr,-0.17995194791103203,0.06201982908737788
train_median,test,2024-05,country_th,country_fr,-0.22121050692613192,0.06201982908737788
train_median,test,2024-06,country_th,country_fr,-0.2590257024671108,0.06201982908737788
train_median,test,2024-07,country_th,country_fr,-0.07419713170961016,0.06201982908737788
train_median,test,2024-08,country_th,country_fr,0.04853806525657877,0.06201982908737788
train_median,test,2024-09,country_th,country_fr,-0.34305928077482734,0.06201982908737788
train_median,test,2024-10,country_th,country_fr,-0.3557175925411256,0.06201982908737788
train_median,test,2024-11,country_th,country_fr,-0.22828561316959345,0.06201982908737788
train_median,test,2024-01,country_th,country_gb,-0.49011257142558173,0.06201982908737788
train_median,test,2024-02,country_th,country_gb,-0.4015433094512324,0.06201982908737788
train_median,test,2024-03,country_th,country_gb,-0.222382079205594,0.06201982908737788
train_median,test,2024-04,country_th,country_gb,-0.1392587820824661,0.06201982908737788
train_median,test,2024-05,country_th,country_gb,0.13486101972356485,0.06201982908737788
train_median,test,2024-06,country_th,country_gb,-0.23493727552284063,0.06201982908737788
train_median,test,2024-07,country_th,country_gb,-0.18718820127305322,0.06201982908737788
train_median,test,2024-08,country_th,country_gb,-0.29718474072860146,0.06201982908737788
train_median,test,2024-09,country_th,country_gb,-0.0930275083672375,0.06201982908737788
train_median,test,2024-10,country_th,country_gb,-0.15506576104727796,0.06201982908737788
train_median,test,2024-11,country_th,country_gb,-0.26376561762504447,0.06201982908737788
train_median,test,2024-01,country_th,country_in,-0.3982862643063509,0.06201982908737788
train_median,test,2024-02,country_th,country_in,-0.1186267742011418,0.06201982908737788
train_median,test,2024-03,country_th,country_in,-0.20674956759217303,0.06201982908737788
train_median,test,2024-04,country_th,country_in,0.05883681380605399,0.06201982908737788
train_median,test,2024-05,country_th,country_in,-0.42298638597060756,0.06201982908737788
train_median,test,2024-06,country_th,country_in,0.08859188910818099,0.06201982908737788
train_median,test,2024-07,country_th,country_in,-0.4205744171703075,0.06201982908737788
train_median,test,2024-08,country_th,country_in,-0.40496382152465793,0.06201982908737788
train_median,test,2024-09,country_th,country_in,-0.33108920905329325,0.06201982908737788
train_median,test,2024-10,country_th,country_in,0.08875443428302433,0.06201982908737788
train_median,test,2024-11,country_th,country_in,-0.4947960430835689,0.06201982908737788
train_median,test,2024-01,country_th,country_jp,-0.0015128376671217274,0.06201982908737788
train_median,test,2024-02,country_th,country_jp,-0.19090301033710566,0.06201982908737788
train_median,test,2024-03,country_th,country_jp,-0.19369768448811342,0.06201982908737788
train_median,test,2024-04,country_th,country_jp,-0.12216848044064652,0.06201982908737788
train_median,test,2024-05,country_th,country_jp,-0.21331540548297961,0.06201982908737788
train_median,test,2024-06,country_th,country_jp,-0.015947524424535217,0.06201982908737788
train_median,test,2024-07,country_th,country_jp,-0.18954529733749617,0.06201982908737788
train_median,test,2024-08,country_th,country_jp,0.0272203112639024,0.06201982908737788
train_median,test,2024-09,country_th,country_jp,-0.12414822936753481,0.06201982908737788
train_median,test,2024-10,country_th,country_jp,-0.08286065802579809,0.06201982908737788
train_median,test,2024-11,country_th,country_jp,-0.11938497221878189,0.06201982908737788
train_median,test,2024-01,country_th,country_kr,-0.1514377672997075,0.06201982908737788
train_median,test,2024-02,country_th,country_kr,-0.05116232928946385,0.06201982908737788
train_median,test,2024-03,country_th,country_kr,-0.06997865355905568,0.06201982908737788
train_median,test,2024-04,country_th,country_kr,-0.13880756504433117,0.06201982908737788
train_median,test,2024-05,country_th,country_kr,-0.0836293730632886,0.06201982908737788
train_median,test,2024-06,country_th,country_kr,-0.07308625116445161,0.06201982908737788
train_median,test,2024-07,country_th,country_kr,-0.17608642709953892,0.06201982908737788
train_median,test,2024-08,country_th,country_kr,-0.11542861649013757,0.06201982908737788
train_median,test,2024-09,country_th,country_kr,-0.16021737141899792,0.06201982908737788
train_median,test,2024-10,country_th,country_kr,-0.043206208945673466,0.06201982908737788
train_median,test,2024-11,country_th,country_kr,0.03856794881115507,0.06201982908737788
train_median,test,2024-01,country_th,country_mx,-0.07490384003790072,0.06201982908737788
train_median,test,2024-02,country_th,country_mx,-0.06661694190457935,0.06201982908737788
train_median,test,2024-03,country_th,country_mx,-0.08368664546254852,0.06201982908737788
train_median,test,2024-04,country_th,country_mx,0.12762973090560636,0.06201982908737788
train_median,test,2024-05,country_th,country_mx,-0.12869469923915114,0.06201982908737788
train_median,test,2024-06,country_th,country_mx,0.07573787370652213,0.06201982908737788
train_median,test,2024-07,country_th,country_mx,0.07719241762693241,0.06201982908737788
train_median,test,2024-08,country_th,country_mx,0.041848482825610434,0.06201982908737788
train_median,test,2024-09,country_th,country_mx,0.24587246025570142,0.06201982908737788
train_median,test,2024-10,country_th,country_mx,0.02511572214970807,0.06201982908737788
train_median,test,2024-11,country_th,country_mx,0.02829884018373365,0.06201982908737788
train_median,test,2024-01,country_th,country_my,-0.08139553655188157,0.06201982908737788
train_median,test,2024-02,country_th,country_my,-0.03334016537839877,0.06201982908737788
train_median,test,2024-03,country_th,country_my,0.6840042100039498,0.06201982908737788
train_median,test,2024-04,country_th,country_my,0.11214016011962888,0.06201982908737788
train_median,test,2024-05,country_th,country_my,-0.01542537519848056,0.06201982908737788
train_median,test,2024-06,country_th,country_my,0.3952495905278256,0.06201982908737788
train_median,test,2024-07,country_th,country_my,0.30964581994793255,0.06201982908737788
train_median,test,2024-08,country_th,country_my,0.1444187539296535,0.06201982908737788
train_median,test,2024-09,country_th,country_my,0.05128464045364154,0.06201982908737788
train_median,test,2024-10,country_th,country_my,-0.042620363907245,0.06201982908737788
train_median,test,2024-11,country_th,country_my,0.858726076634335,0.06201982908737788
train_median,test,2024-01,country_th,country_ph,0.21716965880405828,0.06201982908737788
train_median,test,2024-02,country_th,country_ph,0.05917090680710699,0.06201982908737788
train_median,test,2024-03,country_th,country_ph,-0.29686506667507134,0.06201982908737788
train_median,test,2024-04,country_th,country_ph,0.022945043705668786,0.06201982908737788
train_median,test,2024-05,country_th,country_ph,-0.22210568615709134,0.06201982908737788
train_median,test,2024-06,country_th,country_ph,-0.3042666622756378,0.06201982908737788
train_median,test,2024-07,country_th,country_ph,-0.25327904160710507,0.06201982908737788
train_median,test,2024-08,country_th,country_ph,0.16179529932620815,0.06201982908737788
train_median,test,2024-09,country_th,country_ph,-0.021381487992326483,0.06201982908737788
train_median,test,2024-10,country_th,country_ph,-0.10460578096544207,0.06201982908737788
train_median,test,2024-11,country_th,country_ph,-0.21561382496064102,0.06201982908737788
train_median,test,2024-01,country_th,country_sg,-0.36670241182330204,0.06201982908737788
train_median,test,2024-02,country_th,country_sg,-0.27872994007300333,0.06201982908737788
train_median,test,2024-03,country_th,country_sg,-0.11560383605333484,0.06201982908737788
train_median,test,2024-04,country_th,country_sg,-0.24523917091428935,0.06201982908737788
train_median,test,2024-05,country_th,country_sg,-0.2662447203964073,0.06201982908737788
train_median,test,2024-06,country_th,country_sg,-0.2666858084546001,0.06201982908737788
train_median,test,2024-07,country_th,country_sg,-0.24110767534739577,0.06201982908737788
train_median,test,2024-08,country_th,country_sg,-0.07682445525500112,0.06201982908737788
train_median,test,2024-09,country_th,country_sg,-0.2589793595197273,0.06201982908737788
train_median,test,2024-10,country_th,country_sg,-0.18835273502685998,0.06201982908737788
train_median,test,2024-11,country_th,country_sg,-0.13070318280205073,0.06201982908737788
train_median,test,2024-01,country_th,country_us,-0.15417128290469617,0.06201982908737788
train_median,test,2024-02,country_th,country_us,-0.1879093429746341,0.06201982908737788
train_median,test,2024-03,country_th,country_us,-0.17713051768383237,0.06201982908737788
train_median,test,2024-04,country_th,country_us,-0.2277189700086582,0.06201982908737788
train_median,test,2024-05,country_th,country_us,-0.16143314662285152,0.06201982908737788
train_median,test,2024-06,country_th,country_us,-0.1400170187057473,0.06201982908737788
train_median,test,2024-07,country_th,country_us,-0.21716797642378743,0.06201982908737788
train_median,test,2024-08,country_th,country_us,-0.24429006630114453,0.06201982908737788
train_median,test,2024-09,country_th,country_us,-0.3349281071274368,0.06201982908737788
train_median,test,2024-10,country_th,country_us,-0.34568220916519715,0.06201982908737788
train_median,test,2024-11,country_th,country_us,-0.5682617641910136,0.06201982908737788
train_median,test,2024-01,country_us,country_203,-0.40137802566871,0.06201982908737788
train_median,test,2024-02,country_us,country_203,-0.640530660623324,0.06201982908737788
train_median,test,2024-03,country_us,country_203,-0.4764281369155454,0.06201982908737788
train_median,test,2024-04,country_us,country_203,4.555518608359629,0.06201982908737788
train_median,test,2024-05,country_us,country_203,-0.20282495782546256,0.06201982908737788
train_median,test,2024-06,country_us,country_203,-0.13831119594448804,0.06201982908737788
train_median,test,2024-07,country_us,country_203,-0.1516110286691238,0.06201982908737788
train_median,test,2024-08,country_us,country_203,-0.17130033668879796,0.06201982908737788
train_median,test,2024-09,country_us,country_203,0.6625662117156141,0.06201982908737788
train_median,test,2024-10,country_us,country_203,0.5776833168959408,0.06201982908737788
train_median,test,2024-11,country_us,country_203,0.29227972145364506,0.06201982908737788
train_median,test,2024-01,country_us,country_344,-0.3499645717928441,0.06201982908737788
train_median,test,2024-02,country_us,country_344,-0.006226288033271393,0.06201982908737788
train_median,test,2024-03,country_us,country_344,-0.3679288162576499,0.06201982908737788
train_median,test,2024-04,country_us,country_344,-0.11033856897466958,0.06201982908737788
train_median,test,2024-05,country_us,country_344,-0.22692216354999292,0.06201982908737788
train_median,test,2024-06,country_us,country_344,0.1389973127828968,0.06201982908737788
train_median,test,2024-07,country_us,country_344,-0.056819169453225286,0.06201982908737788
train_median,test,2024-08,country_us,country_344,-0.02035673260818091,0.06201982908737788
train_median,test,2024-09,country_us,country_344,0.10321814684184466,0.06201982908737788
train_median,test,2024-10,country_us,country_344,-0.04946352189222654,0.06201982908737788
train_median,test,2024-11,country_us,country_344,-0.013668757657449645,0.06201982908737788
train_median,test,2024-01,country_us,country_372,-0.47710751977876903,0.06201982908737788
train_median,test,2024-02,country_us,country_372,0.02908917451553207,0.06201982908737788
train_median,test,2024-03,country_us,country_372,0.4938713584513467,0.06201982908737788
train_median,test,2024-04,country_us,country_372,1.371873573342653,0.06201982908737788
train_median,test,2024-05,country_us,country_372,0.6451652305257753,0.06201982908737788
train_median,test,2024-06,country_us,country_372,0.3230198184563793,0.06201982908737788
train_median,test,2024-07,country_us,country_372,-0.509157292350862,0.06201982908737788
train_median,test,2024-08,country_us,country_372,-0.057639466759506625,0.06201982908737788
train_median,test,2024-09,country_us,country_372,-0.23506364502557575,0.06201982908737788
train_median,test,2024-10,country_us,country_372,0.8951963107941913,0.06201982908737788
train_median,test,2024-11,country_us,country_372,1.232998064835321,0.06201982908737788
train_median,test,2024-01,country_us,country_380,0.20031804575281545,0.06201982908737788
train_median,test,2024-02,country_us,country_380,0.01986670702819009,0.06201982908737788
train_median,test,2024-03,country_us,country_380,0.09372213691300774,0.06201982908737788
train_median,test,2024-04,country_us,country_380,-0.12690633612376212,0.06201982908737788
train_median,test,2024-05,country_us,country_380,0.5581953786698539,0.06201982908737788
train_median,test,2024-06,country_us,country_380,0.09399125249926141,0.06201982908737788
train_median,test,2024-07,country_us,country_380,-0.6420614219809172,0.06201982908737788
train_median,test,2024-08,country_us,country_380,0.20917091420329337,0.06201982908737788
train_median,test,2024-09,country_us,country_380,-0.12375442099750175,0.06201982908737788
train_median,test,2024-10,country_us,country_380,-0.0028072325530506498,0.06201982908737788
train_median,test,2024-11,country_us,country_380,-0.28694297611815955,0.06201982908737788
train_median,test,2024-01,country_us,country_cn,0.16822424876003875,0.06201982908737788
train_median,test,2024-02,country_us,country_cn,0.08804619192826393,0.06201982908737788
train_median,test,2024-03,country_us,country_cn,0.1231031209177263,0.06201982908737788
train_median,test,2024-04,country_us,country_cn,0.2805045989952466,0.06201982908737788
train_median,test,2024-05,country_us,country_cn,0.2940344426849951,0.06201982908737788
train_median,test,2024-06,country_us,country_cn,0.59942785062865,0.06201982908737788
train_median,test,2024-07,country_us,country_cn,0.6654566746862889,0.06201982908737788
train_median,test,2024-08,country_us,country_cn,0.24002624256712887,0.06201982908737788
train_median,test,2024-09,country_us,country_cn,0.29616411662560443,0.06201982908737788
train_median,test,2024-10,country_us,country_cn,0.07380114459031992,0.06201982908737788
train_median,test,2024-11,country_us,country_cn,0.22959170685391614,0.06201982908737788
train_median,test,2024-01,country_us,country_de,-0.4411986045436958,0.06201982908737788
train_median,test,2024-02,country_us,country_de,-0.5275681706904441,0.06201982908737788
train_median,test,2024-03,country_us,country_de,-0.42283676293802785,0.06201982908737788
train_median,test,2024-04,country_us,country_de,-0.42496118333018285,0.06201982908737788
train_median,test,2024-05,country_us,country_de,-0.47449541188050876,0.06201982908737788
train_median,test,2024-06,country_us,country_de,-0.3950010528285186,0.06201982908737788
train_median,test,2024-07,country_us,country_de,-0.46837211102029114,0.06201982908737788
train_median,test,2024-08,country_us,country_de,0.21458170468496052,0.06201982908737788
train_median,test,2024-09,country_us,country_de,-0.35144485119781954,0.06201982908737788
train_median,test,2024-10,country_us,country_de,-0.05020588176925084,0.06201982908737788
train_median,test,2024-11,country_us,country_de,0.2372221590309263,0.06201982908737788
train_median,test,2024-01,country_us,country_fr,-0.06952196868580864,0.06201982908737788
train_median,test,2024-02,country_us,country_fr,-0.041521166902144656,0.06201982908737788
train_median,test,2024-03,country_us,country_fr,-0.11655595609578077,0.06201982908737788
train_median,test,2024-04,country_us,country_fr,-0.15019187073224008,0.06201982908737788
train_median,test,2024-05,country_us,country_fr,-0.18548254682039492,0.06201982908737788
train_median,test,2024-06,country_us,country_fr,-0.032244881095074104,0.06201982908737788
train_median,test,2024-07,country_us,country_fr,-0.21353300101518974,0.06201982908737788
train_median,test,2024-08,country_us,country_fr,-0.23579666958850462,0.06201982908737788
train_median,test,2024-09,country_us,country_fr,-0.09016360017273489,0.06201982908737788
train_median,test,2024-10,country_us,country_fr,-0.05930795657703828,0.06201982908737788
train_median,test,2024-11,country_us,country_fr,-0.11206374684904646,0.06201982908737788
train_median,test,2024-01,country_us,country_gb,-0.13656935319841912,0.06201982908737788
train_median,test,2024-02,country_us,country_gb,-0.08415649548396756,0.06201982908737788
train_median,test,2024-03,country_us,country_gb,0.19932068837261444,0.06201982908737788
train_median,test,2024-04,country_us,country_gb,0.07166764123446787,0.06201982908737788
train_median,test,2024-05,country_us,country_gb,-0.01917768509514478,0.06201982908737788
train_median,test,2024-06,country_us,country_gb,0.04728517304791429,0.06201982908737788
train_median,test,2024-07,country_us,country_gb,0.13952046695187748,0.06201982908737788
train_median,test,2024-08,country_us,country_gb,-0.23062828238387903,0.06201982908737788
train_median,test,2024-09,country_us,country_gb,0.2596412312387894,0.06201982908737788
train_median,test,2024-10,country_us,country_gb,-0.2775096549307092,0.06201982908737788
train_median,test,2024-11,country_us,country_gb,-0.052997702594468094,0.06201982908737788
train_median,test,2024-01,country_us,country_in,-0.12213815910247901,0.06201982908737788
train_median,test,2024-02,country_us,country_in,-0.0462075197159522,0.06201982908737788
train_median,test,2024-03,country_us,country_in,0.29740072941618434,0.06201982908737788
train_median,test,2024-04,country_us,country_in,0.7067583175549378,0.06201982908737788
train_median,test,2024-05,country_us,country_in,0.6184408494893202,0.06201982908737788
train_median,test,2024-06,country_us,country_in,0.847326108900953,0.06201982908737788
train_median,test,2024-07,country_us,country_in,1.2270887175726242,0.06201982908737788
train_median,test,2024-08,country_us,country_in,0.5095450359970007,0.06201982908737788
train_median,test,2024-09,country_us,country_in,0.6198545773161183,0.06201982908737788
train_median,test,2024-10,country_us,country_in,0.15836196581526213,0.06201982908737788
train_median,test,2024-11,country_us,country_in,0.1574805511993565,0.06201982908737788
train_median,test,2024-01,country_us,country_jp,-0.2650533056792423,0.06201982908737788
train_median,test,2024-02,country_us,country_jp,-0.28027379896196464,0.06201982908737788
train_median,test,2024-03,country_us,country_jp,-0.3239642196641039,0.06201982908737788
train_median,test,2024-04,country_us,country_jp,-0.16686398925181412,0.06201982908737788
train_median,test,2024-05,country_us,country_jp,-0.14902068038746905,0.06201982908737788
train_median,test,2024-06,country_us,country_jp,-0.05867822239996536,0.06201982908737788
train_median,test,2024-07,country_us,country_jp,-0.01742073013693656,0.06201982908737788
train_median,test,2024-08,country_us,country_jp,-0.01918189232182087,0.06201982908737788
train_median,test,2024-09,country_us,country_jp,-0.17299936820744582,0.06201982908737788
train_median,test,2024-10,country_us,country_jp,0.09130045889546955,0.06201982908737788
train_median,test,2024-11,country_us,country_jp,-0.05373202760165587,0.06201982908737788
train_median,test,2024-01,country_us,country_kr,-0.10932146424392722,0.06201982908737788
train_median,test,2024-02,country_us,country_kr,0.16459148928303838,0.06201982908737788
train_median,test,2024-03,country_us,country_kr,-0.004899927316816603,0.06201982908737788
train_median,test,2024-04,country_us,country_kr,-0.0647544679048656,0.06201982908737788
train_median,test,2024-05,country_us,country_kr,0.14872233471094753,0.06201982908737788
train_median,test,2024-06,country_us,country_kr,-0.006126141855842697,0.06201982908737788
train_median,test,2024-07,country_us,country_kr,0.13393436914990936,0.06201982908737788
train_median,test,2024-08,country_us,country_kr,0.14964629631140408,0.06201982908737788
train_median,test,2024-09,country_us,country_kr,0.2846808076938084,0.06201982908737788
train_median,test,2024-10,country_us,country_kr,-0.04253375231552469,0.06201982908737788
train_median,test,2024-11,country_us,country_kr,0.09205175579670477,0.06201982908737788
train_median,test,2024-01,country_us,country_mx,-0.029905846518730402,0.06201982908737788
train_median,test,2024-02,country_us,country_mx,-0.01643493312034687,0.06201982908737788
train_median,test,2024-03,country_us,country_mx,-0.053738367912939726,0.06201982908737788
train_median,test,2024-04,country_us,country_mx,0.00988515738114975,0.06201982908737788
train_median,test,2024-05,country_us,country_mx,-0.09774869655758017,0.06201982908737788
train_median,test,2024-06,country_us,country_mx,-0.05128889889398943,0.06201982908737788
train_median,test,2024-07,country_us,country_mx,0.03906365984891207,0.06201982908737788
train_median,test,2024-08,country_us,country_mx,-0.1242545826936407,0.06201982908737788
train_median,test,2024-09,country_us,country_mx,-0.05642428358647815,0.06201982908737788
train_median,test,2024-10,country_us,country_mx,-0.08956401292915506,0.06201982908737788
train_median,test,2024-11,country_us,country_mx,0.09576656193915649,0.06201982908737788
train_median,test,2024-01,country_us,country_my,0.02072420314232799,0.06201982908737788
train_median,test,2024-02,country_us,country_my,0.039744125078028054,0.06201982908737788
train_median,test,2024-03,country_us,country_my,0.07108881930062849,0.06201982908737788
train_median,test,2024-04,country_us,country_my,0.20956844879864184,0.06201982908737788
train_median,test,2024-05,country_us,country_my,0.11659067857478284,0.06201982908737788
train_median,test,2024-06,country_us,country_my,0.9915329547912625,0.06201982908737788
train_median,test,2024-07,country_us,country_my,2.070456279534509,0.06201982908737788
train_median,test,2024-08,country_us,country_my,0.4888174113737258,0.06201982908737788
train_median,test,2024-09,country_us,country_my,0.6536273476592228,0.06201982908737788
train_median,test,2024-10,country_us,country_my,0.48831948201307096,0.06201982908737788
train_median,test,2024-11,country_us,country_my,0.5294865053813669,0.06201982908737788
train_median,test,2024-01,country_us,country_ph,-0.12180388330471788,0.06201982908737788
train_median,test,2024-02,country_us,country_ph,-0.06340125104609412,0.06201982908737788
train_median,test,2024-03,country_us,country_ph,0.06582843058569159,0.06201982908737788
train_median,test,2024-04,country_us,country_ph,0.03703154968843887,0.06201982908737788
train_median,test,2024-05,country_us,country_ph,-0.10074052447549178,0.06201982908737788
train_median,test,2024-06,country_us,country_ph,0.07533282265272923,0.06201982908737788
train_median,test,2024-07,country_us,country_ph,0.11036896176202197,0.06201982908737788
train_median,test,2024-08,country_us,country_ph,0.10297643178300288,0.06201982908737788
train_median,test,2024-09,country_us,country_ph,0.11248422254440633,0.06201982908737788
train_median,test,2024-10,country_us,country_ph,0.011864046471987133,0.06201982908737788
train_median,test,2024-11,country_us,country_ph,0.05986262004071089,0.06201982908737788
train_median,test,2024-01,country_us,country_sg,-0.15157522495002165,0.06201982908737788
train_median,test,2024-02,country_us,country_sg,-0.24682885582853642,0.06201982908737788
train_median,test,2024-03,country_us,country_sg,-0.21552953169747427,0.06201982908737788
train_median,test,2024-04,country_us,country_sg,0.922509481244285,0.06201982908737788
train_median,test,2024-05,country_us,country_sg,-0.037738500181069785,0.06201982908737788
train_median,test,2024-06,country_us,country_sg,-0.1739539771267135,0.06201982908737788
train_median,test,2024-07,country_us,country_sg,-0.11258571148318548,0.06201982908737788
train_median,test,2024-08,country_us,country_sg,0.04550102289931203,0.06201982908737788
train_median,test,2024-09,country_us,country_sg,0.34977439945599215,0.06201982908737788
train_median,test,2024-10,country_us,country_sg,0.4167273392940907,0.06201982908737788
train_median,test,2024-11,country_us,country_sg,0.8937845264842551,0.06201982908737788
train_median,test,2024-01,country_us,country_th,-0.06182258304937512,0.06201982908737788
train_median,test,2024-02,country_us,country_th,0.04561114765119241,0.06201982908737788
train_median,test,2024-03,country_us,country_th,-0.302811340930967,0.06201982908737788
train_median,test,2024-04,country_us,country_th,1.1222551625806996,0.06201982908737788
train_median,test,2024-05,country_us,country_th,-0.15329732040245528,0.06201982908737788
train_median,test,2024-06,country_us,country_th,-0.17867544076015116,0.06201982908737788
train_median,test,2024-07,country_us,country_th,-0.09300346900680015,0.06201982908737788
train_median,test,2024-08,country_us,country_th,0.0036660728587561307,0.06201982908737788
train_median,test,2024-09,country_us,country_th,-0.06248200838115912,0.06201982908737788
train_median,test,2024-10,country_us,country_th,-0.13084707391241396,0.06201982908737788
train_median,test,2024-11,country_us,country_th,-0.30326328551298604,0.06201982908737788
train_median,test,2024-01,country_vn,country_203,-0.2017639040456669,0.06201982908737788
train_median,test,2024-02,country_vn,country_203,1.2095958990112634,0.06201982908737788
train_median,test,2024-03,country_vn,country_203,-0.07957148552445295,0.06201982908737788
train_median,test,2024-04,country_vn,country_203,1.019666572630365,0.06201982908737788
train_median,test,2024-05,country_vn,country_203,-0.4371535324264236,0.06201982908737788
train_median,test,2024-06,country_vn,country_203,-0.7235302060936379,0.06201982908737788
train_median,test,2024-07,country_vn,country_203,-0.3331933965287618,0.06201982908737788
train_median,test,2024-08,country_vn,country_203,-0.31923000416344544,0.06201982908737788
train_median,test,2024-09,country_vn,country_203,0.1073326774337638,0.06201982908737788
train_median,test,2024-10,country_vn,country_203,-0.41565906608998854,0.06201982908737788
train_median,test,2024-11,country_vn,country_203,0.307731092455682,0.06201982908737788
train_median,test,2024-01,country_vn,country_344,-0.2598682996796403,0.06201982908737788
train_median,test,2024-02,country_vn,country_344,0.2775572314565495,0.06201982908737788
train_median,test,2024-03,country_vn,country_344,-0.08862243479867025,0.06201982908737788
train_median,test,2024-04,country_vn,country_344,-0.396302663812916,0.06201982908737788
train_median,test,2024-05,country_vn,country_344,0.2493783529024247,0.06201982908737788
train_median,test,2024-06,country_vn,country_344,-0.06575254980755138,0.06201982908737788
train_median,test,2024-07,country_vn,country_344,0.049487621565525525,0.06201982908737788
train_median,test,2024-08,country_vn,country_344,0.5246207877329733,0.06201982908737788
train_median,test,2024-09,country_vn,country_344,-0.24995396372027248,0.06201982908737788
train_median,test,2024-10,country_vn,country_344,-0.14026047111646717,0.06201982908737788
train_median,test,2024-11,country_vn,country_344,0.2518328372943567,0.06201982908737788
train_median,test,2024-01,country_vn,country_372,0.7213913289015839,0.06201982908737788
train_median,test,2024-02,country_vn,country_372,-0.7332449682155747,0.06201982908737788
train_median,test,2024-03,country_vn,country_372,9.133739519807413,0.06201982908737788
train_median,test,2024-04,country_vn,country_372,-0.6117738253836339,0.06201982908737788
train_median,test,2024-05,country_vn,country_372,3.5401469249979147,0.06201982908737788
train_median,test,2024-06,country_vn,country_372,-0.4088944276075006,0.06201982908737788
train_median,test,2024-07,country_vn,country_372,26.70418213193666,0.06201982908737788
train_median,test,2024-08,country_vn,country_372,-0.6244462426315048,0.06201982908737788
train_median,test,2024-09,country_vn,country_372,-0.8320188323292617,0.06201982908737788
train_median,test,2024-10,country_vn,country_372,-0.6714823685283993,0.06201982908737788
train_median,test,2024-11,country_vn,country_372,-0.3944703590600669,0.06201982908737788
train_median,test,2024-01,country_vn,country_380,0.12559410134608126,0.06201982908737788
train_median,test,2024-02,country_vn,country_380,0.2012843718612635,0.06201982908737788
train_median,test,2024-03,country_vn,country_380,0.2606550379696898,0.06201982908737788
train_median,test,2024-04,country_vn,country_380,0.5273149208178345,0.06201982908737788
train_median,test,2024-05,country_vn,country_380,0.027789980110891527,0.06201982908737788
train_median,test,2024-06,country_vn,country_380,0.30105110053093354,0.06201982908737788
train_median,test,2024-07,country_vn,country_380,-0.07880433808430015,0.06201982908737788
train_median,test,2024-08,country_vn,country_380,0.6317576214541665,0.06201982908737788
train_median,test,2024-09,country_vn,country_380,0.7109671310942093,0.06201982908737788
train_median,test,2024-10,country_vn,country_380,0.16802719589302792,0.06201982908737788
train_median,test,2024-11,country_vn,country_380,-0.2975151465378629,0.06201982908737788
train_median,test,2024-01,country_vn,country_cn,-0.34109554016338484,0.06201982908737788
train_median,test,2024-02,country_vn,country_cn,0.3693513798788778,0.06201982908737788
train_median,test,2024-03,country_vn,country_cn,-0.2614834881195994,0.06201982908737788
train_median,test,2024-04,country_vn,country_cn,-0.2721802833867314,0.06201982908737788
train_median,test,2024-05,country_vn,country_cn,0.17255052351386838,0.06201982908737788
train_median,test,2024-06,country_vn,country_cn,-0.2807145716786025,0.06201982908737788
train_median,test,2024-07,country_vn,country_cn,-0.2823971355416349,0.06201982908737788
train_median,test,2024-08,country_vn,country_cn,0.4008519526797497,0.06201982908737788
train_median,test,2024-09,country_vn,country_cn,-0.29537671671296645,0.06201982908737788
train_median,test,2024-10,country_vn,country_cn,-0.09591145901014449,0.06201982908737788
train_median,test,2024-11,country_vn,country_cn,0.7881846115517926,0.06201982908737788
train_median,test,2024-01,country_vn,country_de,-0.6486044726709418,0.06201982908737788
train_median,test,2024-02,country_vn,country_de,-0.3470386382731163,0.06201982908737788
train_median,test,2024-03,country_vn,country_de,-0.2242139040064429,0.06201982908737788
train_median,test,2024-04,country_vn,country_de,-0.31533718935475585,0.06201982908737788
train_median,test,2024-05,country_vn,country_de,0.10746612220037483,0.06201982908737788
train_median,test,2024-06,country_vn,country_de,-0.21396964853989606,0.06201982908737788
train_median,test,2024-07,country_vn,country_de,0.01946019931198206,0.06201982908737788
train_median,test,2024-08,country_vn,country_de,0.27497321727284724,0.06201982908737788
train_median,test,2024-09,country_vn,country_de,0.5563330852864012,0.06201982908737788
train_median,test,2024-10,country_vn,country_de,0.35688138466832686,0.06201982908737788
train_median,test,2024-11,country_vn,country_de,0.5720209872605194,0.06201982908737788
train_median,test,2024-01,country_vn,country_fr,0.125668483323563,0.06201982908737788
train_median,test,2024-02,country_vn,country_fr,-0.4019436733761007,0.06201982908737788
train_median,test,2024-03,country_vn,country_fr,-0.3710302276882606,0.06201982908737788
train_median,test,2024-04,country_vn,country_fr,0.37575359532419633,0.06201982908737788
train_median,test,2024-05,country_vn,country_fr,0.5120460728628522,0.06201982908737788
train_median,test,2024-06,country_vn,country_fr,-0.08573112330630527,0.06201982908737788
train_median,test,2024-07,country_vn,country_fr,0.4591588218802951,0.06201982908737788
train_median,test,2024-08,country_vn,country_fr,1.2096534466800024,0.06201982908737788
train_median,test,2024-09,country_vn,country_fr,0.15487865688009703,0.06201982908737788
train_median,test,2024-10,country_vn,country_fr,-0.16136094375642657,0.06201982908737788
train_median,test,2024-11,country_vn,country_fr,0.18190444712614684,0.06201982908737788
train_median,test,2024-01,country_vn,country_gb,-0.2124647324732177,0.06201982908737788
train_median,test,2024-02,country_vn,country_gb,-0.25474226087943713,0.06201982908737788
train_median,test,2024-03,country_vn,country_gb,-0.16048756978799766,0.06201982908737788
train_median,test,2024-04,country_vn,country_gb,-0.2742223514158979,0.06201982908737788
train_median,test,2024-05,country_vn,country_gb,0.15210898427712946,0.06201982908737788
train_median,test,2024-06,country_vn,country_gb,-0.012090192068654304,0.06201982908737788
train_median,test,2024-07,country_vn,country_gb,-0.10347683023999596,0.06201982908737788
train_median,test,2024-08,country_vn,country_gb,-0.1484442246233579,0.06201982908737788
train_median,test,2024-09,country_vn,country_gb,0.11126553622807507,0.06201982908737788
train_median,test,2024-10,country_vn,country_gb,0.12983724293760376,0.06201982908737788
train_median,test,2024-11,country_vn,country_gb,-0.21932127402043192,0.06201982908737788
train_median,test,2024-01,country_vn,country_in,-0.2696771030055644,0.06201982908737788
train_median,test,2024-02,country_vn,country_in,-0.07519485164265875,0.06201982908737788
train_median,test,2024-03,country_vn,country_in,-0.006588307334949781,0.06201982908737788
train_median,test,2024-04,country_vn,country_in,-0.4155665083619965,0.06201982908737788
train_median,test,2024-05,country_vn,country_in,-0.526481232997612,0.06201982908737788
train_median,test,2024-06,country_vn,country_in,-0.6672340530925589,0.06201982908737788
train_median,test,2024-07,country_vn,country_in,-0.7384115979469766,0.06201982908737788
train_median,test,2024-08,country_vn,country_in,-0.729925694714243,0.06201982908737788
train_median,test,2024-09,country_vn,country_in,-0.7842998645135263,0.06201982908737788
train_median,test,2024-10,country_vn,country_in,-0.6754668677282234,0.06201982908737788
train_median,test,2024-11,country_vn,country_in,-0.29653470940974813,0.06201982908737788
train_median,test,2024-01,country_vn,country_jp,0.2344621054880328,0.06201982908737788
train_median,test,2024-02,country_vn,country_jp,-0.09638257445541189,0.06201982908737788
train_median,test,2024-03,country_vn,country_jp,-0.35730990034999327,0.06201982908737788
train_median,test,2024-04,country_vn,country_jp,-0.1843044991979436,0.06201982908737788
train_median,test,2024-05,country_vn,country_jp,-0.16353745195017685,0.06201982908737788
train_median,test,2024-06,country_vn,country_jp,0.3765441611822167,0.06201982908737788
train_median,test,2024-07,country_vn,country_jp,0.05923246256857584,0.06201982908737788
train_median,test,2024-08,country_vn,country_jp,0.0074630123222258855,0.06201982908737788
train_median,test,2024-09,country_vn,country_jp,-0.19075132974693995,0.06201982908737788
train_median,test,2024-10,country_vn,country_jp,0.11075319254938575,0.06201982908737788
train_median,test,2024-11,country_vn,country_jp,-0.08100559659112921,0.06201982908737788
train_median,test,2024-01,country_vn,country_kr,0.42729961265603955,0.06201982908737788
train_median,test,2024-02,country_vn,country_kr,0.6206999529447694,0.06201982908737788
train_median,test,2024-03,country_vn,country_kr,0.08805050313986491,0.06201982908737788
train_median,test,2024-04,country_vn,country_kr,-0.018133062718618993,0.06201982908737788
train_median,test,2024-05,country_vn,country_kr,0.17155886908264203,0.06201982908737788
train_median,test,2024-06,country_vn,country_kr,0.1830296077054491,0.06201982908737788
train_median,test,2024-07,country_vn,country_kr,0.07696530028689656,0.06201982908737788
train_median,test,2024-08,country_vn,country_kr,0.16089814792594617,0.06201982908737788
train_median,test,2024-09,country_vn,country_kr,0.13985192454671352,0.06201982908737788
train_median,test,2024-10,country_vn,country_kr,0.09687952179394005,0.06201982908737788
train_median,test,2024-11,country_vn,country_kr,0.004554468676817158,0.06201982908737788
train_median,test,2024-01,country_vn,country_mx,-0.183125010731902,0.06201982908737788
train_median,test,2024-02,country_vn,country_mx,-0.12141874511131326,0.06201982908737788
train_median,test,2024-03,country_vn,country_mx,0.36819110691026496,0.06201982908737788
train_median,test,2024-04,country_vn,country_mx,-0.3674436749922339,0.06201982908737788
train_median,test,2024-05,country_vn,country_mx,0.5897488639724698,0.06201982908737788
train_median,test,2024-06,country_vn,country_mx,0.42392475886057507,0.06201982908737788
train_median,test,2024-07,country_vn,country_mx,-0.17174550602570712,0.06201982908737788
train_median,test,2024-08,country_vn,country_mx,-0.1099989540354793,0.06201982908737788
train_median,test,2024-09,country_vn,country_mx,0.1888692613034977,0.06201982908737788
train_median,test,2024-10,country_vn,country_mx,-0.017331476848894033,0.06201982908737788
train_median,test,2024-11,country_vn,country_mx,0.20195625081900412,0.06201982908737788
train_median,test,2024-01,country_vn,country_my,-0.6378314548463512,0.06201982908737788
train_median,test,2024-02,country_vn,country_my,-0.2550919503599635,0.06201982908737788
train_median,test,2024-03,country_vn,country_my,-0.3757222312268055,0.06201982908737788
train_median,test,2024-04,country_vn,country_my,0.32109744226186926,0.06201982908737788
train_median,test,2024-05,country_vn,country_my,-0.1340780052915393,0.06201982908737788
train_median,test,2024-06,country_vn,country_my,-0.16624144653461587,0.06201982908737788
train_median,test,2024-07,country_vn,country_my,0.15471935831177064,0.06201982908737788
train_median,test,2024-08,country_vn,country_my,0.6880695439936683,0.06201982908737788
train_median,test,2024-09,country_vn,country_my,1.2191115490625508,0.06201982908737788
train_median,test,2024-10,country_vn,country_my,1.418655543705738,0.06201982908737788
train_median,test,2024-11,country_vn,country_my,0.9784005034645693,0.06201982908737788
train_median,test,2024-01,country_vn,country_ph,-0.3374961245116885,0.06201982908737788
train_median,test,2024-02,country_vn,country_ph,-0.6195524210191575,0.06201982908737788
train_median,test,2024-03,country_vn,country_ph,-0.09981963263464418,0.06201982908737788
train_median,test,2024-04,country_vn,country_ph,0.10347476454007316,0.06201982908737788
train_median,test,2024-05,country_vn,country_ph,2.165943912672718,0.06201982908737788
train_median,test,2024-06,country_vn,country_ph,-0.3458318015650296,0.06201982908737788
train_median,test,2024-07,country_vn,country_ph,1.5584054691549434,0.06201982908737788
train_median,test,2024-08,country_vn,country_ph,0.18031633964840493,0.06201982908737788
train_median,test,2024-09,country_vn,country_ph,-0.08608123240152492,0.06201982908737788
train_median,test,2024-10,country_vn,country_ph,0.22164869305003482,0.06201982908737788
train_median,test,2024-11,country_vn,country_ph,-0.07550304383515148,0.06201982908737788
train_median,test,2024-01,country_vn,country_sg,-0.16426770099348412,0.06201982908737788
train_median,test,2024-02,country_vn,country_sg,0.34956116860141084,0.06201982908737788
train_median,test,2024-03,country_vn,country_sg,0.06662358582920022,0.06201982908737788
train_median,test,2024-04,country_vn,country_sg,0.05755374791822649,0.06201982908737788
train_median,test,2024-05,country_vn,country_sg,0.43292919608523583,0.06201982908737788
train_median,test,2024-06,country_vn,country_sg,0.0065045872142867976,0.06201982908737788
train_median,test,2024-07,country_vn,country_sg,0.09152642797998099,0.06201982908737788
train_median,test,2024-08,country_vn,country_sg,-0.022370463861379475,0.06201982908737788
train_median,test,2024-09,country_vn,country_sg,0.19485506454844362,0.06201982908737788
train_median,test,2024-10,country_vn,country_sg,-0.06299826166243021,0.06201982908737788
train_median,test,2024-11,country_vn,country_sg,-0.010080847971012058,0.06201982908737788
train_median,test,2024-01,country_vn,country_th,0.009379668450189598,0.06201982908737788
train_median,test,2024-02,country_vn,country_th,0.00989797270288133,0.06201982908737788
train_median,test,2024-03,country_vn,country_th,0.021105669542253434,0.06201982908737788
train_median,test,2024-04,country_vn,country_th,0.5936159023589618,0.06201982908737788
train_median,test,2024-05,country_vn,country_th,0.6262836287115966,0.06201982908737788
train_median,test,2024-06,country_vn,country_th,0.4112371803365951,0.06201982908737788
train_median,test,2024-07,country_vn,country_th,0.876019826783273,0.06201982908737788
train_median,test,2024-08,country_vn,country_th,1.2775677888420434,0.06201982908737788
train_median,test,2024-09,country_vn,country_th,0.5597398342621841,0.06201982908737788
train_median,test,2024-10,country_vn,country_th,0.9209194679049666,0.06201982908737788
train_median,test,2024-11,country_vn,country_th,2.529994629066692,0.06201982908737788
train_median,test,2024-01,country_vn,country_us,0.07222407578527386,0.06201982908737788
train_median,test,2024-02,country_vn,country_us,0.2971704261447322,0.06201982908737788
train_median,test,2024-03,country_vn,country_us,0.4919491039495934,0.06201982908737788
train_median,test,2024-04,country_vn,country_us,0.33457030554874945,0.06201982908737788
train_median,test,2024-05,country_vn,country_us,0.4438716448312449,0.06201982908737788
train_median,test,2024-06,country_vn,country_us,0.06360120886136277,0.06201982908737788
train_median,test,2024-07,country_vn,country_us,-0.30039913065848106,0.06201982908737788
train_median,test,2024-08,country_vn,country_us,-0.12197580966353155,0.06201982908737788
train_median,test,2024-09,country_vn,country_us,-0.5046864013425514,0.06201982908737788
train_median,test,2024-10,country_vn,country_us,-0.5922101312102567,0.06201982908737788
train_median,test,2024-11,country_vn,country_us,-0.5808079970741358,0.06201982908737788
