model,split,month,source,destination,target,score
tgn,train,2021-12,country_203,country_344,-0.31800059571372974,0.011040225625038147
tgn,train,2021-12,country_203,country_372,0.2437970725541184,0.3098522424697876
tgn,train,2021-12,country_203,country_380,0.8493865367761986,-0.03690735250711441
tgn,train,2021-12,country_203,country_cn,0.7647692720905055,0.025570958852767944
tgn,train,2021-12,country_203,country_de,-0.12122360826623636,0.08125519752502441
tgn,train,2021-12,country_203,country_fr,-0.9276024312247639,-0.05093103647232056
tgn,train,2021-12,country_203,country_gb,-0.8741414762074884,0.020492225885391235
tgn,train,2021-12,country_203,country_in,-0.7783881090001606,-0.04098772257566452
tgn,train,2021-12,country_203,country_jp,0.36372845113296326,0.023231863975524902
tgn,train,2021-12,country_203,country_kr,-0.6140035068204687,-0.002945549786090851
tgn,train,2021-12,country_203,country_mx,2.9978295756964224,0.1017342209815979
tgn,train,2021-12,country_203,country_my,-0.3898297121610708,0.027961403131484985
tgn,train,2021-12,country_203,country_ph,-0.31263592082784,0.009168297052383423
tgn,train,2021-12,country_203,country_sg,-0.21296142056257744,0.00405159592628479
tgn,train,2021-12,country_203,country_th,-0.20211872785315915,-0.01991032063961029
tgn,train,2021-12,country_203,country_us,0.24117014407340617,0.22940868139266968
tgn,train,2021-12,country_203,country_vn,0.539930067862157,0.0008695423603057861
tgn,train,2021-12,country_344,country_203,0.4672451897411968,0.121056467294693
tgn,train,2021-12,country_344,country_372,5.383890510811044,0.3517698049545288
tgn,train,2021-12,country_344,country_380,0.34268368534274246,0.01029592752456665
tgn,train,2021-12,country_344,country_cn,-0.3341045422833995,0.1281583607196808
tgn,train,2021-12,country_344,country_de,0.8366689117950002,0.16673463582992554
tgn,train,2021-12,country_344,country_fr,0.2760554511541877,0.044859081506729126
tgn,train,2021-12,country_344,country_gb,1.4336684458273554,0.11121031641960144
tgn,train,2021-12,country_344,country_in,0.39707093019601586,0.11478577554225922
tgn,train,2021-12,country_344,country_jp,5.467924056163369,0.12535154819488525
tgn,train,2021-12,country_344,country_kr,0.76703190238061,0.09382157027721405
tgn,train,2021-12,country_344,country_mx,0.2510008598238257,0.20070698857307434
tgn,train,2021-12,country_344,country_my,0.2569176164405594,0.13485388457775116
tgn,train,2021-12,country_344,country_ph,0.43181137026359295,0.12494409084320068
tgn,train,2021-12,country_344,country_sg,0.3191434536624023,0.07358962297439575
tgn,train,2021-12,country_344,country_th,0.8514583454019259,0.11003819108009338
tgn,train,2021-12,country_344,country_us,1.1781178012032474,0.198055237531662
tgn,train,2021-12,country_344,country_vn,1.2612240905964307,0.11723056435585022
tgn,train,2021-12,country_372,country_203,0.6703916158538366,0.5412466526031494
tgn,train,2021-12,country_372,country_344,1.6597551920461342,0.42642486095428467
tgn,train,2021-12,country_372,country_380,-0.8672031270198178,0.3412800431251526
tgn,train,2021-12,country_372,country_cn,0.08121375479156026,0.10822364687919617
tgn,train,2021-12,country_372,country_de,4.88918928964419,0.11972256004810333
tgn,train,2021-12,country_372,country_fr,0.6634710756522547,0.07861945033073425
tgn,train,2021-12,country_372,country_gb,1.0241519382349464,0.10939611494541168
tgn,train,2021-12,country_372,country_in,-0.849327536891373,0.10162976384162903
tgn,train,2021-12,country_372,country_jp,0.13430102146894332,0.11251425743103027
tgn,train,2021-12,country_372,country_kr,1.1512901448662733,0.20200443267822266
tgn,train,2021-12,country_372,country_mx,-0.3810130885602584,0.14191967248916626
tgn,train,2021-12,country_372,country_my,0.04173948113900575,0.07441425323486328
tgn,train,2021-12,country_372,country_ph,-0.16681270550843352,0.07506909966468811
tgn,train,2021-12,country_372,country_sg,0.3938217894819125,0.22358644008636475
tgn,train,2021-12,country_372,country_th,-0.599569336687021,0.09052476286888123
tgn,train,2021-12,country_372,country_us,-0.23994342490674586,0.12730950117111206
tgn,train,2021-12,country_372,country_vn,-0.13955215657169054,0.07107390463352203
tgn,train,2021-12,country_380,country_203,-0.346108072843301,0.10599830746650696
tgn,train,2021-12,country_380,country_344,0.0884313211991253,0.04996587336063385
tgn,train,2021-12,country_380,country_372,-0.14881140592494915,0.38337618112564087
tgn,train,2021-12,country_380,country_cn,-0.021493819257131102,0.14462214708328247
tgn,train,2021-12,country_380,country_de,-0.003539131547283008,0.1714315414428711
tgn,train,2021-12,country_380,country_fr,0.01748091632896214,0.09382224082946777
tgn,train,2021-12,country_380,country_gb,0.08599835572537737,0.14461606740951538
tgn,train,2021-12,country_380,country_in,-0.19732450631728954,0.10589033365249634
tgn,train,2021-12,country_380,country_jp,0.255812427358842,0.1440616250038147
tgn,train,2021-12,country_380,country_kr,-0.6974502758983907,0.07175526022911072
tgn,train,2021-12,country_380,country_mx,-0.1389991808581921,0.13799674808979034
tgn,train,2021-12,country_380,country_my,0.09807732632999334,0.1520431637763977
tgn,train,2021-12,country_380,country_ph,0.2024102930645171,0.13888858258724213
tgn,train,2021-12,country_380,country_sg,0.045052089134117075,0.08150333166122437
tgn,train,2021-12,country_380,country_th,-0.315158272179374,0.1334618479013443
tgn,train,2021-12,country_380,country_us,-0.11825784484589395,0.18269947171211243
tgn,train,2021-12,country_380,country_vn,0.6275735573672921,0.11840663850307465
tgn,train,2021-12,country_50,country_jp,0.19698547625408636,0.10541430115699768
tgn,train,2021-12,country_50,country_my,-0.796744592453166,0.09750388562679291
tgn,train,2021-12,country_50,country_sg,-0.8154445058689592,0.017874807119369507
tgn,train,2021-12,country_cn,country_203,-0.08610617495857997,0.048777759075164795
tgn,train,2021-12,country_cn,country_344,0.05411265642298099,0.026498809456825256
tgn,train,2021-12,country_cn,country_372,0.45055250979301503,0.5157899260520935
tgn,train,2021-12,country_cn,country_380,0.3976702874404787,0.013746567070484161
tgn,train,2021-12,country_cn,country_de,0.1320501974375863,0.1441992223262787
tgn,train,2021-12,country_cn,country_fr,0.16017316334422954,0.08753153681755066
tgn,train,2021-12,country_cn,country_gb,1.2603215206362637,0.11828218400478363
tgn,train,2021-12,country_cn,country_in,0.733547163806026,0.11381348967552185
tgn,train,2021-12,country_cn,country_jp,0.09362998656156023,0.10777473449707031
tgn,train,2021-12,country_cn,country_kr,0.12347522769870331,0.08408358693122864
tgn,train,2021-12,country_cn,country_mx,0.2233820584058921,0.13014501333236694
tgn,train,2021-12,country_cn,country_my,0.3613575340631921,0.11652716994285583
tgn,train,2021-12,country_cn,country_ph,-0.1249426549963331,0.10625125467777252
tgn,train,2021-12,country_cn,country_sg,0.0428596445913697,0.07511948049068451
tgn,train,2021-12,country_cn,country_th,0.2955703263199965,0.1187860369682312
tgn,train,2021-12,country_cn,country_us,-0.011237715867514136,0.1230369359254837
tgn,train,2021-12,country_cn,country_vn,0.19989431311452968,0.10226321220397949
tgn,train,2021-12,country_de,country_203,0.11976794064789847,0.05877363681793213
tgn,train,2021-12,country_de,country_344,-0.10022178002458215,0.02716583013534546
tgn,train,2021-12,country_de,country_372,0.6126921733250078,0.5236957669258118
tgn,train,2021-12,country_de,country_380,0.16251081160686076,0.02695077657699585
tgn,train,2021-12,country_de,country_cn,0.14768106763022315,0.11190807819366455
tgn,train,2021-12,country_de,country_fr,-0.056748859252685364,0.09399835765361786
tgn,train,2021-12,country_de,country_gb,-0.7968733585681607,0.12775635719299316
tgn,train,2021-12,country_de,country_in,0.2812582231579708,0.11511233448982239
tgn,train,2021-12,country_de,country_jp,0.09512251608258214,0.10939671099185944
tgn,train,2021-12,country_de,country_kr,0.005560505129776548,0.07588119804859161
tgn,train,2021-12,country_de,country_mx,-0.10550737976129425,0.14095506072044373
tgn,train,2021-12,country_de,country_my,-0.09845208370495723,0.1213579773902893
tgn,train,2021-12,country_de,country_ph,0.06682892238011365,0.11069352924823761
tgn,train,2021-12,country_de,country_sg,-0.04017652639229487,0.08033332228660583
tgn,train,2021-12,country_de,country_th,0.12785331249335563,0.11495341360569
tgn,train,2021-12,country_de,country_us,0.08709811701030908,0.12280526757240295
tgn,train,2021-12,country_de,country_vn,0.4485157274296498,0.09990721940994263
tgn,train,2021-12,country_fr,country_203,0.23019894241832914,0.14282673597335815
tgn,train,2021-12,country_fr,country_344,0.06944277155569248,0.024832308292388916
tgn,train,2021-12,country_fr,country_372,-0.3733104960557304,0.542961597442627
tgn,train,2021-12,country_fr,country_380,-0.16494952204229743,0.009880416095256805
tgn,train,2021-12,country_fr,country_cn,-0.07769828255840074,0.11423777043819427
tgn,train,2021-12,country_fr,country_de,0.2528336999874232,0.14504879713058472
tgn,train,2021-12,country_fr,country_gb,-0.6882143907165417,0.12377317249774933
tgn,train,2021-12,country_fr,country_in,2.5074328386723743,0.10830730199813843
tgn,train,2021-12,country_fr,country_jp,0.10577671348696563,0.11023378372192383
tgn,train,2021-12,country_fr,country_kr,0.13740716810005088,0.06913517415523529
tgn,train,2021-12,country_fr,country_mx,0.5532865475745928,0.13961978256702423
tgn,train,2021-12,country_fr,country_my,0.223393924033437,0.11360472440719604
tgn,train,2021-12,country_fr,country_ph,0.23559060164440193,0.10482031106948853
tgn,train,2021-12,country_fr,country_sg,0.013907675107542506,0.0888749361038208
tgn,train,2021-12,country_fr,country_th,0.3151447265994526,0.11045391857624054
tgn,train,2021-12,country_fr,country_us,0.19004405468931435,0.12829403579235077
tgn,train,2021-12,country_fr,country_vn,-0.1125493361082873,0.09449224174022675
tgn,train,2021-12,country_gb,country_203,0.5351071681955961,0.12993395328521729
tgn,train,2021-12,country_gb,country_344,-0.1832928316653571,0.024783194065093994
tgn,train,2021-12,country_gb,country_372,1.2308193089269595,0.5319041609764099
tgn,train,2021-12,country_gb,country_380,-0.11884922142868729,0.006120070815086365
tgn,train,2021-12,country_gb,country_cn,0.15156378345911484,0.10128684341907501
tgn,train,2021-12,country_gb,country_de,0.08227500974969075,0.12096330523490906
tgn,train,2021-12,country_gb,country_fr,0.15908218012355832,0.07283659279346466
tgn,train,2021-12,country_gb,country_in,0.8448629677319445,0.10468357801437378
tgn,train,2021-12,country_gb,country_jp,0.26429480911361564,0.09967207908630371
tgn,train,2021-12,country_gb,country_kr,0.3966762492972516,0.06566207110881805
tgn,train,2021-12,country_gb,country_mx,0.12377170965282668,0.14995339512825012
tgn,train,2021-12,country_gb,country_my,-0.07271305195429788,0.1110430359840393
tgn,train,2021-12,country_gb,country_ph,0.14280660374225523,0.10386113822460175
tgn,train,2021-12,country_gb,country_sg,-0.26347394396295953,0.07034255564212799
tgn,train,2021-12,country_gb,country_th,0.051026348833943455,0.10562294721603394
tgn,train,2021-12,country_gb,country_us,0.6353480245512179,0.11468324065208435
tgn,train,2021-12,country_gb,country_vn,-0.9114737370983407,0.08631616830825806
tgn,train,2021-12,country_in,country_203,1.018186775295495,0.1627194881439209
tgn,train,2021-12,country_in,country_344,-0.006157185570234268,0.030329763889312744
tgn,train,2021-12,country_in,country_372,-0.566422252493848,0.5571752190589905
tgn,train,2021-12,country_in,country_380,0.6173376087872726,0.015079692006111145
tgn,train,2021-12,country_in,country_cn,-0.12284358752256379,0.10840225219726562
tgn,train,2021-12,country_in,country_de,0.28933529296213484,0.12932807207107544
tgn,train,2021-12,country_in,country_fr,0.1546532872254073,0.07980558276176453
tgn,train,2021-12,country_in,country_gb,0.7407650876434052,0.11671873927116394
tgn,train,2021-12,country_in,country_jp,0.8701217784876035,0.10153397917747498
tgn,train,2021-12,country_in,country_kr,-0.44515710572996897,0.07463395595550537
tgn,train,2021-12,country_in,country_mx,0.06953580990380978,0.13548454642295837
tgn,train,2021-12,country_in,country_my,4.056257138791396,0.11455261707305908
tgn,train,2021-12,country_in,country_ph,-0.8452770120743875,0.09982168674468994
tgn,train,2021-12,country_in,country_sg,1.1332693588255054,0.07197019457817078
tgn,train,2021-12,country_in,country_th,-0.45218899882216834,0.1141217052936554
tgn,train,2021-12,country_in,country_us,-0.6542305138253653,0.12024202942848206
tgn,train,2021-12,country_in,country_vn,-0.7613610899774703,0.0988926887512207
tgn,train,2021-12,country_jp,country_203,0.08907787373664983,0.0646524578332901
tgn,train,2021-12,country_jp,country_344,-0.07606368915324534,0.024790078401565552
tgn,train,2021-12,country_jp,country_372,-0.21550966554558093,0.5207975506782532
tgn,train,2021-12,country_jp,country_380,-0.19347964891394037,0.00027456134557724
tgn,train,2021-12,country_jp,country_cn,0.0052580215172234246,0.11795331537723541
tgn,train,2021-12,country_jp,country_de,-0.049451045197498926,0.13265159726142883
tgn,train,2021-12,country_jp,country_fr,0.38104921830840494,0.0795460194349289
tgn,train,2021-12,country_jp,country_gb,0.6388338536982655,0.11231514811515808
tgn,train,2021-12,country_jp,country_in,0.10164453710975568,0.11035960912704468
tgn,train,2021-12,country_jp,country_kr,0.23542364971893728,0.07553955912590027
tgn,train,2021-12,country_jp,country_mx,-0.18166279570680063,0.13571776449680328
tgn,train,2021-12,country_jp,country_my,-0.035864911890255,0.11876586079597473
tgn,train,2021-12,country_jp,country_ph,0.012199100061978335,0.10817751288414001
tgn,train,2021-12,country_jp,country_sg,0.10187216582214034,0.08053278923034668
tgn,train,2021-12,country_jp,country_th,-0.1152968787627955,0.12010383605957031
tgn,train,2021-12,country_jp,country_us,-0.020572904971681658,0.13073919713497162
tgn,train,2021-12,country_jp,country_vn,0.14234404877163498,0.10545572638511658
tgn,train,2021-12,country_kr,country_203,0.4974931841856209,0.05048689246177673
tgn,train,2021-12,country_kr,country_344,-0.12224792109055876,0.03126227855682373
tgn,train,2021-12,country_kr,country_372,0.5477620501535807,0.4804975390434265
tgn,train,2021-12,country_kr,country_380,0.24299296431377276,-0.0034966319799423218
tgn,train,2021-12,country_kr,country_cn,0.10402280358047644,0.14914047718048096
tgn,train,2021-12,country_kr,country_de,0.14023157865926245,0.1663985252380371
tgn,train,2021-12,country_kr,country_fr,0.079198688095631,0.09444472193717957
tgn,train,2021-12,country_kr,country_gb,2.1782242288654516,0.12836888432502747
tgn,train,2021-12,country_kr,country_in,0.5319454345842286,0.12339593470096588
tgn,train,2021-12,country_kr,country_jp,0.41619421856385574,0.13634690642356873
tgn,train,2021-12,country_kr,country_mx,-0.22131042265110762,0.15839838981628418
tgn,train,2021-12,country_kr,country_my,-0.03406596195340085,0.13393932580947876
tgn,train,2021-12,country_kr,country_ph,0.19191000433244085,0.13498282432556152
tgn,train,2021-12,country_kr,country_sg,0.3223882984831849,0.10731007158756256
tgn,train,2021-12,country_kr,country_th,0.7186197519290944,0.1339452713727951
tgn,train,2021-12,country_kr,country_us,0.2176558516960374,0.16244831681251526
tgn,train,2021-12,country_kr,country_vn,0.3498930941032363,0.13306838274002075
tgn,train,2021-12,country_mx,country_203,-0.3244303413661128,0.07316496968269348
tgn,train,2021-12,country_mx,country_344,-0.0984299783729709,0.04103654623031616
tgn,train,2021-12,country_mx,country_372,0.6906045828484491,0.5369540452957153
tgn,train,2021-12,country_mx,country_380,-0.19980052904590503,0.021175652742385864
tgn,train,2021-12,country_mx,country_cn,0.05746281050180894,0.12956935167312622
tgn,train,2021-12,country_mx,country_de,0.3006870309099189,0.1445445418357849
tgn,train,2021-12,country_mx,country_fr,1.4217411962047994,0.10305780172348022
tgn,train,2021-12,country_mx,country_gb,1.6318724581379755,0.13036483526229858
tgn,train,2021-12,country_mx,country_in,-0.45421223243124115,0.1191411167383194
tgn,train,2021-12,country_mx,country_jp,0.0649772228088768,0.12318137288093567
tgn,train,2021-12,country_mx,country_kr,0.1741629906969154,0.08918891847133636
tgn,train,2021-12,country_mx,country_my,-0.01658130322553175,0.12897177040576935
tgn,train,2021-12,country_mx,country_ph,1.0349972704152963,0.11524553596973419
tgn,train,2021-12,country_mx,country_sg,0.2098344599571889,0.09139052033424377
tgn,train,2021-12,country_mx,country_th,0.46667490793466326,0.1268090307712555
tgn,train,2021-12,country_mx,country_us,-0.2537752791601993,0.13994283974170685
tgn,train,2021-12,country_mx,country_vn,1.404270845261312,0.11608344316482544
tgn,train,2021-12,country_my,country_203,-0.012718425312450371,0.10309469699859619
tgn,train,2021-12,country_my,country_344,0.03453601878349529,0.04074990749359131
tgn,train,2021-12,country_my,country_372,-0.9232555571979695,0.5463939309120178
tgn,train,2021-12,country_my,country_380,1.1958846179105518,0.01370064914226532
tgn,train,2021-12,country_my,country_cn,-0.05349146487874967,0.14275315403938293
tgn,train,2021-12,country_my,country_de,0.18190896186186745,0.1584717035293579
tgn,train,2021-12,country_my,country_fr,0.28408898883716743,0.10806190967559814
tgn,train,2021-12,country_my,country_gb,2.022217702958255,0.13522091507911682
tgn,train,2021-12,country_my,country_in,1.2647408305330015,0.1317722201347351
tgn,train,2021-12,country_my,country_jp,0.3847916661746961,0.12819798290729523
tgn,train,2021-12,country_my,country_kr,-0.023399809663348654,0.09351272881031036
tgn,train,2021-12,country_my,country_mx,-0.16876510548730858,0.1579788625240326
tgn,train,2021-12,country_my,country_ph,-0.13001407651060481,0.1273273378610611
tgn,train,2021-12,country_my,country_sg,-0.018065038568417936,0.10388258099555969
tgn,train,2021-12,country_my,country_th,0.3250024640167304,0.13816986978054047
tgn,train,2021-12,country_my,country_us,-0.3050866567970088,0.1549133062362671
tgn,train,2021-12,country_my,country_vn,0.2382961971029617,0.12210038304328918
tgn,train,2021-12,country_ph,country_203,0.31994369552380936,0.09573031961917877
tgn,train,2021-12,country_ph,country_344,-0.06572933386562403,0.033996328711509705
tgn,train,2021-12,country_ph,country_372,0.2905355271101153,0.5420669913291931
tgn,train,2021-12,country_ph,country_380,1.0981037802095923,0.009634561836719513
tgn,train,2021-12,country_ph,country_cn,-0.0013068233444058957,0.13297609984874725
tgn,train,2021-12,country_ph,country_de,-0.022387904047359276,0.14945614337921143
tgn,train,2021-12,country_ph,country_fr,0.1607579074379115,0.10201817750930786
tgn,train,2021-12,country_ph,country_gb,2.484809961369698,0.13029448688030243
tgn,train,2021-12,country_ph,country_in,0.27912918861261027,0.12159012258052826
tgn,train,2021-12,country_ph,country_jp,0.17724802057147307,0.12257811427116394
tgn,train,2021-12,country_ph,country_kr,0.016946466065056013,0.08719316124916077
tgn,train,2021-12,country_ph,country_mx,-0.1974375649872486,0.15304800868034363
tgn,train,2021-12,country_ph,country_my,0.19703840056895122,0.13204555213451385
tgn,train,2021-12,country_ph,country_sg,0.14067446385374954,0.09846901893615723
tgn,train,2021-12,country_ph,country_th,0.4699990825822253,0.13140733540058136
tgn,train,2021-12,country_ph,country_us,-0.02686374591172419,0.14147287607192993
tgn,train,2021-12,country_ph,country_vn,0.1332146367608993,0.11434128880500793
tgn,train,2021-12,country_sg,country_203,0.5977234147442588,0.05331437289714813
tgn,train,2021-12,country_sg,country_344,0.03419281587869844,0.022531941533088684
tgn,train,2021-12,country_sg,country_372,-0.6600741186058909,0.43855953216552734
tgn,train,2021-12,country_sg,country_380,-0.05498179973759897,-0.005002960562705994
tgn,train,2021-12,country_sg,country_cn,-0.004295803314849355,0.12419170141220093
tgn,train,2021-12,country_sg,country_de,0.2992564850305264,0.14875876903533936
tgn,train,2021-12,country_sg,country_fr,0.7000238356592653,0.07480958104133606
tgn,train,2021-12,country_sg,country_gb,-0.011750770411060416,0.11178213357925415
tgn,train,2021-12,country_sg,country_in,0.2999015072035572,0.10629396140575409
tgn,train,2021-12,country_sg,country_jp,0.2541439505193741,0.11853227019309998
tgn,train,2021-12,country_sg,country_kr,0.28989273916299524,0.08283430337905884
tgn,train,2021-12,country_sg,country_mx,-0.14244272944947162,0.14235419034957886
tgn,train,2021-12,country_sg,country_my,0.2891933200461988,0.12341389060020447
tgn,train,2021-12,country_sg,country_ph,0.20254027435585156,0.11502349376678467
tgn,train,2021-12,country_sg,country_th,0.06753481390582775,0.11652666330337524
tgn,train,2021-12,country_sg,country_us,-0.2881777358743162,0.13892018795013428
tgn,train,2021-12,country_sg,country_vn,0.31532911409382264,0.10346964001655579
tgn,train,2021-12,country_th,country_203,0.565798496309633,0.11133801937103271
tgn,train,2021-12,country_th,country_344,-0.1423075320738101,0.036607012152671814
tgn,train,2021-12,country_th,country_372,2.2971009126931317,0.5485292673110962
tgn,train,2021-12,country_th,country_380,0.4501933490320396,0.014014974236488342
tgn,train,2021-12,country_th,country_cn,0.1116862549187449,0.1351359486579895
tgn,train,2021-12,country_th,country_de,0.1533868765597147,0.15118467807769775
tgn,train,2021-12,country_th,country_fr,0.6796341428222007,0.10271283984184265
tgn,train,2021-12,country_th,country_gb,1.1386554415308596,0.13423068821430206
tgn,train,2021-12,country_th,country_in,-0.3619025833815355,0.12562137842178345
tgn,train,2021-12,country_th,country_jp,0.2213734491893088,0.12503105401992798
tgn,train,2021-12,country_th,country_kr,-0.0004780866353105479,0.09075294435024261
tgn,train,2021-12,country_th,country_mx,-0.03181333875334418,0.15605032444000244
tgn,train,2021-12,country_th,country_my,0.06666267870671072,0.13485006988048553
tgn,train,2021-12,country_th,country_ph,0.1126245747832536,0.12456543743610382
tgn,train,2021-12,country_th,country_sg,0.3656502006729209,0.09754686057567596
tgn,train,2021-12,country_th,country_us,-0.08707487288721615,0.14808952808380127
tgn,train,2021-12,country_th,country_vn,0.7115103929614063,0.12082494795322418
tgn,train,2021-12,country_tw,country_203,0.35081698189063987,0.11423251032829285
tgn,train,2021-12,country_tw,country_344,0.0009024891099929578,0.03563202917575836
tgn,train,2021-12,country_tw,country_372,0.9372216708275385,0.5457150936126709
tgn,train,2021-12,country_tw,country_380,0.2977630891952791,0.010662108659744263
tgn,train,2021-12,country_tw,country_cn,0.16252417969882005,0.1403731405735016
tgn,train,2021-12,country_tw,country_de,0.25517444871471606,0.1570284068584442
tgn,train,2021-12,country_tw,country_fr,0.4179206427190478,0.0970352292060852
tgn,train,2021-12,country_tw,country_gb,1.0306478597994904,0.12907280027866364
tgn,train,2021-12,country_tw,country_in,0.16125782895054436,0.1236809641122818
tgn,train,2021-12,country_tw,country_jp,0.08455659304178278,0.13091865181922913
tgn,train,2021-12,country_tw,country_kr,0.08590434606243276,0.08981485664844513
tgn,train,2021-12,country_tw,country_mx,0.18746795872079014,0.187641441822052
tgn,train,2021-12,country_tw,country_my,0.3155784952808012,0.1374637484550476
tgn,train,2021-12,country_tw,country_ph,0.16904216369638678,0.12318079173564911
tgn,train,2021-12,country_tw,country_sg,0.24564977900894824,0.10427707433700562
tgn,train,2021-12,country_tw,country_th,0.4804588527009927,0.13234105706214905
tgn,train,2021-12,country_tw,country_us,0.28389831315317365,0.1476426124572754
tgn,train,2021-12,country_tw,country_vn,0.4039261398823053,0.11670669913291931
tgn,train,2021-12,country_us,country_203,0.4526740767693355,0.01741136610507965
tgn,train,2021-12,country_us,country_344,-0.1464839152055685,-0.0012434720993041992
tgn,train,2021-12,country_us,country_372,-0.3409094709543602,0.31972745060920715
tgn,train,2021-12,country_us,country_380,0.006729786786922418,-0.02235729992389679
tgn,train,2021-12,country_us,country_cn,-0.11268235847172431,-0.0106678307056427
tgn,train,2021-12,country_us,country_de,-0.12472953432146056,0.01352950930595398
tgn,train,2021-12,country_us,country_fr,-0.037452401742083516,-0.02300519496202469
tgn,train,2021-12,country_us,country_gb,0.1747538328626895,0.009871065616607666
tgn,train,2021-12,country_us,country_in,0.13801704163066802,-0.006827518343925476
tgn,train,2021-12,country_us,country_jp,0.13096304754037988,-0.014525696635246277
tgn,train,2021-12,country_us,country_kr,-0.2513610283695533,-0.04099733382463455
tgn,train,2021-12,country_us,country_mx,-0.03571152011690458,-0.0024094581604003906
tgn,train,2021-12,country_us,country_my,0.05917801150905513,0.010522976517677307
tgn,train,2021-12,country_us,country_ph,0.02250870582865415,-0.006713651120662689
tgn,train,2021-12,country_us,country_sg,-0.20682768623620945,-0.008808448910713196
tgn,train,2021-12,country_us,country_th,0.09976019635047778,-0.004126399755477905
tgn,train,2021-12,country_us,country_vn,-0.34629450231104275,-0.016627132892608643
tgn,train,2021-12,country_vn,country_203,-0.43870296163968414,0.07509933412075043
tgn,train,2021-12,country_vn,country_344,-0.34708978715092215,0.02493104338645935
tgn,train,2021-12,country_vn,country_372,4.500352309772,0.5411701202392578
tgn,train,2021-12,country_vn,country_380,-0.23411728752904606,-0.003032684326171875
tgn,train,2021-12,country_vn,country_cn,-0.3033132677984971,0.13595613837242126
tgn,train,2021-12,country_vn,country_de,0.06544017821313672,0.1448100209236145
tgn,train,2021-12,country_vn,country_fr,0.04073814104824732,0.08716444671154022
tgn,train,2021-12,country_vn,country_gb,8.9455176169937,0.11666935682296753
tgn,train,2021-12,country_vn,country_in,-0.2122743778526357,0.11732995510101318
tgn,train,2021-12,country_vn,country_jp,0.7211228326254385,0.11385062336921692
tgn,train,2021-12,country_vn,country_kr,-0.00708803812919643,0.07780259847640991
tgn,train,2021-12,country_vn,country_mx,-0.29621919406082614,0.1445789933204651
tgn,train,2021-12,country_vn,country_my,0.16692340608089806,0.12268142402172089
tgn,train,2021-12,country_vn,country_ph,4.358206210337506,0.10530981421470642
tgn,train,2021-12,country_vn,country_sg,0.192387983959645,0.08005788922309875
tgn,train,2021-12,country_vn,country_th,-0.03288750751389534,0.12388567626476288
tgn,train,2021-12,country_vn,country_us,-0.27340568757375966,0.14160314202308655
tgn,train,2022-01,country_203,country_344,-0.8895483568205323,-0.018804430961608887
tgn,train,2022-01,country_203,country_372,-0.44162027193397435,-0.04348377883434296
tgn,train,2022-01,country_203,country_380,0.5020925887242473,0.0005825012922286987
tgn,train,2022-01,country_203,country_cn,0.040809729776450324,0.08847223222255707
tgn,train,2022-01,country_203,country_de,0.3133373158228714,0.12181076407432556
tgn,train,2022-01,country_203,country_fr,-0.8732901527540848,0.11778312921524048
tgn,train,2022-01,country_203,country_gb,-0.9023264148738546,0.4659087061882019
tgn,train,2022-01,country_203,country_in,-0.9074696327554649,0.30533427000045776
tgn,train,2022-01,country_203,country_jp,0.20453642453815266,0.07237747311592102
tgn,train,2022-01,country_203,country_kr,-0.39294484470818297,0.03691256046295166
tgn,train,2022-01,country_203,country_mx,-0.19998284588008458,0.07768222689628601
tgn,train,2022-01,country_203,country_my,-0.24443958765764756,0.11605247855186462
tgn,train,2022-01,country_203,country_ph,-0.19189083093462658,0.09883266687393188
tgn,train,2022-01,country_203,country_sg,0.11344299565483139,0.1339726448059082
tgn,train,2022-01,country_203,country_th,-0.39351863224210637,0.12297919392585754
tgn,train,2022-01,country_203,country_us,-0.24066443156165446,0.14099401235580444
tgn,train,2022-01,country_203,country_vn,0.7910880115147508,0.06204843521118164
tgn,train,2022-01,country_344,country_203,0.11183898087702183,-0.02183087170124054
tgn,train,2022-01,country_344,country_372,1.8833328032913985,-0.024078771471977234
tgn,train,2022-01,country_344,country_380,-0.4834836716914787,-0.019005343317985535
tgn,train,2022-01,country_344,country_cn,-0.5321963796623242,0.07193450629711151
tgn,train,2022-01,country_344,country_de,0.5640524965561396,0.1086311787366867
tgn,train,2022-01,country_344,country_fr,-0.1752579422997146,0.12861399352550507
tgn,train,2022-01,country_344,country_gb,1.3302859435094678,0.4593387842178345
tgn,train,2022-01,country_344,country_in,0.18751079538394658,0.34519922733306885
tgn,train,2022-01,country_344,country_jp,0.33124281610911355,0.0716765820980072
tgn,train,2022-01,country_344,country_kr,-0.0019767021803490095,0.0752401053905487
tgn,train,2022-01,country_344,country_mx,0.30325425930609523,0.08413681387901306
tgn,train,2022-01,country_344,country_my,-0.07496353173799197,0.06736370921134949
tgn,train,2022-01,country_344,country_ph,-0.04989793379511704,0.14591211080551147
tgn,train,2022-01,country_344,country_sg,-0.33546402720283947,0.13570430874824524
tgn,train,2022-01,country_344,country_th,0.5164604212446251,0.13368086516857147
tgn,train,2022-01,country_344,country_us,0.11934125013557842,0.1612410843372345
tgn,train,2022-01,country_344,country_vn,0.5543218294838587,0.09533238410949707
tgn,train,2022-01,country_372,country_203,-0.18373927168100723,-0.04361340403556824
tgn,train,2022-01,country_372,country_344,-0.5492632854505647,-0.03700272738933563
tgn,train,2022-01,country_372,country_380,-0.7524901704931878,-0.04076698422431946
tgn,train,2022-01,country_372,country_cn,0.022027715009904632,0.05029928684234619
tgn,train,2022-01,country_372,country_de,8.330486607935942,0.07583992183208466
tgn,train,2022-01,country_372,country_fr,-0.25816542942973264,0.06805917620658875
tgn,train,2022-01,country_372,country_gb,-0.3044927175354399,0.3494480550289154
tgn,train,2022-01,country_372,country_in,-0.789407722779477,0.2020176351070404
tgn,train,2022-01,country_372,country_jp,-0.20182537293391278,0.037667542695999146
tgn,train,2022-01,country_372,country_kr,1.0808746522056798,0.03888970613479614
tgn,train,2022-01,country_372,country_mx,-0.02921314666467021,0.06930842995643616
tgn,train,2022-01,country_372,country_my,-0.07917179110400038,0.03202259540557861
tgn,train,2022-01,country_372,country_ph,3.3947942379496867,0.06872791051864624
tgn,train,2022-01,country_372,country_sg,-0.30048790641390927,0.06086374819278717
tgn,train,2022-01,country_372,country_th,-0.5703463034623965,0.030750632286071777
tgn,train,2022-01,country_372,country_us,-0.1365787330833335,0.145104318857193
tgn,train,2022-01,country_372,country_vn,0.07111895001397286,0.02053210139274597
tgn,train,2022-01,country_380,country_203,-0.3918000232815752,0.0005612596869468689
tgn,train,2022-01,country_380,country_344,-0.23193444430784954,-0.015464425086975098
tgn,train,2022-01,country_380,country_372,1.1765879137436772,-0.03693641722202301
tgn,train,2022-01,country_380,country_cn,-0.10519188922770781,0.08857573568820953
tgn,train,2022-01,country_380,country_de,-0.17821072248167255,0.12386241555213928
tgn,train,2022-01,country_380,country_fr,-0.009616023863544074,0.14222317934036255
tgn,train,2022-01,country_380,country_gb,1.459373282170357,0.47701579332351685
tgn,train,2022-01,country_380,country_in,-0.05805265612833002,0.3325221538543701
tgn,train,2022-01,country_380,country_jp,0.019080735564457316,0.06519779562950134
tgn,train,2022-01,country_380,country_kr,0.44619390048577284,0.044924721121788025
tgn,train,2022-01,country_380,country_mx,-0.23493720118724082,0.07104599475860596
tgn,train,2022-01,country_380,country_my,-0.12954621117584272,0.06833004951477051
tgn,train,2022-01,country_380,country_ph,0.3853474821278125,0.14111939072608948
tgn,train,2022-01,country_380,country_sg,0.31511854694434915,0.15734654664993286
tgn,train,2022-01,country_380,country_th,-0.15196620322169496,0.14678990840911865
tgn,train,2022-01,country_380,country_us,-0.2086619502047245,0.1785641610622406
tgn,train,2022-01,country_380,country_vn,-0.13935667769380736,0.06453382968902588
tgn,train,2022-01,country_50,country_jp,0.02976657798063949,0.012611977756023407
tgn,train,2022-01,country_50,country_my,-0.8760492513147583,0.03994405269622803
tgn,train,2022-01,country_50,country_sg,-0.9994145434543233,0.058738768100738525
tgn,train,2022-01,country_cn,country_203,0.30075861566459,-0.0005777701735496521
tgn,train,2022-01,country_cn,country_344,-0.1990923631607651,-0.0001458004117012024
tgn,train,2022-01,country_cn,country_372,0.2577258780798995,-0.0015613511204719543
tgn,train,2022-01,country_cn,country_380,-0.04916764008285829,0.0036561936140060425
tgn,train,2022-01,country_cn,country_de,0.11297481151159904,0.11626705527305603
tgn,train,2022-01,country_cn,country_fr,0.10684708388978029,0.11730271577835083
tgn,train,2022-01,country_cn,country_gb,0.9205162925553942,0.5896762013435364
tgn,train,2022-01,country_cn,country_in,0.6198262997531919,0.44368988275527954
tgn,train,2022-01,country_cn,country_jp,-0.17853602572357574,0.07346311211585999
tgn,train,2022-01,country_cn,country_kr,0.07542424260548279,0.07317781448364258
tgn,train,2022-01,country_cn,country_mx,0.3447695269497169,0.08411523699760437
tgn,train,2022-01,country_cn,country_my,0.028680460838901536,0.10335652530193329
tgn,train,2022-01,country_cn,country_ph,-0.3675792743727006,0.13682618737220764
tgn,train,2022-01,country_cn,country_sg,-0.10122159613512423,0.17266732454299927
tgn,train,2022-01,country_cn,country_th,0.10577329914963317,0.23231106996536255
tgn,train,2022-01,country_cn,country_us,-0.07818031703175167,0.12374652922153473
tgn,train,2022-01,country_cn,country_vn,-0.02280349939908759,0.09682640433311462
tgn,train,2022-01,country_de,country_203,0.08433655567795012,0.010525152087211609
tgn,train,2022-01,country_de,country_344,-0.09076230835084277,0.001678183674812317
tgn,train,2022-01,country_de,country_372,0.9364303553928858,0.008419372141361237
tgn,train,2022-01,country_de,country_380,0.18798021150630337,0.018435806035995483
tgn,train,2022-01,country_de,country_cn,-0.15065875924765074,0.09093227982521057
tgn,train,2022-01,country_de,country_fr,-0.2306986457655393,0.13248981535434723
tgn,train,2022-01,country_de,country_gb,-0.7171156765158594,0.5655351877212524
tgn,train,2022-01,country_de,country_in,0.191411862739917,0.4119073748588562
tgn,train,2022-01,country_de,country_jp,0.337700484618712,0.08141392469406128
tgn,train,2022-01,country_de,country_kr,-0.01620560822216411,0.07731811702251434
tgn,train,2022-01,country_de,country_mx,0.02959505167278044,0.10104405879974365
tgn,train,2022-01,country_de,country_my,-0.2749220405020518,0.0875135213136673
tgn,train,2022-01,country_de,country_ph,0.04367698991716218,0.13760413229465485
tgn,train,2022-01,country_de,country_sg,-0.19991126667419973,0.164119154214859
tgn,train,2022-01,country_de,country_th,0.0109547731160751,0.1966509222984314
tgn,train,2022-01,country_de,country_us,0.09820595264880745,0.13371294736862183
tgn,train,2022-01,country_de,country_vn,0.524386953301299,0.08199697732925415
tgn,train,2022-01,country_fr,country_203,0.03459008138269359,0.0024072006344795227
tgn,train,2022-01,country_fr,country_344,-0.16924479123769215,-0.0010707974433898926
tgn,train,2022-01,country_fr,country_372,0.1895451661149726,-0.000746116042137146
tgn,train,2022-01,country_fr,country_380,0.04419212569385049,0.016068965196609497
tgn,train,2022-01,country_fr,country_cn,-0.23386711114599912,0.08215014636516571
tgn,train,2022-01,country_fr,country_de,0.09664264102123103,0.11395269632339478
tgn,train,2022-01,country_fr,country_gb,-0.5833933026589612,0.52967768907547
tgn,train,2022-01,country_fr,country_in,1.5406642999627267,0.36913251876831055
tgn,train,2022-01,country_fr,country_jp,0.036707098942879095,0.07500208914279938
tgn,train,2022-01,country_fr,country_kr,0.34863547180056303,0.07268553972244263
tgn,train,2022-01,country_fr,country_mx,-0.2549289201033854,0.09177938103675842
tgn,train,2022-01,country_fr,country_my,-0.04595363998958723,0.08491741120815277
tgn,train,2022-01,country_fr,country_ph,-0.02292656135276203,0.12803979218006134
tgn,train,2022-01,country_fr,country_sg,0.051790039773371425,0.15722081065177917
tgn,train,2022-01,country_fr,country_th,0.14672362465340405,0.17779278755187988
tgn,train,2022-01,country_fr,country_us,-0.04221418505428349,0.12755988538265228
tgn,train,2022-01,country_fr,country_vn,-0.34431717062247885,0.07925257086753845
tgn,train,2022-01,country_gb,country_203,0.42486819830936284,0.13762179017066956
tgn,train,2022-01,country_gb,country_344,-0.08474331138531976,0.12987995147705078
tgn,train,2022-01,country_gb,country_372,0.3659131112900872,0.13674607872962952
tgn,train,2022-01,country_gb,country_380,1.1839348039793391,0.13942188024520874
tgn,train,2022-01,country_gb,country_cn,-0.2591558670540826,0.10901102423667908
tgn,train,2022-01,country_gb,country_de,-0.10644029493729838,0.13921888172626495
tgn,train,2022-01,country_gb,country_fr,0.29338985681097696,0.15906712412834167
tgn,train,2022-01,country_gb,country_in,-0.1277778958158276,0.3971685767173767
tgn,train,2022-01,country_gb,country_jp,0.08298428881752118,0.10483261942863464
tgn,train,2022-01,country_gb,country_kr,-0.0873590001985517,0.09321664273738861
tgn,train,2022-01,country_gb,country_mx,-0.07308000783897098,0.11252346634864807
tgn,train,2022-01,country_gb,country_my,-0.10249464047568355,0.11498719453811646
tgn,train,2022-01,country_gb,country_ph,0.07822308877220462,0.16154804825782776
tgn,train,2022-01,country_gb,country_sg,-0.37108866299988963,0.20064979791641235
tgn,train,2022-01,country_gb,country_th,-0.07796843911844024,0.2303859293460846
tgn,train,2022-01,country_gb,country_us,0.49212506793031474,0.2277182936668396
tgn,train,2022-01,country_gb,country_vn,-0.9184776763316566,0.1153942346572876
tgn,train,2022-01,country_in,country_203,0.533879685019165,0.10443246364593506
tgn,train,2022-01,country_in,country_344,-0.2636323621598485,0.10368704795837402
tgn,train,2022-01,country_in,country_372,0.27105837449144826,0.09216363728046417
tgn,train,2022-01,country_in,country_380,-0.6109559684905498,0.10385414958000183
tgn,train,2022-01,country_in,country_cn,-0.15162947955649766,0.10863909125328064
tgn,train,2022-01,country_in,country_de,-0.024985260858398733,0.14265894889831543
tgn,train,2022-01,country_in,country_fr,-0.3977465645439776,0.15924203395843506
tgn,train,2022-01,country_in,country_gb,0.9038293681738226,0.5689206719398499
tgn,train,2022-01,country_in,country_jp,2.580760363939763,0.09916554391384125
tgn,train,2022-01,country_in,country_kr,-0.6506548039597397,0.09148827195167542
tgn,train,2022-01,country_in,country_mx,0.10689298157432348,0.11636567115783691
tgn,train,2022-01,country_in,country_my,1.0288399183720045,0.11886931955814362
tgn,train,2022-01,country_in,country_ph,-0.05412340538220603,0.15037542581558228
tgn,train,2022-01,country_in,country_sg,0.7727280609440599,0.19206631183624268
tgn,train,2022-01,country_in,country_th,0.32106714360460636,0.21234750747680664
tgn,train,2022-01,country_in,country_us,-0.5962768941782408,0.20110943913459778
tgn,train,2022-01,country_in,country_vn,-0.8125895547792278,0.11581441760063171
tgn,train,2022-01,country_jp,country_203,0.018930494343733693,-0.007761716842651367
tgn,train,2022-01,country_jp,country_344,-0.06746975601102648,-0.00787699967622757
tgn,train,2022-01,country_jp,country_372,-0.11849627698120628,-0.011136218905448914
tgn,train,2022-01,country_jp,country_380,-0.315292530097385,-0.011811420321464539
tgn,train,2022-01,country_jp,country_cn,-0.21669950190173493,0.08250045776367188
tgn,train,2022-01,country_jp,country_de,0.22158536976559123,0.10578855872154236
tgn,train,2022-01,country_jp,country_fr,0.619600420149393,0.13145892322063446
tgn,train,2022-01,country_jp,country_gb,0.7473643816634425,0.5547749400138855
tgn,train,2022-01,country_jp,country_in,0.16471679044357795,0.4077683091163635
tgn,train,2022-01,country_jp,country_kr,0.07644449466007587,0.06994803249835968
tgn,train,2022-01,country_jp,country_mx,-0.08304134882636377,0.08457446098327637
tgn,train,2022-01,country_jp,country_my,-0.12895237421370467,0.10560745000839233
tgn,train,2022-01,country_jp,country_ph,0.20296916003432278,0.14293965697288513
tgn,train,2022-01,country_jp,country_sg,0.24589413078257452,0.17461133003234863
tgn,train,2022-01,country_jp,country_th,-0.12313558920075426,0.207655131816864
tgn,train,2022-01,country_jp,country_us,0.10205172771767015,0.12321898341178894
tgn,train,2022-01,country_jp,country_vn,0.10878111442474407,0.07152843475341797
tgn,train,2022-01,country_kr,country_203,-0.22524039569240806,-0.00747893750667572
tgn,train,2022-01,country_kr,country_344,-0.23391517472509837,0.0007482469081878662
tgn,train,2022-01,country_kr,country_372,-0.6523189384013138,0.004223093390464783
tgn,train,2022-01,country_kr,country_380,-0.14494629211003918,-0.0069462209939956665
tgn,train,2022-01,country_kr,country_cn,-0.16663890138673063,0.08904638886451721
tgn,train,2022-01,country_kr,country_de,0.07474524970908514,0.1159115880727768
tgn,train,2022-01,country_kr,country_fr,0.2637352024938886,0.13317960500717163
tgn,train,2022-01,country_kr,country_gb,4.100710008671114,0.5848652720451355
tgn,train,2022-01,country_kr,country_in,0.8863337095214435,0.4601784348487854
tgn,train,2022-01,country_kr,country_jp,0.2622701253095862,0.08028893172740936
tgn,train,2022-01,country_kr,country_mx,0.0677829460824164,0.09493222832679749
tgn,train,2022-01,country_kr,country_my,-0.06343152833750922,0.10989904403686523
tgn,train,2022-01,country_kr,country_ph,0.03642166156273177,0.14386257529258728
tgn,train,2022-01,country_kr,country_sg,0.06883742036390146,0.18295902013778687
tgn,train,2022-01,country_kr,country_th,0.011186222514468769,0.24817228317260742
tgn,train,2022-01,country_kr,country_us,-0.08891856092874079,0.13658122718334198
tgn,train,2022-01,country_kr,country_vn,0.1673214477796601,0.07987171411514282
tgn,train,2022-01,country_mx,country_203,-0.29478918910464147,0.03615947067737579
tgn,train,2022-01,country_mx,country_344,-0.515100503799686,0.012208402156829834
tgn,train,2022-01,country_mx,country_372,0.28472840794114723,0.048214882612228394
tgn,train,2022-01,country_mx,country_380,-0.6614973118266736,0.03865864872932434
tgn,train,2022-01,country_mx,country_cn,-0.17756611709330045,0.09354498982429504
tgn,train,2022-01,country_mx,country_de,-0.0010122085148053846,0.125203937292099
tgn,train,2022-01,country_mx,country_fr,-0.03811298776064445,0.13941770792007446
tgn,train,2022-01,country_mx,country_gb,0.7126448040905728,0.6153903603553772
tgn,train,2022-01,country_mx,country_in,-0.4406238547548545,0.44329971075057983
tgn,train,2022-01,country_mx,country_jp,0.5209641320749425,0.08006647229194641
tgn,train,2022-01,country_mx,country_kr,0.06956578155862829,0.07751649618148804
tgn,train,2022-01,country_mx,country_my,-0.29885215119652203,0.1195109486579895
tgn,train,2022-01,country_mx,country_ph,7.374258094916255,0.12348079681396484
tgn,train,2022-01,country_mx,country_sg,-0.2237381606600456,0.17212450504302979
tgn,train,2022-01,country_mx,country_th,-0.05805289755285239,0.2547440230846405
tgn,train,2022-01,country_mx,country_us,-0.01567920191877804,0.14366459846496582
tgn,train,2022-01,country_mx,country_vn,1.1093896860441657,0.092910036444664
tgn,train,2022-01,country_my,country_203,-0.2985493341330052,0.009382210671901703
tgn,train,2022-01,country_my,country_344,-0.14179346310695742,0.011846736073493958
tgn,train,2022-01,country_my,country_372,-0.908085670818626,0.00854819267988205
tgn,train,2022-01,country_my,country_380,-0.054315533032697864,0.005370862782001495
tgn,train,2022-01,country_my,country_cn,-0.13109354514033408,0.10454928874969482
tgn,train,2022-01,country_my,country_de,0.19314444042039572,0.12643060088157654
tgn,train,2022-01,country_my,country_fr,0.0853965176272533,0.1397564858198166
tgn,train,2022-01,country_my,country_gb,3.7723047636436875,0.5892385840415955
tgn,train,2022-01,country_my,country_in,0.7228854276131524,0.44164639711380005
tgn,train,2022-01,country_my,country_jp,0.2065481903581984,0.09072807431221008
tgn,train,2022-01,country_my,country_kr,0.06931451384677098,0.08720594644546509
tgn,train,2022-01,country_my,country_mx,0.19600814812134187,0.1004239022731781
tgn,train,2022-01,country_my,country_ph,-0.16407579761200514,0.1434614062309265
tgn,train,2022-01,country_my,country_sg,-0.02372129030382537,0.1869429051876068
tgn,train,2022-01,country_my,country_th,0.02262375890616693,0.22682183980941772
tgn,train,2022-01,country_my,country_us,-0.2604025155100118,0.1515607237815857
tgn,train,2022-01,country_my,country_vn,-0.22060969130977337,0.0902370810508728
tgn,train,2022-01,country_ph,country_203,0.5741185659260067,0.01692424714565277
tgn,train,2022-01,country_ph,country_344,-0.10267486753458392,0.021199673414230347
tgn,train,2022-01,country_ph,country_372,0.5283158480027174,0.016970261931419373
tgn,train,2022-01,country_ph,country_380,-0.5559548193686421,0.014698266983032227
tgn,train,2022-01,country_ph,country_cn,-0.17457392570406868,0.10717839002609253
tgn,train,2022-01,country_ph,country_de,0.0953812847610011,0.1311371624469757
tgn,train,2022-01,country_ph,country_fr,0.2890868323289072,0.14242547750473022
tgn,train,2022-01,country_ph,country_gb,1.2050836757690737,0.5624545216560364
tgn,train,2022-01,country_ph,country_in,0.33917944346742,0.4057050943374634
tgn,train,2022-01,country_ph,country_jp,0.10019274687110377,0.09650316834449768
tgn,train,2022-01,country_ph,country_kr,-0.03559339870128303,0.09442447125911713
tgn,train,2022-01,country_ph,country_mx,-0.07593259731458346,0.11059975624084473
tgn,train,2022-01,country_ph,country_my,0.12115190335099724,0.12838873267173767
tgn,train,2022-01,country_ph,country_sg,0.05238035856496745,0.18239110708236694
tgn,train,2022-01,country_ph,country_th,0.09727239034609357,0.2102615237236023
tgn,train,2022-01,country_ph,country_us,0.2583394365878304,0.14825677871704102
tgn,train,2022-01,country_ph,country_vn,-0.1208358481264402,0.09708376228809357
tgn,train,2022-01,country_sg,country_203,0.30494917416274014,0.021563708782196045
tgn,train,2022-01,country_sg,country_344,-0.006009841677989958,0.03385874629020691
tgn,train,2022-01,country_sg,country_372,0.17883416019590512,0.012288831174373627
tgn,train,2022-01,country_sg,country_380,-0.8373269578492828,0.025174379348754883
tgn,train,2022-01,country_sg,country_cn,-0.2366424593470655,0.10534048080444336
tgn,train,2022-01,country_sg,country_de,-0.011447637584078295,0.13043224811553955
tgn,train,2022-01,country_sg,country_fr,0.42714514065683146,0.1426687240600586
tgn,train,2022-01,country_sg,country_gb,0.19633644566173736,0.521821916103363
tgn,train,2022-01,country_sg,country_in,0.238835873574911,0.3895791172981262
tgn,train,2022-01,country_sg,country_jp,0.054944811837991624,0.09856003522872925
tgn,train,2022-01,country_sg,country_kr,0.08648133377266683,0.09336090087890625
tgn,train,2022-01,country_sg,country_mx,-0.00980472800466013,0.10856200754642487
tgn,train,2022-01,country_sg,country_my,0.3856427263576367,0.12809237837791443
tgn,train,2022-01,country_sg,country_ph,-0.09828972810149497,0.15261310338974
tgn,train,2022-01,country_sg,country_th,-0.04444811728162855,0.19935369491577148
tgn,train,2022-01,country_sg,country_us,-0.27467310789967286,0.15518653392791748
tgn,train,2022-01,country_sg,country_vn,-0.25774017388377585,0.09721450507640839
tgn,train,2022-01,country_th,country_203,0.22952190138168585,0.037398576736450195
tgn,train,2022-01,country_th,country_344,-0.24782442608450284,0.03967830538749695
tgn,train,2022-01,country_th,country_372,0.3096688968389093,0.0356430858373642
tgn,train,2022-01,country_th,country_380,-0.23334074261568508,0.037588655948638916
tgn,train,2022-01,country_th,country_cn,-0.0718893167472026,0.1083475649356842
tgn,train,2022-01,country_th,country_de,0.19778977975998369,0.13357651233673096
tgn,train,2022-01,country_th,country_fr,0.22287266029480088,0.14623650908470154
tgn,train,2022-01,country_th,country_gb,0.8225544809445283,0.5086268186569214
tgn,train,2022-01,country_th,country_in,-0.24055715455807913,0.3494422435760498
tgn,train,2022-01,country_th,country_jp,0.16509777884356144,0.09710822999477386
tgn,train,2022-01,country_th,country_kr,0.10850713102244398,0.09025177359580994
tgn,train,2022-01,country_th,country_mx,0.1010433693424219,0.10493601858615875
tgn,train,2022-01,country_th,country_my,0.138952301414284,0.13279485702514648
tgn,train,2022-01,country_th,country_ph,0.062281129391581286,0.1512429118156433
tgn,train,2022-01,country_th,country_sg,0.330707826751703,0.18075594305992126
tgn,train,2022-01,country_th,country_us,0.15445117099203629,0.1681264042854309
tgn,train,2022-01,country_th,country_vn,0.30244133782225313,0.10024891793727875
tgn,train,2022-01,country_tw,country_203,0.6221836740375765,-0.010600738227367401
tgn,train,2022-01,country_tw,country_344,0.06741028327299751,-0.004063121974468231
tgn,train,2022-01,country_tw,country_372,0.18790973065301644,-0.014697723090648651
tgn,train,2022-01,country_tw,country_380,-0.49436550655606,-0.009833425283432007
tgn,train,2022-01,country_tw,country_cn,-0.1551738320703624,0.0842415988445282
tgn,train,2022-01,country_tw,country_de,0.21592059798085597,0.11212828755378723
tgn,train,2022-01,country_tw,country_fr,0.20111394322298792,0.1275770515203476
tgn,train,2022-01,country_tw,country_gb,1.021408742603222,0.5581977963447571
tgn,train,2022-01,country_tw,country_in,0.023841847628375414,0.41257256269454956
tgn,train,2022-01,country_tw,country_jp,-0.1584645499811768,0.08378937840461731
tgn,train,2022-01,country_tw,country_kr,0.035787792827257886,0.07077986001968384
tgn,train,2022-01,country_tw,country_mx,0.11701347824031437,0.08127745985984802
tgn,train,2022-01,country_tw,country_my,0.08589765217930603,0.10765182971954346
tgn,train,2022-01,country_tw,country_ph,-0.026425973047414602,0.1413261890411377
tgn,train,2022-01,country_tw,country_sg,0.07461005842364432,0.18521636724472046
tgn,train,2022-01,country_tw,country_th,-0.14528276984113955,0.2087174654006958
tgn,train,2022-01,country_tw,country_us,0.33394167346346876,0.1263386309146881
tgn,train,2022-01,country_tw,country_vn,0.06486415022625047,0.0700269341468811
tgn,train,2022-01,country_us,country_203,0.755284620148849,-0.04746574908494949
tgn,train,2022-01,country_us,country_344,-0.052632138665208196,-0.049495719373226166
tgn,train,2022-01,country_us,country_372,-0.1708166124096045,-0.05001194030046463
tgn,train,2022-01,country_us,country_380,-0.08772691995571105,-0.049287375062704086
tgn,train,2022-01,country_us,country_cn,-0.23115841605968673,-0.05408221110701561
tgn,train,2022-01,country_us,country_de,-0.13044951186587758,-0.023574553430080414
tgn,train,2022-01,country_us,country_fr,-0.007129663334284935,-0.014207497239112854
tgn,train,2022-01,country_us,country_gb,0.22059972404741107,0.3407278060913086
tgn,train,2022-01,country_us,country_in,-0.10012620699550422,0.21114200353622437
tgn,train,2022-01,country_us,country_jp,0.11607439481950226,-0.059440094977617264
tgn,train,2022-01,country_us,country_kr,-0.23054635770523205,-0.0641031563282013
tgn,train,2022-01,country_us,country_mx,-0.1294110966552902,-0.06420847028493881
tgn,train,2022-01,country_us,country_my,0.13582426576058595,-0.02194148302078247
tgn,train,2022-01,country_us,country_ph,-0.09992863985022617,-0.003739282488822937
tgn,train,2022-01,country_us,country_sg,-0.23050159602258358,0.01538209617137909
tgn,train,2022-01,country_us,country_th,0.04802591067955379,0.0496496707201004
tgn,train,2022-01,country_us,country_vn,-0.015195092844809287,-0.07628753781318665
tgn,train,2022-01,country_vn,country_203,1.046577499090412,0.0009163916110992432
tgn,train,2022-01,country_vn,country_344,-0.3191968739587036,0.003539741039276123
tgn,train,2022-01,country_vn,country_372,-0.009620994713789762,0.004158198833465576
tgn,train,2022-01,country_vn,country_380,-0.5214398507988504,-0.0040077343583106995
tgn,train,2022-01,country_vn,country_cn,-0.32347366008487005,0.09990641474723816
tgn,train,2022-01,country_vn,country_de,-0.07406293606391662,0.11629030108451843
tgn,train,2022-01,country_vn,country_fr,0.14802160729616004,0.1284823715686798
tgn,train,2022-01,country_vn,country_gb,4.725212220101119,0.552983820438385
tgn,train,2022-01,country_vn,country_in,0.29294867112122797,0.40759187936782837
tgn,train,2022-01,country_vn,country_jp,0.3755200046628355,0.07961511611938477
tgn,train,2022-01,country_vn,country_kr,0.16804331233246242,0.08137005567550659
tgn,train,2022-01,country_vn,country_mx,0.38252515430535516,0.09509891271591187
tgn,train,2022-01,country_vn,country_my,0.13573165143768584,0.11070764064788818
tgn,train,2022-01,country_vn,country_ph,-0.1815142026659406,0.11634616553783417
tgn,train,2022-01,country_vn,country_sg,-0.4821169986870751,0.16928547620773315
tgn,train,2022-01,country_vn,country_th,-0.10193562411962544,0.21069195866584778
tgn,train,2022-01,country_vn,country_us,-0.1840349017059578,0.1452438235282898
tgn,train,2022-02,country_203,country_344,-0.7256983680917393,-0.08565670251846313
tgn,train,2022-02,country_203,country_372,-0.38923632653048196,0.040382713079452515
tgn,train,2022-02,country_203,country_380,0.38424468349931845,-0.06820064038038254
tgn,train,2022-02,country_203,country_cn,-0.24660435788003135,0.006403349339962006
tgn,train,2022-02,country_203,country_de,0.24353458715189513,0.1488252580165863
tgn,train,2022-02,country_203,country_fr,-0.794544097724609,0.11398375034332275
tgn,train,2022-02,country_203,country_gb,-0.8993546852986507,0.7925245761871338
tgn,train,2022-02,country_203,country_in,2.5126547828589914,0.41567206382751465
tgn,train,2022-02,country_203,country_jp,0.09695583594149293,0.028386220335960388
tgn,train,2022-02,country_203,country_kr,0.665219543236937,0.06103333830833435
tgn,train,2022-02,country_203,country_mx,-0.10134702800235955,0.13904912769794464
tgn,train,2022-02,country_203,country_my,0.2521655242261188,0.06406262516975403
tgn,train,2022-02,country_203,country_ph,-0.34284285152112887,0.08677279949188232
tgn,train,2022-02,country_203,country_sg,0.08925810379448085,0.08796870708465576
tgn,train,2022-02,country_203,country_th,0.3914751201458517,0.10506749153137207
tgn,train,2022-02,country_203,country_us,-0.06749354769392155,0.1621931493282318
tgn,train,2022-02,country_203,country_vn,0.6889776883209381,0.07346701622009277
tgn,train,2022-02,country_344,country_203,0.11408569163254634,-0.025954052805900574
tgn,train,2022-02,country_344,country_372,2.415167463266306,-0.030475080013275146
tgn,train,2022-02,country_344,country_380,-0.7370468225611804,-0.040462128818035126
tgn,train,2022-02,country_344,country_cn,-0.4479610847282541,0.11013275384902954
tgn,train,2022-02,country_344,country_de,0.5069226491861366,0.08061239123344421
tgn,train,2022-02,country_344,country_fr,0.20901619523740397,0.08207936584949493
tgn,train,2022-02,country_344,country_gb,1.0234465049725092,0.6436330080032349
tgn,train,2022-02,country_344,country_in,0.42367628595173645,0.32716459035873413
tgn,train,2022-02,country_344,country_jp,1.7478842904767984,0.08849267661571503
tgn,train,2022-02,country_344,country_kr,0.08187595048237803,0.11410897970199585
tgn,train,2022-02,country_344,country_mx,1.3814450606109423,0.05246955156326294
tgn,train,2022-02,country_344,country_my,0.37694275676216055,0.09763069450855255
tgn,train,2022-02,country_344,country_ph,0.4377450546248117,0.10706216096878052
tgn,train,2022-02,country_344,country_sg,0.2684359823059718,0.09461794793605804
tgn,train,2022-02,country_344,country_th,0.45298323130034435,0.11196562647819519
tgn,train,2022-02,country_344,country_us,0.45229904799437104,0.1266588270664215
tgn,train,2022-02,country_344,country_vn,0.7328316049482426,0.09342619776725769
tgn,train,2022-02,country_372,country_203,0.6754392465843827,0.04919767379760742
tgn,train,2022-02,country_372,country_344,-0.6749580356563154,-0.05880819633603096
tgn,train,2022-02,country_372,country_380,1.6874315605227275,-0.06226205825805664
tgn,train,2022-02,country_372,country_cn,0.08775623284643909,0.05719056725502014
tgn,train,2022-02,country_372,country_de,0.009879408887608122,0.1525123417377472
tgn,train,2022-02,country_372,country_fr,-0.024420266054935517,0.13991177082061768
tgn,train,2022-02,country_372,country_gb,0.5430711336799782,0.7753635048866272
tgn,train,2022-02,country_372,country_in,5.789110707243376,0.40644532442092896
tgn,train,2022-02,country_372,country_jp,0.23141326116724031,0.0765148401260376
tgn,train,2022-02,country_372,country_kr,0.8271329410177174,0.09861564636230469
tgn,train,2022-02,country_372,country_mx,1.9432105663422887,0.12073734402656555
tgn,train,2022-02,country_372,country_my,-0.13892597154663228,0.06215912103652954
tgn,train,2022-02,country_372,country_ph,-0.08510830173321533,0.11588776111602783
tgn,train,2022-02,country_372,country_sg,0.24815236852231323,0.0871754139661789
tgn,train,2022-02,country_372,country_th,-0.5832700439444642,0.1238182932138443
tgn,train,2022-02,country_372,country_us,0.09718998906885772,0.1847679316997528
tgn,train,2022-02,country_372,country_vn,0.005471142186308676,0.08204934000968933
tgn,train,2022-02,country_380,country_203,-0.4721695081724335,-0.024836458265781403
tgn,train,2022-02,country_380,country_344,-0.7837255160913098,-0.03306301683187485
tgn,train,2022-02,country_380,country_372,0.8062865674503561,-0.02777707576751709
tgn,train,2022-02,country_380,country_cn,0.14795120270481912,0.1098860651254654
tgn,train,2022-02,country_380,country_de,0.315435335816697,0.09134861826896667
tgn,train,2022-02,country_380,country_fr,-0.04353437433890838,0.09074574708938599
tgn,train,2022-02,country_380,country_gb,0.5947929841981461,0.6255385279655457
tgn,train,2022-02,country_380,country_in,-0.055003475772617355,0.27667877078056335
tgn,train,2022-02,country_380,country_jp,-0.0967265646852906,0.07636511325836182
tgn,train,2022-02,country_380,country_kr,-0.12729756662247527,0.10452845692634583
tgn,train,2022-02,country_380,country_mx,0.3741575857861747,0.04850955307483673
tgn,train,2022-02,country_380,country_my,0.26344481733545116,0.08101791143417358
tgn,train,2022-02,country_380,country_ph,-0.0755686294378043,0.09862600266933441
tgn,train,2022-02,country_380,country_sg,0.31951594760471974,0.0956447571516037
tgn,train,2022-02,country_380,country_th,0.22334122614191376,0.10875965654850006
tgn,train,2022-02,country_380,country_us,-0.14742440724928582,0.13942712545394897
tgn,train,2022-02,country_380,country_vn,2.765584138550841,0.05079743266105652
tgn,train,2022-02,country_50,country_jp,0.06077940235484235,-0.34039801359176636
tgn,train,2022-02,country_50,country_my,-0.9135154747373101,-0.3603191375732422
tgn,train,2022-02,country_50,country_sg,-0.4997914571797565,-0.3714791238307953
tgn,train,2022-02,country_cn,country_203,0.6069645048196545,0.260293573141098
tgn,train,2022-02,country_cn,country_344,-0.07264049066351443,0.14157742261886597
tgn,train,2022-02,country_cn,country_372,0.2213257106111471,0.23964184522628784
tgn,train,2022-02,country_cn,country_380,0.08947747292271707,0.15710872411727905
tgn,train,2022-02,country_cn,country_de,0.25583797172896033,0.2290629744529724
tgn,train,2022-02,country_cn,country_fr,0.42171211529573005,0.19897866249084473
tgn,train,2022-02,country_cn,country_gb,1.3507587067540796,1.0386772155761719
tgn,train,2022-02,country_cn,country_in,1.8959216926881288,0.671651303768158
tgn,train,2022-02,country_cn,country_jp,-0.009293486109286238,0.12082898616790771
tgn,train,2022-02,country_cn,country_kr,0.07554179560122037,0.1340619921684265
tgn,train,2022-02,country_cn,country_mx,0.13947950771916698,0.1816697120666504
tgn,train,2022-02,country_cn,country_my,0.3610526812896199,0.11329099535942078
tgn,train,2022-02,country_cn,country_ph,-0.07817572586329917,0.1484508514404297
tgn,train,2022-02,country_cn,country_sg,0.11043873812130862,0.15372228622436523
tgn,train,2022-02,country_cn,country_th,0.3393785880337522,0.19370320439338684
tgn,train,2022-02,country_cn,country_us,0.08585366250964516,0.12956440448760986
tgn,train,2022-02,country_cn,country_vn,0.01474840993909421,0.12728673219680786
tgn,train,2022-02,country_de,country_203,0.049881540795882896,0.035603493452072144
tgn,train,2022-02,country_de,country_344,0.04995444891605597,-0.0008871331810951233
tgn,train,2022-02,country_de,country_372,-0.05078268679523909,0.023173287510871887
tgn,train,2022-02,country_de,country_380,0.29679125079957125,0.009168773889541626
tgn,train,2022-02,country_de,country_cn,0.07691308019382813,0.10687369108200073
tgn,train,2022-02,country_de,country_fr,0.01737430079813693,0.1305055022239685
tgn,train,2022-02,country_de,country_gb,-0.7525114714358744,0.7446272373199463
tgn,train,2022-02,country_de,country_in,0.35320526527333534,0.43358224630355835
tgn,train,2022-02,country_de,country_jp,0.34196590751062517,0.104633629322052
tgn,train,2022-02,country_de,country_kr,0.14573242945036263,0.1297125667333603
tgn,train,2022-02,country_de,country_mx,0.358473206327621,0.12782569229602814
tgn,train,2022-02,country_de,country_my,-0.059922122638579475,0.10263228416442871
tgn,train,2022-02,country_de,country_ph,-0.14811770997407897,0.1225176751613617
tgn,train,2022-02,country_de,country_sg,-0.0898437333797553,0.11898541450500488
tgn,train,2022-02,country_de,country_th,0.1883106271871378,0.1445903778076172
tgn,train,2022-02,country_de,country_us,0.1736832311686496,0.1285911202430725
tgn,train,2022-02,country_de,country_vn,0.527332717456952,0.0928235650062561
tgn,train,2022-02,country_fr,country_203,0.19950420802981994,0.03098885715007782
tgn,train,2022-02,country_fr,country_344,-0.5088585154664951,-0.0003332793712615967
tgn,train,2022-02,country_fr,country_372,-0.0920545715054268,0.021589025855064392
tgn,train,2022-02,country_fr,country_380,0.24059887159149498,0.010471433401107788
tgn,train,2022-02,country_fr,country_cn,-0.019184168675556286,0.12513954937458038
tgn,train,2022-02,country_fr,country_de,0.335988694856507,0.13687016069889069
tgn,train,2022-02,country_fr,country_gb,-0.4424958248649317,0.7563680410385132
tgn,train,2022-02,country_fr,country_in,1.4040914406086804,0.44168752431869507
tgn,train,2022-02,country_fr,country_jp,0.4600731546035069,0.11013883352279663
tgn,train,2022-02,country_fr,country_kr,0.3220950100787146,0.13455446064472198
tgn,train,2022-02,country_fr,country_mx,-0.38348404753169874,0.1360541731119156
tgn,train,2022-02,country_fr,country_my,0.2886391194133085,0.10754318535327911
tgn,train,2022-02,country_fr,country_ph,0.214502343243315,0.12319304049015045
tgn,train,2022-02,country_fr,country_sg,0.031207084871075586,0.12676702439785004
tgn,train,2022-02,country_fr,country_th,0.10121608887807096,0.15044331550598145
tgn,train,2022-02,country_fr,country_us,0.10509407720930142,0.12622377276420593
tgn,train,2022-02,country_fr,country_vn,0.35227405786920807,0.11239668726921082
tgn,train,2022-02,country_gb,country_203,0.9107112084655343,0.2852688431739807
tgn,train,2022-02,country_gb,country_344,0.4363653848655159,0.22882884740829468
tgn,train,2022-02,country_gb,country_372,2.5650459381227977,0.2696917653083801
tgn,train,2022-02,country_gb,country_380,-0.1614945920343452,0.226826012134552
tgn,train,2022-02,country_gb,country_cn,0.07507132406439741,0.1406559944152832
tgn,train,2022-02,country_gb,country_de,0.22691272891277095,0.24747705459594727
tgn,train,2022-02,country_gb,country_fr,-0.1133779192809052,0.2382819652557373
tgn,train,2022-02,country_gb,country_in,1.9634506188101504,0.564823567867279
tgn,train,2022-02,country_gb,country_jp,0.44761597773243156,0.18043291568756104
tgn,train,2022-02,country_gb,country_kr,0.38269453383433294,0.21416187286376953
tgn,train,2022-02,country_gb,country_mx,0.8115315146818458,0.2537839412689209
tgn,train,2022-02,country_gb,country_my,0.2554353132257607,0.2003105878829956
tgn,train,2022-02,country_gb,country_ph,0.4027430645765468,0.21655991673469543
tgn,train,2022-02,country_gb,country_sg,-0.1301805762955336,0.217119038105011
tgn,train,2022-02,country_gb,country_th,0.10921398933321952,0.23949003219604492
tgn,train,2022-02,country_gb,country_us,0.3862139504045596,0.33702707290649414
tgn,train,2022-02,country_gb,country_vn,-0.8140402966961529,0.2027149200439453
tgn,train,2022-02,country_in,country_203,1.4108864048241463,0.15807679295539856
tgn,train,2022-02,country_in,country_344,0.17702545623658753,0.12761220335960388
tgn,train,2022-02,country_in,country_372,-0.5501824668733508,0.14432653784751892
tgn,train,2022-02,country_in,country_380,0.937333171366237,0.1210591197013855
tgn,train,2022-02,country_in,country_cn,-0.11943301456614529,0.11258259415626526
tgn,train,2022-02,country_in,country_de,0.28663697149412126,0.17901375889778137
tgn,train,2022-02,country_in,country_fr,-0.21928577985842987,0.17277252674102783
tgn,train,2022-02,country_in,country_gb,1.0324265309761211,0.8367347717285156
tgn,train,2022-02,country_in,country_jp,0.3658132171719058,0.13416911661624908
tgn,train,2022-02,country_in,country_kr,1.641218160557222,0.16954222321510315
tgn,train,2022-02,country_in,country_mx,-0.025327958971693473,0.18427270650863647
tgn,train,2022-02,country_in,country_my,0.6769107832350184,0.12576520442962646
tgn,train,2022-02,country_in,country_ph,-0.9352116294927415,0.16054168343544006
tgn,train,2022-02,country_in,country_sg,1.1977566758734945,0.16357135772705078
tgn,train,2022-02,country_in,country_th,-0.6781208464224933,0.19437479972839355
tgn,train,2022-02,country_in,country_us,-0.5728595243148983,0.2313740849494934
tgn,train,2022-02,country_in,country_vn,0.16149048544220207,0.14370295405387878
tgn,train,2022-02,country_jp,country_203,0.23492183887708382,0.09563738107681274
tgn,train,2022-02,country_jp,country_344,0.05709286871342657,0.025251254439353943
tgn,train,2022-02,country_jp,country_372,-0.3218644244545875,0.07465541362762451
tgn,train,2022-02,country_jp,country_380,-0.027530944100881086,0.01931115984916687
tgn,train,2022-02,country_jp,country_cn,-0.15249997415582506,0.12457916140556335
tgn,train,2022-02,country_jp,country_de,0.2699888835975157,0.13838616013526917
tgn,train,2022-02,country_jp,country_fr,0.3299526553294266,0.13531363010406494
tgn,train,2022-02,country_jp,country_gb,0.6949340129288268,0.8853587508201599
tgn,train,2022-02,country_jp,country_in,0.6570280465095484,0.5352271795272827
tgn,train,2022-02,country_jp,country_kr,0.1937463371088076,0.14123600721359253
tgn,train,2022-02,country_jp,country_mx,0.12253984925539713,0.1376904398202896
tgn,train,2022-02,country_jp,country_my,-0.01949695007542418,0.11122836172580719
tgn,train,2022-02,country_jp,country_ph,0.21993394158049223,0.1333574652671814
tgn,train,2022-02,country_jp,country_sg,0.1561652624521967,0.13355311751365662
tgn,train,2022-02,country_jp,country_th,0.07361099707521553,0.1592438519001007
tgn,train,2022-02,country_jp,country_us,0.1266765057490171,0.13577724993228912
tgn,train,2022-02,country_jp,country_vn,0.47692360997635513,0.10231044888496399
tgn,train,2022-02,country_kr,country_203,0.12519888820614916,0.046846598386764526
tgn,train,2022-02,country_kr,country_344,-0.05885790912600559,0.025374993681907654
tgn,train,2022-02,country_kr,country_372,4.3114313094341385,0.03598238527774811
tgn,train,2022-02,country_kr,country_380,-0.8759830928722104,0.005006961524486542
tgn,train,2022-02,country_kr,country_cn,0.03986898632138998,0.11888730525970459
tgn,train,2022-02,country_kr,country_de,0.1161604190893797,0.15304765105247498
tgn,train,2022-02,country_kr,country_fr,0.31441438843440406,0.15124431252479553
tgn,train,2022-02,country_kr,country_gb,3.284209029243933,0.8282933831214905
tgn,train,2022-02,country_kr,country_in,0.9758314830038246,0.5156061053276062
tgn,train,2022-02,country_kr,country_jp,0.6198536194548461,0.11920526623725891
tgn,train,2022-02,country_kr,country_mx,0.04462507249016696,0.15002641081809998
tgn,train,2022-02,country_kr,country_my,0.06527245536735381,0.12408873438835144
tgn,train,2022-02,country_kr,country_ph,-0.07643101075118357,0.14470034837722778
tgn,train,2022-02,country_kr,country_sg,0.27230415444236744,0.14622503519058228
tgn,train,2022-02,country_kr,country_th,0.4607140700656848,0.17121323943138123
tgn,train,2022-02,country_kr,country_us,0.17211576105042595,0.15513989329338074
tgn,train,2022-02,country_kr,country_vn,0.5185061193087538,0.11489197611808777
tgn,train,2022-02,country_mx,country_203,1.2292587065411722,0.037356555461883545
tgn,train,2022-02,country_mx,country_344,-0.21230307534775603,0.011038891971111298
tgn,train,2022-02,country_mx,country_372,0.15489302147847417,0.026297777891159058
tgn,train,2022-02,country_mx,country_380,-0.23703263714107586,6.759166717529297e-05
tgn,train,2022-02,country_mx,country_cn,-0.03069186435264066,0.11108008027076721
tgn,train,2022-02,country_mx,country_de,0.007208121614964585,0.1431058943271637
tgn,train,2022-02,country_mx,country_fr,-0.13338393503144022,0.13718396425247192
tgn,train,2022-02,country_mx,country_gb,0.5981083343154966,0.7302085161209106
tgn,train,2022-02,country_mx,country_in,0.005019615228823377,0.40520358085632324
tgn,train,2022-02,country_mx,country_jp,0.5493760191256415,0.11605674028396606
tgn,train,2022-02,country_mx,country_kr,0.23009713682456343,0.14266330003738403
tgn,train,2022-02,country_mx,country_my,0.05225300732422617,0.09508353471755981
tgn,train,2022-02,country_mx,country_ph,0.28392731186829046,0.12432861328125
tgn,train,2022-02,country_mx,country_sg,0.08137583007024106,0.13028442859649658
tgn,train,2022-02,country_mx,country_th,0.9530053588872947,0.15699073672294617
tgn,train,2022-02,country_mx,country_us,0.37081514443863905,0.14339905977249146
tgn,train,2022-02,country_mx,country_vn,0.19092806217657146,0.1087787002325058
tgn,train,2022-02,country_my,country_203,0.020410802657475507,0.029918283224105835
tgn,train,2022-02,country_my,country_344,0.03583714665211453,0.006966844201087952
tgn,train,2022-02,country_my,country_372,-0.5160057912899042,0.016247659921646118
tgn,train,2022-02,country_my,country_380,-0.2138424441583861,-0.011308908462524414
tgn,train,2022-02,country_my,country_cn,0.10634387392373328,0.1085030734539032
tgn,train,2022-02,country_my,country_de,0.2615415498119211,0.14429301023483276
tgn,train,2022-02,country_my,country_fr,0.35976324952232697,0.13525456190109253
tgn,train,2022-02,country_my,country_gb,2.29058514001503,0.833435595035553
tgn,train,2022-02,country_my,country_in,0.4000625807716027,0.5054414868354797
tgn,train,2022-02,country_my,country_jp,0.35337725649488366,0.10904619097709656
tgn,train,2022-02,country_my,country_kr,0.17363615138642643,0.13860633969306946
tgn,train,2022-02,country_my,country_mx,-0.03440195604966048,0.13550986349582672
tgn,train,2022-02,country_my,country_ph,-0.057283447231733335,0.12421537935733795
tgn,train,2022-02,country_my,country_sg,0.31934429691181415,0.13210642337799072
tgn,train,2022-02,country_my,country_th,0.22164058081398944,0.1598697304725647
tgn,train,2022-02,country_my,country_us,0.2597331663308907,0.14295804500579834
tgn,train,2022-02,country_my,country_vn,0.21786795111590956,0.09933829307556152
tgn,train,2022-02,country_ph,country_203,0.6959884748078616,0.03490528464317322
tgn,train,2022-02,country_ph,country_344,0.11525108650146199,0.012786753475666046
tgn,train,2022-02,country_ph,country_372,0.6485101649117594,0.0230502188205719
tgn,train,2022-02,country_ph,country_380,-0.47837297609304075,-0.008650705218315125
tgn,train,2022-02,country_ph,country_cn,0.13005511254917068,0.119516521692276
tgn,train,2022-02,country_ph,country_de,0.2223019362850376,0.14074310660362244
tgn,train,2022-02,country_ph,country_fr,0.2837577973255956,0.1389419287443161
tgn,train,2022-02,country_ph,country_gb,1.7185386898518655,0.8043549656867981
tgn,train,2022-02,country_ph,country_in,0.5575435941423772,0.47474056482315063
tgn,train,2022-02,country_ph,country_jp,0.2613803611853068,0.11417791247367859
tgn,train,2022-02,country_ph,country_kr,0.20328620276376816,0.1425742506980896
tgn,train,2022-02,country_ph,country_mx,-0.09328925420001047,0.14000572264194489
tgn,train,2022-02,country_ph,country_my,0.3131040219340255,0.11969484388828278
tgn,train,2022-02,country_ph,country_sg,0.1289228705420632,0.13443031907081604
tgn,train,2022-02,country_ph,country_th,0.28761560702588496,0.16033241152763367
tgn,train,2022-02,country_ph,country_us,0.2944291168039355,0.13800302147865295
tgn,train,2022-02,country_ph,country_vn,0.13544181033419814,0.10475662350654602
tgn,train,2022-02,country_sg,country_203,0.9853857608508882,0.030072808265686035
tgn,train,2022-02,country_sg,country_344,0.1188400747836147,0.02052167057991028
tgn,train,2022-02,country_sg,country_372,0.5460071595148418,0.02291703224182129
tgn,train,2022-02,country_sg,country_380,-0.809423231220269,-0.002238363027572632
tgn,train,2022-02,country_sg,country_cn,0.1861735527755873,0.11814910173416138
tgn,train,2022-02,country_sg,country_de,0.7399713915596436,0.1428963541984558
tgn,train,2022-02,country_sg,country_fr,0.18942283929025722,0.13943764567375183
tgn,train,2022-02,country_sg,country_gb,0.02936851637267293,0.7902464866638184
tgn,train,2022-02,country_sg,country_in,0.6638270037389391,0.4950212836265564
tgn,train,2022-02,country_sg,country_jp,0.17278248998341236,0.11881589889526367
tgn,train,2022-02,country_sg,country_kr,-0.1326257897224139,0.14517825841903687
tgn,train,2022-02,country_sg,country_mx,0.2338807401503935,0.14283666014671326
tgn,train,2022-02,country_sg,country_my,0.6490918981063059,0.12011078000068665
tgn,train,2022-02,country_sg,country_ph,0.21460101945544774,0.13677939772605896
tgn,train,2022-02,country_sg,country_th,0.3120032655955416,0.16252660751342773
tgn,train,2022-02,country_sg,country_us,-0.2056528228580218,0.1451583206653595
tgn,train,2022-02,country_sg,country_vn,0.6720721482578191,0.1074875146150589
tgn,train,2022-02,country_th,country_203,0.7552575758449772,0.04984822869300842
tgn,train,2022-02,country_th,country_344,-0.06389035613822601,0.02625095844268799
tgn,train,2022-02,country_th,country_372,0.2977901522074962,0.03880611062049866
tgn,train,2022-02,country_th,country_380,-0.4155842881973081,0.014267206192016602
tgn,train,2022-02,country_th,country_cn,0.13222264290076327,0.12151320278644562
tgn,train,2022-02,country_th,country_de,0.3208002396670986,0.15323996543884277
tgn,train,2022-02,country_th,country_fr,0.6235330091042125,0.15185695886611938
tgn,train,2022-02,country_th,country_gb,0.795357105339592,0.7909728288650513
tgn,train,2022-02,country_th,country_in,0.11110800291129388,0.47659140825271606
tgn,train,2022-02,country_th,country_jp,0.26683053628241277,0.12523376941680908
tgn,train,2022-02,country_th,country_kr,0.44549718013605466,0.15684887766838074
tgn,train,2022-02,country_th,country_mx,0.2872030132534864,0.15378621220588684
tgn,train,2022-02,country_th,country_my,0.23803706269106314,0.10529366135597229
tgn,train,2022-02,country_th,country_ph,0.14794298327695357,0.1449042558670044
tgn,train,2022-02,country_th,country_sg,0.6434154632840042,0.14736396074295044
tgn,train,2022-02,country_th,country_us,0.41017697794741087,0.16272377967834473
tgn,train,2022-02,country_th,country_vn,0.38496850520870296,0.1186060905456543
tgn,train,2022-02,country_tw,country_203,0.8682746116254368,0.026919960975646973
tgn,train,2022-02,country_tw,country_344,0.28193915175146667,0.011516518890857697
tgn,train,2022-02,country_tw,country_372,1.3983676230322748,0.016425669193267822
tgn,train,2022-02,country_tw,country_380,-0.745110133223862,-0.007684633135795593
tgn,train,2022-02,country_tw,country_cn,0.04963413434131181,0.11072637140750885
tgn,train,2022-02,country_tw,country_de,0.1864174921135494,0.1393110156059265
tgn,train,2022-02,country_tw,country_fr,0.1254517245913821,0.13257841765880585
tgn,train,2022-02,country_tw,country_gb,0.999050445195043,0.7815864682197571
tgn,train,2022-02,country_tw,country_in,0.027856879125102898,0.4692450165748596
tgn,train,2022-02,country_tw,country_jp,0.04725068324873641,0.1173364520072937
tgn,train,2022-02,country_tw,country_kr,0.22686881920736282,0.14021605253219604
tgn,train,2022-02,country_tw,country_mx,0.2309426815394681,0.1338755488395691
tgn,train,2022-02,country_tw,country_my,0.1964538860442307,0.11240231990814209
tgn,train,2022-02,country_tw,country_ph,0.1967409071362904,0.12812307476997375
tgn,train,2022-02,country_tw,country_sg,0.15670278341411872,0.13286332786083221
tgn,train,2022-02,country_tw,country_th,0.061601848672680495,0.1565576195716858
tgn,train,2022-02,country_tw,country_us,0.23369754668600715,0.13334019482135773
tgn,train,2022-02,country_tw,country_vn,0.47918683931599815,0.09915526211261749
tgn,train,2022-02,country_us,country_203,0.4710464899554228,-0.012166336178779602
tgn,train,2022-02,country_us,country_344,0.11770435075833703,-0.05671519413590431
tgn,train,2022-02,country_us,country_372,-0.15039723438617084,-0.02503301203250885
tgn,train,2022-02,country_us,country_380,-0.17023296825031337,-0.0689859390258789
tgn,train,2022-02,country_us,country_cn,-0.18428963622178662,-0.05784951150417328
tgn,train,2022-02,country_us,country_de,0.37864783546271596,-0.011849746108055115
tgn,train,2022-02,country_us,country_fr,-0.04275490847987236,-0.00780748575925827
tgn,train,2022-02,country_us,country_gb,0.21562058768854936,0.5043692588806152
tgn,train,2022-02,country_us,country_in,0.5518498348166244,0.22691363096237183
tgn,train,2022-02,country_us,country_jp,0.012317128153862645,-0.03987334668636322
tgn,train,2022-02,country_us,country_kr,-0.24633606007271247,-0.012562431395053864
tgn,train,2022-02,country_us,country_mx,0.27628424230532256,-0.028758756816387177
tgn,train,2022-02,country_us,country_my,0.19483449682112683,-0.02184562385082245
tgn,train,2022-02,country_us,country_ph,-0.01760766010254708,-0.01763966679573059
tgn,train,2022-02,country_us,country_sg,0.26586054924666974,-0.021161243319511414
tgn,train,2022-02,country_us,country_th,0.1274870635045779,0.00296107679605484
tgn,train,2022-02,country_us,country_vn,-0.09613898392586813,-0.06233116611838341
tgn,train,2022-02,country_vn,country_203,-0.08693513732784104,0.032934218645095825
tgn,train,2022-02,country_vn,country_344,0.26396982524017554,0.009728848934173584
tgn,train,2022-02,country_vn,country_372,6.096366921352227,0.024862036108970642
tgn,train,2022-02,country_vn,country_380,-0.6649816891157997,-0.011058345437049866
tgn,train,2022-02,country_vn,country_cn,0.7830378166572121,0.11213427782058716
tgn,train,2022-02,country_vn,country_de,0.4629847382913627,0.1394931972026825
tgn,train,2022-02,country_vn,country_fr,2.5546250067001535,0.13587239384651184
tgn,train,2022-02,country_vn,country_gb,5.19464874195575,0.7962356805801392
tgn,train,2022-02,country_vn,country_in,0.23186129099478855,0.4797423481941223
tgn,train,2022-02,country_vn,country_jp,0.40722541794632544,0.11033618450164795
tgn,train,2022-02,country_vn,country_kr,0.06809174635497901,0.1411547064781189
tgn,train,2022-02,country_vn,country_mx,0.18718660655090558,0.13994985818862915
tgn,train,2022-02,country_vn,country_my,-0.21800077880722993,0.09116753935813904
tgn,train,2022-02,country_vn,country_ph,-0.0505602010083857,0.11830195784568787
tgn,train,2022-02,country_vn,country_sg,0.05014976835737369,0.1272023469209671
tgn,train,2022-02,country_vn,country_th,0.4551093962995176,0.16156604886054993
tgn,train,2022-02,country_vn,country_us,0.09631902702610867,0.1482524573802948
tgn,train,2022-03,country_203,country_344,-0.5260449034970572,-0.19979101419448853
tgn,train,2022-03,country_203,country_372,-0.8305953372882268,0.21415483951568604
tgn,train,2022-03,country_203,country_380,-0.19236470015906826,-0.18091851472854614
tgn,train,2022-03,country_203,country_cn,-0.10776965828988888,-0.002872370183467865
tgn,train,2022-03,country_203,country_de,-0.21292726349672808,0.08838334679603577
tgn,train,2022-03,country_203,country_fr,-0.8988340414124583,0.07228133082389832
tgn,train,2022-03,country_203,country_gb,-0.8323671839683408,0.1201513260602951
tgn,train,2022-03,country_203,country_in,7.847503996793552,0.6498414278030396
tgn,train,2022-03,country_203,country_jp,-0.12134682797351432,-0.0025344863533973694
tgn,train,2022-03,country_203,country_kr,1.955516274246388,-0.007265642285346985
tgn,train,2022-03,country_203,country_mx,-0.6357064630312816,-0.011454552412033081
tgn,train,2022-03,country_203,country_my,-0.08889326594928948,0.0612635612487793
tgn,train,2022-03,country_203,country_ph,-0.42299687090107535,0.005830809473991394
tgn,train,2022-03,country_203,country_sg,0.23372145788803542,0.06676545739173889
tgn,train,2022-03,country_203,country_th,-0.15592770137752288,0.08690184354782104
tgn,train,2022-03,country_203,country_us,0.3320526448197162,0.18741625547409058
tgn,train,2022-03,country_203,country_vn,-0.09096286650109804,0.061423689126968384
tgn,train,2022-03,country_344,country_203,0.07266903089724869,-0.09248635917901993
tgn,train,2022-03,country_344,country_372,1.4578815258712585,0.21397322416305542
tgn,train,2022-03,country_344,country_380,-0.9652251472103104,-0.1527160108089447
tgn,train,2022-03,country_344,country_cn,-0.1525124260981846,0.05064123868942261
tgn,train,2022-03,country_344,country_de,1.8228162885718997,0.14006227254867554
tgn,train,2022-03,country_344,country_fr,0.350324915921376,0.12631791830062866
tgn,train,2022-03,country_344,country_gb,2.962923477726765,0.186412513256073
tgn,train,2022-03,country_344,country_in,0.1643556320570462,0.6315101385116577
tgn,train,2022-03,country_344,country_jp,0.40661219422980593,0.05945029854774475
tgn,train,2022-03,country_344,country_kr,0.03199788521199103,0.07798248529434204
tgn,train,2022-03,country_344,country_mx,0.5145491312869267,0.052688151597976685
tgn,train,2022-03,country_344,country_my,0.5046048698360298,0.14193511009216309
tgn,train,2022-03,country_344,country_ph,0.24689821919807098,0.08482551574707031
tgn,train,2022-03,country_344,country_sg,-0.07408731964483975,0.16223478317260742
tgn,train,2022-03,country_344,country_th,0.457871149495326,0.14511370658874512
tgn,train,2022-03,country_344,country_us,0.8240180238406069,0.16744470596313477
tgn,train,2022-03,country_344,country_vn,-0.067579022327452,0.11016601324081421
tgn,train,2022-03,country_372,country_203,0.20814073394922789,-0.19838255643844604
tgn,train,2022-03,country_372,country_344,-0.6590751855879385,-0.2816498875617981
tgn,train,2022-03,country_372,country_380,-0.15240827446074592,-0.27782800793647766
tgn,train,2022-03,country_372,country_cn,-0.1207925749078313,-0.1317482888698578
tgn,train,2022-03,country_372,country_de,0.4736610438062083,-0.05257001519203186
tgn,train,2022-03,country_372,country_fr,0.3058382834225494,-0.04181253910064697
tgn,train,2022-03,country_372,country_gb,-0.06208374289018097,0.027244731783866882
tgn,train,2022-03,country_372,country_in,3.2603663037141,0.8358146548271179
tgn,train,2022-03,country_372,country_jp,-0.16921044547859895,-0.12995080649852753
tgn,train,2022-03,country_372,country_kr,-0.2973117111271623,-0.11995324492454529
tgn,train,2022-03,country_372,country_mx,-0.24264717294470053,-0.16893093287944794
tgn,train,2022-03,country_372,country_my,-0.33927941719729254,-0.05395512282848358
tgn,train,2022-03,country_372,country_ph,0.038434729573721925,-0.13928775489330292
tgn,train,2022-03,country_372,country_sg,-0.04610896553004262,-0.04347026348114014
tgn,train,2022-03,country_372,country_th,7.161750007749477,-0.03146419674158096
tgn,train,2022-03,country_372,country_us,0.043177961753274104,0.29077577590942383
tgn,train,2022-03,country_372,country_vn,0.22279236668612595,-0.00982627272605896
tgn,train,2022-03,country_380,country_203,-0.524670910395446,-0.07507737725973129
tgn,train,2022-03,country_380,country_344,-0.5893103749537627,-0.12687399983406067
tgn,train,2022-03,country_380,country_372,1.091619752127881,0.2323620617389679
tgn,train,2022-03,country_380,country_cn,-0.046912161552138704,0.08295021951198578
tgn,train,2022-03,country_380,country_de,-0.24054249729709518,0.14654779434204102
tgn,train,2022-03,country_380,country_fr,-0.2807909744562641,0.1389741599559784
tgn,train,2022-03,country_380,country_gb,0.006335510100204432,0.16794037818908691
tgn,train,2022-03,country_380,country_in,0.07165567515996286,0.5723952054977417
tgn,train,2022-03,country_380,country_jp,-0.43914390503298495,0.0644310861825943
tgn,train,2022-03,country_380,country_kr,-0.245746060744607,0.07447096705436707
tgn,train,2022-03,country_380,country_mx,0.4817378736863051,0.07335260510444641
tgn,train,2022-03,country_380,country_my,-0.0036482301071170562,0.13632777333259583
tgn,train,2022-03,country_380,country_ph,0.16007582713439916,0.08818870782852173
tgn,train,2022-03,country_380,country_sg,0.13491199076977878,0.15519744157791138
tgn,train,2022-03,country_380,country_th,-0.2443660660804125,0.11806067824363708
tgn,train,2022-03,country_380,country_us,0.006583639041006721,0.1595579981803894
tgn,train,2022-03,country_380,country_vn,0.3501093359922067,0.08173930644989014
tgn,train,2022-03,country_50,country_jp,0.32705531573247104,0.06606683135032654
tgn,train,2022-03,country_50,country_my,-0.8831119287854065,0.07955586910247803
tgn,train,2022-03,country_50,country_sg,0.3305401321453441,0.08646759390830994
tgn,train,2022-03,country_cn,country_203,-0.14623625242674998,0.046952784061431885
tgn,train,2022-03,country_cn,country_344,-0.15980912352533114,-0.00045143812894821167
tgn,train,2022-03,country_cn,country_372,0.226140635308592,0.31486210227012634
tgn,train,2022-03,country_cn,country_380,0.027849026657080375,-0.0029927492141723633
tgn,train,2022-03,country_cn,country_de,0.16228650169305406,0.17526161670684814
tgn,train,2022-03,country_cn,country_fr,0.44679859629199753,0.15408194065093994
tgn,train,2022-03,country_cn,country_gb,1.503653985237086,0.21548476815223694
tgn,train,2022-03,country_cn,country_in,0.05423305362223391,0.6459885239601135
tgn,train,2022-03,country_cn,country_jp,-0.10829664668216624,0.11685594916343689
tgn,train,2022-03,country_cn,country_kr,0.044487409267676165,0.1251528561115265
tgn,train,2022-03,country_cn,country_mx,0.14771580942609847,0.11310511827468872
tgn,train,2022-03,country_cn,country_my,0.3143574454870913,0.15901640057563782
tgn,train,2022-03,country_cn,country_ph,-0.20764603325779768,0.13094154000282288
tgn,train,2022-03,country_cn,country_sg,0.016779587266684683,0.18291422724723816
tgn,train,2022-03,country_cn,country_th,0.20059030327238714,0.18852216005325317
tgn,train,2022-03,country_cn,country_us,0.2584153147177648,0.18488812446594238
tgn,train,2022-03,country_cn,country_vn,0.05952083295655789,0.1069081574678421
tgn,train,2022-03,country_de,country_203,-0.04402915151325289,0.023085981607437134
tgn,train,2022-03,country_de,country_344,-0.03929874098309029,0.0034870654344558716
tgn,train,2022-03,country_de,country_372,0.24245499974251009,0.25840434432029724
tgn,train,2022-03,country_de,country_380,0.14533222714924632,0.012217551469802856
tgn,train,2022-03,country_de,country_cn,-0.06644432582558624,0.12223577499389648
tgn,train,2022-03,country_de,country_fr,-0.013481429762629976,0.1691303849220276
tgn,train,2022-03,country_de,country_gb,-0.7359759915393725,0.20669540762901306
tgn,train,2022-03,country_de,country_in,0.2057885757418768,0.6002464890480042
tgn,train,2022-03,country_de,country_jp,-0.0064604107468480025,0.12059114873409271
tgn,train,2022-03,country_de,country_kr,0.0693296121029697,0.12257477641105652
tgn,train,2022-03,country_de,country_mx,0.3548641134396342,0.12288732826709747
tgn,train,2022-03,country_de,country_my,-0.08049753715223468,0.15656745433807373
tgn,train,2022-03,country_de,country_ph,-0.1440021101819934,0.1345226764678955
tgn,train,2022-03,country_de,country_sg,-0.15204482249397894,0.181759774684906
tgn,train,2022-03,country_de,country_th,0.04403138586858333,0.16909179091453552
tgn,train,2022-03,country_de,country_us,0.05427160338433818,0.193302184343338
tgn,train,2022-03,country_de,country_vn,0.5084147698536662,0.11102123558521271
tgn,train,2022-03,country_fr,country_203,0.10205812457375078,0.026170402765274048
tgn,train,2022-03,country_fr,country_344,-0.2037574200898232,-0.002361118793487549
tgn,train,2022-03,country_fr,country_372,0.39733301392721765,0.2616000473499298
tgn,train,2022-03,country_fr,country_380,-0.18299737398661697,0.009705230593681335
tgn,train,2022-03,country_fr,country_cn,0.04180698340414857,0.11603479087352753
tgn,train,2022-03,country_fr,country_de,0.4718428089994494,0.1628153920173645
tgn,train,2022-03,country_fr,country_gb,-0.45176413059937576,0.20013996958732605
tgn,train,2022-03,country_fr,country_in,1.960424994614428,0.5848914384841919
tgn,train,2022-03,country_fr,country_jp,0.08340180286583002,0.11607538163661957
tgn,train,2022-03,country_fr,country_kr,-0.21031901107038575,0.11417177319526672
tgn,train,2022-03,country_fr,country_mx,0.8192004111666603,0.12059350311756134
tgn,train,2022-03,country_fr,country_my,0.12058827053559772,0.1494596004486084
tgn,train,2022-03,country_fr,country_ph,0.13153989522459597,0.12027624249458313
tgn,train,2022-03,country_fr,country_sg,-0.0663265272969936,0.18177929520606995
tgn,train,2022-03,country_fr,country_th,-0.12379609888651093,0.16280052065849304
tgn,train,2022-03,country_fr,country_us,0.2383635860194602,0.1894998848438263
tgn,train,2022-03,country_fr,country_vn,-0.3255355105918777,0.10750031471252441
tgn,train,2022-03,country_gb,country_203,0.7955146978410954,0.013433218002319336
tgn,train,2022-03,country_gb,country_344,0.6322805785107236,0.001745082437992096
tgn,train,2022-03,country_gb,country_372,-0.9689002330505709,0.17522820830345154
tgn,train,2022-03,country_gb,country_380,-0.5670517493333662,-0.001747027039527893
tgn,train,2022-03,country_gb,country_cn,-0.11293669684745714,0.10996338725090027
tgn,train,2022-03,country_gb,country_de,0.019768762821232175,0.14173102378845215
tgn,train,2022-03,country_gb,country_fr,-0.22575854960051714,0.13789218664169312
tgn,train,2022-03,country_gb,country_in,2.450530816074055,0.5532410144805908
tgn,train,2022-03,country_gb,country_jp,0.043232793167124486,0.10791333019733429
tgn,train,2022-03,country_gb,country_kr,0.1592369620841185,0.10917447507381439
tgn,train,2022-03,country_gb,country_mx,0.32785289177700944,0.11530923843383789
tgn,train,2022-03,country_gb,country_my,0.2083520973011843,0.12127876281738281
tgn,train,2022-03,country_gb,country_ph,0.2882048223208489,0.12090201675891876
tgn,train,2022-03,country_gb,country_sg,-0.17104247984428236,0.15397492051124573
tgn,train,2022-03,country_gb,country_th,0.010758048166516862,0.14933672547340393
tgn,train,2022-03,country_gb,country_us,0.5953561742868199,0.17255234718322754
tgn,train,2022-03,country_gb,country_vn,-0.9251954920157188,0.10066807270050049
tgn,train,2022-03,country_in,country_203,10.841847100481802,0.18718606233596802
tgn,train,2022-03,country_in,country_344,0.49642008506390267,0.16192781925201416
tgn,train,2022-03,country_in,country_372,-0.05080073143698356,0.27912667393684387
tgn,train,2022-03,country_in,country_380,0.07975860329181969,0.14247846603393555
tgn,train,2022-03,country_in,country_cn,1.2932634777732839,0.18521296977996826
tgn,train,2022-03,country_in,country_de,0.403896907374413,0.2313215732574463
tgn,train,2022-03,country_in,country_fr,1.2490499117375116,0.2298680543899536
tgn,train,2022-03,country_in,country_gb,0.18543013353786553,0.2845296561717987
tgn,train,2022-03,country_in,country_jp,0.42646204646689584,0.1769919991493225
tgn,train,2022-03,country_in,country_kr,0.2875080580332492,0.19803279638290405
tgn,train,2022-03,country_in,country_mx,0.7834035022338698,0.17889398336410522
tgn,train,2022-03,country_in,country_my,0.5469636117475501,0.1973428726196289
tgn,train,2022-03,country_in,country_ph,-0.7167700949250656,0.17472833395004272
tgn,train,2022-03,country_in,country_sg,-0.08157659909357944,0.22893810272216797
tgn,train,2022-03,country_in,country_th,-0.6158809672343318,0.24105596542358398
tgn,train,2022-03,country_in,country_us,-0.498244413117252,0.34733083844184875
tgn,train,2022-03,country_in,country_vn,-0.5026280293113641,0.24055081605911255
tgn,train,2022-03,country_jp,country_203,0.021959962142140573,0.059523433446884155
tgn,train,2022-03,country_jp,country_344,0.08231452094251979,0.0011179298162460327
tgn,train,2022-03,country_jp,country_372,-0.4371223157130853,0.3103317618370056
tgn,train,2022-03,country_jp,country_380,-0.3132811265379133,-0.004983276128768921
tgn,train,2022-03,country_jp,country_cn,-0.16651626841432107,0.13425467908382416
tgn,train,2022-03,country_jp,country_de,0.03579483531859759,0.1713148057460785
tgn,train,2022-03,country_jp,country_fr,0.2747888648382515,0.16642233729362488
tgn,train,2022-03,country_jp,country_gb,0.7266808398254452,0.20939335227012634
tgn,train,2022-03,country_jp,country_in,0.6372682112463398,0.6386289000511169
tgn,train,2022-03,country_jp,country_kr,-0.133986471605085,0.13528041541576385
tgn,train,2022-03,country_jp,country_mx,-0.05383364371565713,0.12054283916950226
tgn,train,2022-03,country_jp,country_my,0.1816930410399645,0.18079835176467896
tgn,train,2022-03,country_jp,country_ph,-0.08373313880354327,0.1440238356590271
tgn,train,2022-03,country_jp,country_sg,0.2524288805178657,0.1927562654018402
tgn,train,2022-03,country_jp,country_th,-0.06247787329198203,0.19242551922798157
tgn,train,2022-03,country_jp,country_us,0.11006116401073954,0.20188820362091064
tgn,train,2022-03,country_jp,country_vn,0.23222038145770132,0.11616025865077972
tgn,train,2022-03,country_kr,country_203,0.16043533343334176,0.01245465874671936
tgn,train,2022-03,country_kr,country_344,-0.10034723610087025,0.0068304091691970825
tgn,train,2022-03,country_kr,country_372,0.37116055025045613,0.26334676146507263
tgn,train,2022-03,country_kr,country_380,-0.9356247073106994,-0.01441115140914917
tgn,train,2022-03,country_kr,country_cn,-0.10837343975763175,0.152210533618927
tgn,train,2022-03,country_kr,country_de,0.07680552896100737,0.1882917582988739
tgn,train,2022-03,country_kr,country_fr,0.28602543952257625,0.18595141172409058
tgn,train,2022-03,country_kr,country_gb,0.5306886907428173,0.23164260387420654
tgn,train,2022-03,country_kr,country_in,1.1537651647387073,0.645602822303772
tgn,train,2022-03,country_kr,country_jp,0.26854837011327837,0.14319050312042236
tgn,train,2022-03,country_kr,country_mx,-0.013287783127874441,0.1235673725605011
tgn,train,2022-03,country_kr,country_my,-0.06887112013624029,0.18564331531524658
tgn,train,2022-03,country_kr,country_ph,0.08413026532876205,0.1547037959098816
tgn,train,2022-03,country_kr,country_sg,0.09445994066889032,0.21511495113372803
tgn,train,2022-03,country_kr,country_th,0.1710631572728309,0.20831084251403809
tgn,train,2022-03,country_kr,country_us,0.2672469470741799,0.23346832394599915
tgn,train,2022-03,country_kr,country_vn,0.12480312466593224,0.1330316811800003
tgn,train,2022-03,country_mx,country_203,-0.22245896068204318,0.08391039073467255
tgn,train,2022-03,country_mx,country_344,-0.23931530060215028,0.021150201559066772
tgn,train,2022-03,country_mx,country_372,0.7643655582616923,0.34959545731544495
tgn,train,2022-03,country_mx,country_380,2.8775438276364977,0.018123850226402283
tgn,train,2022-03,country_mx,country_cn,-0.1219762872447505,0.13740158081054688
tgn,train,2022-03,country_mx,country_de,0.0009018703200038495,0.1759788990020752
tgn,train,2022-03,country_mx,country_fr,0.897264661677257,0.1641276478767395
tgn,train,2022-03,country_mx,country_gb,0.8567152392617596,0.2160029113292694
tgn,train,2022-03,country_mx,country_in,12.074049853867402,0.647495687007904
tgn,train,2022-03,country_mx,country_jp,0.2501431542929033,0.12618450820446014
tgn,train,2022-03,country_mx,country_kr,0.5442652250249906,0.12745730578899384
tgn,train,2022-03,country_mx,country_my,1.3779557383986165,0.156935453414917
tgn,train,2022-03,country_mx,country_ph,-0.15673939013401722,0.1230611503124237
tgn,train,2022-03,country_mx,country_sg,0.13757974363130865,0.1875620186328888
tgn,train,2022-03,country_mx,country_th,-0.14315896130700115,0.18205145001411438
tgn,train,2022-03,country_mx,country_us,0.05389814783622819,0.21918433904647827
tgn,train,2022-03,country_mx,country_vn,3.8775292996577106,0.12558653950691223
tgn,train,2022-03,country_my,country_203,-0.0317466267650489,0.030373424291610718
tgn,train,2022-03,country_my,country_344,0.006646850813229165,0.018847182393074036
tgn,train,2022-03,country_my,country_372,-0.2680525126919286,0.26500552892684937
tgn,train,2022-03,country_my,country_380,-0.8605678838318346,0.0015247762203216553
tgn,train,2022-03,country_my,country_cn,-0.18112845311364814,0.15157145261764526
tgn,train,2022-03,country_my,country_de,0.15395631078089128,0.18585741519927979
tgn,train,2022-03,country_my,country_fr,0.24673656421546883,0.18411016464233398
tgn,train,2022-03,country_my,country_gb,3.0515558811402475,0.22860637307167053
tgn,train,2022-03,country_my,country_in,-0.24188155930320035,0.6342430114746094
tgn,train,2022-03,country_my,country_jp,0.17933179720951883,0.1380479633808136
tgn,train,2022-03,country_my,country_kr,0.08608354608496668,0.1387285739183426
tgn,train,2022-03,country_my,country_mx,0.004882630525370692,0.13659793138504028
tgn,train,2022-03,country_my,country_ph,-0.02946550968325752,0.14130142331123352
tgn,train,2022-03,country_my,country_sg,0.16484936824792695,0.20850050449371338
tgn,train,2022-03,country_my,country_th,0.16955624035852843,0.1987353265285492
tgn,train,2022-03,country_my,country_us,-0.2914259557862127,0.23398259282112122
tgn,train,2022-03,country_my,country_vn,0.11040720204862978,0.1260809749364853
tgn,train,2022-03,country_ph,country_203,0.2470756693830035,0.033491700887680054
tgn,train,2022-03,country_ph,country_344,-0.03567670881562083,0.00879068672657013
tgn,train,2022-03,country_ph,country_372,0.31036620354558025,0.29507043957710266
tgn,train,2022-03,country_ph,country_380,-0.9575446554601308,-0.003053143620491028
tgn,train,2022-03,country_ph,country_cn,0.05024548724618045,0.14644953608512878
tgn,train,2022-03,country_ph,country_de,0.01845512554645618,0.18531548976898193
tgn,train,2022-03,country_ph,country_fr,0.10211285752201708,0.18625599145889282
tgn,train,2022-03,country_ph,country_gb,1.2105072912988626,0.22968989610671997
tgn,train,2022-03,country_ph,country_in,1.6446446448736125,0.6426553130149841
tgn,train,2022-03,country_ph,country_jp,0.17352255100587147,0.13691213726997375
tgn,train,2022-03,country_ph,country_kr,0.15002645781196583,0.141293466091156
tgn,train,2022-03,country_ph,country_mx,0.11546027885014173,0.12857598066329956
tgn,train,2022-03,country_ph,country_my,0.2177384533822528,0.18213605880737305
tgn,train,2022-03,country_ph,country_sg,0.24020835085772282,0.20944827795028687
tgn,train,2022-03,country_ph,country_th,0.1251097534108677,0.20226866006851196
tgn,train,2022-03,country_ph,country_us,0.3761676728647741,0.21440917253494263
tgn,train,2022-03,country_ph,country_vn,0.11307212131547272,0.12909959256649017
tgn,train,2022-03,country_sg,country_203,0.10917274992536592,0.03599785268306732
tgn,train,2022-03,country_sg,country_344,0.04430649093203828,0.02783551812171936
tgn,train,2022-03,country_sg,country_372,-0.25494337958311314,0.24752062559127808
tgn,train,2022-03,country_sg,country_380,-0.8277211089058099,0.00512193888425827
tgn,train,2022-03,country_sg,country_cn,-0.15545699824451586,0.13939020037651062
tgn,train,2022-03,country_sg,country_de,0.3337939280122973,0.1790214478969574
tgn,train,2022-03,country_sg,country_fr,0.7796349991281423,0.1754235029220581
tgn,train,2022-03,country_sg,country_gb,0.5127615846989749,0.212100088596344
tgn,train,2022-03,country_sg,country_in,0.3052877464132831,0.6291418671607971
tgn,train,2022-03,country_sg,country_jp,0.08283552463466658,0.13823610544204712
tgn,train,2022-03,country_sg,country_kr,-0.10762567513311583,0.13409090042114258
tgn,train,2022-03,country_sg,country_mx,0.08879529812890755,0.1393151581287384
tgn,train,2022-03,country_sg,country_my,0.38463033443596795,0.17459702491760254
tgn,train,2022-03,country_sg,country_ph,0.05123883606638564,0.14667028188705444
tgn,train,2022-03,country_sg,country_th,0.22537534095056547,0.18586134910583496
tgn,train,2022-03,country_sg,country_us,-0.2054039888402238,0.21931257843971252
tgn,train,2022-03,country_sg,country_vn,-0.13811840441150344,0.12775041162967682
tgn,train,2022-03,country_th,country_203,0.3002934715559265,0.02575986087322235
tgn,train,2022-03,country_th,country_344,0.00598806879929692,0.020600616931915283
tgn,train,2022-03,country_th,country_372,-0.11039106085705334,0.21446359157562256
tgn,train,2022-03,country_th,country_380,-0.7351130369471227,0.009569749236106873
tgn,train,2022-03,country_th,country_cn,0.0961550571453202,0.1501702070236206
tgn,train,2022-03,country_th,country_de,0.12698666868463002,0.1852247714996338
tgn,train,2022-03,country_th,country_fr,0.15602980014525664,0.1787281036376953
tgn,train,2022-03,country_th,country_gb,0.7813495068825042,0.23182755708694458
tgn,train,2022-03,country_th,country_in,-0.36206297901950824,0.623373806476593
tgn,train,2022-03,country_th,country_jp,0.1575435997406134,0.13802698254585266
tgn,train,2022-03,country_th,country_kr,0.29202001664855287,0.13866108655929565
tgn,train,2022-03,country_th,country_mx,0.12623680787406666,0.1320226490497589
tgn,train,2022-03,country_th,country_my,0.10476016163819353,0.17581862211227417
tgn,train,2022-03,country_th,country_ph,-0.08798479418555386,0.14138245582580566
tgn,train,2022-03,country_th,country_sg,0.45903047558475923,0.20317822694778442
tgn,train,2022-03,country_th,country_us,0.23938518575926868,0.24335110187530518
tgn,train,2022-03,country_th,country_vn,0.31970851597253946,0.12789982557296753
tgn,train,2022-03,country_tw,country_203,0.050198055123070566,0.03237167000770569
tgn,train,2022-03,country_tw,country_344,0.16919126274051685,0.002559483051300049
tgn,train,2022-03,country_tw,country_372,0.44338702050851675,0.2973158061504364
tgn,train,2022-03,country_tw,country_380,-0.8313076135963644,-0.015119589865207672
tgn,train,2022-03,country_tw,country_cn,0.025841184552392024,0.13941356539726257
tgn,train,2022-03,country_tw,country_de,0.311888176378899,0.18130505084991455
tgn,train,2022-03,country_tw,country_fr,0.5178094645707463,0.17461714148521423
tgn,train,2022-03,country_tw,country_gb,1.026562110334862,0.2163146436214447
tgn,train,2022-03,country_tw,country_in,0.37994049845637623,0.6405361890792847
tgn,train,2022-03,country_tw,country_jp,0.1429886066857543,0.13862578570842743
tgn,train,2022-03,country_tw,country_kr,0.23664191333997622,0.1407187581062317
tgn,train,2022-03,country_tw,country_mx,0.10995732658517182,0.11856302618980408
tgn,train,2022-03,country_tw,country_my,0.2696974399178798,0.1789848804473877
tgn,train,2022-03,country_tw,country_ph,0.010521002127590209,0.14508098363876343
tgn,train,2022-03,country_tw,country_sg,0.10076120938953759,0.20589733123779297
tgn,train,2022-03,country_tw,country_th,0.3378965914282533,0.1941092312335968
tgn,train,2022-03,country_tw,country_us,0.3033251541683772,0.2039256989955902
tgn,train,2022-03,country_tw,country_vn,0.29767948729904936,0.11809983849525452
tgn,train,2022-03,country_us,country_203,0.2111534542843511,0.0550561249256134
tgn,train,2022-03,country_us,country_344,0.057126940560386155,0.041019052267074585
tgn,train,2022-03,country_us,country_372,0.43040927061900347,0.11459469795227051
tgn,train,2022-03,country_us,country_380,-0.5562368253010368,0.014103949069976807
tgn,train,2022-03,country_us,country_cn,-0.21090524553428336,-0.004931166768074036
tgn,train,2022-03,country_us,country_de,0.13452190478100115,0.03303837776184082
tgn,train,2022-03,country_us,country_fr,0.03244599940684864,0.030958086252212524
tgn,train,2022-03,country_us,country_gb,0.12297703035377057,0.061243295669555664
tgn,train,2022-03,country_us,country_in,0.4702732638802622,0.3895057737827301
tgn,train,2022-03,country_us,country_jp,-0.21535564552632885,-0.00040328502655029297
tgn,train,2022-03,country_us,country_kr,-0.24101066384167588,-0.0006338655948638916
tgn,train,2022-03,country_us,country_mx,0.06200742136845346,-0.012713819742202759
tgn,train,2022-03,country_us,country_my,0.13776152309098863,0.0394933819770813
tgn,train,2022-03,country_us,country_ph,0.03103043573188504,0.009062498807907104
tgn,train,2022-03,country_us,country_sg,-0.11707111940062659,0.04580901563167572
tgn,train,2022-03,country_us,country_th,0.1453572751917848,0.03735615313053131
tgn,train,2022-03,country_us,country_vn,-0.28342114709184196,0.03386050462722778
tgn,train,2022-03,country_vn,country_203,0.9626718854480957,0.012795872986316681
tgn,train,2022-03,country_vn,country_344,-0.28310410875618014,0.009417146444320679
tgn,train,2022-03,country_vn,country_372,0.5804016250543348,0.2293449342250824
tgn,train,2022-03,country_vn,country_380,0.9306950671960927,-0.01358465850353241
tgn,train,2022-03,country_vn,country_cn,0.037772301007410525,0.1534462869167328
tgn,train,2022-03,country_vn,country_de,0.7002551170774051,0.1905023455619812
tgn,train,2022-03,country_vn,country_fr,1.7356149250499846,0.18164178729057312
tgn,train,2022-03,country_vn,country_gb,1.4223386931842763,0.22576040029525757
tgn,train,2022-03,country_vn,country_in,1.7985109416807992,0.6441890597343445
tgn,train,2022-03,country_vn,country_jp,0.14643885693249742,0.13163341581821442
tgn,train,2022-03,country_vn,country_kr,0.26118340018491226,0.14151236414909363
tgn,train,2022-03,country_vn,country_mx,0.23963697619458327,0.12615299224853516
tgn,train,2022-03,country_vn,country_my,-0.15087777833997726,0.14083778858184814
tgn,train,2022-03,country_vn,country_ph,-0.4308505351048673,0.12479957938194275
tgn,train,2022-03,country_vn,country_sg,0.8403391215746286,0.1993851363658905
tgn,train,2022-03,country_vn,country_th,-0.2129918195890319,0.21547776460647583
tgn,train,2022-03,country_vn,country_us,0.0787468118163645,0.2551160454750061
tgn,train,2022-04,country_203,country_344,-0.7651136433504495,-0.021832488477230072
tgn,train,2022-04,country_203,country_372,-0.4154376626534014,-0.011283352971076965
tgn,train,2022-04,country_203,country_380,-0.1331045421281793,-0.01755554974079132
tgn,train,2022-04,country_203,country_cn,0.2226319990595634,0.10382722318172455
tgn,train,2022-04,country_203,country_de,-0.26152694676568683,0.13740131258964539
tgn,train,2022-04,country_203,country_fr,-0.7896302883039481,0.10948120057582855
tgn,train,2022-04,country_203,country_gb,-0.8490951232344254,0.19787436723709106
tgn,train,2022-04,country_203,country_in,1.1326826082608141,0.12835827469825745
tgn,train,2022-04,country_203,country_jp,0.3688554419665206,0.07722072303295135
tgn,train,2022-04,country_203,country_kr,-0.31534560788091387,0.11801290512084961
tgn,train,2022-04,country_203,country_mx,-0.3602061221828209,0.10291922092437744
tgn,train,2022-04,country_203,country_my,-0.418855042857767,0.14461955428123474
tgn,train,2022-04,country_203,country_ph,-0.15161438213340134,0.06730259954929352
tgn,train,2022-04,country_203,country_sg,0.10324698843533299,0.10209934413433075
tgn,train,2022-04,country_203,country_th,0.6773101109650629,0.09221450984477997
tgn,train,2022-04,country_203,country_us,-0.3960931143349931,0.12011878192424774
tgn,train,2022-04,country_203,country_vn,0.40079102534768224,0.010140717029571533
tgn,train,2022-04,country_344,country_203,-0.5635633602295108,-0.05421961843967438
tgn,train,2022-04,country_344,country_372,0.4002103695941086,0.03338468074798584
tgn,train,2022-04,country_344,country_380,-0.961848975897154,-0.02328227460384369
tgn,train,2022-04,country_344,country_cn,-0.33757662976260755,0.11852313578128815
tgn,train,2022-04,country_344,country_de,1.5738489246681688,0.17123109102249146
tgn,train,2022-04,country_344,country_fr,0.5037891901596884,0.16628557443618774
tgn,train,2022-04,country_344,country_gb,0.670862553297698,0.28741922974586487
tgn,train,2022-04,country_344,country_in,-0.19965367659376537,0.19204729795455933
tgn,train,2022-04,country_344,country_jp,0.8958356857468052,0.10496409237384796
tgn,train,2022-04,country_344,country_kr,0.12228966801068779,0.1876412332057953
tgn,train,2022-04,country_344,country_mx,0.8389325050357397,0.1567992866039276
tgn,train,2022-04,country_344,country_my,0.31207633405179663,0.15659406781196594
tgn,train,2022-04,country_344,country_ph,0.4033841867283653,0.1515672504901886
tgn,train,2022-04,country_344,country_sg,0.17162086161298618,0.15936565399169922
tgn,train,2022-04,country_344,country_th,0.5355263616234217,0.16578409075737
tgn,train,2022-04,country_344,country_us,0.8763896827195978,0.19696420431137085
tgn,train,2022-04,country_344,country_vn,-0.6518601400490598,0.11420072615146637
tgn,train,2022-04,country_372,country_203,0.38283423407605566,-0.06395060569047928
tgn,train,2022-04,country_372,country_344,7.392035941577851,0.013224303722381592
tgn,train,2022-04,country_372,country_380,-0.08849433094725313,-0.019291438162326813
tgn,train,2022-04,country_372,country_cn,0.01817434095824488,0.11996632814407349
tgn,train,2022-04,country_372,country_de,3.1229531697522375,0.1741827130317688
tgn,train,2022-04,country_372,country_fr,-0.5845261218957662,0.18605884909629822
tgn,train,2022-04,country_372,country_gb,-0.5398302710005493,0.2958275079727173
tgn,train,2022-04,country_372,country_in,3.027386901178372,0.1911698877811432
tgn,train,2022-04,country_372,country_jp,0.0916288131517091,0.10226644575595856
tgn,train,2022-04,country_372,country_kr,0.5257420454684574,0.17056792974472046
tgn,train,2022-04,country_372,country_mx,1.8292665632616885,0.1644928753376007
tgn,train,2022-04,country_372,country_my,0.0882239157542605,0.17475062608718872
tgn,train,2022-04,country_372,country_ph,0.45837262906676846,0.11647489666938782
tgn,train,2022-04,country_372,country_sg,-0.2029057817980932,0.12554728984832764
tgn,train,2022-04,country_372,country_th,-0.4340013731234747,0.14762574434280396
tgn,train,2022-04,country_372,country_us,-0.03965566714191548,0.1827375590801239
tgn,train,2022-04,country_372,country_vn,-0.224252182226953,0.09315671026706696
tgn,train,2022-04,country_380,country_203,-0.30126941408571917,-0.040511682629585266
tgn,train,2022-04,country_380,country_344,0.21568244489789246,-0.02342187613248825
tgn,train,2022-04,country_380,country_372,1.1195608391444365,-0.010114222764968872
tgn,train,2022-04,country_380,country_cn,0.04005633688632574,0.06341880559921265
tgn,train,2022-04,country_380,country_de,0.3002476170622862,0.060141175985336304
tgn,train,2022-04,country_380,country_fr,0.03150901762619625,0.0477893203496933
tgn,train,2022-04,country_380,country_gb,0.5144528486144938,0.08316031098365784
tgn,train,2022-04,country_380,country_in,-0.15478063285709326,0.06495730578899384
tgn,train,2022-04,country_380,country_jp,0.30599695927543535,0.01119820773601532
tgn,train,2022-04,country_380,country_kr,-0.6408913368880191,0.0512385219335556
tgn,train,2022-04,country_380,country_mx,0.18485373716851078,0.04889118671417236
tgn,train,2022-04,country_380,country_my,0.20930252934285173,0.06015467643737793
tgn,train,2022-04,country_380,country_ph,-0.05115341365461847,0.050113290548324585
tgn,train,2022-04,country_380,country_sg,0.15679337867457788,0.04884153604507446
tgn,train,2022-04,country_380,country_th,0.15963051445937212,0.04381762444972992
tgn,train,2022-04,country_380,country_us,0.1769479534807272,0.07186424732208252
tgn,train,2022-04,country_380,country_vn,0.943696766555578,-0.02383694052696228
tgn,train,2022-04,country_50,country_jp,0.04992079239267492,0.024558842182159424
tgn,train,2022-04,country_50,country_my,-0.8326584402311393,0.04008069634437561
tgn,train,2022-04,country_50,country_sg,-0.331130163645089,0.03327861428260803
tgn,train,2022-04,country_cn,country_203,-0.12368237758739442,0.004512615501880646
tgn,train,2022-04,country_cn,country_344,-0.05049627160520934,0.027663573622703552
tgn,train,2022-04,country_cn,country_372,0.5290085115597832,0.027288883924484253
tgn,train,2022-04,country_cn,country_380,0.15515104189087542,0.05356745421886444
tgn,train,2022-04,country_cn,country_de,0.42810820017250345,0.15859860181808472
tgn,train,2022-04,country_cn,country_fr,0.4512397929210595,0.16294890642166138
tgn,train,2022-04,country_cn,country_gb,0.6797137336147324,0.3377295434474945
tgn,train,2022-04,country_cn,country_in,-0.3997083685849842,0.1561327576637268
tgn,train,2022-04,country_cn,country_jp,0.1262552284510558,0.096886545419693
tgn,train,2022-04,country_cn,country_kr,0.1493119265117416,0.17737838625907898
tgn,train,2022-04,country_cn,country_mx,-0.05013155074294943,0.1508694291114807
tgn,train,2022-04,country_cn,country_my,0.08825660624578524,0.18558239936828613
tgn,train,2022-04,country_cn,country_ph,0.03807258841733637,0.12403655052185059
tgn,train,2022-04,country_cn,country_sg,0.06351807973299749,0.1412145495414734
tgn,train,2022-04,country_cn,country_th,0.16830494269184995,0.15727221965789795
tgn,train,2022-04,country_cn,country_us,0.3694347127038056,0.15210869908332825
tgn,train,2022-04,country_cn,country_vn,0.26486242772939145,0.0792275220155716
tgn,train,2022-04,country_de,country_203,0.10263152052577226,0.009862981736660004
tgn,train,2022-04,country_de,country_344,0.23560874359801484,0.026797443628311157
tgn,train,2022-04,country_de,country_372,0.3030932345835447,0.031192705035209656
tgn,train,2022-04,country_de,country_380,0.11083196671344937,0.05007724463939667
tgn,train,2022-04,country_de,country_cn,0.1336006177494429,0.12309461832046509
tgn,train,2022-04,country_de,country_fr,-0.04700580554603943,0.17432057857513428
tgn,train,2022-04,country_de,country_gb,-0.7189081873395412,0.27073705196380615
tgn,train,2022-04,country_de,country_in,0.2947850430468008,0.15402209758758545
tgn,train,2022-04,country_de,country_jp,0.27783407392356363,0.10034334659576416
tgn,train,2022-04,country_de,country_kr,0.3437526040452556,0.1669444441795349
tgn,train,2022-04,country_de,country_mx,0.231207000302099,0.15764567255973816
tgn,train,2022-04,country_de,country_my,-0.0322340989401826,0.18382835388183594
tgn,train,2022-04,country_de,country_ph,-0.12608564224617586,0.12607014179229736
tgn,train,2022-04,country_de,country_sg,-0.18171938250419403,0.14129337668418884
tgn,train,2022-04,country_de,country_th,0.00801520342251032,0.1471208930015564
tgn,train,2022-04,country_de,country_us,0.22424714318441016,0.15129870176315308
tgn,train,2022-04,country_de,country_vn,-0.11672532459676223,0.10117149353027344
tgn,train,2022-04,country_fr,country_203,-0.19874645959194787,0.005710870027542114
tgn,train,2022-04,country_fr,country_344,-0.06894925093957555,0.02615150809288025
tgn,train,2022-04,country_fr,country_372,0.04127982853772297,0.03001593053340912
tgn,train,2022-04,country_fr,country_380,0.3213662662314233,0.04820626974105835
tgn,train,2022-04,country_fr,country_cn,0.02276888667171394,0.1157732754945755
tgn,train,2022-04,country_fr,country_de,0.42116648034001103,0.14703992009162903
tgn,train,2022-04,country_fr,country_gb,-0.5306709045745996,0.23982197046279907
tgn,train,2022-04,country_fr,country_in,1.4801510812845386,0.14786452054977417
tgn,train,2022-04,country_fr,country_jp,0.2357766638286016,0.09547080099582672
tgn,train,2022-04,country_fr,country_kr,-0.20662046211248267,0.15946465730667114
tgn,train,2022-04,country_fr,country_mx,0.0016551234034449247,0.15395140647888184
tgn,train,2022-04,country_fr,country_my,-0.047639833583552664,0.17025819420814514
tgn,train,2022-04,country_fr,country_ph,0.27478769094381994,0.11650146543979645
tgn,train,2022-04,country_fr,country_sg,0.02208772221622031,0.13991186022758484
tgn,train,2022-04,country_fr,country_th,0.24606262975556378,0.13921603560447693
tgn,train,2022-04,country_fr,country_us,0.28155111283428985,0.14888983964920044
tgn,train,2022-04,country_fr,country_vn,-0.09686744388596699,0.08072194457054138
tgn,train,2022-04,country_gb,country_203,0.8519627564195151,0.023334890604019165
tgn,train,2022-04,country_gb,country_344,0.45279796220929225,0.04886941611766815
tgn,train,2022-04,country_gb,country_372,3.4511927130640783,0.05302911996841431
tgn,train,2022-04,country_gb,country_380,-0.23837759274245318,0.055488914251327515
tgn,train,2022-04,country_gb,country_cn,0.26130192624807397,0.10985931754112244
tgn,train,2022-04,country_gb,country_de,0.15419687901383636,0.14934253692626953
tgn,train,2022-04,country_gb,country_fr,-0.18281414592937065,0.16112679243087769
tgn,train,2022-04,country_gb,country_in,1.6728389694739452,0.15517640113830566
tgn,train,2022-04,country_gb,country_jp,0.38775027586704613,0.0860167145729065
tgn,train,2022-04,country_gb,country_kr,0.5879731065740251,0.16602033376693726
tgn,train,2022-04,country_gb,country_mx,0.41576126094790566,0.158344566822052
tgn,train,2022-04,country_gb,country_my,0.24988314258779734,0.1772787868976593
tgn,train,2022-04,country_gb,country_ph,0.3658929626503899,0.11726807057857513
tgn,train,2022-04,country_gb,country_sg,-0.3871045768788976,0.13948510587215424
tgn,train,2022-04,country_gb,country_th,0.14371460755342982,0.14870452880859375
tgn,train,2022-04,country_gb,country_us,0.18315974025775844,0.16631245613098145
tgn,train,2022-04,country_gb,country_vn,-0.6622291060470812,0.09255464375019073
tgn,train,2022-04,country_in,country_203,2.846547042223524,0.0005026534199714661
tgn,train,2022-04,country_in,country_344,0.0341748438649892,0.030885308980941772
tgn,train,2022-04,country_in,country_372,21.496606981105113,0.04371492564678192
tgn,train,2022-04,country_in,country_380,-0.7740074908719022,0.06631949543952942
tgn,train,2022-04,country_in,country_cn,0.07867828662707488,0.1278977394104004
tgn,train,2022-04,country_in,country_de,0.697700882241511,0.15256446599960327
tgn,train,2022-04,country_in,country_fr,0.36067328976536833,0.1660155951976776
tgn,train,2022-04,country_in,country_gb,0.3174674387121803,0.2906636595726013
tgn,train,2022-04,country_in,country_jp,-0.03382908010287714,0.09630462527275085
tgn,train,2022-04,country_in,country_kr,-0.028244845071167438,0.17088383436203003
tgn,train,2022-04,country_in,country_mx,2.07369383858183,0.16728895902633667
tgn,train,2022-04,country_in,country_my,1.762123134995148,0.1804821491241455
tgn,train,2022-04,country_in,country_ph,2.3193602982658392,0.12034043669700623
tgn,train,2022-04,country_in,country_sg,0.3672303900849335,0.13989520072937012
tgn,train,2022-04,country_in,country_th,-0.12736397428859317,0.1493438184261322
tgn,train,2022-04,country_in,country_us,-0.4234939329850685,0.1627325415611267
tgn,train,2022-04,country_in,country_vn,0.7228083264646779,0.09335179626941681
tgn,train,2022-04,country_jp,country_203,0.14489725546449045,-0.009270325303077698
tgn,train,2022-04,country_jp,country_344,0.050812464566462684,0.017556220293045044
tgn,train,2022-04,country_jp,country_372,-0.22607397609239166,0.011716663837432861
tgn,train,2022-04,country_jp,country_380,-0.5356612031765872,0.04097852110862732
tgn,train,2022-04,country_jp,country_cn,-0.24446866076480142,0.12262451648712158
tgn,train,2022-04,country_jp,country_de,-0.007335716474234931,0.1531081199645996
tgn,train,2022-04,country_jp,country_fr,0.2714023100123139,0.17315396666526794
tgn,train,2022-04,country_jp,country_gb,0.7899200719646144,0.3020591735839844
tgn,train,2022-04,country_jp,country_in,0.08967148348833723,0.15265583992004395
tgn,train,2022-04,country_jp,country_kr,-0.14571399117135533,0.17922139167785645
tgn,train,2022-04,country_jp,country_mx,0.1534311577181533,0.15204286575317383
tgn,train,2022-04,country_jp,country_my,0.052951275858152604,0.20514070987701416
tgn,train,2022-04,country_jp,country_ph,-0.08914421286846874,0.12147769331932068
tgn,train,2022-04,country_jp,country_sg,0.17146354620300677,0.1522497832775116
tgn,train,2022-04,country_jp,country_th,-0.08281636459630487,0.16071373224258423
tgn,train,2022-04,country_jp,country_us,-0.0024434311133564863,0.1617855429649353
tgn,train,2022-04,country_jp,country_vn,-0.04132501164340471,0.07937029004096985
tgn,train,2022-04,country_kr,country_203,-0.13438910345291522,0.021146774291992188
tgn,train,2022-04,country_kr,country_344,0.022416446896602348,0.05457693338394165
tgn,train,2022-04,country_kr,country_372,4.078550961280049,0.04230193793773651
tgn,train,2022-04,country_kr,country_380,-0.9119285251491607,0.05642420053482056
tgn,train,2022-04,country_kr,country_cn,-0.15300309548020893,0.15089869499206543
tgn,train,2022-04,country_kr,country_de,0.06339503600053205,0.16892611980438232
tgn,train,2022-04,country_kr,country_fr,0.26745645516866196,0.1854276955127716
tgn,train,2022-04,country_kr,country_gb,4.1196974376013875,0.2818654477596283
tgn,train,2022-04,country_kr,country_in,0.31616022137783695,0.18223074078559875
tgn,train,2022-04,country_kr,country_jp,0.38572115023980685,0.12553054094314575
tgn,train,2022-04,country_kr,country_mx,0.015068790138840629,0.17789584398269653
tgn,train,2022-04,country_kr,country_my,-0.022391437924135785,0.20263803005218506
tgn,train,2022-04,country_kr,country_ph,0.02938156422399514,0.14857971668243408
tgn,train,2022-04,country_kr,country_sg,0.07922181554494087,0.16692635416984558
tgn,train,2022-04,country_kr,country_th,0.19719710546556402,0.17410600185394287
tgn,train,2022-04,country_kr,country_us,0.2688922488324338,0.1833069920539856
tgn,train,2022-04,country_kr,country_vn,-0.03092765773516565,0.10613098740577698
tgn,train,2022-04,country_mx,country_203,0.7894243453538983,0.01749454438686371
tgn,train,2022-04,country_mx,country_344,-0.2967417054717463,0.046864792704582214
tgn,train,2022-04,country_mx,country_372,-0.7632749956668642,0.04390338063240051
tgn,train,2022-04,country_mx,country_380,-0.9603569135253927,0.06885963678359985
tgn,train,2022-04,country_mx,country_cn,0.09615881451286824,0.14904102683067322
tgn,train,2022-04,country_mx,country_de,0.1614692074414903,0.1699070930480957
tgn,train,2022-04,country_mx,country_fr,-0.004971900774556026,0.17876151204109192
tgn,train,2022-04,country_mx,country_gb,0.3284900469607299,0.2815752625465393
tgn,train,2022-04,country_mx,country_in,-0.2742331640721409,0.17662355303764343
tgn,train,2022-04,country_mx,country_jp,0.6696011017205098,0.11996698379516602
tgn,train,2022-04,country_mx,country_kr,0.09844689242563892,0.1904999315738678
tgn,train,2022-04,country_mx,country_my,0.6405409570816766,0.1960453987121582
tgn,train,2022-04,country_mx,country_ph,0.9920127860657977,0.13478758931159973
tgn,train,2022-04,country_mx,country_sg,-0.19807476889925887,0.16016525030136108
tgn,train,2022-04,country_mx,country_th,0.9204089920067113,0.16846346855163574
tgn,train,2022-04,country_mx,country_us,0.1534163710444512,0.18173587322235107
tgn,train,2022-04,country_mx,country_vn,0.47737054801712975,0.10909536480903625
tgn,train,2022-04,country_my,country_203,-0.29595294793320887,0.02629983425140381
tgn,train,2022-04,country_my,country_344,0.09616141159346109,0.055268436670303345
tgn,train,2022-04,country_my,country_372,-0.1509534000075791,0.04972401261329651
tgn,train,2022-04,country_my,country_380,-0.6163843661836858,0.04783107340335846
tgn,train,2022-04,country_my,country_cn,-0.07479372572136816,0.14899635314941406
tgn,train,2022-04,country_my,country_de,0.12532279099694033,0.17159503698349
tgn,train,2022-04,country_my,country_fr,0.29156607674992774,0.18665117025375366
tgn,train,2022-04,country_my,country_gb,1.1229902961506046,0.2708579897880554
tgn,train,2022-04,country_my,country_in,-0.4822096428815163,0.1728028655052185
tgn,train,2022-04,country_my,country_jp,0.10771020386518562,0.12263965606689453
tgn,train,2022-04,country_my,country_kr,-0.013453797850239573,0.18823933601379395
tgn,train,2022-04,country_my,country_mx,0.04075115186556678,0.17574036121368408
tgn,train,2022-04,country_my,country_ph,0.14011731455519508,0.1421474814414978
tgn,train,2022-04,country_my,country_sg,0.2422919219085914,0.16573873162269592
tgn,train,2022-04,country_my,country_th,0.17128495402720906,0.17222511768341064
tgn,train,2022-04,country_my,country_us,-0.07994608605770799,0.18539643287658691
tgn,train,2022-04,country_my,country_vn,0.19889368984592382,0.10344642400741577
tgn,train,2022-04,country_ph,country_203,0.3923408370421964,-0.0024999529123306274
tgn,train,2022-04,country_ph,country_344,0.03795543518647519,0.028016597032546997
tgn,train,2022-04,country_ph,country_372,0.677772045406184,0.02280569076538086
tgn,train,2022-04,country_ph,country_380,-0.9643074977193199,0.05322346091270447
tgn,train,2022-04,country_ph,country_cn,-0.023249686435914626,0.13052642345428467
tgn,train,2022-04,country_ph,country_de,0.09303114325003925,0.1554621160030365
tgn,train,2022-04,country_ph,country_fr,0.1277318477229236,0.18212708830833435
tgn,train,2022-04,country_ph,country_gb,0.8698758492187524,0.30156317353248596
tgn,train,2022-04,country_ph,country_in,1.0324144142688099,0.15832898020744324
tgn,train,2022-04,country_ph,country_jp,0.12995251461909924,0.10518231987953186
tgn,train,2022-04,country_ph,country_kr,-0.007605582220434629,0.1748867928981781
tgn,train,2022-04,country_ph,country_mx,0.11634469209307575,0.16122454404830933
tgn,train,2022-04,country_ph,country_my,0.19714476209849605,0.19924861192703247
tgn,train,2022-04,country_ph,country_sg,0.2516543165069234,0.14934298396110535
tgn,train,2022-04,country_ph,country_th,0.12653545946425396,0.15450948476791382
tgn,train,2022-04,country_ph,country_us,0.42370349817519304,0.15815898776054382
tgn,train,2022-04,country_ph,country_vn,-0.0011455747621287706,0.08739183843135834
tgn,train,2022-04,country_sg,country_203,-0.08646800502296904,0.0012136846780776978
tgn,train,2022-04,country_sg,country_344,0.07929398439485916,0.04182088375091553
tgn,train,2022-04,country_sg,country_372,2.4320577065871674,0.03508153557777405
tgn,train,2022-04,country_sg,country_380,-0.9296849905719339,0.04332602024078369
tgn,train,2022-04,country_sg,country_cn,-0.15573094061649573,0.13342028856277466
tgn,train,2022-04,country_sg,country_de,0.08955832877124294,0.1578347086906433
tgn,train,2022-04,country_sg,country_fr,0.4817930402034292,0.1768445074558258
tgn,train,2022-04,country_sg,country_gb,0.1584282285223981,0.27090001106262207
tgn,train,2022-04,country_sg,country_in,-0.1253109732450572,0.17035645246505737
tgn,train,2022-04,country_sg,country_jp,0.30853254022624477,0.11190779507160187
tgn,train,2022-04,country_sg,country_kr,-0.09775604361607886,0.177776038646698
tgn,train,2022-04,country_sg,country_mx,0.05236234292611561,0.16718554496765137
tgn,train,2022-04,country_sg,country_my,0.320949992282473,0.2011404037475586
tgn,train,2022-04,country_sg,country_ph,-0.13418542462798658,0.1367330551147461
tgn,train,2022-04,country_sg,country_th,0.15930714602846588,0.16015416383743286
tgn,train,2022-04,country_sg,country_us,0.2370482288434525,0.17325446009635925
tgn,train,2022-04,country_sg,country_vn,0.9685687743692561,0.11185425519943237
tgn,train,2022-04,country_th,country_203,0.05640467409260874,0.014641433954238892
tgn,train,2022-04,country_th,country_344,-0.09085966334132052,0.043169185519218445
tgn,train,2022-04,country_th,country_372,1.558965323450525,0.03992214798927307
tgn,train,2022-04,country_th,country_380,-0.7405497614454968,0.05102941393852234
tgn,train,2022-04,country_th,country_cn,0.05797005974904626,0.14397382736206055
tgn,train,2022-04,country_th,country_de,0.24259795958534638,0.16362738609313965
tgn,train,2022-04,country_th,country_fr,0.3031304073339474,0.1803925633430481
tgn,train,2022-04,country_th,country_gb,1.1370199009287594,0.28763169050216675
tgn,train,2022-04,country_th,country_in,-0.2142417600825481,0.1699615716934204
tgn,train,2022-04,country_th,country_jp,0.2899268168498035,0.11893349885940552
tgn,train,2022-04,country_th,country_kr,0.2732623364185297,0.18596553802490234
tgn,train,2022-04,country_th,country_mx,0.42201304932902495,0.1742287278175354
tgn,train,2022-04,country_th,country_my,0.32884915316770214,0.20203280448913574
tgn,train,2022-04,country_th,country_ph,0.16590481339655092,0.1398029923439026
tgn,train,2022-04,country_th,country_sg,0.5155342331239193,0.16027438640594482
tgn,train,2022-04,country_th,country_us,0.36303822128499996,0.18618157505989075
tgn,train,2022-04,country_th,country_vn,0.2215324406971206,0.10080964863300323
tgn,train,2022-04,country_tw,country_203,0.23436371428765143,-0.009369127452373505
tgn,train,2022-04,country_tw,country_344,0.08400710928889778,0.02559196949005127
tgn,train,2022-04,country_tw,country_372,0.76739144539364,0.014915943145751953
tgn,train,2022-04,country_tw,country_380,-0.6992432331900941,0.04294160008430481
tgn,train,2022-04,country_tw,country_cn,-0.1222403773501333,0.12911047041416168
tgn,train,2022-04,country_tw,country_de,0.3362438801551435,0.1648898720741272
tgn,train,2022-04,country_tw,country_fr,0.33409545516709505,0.18245387077331543
tgn,train,2022-04,country_tw,country_gb,0.6414363233601781,0.3005817234516144
tgn,train,2022-04,country_tw,country_in,0.6640904697181577,0.16121113300323486
tgn,train,2022-04,country_tw,country_jp,0.1531780107840447,0.10624489188194275
tgn,train,2022-04,country_tw,country_kr,0.19635518946612904,0.1873670220375061
tgn,train,2022-04,country_tw,country_mx,0.29460241015417166,0.15619495511054993
tgn,train,2022-04,country_tw,country_my,0.20226259818608594,0.2088032066822052
tgn,train,2022-04,country_tw,country_ph,0.11586876557665193,0.12330380082130432
tgn,train,2022-04,country_tw,country_sg,-0.007153129712782698,0.16312789916992188
tgn,train,2022-04,country_tw,country_th,0.2530080991325624,0.16536250710487366
tgn,train,2022-04,country_tw,country_us,0.24468066966142446,0.16947132349014282
tgn,train,2022-04,country_tw,country_vn,-0.014778693422179306,0.08317281305789948
tgn,train,2022-04,country_us,country_203,0.18342149702340604,-0.03409691900014877
tgn,train,2022-04,country_us,country_344,-0.05512127417916217,-0.002249017357826233
tgn,train,2022-04,country_us,country_372,0.0887974616755926,0.003473326563835144
tgn,train,2022-04,country_us,country_380,-0.6370124665149742,-0.0016084834933280945
tgn,train,2022-04,country_us,country_cn,-0.12500349222908766,-0.017872720956802368
tgn,train,2022-04,country_us,country_de,-0.007387967332073753,0.009077370166778564
tgn,train,2022-04,country_us,country_fr,0.1103601806647117,0.021636992692947388
tgn,train,2022-04,country_us,country_gb,0.07028542833594963,0.045835286378860474
tgn,train,2022-04,country_us,country_in,0.30702562363020847,0.013948284089565277
tgn,train,2022-04,country_us,country_jp,-0.03675396679079033,-0.039203643798828125
tgn,train,2022-04,country_us,country_kr,-0.05913815346764609,0.023736238479614258
tgn,train,2022-04,country_us,country_mx,0.19012995224605744,0.0016709119081497192
tgn,train,2022-04,country_us,country_my,0.11351356470615549,0.049459606409072876
tgn,train,2022-04,country_us,country_ph,0.028023481868322812,-0.01419113576412201
tgn,train,2022-04,country_us,country_sg,0.3060518416071335,-0.0023460984230041504
tgn,train,2022-04,country_us,country_th,0.15473976219523858,0.005833178758621216
tgn,train,2022-04,country_us,country_vn,0.03479445553281337,-0.06344535946846008
tgn,train,2022-04,country_vn,country_203,-0.06965401703309519,-0.006185203790664673
tgn,train,2022-04,country_vn,country_344,-0.28267314629434337,0.02289542555809021
tgn,train,2022-04,country_vn,country_372,0.5004558475242423,0.01187124103307724
tgn,train,2022-04,country_vn,country_380,0.47716656053373596,0.021650344133377075
tgn,train,2022-04,country_vn,country_cn,-0.2193797137623431,0.1352064609527588
tgn,train,2022-04,country_vn,country_de,0.49766269915851896,0.1743323802947998
tgn,train,2022-04,country_vn,country_fr,7.491765461656598,0.19493380188941956
tgn,train,2022-04,country_vn,country_gb,2.479745127218464,0.26958006620407104
tgn,train,2022-04,country_vn,country_in,-0.20572613832875736,0.16736352443695068
tgn,train,2022-04,country_vn,country_jp,0.34083608359082723,0.0984964519739151
tgn,train,2022-04,country_vn,country_kr,-0.32222032237461584,0.1905355453491211
tgn,train,2022-04,country_vn,country_mx,-0.07122563727007544,0.1622886061668396
tgn,train,2022-04,country_vn,country_my,10.220390031668845,0.21326205134391785
tgn,train,2022-04,country_vn,country_ph,-0.20759986178627046,0.11033844947814941
tgn,train,2022-04,country_vn,country_sg,2.382163564947601,0.15917113423347473
tgn,train,2022-04,country_vn,country_th,-0.004678861080775226,0.17242804169654846
tgn,train,2022-04,country_vn,country_us,0.24663991897431461,0.19957652688026428
tgn,train,2022-05,country_203,country_344,-0.6533208410465736,0.011461079120635986
tgn,train,2022-05,country_203,country_372,0.585069059093463,0.3004632890224457
tgn,train,2022-05,country_203,country_380,0.4719973270421469,-0.0010069608688354492
tgn,train,2022-05,country_203,country_cn,0.25216524373463833,0.03054012358188629
tgn,train,2022-05,country_203,country_de,-0.09288218540716768,0.019117116928100586
tgn,train,2022-05,country_203,country_fr,-0.8170934020935412,0.018424004316329956
tgn,train,2022-05,country_203,country_gb,-0.7071579603374771,0.043332070112228394
tgn,train,2022-05,country_203,country_in,14.082842718298965,0.29608726501464844
tgn,train,2022-05,country_203,country_jp,0.458912472010835,-0.0008688867092132568
tgn,train,2022-05,country_203,country_kr,0.5318140281379157,-0.01429014652967453
tgn,train,2022-05,country_203,country_mx,-0.25330236428788794,-0.001989498734474182
tgn,train,2022-05,country_203,country_my,-0.29381294616276615,-0.0006122961640357971
tgn,train,2022-05,country_203,country_ph,-0.38931316691561485,0.03740808367729187
tgn,train,2022-05,country_203,country_sg,0.12806895130422252,-0.005054503679275513
tgn,train,2022-05,country_203,country_th,0.04442782389761282,0.05551798641681671
tgn,train,2022-05,country_203,country_us,0.041500744524852626,0.07347258925437927
tgn,train,2022-05,country_203,country_vn,0.09699161005875384,0.008841410279273987
tgn,train,2022-05,country_344,country_203,-0.16688222886679183,-0.0017760694026947021
tgn,train,2022-05,country_344,country_372,2.285782113607853,0.3911997675895691
tgn,train,2022-05,country_344,country_380,1.75871441757631,0.09623068571090698
tgn,train,2022-05,country_344,country_cn,-0.3607581850408087,0.08856263756752014
tgn,train,2022-05,country_344,country_de,2.5321607460499775,0.21068128943443298
tgn,train,2022-05,country_344,country_fr,2.085920021157094,0.21696051955223083
tgn,train,2022-05,country_344,country_gb,0.6726785930982494,0.25664499402046204
tgn,train,2022-05,country_344,country_in,-0.29913790932866763,0.23643124103546143
tgn,train,2022-05,country_344,country_jp,3.116927003180682,0.21591657400131226
tgn,train,2022-05,country_344,country_kr,0.367411570489908,0.21820953488349915
tgn,train,2022-05,country_344,country_mx,0.03125451977314201,0.20998713374137878
tgn,train,2022-05,country_344,country_my,-0.23008017971531466,0.23934948444366455
tgn,train,2022-05,country_344,country_ph,-0.10199306072548513,0.28368818759918213
tgn,train,2022-05,country_344,country_sg,0.023451422594749468,0.22623062133789062
tgn,train,2022-05,country_344,country_th,0.40930199938764356,0.295468807220459
tgn,train,2022-05,country_344,country_us,0.6140271280953418,0.2852400541305542
tgn,train,2022-05,country_344,country_vn,0.20654712421600394,0.1639547049999237
tgn,train,2022-05,country_372,country_203,-0.27740262422618606,-0.04893839359283447
tgn,train,2022-05,country_372,country_344,-0.49401467587168324,0.06791608035564423
tgn,train,2022-05,country_372,country_380,0.28886793479683487,0.03559392690658569
tgn,train,2022-05,country_372,country_cn,-0.025556835232341948,-0.013188667595386505
tgn,train,2022-05,country_372,country_de,0.7852001888633813,0.1388511061668396
tgn,train,2022-05,country_372,country_fr,-0.3631878985699202,0.13581125438213348
tgn,train,2022-05,country_372,country_gb,-0.7425310729303123,0.16455435752868652
tgn,train,2022-05,country_372,country_in,1.2804005238685074,0.20365267992019653
tgn,train,2022-05,country_372,country_jp,0.12199853031667882,0.16153624653816223
tgn,train,2022-05,country_372,country_kr,-0.3415496108344172,0.1310761719942093
tgn,train,2022-05,country_372,country_mx,2.8122933746953245,0.15365228056907654
tgn,train,2022-05,country_372,country_my,-0.021029605794970957,0.26733148097991943
tgn,train,2022-05,country_372,country_ph,0.2886120244191572,0.24292859435081482
tgn,train,2022-05,country_372,country_sg,-0.31627408237249416,0.10554033517837524
tgn,train,2022-05,country_372,country_th,23.985650168519697,0.1830419898033142
tgn,train,2022-05,country_372,country_us,1.0171048115506587,0.47275930643081665
tgn,train,2022-05,country_372,country_vn,-0.6256776719027194,0.04641416668891907
tgn,train,2022-05,country_380,country_203,0.06379976184053843,0.013922274112701416
tgn,train,2022-05,country_380,country_344,0.16029202001494494,0.10201731324195862
tgn,train,2022-05,country_380,country_372,1.1336053232949737,0.3910810351371765
tgn,train,2022-05,country_380,country_cn,0.196724500907441,0.1151181012392044
tgn,train,2022-05,country_380,country_de,0.5389691913236627,0.21050873398780823
tgn,train,2022-05,country_380,country_fr,-0.12772642118518165,0.2200915813446045
tgn,train,2022-05,country_380,country_gb,1.1769986093928124,0.2485426664352417
tgn,train,2022-05,country_380,country_in,-0.45721381179395604,0.22743606567382812
tgn,train,2022-05,country_380,country_jp,0.16779825148691604,0.1943041980266571
tgn,train,2022-05,country_380,country_kr,-0.3435292002650013,0.19390830397605896
tgn,train,2022-05,country_380,country_mx,0.12349212001249767,0.1972162127494812
tgn,train,2022-05,country_380,country_my,0.26470515057393834,0.23005062341690063
tgn,train,2022-05,country_380,country_ph,0.11847804048588693,0.2582586407661438
tgn,train,2022-05,country_380,country_sg,0.2782377552031371,0.2154257893562317
tgn,train,2022-05,country_380,country_th,0.32830772024919813,0.2765115201473236
tgn,train,2022-05,country_380,country_us,0.0508541500166192,0.28299441933631897
tgn,train,2022-05,country_380,country_vn,0.19785427017542526,0.12045587599277496
tgn,train,2022-05,country_50,country_jp,0.07793789818054056,0.14639607071876526
tgn,train,2022-05,country_50,country_my,4.506254719192973,0.20122459530830383
tgn,train,2022-05,country_50,country_sg,-0.33148612634774854,0.14651113748550415
tgn,train,2022-05,country_cn,country_203,0.12274454619899655,0.05359414219856262
tgn,train,2022-05,country_cn,country_344,0.08418719171603974,0.048011600971221924
tgn,train,2022-05,country_cn,country_372,0.9456247116129003,0.31686508655548096
tgn,train,2022-05,country_cn,country_380,1.0449076439406753,0.04412086308002472
tgn,train,2022-05,country_cn,country_de,0.5237897333641638,0.18397197127342224
tgn,train,2022-05,country_cn,country_fr,0.42321713702024727,0.19292917847633362
tgn,train,2022-05,country_cn,country_gb,0.9071288693098438,0.2198908030986786
tgn,train,2022-05,country_cn,country_in,-0.4330953692882308,0.3662559390068054
tgn,train,2022-05,country_cn,country_jp,0.11761914500360056,0.17491331696510315
tgn,train,2022-05,country_cn,country_kr,0.15182245329129518,0.17962899804115295
tgn,train,2022-05,country_cn,country_mx,0.20001104821142093,0.15278130769729614
tgn,train,2022-05,country_cn,country_my,0.03761441182840012,0.26822221279144287
tgn,train,2022-05,country_cn,country_ph,0.26263221011180204,0.23531454801559448
tgn,train,2022-05,country_cn,country_sg,0.14361091846517499,0.17693066596984863
tgn,train,2022-05,country_cn,country_th,0.22923627139546984,0.2579837441444397
tgn,train,2022-05,country_cn,country_us,0.35054566257324205,0.20525479316711426
tgn,train,2022-05,country_cn,country_vn,0.23977705525983092,0.14362332224845886
tgn,train,2022-05,country_de,country_203,0.16437482413585297,0.07190471887588501
tgn,train,2022-05,country_de,country_344,0.5877884491861298,0.0631915032863617
tgn,train,2022-05,country_de,country_372,0.45904727627623393,0.2197745442390442
tgn,train,2022-05,country_de,country_380,0.17348559998314014,0.06876233220100403
tgn,train,2022-05,country_de,country_cn,0.11441765028078299,0.12813034653663635
tgn,train,2022-05,country_de,country_fr,0.002004393269514422,0.1980648934841156
tgn,train,2022-05,country_de,country_gb,-0.7476705382909491,0.2179870903491974
tgn,train,2022-05,country_de,country_in,0.6449805098311153,0.3421463370323181
tgn,train,2022-05,country_de,country_jp,0.268702345422464,0.18155643343925476
tgn,train,2022-05,country_de,country_kr,0.17055051217819253,0.17236292362213135
tgn,train,2022-05,country_de,country_mx,0.3362124383712763,0.1785314381122589
tgn,train,2022-05,country_de,country_my,-0.03987282631868527,0.1784866452217102
tgn,train,2022-05,country_de,country_ph,-0.075872151782732,0.24465429782867432
tgn,train,2022-05,country_de,country_sg,-0.03680402241408125,0.18139469623565674
tgn,train,2022-05,country_de,country_th,0.2442332657668771,0.24849265813827515
tgn,train,2022-05,country_de,country_us,0.3409341210668978,0.21642529964447021
tgn,train,2022-05,country_de,country_vn,-0.41085745535172463,0.13043202459812164
tgn,train,2022-05,country_fr,country_203,-0.10880192842090493,0.06476925313472748
tgn,train,2022-05,country_fr,country_344,-0.10675990919668753,0.0651647299528122
tgn,train,2022-05,country_fr,country_372,0.13797373326484,0.23437181115150452
tgn,train,2022-05,country_fr,country_380,0.26198667010217747,0.07333245873451233
tgn,train,2022-05,country_fr,country_cn,0.16291442242558102,0.12935112416744232
tgn,train,2022-05,country_fr,country_de,0.1322112799461745,0.18144607543945312
tgn,train,2022-05,country_fr,country_gb,0.04937688685680097,0.20752239227294922
tgn,train,2022-05,country_fr,country_in,-0.20729131654437588,0.35629552602767944
tgn,train,2022-05,country_fr,country_jp,0.640520254411034,0.17669624090194702
tgn,train,2022-05,country_fr,country_kr,-0.10105662036712887,0.1678234040737152
tgn,train,2022-05,country_fr,country_mx,0.40391216280862596,0.18338221311569214
tgn,train,2022-05,country_fr,country_my,0.39387997710243156,0.17893344163894653
tgn,train,2022-05,country_fr,country_ph,0.038513641631138365,0.23239552974700928
tgn,train,2022-05,country_fr,country_sg,0.227415106326472,0.184663325548172
tgn,train,2022-05,country_fr,country_th,0.12849998325030065,0.24472779035568237
tgn,train,2022-05,country_fr,country_us,0.17821340517271733,0.2128657102584839
tgn,train,2022-05,country_fr,country_vn,0.056171578793225534,0.13520590960979462
tgn,train,2022-05,country_gb,country_203,2.1063850132287523,0.07218661904335022
tgn,train,2022-05,country_gb,country_344,0.6110588812774495,0.07201352715492249
tgn,train,2022-05,country_gb,country_372,-0.4851024583890162,0.22237277030944824
tgn,train,2022-05,country_gb,country_380,0.7887780878423931,0.06313835084438324
tgn,train,2022-05,country_gb,country_cn,0.03326553009421987,0.1270919144153595
tgn,train,2022-05,country_gb,country_de,-0.08733811074331452,0.17642521858215332
tgn,train,2022-05,country_gb,country_fr,0.31111112358206827,0.18561801314353943
tgn,train,2022-05,country_gb,country_in,0.3003347009370024,0.35409826040267944
tgn,train,2022-05,country_gb,country_jp,0.16954347889632845,0.17583799362182617
tgn,train,2022-05,country_gb,country_kr,-0.3236462873094058,0.17077213525772095
tgn,train,2022-05,country_gb,country_mx,-0.0282283689925136,0.18609634041786194
tgn,train,2022-05,country_gb,country_my,-0.1210878513162076,0.2020793855190277
tgn,train,2022-05,country_gb,country_ph,0.8302857240031417,0.2222859263420105
tgn,train,2022-05,country_gb,country_sg,-0.3670647789592927,0.1794617474079132
tgn,train,2022-05,country_gb,country_th,0.017368309296366836,0.24265003204345703
tgn,train,2022-05,country_gb,country_us,0.1411561322153943,0.21808022260665894
tgn,train,2022-05,country_gb,country_vn,-0.24051589735985648,0.1368114948272705
tgn,train,2022-05,country_in,country_203,0.6679967893590184,0.15028196573257446
tgn,train,2022-05,country_in,country_344,1.0014305134760744,0.1337321251630783
tgn,train,2022-05,country_in,country_372,-0.4325837131787567,0.5184110403060913
tgn,train,2022-05,country_in,country_380,-0.05983791456366138,0.13375931978225708
tgn,train,2022-05,country_in,country_cn,-0.13126601741419375,-0.05332900583744049
tgn,train,2022-05,country_in,country_de,1.0524997180736249,-0.018963158130645752
tgn,train,2022-05,country_in,country_fr,0.7674568432045397,-0.006124362349510193
tgn,train,2022-05,country_in,country_gb,0.280489126010725,0.027903974056243896
tgn,train,2022-05,country_in,country_jp,0.7479507012357055,-0.0034395381808280945
tgn,train,2022-05,country_in,country_kr,-0.3202911485293826,-0.006272397935390472
tgn,train,2022-05,country_in,country_mx,-0.05344125933545012,0.00028343498706817627
tgn,train,2022-05,country_in,country_my,1.4182996114773485,0.1283176839351654
tgn,train,2022-05,country_in,country_ph,1.8534180382153107,0.05909353494644165
tgn,train,2022-05,country_in,country_sg,-0.14490300584607085,-0.030229657888412476
tgn,train,2022-05,country_in,country_th,-0.5403276870643245,0.032945603132247925
tgn,train,2022-05,country_in,country_us,-0.2620284051707709,0.09290918707847595
tgn,train,2022-05,country_in,country_vn,-0.4864624582833528,-0.013509556651115417
tgn,train,2022-05,country_jp,country_203,0.08196231295557031,0.07172197103500366
tgn,train,2022-05,country_jp,country_344,0.10908009177927316,0.0722806453704834
tgn,train,2022-05,country_jp,country_372,-0.23339934253383735,0.21680331230163574
tgn,train,2022-05,country_jp,country_380,0.488588627824016,0.05630776286125183
tgn,train,2022-05,country_jp,country_cn,-0.1660396401607932,0.1356751024723053
tgn,train,2022-05,country_jp,country_de,0.08294518714950315,0.18095532059669495
tgn,train,2022-05,country_jp,country_fr,0.007724018588359821,0.1891070306301117
tgn,train,2022-05,country_jp,country_gb,0.438587685647558,0.2158854603767395
tgn,train,2022-05,country_jp,country_in,0.3177231876838046,0.3299504816532135
tgn,train,2022-05,country_jp,country_kr,0.047327250547894065,0.17994248867034912
tgn,train,2022-05,country_jp,country_mx,-0.07653636289994477,0.18146294355392456
tgn,train,2022-05,country_jp,country_my,-0.03362613230269536,0.22539132833480835
tgn,train,2022-05,country_jp,country_ph,-0.031648470401711155,0.2497086226940155
tgn,train,2022-05,country_jp,country_sg,0.6457052413933412,0.18957269191741943
tgn,train,2022-05,country_jp,country_th,0.09853152188576991,0.2636079788208008
tgn,train,2022-05,country_jp,country_us,-0.010066359329464423,0.22700616717338562
tgn,train,2022-05,country_jp,country_vn,0.24688865072082042,0.1583734154701233
tgn,train,2022-05,country_kr,country_203,0.2255874624301084,0.07883299887180328
tgn,train,2022-05,country_kr,country_344,-0.2566227039613387,0.08807866275310516
tgn,train,2022-05,country_kr,country_372,0.0851838848386706,0.23013854026794434
tgn,train,2022-05,country_kr,country_380,-0.40719574839351536,0.06500592827796936
tgn,train,2022-05,country_kr,country_cn,-0.06976757719004685,0.15132534503936768
tgn,train,2022-05,country_kr,country_de,0.058176490381749865,0.20728737115859985
tgn,train,2022-05,country_kr,country_fr,0.33638127318410266,0.21892398595809937
tgn,train,2022-05,country_kr,country_gb,0.695918313640298,0.24437588453292847
tgn,train,2022-05,country_kr,country_in,-0.1402359720058418,0.32167303562164307
tgn,train,2022-05,country_kr,country_jp,0.07831627588573571,0.21442380547523499
tgn,train,2022-05,country_kr,country_mx,0.061601704622973895,0.20004093647003174
tgn,train,2022-05,country_kr,country_my,0.051956274009264856,0.24601620435714722
tgn,train,2022-05,country_kr,country_ph,0.2695566628668856,0.27296140789985657
tgn,train,2022-05,country_kr,country_sg,0.4388523174883442,0.21403726935386658
tgn,train,2022-05,country_kr,country_th,0.06429635480272057,0.2853766977787018
tgn,train,2022-05,country_kr,country_us,0.023876099803888322,0.2604215145111084
tgn,train,2022-05,country_kr,country_vn,-0.053761727654082686,0.14861860871315002
tgn,train,2022-05,country_mx,country_203,0.1595067600966503,0.0911967009305954
tgn,train,2022-05,country_mx,country_344,-0.018322965391059563,0.09690579771995544
tgn,train,2022-05,country_mx,country_372,3.1166959368523357,0.25349152088165283
tgn,train,2022-05,country_mx,country_380,-0.42845733298118305,0.08174407482147217
tgn,train,2022-05,country_mx,country_cn,0.0050450165538212,0.16444724798202515
tgn,train,2022-05,country_mx,country_de,0.08978245975726168,0.21040940284729004
tgn,train,2022-05,country_mx,country_fr,2.3468781379609753,0.2131858766078949
tgn,train,2022-05,country_mx,country_gb,0.36282817793663014,0.2430674135684967
tgn,train,2022-05,country_mx,country_in,1.395693458740897,0.363440603017807
tgn,train,2022-05,country_mx,country_jp,0.5739086645495405,0.2072853446006775
tgn,train,2022-05,country_mx,country_kr,1.6670984040668342,0.203973650932312
tgn,train,2022-05,country_mx,country_my,2.2223003372704095,0.2132735252380371
tgn,train,2022-05,country_mx,country_ph,0.46234780595657876,0.2540775537490845
tgn,train,2022-05,country_mx,country_sg,0.693244533339318,0.21022403240203857
tgn,train,2022-05,country_mx,country_th,0.3105050038935643,0.27951157093048096
tgn,train,2022-05,country_mx,country_us,0.4492924907414918,0.26567089557647705
tgn,train,2022-05,country_mx,country_vn,1.5779651349008201,0.16641512513160706
tgn,train,2022-05,country_my,country_203,-0.1483218273651753,0.10288935899734497
tgn,train,2022-05,country_my,country_344,0.15495618191883456,0.13381776213645935
tgn,train,2022-05,country_my,country_372,-0.07899263245095968,0.27422767877578735
tgn,train,2022-05,country_my,country_380,0.39976707254982025,0.10818663239479065
tgn,train,2022-05,country_my,country_cn,0.14518289958952144,0.1795598864555359
tgn,train,2022-05,country_my,country_de,0.16549136481443893,0.24694949388504028
tgn,train,2022-05,country_my,country_fr,0.32331963993765495,0.25815171003341675
tgn,train,2022-05,country_my,country_gb,1.5328993659902088,0.28272244334220886
tgn,train,2022-05,country_my,country_in,-0.22739738464847506,0.29434531927108765
tgn,train,2022-05,country_my,country_jp,0.08535663647829748,0.2456933557987213
tgn,train,2022-05,country_my,country_kr,0.037689701792302195,0.23641955852508545
tgn,train,2022-05,country_my,country_mx,-0.12813158849477943,0.23489180207252502
tgn,train,2022-05,country_my,country_ph,0.4496748606210921,0.29842132329940796
tgn,train,2022-05,country_my,country_sg,0.23141588625353948,0.24872586131095886
tgn,train,2022-05,country_my,country_th,0.03730209269772885,0.31849509477615356
tgn,train,2022-05,country_my,country_us,0.0013066567860908606,0.3259836435317993
tgn,train,2022-05,country_my,country_vn,0.29325401800250844,0.1679590344429016
tgn,train,2022-05,country_ph,country_203,-0.03310875375612917,0.11252442002296448
tgn,train,2022-05,country_ph,country_344,0.0493531867663803,0.11723420023918152
tgn,train,2022-05,country_ph,country_372,0.22053770369412162,0.2565852105617523
tgn,train,2022-05,country_ph,country_380,2.0923455204006043,0.09647074341773987
tgn,train,2022-05,country_ph,country_cn,0.071642861917986,0.17367643117904663
tgn,train,2022-05,country_ph,country_de,0.11645687088627922,0.21924278140068054
tgn,train,2022-05,country_ph,country_fr,0.20266762699193683,0.2356266975402832
tgn,train,2022-05,country_ph,country_gb,0.9813734218320014,0.25626125931739807
tgn,train,2022-05,country_ph,country_in,-0.04329844398500126,0.33717936277389526
tgn,train,2022-05,country_ph,country_jp,0.19042792243784437,0.22227483987808228
tgn,train,2022-05,country_ph,country_kr,0.15604298483551676,0.21271950006484985
tgn,train,2022-05,country_ph,country_mx,0.4368031880147017,0.22240981459617615
tgn,train,2022-05,country_ph,country_my,0.2700150054421244,0.2690647840499878
tgn,train,2022-05,country_ph,country_sg,0.2813555268524819,0.22772499918937683
tgn,train,2022-05,country_ph,country_th,0.35912971732424703,0.29552367329597473
tgn,train,2022-05,country_ph,country_us,0.40920517892799824,0.2688921093940735
tgn,train,2022-05,country_ph,country_vn,0.5308360485194721,0.17456310987472534
tgn,train,2022-05,country_sg,country_203,-0.3298370047868974,0.07103201746940613
tgn,train,2022-05,country_sg,country_344,0.2046833435484142,0.0902152955532074
tgn,train,2022-05,country_sg,country_372,-0.10195595511019483,0.23914790153503418
tgn,train,2022-05,country_sg,country_380,0.7240979734673529,0.06523363292217255
tgn,train,2022-05,country_sg,country_cn,-0.11809013358931553,0.14958572387695312
tgn,train,2022-05,country_sg,country_de,0.391879138376666,0.1978568136692047
tgn,train,2022-05,country_sg,country_fr,-0.25920359514159336,0.21130096912384033
tgn,train,2022-05,country_sg,country_gb,-0.05849772708807745,0.2280457615852356
tgn,train,2022-05,country_sg,country_in,-0.08215391616722989,0.3574373722076416
tgn,train,2022-05,country_sg,country_jp,0.04602860564336228,0.20475584268569946
tgn,train,2022-05,country_sg,country_kr,0.35868910021575595,0.19305789470672607
tgn,train,2022-05,country_sg,country_mx,-0.13762024728338254,0.19937098026275635
tgn,train,2022-05,country_sg,country_my,0.223099860581899,0.2507350444793701
tgn,train,2022-05,country_sg,country_ph,-0.01066434848560159,0.2668680250644684
tgn,train,2022-05,country_sg,country_th,0.15281877367851862,0.27903836965560913
tgn,train,2022-05,country_sg,country_us,0.18736299500046874,0.24883699417114258
tgn,train,2022-05,country_sg,country_vn,0.03644016651330062,0.15151500701904297
tgn,train,2022-05,country_th,country_203,0.26566815953232276,0.11771047115325928
tgn,train,2022-05,country_th,country_344,0.08605042083906113,0.12256816029548645
tgn,train,2022-05,country_th,country_372,-0.07095591813935531,0.25584477186203003
tgn,train,2022-05,country_th,country_380,0.5445410105182297,0.11067833006381989
tgn,train,2022-05,country_th,country_cn,0.1347313757749551,0.18452364206314087
tgn,train,2022-05,country_th,country_de,0.33350025010940454,0.22529920935630798
tgn,train,2022-05,country_th,country_fr,0.7022834666098667,0.23315078020095825
tgn,train,2022-05,country_th,country_gb,1.0336557549225935,0.2568950057029724
tgn,train,2022-05,country_th,country_in,1.235649732636599,0.38530462980270386
tgn,train,2022-05,country_th,country_jp,0.16856220835642954,0.22742006182670593
tgn,train,2022-05,country_th,country_kr,0.2950356176175936,0.22164931893348694
tgn,train,2022-05,country_th,country_mx,0.3353166184125308,0.23153585195541382
tgn,train,2022-05,country_th,country_my,0.2885620822351013,0.26665812730789185
tgn,train,2022-05,country_th,country_ph,-0.020372982708375963,0.2738755941390991
tgn,train,2022-05,country_th,country_sg,0.44014272130683696,0.2361544370651245
tgn,train,2022-05,country_th,country_us,0.3895097782253734,0.2768053412437439
tgn,train,2022-05,country_th,country_vn,0.016317257558743213,0.18374580144882202
tgn,train,2022-05,country_tw,country_203,0.11781466125786749,0.06746360659599304
tgn,train,2022-05,country_tw,country_344,0.1353217240539083,0.07275131344795227
tgn,train,2022-05,country_tw,country_372,0.20772027962635264,0.2723847031593323
tgn,train,2022-05,country_tw,country_380,0.7191068511342389,0.056188538670539856
tgn,train,2022-05,country_tw,country_cn,-0.09238858881022015,0.14323464035987854
tgn,train,2022-05,country_tw,country_de,0.39512851047864284,0.19098693132400513
tgn,train,2022-05,country_tw,country_fr,0.4481482253429277,0.19778850674629211
tgn,train,2022-05,country_tw,country_gb,1.1564796130286488,0.22297793626785278
tgn,train,2022-05,country_tw,country_in,0.2444736052183876,0.37783297896385193
tgn,train,2022-05,country_tw,country_jp,0.23568865073822712,0.19954240322113037
tgn,train,2022-05,country_tw,country_kr,0.3517237663287122,0.18567582964897156
tgn,train,2022-05,country_tw,country_mx,0.03938607020143684,0.1857541799545288
tgn,train,2022-05,country_tw,country_my,0.2882909293976531,0.25626087188720703
tgn,train,2022-05,country_tw,country_ph,0.11579147183593046,0.2533232569694519
tgn,train,2022-05,country_tw,country_sg,0.0925367293030739,0.1973620057106018
tgn,train,2022-05,country_tw,country_th,0.09945504514166695,0.26576554775238037
tgn,train,2022-05,country_tw,country_us,0.16861765618717658,0.2278015911579132
tgn,train,2022-05,country_tw,country_vn,0.01825169741843028,0.1384461373090744
tgn,train,2022-05,country_us,country_203,0.08414982592793864,0.060680389404296875
tgn,train,2022-05,country_us,country_344,0.17787935860015522,0.08931221067905426
tgn,train,2022-05,country_us,country_372,0.2726875693258055,0.23273146152496338
tgn,train,2022-05,country_us,country_380,0.7481643155663111,0.06016634404659271
tgn,train,2022-05,country_us,country_cn,-0.09668744567893872,-0.025811009109020233
tgn,train,2022-05,country_us,country_de,0.46426631044484473,0.024093493819236755
tgn,train,2022-05,country_us,country_fr,-0.044009502056667975,0.03525462746620178
tgn,train,2022-05,country_us,country_gb,0.22310234168063248,0.047256454825401306
tgn,train,2022-05,country_us,country_in,0.2829463894615958,0.19754144549369812
tgn,train,2022-05,country_us,country_jp,-0.005167294792263568,0.028568506240844727
tgn,train,2022-05,country_us,country_kr,0.11797308272431421,0.028667479753494263
tgn,train,2022-05,country_us,country_mx,0.16282893729130582,0.009690389037132263
tgn,train,2022-05,country_us,country_my,0.1472686008694023,0.08707794547080994
tgn,train,2022-05,country_us,country_ph,0.04825785900809986,0.0650397539138794
tgn,train,2022-05,country_us,country_sg,-0.17315286102145264,0.02806219458580017
tgn,train,2022-05,country_us,country_th,0.016266030404853766,0.0813571959733963
tgn,train,2022-05,country_us,country_vn,-0.04943654351461373,-0.02420724183320999
tgn,train,2022-05,country_vn,country_203,-0.643370718404602,0.040489211678504944
tgn,train,2022-05,country_vn,country_344,0.466718998606044,0.04255601763725281
tgn,train,2022-05,country_vn,country_372,0.48436918406549484,0.30817711353302
tgn,train,2022-05,country_vn,country_380,-0.12138070764270303,0.027918890118598938
tgn,train,2022-05,country_vn,country_cn,0.5109163787468827,0.11974883079528809
tgn,train,2022-05,country_vn,country_de,0.450780662039868,0.17089086771011353
tgn,train,2022-05,country_vn,country_fr,1.525600285406668,0.18030953407287598
tgn,train,2022-05,country_vn,country_gb,0.5939068539453057,0.19871467351913452
tgn,train,2022-05,country_vn,country_in,1.9152334220318343,0.37065085768699646
tgn,train,2022-05,country_vn,country_jp,0.2354110144995466,0.16325435042381287
tgn,train,2022-05,country_vn,country_kr,0.09252849152448886,0.15924692153930664
tgn,train,2022-05,country_vn,country_mx,-0.008504382574741384,0.15836548805236816
tgn,train,2022-05,country_vn,country_my,1.0373022976486723,0.17770999670028687
tgn,train,2022-05,country_vn,country_ph,-0.0974170125954361,0.17607733607292175
tgn,train,2022-05,country_vn,country_sg,0.3039138035147475,0.16647961735725403
tgn,train,2022-05,country_vn,country_th,1.0937856941768096,0.2471369504928589
tgn,train,2022-05,country_vn,country_us,0.2836293604206495,0.22140663862228394
tgn,train,2022-06,country_203,country_344,-0.8294593213374865,0.07391099631786346
tgn,train,2022-06,country_203,country_372,0.118449577398287,0.05208180844783783
tgn,train,2022-06,country_203,country_380,0.697989910790517,0.4426395297050476
tgn,train,2022-06,country_203,country_cn,-0.3021963350288577,0.12457713484764099
tgn,train,2022-06,country_203,country_de,-0.26623605295027175,0.1800660490989685
tgn,train,2022-06,country_203,country_fr,-0.688796509956022,0.15280264616012573
tgn,train,2022-06,country_203,country_gb,-0.6140791058541594,0.2695961594581604
tgn,train,2022-06,country_203,country_in,0.7456176680901231,0.21523815393447876
tgn,train,2022-06,country_203,country_jp,0.5794526211244204,0.10251477360725403
tgn,train,2022-06,country_203,country_kr,1.1383517100301046,0.17514455318450928
tgn,train,2022-06,country_203,country_mx,-0.32590551080478963,0.15481528639793396
tgn,train,2022-06,country_203,country_my,-0.16691483824735612,0.18934428691864014
tgn,train,2022-06,country_203,country_ph,-0.4644218551461245,0.16193854808807373
tgn,train,2022-06,country_203,country_sg,-0.3161843269593384,0.1593843698501587
tgn,train,2022-06,country_203,country_th,-0.10292861757851264,0.15661847591400146
tgn,train,2022-06,country_203,country_us,-0.047329640959856444,0.20969974994659424
tgn,train,2022-06,country_203,country_vn,-0.36424246199380855,0.08659890294075012
tgn,train,2022-06,country_344,country_203,-0.4401047678650071,0.08991873264312744
tgn,train,2022-06,country_344,country_372,0.3548181177726481,0.0688314437866211
tgn,train,2022-06,country_344,country_380,0.9238643741525159,0.4549822211265564
tgn,train,2022-06,country_344,country_cn,-0.24872352397801273,0.10262016952037811
tgn,train,2022-06,country_344,country_de,1.1171658377959897,0.18871033191680908
tgn,train,2022-06,country_344,country_fr,0.9334942520987222,0.15105348825454712
tgn,train,2022-06,country_344,country_gb,0.23689432639908997,0.3072180151939392
tgn,train,2022-06,country_344,country_in,-0.20305958986876424,0.20526883006095886
tgn,train,2022-06,country_344,country_jp,0.7854557975738709,0.12907665967941284
tgn,train,2022-06,country_344,country_kr,0.5412170539994564,0.2361869215965271
tgn,train,2022-06,country_344,country_mx,0.43685493651346974,0.1881449818611145
tgn,train,2022-06,country_344,country_my,-0.3993590744779599,0.18907120823860168
tgn,train,2022-06,country_344,country_ph,0.2972853796734984,0.25092577934265137
tgn,train,2022-06,country_344,country_sg,0.15442717601890327,0.1972939372062683
tgn,train,2022-06,country_344,country_th,0.22139821903367826,0.21170783042907715
tgn,train,2022-06,country_344,country_us,0.36747829396798176,0.24538302421569824
tgn,train,2022-06,country_344,country_vn,-0.5488681974778195,0.07216531038284302
tgn,train,2022-06,country_372,country_203,-0.01563435533683898,0.06536883115768433
tgn,train,2022-06,country_372,country_344,0.5103754918485313,0.08679760992527008
tgn,train,2022-06,country_372,country_380,-0.31854215777430017,0.42750221490859985
tgn,train,2022-06,country_372,country_cn,-0.03491658833754335,-0.062486592680215836
tgn,train,2022-06,country_372,country_de,2.8815478297994455,-0.05362598970532417
tgn,train,2022-06,country_372,country_fr,-0.41498578382353174,-0.0377984493970871
tgn,train,2022-06,country_372,country_gb,-0.9244994347344795,-0.0006969720125198364
tgn,train,2022-06,country_372,country_in,1.7319974967063703,0.30053257942199707
tgn,train,2022-06,country_372,country_jp,-0.2625557621814516,-0.08264139294624329
tgn,train,2022-06,country_372,country_kr,-0.5637049393067608,-0.05708351731300354
tgn,train,2022-06,country_372,country_mx,-0.3643122099610436,-0.04981561377644539
tgn,train,2022-06,country_372,country_my,0.35789237692284004,-0.052576519548892975
tgn,train,2022-06,country_372,country_ph,0.6323787927161679,-0.04665767401456833
tgn,train,2022-06,country_372,country_sg,0.023119518659833315,-0.07483725249767303
tgn,train,2022-06,country_372,country_th,-0.4416256733435495,-0.033046647906303406
tgn,train,2022-06,country_372,country_us,0.02074041249613872,0.04270634055137634
tgn,train,2022-06,country_372,country_vn,-0.43584666370943986,-0.06139306351542473
tgn,train,2022-06,country_380,country_203,-0.28395235208389374,0.008420661091804504
tgn,train,2022-06,country_380,country_344,0.19889240024779323,0.07087978720664978
tgn,train,2022-06,country_380,country_372,0.4231212745488511,0.007121622562408447
tgn,train,2022-06,country_380,country_cn,0.16274462520236307,-0.013908401131629944
tgn,train,2022-06,country_380,country_de,-0.19565200272562921,0.09979498386383057
tgn,train,2022-06,country_380,country_fr,-0.28631102944401005,0.014951355755329132
tgn,train,2022-06,country_380,country_gb,-0.05599806453731522,0.25007539987564087
tgn,train,2022-06,country_380,country_in,0.023778528911809458,0.07316386699676514
tgn,train,2022-06,country_380,country_jp,0.2058317751756327,0.02151814103126526
tgn,train,2022-06,country_380,country_kr,-0.16679191893972495,0.17215478420257568
tgn,train,2022-06,country_380,country_mx,-0.008637527556828594,0.0985715389251709
tgn,train,2022-06,country_380,country_my,0.38227819757962916,0.14468997716903687
tgn,train,2022-06,country_380,country_ph,0.00698127532938093,0.21883940696716309
tgn,train,2022-06,country_380,country_sg,0.3932233553760266,0.12216705083847046
tgn,train,2022-06,country_380,country_th,0.11132369917634743,0.06945544481277466
tgn,train,2022-06,country_380,country_us,-0.10169104694862995,0.3053645193576813
tgn,train,2022-06,country_380,country_vn,0.1341181744391671,-0.07562588155269623
tgn,train,2022-06,country_50,country_jp,-0.048462506006852105,0.04301384091377258
tgn,train,2022-06,country_50,country_my,1.6744167361818167,0.11205050349235535
tgn,train,2022-06,country_50,country_sg,-0.0028023684190295905,0.07424348592758179
tgn,train,2022-06,country_cn,country_203,-0.2686022431802931,0.02973867952823639
tgn,train,2022-06,country_cn,country_344,-0.08476750699051817,0.036660969257354736
tgn,train,2022-06,country_cn,country_372,3.3561897350550556,0.14656725525856018
tgn,train,2022-06,country_cn,country_380,0.7975531989492972,0.35844236612319946
tgn,train,2022-06,country_cn,country_de,0.46724502512693084,0.16725727915763855
tgn,train,2022-06,country_cn,country_fr,0.49304878978679184,0.1177394837141037
tgn,train,2022-06,country_cn,country_gb,0.4969372602923794,0.2837158143520355
tgn,train,2022-06,country_cn,country_in,-0.37571408436348197,0.33803847432136536
tgn,train,2022-06,country_cn,country_jp,-0.003916565046487635,0.08991469442844391
tgn,train,2022-06,country_cn,country_kr,0.03509244364807541,0.20911124348640442
tgn,train,2022-06,country_cn,country_mx,0.27460428120926694,0.15977942943572998
tgn,train,2022-06,country_cn,country_my,0.06466098791651441,0.1970866322517395
tgn,train,2022-06,country_cn,country_ph,0.20384144462405376,0.22212910652160645
tgn,train,2022-06,country_cn,country_sg,0.2508224764147384,0.15880480408668518
tgn,train,2022-06,country_cn,country_th,0.18729503008837456,0.17567163705825806
tgn,train,2022-06,country_cn,country_us,0.03910224911437033,0.1448870599269867
tgn,train,2022-06,country_cn,country_vn,0.20673686660055499,0.10443904995918274
tgn,train,2022-06,country_de,country_203,-0.18133509184843066,0.04306939244270325
tgn,train,2022-06,country_de,country_344,0.8321931689575303,0.047943368554115295
tgn,train,2022-06,country_de,country_372,0.8155144001575068,0.13891898095607758
tgn,train,2022-06,country_de,country_380,0.07936228945167381,0.2934107184410095
tgn,train,2022-06,country_de,country_cn,0.13220750042538026,0.107799232006073
tgn,train,2022-06,country_de,country_fr,-0.1474134711367394,0.13885389268398285
tgn,train,2022-06,country_de,country_gb,-0.5869363770530525,0.24614250659942627
tgn,train,2022-06,country_de,country_in,0.37792223920193024,0.3320873975753784
tgn,train,2022-06,country_de,country_jp,0.17066676521005844,0.09918129444122314
tgn,train,2022-06,country_de,country_kr,0.2777083444748322,0.19300925731658936
tgn,train,2022-06,country_de,country_mx,0.25362170679142915,0.17235547304153442
tgn,train,2022-06,country_de,country_my,-0.06770963241934942,0.18410247564315796
tgn,train,2022-06,country_de,country_ph,-0.0004338373279731703,0.2161230444908142
tgn,train,2022-06,country_de,country_sg,-0.011697331887313063,0.14931371808052063
tgn,train,2022-06,country_de,country_th,0.06743844084006496,0.16416588425636292
tgn,train,2022-06,country_de,country_us,0.17029818884984202,0.15376436710357666
tgn,train,2022-06,country_de,country_vn,0.014736486063394425,0.08927765488624573
tgn,train,2022-06,country_fr,country_203,0.007161845964093666,0.028644174337387085
tgn,train,2022-06,country_fr,country_344,0.11087588299014617,0.03633269667625427
tgn,train,2022-06,country_fr,country_372,0.8135671262730763,0.16934168338775635
tgn,train,2022-06,country_fr,country_380,-0.08508133388856985,0.35515493154525757
tgn,train,2022-06,country_fr,country_cn,0.0051211620841160365,0.10200430452823639
tgn,train,2022-06,country_fr,country_de,0.17529411031429734,0.15536999702453613
tgn,train,2022-06,country_fr,country_gb,-0.36838424053583557,0.2653484344482422
tgn,train,2022-06,country_fr,country_in,0.3818024235928473,0.3703329563140869
tgn,train,2022-06,country_fr,country_jp,0.02984032438590747,0.09455271065235138
tgn,train,2022-06,country_fr,country_kr,0.054093599388775906,0.18669292330741882
tgn,train,2022-06,country_fr,country_mx,0.6399115142772779,0.17317718267440796
tgn,train,2022-06,country_fr,country_my,0.29213134266158935,0.1793540120124817
tgn,train,2022-06,country_fr,country_ph,-0.01026274259842377,0.20286959409713745
tgn,train,2022-06,country_fr,country_sg,0.13895977094329068,0.15127348899841309
tgn,train,2022-06,country_fr,country_th,-0.164398216686691,0.1599094271659851
tgn,train,2022-06,country_fr,country_us,-0.1420495648931704,0.14297503232955933
tgn,train,2022-06,country_fr,country_vn,0.4233352317063439,0.08830206096172333
tgn,train,2022-06,country_gb,country_203,-0.4270917461086226,0.06284862756729126
tgn,train,2022-06,country_gb,country_344,0.16251966176651628,0.07056771218776703
tgn,train,2022-06,country_gb,country_372,-0.9589611830934142,0.13693490624427795
tgn,train,2022-06,country_gb,country_380,0.7040964449250265,0.26739636063575745
tgn,train,2022-06,country_gb,country_cn,0.004187000379115247,0.10685752332210541
tgn,train,2022-06,country_gb,country_de,-0.10487352832860923,0.15818923711776733
tgn,train,2022-06,country_gb,country_fr,-0.10068243136283726,0.13781873881816864
tgn,train,2022-06,country_gb,country_in,0.4316397998980941,0.3043407201766968
tgn,train,2022-06,country_gb,country_jp,0.030342595549034998,0.10437536239624023
tgn,train,2022-06,country_gb,country_kr,-0.1450310310455971,0.18892639875411987
tgn,train,2022-06,country_gb,country_mx,-0.05989625207971673,0.1823626160621643
tgn,train,2022-06,country_gb,country_my,0.19943688782307353,0.17464685440063477
tgn,train,2022-06,country_gb,country_ph,1.0379077599267306,0.18350398540496826
tgn,train,2022-06,country_gb,country_sg,-0.1165457990357343,0.15230518579483032
tgn,train,2022-06,country_gb,country_th,0.03938368284177184,0.17296946048736572
tgn,train,2022-06,country_gb,country_us,0.07978875413094316,0.16277682781219482
tgn,train,2022-06,country_gb,country_vn,0.4610997642233792,0.09164580702781677
tgn,train,2022-06,country_in,country_203,-0.838180980847202,0.23566913604736328
tgn,train,2022-06,country_in,country_344,0.456647344715164,0.25565600395202637
tgn,train,2022-06,country_in,country_372,48.213780408889924,0.4216538071632385
tgn,train,2022-06,country_in,country_380,-0.5355898721487542,0.7189284563064575
tgn,train,2022-06,country_in,country_cn,-0.2661924376782513,0.012810379266738892
tgn,train,2022-06,country_in,country_de,-0.08087215703830528,0.07732366025447845
tgn,train,2022-06,country_in,country_fr,-0.12214655490775922,0.028852596879005432
tgn,train,2022-06,country_in,country_gb,0.2665778977228046,0.2323843538761139
tgn,train,2022-06,country_in,country_jp,0.09262833887723977,0.06518739461898804
tgn,train,2022-06,country_in,country_kr,-0.5199120326313206,0.1504872739315033
tgn,train,2022-06,country_in,country_mx,0.5782583051860002,0.09570008516311646
tgn,train,2022-06,country_in,country_my,0.9864417344644412,0.09909826517105103
tgn,train,2022-06,country_in,country_ph,0.9257048551748673,0.1959208846092224
tgn,train,2022-06,country_in,country_sg,0.13564615474271696,0.09957519173622131
tgn,train,2022-06,country_in,country_th,-0.5547541796296617,0.05609595775604248
tgn,train,2022-06,country_in,country_us,1.2577681029584042,0.08624733984470367
tgn,train,2022-06,country_in,country_vn,-0.1560344748125923,0.006105773150920868
tgn,train,2022-06,country_jp,country_203,-0.18695723545080556,0.023531198501586914
tgn,train,2022-06,country_jp,country_344,-0.01346156928994777,0.03373792767524719
tgn,train,2022-06,country_jp,country_372,0.42068473833786596,0.11651051044464111
tgn,train,2022-06,country_jp,country_380,0.03084802060811404,0.33419620990753174
tgn,train,2022-06,country_jp,country_cn,-0.10975384611723638,0.10806781053543091
tgn,train,2022-06,country_jp,country_de,-0.060998824520070355,0.16003918647766113
tgn,train,2022-06,country_jp,country_fr,-0.12491577421444014,0.12308181822299957
tgn,train,2022-06,country_jp,country_gb,0.2900017424137549,0.2579355537891388
tgn,train,2022-06,country_jp,country_in,0.05950689859491477,0.3102933168411255
tgn,train,2022-06,country_jp,country_kr,0.36909784336203,0.20613214373588562
tgn,train,2022-06,country_jp,country_mx,-0.08472541248694734,0.1608107089996338
tgn,train,2022-06,country_jp,country_my,0.19126258624841608,0.2019709348678589
tgn,train,2022-06,country_jp,country_ph,-0.03496677204487046,0.22620218992233276
tgn,train,2022-06,country_jp,country_sg,0.5858496849335398,0.16552981734275818
tgn,train,2022-06,country_jp,country_th,-0.07631933521535174,0.1761171519756317
tgn,train,2022-06,country_jp,country_us,0.03225687234585347,0.15411555767059326
tgn,train,2022-06,country_jp,country_vn,-0.07080460728128873,0.07600262761116028
tgn,train,2022-06,country_kr,country_203,0.19361730390607326,0.07374534010887146
tgn,train,2022-06,country_kr,country_344,-0.15260015207731678,0.0868614912033081
tgn,train,2022-06,country_kr,country_372,0.41794491861898536,0.13534462451934814
tgn,train,2022-06,country_kr,country_380,1.1881785717901598,0.2886197865009308
tgn,train,2022-06,country_kr,country_cn,-0.01629177449116428,0.14243778586387634
tgn,train,2022-06,country_kr,country_de,-0.017265996975381746,0.18079924583435059
tgn,train,2022-06,country_kr,country_fr,1.058794259938969,0.16303348541259766
tgn,train,2022-06,country_kr,country_gb,0.10350954205904163,0.2724042534828186
tgn,train,2022-06,country_kr,country_in,0.20873362476346782,0.31226956844329834
tgn,train,2022-06,country_kr,country_jp,-0.1571109799998845,0.1307070553302765
tgn,train,2022-06,country_kr,country_mx,0.16170472705083555,0.19959574937820435
tgn,train,2022-06,country_kr,country_my,-0.04735907019215549,0.21767762303352356
tgn,train,2022-06,country_kr,country_ph,0.02030574726902224,0.24524348974227905
tgn,train,2022-06,country_kr,country_sg,0.45815327694097624,0.18403595685958862
tgn,train,2022-06,country_kr,country_th,-0.038920925744130565,0.19795018434524536
tgn,train,2022-06,country_kr,country_us,-0.10323193049130715,0.19061651825904846
tgn,train,2022-06,country_kr,country_vn,0.024940108023221705,0.11945037543773651
tgn,train,2022-06,country_mx,country_203,0.16215665125075726,0.07287934422492981
tgn,train,2022-06,country_mx,country_344,-0.15393033848941168,0.08567854762077332
tgn,train,2022-06,country_mx,country_372,0.16978827216297174,0.19012409448623657
tgn,train,2022-06,country_mx,country_380,0.7294311147343924,0.3841020166873932
tgn,train,2022-06,country_mx,country_cn,-0.2269032573775643,0.15091577172279358
tgn,train,2022-06,country_mx,country_de,0.15751854162825518,0.19319865107536316
tgn,train,2022-06,country_mx,country_fr,-0.4143565953377345,0.17721587419509888
tgn,train,2022-06,country_mx,country_gb,0.2988712436533889,0.28770798444747925
tgn,train,2022-06,country_mx,country_in,2.071317829866873,0.38689520955085754
tgn,train,2022-06,country_mx,country_jp,0.4250299211884483,0.13639342784881592
tgn,train,2022-06,country_mx,country_kr,-0.06592140584155765,0.22398245334625244
tgn,train,2022-06,country_mx,country_my,0.9105663142149643,0.2253275215625763
tgn,train,2022-06,country_mx,country_ph,1.0488899774204263,0.22665607929229736
tgn,train,2022-06,country_mx,country_sg,0.19898228915208335,0.1864023208618164
tgn,train,2022-06,country_mx,country_th,0.644166899641921,0.20318388938903809
tgn,train,2022-06,country_mx,country_us,-0.22453554247761487,0.20011860132217407
tgn,train,2022-06,country_mx,country_vn,2.0737039929464225,0.13248084485530853
tgn,train,2022-06,country_my,country_203,-0.3139943003456255,0.07717543840408325
tgn,train,2022-06,country_my,country_344,0.05079555994001146,0.08976708352565765
tgn,train,2022-06,country_my,country_372,-0.05996024256616239,0.16314780712127686
tgn,train,2022-06,country_my,country_380,0.6679773211944959,0.3348260521888733
tgn,train,2022-06,country_my,country_cn,-0.006850315798440275,0.14995065331459045
tgn,train,2022-06,country_my,country_de,0.095527359681938,0.19231915473937988
tgn,train,2022-06,country_my,country_fr,0.4736595289455846,0.17303374409675598
tgn,train,2022-06,country_my,country_gb,1.4176418669604718,0.2901190519332886
tgn,train,2022-06,country_my,country_in,-0.029854115407645,0.35558998584747314
tgn,train,2022-06,country_my,country_jp,0.0558610568558704,0.13684658706188202
tgn,train,2022-06,country_my,country_kr,0.14449702937894188,0.229489266872406
tgn,train,2022-06,country_my,country_mx,0.08405178597593933,0.20788824558258057
tgn,train,2022-06,country_my,country_ph,0.11257904589484334,0.24460095167160034
tgn,train,2022-06,country_my,country_sg,0.1281461170433388,0.18963462114334106
tgn,train,2022-06,country_my,country_th,0.14914039482988725,0.20538482069969177
tgn,train,2022-06,country_my,country_us,-0.2777647625753562,0.198490709066391
tgn,train,2022-06,country_my,country_vn,0.12792604321196097,0.12599410116672516
tgn,train,2022-06,country_ph,country_203,0.027768586371870112,0.08137194812297821
tgn,train,2022-06,country_ph,country_344,0.03113801268905492,0.09478649497032166
tgn,train,2022-06,country_ph,country_372,0.16062277453267865,0.148390531539917
tgn,train,2022-06,country_ph,country_380,0.06106636926543675,0.299782931804657
tgn,train,2022-06,country_ph,country_cn,-0.003498438405066276,0.14670982956886292
tgn,train,2022-06,country_ph,country_de,0.23703541314284698,0.1892944872379303
tgn,train,2022-06,country_ph,country_fr,0.2508652556174684,0.17290937900543213
tgn,train,2022-06,country_ph,country_gb,0.5780151446112743,0.27511343359947205
tgn,train,2022-06,country_ph,country_in,0.22849077077437893,0.3168553113937378
tgn,train,2022-06,country_ph,country_jp,0.18999769759198867,0.13561013340950012
tgn,train,2022-06,country_ph,country_kr,0.304828953417488,0.22882431745529175
tgn,train,2022-06,country_ph,country_mx,0.3209816927420061,0.20747724175453186
tgn,train,2022-06,country_ph,country_my,0.00012307246868457317,0.21939384937286377
tgn,train,2022-06,country_ph,country_sg,0.3285868043037854,0.18822020292282104
tgn,train,2022-06,country_ph,country_th,0.1329346519703376,0.20427581667900085
tgn,train,2022-06,country_ph,country_us,0.2702110436399965,0.18981564044952393
tgn,train,2022-06,country_ph,country_vn,0.13646077140394863,0.12618473172187805
tgn,train,2022-06,country_sg,country_203,-0.3329357379541674,0.044586971402168274
tgn,train,2022-06,country_sg,country_344,-0.12967935672840827,0.06894409656524658
tgn,train,2022-06,country_sg,country_372,-0.2639043278904797,0.12648671865463257
tgn,train,2022-06,country_sg,country_380,0.531455186542137,0.2843345105648041
tgn,train,2022-06,country_sg,country_cn,-0.020803555005409622,0.12021078169345856
tgn,train,2022-06,country_sg,country_de,0.18530641498967124,0.1748453974723816
tgn,train,2022-06,country_sg,country_fr,0.251125825692386,0.14462482929229736
tgn,train,2022-06,country_sg,country_gb,0.16282463949621473,0.26157957315444946
tgn,train,2022-06,country_sg,country_in,0.05333348613436418,0.3122895359992981
tgn,train,2022-06,country_sg,country_jp,0.0955430780084735,0.11205585300922394
tgn,train,2022-06,country_sg,country_kr,0.14678476595461115,0.21654149889945984
tgn,train,2022-06,country_sg,country_mx,0.09829392868852978,0.1829526424407959
tgn,train,2022-06,country_sg,country_my,0.07324995309986757,0.218171626329422
tgn,train,2022-06,country_sg,country_ph,0.09676289037195135,0.23897472023963928
tgn,train,2022-06,country_sg,country_th,0.09168149308384188,0.18029308319091797
tgn,train,2022-06,country_sg,country_us,0.12272557014739163,0.1794135570526123
tgn,train,2022-06,country_sg,country_vn,-0.22554586150262154,0.10153073072433472
tgn,train,2022-06,country_th,country_203,0.21612652486525438,0.060157448053359985
tgn,train,2022-06,country_th,country_344,-0.023011073380161624,0.07214730978012085
tgn,train,2022-06,country_th,country_372,1.8886561742049381,0.18108448386192322
tgn,train,2022-06,country_th,country_380,0.5518501572737626,0.3566822409629822
tgn,train,2022-06,country_th,country_cn,0.029444142177621018,0.1361464112997055
tgn,train,2022-06,country_th,country_de,0.20047114837476798,0.1782645583152771
tgn,train,2022-06,country_th,country_fr,0.4867496903293396,0.15622186660766602
tgn,train,2022-06,country_th,country_gb,0.4656439881840346,0.2758803963661194
tgn,train,2022-06,country_th,country_in,2.4705038075194268,0.3761328458786011
tgn,train,2022-06,country_th,country_jp,0.15302480265901713,0.12465137243270874
tgn,train,2022-06,country_th,country_kr,0.14748751104289545,0.21641111373901367
tgn,train,2022-06,country_th,country_mx,0.20436245891684235,0.19770008325576782
tgn,train,2022-06,country_th,country_my,0.11311234683298377,0.21268993616104126
tgn,train,2022-06,country_th,country_ph,-0.020100643555496497,0.2280963659286499
tgn,train,2022-06,country_th,country_sg,0.23737777554690573,0.1752575933933258
tgn,train,2022-06,country_th,country_us,0.2217781585641363,0.18523100018501282
tgn,train,2022-06,country_th,country_vn,-0.004810010890453509,0.11440122127532959
tgn,train,2022-06,country_tw,country_203,-0.04406766921903856,0.018599018454551697
tgn,train,2022-06,country_tw,country_344,0.0209546245401876,0.03892746567726135
tgn,train,2022-06,country_tw,country_372,0.8269876429484982,0.15866971015930176
tgn,train,2022-06,country_tw,country_380,0.2375082444642758,0.39898616075515747
tgn,train,2022-06,country_tw,country_cn,-0.08336570769059827,0.11586982011795044
tgn,train,2022-06,country_tw,country_de,0.1516505364731503,0.17140638828277588
tgn,train,2022-06,country_tw,country_fr,0.14592034865965536,0.13481010496616364
tgn,train,2022-06,country_tw,country_gb,0.5139180379716799,0.28629270195961
tgn,train,2022-06,country_tw,country_in,0.5064244161524967,0.3560636043548584
tgn,train,2022-06,country_tw,country_jp,0.09591847601667175,0.11094863712787628
tgn,train,2022-06,country_tw,country_kr,0.3587408219605186,0.21246224641799927
tgn,train,2022-06,country_tw,country_mx,0.10510279711336372,0.1677044928073883
tgn,train,2022-06,country_tw,country_my,0.16499922842821155,0.21111059188842773
tgn,train,2022-06,country_tw,country_ph,0.08551125612085611,0.23067671060562134
tgn,train,2022-06,country_tw,country_sg,0.04519220272222196,0.17492365837097168
tgn,train,2022-06,country_tw,country_th,0.6249815043091845,0.1783992350101471
tgn,train,2022-06,country_tw,country_us,0.329548042039826,0.1588091254234314
tgn,train,2022-06,country_tw,country_vn,0.28826996739135013,0.08221673965454102
tgn,train,2022-06,country_us,country_203,0.06203223680630229,0.0037407949566841125
tgn,train,2022-06,country_us,country_344,-0.2331860687805084,0.021334588527679443
tgn,train,2022-06,country_us,country_372,0.14785264379670776,0.06872162222862244
tgn,train,2022-06,country_us,country_380,-0.023189455368230173,0.22702836990356445
tgn,train,2022-06,country_us,country_cn,-0.17730756987235502,-0.0431840717792511
tgn,train,2022-06,country_us,country_de,-0.07286220932318321,0.0013111531734466553
tgn,train,2022-06,country_us,country_fr,-0.278523505835932,-0.009755581617355347
tgn,train,2022-06,country_us,country_gb,0.053468985931338205,0.034745484590530396
tgn,train,2022-06,country_us,country_in,-0.0795042635434331,0.14466145634651184
tgn,train,2022-06,country_us,country_jp,-0.06717268983025179,-0.04335375130176544
tgn,train,2022-06,country_us,country_kr,-0.03283095487809204,0.01764795184135437
tgn,train,2022-06,country_us,country_mx,0.2197344080229239,0.00027176737785339355
tgn,train,2022-06,country_us,country_my,0.08448775205008001,0.04035232961177826
tgn,train,2022-06,country_us,country_ph,0.01793899321844897,0.027910739183425903
tgn,train,2022-06,country_us,country_sg,-0.19524692416149103,-0.001562066376209259
tgn,train,2022-06,country_us,country_th,0.0937935562967312,0.01819401979446411
tgn,train,2022-06,country_us,country_vn,-0.4870246848459278,-0.0710785761475563
tgn,train,2022-06,country_vn,country_203,-0.5394954025402341,0.025083065032958984
tgn,train,2022-06,country_vn,country_344,-0.16778904972963665,0.04255160689353943
tgn,train,2022-06,country_vn,country_372,0.4095387233635551,0.17660734057426453
tgn,train,2022-06,country_vn,country_380,0.013838963271226915,0.426383912563324
tgn,train,2022-06,country_vn,country_cn,-0.0327934851449601,0.11801061034202576
tgn,train,2022-06,country_vn,country_de,0.4472593785385392,0.16942620277404785
tgn,train,2022-06,country_vn,country_fr,1.3827738287039424,0.1303730458021164
tgn,train,2022-06,country_vn,country_gb,2.1848236766618947,0.29500895738601685
tgn,train,2022-06,country_vn,country_in,0.1664521606921124,0.3680393397808075
tgn,train,2022-06,country_vn,country_jp,-0.10911992629299126,0.09278872609138489
tgn,train,2022-06,country_vn,country_kr,-0.23038103396343018,0.20620512962341309
tgn,train,2022-06,country_vn,country_mx,0.10280907071164938,0.17350107431411743
tgn,train,2022-06,country_vn,country_my,-0.26117844967098497,0.19856584072113037
tgn,train,2022-06,country_vn,country_ph,-0.0782829968724804,0.17882943153381348
tgn,train,2022-06,country_vn,country_sg,-0.39913673087430396,0.15613800287246704
tgn,train,2022-06,country_vn,country_th,-0.15188836565123195,0.17375150322914124
tgn,train,2022-06,country_vn,country_us,-0.3104472719924773,0.17219898104667664
tgn,train,2022-07,country_203,country_344,-0.3823131903102162,-0.001995876431465149
tgn,train,2022-07,country_203,country_372,0.5207566453135996,0.020766466856002808
tgn,train,2022-07,country_203,country_380,0.06063008091846846,0.10980832576751709
tgn,train,2022-07,country_203,country_cn,0.05107940459675126,-0.09503041952848434
tgn,train,2022-07,country_203,country_de,-0.18298545156805138,-0.056597739458084106
tgn,train,2022-07,country_203,country_fr,-0.3638474791726147,-0.09654376655817032
tgn,train,2022-07,country_203,country_gb,-0.39616965601670917,-0.10040377080440521
tgn,train,2022-07,country_203,country_in,-0.30001577858350736,-0.09929128736257553
tgn,train,2022-07,country_203,country_jp,0.24431574765443692,-0.10144636034965515
tgn,train,2022-07,country_203,country_kr,1.945500763054258,-0.10046128928661346
tgn,train,2022-07,country_203,country_mx,0.11734550397225282,-0.10489854216575623
tgn,train,2022-07,country_203,country_my,-0.3229586608309874,-0.07057090848684311
tgn,train,2022-07,country_203,country_ph,-0.2344475520123114,-0.08177072554826736
tgn,train,2022-07,country_203,country_sg,0.1025646979230114,-0.10388164222240448
tgn,train,2022-07,country_203,country_th,-0.35140555860020284,-0.10806839913129807
tgn,train,2022-07,country_203,country_us,-0.2336165045755946,-0.008086606860160828
tgn,train,2022-07,country_203,country_vn,0.4574992388665021,-0.09323034435510635
tgn,train,2022-07,country_344,country_203,-0.02276893122870454,0.01812739670276642
tgn,train,2022-07,country_344,country_372,1.1365907122080305,0.006448134779930115
tgn,train,2022-07,country_344,country_380,-0.14000380816397565,0.059879034757614136
tgn,train,2022-07,country_344,country_cn,5.083466026594189,0.046466320753097534
tgn,train,2022-07,country_344,country_de,-0.18560377228898534,0.06307721138000488
tgn,train,2022-07,country_344,country_fr,-0.48369040256669066,0.04052896797657013
tgn,train,2022-07,country_344,country_gb,-0.0656200088715922,0.05503155291080475
tgn,train,2022-07,country_344,country_in,0.07603417797974467,0.09428292512893677
tgn,train,2022-07,country_344,country_jp,0.4842381199482159,0.023262009024620056
tgn,train,2022-07,country_344,country_kr,0.3937179753741475,0.07010623812675476
tgn,train,2022-07,country_344,country_mx,-0.2658730155254322,0.048242926597595215
tgn,train,2022-07,country_344,country_my,-0.4017545225317284,0.013252124190330505
tgn,train,2022-07,country_344,country_ph,0.20488815206252783,0.08638432621955872
tgn,train,2022-07,country_344,country_sg,-0.4031434079255901,0.05545058846473694
tgn,train,2022-07,country_344,country_th,1.023775792937992,0.083677738904953
tgn,train,2022-07,country_344,country_us,0.1842068291994833,0.14561393857002258
tgn,train,2022-07,country_344,country_vn,-0.44954103193521777,0.025478005409240723
tgn,train,2022-07,country_372,country_203,-0.38590144154319717,0.05296832323074341
tgn,train,2022-07,country_372,country_344,7.920549703651947,0.02366200089454651
tgn,train,2022-07,country_372,country_380,-0.32626988836423654,0.1338370442390442
tgn,train,2022-07,country_372,country_cn,-0.2046910804575641,0.07127708196640015
tgn,train,2022-07,country_372,country_de,5.642396110193904,0.10514175891876221
tgn,train,2022-07,country_372,country_fr,-0.5162147149536981,0.05771830677986145
tgn,train,2022-07,country_372,country_gb,-0.8541473232010384,0.10050958395004272
tgn,train,2022-07,country_372,country_in,1.360194037189512,0.16040480136871338
tgn,train,2022-07,country_372,country_jp,-0.20113172578712324,-0.0009822845458984375
tgn,train,2022-07,country_372,country_kr,-0.3242052992886284,0.10870480537414551
tgn,train,2022-07,country_372,country_mx,0.09124750720141812,0.11181062459945679
tgn,train,2022-07,country_372,country_my,0.031627971919645045,0.057556599378585815
tgn,train,2022-07,country_372,country_ph,0.14175948942043862,0.1342984437942505
tgn,train,2022-07,country_372,country_sg,-0.2534703949993657,0.10827261209487915
tgn,train,2022-07,country_372,country_th,0.7689205397421139,0.10600753128528595
tgn,train,2022-07,country_372,country_us,0.5374269146301606,0.17686563730239868
tgn,train,2022-07,country_372,country_vn,-0.43886025208291646,0.031502336263656616
tgn,train,2022-07,country_380,country_203,-0.6593662030809619,-0.01921869069337845
tgn,train,2022-07,country_380,country_344,0.2509476164017243,-0.02126646786928177
tgn,train,2022-07,country_380,country_372,0.08840480619241882,0.05996420979499817
tgn,train,2022-07,country_380,country_cn,0.18276267440179253,-0.031038150191307068
tgn,train,2022-07,country_380,country_de,-0.0032498872040226372,0.0006554573774337769
tgn,train,2022-07,country_380,country_fr,-0.17074607302190614,-0.029956728219985962
tgn,train,2022-07,country_380,country_gb,-0.5099916915867411,0.040687963366508484
tgn,train,2022-07,country_380,country_in,0.4434242653711144,0.16578400135040283
tgn,train,2022-07,country_380,country_jp,0.15822331743860407,-0.11178633570671082
tgn,train,2022-07,country_380,country_kr,0.1750744302509968,0.17104977369308472
tgn,train,2022-07,country_380,country_mx,-0.004460862279530802,0.2301127314567566
tgn,train,2022-07,country_380,country_my,0.30522659966928356,0.020320981740951538
tgn,train,2022-07,country_380,country_ph,0.07401365487600693,0.18012937903404236
tgn,train,2022-07,country_380,country_sg,0.2517146571042036,0.19774103164672852
tgn,train,2022-07,country_380,country_th,0.16462365757963426,0.2367146909236908
tgn,train,2022-07,country_380,country_us,0.09627115984159518,0.237659752368927
tgn,train,2022-07,country_380,country_vn,0.06956096416534274,0.009097516536712646
tgn,train,2022-07,country_50,country_jp,0.6940827705197813,-0.07556577771902084
tgn,train,2022-07,country_50,country_my,1.8491232640986337,-0.025790244340896606
tgn,train,2022-07,country_50,country_sg,-0.008389401031612655,-0.05029304698109627
tgn,train,2022-07,country_cn,country_203,-0.1989376306261994,0.06736591458320618
tgn,train,2022-07,country_cn,country_344,-0.1356015094675538,-0.0029724761843681335
tgn,train,2022-07,country_cn,country_372,7.21651635877385,0.015835434198379517
tgn,train,2022-07,country_cn,country_380,0.6299626075581534,0.09417437016963959
tgn,train,2022-07,country_cn,country_de,0.36763130589569193,0.10935096442699432
tgn,train,2022-07,country_cn,country_fr,0.37689188006883695,0.06565023958683014
tgn,train,2022-07,country_cn,country_gb,0.28435730069576076,0.12345321476459503
tgn,train,2022-07,country_cn,country_in,-0.3529526599957599,0.19905874133110046
tgn,train,2022-07,country_cn,country_jp,-0.004698959423341411,0.03984980285167694
tgn,train,2022-07,country_cn,country_kr,0.09512319949966204,0.19499453902244568
tgn,train,2022-07,country_cn,country_mx,0.09866176237200407,0.1678234040737152
tgn,train,2022-07,country_cn,country_my,0.07662122967837637,0.10059390962123871
tgn,train,2022-07,country_cn,country_ph,0.21147083639733447,0.19977408647537231
tgn,train,2022-07,country_cn,country_sg,0.14192450269236145,0.17162013053894043
tgn,train,2022-07,country_cn,country_th,0.5078678558184307,0.23042070865631104
tgn,train,2022-07,country_cn,country_us,0.040753896341156295,0.1250801682472229
tgn,train,2022-07,country_cn,country_vn,0.10879858439553067,0.06364691257476807
tgn,train,2022-07,country_de,country_203,-0.00645035721984866,0.08205291628837585
tgn,train,2022-07,country_de,country_344,0.5585843932421302,0.0012690871953964233
tgn,train,2022-07,country_de,country_372,0.3769304156179547,0.018392115831375122
tgn,train,2022-07,country_de,country_380,-0.15133788727194866,0.08935226500034332
tgn,train,2022-07,country_de,country_cn,0.13683164654709504,0.07937677204608917
tgn,train,2022-07,country_de,country_fr,-0.03941060357818029,0.08471406996250153
tgn,train,2022-07,country_de,country_gb,0.17597619604004114,0.11738218367099762
tgn,train,2022-07,country_de,country_in,-0.0643975483336083,0.19315293431282043
tgn,train,2022-07,country_de,country_jp,0.3060695052770445,0.05033440887928009
tgn,train,2022-07,country_de,country_kr,0.08396824116327718,0.18445700407028198
tgn,train,2022-07,country_de,country_mx,0.2613769273967857,0.1779307723045349
tgn,train,2022-07,country_de,country_my,0.01188332101913499,0.10688719153404236
tgn,train,2022-07,country_de,country_ph,-0.048313753586116025,0.20033487677574158
tgn,train,2022-07,country_de,country_sg,-0.015024625850848497,0.1680954098701477
tgn,train,2022-07,country_de,country_th,0.18314759712393452,0.20576322078704834
tgn,train,2022-07,country_de,country_us,0.19213763833244388,0.13811421394348145
tgn,train,2022-07,country_de,country_vn,-0.41286232625257224,0.06041528284549713
tgn,train,2022-07,country_fr,country_203,1.2962849513395642,0.08021119236946106
tgn,train,2022-07,country_fr,country_344,-0.12010217862365177,-0.013698205351829529
tgn,train,2022-07,country_fr,country_372,0.9121752744683229,0.009290605783462524
tgn,train,2022-07,country_fr,country_380,0.12395752671541012,0.10021063685417175
tgn,train,2022-07,country_fr,country_cn,0.013923931555748325,0.0670720785856247
tgn,train,2022-07,country_fr,country_de,0.3100186764047381,0.09687460958957672
tgn,train,2022-07,country_fr,country_gb,-0.459241749811816,0.10694155097007751
tgn,train,2022-07,country_fr,country_in,0.9986833491309695,0.18676039576530457
tgn,train,2022-07,country_fr,country_jp,0.3644865191817794,0.03744332492351532
tgn,train,2022-07,country_fr,country_kr,0.37088859938981794,0.17595931887626648
tgn,train,2022-07,country_fr,country_mx,-0.5274671691071428,0.17673391103744507
tgn,train,2022-07,country_fr,country_my,0.02693112180519441,0.09394614398479462
tgn,train,2022-07,country_fr,country_ph,-0.05616431378265287,0.186326265335083
tgn,train,2022-07,country_fr,country_sg,0.21136421675119277,0.1688297986984253
tgn,train,2022-07,country_fr,country_th,0.2309208599935824,0.196681410074234
tgn,train,2022-07,country_fr,country_us,-0.05490164543687472,0.1201917976140976
tgn,train,2022-07,country_fr,country_vn,0.4195847219944934,0.0332949161529541
tgn,train,2022-07,country_gb,country_203,0.16788106464688216,0.0642729252576828
tgn,train,2022-07,country_gb,country_344,-0.14166439179146384,0.0007316321134567261
tgn,train,2022-07,country_gb,country_372,-0.9534305080827504,0.01878252625465393
tgn,train,2022-07,country_gb,country_380,-0.49269253737701807,0.0786542296409607
tgn,train,2022-07,country_gb,country_cn,-0.06557228816188458,0.0699663758277893
tgn,train,2022-07,country_gb,country_de,-0.13603530317837556,0.09332942962646484
tgn,train,2022-07,country_gb,country_fr,-0.4033193402124009,0.0719994604587555
tgn,train,2022-07,country_gb,country_in,0.1285501030610068,0.1814386248588562
tgn,train,2022-07,country_gb,country_jp,0.14658563356223472,0.031698986887931824
tgn,train,2022-07,country_gb,country_kr,0.06586730499188755,0.16217446327209473
tgn,train,2022-07,country_gb,country_mx,-0.008892213419647868,0.16181135177612305
tgn,train,2022-07,country_gb,country_my,-0.07959562476390979,0.09595885872840881
tgn,train,2022-07,country_gb,country_ph,1.2426822665478179,0.1772063970565796
tgn,train,2022-07,country_gb,country_sg,-0.28511148808250886,0.1487753987312317
tgn,train,2022-07,country_gb,country_th,-0.08953647476328616,0.18107736110687256
tgn,train,2022-07,country_gb,country_us,0.03986447179354344,0.13147780299186707
tgn,train,2022-07,country_gb,country_vn,-0.6435484679095733,0.037724271416664124
tgn,train,2022-07,country_in,country_203,-0.7811470006591957,0.10028567910194397
tgn,train,2022-07,country_in,country_344,0.2155901917832919,0.05101710557937622
tgn,train,2022-07,country_in,country_372,0.33645946123726117,0.05960680544376373
tgn,train,2022-07,country_in,country_380,-0.41095057828104464,0.10523250699043274
tgn,train,2022-07,country_in,country_cn,0.15560859386846637,0.09980332851409912
tgn,train,2022-07,country_in,country_de,0.448348382534596,0.12921464443206787
tgn,train,2022-07,country_in,country_fr,0.5823626950752882,0.10254299640655518
tgn,train,2022-07,country_in,country_gb,-0.09537051123690572,0.14366751909255981
tgn,train,2022-07,country_in,country_jp,1.370454037767261,0.054494693875312805
tgn,train,2022-07,country_in,country_kr,0.7965504348584939,0.19613778591156006
tgn,train,2022-07,country_in,country_mx,0.1291930735749527,0.20267170667648315
tgn,train,2022-07,country_in,country_my,8.960326590974079,0.11894726753234863
tgn,train,2022-07,country_in,country_ph,3.3167673014398513,0.1928091049194336
tgn,train,2022-07,country_in,country_sg,1.8924580988785604,0.17674201726913452
tgn,train,2022-07,country_in,country_th,-0.05789130045226399,0.2075364887714386
tgn,train,2022-07,country_in,country_us,1.928318937189723,0.18168506026268005
tgn,train,2022-07,country_in,country_vn,-0.4322962687533925,0.07824632525444031
tgn,train,2022-07,country_jp,country_203,-0.14840276045521808,0.07121673226356506
tgn,train,2022-07,country_jp,country_344,-0.0934769965651995,-0.016771823167800903
tgn,train,2022-07,country_jp,country_372,0.8778790305666949,0.0023210346698760986
tgn,train,2022-07,country_jp,country_380,0.013892987914382425,0.1601789891719818
tgn,train,2022-07,country_jp,country_cn,-0.06881029085104252,0.0783628523349762
tgn,train,2022-07,country_jp,country_de,0.021388683227381716,0.09692977368831635
tgn,train,2022-07,country_jp,country_fr,0.14728894979616594,0.07027660310268402
tgn,train,2022-07,country_jp,country_gb,-0.051879377458255244,0.11589767038822174
tgn,train,2022-07,country_jp,country_in,0.29463446445896135,0.2167847454547882
tgn,train,2022-07,country_jp,country_kr,0.07248482542064776,0.20142149925231934
tgn,train,2022-07,country_jp,country_mx,0.11309476442597725,0.19844216108322144
tgn,train,2022-07,country_jp,country_my,0.06256198901745529,0.1032247394323349
tgn,train,2022-07,country_jp,country_ph,0.06873141575436506,0.20820435881614685
tgn,train,2022-07,country_jp,country_sg,0.4652927789449493,0.1892349123954773
tgn,train,2022-07,country_jp,country_th,0.07103073854045984,0.24907273054122925
tgn,train,2022-07,country_jp,country_us,-0.03992577475595275,0.1307399570941925
tgn,train,2022-07,country_jp,country_vn,0.501205719537204,0.027827173471450806
tgn,train,2022-07,country_kr,country_203,0.522657746046132,0.11623400449752808
tgn,train,2022-07,country_kr,country_344,-0.33885081889441176,0.06468963623046875
tgn,train,2022-07,country_kr,country_372,-0.44906336557042587,0.060254305601119995
tgn,train,2022-07,country_kr,country_380,-0.05063286739340366,0.10917171835899353
tgn,train,2022-07,country_kr,country_cn,-0.12062392043647673,0.12449896335601807
tgn,train,2022-07,country_kr,country_de,0.2081467305105724,0.14229539036750793
tgn,train,2022-07,country_kr,country_fr,0.7669736547554036,0.12082147598266602
tgn,train,2022-07,country_kr,country_gb,-0.04204861134665426,0.15974482893943787
tgn,train,2022-07,country_kr,country_in,0.5735633369661007,0.23704639077186584
tgn,train,2022-07,country_kr,country_jp,-0.06281263768323633,0.08290787041187286
tgn,train,2022-07,country_kr,country_mx,0.1352026299990169,0.22225400805473328
tgn,train,2022-07,country_kr,country_my,0.01617354073975817,0.1533622443675995
tgn,train,2022-07,country_kr,country_ph,-0.2256331666532903,0.23408812284469604
tgn,train,2022-07,country_kr,country_sg,0.4488194461524526,0.20906531810760498
tgn,train,2022-07,country_kr,country_th,0.3762837339224183,0.2436276078224182
tgn,train,2022-07,country_kr,country_us,0.2662700233138407,0.19217151403427124
tgn,train,2022-07,country_kr,country_vn,0.17642258072759748,0.08630931377410889
tgn,train,2022-07,country_mx,country_203,1.1390505178859025,0.12982651591300964
tgn,train,2022-07,country_mx,country_344,0.2590454012903495,0.06872782111167908
tgn,train,2022-07,country_mx,country_372,4.838110357249261,0.08083069324493408
tgn,train,2022-07,country_mx,country_380,-0.08267574050812637,0.1331990361213684
tgn,train,2022-07,country_mx,country_cn,0.10288032217701817,0.12344498932361603
tgn,train,2022-07,country_mx,country_de,0.10272216337827417,0.15216484665870667
tgn,train,2022-07,country_mx,country_fr,0.11583051138491438,0.11754992604255676
tgn,train,2022-07,country_mx,country_gb,0.7686823800676105,0.15763843059539795
tgn,train,2022-07,country_mx,country_in,1.9373667469048244,0.2204369604587555
tgn,train,2022-07,country_mx,country_jp,-0.10015882094772678,0.08090957999229431
tgn,train,2022-07,country_mx,country_kr,0.1989033278201098,0.22275805473327637
tgn,train,2022-07,country_mx,country_my,0.1540753683168834,0.13411203026771545
tgn,train,2022-07,country_mx,country_ph,1.2040485458205343,0.2188112735748291
tgn,train,2022-07,country_mx,country_sg,0.1098054941552729,0.19977504014968872
tgn,train,2022-07,country_mx,country_th,0.37762697724640476,0.23475077748298645
tgn,train,2022-07,country_mx,country_us,0.09669488975687952,0.20089316368103027
tgn,train,2022-07,country_mx,country_vn,-0.32368722231277314,0.09432467818260193
tgn,train,2022-07,country_my,country_203,-0.11535953656649722,0.07778739929199219
tgn,train,2022-07,country_my,country_344,0.18589036660758823,0.017379671335220337
tgn,train,2022-07,country_my,country_372,7.068875783123854e-05,0.030265480279922485
tgn,train,2022-07,country_my,country_380,0.07420556312558549,0.09253169596195221
tgn,train,2022-07,country_my,country_cn,-0.07180390079069511,0.0982866883277893
tgn,train,2022-07,country_my,country_de,0.08981330357928886,0.12076747417449951
tgn,train,2022-07,country_my,country_fr,0.22538247171993875,0.0959126353263855
tgn,train,2022-07,country_my,country_gb,0.20471245218573259,0.12972502410411835
tgn,train,2022-07,country_my,country_in,-0.04220538392114048,0.20592284202575684
tgn,train,2022-07,country_my,country_jp,-0.046632774733737746,0.06193605065345764
tgn,train,2022-07,country_my,country_kr,0.18056024017144653,0.20066285133361816
tgn,train,2022-07,country_my,country_mx,0.21952333492948284,0.1983444094657898
tgn,train,2022-07,country_my,country_ph,0.453017047657948,0.20804744958877563
tgn,train,2022-07,country_my,country_sg,0.09687604428048176,0.18870675563812256
tgn,train,2022-07,country_my,country_th,0.13563387071488084,0.2238655388355255
tgn,train,2022-07,country_my,country_us,-0.2459124542642386,0.15828025341033936
tgn,train,2022-07,country_my,country_vn,0.17825661299480303,0.05553025007247925
tgn,train,2022-07,country_ph,country_203,-0.10480030541421247,0.12284338474273682
tgn,train,2022-07,country_ph,country_344,-0.03175519399436911,0.06663788855075836
tgn,train,2022-07,country_ph,country_372,-0.014302735310591374,0.06867191195487976
tgn,train,2022-07,country_ph,country_380,-0.37330495242032957,0.11236691474914551
tgn,train,2022-07,country_ph,country_cn,-0.030823305606372142,0.12165193259716034
tgn,train,2022-07,country_ph,country_de,0.22215441150842552,0.14818471670150757
tgn,train,2022-07,country_ph,country_fr,0.3347748216116706,0.12250667810440063
tgn,train,2022-07,country_ph,country_gb,0.21480792376776628,0.15848326683044434
tgn,train,2022-07,country_ph,country_in,0.9150336015179371,0.2217501997947693
tgn,train,2022-07,country_ph,country_jp,0.18832553561410156,0.08137495815753937
tgn,train,2022-07,country_ph,country_kr,0.12610673400932085,0.21678930521011353
tgn,train,2022-07,country_ph,country_mx,0.20165779598909972,0.21979552507400513
tgn,train,2022-07,country_ph,country_my,0.1870199771680411,0.15693879127502441
tgn,train,2022-07,country_ph,country_sg,0.1357293618612474,0.20379650592803955
tgn,train,2022-07,country_ph,country_th,0.2232701306440944,0.23778748512268066
tgn,train,2022-07,country_ph,country_us,0.3772758852798562,0.18607178330421448
tgn,train,2022-07,country_ph,country_vn,0.2882701001007082,0.0884847342967987
tgn,train,2022-07,country_sg,country_203,-0.3978305171740916,0.0998048186302185
tgn,train,2022-07,country_sg,country_344,-0.10773391442628835,0.05398830771446228
tgn,train,2022-07,country_sg,country_372,4.14577590218754,0.049095913767814636
tgn,train,2022-07,country_sg,country_380,0.42405222924927866,0.10180434584617615
tgn,train,2022-07,country_sg,country_cn,-0.013799594038375284,0.11147388815879822
tgn,train,2022-07,country_sg,country_de,0.6655195717823996,0.1326911598443985
tgn,train,2022-07,country_sg,country_fr,-0.03283613729402748,0.10800239443778992
tgn,train,2022-07,country_sg,country_gb,1.0561301977899116,0.1394551396369934
tgn,train,2022-07,country_sg,country_in,0.09194293748410179,0.2366149127483368
tgn,train,2022-07,country_sg,country_jp,0.12121286618568607,0.07682321965694427
tgn,train,2022-07,country_sg,country_kr,0.7820659340145815,0.21840602159500122
tgn,train,2022-07,country_sg,country_mx,-0.12577608610574054,0.22274038195610046
tgn,train,2022-07,country_sg,country_my,-0.0770145933807019,0.14599651098251343
tgn,train,2022-07,country_sg,country_ph,0.3106255040889633,0.23335325717926025
tgn,train,2022-07,country_sg,country_th,0.17761056938108746,0.24062615633010864
tgn,train,2022-07,country_sg,country_us,0.23699574568462137,0.17734715342521667
tgn,train,2022-07,country_sg,country_vn,0.14433026562930576,0.07383188605308533
tgn,train,2022-07,country_th,country_203,0.3647988556425643,0.13072161376476288
tgn,train,2022-07,country_th,country_344,-0.036988018795575645,0.06870660185813904
tgn,train,2022-07,country_th,country_372,0.550314411097035,0.07842984795570374
tgn,train,2022-07,country_th,country_380,0.16374489383991309,0.12823481857776642
tgn,train,2022-07,country_th,country_cn,0.09691015438426412,0.1265590786933899
tgn,train,2022-07,country_th,country_de,0.24152840993450703,0.1502147912979126
tgn,train,2022-07,country_th,country_fr,0.2738648103200889,0.12158109247684479
tgn,train,2022-07,country_th,country_gb,0.19172753116026517,0.1593378186225891
tgn,train,2022-07,country_th,country_in,2.1329652431940302,0.2341623306274414
tgn,train,2022-07,country_th,country_jp,0.10728189244613445,0.0859365314245224
tgn,train,2022-07,country_th,country_kr,0.17491700959082848,0.2273958921432495
tgn,train,2022-07,country_th,country_mx,0.048667505305922905,0.22984623908996582
tgn,train,2022-07,country_th,country_my,0.16257765023756515,0.1581178903579712
tgn,train,2022-07,country_th,country_ph,0.12837563902172178,0.23485982418060303
tgn,train,2022-07,country_th,country_sg,0.08682374343306384,0.2120152711868286
tgn,train,2022-07,country_th,country_us,0.21745915905513707,0.19916239380836487
tgn,train,2022-07,country_th,country_vn,0.294171676022634,0.08958905935287476
tgn,train,2022-07,country_tw,country_203,0.08791728220015818,0.0734991729259491
tgn,train,2022-07,country_tw,country_344,-0.11541021847840618,-0.004609987139701843
tgn,train,2022-07,country_tw,country_372,0.36547044615186974,0.0002536475658416748
tgn,train,2022-07,country_tw,country_380,0.505359507286863,0.1171225905418396
tgn,train,2022-07,country_tw,country_cn,-0.07673575159017369,0.08784893155097961
tgn,train,2022-07,country_tw,country_de,0.14309775301312305,0.10913676023483276
tgn,train,2022-07,country_tw,country_fr,0.1224336797513889,0.07457225024700165
tgn,train,2022-07,country_tw,country_gb,0.2882841387674689,0.1185075044631958
tgn,train,2022-07,country_tw,country_in,0.4354744586404837,0.20637869834899902
tgn,train,2022-07,country_tw,country_jp,0.16976546589780409,0.04799507558345795
tgn,train,2022-07,country_tw,country_kr,0.34962181460887126,0.1967485547065735
tgn,train,2022-07,country_tw,country_mx,0.1726407403126725,0.1855197548866272
tgn,train,2022-07,country_tw,country_my,0.29320358753285886,0.11082777380943298
tgn,train,2022-07,country_tw,country_ph,0.16287030978388287,0.20665037631988525
tgn,train,2022-07,country_tw,country_sg,-0.021977767891969913,0.1834934949874878
tgn,train,2022-07,country_tw,country_th,0.11352411828349075,0.22650790214538574
tgn,train,2022-07,country_tw,country_us,0.07326051415685647,0.1291859894990921
tgn,train,2022-07,country_tw,country_vn,-0.04469947491471994,0.03405208885669708
tgn,train,2022-07,country_us,country_203,0.20041331670186446,0.07181154191493988
tgn,train,2022-07,country_us,country_344,-0.2620746116478383,-0.04035080969333649
tgn,train,2022-07,country_us,country_372,0.6899368801085862,-0.007058873772621155
tgn,train,2022-07,country_us,country_380,-0.18314239782755162,0.1364690363407135
tgn,train,2022-07,country_us,country_cn,-0.0466260337808348,-0.05579989030957222
tgn,train,2022-07,country_us,country_de,0.24611429788802114,-0.029626600444316864
tgn,train,2022-07,country_us,country_fr,-0.22696157769894257,-0.05273142829537392
tgn,train,2022-07,country_us,country_gb,1.0096417988651163,0.005092218518257141
tgn,train,2022-07,country_us,country_in,0.1525009637722688,0.08455917239189148
tgn,train,2022-07,country_us,country_jp,0.006084067942032322,-0.08157578110694885
tgn,train,2022-07,country_us,country_kr,-0.06478790930186734,0.07277289032936096
tgn,train,2022-07,country_us,country_mx,0.19152165695350845,0.06581255793571472
tgn,train,2022-07,country_us,country_my,0.09226101531029855,-0.016617953777313232
tgn,train,2022-07,country_us,country_ph,0.23431058616402806,0.08656986057758331
tgn,train,2022-07,country_us,country_sg,0.16492095418118846,0.06570559740066528
tgn,train,2022-07,country_us,country_th,0.1083543283648753,0.09607425332069397
tgn,train,2022-07,country_us,country_vn,-0.3111564183164615,-0.09395941346883774
tgn,train,2022-07,country_vn,country_203,-0.25420463310572733,0.04905635118484497
tgn,train,2022-07,country_vn,country_344,0.22522396388266555,-0.00449034571647644
tgn,train,2022-07,country_vn,country_372,-0.6438567184488038,0.005526825785636902
tgn,train,2022-07,country_vn,country_380,-0.8469214649451573,0.09437616169452667
tgn,train,2022-07,country_vn,country_cn,-0.07818604175001873,0.10766629874706268
tgn,train,2022-07,country_vn,country_de,0.28420898993343835,0.12205851078033447
tgn,train,2022-07,country_vn,country_fr,4.113860185375795,0.09427185356616974
tgn,train,2022-07,country_vn,country_gb,1.5726915970181459,0.12995579838752747
tgn,train,2022-07,country_vn,country_in,1.1104658897829782,0.21491140127182007
tgn,train,2022-07,country_vn,country_jp,-0.05884201570525933,0.03844249248504639
tgn,train,2022-07,country_vn,country_kr,-0.304796982486119,0.20303046703338623
tgn,train,2022-07,country_vn,country_mx,0.3928532703254045,0.20215892791748047
tgn,train,2022-07,country_vn,country_my,0.06902237348720654,0.11345510184764862
tgn,train,2022-07,country_vn,country_ph,0.6009202816308294,0.19338691234588623
tgn,train,2022-07,country_vn,country_sg,0.6396130793167715,0.18045571446418762
tgn,train,2022-07,country_vn,country_th,-0.19235232000496225,0.23340699076652527
tgn,train,2022-07,country_vn,country_us,0.37018465035310727,0.14725542068481445
tgn,train,2022-08,country_203,country_344,2.008422245447477,-0.05154398828744888
tgn,train,2022-08,country_203,country_372,-0.8330572869366014,0.21449065208435059
tgn,train,2022-08,country_203,country_380,0.8499897160055079,-0.02370905876159668
tgn,train,2022-08,country_203,country_cn,0.10308284815554124,0.09684237837791443
tgn,train,2022-08,country_203,country_de,-0.06895459946396311,0.15332308411598206
tgn,train,2022-08,country_203,country_fr,0.04536743588747354,0.1025039553642273
tgn,train,2022-08,country_203,country_gb,0.19700057615303002,0.13499952852725983
tgn,train,2022-08,country_203,country_in,1.202370785732858,0.17725235223770142
tgn,train,2022-08,country_203,country_jp,-0.2277859472032973,0.08678358793258667
tgn,train,2022-08,country_203,country_kr,0.054471331591745234,0.06378531455993652
tgn,train,2022-08,country_203,country_mx,-0.6981048799731278,0.08636684715747833
tgn,train,2022-08,country_203,country_my,-0.498046087433865,0.13467605412006378
tgn,train,2022-08,country_203,country_ph,-0.31406841511515565,0.08946777880191803
tgn,train,2022-08,country_203,country_sg,-0.2753887332207405,0.09289765357971191
tgn,train,2022-08,country_203,country_th,0.748553464302528,0.09708842635154724
tgn,train,2022-08,country_203,country_us,0.24153047540333641,0.1577901840209961
tgn,train,2022-08,country_203,country_vn,-0.430223529039059,0.06248486042022705
tgn,train,2022-08,country_344,country_203,0.31532902208933083,-0.017110303044319153
tgn,train,2022-08,country_344,country_372,-0.17884457117895333,0.20728859305381775
tgn,train,2022-08,country_344,country_380,0.22573561174814027,-0.02946735918521881
tgn,train,2022-08,country_344,country_cn,2.133286595864587,0.07060667872428894
tgn,train,2022-08,country_344,country_de,-0.08495864364786083,0.08983118832111359
tgn,train,2022-08,country_344,country_fr,-0.018294705655086847,0.06490617990493774
tgn,train,2022-08,country_344,country_gb,-0.30207340447477216,0.08058997988700867
tgn,train,2022-08,country_344,country_in,0.11125840350481495,0.14542660117149353
tgn,train,2022-08,country_344,country_jp,-0.2329929182619096,0.058459505438804626
tgn,train,2022-08,country_344,country_kr,-0.6528559460840858,0.03509187698364258
tgn,train,2022-08,country_344,country_mx,-0.2519141498755287,0.03348998725414276
tgn,train,2022-08,country_344,country_my,-0.4954640862286525,0.04963894188404083
tgn,train,2022-08,country_344,country_ph,0.3670292269788304,0.09877696633338928
tgn,train,2022-08,country_344,country_sg,-0.2682401301498988,0.06717345118522644
tgn,train,2022-08,country_344,country_th,0.23645689903623276,0.08525802195072174
tgn,train,2022-08,country_344,country_us,0.194944162393308,0.1311461329460144
tgn,train,2022-08,country_344,country_vn,-0.18238736587303425,0.05544331669807434
tgn,train,2022-08,country_372,country_203,-0.14680489085146586,-0.10023090243339539
tgn,train,2022-08,country_372,country_344,-0.461865261106,-0.19871585071086884
tgn,train,2022-08,country_372,country_380,-0.3816828820663823,-0.1917194128036499
tgn,train,2022-08,country_372,country_cn,-0.2333074606270573,-0.09678389132022858
tgn,train,2022-08,country_372,country_de,2.769775097674402,-0.0015261918306350708
tgn,train,2022-08,country_372,country_fr,-0.49639361798771225,-0.10317546129226685
tgn,train,2022-08,country_372,country_gb,-0.36137987918670733,0.0002584308385848999
tgn,train,2022-08,country_372,country_in,0.6764188629579222,0.21188265085220337
tgn,train,2022-08,country_372,country_jp,-0.24678888261008977,-0.10614782571792603
tgn,train,2022-08,country_372,country_kr,0.2376676584928896,-0.11955170333385468
tgn,train,2022-08,country_372,country_mx,-0.717759658566105,0.008747756481170654
tgn,train,2022-08,country_372,country_my,-0.10210047754313588,-0.03027196228504181
tgn,train,2022-08,country_372,country_ph,0.6646266765436069,-0.039624981582164764
tgn,train,2022-08,country_372,country_sg,-0.094527274130754,-0.10955074429512024
tgn,train,2022-08,country_372,country_th,7.002680446124372,0.022128552198410034
tgn,train,2022-08,country_372,country_us,1.3712052559310346,0.17978832125663757
tgn,train,2022-08,country_372,country_vn,-0.36871884493018087,-0.033002182841300964
tgn,train,2022-08,country_380,country_203,-0.2760563520721846,-0.022718951106071472
tgn,train,2022-08,country_380,country_344,0.35952374936517734,-0.02232736349105835
tgn,train,2022-08,country_380,country_372,0.7671354272947543,0.2067534327507019
tgn,train,2022-08,country_380,country_cn,0.2716938300613933,0.07214388251304626
tgn,train,2022-08,country_380,country_de,-0.07914438537194782,0.09954431653022766
tgn,train,2022-08,country_380,country_fr,0.2526284590435671,0.08782337605953217
tgn,train,2022-08,country_380,country_gb,-0.715517601525063,0.07828609645366669
tgn,train,2022-08,country_380,country_in,-0.4327679637869773,0.11329726874828339
tgn,train,2022-08,country_380,country_jp,0.1571771185502507,0.05094808340072632
tgn,train,2022-08,country_380,country_kr,0.4797777916484614,0.021533235907554626
tgn,train,2022-08,country_380,country_mx,-0.0519242073034875,0.03671920299530029
tgn,train,2022-08,country_380,country_my,0.2887870490540932,0.0537252277135849
tgn,train,2022-08,country_380,country_ph,0.2635650856376668,0.08974280953407288
tgn,train,2022-08,country_380,country_sg,0.2455394915186186,0.07681700587272644
tgn,train,2022-08,country_380,country_th,0.15120777065991162,0.0653991550207138
tgn,train,2022-08,country_380,country_us,0.03203033297802792,0.1464139223098755
tgn,train,2022-08,country_380,country_vn,-0.5741886098363163,0.02088835835456848
tgn,train,2022-08,country_50,country_jp,0.1968529762140728,-0.043065063655376434
tgn,train,2022-08,country_50,country_my,-0.8475504091227142,-0.0018081367015838623
tgn,train,2022-08,country_50,country_sg,1.092212204788632,-0.03642374277114868
tgn,train,2022-08,country_cn,country_203,0.2696931332123408,0.009143069386482239
tgn,train,2022-08,country_cn,country_344,0.2549142139695168,-0.0034180283546447754
tgn,train,2022-08,country_cn,country_372,3.576702416739892,0.2437082827091217
tgn,train,2022-08,country_cn,country_380,0.7574050389147542,-0.003635510802268982
tgn,train,2022-08,country_cn,country_de,0.49261213575767643,0.1442805826663971
tgn,train,2022-08,country_cn,country_fr,0.3742977448125254,0.08420778810977936
tgn,train,2022-08,country_cn,country_gb,0.15795857781092565,0.1367817521095276
tgn,train,2022-08,country_cn,country_in,-0.2634892603026883,0.26276707649230957
tgn,train,2022-08,country_cn,country_jp,-0.045864068747560605,0.07191827893257141
tgn,train,2022-08,country_cn,country_kr,-0.05523655912033443,0.06676167249679565
tgn,train,2022-08,country_cn,country_mx,0.4423533811264016,0.10323058068752289
tgn,train,2022-08,country_cn,country_my,-0.046965567087377404,0.11575570702552795
tgn,train,2022-08,country_cn,country_ph,0.34699522295154434,0.12466831505298615
tgn,train,2022-08,country_cn,country_sg,-0.03372368212074504,0.08668619394302368
tgn,train,2022-08,country_cn,country_th,0.20554812640497436,0.16483622789382935
tgn,train,2022-08,country_cn,country_us,0.011222682805177608,0.10271914303302765
tgn,train,2022-08,country_cn,country_vn,0.13978746492464025,0.10816781222820282
tgn,train,2022-08,country_de,country_203,0.35112479327140933,0.02145165205001831
tgn,train,2022-08,country_de,country_344,0.3801861205750387,0.00128994882106781
tgn,train,2022-08,country_de,country_372,0.18484223668099878,0.20104271173477173
tgn,train,2022-08,country_de,country_380,0.2639099410372351,0.011162951588630676
tgn,train,2022-08,country_de,country_cn,0.20601856248167344,0.09096269309520721
tgn,train,2022-08,country_de,country_fr,0.08551384249637792,0.10221058130264282
tgn,train,2022-08,country_de,country_gb,0.09307544124029861,0.12107396125793457
tgn,train,2022-08,country_de,country_in,0.14946953087272266,0.21841657161712646
tgn,train,2022-08,country_de,country_jp,0.17217731601327305,0.0809217095375061
tgn,train,2022-08,country_de,country_kr,-0.16489600789020423,0.0643841028213501
tgn,train,2022-08,country_de,country_mx,0.18291631225144864,0.11772781610488892
tgn,train,2022-08,country_de,country_my,-0.13657124276940058,0.11706601083278656
tgn,train,2022-08,country_de,country_ph,-0.20936696944509503,0.1264285147190094
tgn,train,2022-08,country_de,country_sg,-0.15955922523018046,0.09156250953674316
tgn,train,2022-08,country_de,country_th,0.12877161387383118,0.1422784924507141
tgn,train,2022-08,country_de,country_us,0.10047519106748375,0.11743929982185364
tgn,train,2022-08,country_de,country_vn,-0.3068480700926182,0.08252400159835815
tgn,train,2022-08,country_fr,country_203,0.1123009533879174,0.003923267126083374
tgn,train,2022-08,country_fr,country_344,0.007603155299659509,-0.016421757638454437
tgn,train,2022-08,country_fr,country_372,0.14877770035323892,0.2587394416332245
tgn,train,2022-08,country_fr,country_380,-0.16642235618590953,-0.00786735862493515
tgn,train,2022-08,country_fr,country_cn,-0.01339831429728591,0.07983767986297607
tgn,train,2022-08,country_fr,country_de,0.29415044961258285,0.13361743092536926
tgn,train,2022-08,country_fr,country_gb,0.11739282894565503,0.11790278553962708
tgn,train,2022-08,country_fr,country_in,1.7170366476282153,0.242540180683136
tgn,train,2022-08,country_fr,country_jp,0.34965033766813736,0.0714525431394577
tgn,train,2022-08,country_fr,country_kr,0.21488289913725922,0.05428624153137207
tgn,train,2022-08,country_fr,country_mx,1.7183227082698007,0.10928311944007874
tgn,train,2022-08,country_fr,country_my,-0.09451667470276909,0.10667449235916138
tgn,train,2022-08,country_fr,country_ph,0.03820302497854558,0.11314764618873596
tgn,train,2022-08,country_fr,country_sg,0.1105246105225759,0.08669742941856384
tgn,train,2022-08,country_fr,country_th,0.13693874345180593,0.14039787650108337
tgn,train,2022-08,country_fr,country_us,0.11071759648276348,0.10185420513153076
tgn,train,2022-08,country_fr,country_vn,0.2416884059960743,0.07625803351402283
tgn,train,2022-08,country_gb,country_203,-0.08041415678638832,-0.001893840730190277
tgn,train,2022-08,country_gb,country_344,-0.06798277865113367,-0.01595006138086319
tgn,train,2022-08,country_gb,country_372,-0.9204463089200765,0.16766458749771118
tgn,train,2022-08,country_gb,country_380,-0.2210405263295165,-0.02014780044555664
tgn,train,2022-08,country_gb,country_cn,0.15018668302360755,0.06844939291477203
tgn,train,2022-08,country_gb,country_de,0.10906283662280401,0.10810050368309021
tgn,train,2022-08,country_gb,country_fr,-0.1215350786480697,0.07484862208366394
tgn,train,2022-08,country_gb,country_in,-0.007739728384204244,0.17984983325004578
tgn,train,2022-08,country_gb,country_jp,0.3967885279161316,0.05811019241809845
tgn,train,2022-08,country_gb,country_kr,0.049671581194571934,0.042787522077560425
tgn,train,2022-08,country_gb,country_mx,-0.07189577919196852,0.09555867314338684
tgn,train,2022-08,country_gb,country_my,0.08162402775615908,0.09403198957443237
tgn,train,2022-08,country_gb,country_ph,0.9092247943990922,0.11310777068138123
tgn,train,2022-08,country_gb,country_sg,-0.046158935677750014,0.07065287232398987
tgn,train,2022-08,country_gb,country_th,-0.37679402225357417,0.12244337797164917
tgn,train,2022-08,country_gb,country_us,0.005706888861940189,0.09612354636192322
tgn,train,2022-08,country_gb,country_vn,-0.41648952115880733,0.07502076029777527
tgn,train,2022-08,country_in,country_203,-0.6160410326798565,0.030015885829925537
tgn,train,2022-08,country_in,country_344,-0.07545917430116612,0.027369827032089233
tgn,train,2022-08,country_in,country_372,-0.25809338496231476,0.13286074995994568
tgn,train,2022-08,country_in,country_380,-0.5858056763757614,0.019865334033966064
tgn,train,2022-08,country_in,country_cn,-0.0038319488671888793,0.08361859619617462
tgn,train,2022-08,country_in,country_de,-0.12432912854908013,0.1360049694776535
tgn,train,2022-08,country_in,country_fr,0.06302708550744057,0.08992871642112732
tgn,train,2022-08,country_in,country_gb,0.3627876699319912,0.12740790843963623
tgn,train,2022-08,country_in,country_jp,0.02746002489086627,0.06993487477302551
tgn,train,2022-08,country_in,country_kr,-0.20277303853319423,0.05527868866920471
tgn,train,2022-08,country_in,country_mx,0.3126893797226481,0.12848758697509766
tgn,train,2022-08,country_in,country_my,-0.27778121496851915,0.10411974787712097
tgn,train,2022-08,country_in,country_ph,-0.14446936980561512,0.11251477897167206
tgn,train,2022-08,country_in,country_sg,0.1330650122934744,0.08577719330787659
tgn,train,2022-08,country_in,country_th,-0.27015660626023813,0.1462986171245575
tgn,train,2022-08,country_in,country_us,5.794765980503629,0.13870024681091309
tgn,train,2022-08,country_in,country_vn,0.3968243731386711,0.09464670717716217
tgn,train,2022-08,country_jp,country_203,0.10749213798675392,-0.0020446479320526123
tgn,train,2022-08,country_jp,country_344,-0.09277294113672394,-0.011110000312328339
tgn,train,2022-08,country_jp,country_372,0.760788368787068,0.24950602650642395
tgn,train,2022-08,country_jp,country_380,0.15536793819514497,-0.024110108613967896
tgn,train,2022-08,country_jp,country_cn,0.19037778108885073,0.0852956473827362
tgn,train,2022-08,country_jp,country_de,0.021195810040036952,0.13174034655094147
tgn,train,2022-08,country_jp,country_fr,-0.31008376738734533,0.08538489043712616
tgn,train,2022-08,country_jp,country_gb,0.0674681892142756,0.12816962599754333
tgn,train,2022-08,country_jp,country_in,0.3774276498110341,0.2503995895385742
tgn,train,2022-08,country_jp,country_kr,0.6967600481182175,0.05923062562942505
tgn,train,2022-08,country_jp,country_mx,-0.07718696298806116,0.11230114102363586
tgn,train,2022-08,country_jp,country_my,-0.09905394543650438,0.11930595338344574
tgn,train,2022-08,country_jp,country_ph,0.0737773969806471,0.12534397840499878
tgn,train,2022-08,country_jp,country_sg,0.20535135476822106,0.08503358066082001
tgn,train,2022-08,country_jp,country_th,0.04892537869320632,0.1618683934211731
tgn,train,2022-08,country_jp,country_us,0.030183116572940698,0.10495996475219727
tgn,train,2022-08,country_jp,country_vn,0.23250731491339105,0.0734734833240509
tgn,train,2022-08,country_kr,country_203,0.27511511892468204,-0.013335220515727997
tgn,train,2022-08,country_kr,country_344,0.021666045660022226,-0.018503494560718536
tgn,train,2022-08,country_kr,country_372,-0.6587437419738476,0.21182474493980408
tgn,train,2022-08,country_kr,country_380,-0.17457835544831835,-0.03644963353872299
tgn,train,2022-08,country_kr,country_cn,-0.0016358673003777431,0.08754441142082214
tgn,train,2022-08,country_kr,country_de,0.10777316506885055,0.1350487321615219
tgn,train,2022-08,country_kr,country_fr,0.023055184842456163,0.08817118406295776
tgn,train,2022-08,country_kr,country_gb,-0.3316807817736954,0.12651848793029785
tgn,train,2022-08,country_kr,country_in,0.2342378646530296,0.24568712711334229
tgn,train,2022-08,country_kr,country_jp,-0.3978997431766946,0.0740426778793335
tgn,train,2022-08,country_kr,country_mx,0.359359590722815,0.11289083957672119
tgn,train,2022-08,country_kr,country_my,-0.0520976485219135,0.12113182246685028
tgn,train,2022-08,country_kr,country_ph,-0.29348932186188004,0.12863847613334656
tgn,train,2022-08,country_kr,country_sg,-0.1351036151660517,0.0892912745475769
tgn,train,2022-08,country_kr,country_th,0.029653905687161492,0.16015467047691345
tgn,train,2022-08,country_kr,country_us,0.3867613224899678,0.12656305730342865
tgn,train,2022-08,country_kr,country_vn,-0.11341017602156023,0.07040897011756897
tgn,train,2022-08,country_mx,country_203,0.8353067260623235,0.012015759944915771
tgn,train,2022-08,country_mx,country_344,3.5819851186378755,0.0011403858661651611
tgn,train,2022-08,country_mx,country_372,-0.08324141486823686,0.15364134311676025
tgn,train,2022-08,country_mx,country_380,0.028794653940591476,-0.004946112632751465
tgn,train,2022-08,country_mx,country_cn,0.39116451440989547,0.09058985114097595
tgn,train,2022-08,country_mx,country_de,0.23554468355738645,0.12661287188529968
tgn,train,2022-08,country_mx,country_fr,-0.010130624625761022,0.08739274740219116
tgn,train,2022-08,country_mx,country_gb,0.15683213967595352,0.11346597969532013
tgn,train,2022-08,country_mx,country_in,0.486876592294273,0.18221259117126465
tgn,train,2022-08,country_mx,country_jp,0.22513484666467481,0.07329349219799042
tgn,train,2022-08,country_mx,country_kr,-0.19624255938865065,0.06091707944869995
tgn,train,2022-08,country_mx,country_my,-0.2621059255588527,0.10758990049362183
tgn,train,2022-08,country_mx,country_ph,0.4752435665304316,0.11205747723579407
tgn,train,2022-08,country_mx,country_sg,0.6943266254338046,0.08669538795948029
tgn,train,2022-08,country_mx,country_th,0.07198140608196273,0.13816042244434357
tgn,train,2022-08,country_mx,country_us,0.39681724026101256,0.12114545702934265
tgn,train,2022-08,country_mx,country_vn,-0.2078570086971971,0.08239060640335083
tgn,train,2022-08,country_my,country_203,0.42094322926948397,0.017377346754074097
tgn,train,2022-08,country_my,country_344,0.19282227695086612,0.01181212067604065
tgn,train,2022-08,country_my,country_372,0.2678754293136378,0.22247514128684998
tgn,train,2022-08,country_my,country_380,-0.12741702336376948,-0.0036145970225334167
tgn,train,2022-08,country_my,country_cn,0.0710695423565396,0.1055300384759903
tgn,train,2022-08,country_my,country_de,-0.04291540322761829,0.1452736258506775
tgn,train,2022-08,country_my,country_fr,0.034955749960189825,0.11019596457481384
tgn,train,2022-08,country_my,country_gb,-0.030709010597516226,0.13629144430160522
tgn,train,2022-08,country_my,country_in,-0.11804723882811868,0.2475402057170868
tgn,train,2022-08,country_my,country_jp,-0.140927709244492,0.0904378890991211
tgn,train,2022-08,country_my,country_kr,0.12878670481150717,0.07485181093215942
tgn,train,2022-08,country_my,country_mx,-0.011918034665074595,0.12653595209121704
tgn,train,2022-08,country_my,country_ph,0.7969794065200786,0.13287396728992462
tgn,train,2022-08,country_my,country_sg,0.08280574797961554,0.10499098896980286
tgn,train,2022-08,country_my,country_th,0.13489301342521415,0.16417798399925232
tgn,train,2022-08,country_my,country_us,0.027579180693884833,0.13229092955589294
tgn,train,2022-08,country_my,country_vn,-0.33386193419235216,0.0914459228515625
tgn,train,2022-08,country_ph,country_203,-0.35483139301280603,0.01584985852241516
tgn,train,2022-08,country_ph,country_344,0.41995622540979244,0.010038092732429504
tgn,train,2022-08,country_ph,country_372,0.2473481454202433,0.21499592065811157
tgn,train,2022-08,country_ph,country_380,0.6735541825695018,-0.005600064992904663
tgn,train,2022-08,country_ph,country_cn,0.0873705800184191,0.10062175989151001
tgn,train,2022-08,country_ph,country_de,0.14541532795498652,0.13791954517364502
tgn,train,2022-08,country_ph,country_fr,0.3644780633158395,0.10606363415718079
tgn,train,2022-08,country_ph,country_gb,-0.15084833668360995,0.13005347549915314
tgn,train,2022-08,country_ph,country_in,0.8408126840443371,0.23557209968566895
tgn,train,2022-08,country_ph,country_jp,-0.10259930566003325,0.0876157283782959
tgn,train,2022-08,country_ph,country_kr,0.11898021151102355,0.07183226943016052
tgn,train,2022-08,country_ph,country_mx,0.32723840934057496,0.12451870739459991
tgn,train,2022-08,country_ph,country_my,-0.040209906244829965,0.126450315117836
tgn,train,2022-08,country_ph,country_sg,-0.418404765696736,0.10130959749221802
tgn,train,2022-08,country_ph,country_th,-0.05838278424068076,0.15675055980682373
tgn,train,2022-08,country_ph,country_us,0.009094107190771772,0.1191091388463974
tgn,train,2022-08,country_ph,country_vn,0.1328664411517931,0.0899771898984909
tgn,train,2022-08,country_sg,country_203,0.09419479409160832,-0.004448950290679932
tgn,train,2022-08,country_sg,country_344,0.020291932487846772,0.0008256435394287109
tgn,train,2022-08,country_sg,country_372,0.6273806506592433,0.23572677373886108
tgn,train,2022-08,country_sg,country_380,0.3515987717624707,-0.011986471712589264
tgn,train,2022-08,country_sg,country_cn,0.23642604431140832,0.08787375688552856
tgn,train,2022-08,country_sg,country_de,0.8775953752709033,0.13953977823257446
tgn,train,2022-08,country_sg,country_fr,-0.22859624388324376,0.09603458642959595
tgn,train,2022-08,country_sg,country_gb,-0.12734820911843553,0.13211704790592194
tgn,train,2022-08,country_sg,country_in,0.6896214136817432,0.2619260549545288
tgn,train,2022-08,country_sg,country_jp,0.058059022853637975,0.07857762277126312
tgn,train,2022-08,country_sg,country_kr,0.7340553464038136,0.06201660633087158
tgn,train,2022-08,country_sg,country_mx,-0.11681880686002438,0.11639870703220367
tgn,train,2022-08,country_sg,country_my,-0.2044155063379105,0.11961783468723297
tgn,train,2022-08,country_sg,country_ph,0.6963281939107246,0.12588348984718323
tgn,train,2022-08,country_sg,country_th,0.44107240401689346,0.1637241244316101
tgn,train,2022-08,country_sg,country_us,0.03738340297376084,0.11768859624862671
tgn,train,2022-08,country_sg,country_vn,-0.09542112737787979,0.07956650853157043
tgn,train,2022-08,country_th,country_203,0.248922130383549,0.027150273323059082
tgn,train,2022-08,country_th,country_344,-0.16088330852329089,0.017017722129821777
tgn,train,2022-08,country_th,country_372,0.15364045726965142,0.14687487483024597
tgn,train,2022-08,country_th,country_380,0.4336457903994829,0.00930030643939972
tgn,train,2022-08,country_th,country_cn,0.05641997418620968,0.10352638363838196
tgn,train,2022-08,country_th,country_de,0.24138514075723014,0.13920077681541443
tgn,train,2022-08,country_th,country_fr,0.25776626332430275,0.10303454101085663
tgn,train,2022-08,country_th,country_gb,-0.10015611077919997,0.12890461087226868
tgn,train,2022-08,country_th,country_in,2.133757945071748,0.21096757054328918
tgn,train,2022-08,country_th,country_jp,-0.06884394007030267,0.08961537480354309
tgn,train,2022-08,country_th,country_kr,0.04299591965257548,0.0736345499753952
tgn,train,2022-08,country_th,country_mx,0.072761645798946,0.1260278970003128
tgn,train,2022-08,country_th,country_my,0.22681679690539142,0.12348131835460663
tgn,train,2022-08,country_th,country_ph,0.37047376937168547,0.13009801506996155
tgn,train,2022-08,country_th,country_sg,-0.2517643100935097,0.10224449634552002
tgn,train,2022-08,country_th,country_us,0.1918606692544777,0.13498078286647797
tgn,train,2022-08,country_th,country_vn,0.07685582925589028,0.09200635552406311
tgn,train,2022-08,country_tw,country_203,-0.007498840651860541,0.01747933030128479
tgn,train,2022-08,country_tw,country_344,0.036512489881513704,0.016147136688232422
tgn,train,2022-08,country_tw,country_372,0.7502718403047002,0.24609962105751038
tgn,train,2022-08,country_tw,country_380,0.3045102636812582,0.00020031630992889404
tgn,train,2022-08,country_tw,country_cn,0.10871898430115409,0.10647580027580261
tgn,train,2022-08,country_tw,country_de,0.12750700634305345,0.14440995454788208
tgn,train,2022-08,country_tw,country_fr,-0.008797291285155584,0.10621412098407745
tgn,train,2022-08,country_tw,country_gb,-0.15206848786826177,0.1336161196231842
tgn,train,2022-08,country_tw,country_in,0.3848284810615872,0.2645403742790222
tgn,train,2022-08,country_tw,country_jp,0.08313662845822768,0.09641499817371368
tgn,train,2022-08,country_tw,country_kr,0.3163643417650437,0.07767339050769806
tgn,train,2022-08,country_tw,country_mx,0.25567333567997275,0.12602871656417847
tgn,train,2022-08,country_tw,country_my,0.12065078806298789,0.13198819756507874
tgn,train,2022-08,country_tw,country_ph,0.09100135842364175,0.13617584109306335
tgn,train,2022-08,country_tw,country_sg,-0.20504429768836152,0.1066376119852066
tgn,train,2022-08,country_tw,country_th,0.1701479344285794,0.165239155292511
tgn,train,2022-08,country_tw,country_us,0.11696086860414026,0.1250547170639038
tgn,train,2022-08,country_tw,country_vn,0.07432190846954617,0.09201306104660034
tgn,train,2022-08,country_us,country_203,-0.22893067386638266,-0.04489131271839142
tgn,train,2022-08,country_us,country_344,-0.1521781522184697,-0.061648380011320114
tgn,train,2022-08,country_us,country_372,0.2905601358310883,0.11967454850673676
tgn,train,2022-08,country_us,country_380,0.3835819676945955,-0.0759151428937912
tgn,train,2022-08,country_us,country_cn,0.037480383917111094,-0.04437350481748581
tgn,train,2022-08,country_us,country_de,-0.11900059246894377,-0.0032943636178970337
tgn,train,2022-08,country_us,country_fr,-0.2967105442872402,-0.03585940599441528
tgn,train,2022-08,country_us,country_gb,-0.07912568789835603,-0.017189495265483856
tgn,train,2022-08,country_us,country_in,-0.5065808108704274,0.056669339537620544
tgn,train,2022-08,country_us,country_jp,0.06585612300422047,-0.05291251838207245
tgn,train,2022-08,country_us,country_kr,-0.032206638980050994,-0.0789947658777237
tgn,train,2022-08,country_us,country_mx,0.028532486951301533,-0.035619527101516724
tgn,train,2022-08,country_us,country_my,0.38907737440581563,-0.0070963576436042786
tgn,train,2022-08,country_us,country_ph,0.03605797157968089,-0.007616221904754639
tgn,train,2022-08,country_us,country_sg,-0.31816867629008194,-0.04640689492225647
tgn,train,2022-08,country_us,country_th,0.13461394232038532,0.0016269832849502563
tgn,train,2022-08,country_us,country_vn,-0.33114882175847427,-0.04245297610759735
tgn,train,2022-08,country_vn,country_203,-0.1330659853303007,0.0019223466515541077
tgn,train,2022-08,country_vn,country_344,1.2738630591493247,-0.005576267838478088
tgn,train,2022-08,country_vn,country_372,2.9471346411157726,0.1980404257774353
tgn,train,2022-08,country_vn,country_380,-0.01460355025634292,-0.029579132795333862
tgn,train,2022-08,country_vn,country_cn,0.6926438209830763,0.09469866752624512
tgn,train,2022-08,country_vn,country_de,0.07976001248408864,0.12836164236068726
tgn,train,2022-08,country_vn,country_fr,0.2576479013248528,0.09255149960517883
tgn,train,2022-08,country_vn,country_gb,0.7087160617942134,0.11653293669223785
tgn,train,2022-08,country_vn,country_in,1.8689707315578978,0.21402770280838013
tgn,train,2022-08,country_vn,country_jp,-0.30100898769261214,0.06785693764686584
tgn,train,2022-08,country_vn,country_kr,0.15603912965551106,0.0557657927274704
tgn,train,2022-08,country_vn,country_mx,-0.08662939960187012,0.11016479134559631
tgn,train,2022-08,country_vn,country_my,0.3609726080714253,0.11351814866065979
tgn,train,2022-08,country_vn,country_ph,-0.08278860399399812,0.10479086637496948
tgn,train,2022-08,country_vn,country_sg,0.44565739338279226,0.08759459853172302
tgn,train,2022-08,country_vn,country_th,0.0670079337152176,0.14618337154388428
tgn,train,2022-08,country_vn,country_us,0.43818545622172667,0.11873596906661987
tgn,train,2022-09,country_203,country_344,0.36898799925655257,0.12467417120933533
tgn,train,2022-09,country_203,country_372,-0.8191770845792621,0.11020538210868835
tgn,train,2022-09,country_203,country_380,-0.3157545005971176,0.09646520018577576
tgn,train,2022-09,country_203,country_cn,-0.1659253830743359,0.03632509708404541
tgn,train,2022-09,country_203,country_de,-0.05450080729123022,-0.001278311014175415
tgn,train,2022-09,country_203,country_fr,0.700982411477656,-0.05785912275314331
tgn,train,2022-09,country_203,country_gb,-0.29154962490062314,-0.08294899761676788
tgn,train,2022-09,country_203,country_in,-0.5662457954229208,0.3384464383125305
tgn,train,2022-09,country_203,country_jp,0.702325850275384,-0.09848472476005554
tgn,train,2022-09,country_203,country_kr,-0.2328921857877434,-0.013542905449867249
tgn,train,2022-09,country_203,country_mx,15.187833576897416,0.014573745429515839
tgn,train,2022-09,country_203,country_my,-0.26039744953540434,-0.029280714690685272
tgn,train,2022-09,country_203,country_ph,-0.220616356288198,-0.0048738643527030945
tgn,train,2022-09,country_203,country_sg,-0.2370870255978811,-0.1403067708015442
tgn,train,2022-09,country_203,country_th,0.21896877726469,-0.025269508361816406
tgn,train,2022-09,country_203,country_us,0.2457681665048742,0.2912760078907013
tgn,train,2022-09,country_203,country_vn,-0.518569725948825,-0.09731295704841614
tgn,train,2022-09,country_344,country_203,-0.625440377554682,0.16296231746673584
tgn,train,2022-09,country_344,country_372,1.256158495484825,0.11710551381111145
tgn,train,2022-09,country_344,country_380,0.6834830799278937,0.10394351184368134
tgn,train,2022-09,country_344,country_cn,4.626400012177837,0.07670556008815765
tgn,train,2022-09,country_344,country_de,-0.020682530948163386,0.03303724527359009
tgn,train,2022-09,country_344,country_fr,-0.2614691847888155,-0.012811243534088135
tgn,train,2022-09,country_344,country_gb,-0.43675838396773053,-0.021835803985595703
tgn,train,2022-09,country_344,country_in,-0.24946125264383315,0.274755597114563
tgn,train,2022-09,country_344,country_jp,-0.4282469392605722,-0.0510864183306694
tgn,train,2022-09,country_344,country_kr,0.668660005746567,0.06885150074958801
tgn,train,2022-09,country_344,country_mx,0.6099744172718408,0.07225579023361206
tgn,train,2022-09,country_344,country_my,-0.5206880360882753,0.027934283018112183
tgn,train,2022-09,country_344,country_ph,-0.15650292755582002,0.0704745352268219
tgn,train,2022-09,country_344,country_sg,-0.5107133415479461,-0.06871725618839264
tgn,train,2022-09,country_344,country_th,0.18457048408288146,0.05891817808151245
tgn,train,2022-09,country_344,country_us,-0.29098454256303224,0.21369624137878418
tgn,train,2022-09,country_344,country_vn,-0.7624364148375985,-0.03831297904253006
tgn,train,2022-09,country_372,country_203,-0.33107371421118603,0.14536446332931519
tgn,train,2022-09,country_372,country_344,2.8940365456008075,0.10346847772598267
tgn,train,2022-09,country_372,country_380,15.675919786945231,0.09862986207008362
tgn,train,2022-09,country_372,country_cn,0.06899783465817118,0.09513238072395325
tgn,train,2022-09,country_372,country_de,0.8700937210981126,0.043544843792915344
tgn,train,2022-09,country_372,country_fr,-0.36040691335664143,-0.0075777024030685425
tgn,train,2022-09,country_372,country_gb,-0.2743046975818462,-0.039629921317100525
tgn,train,2022-09,country_372,country_in,0.924328572825399,0.2496742606163025
tgn,train,2022-09,country_372,country_jp,-0.15857318043878052,-0.03878265619277954
tgn,train,2022-09,country_372,country_kr,-0.11389561907930995,0.042714834213256836
tgn,train,2022-09,country_372,country_mx,-0.43342062578721785,0.04385724663734436
tgn,train,2022-09,country_372,country_my,0.5865049749474438,0.03363141417503357
tgn,train,2022-09,country_372,country_ph,0.2799851087642703,0.04155319929122925
tgn,train,2022-09,country_372,country_sg,0.020499452333743638,-0.08297421038150787
tgn,train,2022-09,country_372,country_th,27.54192106347017,0.014777690172195435
tgn,train,2022-09,country_372,country_us,1.10823991483294,0.2216162383556366
tgn,train,2022-09,country_372,country_vn,-0.11447356510237812,-0.03065449744462967
tgn,train,2022-09,country_380,country_203,-0.2708401566147157,0.11081162095069885
tgn,train,2022-09,country_380,country_344,0.256655954563636,0.08159072697162628
tgn,train,2022-09,country_380,country_372,1.1628636250816358,0.0899067223072052
tgn,train,2022-09,country_380,country_cn,0.23395673898130545,0.09813663363456726
tgn,train,2022-09,country_380,country_de,0.2965134846296861,0.0584932416677475
tgn,train,2022-09,country_380,country_fr,-0.19720085556699243,0.021980807185173035
tgn,train,2022-09,country_380,country_gb,-0.42092238285038674,-0.026682890951633453
tgn,train,2022-09,country_380,country_in,-0.30189633194992216,0.1733284890651703
tgn,train,2022-09,country_380,country_jp,0.015608502212682169,-0.034630827605724335
tgn,train,2022-09,country_380,country_kr,-0.04908549513263573,0.0619751513004303
tgn,train,2022-09,country_380,country_mx,0.2791561225542938,0.0689181387424469
tgn,train,2022-09,country_380,country_my,0.1990633038766438,0.050784721970558167
tgn,train,2022-09,country_380,country_ph,0.20942311935409125,0.0701223611831665
tgn,train,2022-09,country_380,country_sg,0.028204107849336777,-0.0259338840842247
tgn,train,2022-09,country_380,country_th,-0.0018786257690546473,0.06309297680854797
tgn,train,2022-09,country_380,country_us,0.3008854271034607,0.17625343799591064
tgn,train,2022-09,country_380,country_vn,-0.16700496917586446,-0.029607586562633514
tgn,train,2022-09,country_50,country_jp,-0.08436082440803769,-0.10459950566291809
tgn,train,2022-09,country_50,country_my,0.1525272659617026,-0.0778389722108841
tgn,train,2022-09,country_50,country_sg,0.10694245153065836,-0.11626047641038895
tgn,train,2022-09,country_cn,country_203,0.029049602347219306,0.03311684727668762
tgn,train,2022-09,country_cn,country_344,0.0231641315615258,0.027684852480888367
tgn,train,2022-09,country_cn,country_372,1.7490408342107873,0.02300816774368286
tgn,train,2022-09,country_cn,country_380,0.6436456603463437,0.017474129796028137
tgn,train,2022-09,country_cn,country_de,0.3763151875060029,0.08327612280845642
tgn,train,2022-09,country_cn,country_fr,0.08913309303364754,0.04683138430118561
tgn,train,2022-09,country_cn,country_gb,0.18183044247987676,0.07035067677497864
tgn,train,2022-09,country_cn,country_in,-0.4248421181510268,0.2717411518096924
tgn,train,2022-09,country_cn,country_jp,0.010808507191019454,0.028512760996818542
tgn,train,2022-09,country_cn,country_kr,0.03247456424551371,0.09504243731498718
tgn,train,2022-09,country_cn,country_mx,-0.01782882794752949,0.0897473394870758
tgn,train,2022-09,country_cn,country_my,-0.0374929539348719,0.10150694847106934
tgn,train,2022-09,country_cn,country_ph,0.24546202871946965,0.08471965789794922
tgn,train,2022-09,country_cn,country_sg,-0.008500855804901928,0.034976452589035034
tgn,train,2022-09,country_cn,country_th,-0.09763103809093768,0.09860555827617645
tgn,train,2022-09,country_cn,country_us,-0.1762392557089889,0.1405613124370575
tgn,train,2022-09,country_cn,country_vn,-0.11390900227442706,0.05515137314796448
tgn,train,2022-09,country_de,country_203,0.06674069609085882,0.059037670493125916
tgn,train,2022-09,country_de,country_344,0.06360608687086583,0.018474236130714417
tgn,train,2022-09,country_de,country_372,-0.4367826954940998,0.022909820079803467
tgn,train,2022-09,country_de,country_380,0.04228451896856907,0.01660516858100891
tgn,train,2022-09,country_de,country_cn,0.013333511599510465,0.0869552493095398
tgn,train,2022-09,country_de,country_fr,-0.11708186493198511,0.055950552225112915
tgn,train,2022-09,country_de,country_gb,-0.3644090223381133,0.06959114968776703
tgn,train,2022-09,country_de,country_in,0.11994371350824243,0.28224459290504456
tgn,train,2022-09,country_de,country_jp,0.11573066416227287,0.023226052522659302
tgn,train,2022-09,country_de,country_kr,-0.38452260969135144,0.08291314542293549
tgn,train,2022-09,country_de,country_mx,0.08323536941360819,0.0913950502872467
tgn,train,2022-09,country_de,country_my,-0.060109491906004855,0.0965360701084137
tgn,train,2022-09,country_de,country_ph,-0.0627662112538605,0.07577449083328247
tgn,train,2022-09,country_de,country_sg,-0.16872741767226393,0.03794117271900177
tgn,train,2022-09,country_de,country_th,0.19106113922463513,0.08757835626602173
tgn,train,2022-09,country_de,country_us,0.3407675912691231,0.13848772644996643
tgn,train,2022-09,country_de,country_vn,-0.025581142504347117,0.026964932680130005
tgn,train,2022-09,country_fr,country_203,-0.09802502090839921,0.07522469758987427
tgn,train,2022-09,country_fr,country_344,-0.18734337400512824,0.011849917471408844
tgn,train,2022-09,country_fr,country_372,-0.11006878949071634,0.007675737142562866
tgn,train,2022-09,country_fr,country_380,0.0653456701663684,-0.0003120303153991699
tgn,train,2022-09,country_fr,country_cn,-0.0027418648710377954,0.07533787190914154
tgn,train,2022-09,country_fr,country_de,0.28356041597654436,0.06425906717777252
tgn,train,2022-09,country_fr,country_gb,-0.20616835859516958,0.051339998841285706
tgn,train,2022-09,country_fr,country_in,3.0412871265856487,0.28299254179000854
tgn,train,2022-09,country_fr,country_jp,0.330093992252997,0.010198146104812622
tgn,train,2022-09,country_fr,country_kr,0.11218299865556013,0.06870858371257782
tgn,train,2022-09,country_fr,country_mx,0.3231068287764053,0.08109462261199951
tgn,train,2022-09,country_fr,country_my,-0.05531282423551664,0.0808410495519638
tgn,train,2022-09,country_fr,country_ph,0.09535702010033598,0.06291615962982178
tgn,train,2022-09,country_fr,country_sg,0.037514712489413946,0.027239322662353516
tgn,train,2022-09,country_fr,country_th,-0.00840681991963562,0.07330942153930664
tgn,train,2022-09,country_fr,country_us,0.14606794138906873,0.12531958520412445
tgn,train,2022-09,country_fr,country_vn,-0.06964411066990696,0.01647818088531494
tgn,train,2022-09,country_gb,country_203,0.35078235297108123,0.16804462671279907
tgn,train,2022-09,country_gb,country_344,-0.1709806239159379,0.04425173997879028
tgn,train,2022-09,country_gb,country_372,-0.8975681833982345,0.036573395133018494
tgn,train,2022-09,country_gb,country_380,-0.23803877460076386,0.007637985050678253
tgn,train,2022-09,country_gb,country_cn,-0.021727618881344803,0.09289190173149109
tgn,train,2022-09,country_gb,country_de,0.09802328680361716,0.05683067440986633
tgn,train,2022-09,country_gb,country_fr,-0.028060991691665038,0.030246809124946594
tgn,train,2022-09,country_gb,country_in,0.2493715679394757,0.3228878080844879
tgn,train,2022-09,country_gb,country_jp,0.4176296442589703,-0.0010854452848434448
tgn,train,2022-09,country_gb,country_kr,-0.2753648391052185,0.07735119760036469
tgn,train,2022-09,country_gb,country_mx,-0.09204309100239082,0.07694984972476959
tgn,train,2022-09,country_gb,country_my,-0.11294403900824193,0.08607277274131775
tgn,train,2022-09,country_gb,country_ph,1.6482811100345516,0.07136952877044678
tgn,train,2022-09,country_gb,country_sg,0.02099994966293224,0.037711918354034424
tgn,train,2022-09,country_gb,country_th,-0.6149605272889095,0.08024097979068756
tgn,train,2022-09,country_gb,country_us,-0.09122860674827696,0.12605752050876617
tgn,train,2022-09,country_gb,country_vn,-0.3459930463906974,0.024366766214370728
tgn,train,2022-09,country_in,country_203,-0.5415609394894393,0.12158548831939697
tgn,train,2022-09,country_in,country_344,0.08538787223773181,0.10300014913082123
tgn,train,2022-09,country_in,country_372,0.8510597386731673,0.0938621312379837
tgn,train,2022-09,country_in,country_380,-0.28571418408334415,0.08379487693309784
tgn,train,2022-09,country_in,country_cn,-0.3508562839169982,0.13293367624282837
tgn,train,2022-09,country_in,country_de,-0.016261391382868317,0.10305014252662659
tgn,train,2022-09,country_in,country_fr,1.1250589810197824,0.0797884613275528
tgn,train,2022-09,country_in,country_gb,-0.496911013987449,0.09371533989906311
tgn,train,2022-09,country_in,country_jp,0.22831907772986035,0.034196048974990845
tgn,train,2022-09,country_in,country_kr,0.5532005933081873,0.12218734622001648
tgn,train,2022-09,country_in,country_mx,1.6758497092669533,0.13903751969337463
tgn,train,2022-09,country_in,country_my,6.016773750787118,0.1273152083158493
tgn,train,2022-09,country_in,country_ph,4.170272515960748,0.1083231270313263
tgn,train,2022-09,country_in,country_sg,1.7900954825538873,0.058450907468795776
tgn,train,2022-09,country_in,country_th,0.24932191012501578,0.1231418251991272
tgn,train,2022-09,country_in,country_us,8.667008319044504,0.20897001028060913
tgn,train,2022-09,country_in,country_vn,3.173882171340084,0.06505665183067322
tgn,train,2022-09,country_jp,country_203,0.08963252964404632,0.06895303726196289
tgn,train,2022-09,country_jp,country_344,-0.020223943383147445,0.00893428921699524
tgn,train,2022-09,country_jp,country_372,0.4152710459152257,0.002296239137649536
tgn,train,2022-09,country_jp,country_380,-0.05068224350714937,-0.014441460371017456
tgn,train,2022-09,country_jp,country_cn,0.04851988240252649,0.08587092161178589
tgn,train,2022-09,country_jp,country_de,0.03282664010893891,0.05298013985157013
tgn,train,2022-09,country_jp,country_fr,-0.004364617926111136,0.025063619017601013
tgn,train,2022-09,country_jp,country_gb,0.016122095316050404,0.03754130005836487
tgn,train,2022-09,country_jp,country_in,0.15465566605607894,0.28428760170936584
tgn,train,2022-09,country_jp,country_kr,0.5786245878080802,0.07017223536968231
tgn,train,2022-09,country_jp,country_mx,0.028573770553855907,0.06843957304954529
tgn,train,2022-09,country_jp,country_my,-0.0191278965879964,0.08165550231933594
tgn,train,2022-09,country_jp,country_ph,0.036680263486152415,0.06716993451118469
tgn,train,2022-09,country_jp,country_sg,0.38962785984751797,0.014108553528785706
tgn,train,2022-09,country_jp,country_th,0.011111275963902403,0.07537056505680084
tgn,train,2022-09,country_jp,country_us,0.03906511060205072,0.12550708651542664
tgn,train,2022-09,country_jp,country_vn,-0.1427296920330334,0.005591347813606262
tgn,train,2022-09,country_kr,country_203,0.23040691293694984,0.05884194374084473
tgn,train,2022-09,country_kr,country_344,-0.09757104388782795,0.037569865584373474
tgn,train,2022-09,country_kr,country_372,-0.418378623169077,0.01622334122657776
tgn,train,2022-09,country_kr,country_380,0.06801980187663907,0.013125233352184296
tgn,train,2022-09,country_kr,country_cn,-0.16950502272595208,0.11510318517684937
tgn,train,2022-09,country_kr,country_de,0.1826435436191867,0.08704814314842224
tgn,train,2022-09,country_kr,country_fr,0.6892530563943182,0.06898051500320435
tgn,train,2022-09,country_kr,country_gb,1.1162728365354184,0.08155465126037598
tgn,train,2022-09,country_kr,country_in,0.058924690281750396,0.31218305230140686
tgn,train,2022-09,country_kr,country_jp,-0.2652242388484167,0.042305395007133484
tgn,train,2022-09,country_kr,country_mx,0.2295966418016662,0.10950905084609985
tgn,train,2022-09,country_kr,country_my,0.03934648746577345,0.11648312211036682
tgn,train,2022-09,country_kr,country_ph,-0.2507217198712991,0.09861892461776733
tgn,train,2022-09,country_kr,country_sg,-0.19455890786410673,0.05841383337974548
tgn,train,2022-09,country_kr,country_th,0.218761500172193,0.11075085401535034
tgn,train,2022-09,country_kr,country_us,0.365772021655194,0.17635053396224976
tgn,train,2022-09,country_kr,country_vn,-0.08169015420096262,0.04716289043426514
tgn,train,2022-09,country_mx,country_203,0.10122738142337143,0.07146403193473816
tgn,train,2022-09,country_mx,country_344,-0.1272137463303662,0.0427108108997345
tgn,train,2022-09,country_mx,country_372,-0.5840822649905967,0.029084309935569763
tgn,train,2022-09,country_mx,country_380,0.37512466025578894,0.024515226483345032
tgn,train,2022-09,country_mx,country_cn,-0.003899760704322075,0.11557047069072723
tgn,train,2022-09,country_mx,country_de,-0.014495960028454739,0.095492884516716
tgn,train,2022-09,country_mx,country_fr,0.025905565832149244,0.07184052467346191
tgn,train,2022-09,country_mx,country_gb,0.09498613961369351,0.08705778419971466
tgn,train,2022-09,country_mx,country_in,1.397560980625961,0.2816982567310333
tgn,train,2022-09,country_mx,country_jp,-0.27849087458688926,0.041553154587745667
tgn,train,2022-09,country_mx,country_kr,-0.17673464655122587,0.10808935761451721
tgn,train,2022-09,country_mx,country_my,-0.2315662743925187,0.11762967705726624
tgn,train,2022-09,country_mx,country_ph,1.5563207051203,0.09479746222496033
tgn,train,2022-09,country_mx,country_sg,0.5132639931746427,0.059543535113334656
tgn,train,2022-09,country_mx,country_th,0.3259096768835258,0.11298292875289917
tgn,train,2022-09,country_mx,country_us,0.21077797846188562,0.17146146297454834
tgn,train,2022-09,country_mx,country_vn,1.017531817697923,0.05630376935005188
tgn,train,2022-09,country_my,country_203,0.16110815719477156,0.08137069642543793
tgn,train,2022-09,country_my,country_344,-0.1988167884908507,0.04981197416782379
tgn,train,2022-09,country_my,country_372,-0.14353335302294976,0.03621004521846771
tgn,train,2022-09,country_my,country_380,-0.024306542716263296,0.02469061315059662
tgn,train,2022-09,country_my,country_cn,-0.12613207707961568,0.12781468033790588
tgn,train,2022-09,country_my,country_de,-0.08092439024686673,0.10556972026824951
tgn,train,2022-09,country_my,country_fr,-0.03324430342420655,0.08454538881778717
tgn,train,2022-09,country_my,country_gb,-0.40275126601885053,0.0963476300239563
tgn,train,2022-09,country_my,country_in,0.3583691602568648,0.3352501392364502
tgn,train,2022-09,country_my,country_jp,-0.23615072414079394,0.05246146023273468
tgn,train,2022-09,country_my,country_kr,0.07283748061157286,0.1172671765089035
tgn,train,2022-09,country_my,country_mx,0.2588870011141345,0.12274520099163055
tgn,train,2022-09,country_my,country_ph,0.29842370521356076,0.11010926961898804
tgn,train,2022-09,country_my,country_sg,-0.24350020301741487,0.06841740012168884
tgn,train,2022-09,country_my,country_th,0.08539767996116364,0.12342721223831177
tgn,train,2022-09,country_my,country_us,0.041160015150977114,0.18839222192764282
tgn,train,2022-09,country_my,country_vn,0.26800025771983094,0.07944220304489136
tgn,train,2022-09,country_ph,country_203,-0.1906195106974258,0.06225064396858215
tgn,train,2022-09,country_ph,country_344,0.4302221008347273,0.03381569683551788
tgn,train,2022-09,country_ph,country_372,-0.04085365811220752,0.020610451698303223
tgn,train,2022-09,country_ph,country_380,-0.10578024565530189,0.011336565017700195
tgn,train,2022-09,country_ph,country_cn,-0.10909388136090054,0.11335623264312744
tgn,train,2022-09,country_ph,country_de,0.11855113470483478,0.08785742521286011
tgn,train,2022-09,country_ph,country_fr,0.25457337259338225,0.07029080390930176
tgn,train,2022-09,country_ph,country_gb,-0.1114737833869595,0.08098836243152618
tgn,train,2022-09,country_ph,country_in,0.25589927564142206,0.30114680528640747
tgn,train,2022-09,country_ph,country_jp,-0.02282826378271977,0.04799775779247284
tgn,train,2022-09,country_ph,country_kr,0.12187403565103937,0.10131964087486267
tgn,train,2022-09,country_ph,country_mx,-0.004327585412133967,0.10848228633403778
tgn,train,2022-09,country_ph,country_my,0.03932533360499269,0.11119683086872101
tgn,train,2022-09,country_ph,country_sg,-0.37779522397821946,0.057648688554763794
tgn,train,2022-09,country_ph,country_th,-0.06060125704052539,0.10796414315700531
tgn,train,2022-09,country_ph,country_us,0.056862325879866775,0.158399760723114
tgn,train,2022-09,country_ph,country_vn,-0.06121639425114909,0.04489611089229584
tgn,train,2022-09,country_sg,country_203,0.7887445298505771,0.2305910289287567
tgn,train,2022-09,country_sg,country_344,-0.40858870084512877,0.09769485890865326
tgn,train,2022-09,country_sg,country_372,-0.393444231563056,0.10123775899410248
tgn,train,2022-09,country_sg,country_380,0.5287673877387232,0.05086623132228851
tgn,train,2022-09,country_sg,country_cn,-0.1398011506797353,0.15390825271606445
tgn,train,2022-09,country_sg,country_de,0.7751583697055918,0.0762690007686615
tgn,train,2022-09,country_sg,country_fr,0.030423090500589563,0.04318000376224518
tgn,train,2022-09,country_sg,country_gb,0.21975318740531793,0.05449628829956055
tgn,train,2022-09,country_sg,country_in,-0.14012073200740313,0.39772671461105347
tgn,train,2022-09,country_sg,country_jp,-0.09595223249002051,0.011913806200027466
tgn,train,2022-09,country_sg,country_kr,-0.1357935573357251,0.09584669768810272
tgn,train,2022-09,country_sg,country_mx,-0.054445751215684776,0.09033355116844177
tgn,train,2022-09,country_sg,country_my,-0.14274656057314264,0.10465332865715027
tgn,train,2022-09,country_sg,country_ph,0.02687725172708341,0.09112071990966797
tgn,train,2022-09,country_sg,country_th,0.2368091761784333,0.09645742177963257
tgn,train,2022-09,country_sg,country_us,0.2279738804504869,0.1901409924030304
tgn,train,2022-09,country_sg,country_vn,-0.3646344299538224,0.026674911379814148
tgn,train,2022-09,country_th,country_203,-0.08284841443382122,0.08176574110984802
tgn,train,2022-09,country_th,country_344,-0.1532354132256319,0.04119829833507538
tgn,train,2022-09,country_th,country_372,-0.04799961118782846,0.033199459314346313
tgn,train,2022-09,country_th,country_380,-0.06454945777598228,0.022563055157661438
tgn,train,2022-09,country_th,country_cn,-0.16262202333929324,0.11966690421104431
tgn,train,2022-09,country_th,country_de,0.015837565968894202,0.09863895177841187
tgn,train,2022-09,country_th,country_fr,0.22123637759312353,0.07414145767688751
tgn,train,2022-09,country_th,country_gb,-0.3785018768967003,0.09060238301753998
tgn,train,2022-09,country_th,country_in,2.7205076574420533,0.3227357566356659
tgn,train,2022-09,country_th,country_jp,-0.03331394704740715,0.04679588973522186
tgn,train,2022-09,country_th,country_kr,-0.05432421710062608,0.11079628765583038
tgn,train,2022-09,country_th,country_mx,0.06405962450989354,0.11762329936027527
tgn,train,2022-09,country_th,country_my,-0.1286048435714879,0.12484139204025269
tgn,train,2022-09,country_th,country_ph,-0.01795771976482622,0.10295173525810242
tgn,train,2022-09,country_th,country_sg,-0.2517434672635646,0.062108904123306274
tgn,train,2022-09,country_th,country_us,0.2565380203904229,0.18284618854522705
tgn,train,2022-09,country_th,country_vn,0.22368063979689357,0.054733335971832275
tgn,train,2022-09,country_tw,country_203,-0.008062865688457916,0.056388720870018005
tgn,train,2022-09,country_tw,country_344,-0.2441190047617529,0.009463146328926086
tgn,train,2022-09,country_tw,country_372,0.2739512357842519,0.0014873743057250977
tgn,train,2022-09,country_tw,country_380,0.5073997697523823,-0.010913446545600891
tgn,train,2022-09,country_tw,country_cn,0.03132612301999464,0.10277417302131653
tgn,train,2022-09,country_tw,country_de,0.23238266829170756,0.06859757006168365
tgn,train,2022-09,country_tw,country_fr,-0.15846065826142605,0.04151460528373718
tgn,train,2022-09,country_tw,country_gb,-0.2445808552740644,0.04907245934009552
tgn,train,2022-09,country_tw,country_in,0.94842964687466,0.2911664843559265
tgn,train,2022-09,country_tw,country_jp,0.1945720363518052,0.01968798041343689
tgn,train,2022-09,country_tw,country_kr,-0.024220595007936854,0.08388453722000122
tgn,train,2022-09,country_tw,country_mx,0.27332983198296235,0.08064571022987366
tgn,train,2022-09,country_tw,country_my,0.0036695839168580818,0.09276403486728668
tgn,train,2022-09,country_tw,country_ph,0.08748802549694763,0.07504647970199585
tgn,train,2022-09,country_tw,country_sg,-0.15759268727343648,0.03365573287010193
tgn,train,2022-09,country_tw,country_th,0.14796026443635535,0.08500611782073975
tgn,train,2022-09,country_tw,country_us,0.04638202715088442,0.14009638130664825
tgn,train,2022-09,country_tw,country_vn,-0.03244451118916908,0.014405444264411926
tgn,train,2022-09,country_us,country_203,0.016901020786035933,0.05197867751121521
tgn,train,2022-09,country_us,country_344,-0.21206962649703062,0.03238210082054138
tgn,train,2022-09,country_us,country_372,0.007753045548177874,0.025750011205673218
tgn,train,2022-09,country_us,country_380,0.5193082532057871,0.013671055436134338
tgn,train,2022-09,country_us,country_cn,0.0068975089650193475,-0.028523370623588562
tgn,train,2022-09,country_us,country_de,-0.10952235459739576,-0.034487418830394745
tgn,train,2022-09,country_us,country_fr,-0.13895298757847963,-0.048564426600933075
tgn,train,2022-09,country_us,country_gb,-0.277308353517015,-0.04019150137901306
tgn,train,2022-09,country_us,country_in,-0.5426373007690254,0.0663609653711319
tgn,train,2022-09,country_us,country_jp,-0.09426606513811632,-0.07926811277866364
tgn,train,2022-09,country_us,country_kr,-0.039114697927587115,-0.03130446374416351
tgn,train,2022-09,country_us,country_mx,0.08326639528253627,-0.035373032093048096
tgn,train,2022-09,country_us,country_my,0.14984450588852935,-0.0026989206671714783
tgn,train,2022-09,country_us,country_ph,0.3255323139034081,-0.03361155092716217
tgn,train,2022-09,country_us,country_sg,-0.38687887160476947,-0.05818506330251694
tgn,train,2022-09,country_us,country_th,0.008342103816290298,-0.02292419970035553
tgn,train,2022-09,country_us,country_vn,-0.1661782270047415,-0.09773357957601547
tgn,train,2022-09,country_vn,country_203,-0.5391510003166365,0.07782118022441864
tgn,train,2022-09,country_vn,country_344,0.5236830547922781,0.027170807123184204
tgn,train,2022-09,country_vn,country_372,1.2955485492487482,0.01842176914215088
tgn,train,2022-09,country_vn,country_380,1.1165002056933757,0.0010818392038345337
tgn,train,2022-09,country_vn,country_cn,0.20246942705416734,0.1281367391347885
tgn,train,2022-09,country_vn,country_de,-0.12045432502779194,0.08252173662185669
tgn,train,2022-09,country_vn,country_fr,0.02057575749290866,0.057463183999061584
tgn,train,2022-09,country_vn,country_gb,0.04544012013208022,0.06673738360404968
tgn,train,2022-09,country_vn,country_in,2.2768519053561236,0.32165268063545227
tgn,train,2022-09,country_vn,country_jp,-0.5142426056802206,0.03204828500747681
tgn,train,2022-09,country_vn,country_kr,-0.335624299076887,0.09970170259475708
tgn,train,2022-09,country_vn,country_mx,0.7264693840206796,0.09954909980297089
tgn,train,2022-09,country_vn,country_my,-0.029606125917028478,0.10461993515491486
tgn,train,2022-09,country_vn,country_ph,-0.10696457526879666,0.07290452718734741
tgn,train,2022-09,country_vn,country_sg,-0.0923649519033006,0.04570862650871277
tgn,train,2022-09,country_vn,country_th,-0.30995646635914137,0.10049688816070557
tgn,train,2022-09,country_vn,country_us,0.5131052942752464,0.18105560541152954
tgn,train,2022-10,country_203,country_344,-0.5304889113311474,0.07805995643138885
tgn,train,2022-10,country_203,country_372,-0.674277245485666,0.04518738389015198
tgn,train,2022-10,country_203,country_380,0.01835706648117428,0.11783890426158905
tgn,train,2022-10,country_203,country_cn,-0.21557526889979478,-0.051840122789144516
tgn,train,2022-10,country_203,country_de,-0.1412124131747921,-0.010181233286857605
tgn,train,2022-10,country_203,country_fr,3.4678975501029377,-0.042749203741550446
tgn,train,2022-10,country_203,country_gb,-0.40142390617750506,-0.14684268832206726
tgn,train,2022-10,country_203,country_in,0.5712977026898504,-0.06382686644792557
tgn,train,2022-10,country_203,country_jp,-0.012934843490203922,-0.00390847772359848
tgn,train,2022-10,country_203,country_kr,0.674854589901374,-0.048671357333660126
tgn,train,2022-10,country_203,country_mx,0.6311714416545968,0.003528103232383728
tgn,train,2022-10,country_203,country_my,0.09655159509913704,-0.07410573214292526
tgn,train,2022-10,country_203,country_ph,0.3893015116310665,-0.03796318173408508
tgn,train,2022-10,country_203,country_sg,-0.08884215462678687,-0.13695546984672546
tgn,train,2022-10,country_203,country_th,0.2568547125318854,-0.10428258031606674
tgn,train,2022-10,country_203,country_us,-0.07256954127361362,0.11718234419822693
tgn,train,2022-10,country_203,country_vn,-0.1331935522182625,-0.12382123619318008
tgn,train,2022-10,country_344,country_203,0.08524078680053139,-0.0011085569858551025
tgn,train,2022-10,country_344,country_372,-0.45256780247591516,0.016879916191101074
tgn,train,2022-10,country_344,country_380,-0.08973518491060206,0.009234853088855743
tgn,train,2022-10,country_344,country_cn,4.295939863597765,-0.06831365823745728
tgn,train,2022-10,country_344,country_de,-0.22219968927953404,-0.04662296921014786
tgn,train,2022-10,country_344,country_fr,-0.02924435657553844,-0.06393997371196747
tgn,train,2022-10,country_344,country_gb,-0.5148986466690882,-0.1475117951631546
tgn,train,2022-10,country_344,country_in,-0.21679748533167628,-0.037835702300071716
tgn,train,2022-10,country_344,country_jp,-0.7318281363430302,-0.06632901728153229
tgn,train,2022-10,country_344,country_kr,-0.231206411003236,-0.04713867977261543
tgn,train,2022-10,country_344,country_mx,-0.3057999705026392,-0.09781548380851746
tgn,train,2022-10,country_344,country_my,-0.41874478058337505,-0.10004056990146637
tgn,train,2022-10,country_344,country_ph,-0.146824642994415,-0.049664877355098724
tgn,train,2022-10,country_344,country_sg,-0.46861421358913496,-0.1315940022468567
tgn,train,2022-10,country_344,country_th,-0.2672588195437574,-0.11601778864860535
tgn,train,2022-10,country_344,country_us,-0.009436569437924027,-0.03129833936691284
tgn,train,2022-10,country_344,country_vn,0.2679343852694773,-0.1482120305299759
tgn,train,2022-10,country_372,country_203,-0.24543115785064748,0.04961809515953064
tgn,train,2022-10,country_372,country_344,2.3584336847279483,0.043563783168792725
tgn,train,2022-10,country_372,country_380,-0.22610032490643497,0.039726078510284424
tgn,train,2022-10,country_372,country_cn,-0.5503147838363939,-0.09010758250951767
tgn,train,2022-10,country_372,country_de,0.5360990534180722,-0.08306894451379776
tgn,train,2022-10,country_372,country_fr,-0.15306959193341818,-0.0980241522192955
tgn,train,2022-10,country_372,country_gb,-0.4641120805918116,-0.16082710027694702
tgn,train,2022-10,country_372,country_in,1.10059641955632,-0.08412578701972961
tgn,train,2022-10,country_372,country_jp,-0.027378653109356017,-0.10417445749044418
tgn,train,2022-10,country_372,country_kr,0.8267034704303529,-0.1254824697971344
tgn,train,2022-10,country_372,country_mx,-0.4527941136493381,-0.15070046484470367
tgn,train,2022-10,country_372,country_my,-0.12240075117340317,-0.1123296245932579
tgn,train,2022-10,country_372,country_ph,0.36800831564093217,-0.10431655496358871
tgn,train,2022-10,country_372,country_sg,0.05032026690729305,-0.0764228105545044
tgn,train,2022-10,country_372,country_th,-0.8765660747281018,-0.17739823460578918
tgn,train,2022-10,country_372,country_us,0.016740450253700197,-0.054416216909885406
tgn,train,2022-10,country_372,country_vn,-0.46584327479994886,-0.15401211380958557
tgn,train,2022-10,country_380,country_203,-0.4697205980326112,0.09910981357097626
tgn,train,2022-10,country_380,country_344,0.22670467965045285,0.07700163125991821
tgn,train,2022-10,country_380,country_372,0.5424441476708494,0.04780581593513489
tgn,train,2022-10,country_380,country_cn,0.1680098204781872,-0.057206135243177414
tgn,train,2022-10,country_380,country_de,0.21289483263687423,-0.02890940010547638
tgn,train,2022-10,country_380,country_fr,-0.1979422477182295,-0.050878629088401794
tgn,train,2022-10,country_380,country_gb,-0.41035066205680426,-0.15922674536705017
tgn,train,2022-10,country_380,country_in,0.07738935097599337,-0.07482193410396576
tgn,train,2022-10,country_380,country_jp,0.24751008739388197,-0.01417592167854309
tgn,train,2022-10,country_380,country_kr,-0.24502342838374686,-0.05385483056306839
tgn,train,2022-10,country_380,country_mx,-0.08259389327467884,-0.024596333503723145
tgn,train,2022-10,country_380,country_my,0.27870054762842666,-0.06239114701747894
tgn,train,2022-10,country_380,country_ph,0.08109628053941595,-0.04134407639503479
tgn,train,2022-10,country_380,country_sg,0.009248945552376148,-0.1344366818666458
tgn,train,2022-10,country_380,country_th,-0.2764966641194836,-0.10078749060630798
tgn,train,2022-10,country_380,country_us,-0.016398804725810213,0.15540719032287598
tgn,train,2022-10,country_380,country_vn,-0.04081108746791473,-0.14297369122505188
tgn,train,2022-10,country_50,country_jp,0.04487243685327369,-0.09888816624879837
tgn,train,2022-10,country_50,country_my,-0.4076782019634871,-0.16315193474292755
tgn,train,2022-10,country_50,country_sg,0.0961804150026885,-0.18941986560821533
tgn,train,2022-10,country_cn,country_203,0.052456891529880985,-0.014734908938407898
tgn,train,2022-10,country_cn,country_344,-0.10679472513091885,-0.015880443155765533
tgn,train,2022-10,country_cn,country_372,1.2027268368404649,0.017689242959022522
tgn,train,2022-10,country_cn,country_380,0.5110739006191022,-0.008425615727901459
tgn,train,2022-10,country_cn,country_de,0.313369487585313,0.025899380445480347
tgn,train,2022-10,country_cn,country_fr,0.03707774370525056,0.002428591251373291
tgn,train,2022-10,country_cn,country_gb,0.38438725757778386,-0.008319340646266937
tgn,train,2022-10,country_cn,country_in,-0.4156190741912393,0.013980463147163391
tgn,train,2022-10,country_cn,country_jp,-0.015356581165149534,0.01273752748966217
tgn,train,2022-10,country_cn,country_kr,-0.1467031239961857,0.04712821543216705
tgn,train,2022-10,country_cn,country_mx,-0.17920259549096937,-0.005526721477508545
tgn,train,2022-10,country_cn,country_my,0.03819972936733537,0.011352837085723877
tgn,train,2022-10,country_cn,country_ph,-0.05362157023396349,-0.0016119182109832764
tgn,train,2022-10,country_cn,country_sg,-0.149606113198108,-0.03815846890211105
tgn,train,2022-10,country_cn,country_th,-0.05837744465224826,0.03260320425033569
tgn,train,2022-10,country_cn,country_us,-0.16633382396746352,0.0912107527256012
tgn,train,2022-10,country_cn,country_vn,-0.1281422212648283,0.00782773643732071
tgn,train,2022-10,country_de,country_203,0.1598673405661065,-0.012218952178955078
tgn,train,2022-10,country_de,country_344,0.0608673730469788,-0.01922193169593811
tgn,train,2022-10,country_de,country_372,-0.14433162805838937,0.024651437997817993
tgn,train,2022-10,country_de,country_380,-0.024151283264927964,-0.003379613161087036
tgn,train,2022-10,country_de,country_cn,-0.05366482612649607,-0.01455000787973404
tgn,train,2022-10,country_de,country_fr,0.03838174145233381,0.0032593905925750732
tgn,train,2022-10,country_de,country_gb,-0.021907321990798465,-0.0031473636627197266
tgn,train,2022-10,country_de,country_in,0.45831088686094545,0.01148030161857605
tgn,train,2022-10,country_de,country_jp,-0.12106037847758645,0.007710576057434082
tgn,train,2022-10,country_de,country_kr,-0.2916225195296963,0.03996877372264862
tgn,train,2022-10,country_de,country_mx,0.04821431711982163,0.0016637668013572693
tgn,train,2022-10,country_de,country_my,0.03369097379655874,-0.01409146934747696
tgn,train,2022-10,country_de,country_ph,-0.0117830689789075,-0.005600646138191223
tgn,train,2022-10,country_de,country_sg,-0.039682519846130554,-0.030721500515937805
tgn,train,2022-10,country_de,country_th,0.24812826264142415,0.025181204080581665
tgn,train,2022-10,country_de,country_us,0.2542958417338728,0.11126400530338287
tgn,train,2022-10,country_de,country_vn,-0.14025187452150267,-0.015577726066112518
tgn,train,2022-10,country_fr,country_203,0.2612606664277135,-0.0242079496383667
tgn,train,2022-10,country_fr,country_344,-0.030384211748066933,-0.03289380669593811
tgn,train,2022-10,country_fr,country_372,1.652686465662629,0.029188767075538635
tgn,train,2022-10,country_fr,country_380,0.0682600086385201,-0.010063230991363525
tgn,train,2022-10,country_fr,country_cn,-0.10056601180749618,-0.023891016840934753
tgn,train,2022-10,country_fr,country_de,0.38205480383928103,0.015878483653068542
tgn,train,2022-10,country_fr,country_gb,0.19550261385550058,-0.01392240822315216
tgn,train,2022-10,country_fr,country_in,-0.05173946018935241,0.0004458129405975342
tgn,train,2022-10,country_fr,country_jp,0.1988646941551111,-0.0013531148433685303
tgn,train,2022-10,country_fr,country_kr,0.10107944979690295,0.030721604824066162
tgn,train,2022-10,country_fr,country_mx,0.681009451456751,-0.003952130675315857
tgn,train,2022-10,country_fr,country_my,-0.18254729760829677,-0.0013549774885177612
tgn,train,2022-10,country_fr,country_ph,0.2599126545887232,-0.014560922980308533
tgn,train,2022-10,country_fr,country_sg,0.05777221376732826,-0.03717155009508133
tgn,train,2022-10,country_fr,country_th,-0.4135887515075816,0.013868868350982666
tgn,train,2022-10,country_fr,country_us,-0.1400455266041911,0.08928060531616211
tgn,train,2022-10,country_fr,country_vn,-0.4098135816842684,-0.021434850990772247
tgn,train,2022-10,country_gb,country_203,0.3677510786118297,0.06288588047027588
tgn,train,2022-10,country_gb,country_344,0.2544371804186629,0.030355200171470642
tgn,train,2022-10,country_gb,country_372,-0.7903587697927528,0.11429831385612488
tgn,train,2022-10,country_gb,country_380,0.6389069764271175,0.06833875179290771
tgn,train,2022-10,country_gb,country_cn,0.10814879780029965,0.006509259343147278
tgn,train,2022-10,country_gb,country_de,-0.030846544956912424,0.04244065284729004
tgn,train,2022-10,country_gb,country_fr,-0.10746414629235553,0.021930083632469177
tgn,train,2022-10,country_gb,country_in,0.32319500735180223,0.059776097536087036
tgn,train,2022-10,country_gb,country_jp,0.13344625021639872,0.03782007098197937
tgn,train,2022-10,country_gb,country_kr,-0.3644156493249114,0.08532972633838654
tgn,train,2022-10,country_gb,country_mx,0.0376216229505246,0.053576916456222534
tgn,train,2022-10,country_gb,country_my,0.3738257393540126,0.04731443524360657
tgn,train,2022-10,country_gb,country_ph,1.4378912529471746,0.02648697793483734
tgn,train,2022-10,country_gb,country_sg,0.16506995193714996,0.03919035196304321
tgn,train,2022-10,country_gb,country_th,-0.4057691978095011,0.07478810846805573
tgn,train,2022-10,country_gb,country_us,-0.09652618532730539,0.19561481475830078
tgn,train,2022-10,country_gb,country_vn,0.1632044606324657,0.03543172776699066
tgn,train,2022-10,country_in,country_203,-0.569988989420269,0.04540009796619415
tgn,train,2022-10,country_in,country_344,-0.11577336796897694,0.015919774770736694
tgn,train,2022-10,country_in,country_372,0.2889173181490295,0.10877709090709686
tgn,train,2022-10,country_in,country_380,-0.021519211467146363,0.037769824266433716
tgn,train,2022-10,country_in,country_cn,-0.3362065034349975,-0.01238413155078888
tgn,train,2022-10,country_in,country_de,0.05370201218775859,0.020096391439437866
tgn,train,2022-10,country_in,country_fr,0.04723281213637617,0.00301332026720047
tgn,train,2022-10,country_in,country_gb,-0.2765091446056474,0.013574957847595215
tgn,train,2022-10,country_in,country_jp,0.5301667425509582,-0.0016947239637374878
tgn,train,2022-10,country_in,country_kr,-0.23757612925901522,0.055720746517181396
tgn,train,2022-10,country_in,country_mx,0.6424458801648224,0.026956766843795776
tgn,train,2022-10,country_in,country_my,0.05408256876608266,0.021244823932647705
tgn,train,2022-10,country_in,country_ph,-0.5323579835291395,-0.00025381892919540405
tgn,train,2022-10,country_in,country_sg,0.7110389932476261,0.018615901470184326
tgn,train,2022-10,country_in,country_th,0.9125424026735932,0.042915940284729004
tgn,train,2022-10,country_in,country_us,14.270379935811453,0.16786396503448486
tgn,train,2022-10,country_in,country_vn,0.10116272698093966,0.007077962160110474
tgn,train,2022-10,country_jp,country_203,-0.048086591164458126,-0.014773152768611908
tgn,train,2022-10,country_jp,country_344,-0.09388106253964941,-0.013542957603931427
tgn,train,2022-10,country_jp,country_372,0.8323515771121308,0.016438424587249756
tgn,train,2022-10,country_jp,country_380,-0.008365672462169182,-0.017987318336963654
tgn,train,2022-10,country_jp,country_cn,-0.05492473373449587,-0.002093769609928131
tgn,train,2022-10,country_jp,country_de,0.020937950805789137,0.02165992558002472
tgn,train,2022-10,country_jp,country_fr,-0.006139826808905593,0.0005825087428092957
tgn,train,2022-10,country_jp,country_gb,-0.09529412749841414,-0.0029889941215515137
tgn,train,2022-10,country_jp,country_in,0.260677556131893,0.018084853887557983
tgn,train,2022-10,country_jp,country_kr,0.3632090108953981,0.04664051532745361
tgn,train,2022-10,country_jp,country_mx,0.01047211102622668,0.0033020004630088806
tgn,train,2022-10,country_jp,country_my,0.1570927357634709,0.017033085227012634
tgn,train,2022-10,country_jp,country_ph,-0.15532967034451983,0.0008655935525894165
tgn,train,2022-10,country_jp,country_sg,0.5823569533911372,-0.024356961250305176
tgn,train,2022-10,country_jp,country_th,-0.11136890141920194,0.03605674207210541
tgn,train,2022-10,country_jp,country_us,-0.07817508962746907,0.09587341547012329
tgn,train,2022-10,country_jp,country_vn,-0.3665177122117466,-0.012870505452156067
tgn,train,2022-10,country_kr,country_203,0.4135373411582539,0.03450615704059601
tgn,train,2022-10,country_kr,country_344,-0.023228294090135045,0.029419660568237305
tgn,train,2022-10,country_kr,country_372,-0.5801560171294556,0.08306998014450073
tgn,train,2022-10,country_kr,country_380,0.6098018780381229,0.03353166580200195
tgn,train,2022-10,country_kr,country_cn,-0.2083718641566871,0.020915061235427856
tgn,train,2022-10,country_kr,country_de,0.2665408233720908,0.049575209617614746
tgn,train,2022-10,country_kr,country_fr,0.19227141341525703,0.03001450002193451
tgn,train,2022-10,country_kr,country_gb,1.427852928327829,0.044849544763565063
tgn,train,2022-10,country_kr,country_in,-0.056408172722395976,0.06643292307853699
tgn,train,2022-10,country_kr,country_jp,-0.4157145251868017,0.04235079884529114
tgn,train,2022-10,country_kr,country_mx,-0.0018658629342235146,0.047505855560302734
tgn,train,2022-10,country_kr,country_my,0.03460456038413316,0.046025216579437256
tgn,train,2022-10,country_kr,country_ph,-0.37559541449403855,0.030023664236068726
tgn,train,2022-10,country_kr,country_sg,-0.07036007576178124,0.02144792675971985
tgn,train,2022-10,country_kr,country_th,-0.12435882414835527,0.08105017244815826
tgn,train,2022-10,country_kr,country_us,0.27795150808029534,0.18139344453811646
tgn,train,2022-10,country_kr,country_vn,-0.25414518722241536,0.035228386521339417
tgn,train,2022-10,country_mx,country_203,0.6001580772001311,0.008258283138275146
tgn,train,2022-10,country_mx,country_344,-0.22730058391935676,0.009641125798225403
tgn,train,2022-10,country_mx,country_372,-0.27975458291560845,0.05087444186210632
tgn,train,2022-10,country_mx,country_380,0.3020653915497009,0.016427144408226013
tgn,train,2022-10,country_mx,country_cn,-0.1719256545698129,0.008225977420806885
tgn,train,2022-10,country_mx,country_de,0.051669387092818354,0.03444585204124451
tgn,train,2022-10,country_mx,country_fr,1.0285592427374262,0.012731939554214478
tgn,train,2022-10,country_mx,country_gb,-0.22470347515470568,0.01862424612045288
tgn,train,2022-10,country_mx,country_in,0.3724065092723592,0.032094866037368774
tgn,train,2022-10,country_mx,country_jp,-0.4028265965416052,0.015170812606811523
tgn,train,2022-10,country_mx,country_kr,-0.30362165157572724,0.05520050227642059
tgn,train,2022-10,country_mx,country_my,-0.2714177322777528,0.02273234724998474
tgn,train,2022-10,country_mx,country_ph,0.6172676919019116,0.005091160535812378
tgn,train,2022-10,country_mx,country_sg,0.22113900725097288,-0.005508139729499817
tgn,train,2022-10,country_mx,country_th,0.53099289419823,0.04235494136810303
tgn,train,2022-10,country_mx,country_us,-0.16885269569634312,0.15643689036369324
tgn,train,2022-10,country_mx,country_vn,-0.44251717745373675,0.006279639899730682
tgn,train,2022-10,country_my,country_203,0.49160002925078405,0.009128347039222717
tgn,train,2022-10,country_my,country_344,-0.18525594561953765,0.002532944083213806
tgn,train,2022-10,country_my,country_372,0.0547532248850573,0.045348793268203735
tgn,train,2022-10,country_my,country_380,-0.022427522452945117,0.01042330265045166
tgn,train,2022-10,country_my,country_cn,0.05201978716459119,0.02624836564064026
tgn,train,2022-10,country_my,country_de,-0.05040935131472751,0.048758357763290405
tgn,train,2022-10,country_my,country_fr,0.04068091766093914,0.027905374765396118
tgn,train,2022-10,country_my,country_gb,-0.11552802880998328,0.03507457673549652
tgn,train,2022-10,country_my,country_in,1.5056597477107083,0.04867693781852722
tgn,train,2022-10,country_my,country_jp,-0.15757154045775837,0.033975750207901
tgn,train,2022-10,country_my,country_kr,0.15350997205058997,0.07105973362922668
tgn,train,2022-10,country_my,country_mx,0.12083546345954801,0.028544247150421143
tgn,train,2022-10,country_my,country_ph,0.5300352498985293,0.02113807201385498
tgn,train,2022-10,country_my,country_sg,0.020439761095554374,0.011448562145233154
tgn,train,2022-10,country_my,country_th,0.07258216798276755,0.06222622096538544
tgn,train,2022-10,country_my,country_us,-0.1602874492054238,0.16723132133483887
tgn,train,2022-10,country_my,country_vn,-0.11640548455199808,0.017874598503112793
tgn,train,2022-10,country_ph,country_203,-0.1351722709311508,-0.01802179217338562
tgn,train,2022-10,country_ph,country_344,0.3072169846938559,-0.013752475380897522
tgn,train,2022-10,country_ph,country_372,-0.08020043270586591,0.01953527331352234
tgn,train,2022-10,country_ph,country_380,-0.29457439261372853,-0.01451939344406128
tgn,train,2022-10,country_ph,country_cn,-0.15848526087274423,0.0009357035160064697
tgn,train,2022-10,country_ph,country_de,0.20600674388722315,0.0272161066532135
tgn,train,2022-10,country_ph,country_fr,0.013749875729519884,0.013494007289409637
tgn,train,2022-10,country_ph,country_gb,0.057938616090216784,0.006337404251098633
tgn,train,2022-10,country_ph,country_in,1.0442146250894464,0.01965254545211792
tgn,train,2022-10,country_ph,country_jp,0.051736346845080515,0.020848587155342102
tgn,train,2022-10,country_ph,country_kr,-0.015487676790332562,0.04857450723648071
tgn,train,2022-10,country_ph,country_mx,0.05713806672654363,0.008283659815788269
tgn,train,2022-10,country_ph,country_my,0.14403289867399868,0.026099413633346558
tgn,train,2022-10,country_ph,country_sg,-0.4106869823137131,-0.017809197306632996
tgn,train,2022-10,country_ph,country_th,-0.17421161227949983,0.036877065896987915
tgn,train,2022-10,country_ph,country_us,-0.059000851797160615,0.11009910702705383
tgn,train,2022-10,country_ph,country_vn,-0.15313207538283038,-0.00864514708518982
tgn,train,2022-10,country_sg,country_203,0.04743844220828435,0.096991628408432
tgn,train,2022-10,country_sg,country_344,-0.35101166656376426,0.034918904304504395
tgn,train,2022-10,country_sg,country_372,0.0968718383113607,0.13070979714393616
tgn,train,2022-10,country_sg,country_380,0.5017041532362517,0.09524223208427429
tgn,train,2022-10,country_sg,country_cn,-0.11028958256828253,0.012150324881076813
tgn,train,2022-10,country_sg,country_de,-0.16167044754812243,0.04608052968978882
tgn,train,2022-10,country_sg,country_fr,-0.19153609529767127,0.025558605790138245
tgn,train,2022-10,country_sg,country_gb,0.7731994076697178,0.05412590503692627
tgn,train,2022-10,country_sg,country_in,-0.19721975289372387,0.06217902898788452
tgn,train,2022-10,country_sg,country_jp,0.0468301601368901,0.03983864188194275
tgn,train,2022-10,country_sg,country_kr,-0.28275198565885484,0.08116415143013
tgn,train,2022-10,country_sg,country_mx,0.002385146779678572,0.043343350291252136
tgn,train,2022-10,country_sg,country_my,-0.004242100243220599,0.047119081020355225
tgn,train,2022-10,country_sg,country_ph,-0.07985926365787933,0.029909104108810425
tgn,train,2022-10,country_sg,country_th,0.16701044273400273,0.07737109065055847
tgn,train,2022-10,country_sg,country_us,0.2042798083434196,0.24337583780288696
tgn,train,2022-10,country_sg,country_vn,-0.3864665239995518,0.03430989384651184
tgn,train,2022-10,country_th,country_203,0.02115282821401727,0.052341312170028687
tgn,train,2022-10,country_th,country_344,-0.1290865846225784,0.04047539830207825
tgn,train,2022-10,country_th,country_372,0.0942266598726444,0.1007823646068573
tgn,train,2022-10,country_th,country_380,0.24926984445218736,0.05549216270446777
tgn,train,2022-10,country_th,country_cn,-0.06534578511984628,0.054799050092697144
tgn,train,2022-10,country_th,country_de,0.09022618720740883,0.08694350719451904
tgn,train,2022-10,country_th,country_fr,0.0911673615778518,0.067782461643219
tgn,train,2022-10,country_th,country_gb,-0.1899698820912385,0.08620738983154297
tgn,train,2022-10,country_th,country_in,6.643726830674657,0.10208886861801147
tgn,train,2022-10,country_th,country_jp,0.25661713413029946,0.07443840801715851
tgn,train,2022-10,country_th,country_kr,-0.08695170859354767,0.12104524672031403
tgn,train,2022-10,country_th,country_mx,-0.05979898924777012,0.0806146115064621
tgn,train,2022-10,country_th,country_my,-0.11973557565040027,0.08563488721847534
tgn,train,2022-10,country_th,country_ph,-0.005049606434805534,0.06234636902809143
tgn,train,2022-10,country_th,country_sg,-0.22068359344248917,0.05857399106025696
tgn,train,2022-10,country_th,country_us,0.1712228203238713,0.23341014981269836
tgn,train,2022-10,country_th,country_vn,0.0690775806490841,0.0707004964351654
tgn,train,2022-10,country_tw,country_203,-0.10380575958634382,-0.015790842473506927
tgn,train,2022-10,country_tw,country_344,-0.16520281721854993,-0.009812191128730774
tgn,train,2022-10,country_tw,country_372,0.18593304465542113,0.020862236618995667
tgn,train,2022-10,country_tw,country_380,0.7491921582891433,-0.016655758023262024
tgn,train,2022-10,country_tw,country_cn,-0.1963751699263139,-0.0013048648834228516
tgn,train,2022-10,country_tw,country_de,0.1524149491636262,0.027723655104637146
tgn,train,2022-10,country_tw,country_fr,-0.0389149392304902,0.005449369549751282
tgn,train,2022-10,country_tw,country_gb,-0.06968185987583944,-0.00014713406562805176
tgn,train,2022-10,country_tw,country_in,0.4866175619316299,0.023703813552856445
tgn,train,2022-10,country_tw,country_jp,0.21910911062539334,0.01640498638153076
tgn,train,2022-10,country_tw,country_kr,-0.15281462863521142,0.04876178503036499
tgn,train,2022-10,country_tw,country_mx,0.25597628159560565,0.004690311849117279
tgn,train,2022-10,country_tw,country_my,0.08061757001082154,0.022453874349594116
tgn,train,2022-10,country_tw,country_ph,0.12007688267995413,0.0027889013290405273
tgn,train,2022-10,country_tw,country_sg,-0.26521149300268726,-0.020565852522850037
tgn,train,2022-10,country_tw,country_th,-0.06181312246193256,0.036053627729415894
tgn,train,2022-10,country_tw,country_us,0.08010940030657229,0.11193785071372986
tgn,train,2022-10,country_tw,country_vn,-0.1946656425815728,-0.011959478259086609
tgn,train,2022-10,country_us,country_203,0.055982736947612355,0.047229498624801636
tgn,train,2022-10,country_us,country_344,-0.33541364231209553,0.044356003403663635
tgn,train,2022-10,country_us,country_372,0.6119282869206331,0.08903519809246063
tgn,train,2022-10,country_us,country_380,0.5803429754321142,0.04678419232368469
tgn,train,2022-10,country_us,country_cn,0.08563500842684912,-0.10977131128311157
tgn,train,2022-10,country_us,country_de,-0.002420702471787398,-0.09170541167259216
tgn,train,2022-10,country_us,country_fr,-0.0021296682165965553,-0.10221366584300995
tgn,train,2022-10,country_us,country_gb,-0.15175435227332076,-0.11748677492141724
tgn,train,2022-10,country_us,country_in,-0.6029316711966642,-0.10368984192609787
tgn,train,2022-10,country_us,country_jp,-0.22893422441539846,-0.09107252210378647
tgn,train,2022-10,country_us,country_kr,-0.12984795014902678,-0.0794009193778038
tgn,train,2022-10,country_us,country_mx,-0.02500757650735532,-0.10433350503444672
tgn,train,2022-10,country_us,country_my,0.07295193023346137,-0.09188771992921829
tgn,train,2022-10,country_us,country_ph,0.19272861940959796,-0.09984397143125534
tgn,train,2022-10,country_us,country_sg,-0.1252352445599286,-0.13217835128307343
tgn,train,2022-10,country_us,country_th,-0.2045236042772152,-0.09389898926019669
tgn,train,2022-10,country_us,country_vn,-0.22721523022520387,-0.11783437430858612
tgn,train,2022-10,country_vn,country_203,-0.4375805398093728,0.036146119236946106
tgn,train,2022-10,country_vn,country_344,-0.3527572451892697,0.028179839253425598
tgn,train,2022-10,country_vn,country_372,-0.07383607688949971,0.09371516108512878
tgn,train,2022-10,country_vn,country_380,1.4042979818261296,0.04179912805557251
tgn,train,2022-10,country_vn,country_cn,-0.39065204500476247,0.04796899855136871
tgn,train,2022-10,country_vn,country_de,0.22706305618188583,0.072832852602005
tgn,train,2022-10,country_vn,country_fr,1.2524537854019713,0.05242374539375305
tgn,train,2022-10,country_vn,country_gb,0.7452571460587196,0.07185724377632141
tgn,train,2022-10,country_vn,country_in,0.24817573865962958,0.08686667680740356
tgn,train,2022-10,country_vn,country_jp,-0.5249924295040467,0.058963775634765625
tgn,train,2022-10,country_vn,country_kr,-0.2541418112878547,0.10324716567993164
tgn,train,2022-10,country_vn,country_mx,0.2927986233996942,0.06442800164222717
tgn,train,2022-10,country_vn,country_my,0.1763533708026703,0.06703315675258636
tgn,train,2022-10,country_vn,country_ph,-0.003398250804694866,0.02754068374633789
tgn,train,2022-10,country_vn,country_sg,-0.2547967587510125,0.04480159282684326
tgn,train,2022-10,country_vn,country_th,-0.4894812130695592,0.09640771150588989
tgn,train,2022-10,country_vn,country_us,0.34684245487184734,0.22485917806625366
tgn,train,2022-11,country_203,country_344,0.5671520481699334,0.12290289998054504
tgn,train,2022-11,country_203,country_372,0.2752534033096308,0.09860363602638245
tgn,train,2022-11,country_203,country_380,0.23373857363412084,0.12807400524616241
tgn,train,2022-11,country_203,country_cn,-0.11760412477829901,-0.0634700134396553
tgn,train,2022-11,country_203,country_de,-0.4068212849047745,-0.052687764167785645
tgn,train,2022-11,country_203,country_fr,1.75456948209413,-0.08011097460985184
tgn,train,2022-11,country_203,country_gb,-0.5039233042718508,-0.10906451940536499
tgn,train,2022-11,country_203,country_in,-0.3583079829066383,-0.14786800742149353
tgn,train,2022-11,country_203,country_jp,-0.04833085324125511,-0.07740342617034912
tgn,train,2022-11,country_203,country_kr,0.5054796854149514,-0.1606823056936264
tgn,train,2022-11,country_203,country_mx,-0.5422602590701405,-0.13288739323616028
tgn,train,2022-11,country_203,country_my,-0.3697041654134245,-0.08790909498929977
tgn,train,2022-11,country_203,country_ph,0.06667028960161783,-0.14122262597084045
tgn,train,2022-11,country_203,country_sg,-0.1029952192721832,-0.12788110971450806
tgn,train,2022-11,country_203,country_th,0.017566056475143935,-0.21953672170639038
tgn,train,2022-11,country_203,country_us,-0.04011518581016669,0.0031219124794006348
tgn,train,2022-11,country_203,country_vn,-0.3906743595869586,-0.2212284803390503
tgn,train,2022-11,country_344,country_203,-0.4810260919946487,0.049713343381881714
tgn,train,2022-11,country_344,country_372,-0.7135613850378704,0.02991625666618347
tgn,train,2022-11,country_344,country_380,-0.20792263429127728,0.06371062994003296
tgn,train,2022-11,country_344,country_cn,12.185556336522115,-0.06698238849639893
tgn,train,2022-11,country_344,country_de,-0.39785799375820885,-0.08094052970409393
tgn,train,2022-11,country_344,country_fr,-0.10086375306647577,-0.09955620765686035
tgn,train,2022-11,country_344,country_gb,-0.5636885870427552,-0.15911108255386353
tgn,train,2022-11,country_344,country_in,-0.47415641656940904,-0.1118704155087471
tgn,train,2022-11,country_344,country_jp,-0.40528663293136663,-0.09069560468196869
tgn,train,2022-11,country_344,country_kr,0.23140913391838844,-0.1443583369255066
tgn,train,2022-11,country_344,country_mx,-0.1532862379427587,-0.13240355253219604
tgn,train,2022-11,country_344,country_my,-0.2792934566616751,-0.1139131486415863
tgn,train,2022-11,country_344,country_ph,0.0977258368606844,-0.12602484226226807
tgn,train,2022-11,country_344,country_sg,-0.7311647560401545,-0.13040585815906525
tgn,train,2022-11,country_344,country_th,-0.3906194222417361,-0.20684361457824707
tgn,train,2022-11,country_344,country_us,-0.6516171851467685,-0.04504668712615967
tgn,train,2022-11,country_344,country_vn,-0.30134591538425903,-0.2023964822292328
tgn,train,2022-11,country_372,country_203,-0.6293532112440849,0.13290131092071533
tgn,train,2022-11,country_372,country_344,0.7790464165041403,0.1340687870979309
tgn,train,2022-11,country_372,country_380,1.1919260843438886,0.13337653875350952
tgn,train,2022-11,country_372,country_cn,-0.5330433713424987,-0.009441472589969635
tgn,train,2022-11,country_372,country_de,-0.059986057518527765,-0.012733489274978638
tgn,train,2022-11,country_372,country_fr,0.03171430606436857,-0.045916371047496796
tgn,train,2022-11,country_372,country_gb,-0.7361840068585614,-0.07749756425619125
tgn,train,2022-11,country_372,country_in,1.0325771193752606,-0.06934992223978043
tgn,train,2022-11,country_372,country_jp,-0.0216112620888845,-0.02711356431245804
tgn,train,2022-11,country_372,country_kr,-0.3687304910260086,-0.11755114793777466
tgn,train,2022-11,country_372,country_mx,-0.6044759176171685,-0.11271356791257858
tgn,train,2022-11,country_372,country_my,-0.17785035672235863,-0.03322805464267731
tgn,train,2022-11,country_372,country_ph,0.05566365680596567,-0.09827443957328796
tgn,train,2022-11,country_372,country_sg,0.17098565131373694,-0.09850586950778961
tgn,train,2022-11,country_372,country_th,-0.5460950048371155,-0.20635440945625305
tgn,train,2022-11,country_372,country_us,0.13393707490181037,0.07253400981426239
tgn,train,2022-11,country_372,country_vn,-0.3228705302946031,-0.16541525721549988
tgn,train,2022-11,country_380,country_203,-0.2818319648121317,0.0522286593914032
tgn,train,2022-11,country_380,country_344,0.3947149606392662,0.07069160044193268
tgn,train,2022-11,country_380,country_372,-0.5639363345662624,0.03315040469169617
tgn,train,2022-11,country_380,country_cn,0.31792267212656466,-0.0618877112865448
tgn,train,2022-11,country_380,country_de,0.15668240220449284,-0.07141739875078201
tgn,train,2022-11,country_380,country_fr,-0.1980445567804429,-0.09120135754346848
tgn,train,2022-11,country_380,country_gb,-0.30094605131970714,-0.1679862141609192
tgn,train,2022-11,country_380,country_in,-0.10081949283259839,-0.1419989913702011
tgn,train,2022-11,country_380,country_jp,-0.40155604350714563,-0.0771787092089653
tgn,train,2022-11,country_380,country_kr,-0.5345451908312953,-0.16098494827747345
tgn,train,2022-11,country_380,country_mx,0.5022296686653763,-0.13527366518974304
tgn,train,2022-11,country_380,country_my,0.28526517558126485,-0.08734381198883057
tgn,train,2022-11,country_380,country_ph,-0.18639312891182203,-0.13279597461223602
tgn,train,2022-11,country_380,country_sg,0.028101745409104577,-0.12096430361270905
tgn,train,2022-11,country_380,country_th,-0.42964353182198317,-0.20651254057884216
tgn,train,2022-11,country_380,country_us,-0.0005633169326624619,-0.029592201113700867
tgn,train,2022-11,country_380,country_vn,-0.6300085893622428,-0.22590714693069458
tgn,train,2022-11,country_50,country_de,2.9259084266782986,0.030813708901405334
tgn,train,2022-11,country_50,country_jp,0.010088282945618936,0.03676789999008179
tgn,train,2022-11,country_50,country_sg,1.1513259683602028,0.015880703926086426
tgn,train,2022-11,country_cn,country_203,0.5117287190778789,0.00744251161813736
tgn,train,2022-11,country_cn,country_344,0.1819932884614211,0.030286461114883423
tgn,train,2022-11,country_cn,country_372,-0.016629299832726156,-0.00990886241197586
tgn,train,2022-11,country_cn,country_380,0.19671456727421366,0.030785053968429565
tgn,train,2022-11,country_cn,country_de,0.08422830813152352,-0.08213986456394196
tgn,train,2022-11,country_cn,country_fr,-0.21917532115877478,-0.09599842131137848
tgn,train,2022-11,country_cn,country_gb,0.34415103919093243,-0.03374814987182617
tgn,train,2022-11,country_cn,country_in,-0.18676544203148787,-0.0733458399772644
tgn,train,2022-11,country_cn,country_jp,-0.1106982020653478,-0.08583475649356842
tgn,train,2022-11,country_cn,country_kr,-0.20411964417928433,-0.08438565582036972
tgn,train,2022-11,country_cn,country_mx,-0.08824559418235363,-0.10922509431838989
tgn,train,2022-11,country_cn,country_my,-0.07232875498054804,-0.08126094937324524
tgn,train,2022-11,country_cn,country_ph,-0.06142931928697511,-0.08074063062667847
tgn,train,2022-11,country_cn,country_sg,-0.10006158083590588,-0.10387152433395386
tgn,train,2022-11,country_cn,country_th,0.040634336888201644,-0.09548188745975494
tgn,train,2022-11,country_cn,country_us,-0.23470171883973237,-0.036389291286468506
tgn,train,2022-11,country_cn,country_vn,-0.26133610872200824,-0.10935431718826294
tgn,train,2022-11,country_de,country_203,0.005869174347249475,0.011569701135158539
tgn,train,2022-11,country_de,country_344,0.2823119104454672,0.031721457839012146
tgn,train,2022-11,country_de,country_372,0.027572972458316684,-0.010452941060066223
tgn,train,2022-11,country_de,country_380,-0.1388096882006408,0.04002787172794342
tgn,train,2022-11,country_de,country_cn,-0.23935086744752396,-0.004020988941192627
tgn,train,2022-11,country_de,country_fr,-0.001423971941067882,-0.031118594110012054
tgn,train,2022-11,country_de,country_gb,0.09571589619830523,-0.009396784007549286
tgn,train,2022-11,country_de,country_in,0.4571564290591265,-0.0253666490316391
tgn,train,2022-11,country_de,country_jp,-0.0809831156114267,-0.03347734361886978
tgn,train,2022-11,country_de,country_kr,-0.3570841221915153,-0.03814905881881714
tgn,train,2022-11,country_de,country_mx,0.16638478215609995,-0.03693951666355133
tgn,train,2022-11,country_de,country_my,-0.0556341358626583,-0.027557067573070526
tgn,train,2022-11,country_de,country_ph,0.03292020348129458,-0.028780043125152588
tgn,train,2022-11,country_de,country_sg,-0.17682372587861675,-0.04822156950831413
tgn,train,2022-11,country_de,country_th,0.1282166102419985,-0.053871385753154755
tgn,train,2022-11,country_de,country_us,0.2843270119956337,0.015194281935691833
tgn,train,2022-11,country_de,country_vn,-0.3936011381099301,-0.07561001181602478
tgn,train,2022-11,country_fr,country_203,-0.010568959987926578,0.01633596420288086
tgn,train,2022-11,country_fr,country_344,-0.099345048553599,0.039654046297073364
tgn,train,2022-11,country_fr,country_372,-0.1725088307340021,0.0039785876870155334
tgn,train,2022-11,country_fr,country_380,0.5185099634017497,0.049675315618515015
tgn,train,2022-11,country_fr,country_cn,-0.07759547588296294,0.010914497077465057
tgn,train,2022-11,country_fr,country_de,-0.004088367899211004,-0.011914342641830444
tgn,train,2022-11,country_fr,country_gb,0.3408931489361471,-0.03442332148551941
tgn,train,2022-11,country_fr,country_in,0.651748263220334,-0.01122448593378067
tgn,train,2022-11,country_fr,country_jp,-0.02441920913716714,-0.016643837094306946
tgn,train,2022-11,country_fr,country_kr,-0.08809379267404809,-0.025023460388183594
tgn,train,2022-11,country_fr,country_mx,-0.28935377661510114,-0.020258933305740356
tgn,train,2022-11,country_fr,country_my,0.04138413933797816,-0.023001857101917267
tgn,train,2022-11,country_fr,country_ph,0.43752972628425874,-0.01359473168849945
tgn,train,2022-11,country_fr,country_sg,0.30550725874823376,-0.03046223521232605
tgn,train,2022-11,country_fr,country_th,-0.2720903954569236,-0.03960345685482025
tgn,train,2022-11,country_fr,country_us,0.46575727087002555,0.010747671127319336
tgn,train,2022-11,country_fr,country_vn,-0.16104796230208873,-0.0565013661980629
tgn,train,2022-11,country_gb,country_203,0.48313840021533816,0.1257343739271164
tgn,train,2022-11,country_gb,country_344,0.6014426759751195,0.12275627255439758
tgn,train,2022-11,country_gb,country_372,2.0498382251090823,0.11764271557331085
tgn,train,2022-11,country_gb,country_380,0.9464147368245036,0.11930835247039795
tgn,train,2022-11,country_gb,country_cn,-0.1288184190008291,0.01618202030658722
tgn,train,2022-11,country_gb,country_de,-0.24122548291520862,0.01335877925157547
tgn,train,2022-11,country_gb,country_fr,-0.13375160551442444,-0.0014800578355789185
tgn,train,2022-11,country_gb,country_in,0.45263420369525376,0.007098875939846039
tgn,train,2022-11,country_gb,country_jp,0.23041442923244024,-7.315725088119507e-05
tgn,train,2022-11,country_gb,country_kr,0.46784667098360777,-0.006994098424911499
tgn,train,2022-11,country_gb,country_mx,0.27371249680069576,-0.010709434747695923
tgn,train,2022-11,country_gb,country_my,-0.14882155203110686,0.015507407486438751
tgn,train,2022-11,country_gb,country_ph,0.4659241045810339,-0.01029197871685028
tgn,train,2022-11,country_gb,country_sg,-0.135770083889946,-0.008007712662220001
tgn,train,2022-11,country_gb,country_th,-0.35083143966543456,-0.022588729858398438
tgn,train,2022-11,country_gb,country_us,-0.04443404950392367,0.10138517618179321
tgn,train,2022-11,country_gb,country_vn,-0.053008010903634356,-0.028002433478832245
tgn,train,2022-11,country_in,country_203,-0.4056919910000479,0.04309383034706116
tgn,train,2022-11,country_in,country_344,-0.3268339453534193,0.021513119339942932
tgn,train,2022-11,country_in,country_372,47.3703397230923,0.04039505124092102
tgn,train,2022-11,country_in,country_380,-0.036426577130277284,0.018035024404525757
tgn,train,2022-11,country_in,country_cn,-0.22028545445330036,-0.03986881673336029
tgn,train,2022-11,country_in,country_de,-0.2770029613936581,-0.059321172535419464
tgn,train,2022-11,country_in,country_fr,-0.01231469591878621,-0.07832257449626923
tgn,train,2022-11,country_in,country_gb,-0.07471755652193333,0.04216761887073517
tgn,train,2022-11,country_in,country_jp,1.0822367974075533,-0.0711861103773117
tgn,train,2022-11,country_in,country_kr,-0.5445895214501069,-0.02316974103450775
tgn,train,2022-11,country_in,country_mx,0.18609170251935478,-0.07758364081382751
tgn,train,2022-11,country_in,country_my,-0.5502111112936933,-0.06962448358535767
tgn,train,2022-11,country_in,country_ph,-0.10899586650819862,-0.06427634507417679
tgn,train,2022-11,country_in,country_sg,-0.43722706226113944,-0.08108027279376984
tgn,train,2022-11,country_in,country_th,2.0227548753017377,-0.0673922747373581
tgn,train,2022-11,country_in,country_us,16.25584748208595,0.03065037727355957
tgn,train,2022-11,country_in,country_vn,-0.3229855626411331,-0.05439552664756775
tgn,train,2022-11,country_jp,country_203,-0.22683111399120878,0.01370212435722351
tgn,train,2022-11,country_jp,country_344,0.02947407789693754,0.041793644428253174
tgn,train,2022-11,country_jp,country_372,0.17833596874747987,-0.00937776267528534
tgn,train,2022-11,country_jp,country_380,0.12687885992792636,0.034525126218795776
tgn,train,2022-11,country_jp,country_cn,0.2156377765369506,0.010592788457870483
tgn,train,2022-11,country_jp,country_de,0.14354677500909918,-0.016988322138786316
tgn,train,2022-11,country_jp,country_fr,-0.38322972136961403,-0.023927226662635803
tgn,train,2022-11,country_jp,country_gb,-0.07103667365562963,-0.02021714299917221
tgn,train,2022-11,country_jp,country_in,0.2811937070644788,-0.011093594133853912
tgn,train,2022-11,country_jp,country_kr,0.33378732948382484,-0.025166839361190796
tgn,train,2022-11,country_jp,country_mx,0.13028601717093707,-0.025139644742012024
tgn,train,2022-11,country_jp,country_my,0.050810161160110875,-0.02124509960412979
tgn,train,2022-11,country_jp,country_ph,-0.2680332962171078,-0.014347083866596222
tgn,train,2022-11,country_jp,country_sg,-0.24515112495526845,-0.03411267697811127
tgn,train,2022-11,country_jp,country_th,0.25444386614960685,-0.035755932331085205
tgn,train,2022-11,country_jp,country_us,-0.024641511936223808,0.021082833409309387
tgn,train,2022-11,country_jp,country_vn,-0.08600006494692447,-0.0647888332605362
tgn,train,2022-11,country_kr,country_203,-0.1308434566226588,0.05118182301521301
tgn,train,2022-11,country_kr,country_344,-0.2662823712520794,0.046361684799194336
tgn,train,2022-11,country_kr,country_372,0.09258562607103196,0.05472922325134277
tgn,train,2022-11,country_kr,country_380,0.5167150109337406,0.04334491491317749
tgn,train,2022-11,country_kr,country_cn,-0.12606161445364283,-0.006638132035732269
tgn,train,2022-11,country_kr,country_de,0.22217524789627896,-0.043768107891082764
tgn,train,2022-11,country_kr,country_fr,0.21294608373459095,-0.05485876277089119
tgn,train,2022-11,country_kr,country_gb,0.04686285100496969,0.05922845005989075
tgn,train,2022-11,country_kr,country_in,0.22966281832869037,-0.0005312114953994751
tgn,train,2022-11,country_kr,country_jp,-0.5008460439570396,-0.048004597425460815
tgn,train,2022-11,country_kr,country_mx,0.30484088256113717,-0.04658449441194534
tgn,train,2022-11,country_kr,country_my,0.009432456794781439,-0.037928998470306396
tgn,train,2022-11,country_kr,country_ph,-0.35788437311235,-0.03606848418712616
tgn,train,2022-11,country_kr,country_sg,0.14274430624438153,-0.05745668709278107
tgn,train,2022-11,country_kr,country_th,-0.21610620202158967,-0.047852687537670135
tgn,train,2022-11,country_kr,country_us,0.16644267144822772,0.04660004377365112
tgn,train,2022-11,country_kr,country_vn,-0.04132928542529077,-0.033602334558963776
tgn,train,2022-11,country_mx,country_203,0.018080719151105137,-0.004137597978115082
tgn,train,2022-11,country_mx,country_344,1.6246927729127547,0.005313470959663391
tgn,train,2022-11,country_mx,country_372,-0.13866108489061066,-0.020632192492485046
tgn,train,2022-11,country_mx,country_380,-0.6203657422861857,0.0031590089201927185
tgn,train,2022-11,country_mx,country_cn,-0.17014751569499634,-0.03773760050535202
tgn,train,2022-11,country_mx,country_de,-0.06909000926680414,-0.04682495445013046
tgn,train,2022-11,country_mx,country_fr,1.40686009896036,-0.067524254322052
tgn,train,2022-11,country_mx,country_gb,-0.18310546723544377,-0.02499096840620041
tgn,train,2022-11,country_mx,country_in,0.7673933240791266,-0.05324317142367363
tgn,train,2022-11,country_mx,country_jp,0.03386811756910991,-0.0592108778655529
tgn,train,2022-11,country_mx,country_kr,-0.4216230439434681,-0.06639865040779114
tgn,train,2022-11,country_mx,country_my,-0.39613904523488663,-0.044110625982284546
tgn,train,2022-11,country_mx,country_ph,0.2635853438738653,-0.06520619243383408
tgn,train,2022-11,country_mx,country_sg,-0.016413166740041226,-0.06867696344852448
tgn,train,2022-11,country_mx,country_th,0.2161965266833263,-0.08160135895013809
tgn,train,2022-11,country_mx,country_us,0.14191183360287268,0.010847166180610657
tgn,train,2022-11,country_mx,country_vn,0.16796894356087766,-0.0749691054224968
tgn,train,2022-11,country_my,country_203,0.48043050194924464,0.015460953116416931
tgn,train,2022-11,country_my,country_344,-0.07199813502883315,0.03061230480670929
tgn,train,2022-11,country_my,country_372,5.540083492616557,0.0005397796630859375
tgn,train,2022-11,country_my,country_380,-0.24281737259673244,0.01767335832118988
tgn,train,2022-11,country_my,country_cn,-0.022397139285090965,0.0005346089601516724
tgn,train,2022-11,country_my,country_de,0.07454128451653008,-0.014805659651756287
tgn,train,2022-11,country_my,country_fr,-0.3218958632672254,-0.03299102187156677
tgn,train,2022-11,country_my,country_gb,-0.09937387491677215,0.03549140691757202
tgn,train,2022-11,country_my,country_in,1.6790202214886372,-0.022288553416728973
tgn,train,2022-11,country_my,country_jp,-0.08415472087767266,-0.026141710579395294
tgn,train,2022-11,country_my,country_kr,-0.044660078936774386,-0.040448375046253204
tgn,train,2022-11,country_my,country_mx,-0.20657517962365887,-0.031432315707206726
tgn,train,2022-11,country_my,country_ph,0.5484193182053393,-0.032186105847358704
tgn,train,2022-11,country_my,country_sg,-0.10034922815839147,-0.03485923260450363
tgn,train,2022-11,country_my,country_th,0.37864846497116006,-0.047950804233551025
tgn,train,2022-11,country_my,country_us,-0.180761499988181,0.03839081525802612
tgn,train,2022-11,country_my,country_vn,-0.20689682882893232,-0.0681995153427124
tgn,train,2022-11,country_ph,country_203,-0.4063243556243864,0.000660136342048645
tgn,train,2022-11,country_ph,country_344,0.3056779351610975,0.01913835108280182
tgn,train,2022-11,country_ph,country_372,-0.27504581732292943,-0.014808788895606995
tgn,train,2022-11,country_ph,country_380,-0.33425156348254603,0.008383378386497498
tgn,train,2022-11,country_ph,country_cn,-0.05474086513496856,-0.026275575160980225
tgn,train,2022-11,country_ph,country_de,0.14454276019987805,-0.04490801692008972
tgn,train,2022-11,country_ph,country_fr,-0.18258686153012815,-0.05876568704843521
tgn,train,2022-11,country_ph,country_gb,0.25278973535341553,-0.016409970819950104
tgn,train,2022-11,country_ph,country_in,-0.22741650384534504,-0.04884999245405197
tgn,train,2022-11,country_ph,country_jp,0.09368741442802889,-0.053213171660900116
tgn,train,2022-11,country_ph,country_kr,-0.09775865245634707,-0.05781777948141098
tgn,train,2022-11,country_ph,country_mx,0.254057337065148,-0.0618513822555542
tgn,train,2022-11,country_ph,country_my,-0.04862419765237675,-0.0404231995344162
tgn,train,2022-11,country_ph,country_sg,-0.41598485455896606,-0.06625425070524216
tgn,train,2022-11,country_ph,country_th,-0.12950955163871802,-0.0705142468214035
tgn,train,2022-11,country_ph,country_us,-0.11910092508829576,0.006033346056938171
tgn,train,2022-11,country_ph,country_vn,-0.04368438370894725,-0.08490191400051117
tgn,train,2022-11,country_sg,country_203,-0.31359865049036106,0.008144095540046692
tgn,train,2022-11,country_sg,country_344,0.04398195024338272,0.04132983088493347
tgn,train,2022-11,country_sg,country_372,0.8983361189675038,-0.012180395424365997
tgn,train,2022-11,country_sg,country_380,-0.055456585678296054,0.027493178844451904
tgn,train,2022-11,country_sg,country_cn,0.014068218511915108,0.011817298829555511
tgn,train,2022-11,country_sg,country_de,-0.2043540338541901,-0.012624815106391907
tgn,train,2022-11,country_sg,country_fr,-0.26158083712454455,-0.021593153476715088
tgn,train,2022-11,country_sg,country_gb,-0.14502010836852916,0.01408471167087555
tgn,train,2022-11,country_sg,country_in,-0.16697918625451424,-0.0014731138944625854
tgn,train,2022-11,country_sg,country_jp,-0.03578930600189849,-0.017390228807926178
tgn,train,2022-11,country_sg,country_kr,0.16168446531780373,-0.022027119994163513
tgn,train,2022-11,country_sg,country_mx,0.2883240646577908,-0.02306896448135376
tgn,train,2022-11,country_sg,country_my,-0.1736610914809836,-0.014526821672916412
tgn,train,2022-11,country_sg,country_ph,-0.21736452714582274,-0.009842783212661743
tgn,train,2022-11,country_sg,country_th,-0.25106475108206816,-0.02972973883152008
tgn,train,2022-11,country_sg,country_us,0.12202629166795514,0.04815173149108887
tgn,train,2022-11,country_sg,country_vn,-0.5022655590083306,-0.05988890677690506
tgn,train,2022-11,country_th,country_203,0.06392999868086437,0.04999738931655884
tgn,train,2022-11,country_th,country_344,-0.2053367666215918,0.03870071470737457
tgn,train,2022-11,country_th,country_372,-0.05245231449502818,0.04023611545562744
tgn,train,2022-11,country_th,country_380,-0.13320816376401845,0.03480732440948486
tgn,train,2022-11,country_th,country_cn,-0.01819206591791582,0.0038739964365959167
tgn,train,2022-11,country_th,country_de,0.016288552521898196,-0.0027253031730651855
tgn,train,2022-11,country_th,country_fr,-0.18202695604446198,-0.033750489354133606
tgn,train,2022-11,country_th,country_gb,0.11895025402080124,0.18536514043807983
tgn,train,2022-11,country_th,country_in,2.753241363815163,-0.00536327064037323
tgn,train,2022-11,country_th,country_jp,0.2808141093024033,-0.02049356698989868
tgn,train,2022-11,country_th,country_kr,-0.05712388440049655,-0.020835429430007935
tgn,train,2022-11,country_th,country_mx,-0.011331743330456258,-0.03032572567462921
tgn,train,2022-11,country_th,country_my,-0.1093664256473938,0.007323868572711945
tgn,train,2022-11,country_th,country_ph,-0.06602522145572669,-0.02454400807619095
tgn,train,2022-11,country_th,country_sg,-0.20969806142949424,-0.021604053676128387
tgn,train,2022-11,country_th,country_us,0.15999723566711088,0.08064162731170654
tgn,train,2022-11,country_th,country_vn,0.3662209849186147,-0.02530548721551895
tgn,train,2022-11,country_tw,country_203,-0.37207774141788424,0.01879623532295227
tgn,train,2022-11,country_tw,country_344,-0.09768761099329029,0.04880024492740631
tgn,train,2022-11,country_tw,country_372,1.3741246617994,-0.004496470093727112
tgn,train,2022-11,country_tw,country_380,-0.046767617342627306,0.043444424867630005
tgn,train,2022-11,country_tw,country_cn,-0.005978906646114758,0.01849786937236786
tgn,train,2022-11,country_tw,country_de,0.005181682017603301,-0.009214818477630615
tgn,train,2022-11,country_tw,country_fr,-0.1321151049315619,-0.015832021832466125
tgn,train,2022-11,country_tw,country_gb,0.04509025211018875,-0.015234328806400299
tgn,train,2022-11,country_tw,country_in,0.7546650594301731,-0.00425507128238678
tgn,train,2022-11,country_tw,country_jp,0.105370282912292,-0.010855421423912048
tgn,train,2022-11,country_tw,country_kr,-0.006498159901619531,-0.01689734309911728
tgn,train,2022-11,country_tw,country_mx,0.06895793516709539,-0.02067761868238449
tgn,train,2022-11,country_tw,country_my,0.05722652553071816,-0.01465240865945816
tgn,train,2022-11,country_tw,country_ph,-0.020933908352182378,-0.006942853331565857
tgn,train,2022-11,country_tw,country_sg,-0.22681996521203301,-0.026314981281757355
tgn,train,2022-11,country_tw,country_th,-0.16277195144067452,-0.02907537668943405
tgn,train,2022-11,country_tw,country_us,-0.02541855154487745,0.025233343243598938
tgn,train,2022-11,country_tw,country_vn,-0.19209156506344566,-0.038075968623161316
tgn,train,2022-11,country_us,country_203,-0.22347667706675592,0.020855456590652466
tgn,train,2022-11,country_us,country_344,-0.21645656900184493,0.026940464973449707
tgn,train,2022-11,country_us,country_372,0.18491096652096253,0.009400755167007446
tgn,train,2022-11,country_us,country_380,0.4716799540056483,0.017065823078155518
tgn,train,2022-11,country_us,country_cn,-0.12281718769821759,-0.11624962091445923
tgn,train,2022-11,country_us,country_de,0.02205582447577807,-0.1177690327167511
tgn,train,2022-11,country_us,country_fr,-0.4838963540283251,-0.1290731430053711
tgn,train,2022-11,country_us,country_gb,-0.029251520568357697,0.0054579973220825195
tgn,train,2022-11,country_us,country_in,-0.6145839400652227,-0.13513022661209106
tgn,train,2022-11,country_us,country_jp,-0.19302967305245583,-0.1269533932209015
tgn,train,2022-11,country_us,country_kr,0.00011672764527184604,-0.13747172057628632
tgn,train,2022-11,country_us,country_mx,0.010437055466155212,-0.1479334831237793
tgn,train,2022-11,country_us,country_my,-0.22333428340392186,-0.11491966247558594
tgn,train,2022-11,country_us,country_ph,0.029105365653572544,-0.13495564460754395
tgn,train,2022-11,country_us,country_sg,-0.41334057531465446,-0.14064212143421173
tgn,train,2022-11,country_us,country_th,-0.1192229562779367,-0.14059928059577942
tgn,train,2022-11,country_us,country_vn,-0.3278953399023779,-0.1692502498626709
tgn,train,2022-11,country_vn,country_203,0.08171470480039973,0.06393396854400635
tgn,train,2022-11,country_vn,country_344,0.6463839347017647,0.05726070702075958
tgn,train,2022-11,country_vn,country_372,2.7503149929185944,0.06987182796001434
tgn,train,2022-11,country_vn,country_380,-0.7278043191624577,0.056053876876831055
tgn,train,2022-11,country_vn,country_cn,0.4308039821007724,0.024139374494552612
tgn,train,2022-11,country_vn,country_de,0.16371263161808192,-0.015498317778110504
tgn,train,2022-11,country_vn,country_fr,0.007802061403581012,-0.02322334051132202
tgn,train,2022-11,country_vn,country_gb,0.9651665811756142,0.0810859203338623
tgn,train,2022-11,country_vn,country_in,1.0403366790822375,0.027739495038986206
tgn,train,2022-11,country_vn,country_jp,-0.47391851481413544,-0.02084687352180481
tgn,train,2022-11,country_vn,country_kr,0.4372843237366857,0.023070871829986572
tgn,train,2022-11,country_vn,country_mx,-0.44701025655964055,-0.025303401052951813
tgn,train,2022-11,country_vn,country_my,-0.04953747308427027,-0.02217763662338257
tgn,train,2022-11,country_vn,country_ph,0.011855680890693342,-0.01024838536977768
tgn,train,2022-11,country_vn,country_sg,-0.23966833911537683,-0.03811080753803253
tgn,train,2022-11,country_vn,country_th,-0.22434783196268246,-0.019264645874500275
tgn,train,2022-11,country_vn,country_us,0.43569344020595063,0.06967060267925262
tgn,train,2022-12,country_203,country_344,0.8007573198822757,0.10554726421833038
tgn,train,2022-12,country_203,country_372,1.6316922086470478,0.09457339346408844
tgn,train,2022-12,country_203,country_380,0.21986884633318146,0.11420617997646332
tgn,train,2022-12,country_203,country_cn,-0.30447137926602924,-0.06030868738889694
tgn,train,2022-12,country_203,country_de,0.19740189128892818,-0.07082714140415192
tgn,train,2022-12,country_203,country_fr,13.116651511342297,-0.046518757939338684
tgn,train,2022-12,country_203,country_gb,-0.049439813352340836,-0.06217051297426224
tgn,train,2022-12,country_203,country_in,-0.32080333784034376,-0.10978308320045471
tgn,train,2022-12,country_203,country_jp,-0.06691015080943569,-0.09342426061630249
tgn,train,2022-12,country_203,country_kr,0.34915976345212424,-0.08941633999347687
tgn,train,2022-12,country_203,country_mx,0.6443463191130736,-0.1196126714348793
tgn,train,2022-12,country_203,country_my,-0.16750011012101643,-0.10006388276815414
tgn,train,2022-12,country_203,country_ph,0.14478215157974772,-0.1361047327518463
tgn,train,2022-12,country_203,country_sg,0.14904509011218192,-0.09322697669267654
tgn,train,2022-12,country_203,country_th,-0.1949548896995073,-0.1094595342874527
tgn,train,2022-12,country_203,country_us,2.2500939687729344,0.0372699499130249
tgn,train,2022-12,country_203,country_vn,-0.009706645732470086,-0.15868911147117615
tgn,train,2022-12,country_344,country_203,0.08605830034059939,0.11031240224838257
tgn,train,2022-12,country_344,country_372,-0.4168921506444543,0.10038325190544128
tgn,train,2022-12,country_344,country_380,0.1287353940215869,0.09757548570632935
tgn,train,2022-12,country_344,country_cn,-0.5488830695346922,-0.05790209770202637
tgn,train,2022-12,country_344,country_de,-0.5459409215642299,-0.08226843923330307
tgn,train,2022-12,country_344,country_fr,-0.10384484953113521,-0.058373697102069855
tgn,train,2022-12,country_344,country_gb,-0.7029264847458636,-0.02615322917699814
tgn,train,2022-12,country_344,country_in,-0.9719583031438201,-0.06250260770320892
tgn,train,2022-12,country_344,country_jp,-0.8253588531653182,-0.1021781712770462
tgn,train,2022-12,country_344,country_kr,-0.4088662970647875,-0.07340889424085617
tgn,train,2022-12,country_344,country_mx,-0.2574148457419955,-0.12115360051393509
tgn,train,2022-12,country_344,country_my,-0.22791434398466576,-0.10257207602262497
tgn,train,2022-12,country_344,country_ph,0.1980476258414652,-0.13154524564743042
tgn,train,2022-12,country_344,country_sg,-0.8451644840524185,-0.09175914525985718
tgn,train,2022-12,country_344,country_th,-0.13560786843668682,-0.08780769258737564
tgn,train,2022-12,country_344,country_us,0.07824201922233123,0.06313356757164001
tgn,train,2022-12,country_344,country_vn,0.6701559127624745,-0.1502518355846405
tgn,train,2022-12,country_372,country_203,-0.10436455469180664,0.11917072534561157
tgn,train,2022-12,country_372,country_344,0.775680086850517,0.12161210179328918
tgn,train,2022-12,country_372,country_380,-0.41135734863338025,0.11024479568004608
tgn,train,2022-12,country_372,country_cn,-0.7423158547132664,-0.03768259286880493
tgn,train,2022-12,country_372,country_de,0.21000158025751037,-0.06357001513242722
tgn,train,2022-12,country_372,country_fr,-0.22312350454902732,-0.05002494156360626
tgn,train,2022-12,country_372,country_gb,-0.7326578739070786,-0.005799934267997742
tgn,train,2022-12,country_372,country_in,-0.9989665038725767,-0.04307318478822708
tgn,train,2022-12,country_372,country_jp,-0.13821172014125016,-0.08416910469532013
tgn,train,2022-12,country_372,country_kr,-0.2508109577005192,-0.08101972192525864
tgn,train,2022-12,country_372,country_mx,3.986972268771285,-0.1300514042377472
tgn,train,2022-12,country_372,country_my,-0.32005677579761305,-0.08152797073125839
tgn,train,2022-12,country_372,country_ph,0.23860784111649308,-0.13372895121574402
tgn,train,2022-12,country_372,country_sg,0.1458523488406727,-0.08635278791189194
tgn,train,2022-12,country_372,country_th,1.7437946012706587,-0.11656694859266281
tgn,train,2022-12,country_372,country_us,-0.3960293546400832,0.11190594732761383
tgn,train,2022-12,country_372,country_vn,-0.17067340378621454,-0.1298484206199646
tgn,train,2022-12,country_380,country_203,0.2110455049104082,0.01937626302242279
tgn,train,2022-12,country_380,country_344,0.1637731930573199,0.021145015954971313
tgn,train,2022-12,country_380,country_372,0.10267401608378911,0.009652510285377502
tgn,train,2022-12,country_380,country_cn,0.04320497870310853,-0.07379822432994843
tgn,train,2022-12,country_380,country_de,0.2352155814676975,-0.09116585552692413
tgn,train,2022-12,country_380,country_fr,-0.04646547217816309,-0.05376441776752472
tgn,train,2022-12,country_380,country_gb,-0.09434964176998084,-0.14254555106163025
tgn,train,2022-12,country_380,country_in,-0.24421810026775176,-0.12193252891302109
tgn,train,2022-12,country_380,country_jp,0.15164926880470325,-0.10611961036920547
tgn,train,2022-12,country_380,country_kr,-0.3476797505711892,-0.10748730599880219
tgn,train,2022-12,country_380,country_mx,-0.16545107150373675,-0.12449167668819427
tgn,train,2022-12,country_380,country_my,0.08149136339026827,-0.11035457998514175
tgn,train,2022-12,country_380,country_ph,0.3046029066263371,-0.14562642574310303
tgn,train,2022-12,country_380,country_sg,0.07137597855029149,-0.10090887546539307
tgn,train,2022-12,country_380,country_th,-0.1602051377595324,-0.1140848845243454
tgn,train,2022-12,country_380,country_us,0.07612100004844949,-0.016126349568367004
tgn,train,2022-12,country_380,country_vn,-0.0327886623966165,-0.1738308072090149
tgn,train,2022-12,country_50,country_de,0.5765202398175436,0.015890419483184814
tgn,train,2022-12,country_50,country_jp,0.008707581094632355,0.019203081727027893
tgn,train,2022-12,country_50,country_my,0.0666157713694736,0.0012211650609970093
tgn,train,2022-12,country_50,country_sg,0.08481321839730159,-6.866455078125e-05
tgn,train,2022-12,country_cn,country_203,-0.06143672325901019,-0.02138201892375946
tgn,train,2022-12,country_cn,country_344,-0.35919231306507055,-0.017543628811836243
tgn,train,2022-12,country_cn,country_372,-0.17238389871921989,-0.028222128748893738
tgn,train,2022-12,country_cn,country_380,0.13597479993510855,0.00023914873600006104
tgn,train,2022-12,country_cn,country_de,-0.18356160795482698,-0.0517997071146965
tgn,train,2022-12,country_cn,country_fr,-0.2013256484812065,-0.03788609057664871
tgn,train,2022-12,country_cn,country_gb,0.2367441491171972,0.036401718854904175
tgn,train,2022-12,country_cn,country_in,0.4257370944807575,-0.007763206958770752
tgn,train,2022-12,country_cn,country_jp,-0.11300015720025537,-0.059560783207416534
tgn,train,2022-12,country_cn,country_kr,-0.23847867373347642,-0.03696642071008682
tgn,train,2022-12,country_cn,country_mx,-0.180706210270654,-0.07153122127056122
tgn,train,2022-12,country_cn,country_my,-0.10141658091774615,-0.058685410767793655
tgn,train,2022-12,country_cn,country_ph,-0.1317193958194397,-0.05919072404503822
tgn,train,2022-12,country_cn,country_sg,-0.18779896642353455,-0.034437552094459534
tgn,train,2022-12,country_cn,country_th,0.03349927105073637,-0.013596206903457642
tgn,train,2022-12,country_cn,country_us,-0.21179685899123232,0.015460282564163208
tgn,train,2022-12,country_cn,country_vn,-0.33055472769328587,-0.06954919546842575
tgn,train,2022-12,country_de,country_203,1.268241954788146,-0.02203863114118576
tgn,train,2022-12,country_de,country_344,-0.06848551096131868,-0.026084929704666138
tgn,train,2022-12,country_de,country_372,-0.3066194947186127,-0.03210281580686569
tgn,train,2022-12,country_de,country_380,0.09637825734192251,0.00993165373802185
tgn,train,2022-12,country_de,country_cn,-0.13683396962455763,-0.02764183282852173
tgn,train,2022-12,country_de,country_fr,0.12495731225173635,-0.013662442564964294
tgn,train,2022-12,country_de,country_gb,0.0712830659766209,0.016833394765853882
tgn,train,2022-12,country_de,country_in,-0.22501716254454965,-0.014554031193256378
tgn,train,2022-12,country_de,country_jp,-0.026496775518063214,-0.04388353228569031
tgn,train,2022-12,country_de,country_kr,-0.05112227333595089,-0.02506209909915924
tgn,train,2022-12,country_de,country_mx,0.16600429205842784,-0.0487639494240284
tgn,train,2022-12,country_de,country_my,0.10481263467455418,-0.04205470532178879
tgn,train,2022-12,country_de,country_ph,0.1565172821931525,-0.04541260004043579
tgn,train,2022-12,country_de,country_sg,-0.07276995296889181,-0.031071946024894714
tgn,train,2022-12,country_de,country_th,0.5586548262086519,-0.0061043500900268555
tgn,train,2022-12,country_de,country_us,0.30249825421603793,0.031670331954956055
tgn,train,2022-12,country_de,country_vn,-0.3799396024304669,-0.056633029133081436
tgn,train,2022-12,country_fr,country_203,0.1281583713630649,0.03763118386268616
tgn,train,2022-12,country_fr,country_344,-0.42052914443722944,0.03922942280769348
tgn,train,2022-12,country_fr,country_372,1.699135581365928,0.04508735239505768
tgn,train,2022-12,country_fr,country_380,0.05410598270575166,0.032575756311416626
tgn,train,2022-12,country_fr,country_cn,-0.28107081731059735,-0.049242135137319565
tgn,train,2022-12,country_fr,country_de,-0.7273613606892071,-0.05824698135256767
tgn,train,2022-12,country_fr,country_gb,-0.11529801172637577,0.00028558075428009033
tgn,train,2022-12,country_fr,country_in,0.29673014646486123,-0.05048055201768875
tgn,train,2022-12,country_fr,country_jp,0.10622376732827117,-0.0679134801030159
tgn,train,2022-12,country_fr,country_kr,-0.07715625285852552,-0.04534594714641571
tgn,train,2022-12,country_fr,country_mx,0.13116345162811277,0.006949149072170258
tgn,train,2022-12,country_fr,country_my,-0.021620916036208193,-0.06325596570968628
tgn,train,2022-12,country_fr,country_ph,0.03661475959000476,-0.032307714223861694
tgn,train,2022-12,country_fr,country_sg,0.07217489862095514,-0.04881457984447479
tgn,train,2022-12,country_fr,country_th,-0.2621648116155445,-0.0374002605676651
tgn,train,2022-12,country_fr,country_us,-0.0936057725456472,-0.006004929542541504
tgn,train,2022-12,country_fr,country_vn,-0.07029122969821437,-0.043896615505218506
tgn,train,2022-12,country_gb,country_203,0.40660143984160324,0.0729430764913559
tgn,train,2022-12,country_gb,country_344,-0.36576714286385786,0.07527689635753632
tgn,train,2022-12,country_gb,country_372,-0.8049785129883927,0.07275429368019104
tgn,train,2022-12,country_gb,country_380,0.10535810745230037,0.07764099538326263
tgn,train,2022-12,country_gb,country_cn,0.016125427854520265,-0.00667407363653183
tgn,train,2022-12,country_gb,country_de,0.10247975191114742,-0.026178210973739624
tgn,train,2022-12,country_gb,country_fr,0.36616267739662933,-0.0034349486231803894
tgn,train,2022-12,country_gb,country_in,-0.829637061585068,0.030708909034729004
tgn,train,2022-12,country_gb,country_jp,-0.17490655102950123,-0.042796216905117035
tgn,train,2022-12,country_gb,country_kr,-0.5575687133332848,-0.019576966762542725
tgn,train,2022-12,country_gb,country_mx,-0.15251785580031577,-0.04243382811546326
tgn,train,2022-12,country_gb,country_my,-0.26705481027367295,-0.036839134991168976
tgn,train,2022-12,country_gb,country_ph,0.2947983891153098,-0.043112531304359436
tgn,train,2022-12,country_gb,country_sg,-0.2683957534608357,0.0023939386010169983
tgn,train,2022-12,country_gb,country_th,-0.03072109224550615,0.015882238745689392
tgn,train,2022-12,country_gb,country_us,-0.08921248848760364,0.06422936916351318
tgn,train,2022-12,country_gb,country_vn,-0.1084074560524329,-0.052093081176280975
tgn,train,2022-12,country_in,country_203,-0.852660337408647,-0.02171766757965088
tgn,train,2022-12,country_in,country_344,-0.4305172208198092,-0.01026821881532669
tgn,train,2022-12,country_in,country_372,22.546465990881867,-0.016963839530944824
tgn,train,2022-12,country_in,country_380,-0.1817867962984123,-0.016502104699611664
tgn,train,2022-12,country_in,country_cn,-0.2707931601462725,-0.028346218168735504
tgn,train,2022-12,country_in,country_de,-0.2034811938360892,-0.0446707159280777
tgn,train,2022-12,country_in,country_fr,-0.2859764506322945,-0.044457755982875824
tgn,train,2022-12,country_in,country_gb,0.1350495851053789,0.05115649104118347
tgn,train,2022-12,country_in,country_jp,4.136892094265204,-0.061851054430007935
tgn,train,2022-12,country_in,country_kr,3.141806981154263,-0.03791271150112152
tgn,train,2022-12,country_in,country_mx,0.11768853164036248,-0.062151335179805756
tgn,train,2022-12,country_in,country_my,-0.5812208825623387,-0.055356863886117935
tgn,train,2022-12,country_in,country_ph,-0.643236534598273,-0.06802597641944885
tgn,train,2022-12,country_in,country_sg,0.7126119053342197,-0.02156805992126465
tgn,train,2022-12,country_in,country_th,1.4574492742993572,-0.0013662725687026978
tgn,train,2022-12,country_in,country_us,17.530348570912444,0.033796414732933044
tgn,train,2022-12,country_in,country_vn,-0.6149479550268889,-0.06426382809877396
tgn,train,2022-12,country_jp,country_203,0.009396541391965966,-0.01300550252199173
tgn,train,2022-12,country_jp,country_344,-0.23687595160314048,-0.011766612529754639
tgn,train,2022-12,country_jp,country_372,1.0858916159690568,-0.030580952763557434
tgn,train,2022-12,country_jp,country_380,0.1158024448497931,0.010791555047035217
tgn,train,2022-12,country_jp,country_cn,-0.052545330260913445,-0.019495278596878052
tgn,train,2022-12,country_jp,country_de,0.06592107236661934,-0.03142668306827545
tgn,train,2022-12,country_jp,country_fr,-0.26302583627066056,-0.01162654161453247
tgn,train,2022-12,country_jp,country_gb,-0.09418168960369111,-0.012320168316364288
tgn,train,2022-12,country_jp,country_in,0.3519845610188842,-0.013339117169380188
tgn,train,2022-12,country_jp,country_kr,0.48167786385978634,-0.01649159938097
tgn,train,2022-12,country_jp,country_mx,-0.15600753841167603,-0.04183162748813629
tgn,train,2022-12,country_jp,country_my,0.045721171904663654,-0.03324786573648453
tgn,train,2022-12,country_jp,country_ph,-0.13872941100889993,-0.03645738959312439
tgn,train,2022-12,country_jp,country_sg,-0.5305434581049953,-0.022266536951065063
tgn,train,2022-12,country_jp,country_th,-0.07057668579215143,0.00446484237909317
tgn,train,2022-12,country_jp,country_us,-0.04205687621481335,0.030240222811698914
tgn,train,2022-12,country_jp,country_vn,0.4613825514373079,-0.06446107476949692
tgn,train,2022-12,country_kr,country_203,0.32431000876821553,-0.005737192928791046
tgn,train,2022-12,country_kr,country_344,-0.5521602677557769,0.0038203448057174683
tgn,train,2022-12,country_kr,country_372,-0.31670954706800475,-0.013604328036308289
tgn,train,2022-12,country_kr,country_380,1.8334640355671101,-0.014400988817214966
tgn,train,2022-12,country_kr,country_cn,-0.3671619480204809,-0.031142979860305786
tgn,train,2022-12,country_kr,country_de,0.5203052057510045,-0.055904410779476166
tgn,train,2022-12,country_kr,country_fr,0.9642483525722678,-0.04666024446487427
tgn,train,2022-12,country_kr,country_gb,-0.27883344555285583,0.048960089683532715
tgn,train,2022-12,country_kr,country_in,0.016473837527148212,0.007214993238449097
tgn,train,2022-12,country_kr,country_jp,-0.46472862069465554,-0.07231214642524719
tgn,train,2022-12,country_kr,country_mx,0.24503361403747467,-0.06782741844654083
tgn,train,2022-12,country_kr,country_my,0.0026797182809216898,-0.057045020163059235
tgn,train,2022-12,country_kr,country_ph,-0.5093528210922226,-0.06700855493545532
tgn,train,2022-12,country_kr,country_sg,-0.05522622727965183,-0.02199355512857437
tgn,train,2022-12,country_kr,country_th,-0.05260367828994242,-0.005565918982028961
tgn,train,2022-12,country_kr,country_us,0.09685784906407133,0.04786016047000885
tgn,train,2022-12,country_kr,country_vn,-0.26848388677294305,-0.07873733341693878
tgn,train,2022-12,country_mx,country_203,0.6169608436468011,0.01911991834640503
tgn,train,2022-12,country_mx,country_344,-0.3194232215403833,0.026085302233695984
tgn,train,2022-12,country_mx,country_372,-0.44636724771213354,0.03367073833942413
tgn,train,2022-12,country_mx,country_380,0.32492874013449496,-0.0016136690974235535
tgn,train,2022-12,country_mx,country_cn,-0.07898709259656382,-0.028651081025600433
tgn,train,2022-12,country_mx,country_de,0.28739381744820175,-0.05560818314552307
tgn,train,2022-12,country_mx,country_fr,-0.0734294206022862,-0.012301400303840637
tgn,train,2022-12,country_mx,country_gb,-0.3093006016263027,0.10411655902862549
tgn,train,2022-12,country_mx,country_in,63.294247957789686,0.0030881687998771667
tgn,train,2022-12,country_mx,country_jp,-0.2797349721680075,-0.07223247736692429
tgn,train,2022-12,country_mx,country_kr,-0.38136443274577936,-0.036759763956069946
tgn,train,2022-12,country_mx,country_my,-0.07271109236786323,-0.07087740302085876
tgn,train,2022-12,country_mx,country_ph,-0.18699728094113538,-0.05350209027528763
tgn,train,2022-12,country_mx,country_sg,0.12098962119065021,-0.021337270736694336
tgn,train,2022-12,country_mx,country_th,0.5044545896073032,-0.004448704421520233
tgn,train,2022-12,country_mx,country_us,-0.14479459801214675,0.06224051117897034
tgn,train,2022-12,country_mx,country_vn,-0.07150493085827397,-0.06906813383102417
tgn,train,2022-12,country_my,country_203,0.08033060308376437,-0.01516491174697876
tgn,train,2022-12,country_my,country_344,-0.2507307900375799,-0.006082624197006226
tgn,train,2022-12,country_my,country_372,-0.0821589567350639,-0.01692679524421692
tgn,train,2022-12,country_my,country_380,0.03581888114189667,-0.00044752657413482666
tgn,train,2022-12,country_my,country_cn,-0.33121371950753614,-0.023791901767253876
tgn,train,2022-12,country_my,country_de,0.03550793091129585,-0.04360867291688919
tgn,train,2022-12,country_my,country_fr,-0.13123712411184782,-0.022018879652023315
tgn,train,2022-12,country_my,country_gb,0.02715605650976215,0.04332561790943146
tgn,train,2022-12,country_my,country_in,3.9922981977188168,0.00617334246635437
tgn,train,2022-12,country_my,country_jp,-0.1593074488823889,-0.05278744176030159
tgn,train,2022-12,country_my,country_kr,0.17143133006121664,-0.02435925602912903
tgn,train,2022-12,country_my,country_mx,-0.2057163724887763,-0.05130339413881302
tgn,train,2022-12,country_my,country_ph,0.3098002742069559,-0.046598441898822784
tgn,train,2022-12,country_my,country_sg,-0.24711748296391362,-0.022485993802547455
tgn,train,2022-12,country_my,country_th,0.021416418308681552,-0.00026844441890716553
tgn,train,2022-12,country_my,country_us,-0.16081694374161262,0.05596047639846802
tgn,train,2022-12,country_my,country_vn,0.33828831686231703,-0.0740058645606041
tgn,train,2022-12,country_ph,country_203,-0.26427651018386755,0.017062664031982422
tgn,train,2022-12,country_ph,country_344,0.00788563167345378,0.02720576524734497
tgn,train,2022-12,country_ph,country_372,-0.002979907057376915,0.024618178606033325
tgn,train,2022-12,country_ph,country_380,0.1923589205231534,0.007669799029827118
tgn,train,2022-12,country_ph,country_cn,-0.2809491856967616,-0.016133978962898254
tgn,train,2022-12,country_ph,country_de,0.2014379998565827,-0.040690094232559204
tgn,train,2022-12,country_ph,country_fr,-0.12538617873039,-0.010690949857234955
tgn,train,2022-12,country_ph,country_gb,0.03995517153473979,0.12547552585601807
tgn,train,2022-12,country_ph,country_in,1.4856514988719876,0.01582084596157074
tgn,train,2022-12,country_ph,country_jp,-0.021962211191270294,-0.04964873939752579
tgn,train,2022-12,country_ph,country_kr,0.08833907821944194,-0.019242972135543823
tgn,train,2022-12,country_ph,country_mx,-0.199702354353358,-0.03357252478599548
tgn,train,2022-12,country_ph,country_my,0.09121354999618796,-0.04235583543777466
tgn,train,2022-12,country_ph,country_sg,-0.4386294759023655,-0.005430147051811218
tgn,train,2022-12,country_ph,country_th,-0.10400052859516297,0.01222352683544159
tgn,train,2022-12,country_ph,country_us,-0.15495250486976506,0.06340199708938599
tgn,train,2022-12,country_ph,country_vn,0.16598633711686067,-0.05089776590466499
tgn,train,2022-12,country_sg,country_203,-0.25404920619219795,-0.023794732987880707
tgn,train,2022-12,country_sg,country_344,-0.2191523414912213,-0.0032631829380989075
tgn,train,2022-12,country_sg,country_372,0.25046853993875423,-0.019512169063091278
tgn,train,2022-12,country_sg,country_380,-0.10167302453507292,-0.015551045536994934
tgn,train,2022-12,country_sg,country_cn,-0.27156141808793455,-0.019415386021137238
tgn,train,2022-12,country_sg,country_de,-0.14930627758661374,-0.036564894020557404
tgn,train,2022-12,country_sg,country_fr,0.4203397794349585,-0.033783458173274994
tgn,train,2022-12,country_sg,country_gb,-0.1562072860435781,0.045541852712631226
tgn,train,2022-12,country_sg,country_in,-0.7880294172755522,0.015765294432640076
tgn,train,2022-12,country_sg,country_jp,0.06056909084037261,-0.05288776755332947
tgn,train,2022-12,country_sg,country_kr,-0.09548400089526839,-0.026299916207790375
tgn,train,2022-12,country_sg,country_mx,-0.20875342165286231,-0.05504501238465309
tgn,train,2022-12,country_sg,country_my,-0.25883969754301467,-0.04276110976934433
tgn,train,2022-12,country_sg,country_ph,-0.07514284296873738,-0.05043517053127289
tgn,train,2022-12,country_sg,country_th,0.09081307061322466,0.007432945072650909
tgn,train,2022-12,country_sg,country_us,0.29664387212153076,0.042623355984687805
tgn,train,2022-12,country_sg,country_vn,-0.29340826321776237,-0.06347187608480453
tgn,train,2022-12,country_th,country_203,0.2201190880081515,0.01421213150024414
tgn,train,2022-12,country_th,country_344,-0.31742798640216996,0.022825509309768677
tgn,train,2022-12,country_th,country_372,-0.07449329928241848,0.014725744724273682
tgn,train,2022-12,country_th,country_380,-0.07047203687751193,0.006178654730319977
tgn,train,2022-12,country_th,country_cn,-0.32295229178796625,-0.005373150110244751
tgn,train,2022-12,country_th,country_de,0.12496176135622121,-0.030686914920806885
tgn,train,2022-12,country_th,country_fr,-0.09917359090889513,-0.018521234393119812
tgn,train,2022-12,country_th,country_gb,0.030024335495943983,0.09208135306835175
tgn,train,2022-12,country_th,country_in,2.2748420397845086,0.02686089277267456
tgn,train,2022-12,country_th,country_jp,0.08778556885083597,-0.05496755614876747
tgn,train,2022-12,country_th,country_kr,-0.10353285333087349,-0.017901979386806488
tgn,train,2022-12,country_th,country_mx,-0.13775481398250128,-0.04357118904590607
tgn,train,2022-12,country_th,country_my,-0.16661463452075106,-0.039677418768405914
tgn,train,2022-12,country_th,country_ph,-0.12508114119769154,-0.04625718295574188
tgn,train,2022-12,country_th,country_sg,-0.3077845977491418,0.002755090594291687
tgn,train,2022-12,country_th,country_us,0.5312422212031254,0.05908779799938202
tgn,train,2022-12,country_th,country_vn,0.3725417730522435,-0.04663499444723129
tgn,train,2022-12,country_tw,country_203,-0.1899229102777729,-0.023401759564876556
tgn,train,2022-12,country_tw,country_344,-0.21743655662488903,-0.0197383314371109
tgn,train,2022-12,country_tw,country_372,0.1785456809528187,-0.03534194082021713
tgn,train,2022-12,country_tw,country_380,0.5733221781950475,-0.00029172003269195557
tgn,train,2022-12,country_tw,country_cn,-0.2833459382477922,-0.01614316552877426
tgn,train,2022-12,country_tw,country_de,0.2709359170469504,-0.026857823133468628
tgn,train,2022-12,country_tw,country_fr,-0.06353745554358005,-0.008224867284297943
tgn,train,2022-12,country_tw,country_gb,0.19625645142903747,0.021205931901931763
tgn,train,2022-12,country_tw,country_in,2.459639646455033,-0.008705958724021912
tgn,train,2022-12,country_tw,country_jp,-0.009893801802693083,-0.03441258519887924
tgn,train,2022-12,country_tw,country_kr,-0.2558912732005076,-0.013002656400203705
tgn,train,2022-12,country_tw,country_mx,-0.025039433574220463,-0.04036068916320801
tgn,train,2022-12,country_tw,country_my,-0.13906222696204254,-0.02914281189441681
tgn,train,2022-12,country_tw,country_ph,-0.12835066058936218,-0.033188506960868835
tgn,train,2022-12,country_tw,country_sg,-0.37692922376437127,-0.018131554126739502
tgn,train,2022-12,country_tw,country_th,0.31761767182980594,0.006351053714752197
tgn,train,2022-12,country_tw,country_us,-0.056207406857660173,0.034412652254104614
tgn,train,2022-12,country_tw,country_vn,0.010532674298444093,-0.06199807673692703
tgn,train,2022-12,country_us,country_203,0.2076053619961841,-0.003959961235523224
tgn,train,2022-12,country_us,country_344,-0.15780712013419476,0.004921212792396545
tgn,train,2022-12,country_us,country_372,-0.1279027532496809,-0.006505034863948822
tgn,train,2022-12,country_us,country_380,0.19670317828600298,0.00011996924877166748
tgn,train,2022-12,country_us,country_cn,-0.3750938986059343,-0.12508448958396912
tgn,train,2022-12,country_us,country_de,-0.04294679311792165,-0.13684655725955963
tgn,train,2022-12,country_us,country_fr,-0.019708474183263866,-0.1127961128950119
tgn,train,2022-12,country_us,country_gb,0.13299577937554127,-0.01182980090379715
tgn,train,2022-12,country_us,country_in,-0.6930330077567401,-0.10432831943035126
tgn,train,2022-12,country_us,country_jp,-0.1799952689810362,-0.14493447542190552
tgn,train,2022-12,country_us,country_kr,-0.13073148342187993,-0.12380412220954895
tgn,train,2022-12,country_us,country_mx,-0.20978334682072303,-0.1519964039325714
tgn,train,2022-12,country_us,country_my,-0.2843016229831008,-0.15825186669826508
tgn,train,2022-12,country_us,country_ph,0.16312994169169281,-0.13633222877979279
tgn,train,2022-12,country_us,country_sg,-0.30423563633297757,-0.12070854008197784
tgn,train,2022-12,country_us,country_th,0.06454515879652567,-0.09958260506391525
tgn,train,2022-12,country_us,country_vn,-0.11690473964063251,-0.14423483610153198
tgn,train,2022-12,country_vn,country_203,-0.541328483031641,0.003372564911842346
tgn,train,2022-12,country_vn,country_344,0.07517079140356399,0.013191066682338715
tgn,train,2022-12,country_vn,country_372,-0.6602571558759917,0.008391819894313812
tgn,train,2022-12,country_vn,country_380,0.9711748465864085,-0.0017921924591064453
tgn,train,2022-12,country_vn,country_cn,-0.452793748549424,-0.00831449031829834
tgn,train,2022-12,country_vn,country_de,-0.11211669540881009,-0.032727815210819244
tgn,train,2022-12,country_vn,country_fr,-0.32662260591506787,-0.011765874922275543
tgn,train,2022-12,country_vn,country_gb,-0.14858759507369781,0.0924505889415741
tgn,train,2022-12,country_vn,country_in,0.20813496810575174,0.018747195601463318
tgn,train,2022-12,country_vn,country_jp,-0.6234641970820031,-0.051696181297302246
tgn,train,2022-12,country_vn,country_kr,-0.35910603987540096,-0.00861000269651413
tgn,train,2022-12,country_vn,country_mx,0.25232061349563756,-0.03854818642139435
tgn,train,2022-12,country_vn,country_my,-0.33684578069136106,-0.037158653140068054
tgn,train,2022-12,country_vn,country_ph,-0.31892095515141367,-0.04486163705587387
tgn,train,2022-12,country_vn,country_sg,-0.17810938282969302,-0.008656755089759827
tgn,train,2022-12,country_vn,country_th,-0.31946256461935385,0.014074519276618958
tgn,train,2022-12,country_vn,country_us,-0.04791980208245469,0.07982785999774933
tgn,validation,2023-01,country_203,country_344,0.3821775786078959,0.07897183299064636
tgn,validation,2023-01,country_203,country_372,3.0921069798391034,0.21537679433822632
tgn,validation,2023-01,country_203,country_380,-0.41900615258795026,0.0763835459947586
tgn,validation,2023-01,country_203,country_cn,0.5291318648222709,0.05587919056415558
tgn,validation,2023-01,country_203,country_de,0.16239459973673465,0.017125338315963745
tgn,validation,2023-01,country_203,country_fr,4.731049053254636,0.0034260600805282593
tgn,validation,2023-01,country_203,country_gb,0.8401706686949649,0.01458033174276352
tgn,validation,2023-01,country_203,country_in,-0.12256212090411252,0.02986392378807068
tgn,validation,2023-01,country_203,country_jp,-0.5138461902131041,-0.06479563564062119
tgn,validation,2023-01,country_203,country_kr,0.46692173653556146,-0.07009293138980865
tgn,validation,2023-01,country_203,country_mx,1.1742990765140184,-0.06782927364110947
tgn,validation,2023-01,country_203,country_my,0.4840859831505828,-0.04515983909368515
tgn,validation,2023-01,country_203,country_ph,-0.0741630117049431,-0.0040450990200042725
tgn,validation,2023-01,country_203,country_sg,0.32388436225016204,0.09591758251190186
tgn,validation,2023-01,country_203,country_th,-0.07263341617712858,0.08945786952972412
tgn,validation,2023-01,country_203,country_us,0.11670028955409827,0.13207273185253143
tgn,validation,2023-01,country_203,country_vn,-0.09418111780543591,-0.023027636110782623
tgn,validation,2023-01,country_344,country_203,-0.8469262147154312,-0.0054539889097213745
tgn,validation,2023-01,country_344,country_372,-0.7977346627244793,0.28883519768714905
tgn,validation,2023-01,country_344,country_380,0.07368952314676153,0.0023792609572410583
tgn,validation,2023-01,country_344,country_cn,0.23754062424226546,0.1027325689792633
tgn,validation,2023-01,country_344,country_de,-0.5948484346848789,-0.11484265327453613
tgn,validation,2023-01,country_344,country_fr,-0.574756216673595,-0.1223921924829483
tgn,validation,2023-01,country_344,country_gb,-0.5631216857399757,-0.14599162340164185
tgn,validation,2023-01,country_344,country_in,-0.957734632134577,-0.12921234965324402
tgn,validation,2023-01,country_344,country_jp,-0.5988391722647936,-0.14774534106254578
tgn,validation,2023-01,country_344,country_kr,-0.5000683194831943,-0.15658634901046753
tgn,validation,2023-01,country_344,country_mx,-0.027624281776634268,-0.16394513845443726
tgn,validation,2023-01,country_344,country_my,-0.31402914621830735,-0.14083465933799744
tgn,validation,2023-01,country_344,country_ph,-0.3450558231175825,-0.11756192147731781
tgn,validation,2023-01,country_344,country_sg,-0.39754418747691267,0.1728210747241974
tgn,validation,2023-01,country_344,country_th,-0.587488972979571,-0.10697105526924133
tgn,validation,2023-01,country_344,country_us,-0.6976399810061511,0.006410554051399231
tgn,validation,2023-01,country_344,country_vn,0.6302280493143345,-0.14144468307495117
tgn,validation,2023-01,country_372,country_203,-0.07754277962280462,0.20636162161827087
tgn,validation,2023-01,country_372,country_344,-0.3275327970784869,0.21064549684524536
tgn,validation,2023-01,country_372,country_380,3.895870626588392,0.21694868803024292
tgn,validation,2023-01,country_372,country_cn,-0.4833641300027929,0.1420072317123413
tgn,validation,2023-01,country_372,country_de,0.8722833734620808,-0.13001638650894165
tgn,validation,2023-01,country_372,country_fr,0.1618843138815793,-0.1301557421684265
tgn,validation,2023-01,country_372,country_gb,-0.865260612485706,-0.1111878752708435
tgn,validation,2023-01,country_372,country_in,-0.998906753067577,-0.031877197325229645
tgn,validation,2023-01,country_372,country_jp,0.06140975060014603,-0.09256304800510406
tgn,validation,2023-01,country_372,country_kr,0.9326244280481706,-0.12945353984832764
tgn,validation,2023-01,country_372,country_mx,1.4783747292876754,-0.10221516340970993
tgn,validation,2023-01,country_372,country_my,-0.27092910490702254,-0.13492895662784576
tgn,validation,2023-01,country_372,country_ph,0.014262879109456145,-0.15199577808380127
tgn,validation,2023-01,country_372,country_sg,-0.029864957637032962,0.341033399105072
tgn,validation,2023-01,country_372,country_th,0.6386565116013332,0.057542383670806885
tgn,validation,2023-01,country_372,country_us,-0.1903137097394738,0.023087531328201294
tgn,validation,2023-01,country_372,country_vn,-0.3176928718838465,-0.09083084762096405
tgn,validation,2023-01,country_380,country_203,-0.21201687895508076,0.08291137218475342
tgn,validation,2023-01,country_380,country_344,0.06739468430552503,0.0930219292640686
tgn,validation,2023-01,country_380,country_372,0.8261064213636429,0.20635241270065308
tgn,validation,2023-01,country_380,country_cn,0.20413406392990624,0.05119185149669647
tgn,validation,2023-01,country_380,country_de,-0.1501518300281144,0.0066643208265304565
tgn,validation,2023-01,country_380,country_fr,-0.1398548826509771,-0.0068174004554748535
tgn,validation,2023-01,country_380,country_gb,0.017267021146061854,0.0313250869512558
tgn,validation,2023-01,country_380,country_in,0.19548871346790675,0.061145514249801636
tgn,validation,2023-01,country_380,country_jp,0.4420389616100664,-0.06716792285442352
tgn,validation,2023-01,country_380,country_kr,2.4014064607722525,-0.07081632316112518
tgn,validation,2023-01,country_380,country_mx,-0.22291321913314047,-0.07318010926246643
tgn,validation,2023-01,country_380,country_my,-0.36933473169166386,-0.04278973489999771
tgn,validation,2023-01,country_380,country_ph,0.011764053225656948,-0.0031243711709976196
tgn,validation,2023-01,country_380,country_sg,-0.09649228244427635,0.08956830203533173
tgn,validation,2023-01,country_380,country_th,-0.11454379561147365,0.11880233883857727
tgn,validation,2023-01,country_380,country_us,-0.015120784723325103,0.19819369912147522
tgn,validation,2023-01,country_380,country_vn,-0.7921281498878894,-0.023666009306907654
tgn,validation,2023-01,country_50,country_de,0.5981240145159865,-0.3335728943347931
tgn,validation,2023-01,country_50,country_jp,-0.1866384395582151,-0.3475072979927063
tgn,validation,2023-01,country_50,country_my,-0.018534956704479015,-0.3820037245750427
tgn,validation,2023-01,country_50,country_sg,-0.9994296011139028,-0.11047977954149246
tgn,validation,2023-01,country_cn,country_203,-0.3011449516485068,0.16304385662078857
tgn,validation,2023-01,country_cn,country_344,-0.22560045476072432,0.22577917575836182
tgn,validation,2023-01,country_cn,country_372,0.1986697611126818,0.5373958945274353
tgn,validation,2023-01,country_cn,country_380,0.21275198162159367,0.18713408708572388
tgn,validation,2023-01,country_cn,country_de,-0.170780450530722,0.011825323104858398
tgn,validation,2023-01,country_cn,country_fr,-0.12901739800017878,-0.009964413940906525
tgn,validation,2023-01,country_cn,country_gb,0.006549529207112558,0.16773858666419983
tgn,validation,2023-01,country_cn,country_in,0.4919125279572588,0.20340225100517273
tgn,validation,2023-01,country_cn,country_jp,-0.24544313719447014,-0.03013250231742859
tgn,validation,2023-01,country_cn,country_kr,-0.2540696767990156,0.024189412593841553
tgn,validation,2023-01,country_cn,country_mx,-0.21346188642199257,0.03637175261974335
tgn,validation,2023-01,country_cn,country_my,-0.07210235922630559,0.030160844326019287
tgn,validation,2023-01,country_cn,country_ph,-0.25545690140338084,0.05419127643108368
tgn,validation,2023-01,country_cn,country_sg,-0.20899342938152074,0.40596890449523926
tgn,validation,2023-01,country_cn,country_th,-0.1286946339934282,0.29268380999565125
tgn,validation,2023-01,country_cn,country_us,-0.2521757335514226,0.10678958892822266
tgn,validation,2023-01,country_cn,country_vn,-0.13161522472447165,0.0836973488330841
tgn,validation,2023-01,country_de,country_203,0.4521212294130545,0.011070802807807922
tgn,validation,2023-01,country_de,country_344,-0.03495394959501393,0.04929521679878235
tgn,validation,2023-01,country_de,country_372,-0.43616125608033957,0.36218395829200745
tgn,validation,2023-01,country_de,country_380,0.2785164374025347,0.019853979349136353
tgn,validation,2023-01,country_de,country_cn,-0.3943269423697781,0.16388338804244995
tgn,validation,2023-01,country_de,country_fr,-0.06054706737076177,0.043938398361206055
tgn,validation,2023-01,country_de,country_gb,0.043963368928348685,0.11232304573059082
tgn,validation,2023-01,country_de,country_in,-0.2743402801964553,0.13959632813930511
tgn,validation,2023-01,country_de,country_jp,0.014903553906910283,-0.0210697203874588
tgn,validation,2023-01,country_de,country_kr,-0.011196604996257324,0.03958471119403839
tgn,validation,2023-01,country_de,country_mx,0.05382306547697367,0.036172568798065186
tgn,validation,2023-01,country_de,country_my,-0.0024773315518216536,0.0530320405960083
tgn,validation,2023-01,country_de,country_ph,-0.041813487262552095,0.07740616798400879
tgn,validation,2023-01,country_de,country_sg,-0.09433587156398812,0.2724500000476837
tgn,validation,2023-01,country_de,country_th,0.13904179208858208,0.22172397375106812
tgn,validation,2023-01,country_de,country_us,0.24972351234245801,0.14457464218139648
tgn,validation,2023-01,country_de,country_vn,-0.2651431403229119,0.056756943464279175
tgn,validation,2023-01,country_fr,country_203,0.3614722172364925,-0.005785390734672546
tgn,validation,2023-01,country_fr,country_344,-0.23157532455894936,0.03304746747016907
tgn,validation,2023-01,country_fr,country_372,0.2965826324554972,0.35755589604377747
tgn,validation,2023-01,country_fr,country_380,0.0837817643252394,0.008447416126728058
tgn,validation,2023-01,country_fr,country_cn,-0.21993072716423534,0.16523462533950806
tgn,validation,2023-01,country_fr,country_de,-0.7180040523049445,0.0429556667804718
tgn,validation,2023-01,country_fr,country_gb,0.4301504576605565,0.10152098536491394
tgn,validation,2023-01,country_fr,country_in,-0.5998327087722592,0.1264093816280365
tgn,validation,2023-01,country_fr,country_jp,-0.22365034167834466,-0.028759196400642395
tgn,validation,2023-01,country_fr,country_kr,-0.17493052818621377,0.02808833122253418
tgn,validation,2023-01,country_fr,country_mx,-0.667628182687493,0.02890375256538391
tgn,validation,2023-01,country_fr,country_my,-0.044712673946915284,0.04099716246128082
tgn,validation,2023-01,country_fr,country_ph,-0.048931774451054434,0.0663386732339859
tgn,validation,2023-01,country_fr,country_sg,-0.02568791859557321,0.2680110037326813
tgn,validation,2023-01,country_fr,country_th,-0.009972594873177473,0.2041027843952179
tgn,validation,2023-01,country_fr,country_us,-0.14087726968202213,0.1284605860710144
tgn,validation,2023-01,country_fr,country_vn,0.09649004707163131,0.04228629171848297
tgn,validation,2023-01,country_gb,country_203,0.02846176013379601,0.08042266964912415
tgn,validation,2023-01,country_gb,country_344,-0.11791148342972681,0.12835989892482758
tgn,validation,2023-01,country_gb,country_372,0.0983603827253722,0.39820563793182373
tgn,validation,2023-01,country_gb,country_380,-0.05234972795815145,0.08295582234859467
tgn,validation,2023-01,country_gb,country_cn,-0.10283932451797177,0.17741280794143677
tgn,validation,2023-01,country_gb,country_de,-0.059487142091826435,0.091395303606987
tgn,validation,2023-01,country_gb,country_fr,0.28863769642540016,0.07950156927108765
tgn,validation,2023-01,country_gb,country_in,-0.7001985076454935,0.2055186629295349
tgn,validation,2023-01,country_gb,country_jp,-0.18025337415820883,0.01694151759147644
tgn,validation,2023-01,country_gb,country_kr,-0.44835487150978914,0.08327561616897583
tgn,validation,2023-01,country_gb,country_mx,-0.13227576873919253,0.0858704000711441
tgn,validation,2023-01,country_gb,country_my,-0.17079921417895255,0.09564940631389618
tgn,validation,2023-01,country_gb,country_ph,-0.3521723001834782,0.1320863664150238
tgn,validation,2023-01,country_gb,country_sg,0.011338662006985136,0.2992696166038513
tgn,validation,2023-01,country_gb,country_th,-0.1777314175587529,0.2875099182128906
tgn,validation,2023-01,country_gb,country_us,-0.17276613592805515,0.2226923704147339
tgn,validation,2023-01,country_gb,country_vn,0.3398671596641338,0.10600733757019043
tgn,validation,2023-01,country_in,country_203,-0.5631011889351363,0.09774447977542877
tgn,validation,2023-01,country_in,country_344,-0.15547710273941884,0.1541920304298401
tgn,validation,2023-01,country_in,country_372,21.710786676923036,0.3889405131340027
tgn,validation,2023-01,country_in,country_380,0.6121361539011566,0.10602571070194244
tgn,validation,2023-01,country_in,country_cn,-0.33398082401084944,0.16859781742095947
tgn,validation,2023-01,country_in,country_de,0.05146126373705103,0.11568726599216461
tgn,validation,2023-01,country_in,country_fr,-0.5178512556512174,0.09700565040111542
tgn,validation,2023-01,country_in,country_gb,-0.21734278069391197,0.18956446647644043
tgn,validation,2023-01,country_in,country_jp,-0.6675531862425832,0.038291871547698975
tgn,validation,2023-01,country_in,country_kr,0.36261105644633784,0.1075361967086792
tgn,validation,2023-01,country_in,country_mx,-0.06687076644087685,0.11001649498939514
tgn,validation,2023-01,country_in,country_my,-0.5046876984083526,0.11260171234607697
tgn,validation,2023-01,country_in,country_ph,-0.3627270528098278,0.14306223392486572
tgn,validation,2023-01,country_in,country_sg,-0.41405869110019855,0.28312385082244873
tgn,validation,2023-01,country_in,country_th,3.0321295003176525,0.2869783043861389
tgn,validation,2023-01,country_in,country_us,11.86652553130698,0.2591457664966583
tgn,validation,2023-01,country_in,country_vn,0.08014745316400902,0.12149351835250854
tgn,validation,2023-01,country_jp,country_203,-0.2739783354681351,-0.02612163871526718
tgn,validation,2023-01,country_jp,country_344,-0.23287258010086231,0.023892611265182495
tgn,validation,2023-01,country_jp,country_372,-0.2236650367236727,0.3411998748779297
tgn,validation,2023-01,country_jp,country_380,0.20987724011352527,-0.01652657985687256
tgn,validation,2023-01,country_jp,country_cn,-0.10455086391244452,0.136834979057312
tgn,validation,2023-01,country_jp,country_de,0.025402732162860157,0.024938911199569702
tgn,validation,2023-01,country_jp,country_fr,-0.11151548010941417,0.009742513298988342
tgn,validation,2023-01,country_jp,country_gb,-0.0201041267006785,0.08685830235481262
tgn,validation,2023-01,country_jp,country_in,0.6794781353206506,0.14480403065681458
tgn,validation,2023-01,country_jp,country_kr,-0.19311240640679134,0.014368236064910889
tgn,validation,2023-01,country_jp,country_mx,-0.06742032361682819,0.001214250922203064
tgn,validation,2023-01,country_jp,country_my,-0.017451282705091612,0.02384275197982788
tgn,validation,2023-01,country_jp,country_ph,-0.17045673365730923,0.050840944051742554
tgn,validation,2023-01,country_jp,country_sg,-0.3651787535762459,0.24787765741348267
tgn,validation,2023-01,country_jp,country_th,-0.042332717753715214,0.2294367551803589
tgn,validation,2023-01,country_jp,country_us,-0.04954725129246217,0.12884286046028137
tgn,validation,2023-01,country_jp,country_vn,0.15169397428793235,0.039559364318847656
tgn,validation,2023-01,country_kr,country_203,0.38165580600099264,0.036056533455848694
tgn,validation,2023-01,country_kr,country_344,-0.5937613032936465,0.08737689256668091
tgn,validation,2023-01,country_kr,country_372,-0.4281734261824883,0.40751153230667114
tgn,validation,2023-01,country_kr,country_380,0.6105067547273705,0.03657388687133789
tgn,validation,2023-01,country_kr,country_cn,-0.2983281319817798,0.20513808727264404
tgn,validation,2023-01,country_kr,country_de,0.1282808366705453,0.09158657491207123
tgn,validation,2023-01,country_kr,country_fr,-0.10676982167973906,0.07938344776630402
tgn,validation,2023-01,country_kr,country_gb,-0.1756525365750673,0.19955378770828247
tgn,validation,2023-01,country_kr,country_in,0.060804218780624614,0.28209489583969116
tgn,validation,2023-01,country_kr,country_jp,-0.32914406431126775,0.018994376063346863
tgn,validation,2023-01,country_kr,country_mx,0.09257074045818134,0.08242323994636536
tgn,validation,2023-01,country_kr,country_my,-0.006631489673654234,0.10145445168018341
tgn,validation,2023-01,country_kr,country_ph,-0.44690153109482555,0.12643709778785706
tgn,validation,2023-01,country_kr,country_th,-0.3344284290551903,0.35547637939453125
tgn,validation,2023-01,country_kr,country_us,-0.08297391200995792,0.1979658305644989
tgn,validation,2023-01,country_kr,country_vn,-0.29649730280964,0.11546462774276733
tgn,validation,2023-01,country_mx,country_203,0.09598169445348163,0.03881451487541199
tgn,validation,2023-01,country_mx,country_344,-0.514316365801834,0.09461823105812073
tgn,validation,2023-01,country_mx,country_372,-0.7690587245745383,0.4232502579689026
tgn,validation,2023-01,country_mx,country_380,0.4878882287430748,0.046080633997917175
tgn,validation,2023-01,country_mx,country_cn,-0.3463647997008771,0.21464776992797852
tgn,validation,2023-01,country_mx,country_de,0.11453067899290856,0.0947815477848053
tgn,validation,2023-01,country_mx,country_fr,0.3918041523820075,0.07512667775154114
tgn,validation,2023-01,country_mx,country_gb,-0.24793000708593746,0.21049535274505615
tgn,validation,2023-01,country_mx,country_in,70.07611413978951,0.2800956666469574
tgn,validation,2023-01,country_mx,country_jp,-0.4066466927322184,0.013068944215774536
tgn,validation,2023-01,country_mx,country_kr,-0.07425948521379347,0.0874585509300232
tgn,validation,2023-01,country_mx,country_my,-0.49680680416938666,0.09729713201522827
tgn,validation,2023-01,country_mx,country_ph,1.5986937644509207,0.11811614036560059
tgn,validation,2023-01,country_mx,country_sg,0.2142729161586945,0.33327293395996094
tgn,validation,2023-01,country_mx,country_th,0.07872243457411211,0.34924960136413574
tgn,validation,2023-01,country_mx,country_us,-0.23965638468309208,0.20384502410888672
tgn,validation,2023-01,country_mx,country_vn,-0.33462581070712705,0.09292133152484894
tgn,validation,2023-01,country_my,country_203,-0.5438754102403713,0.04551766812801361
tgn,validation,2023-01,country_my,country_344,-0.21854336090607762,0.09971362352371216
tgn,validation,2023-01,country_my,country_372,-0.37725834930245916,0.4122944474220276
tgn,validation,2023-01,country_my,country_380,0.2771926920078206,0.046590760350227356
tgn,validation,2023-01,country_my,country_cn,-0.2215513278567354,0.2074839472770691
tgn,validation,2023-01,country_my,country_de,-0.008675871547082378,0.09958922863006592
tgn,validation,2023-01,country_my,country_fr,-0.14266195927845926,0.08902107179164886
tgn,validation,2023-01,country_my,country_gb,-0.347123071570102,0.22967401146888733
tgn,validation,2023-01,country_my,country_in,3.8879583759116847,0.30612897872924805
tgn,validation,2023-01,country_my,country_jp,-0.23139915805056122,0.021447718143463135
tgn,validation,2023-01,country_my,country_kr,-0.1703134052910692,0.09468910098075867
tgn,validation,2023-01,country_my,country_mx,-0.20027517563786887,0.08847910165786743
tgn,validation,2023-01,country_my,country_ph,0.039051881407885285,0.13198429346084595
tgn,validation,2023-01,country_my,country_sg,-0.16272140037892124,0.322884738445282
tgn,validation,2023-01,country_my,country_th,-0.27170796391253543,0.374340683221817
tgn,validation,2023-01,country_my,country_us,-0.23962384975919807,0.20929807424545288
tgn,validation,2023-01,country_my,country_vn,-0.3790432377382593,0.12671270966529846
tgn,validation,2023-01,country_ph,country_203,-0.16904314670974607,0.04450869560241699
tgn,validation,2023-01,country_ph,country_344,0.01595344492610779,0.09902441501617432
tgn,validation,2023-01,country_ph,country_372,-0.23065682317642666,0.41575711965560913
tgn,validation,2023-01,country_ph,country_380,0.42203609005154236,0.045742928981781006
tgn,validation,2023-01,country_ph,country_cn,-0.28597277991226194,0.21425575017929077
tgn,validation,2023-01,country_ph,country_de,0.10344118468981787,0.10180976986885071
tgn,validation,2023-01,country_ph,country_fr,-0.3162828641906277,0.08975386619567871
tgn,validation,2023-01,country_ph,country_gb,-0.04934607016960972,0.19534257054328918
tgn,validation,2023-01,country_ph,country_in,1.7333714129370323,0.2558799982070923
tgn,validation,2023-01,country_ph,country_jp,0.054737186506069006,0.030446141958236694
tgn,validation,2023-01,country_ph,country_kr,-0.060915606092283775,0.09517449140548706
tgn,validation,2023-01,country_ph,country_mx,-0.10074850461398815,0.09146249294281006
tgn,validation,2023-01,country_ph,country_my,-0.18336419174091095,0.10634618997573853
tgn,validation,2023-01,country_ph,country_sg,-0.3966698454396227,0.3280344605445862
tgn,validation,2023-01,country_ph,country_th,-0.1739117136462236,0.33931466937065125
tgn,validation,2023-01,country_ph,country_us,-0.1213896046269877,0.19634762406349182
tgn,validation,2023-01,country_ph,country_vn,-0.07948031201329453,0.11376708745956421
tgn,validation,2023-01,country_sg,country_203,0.12475306385053171,0.21601581573486328
tgn,validation,2023-01,country_sg,country_344,-0.4612421761076429,0.22422415018081665
tgn,validation,2023-01,country_sg,country_372,0.5286424429913452,0.503535807132721
tgn,validation,2023-01,country_sg,country_380,-0.11945992715007125,0.21937698125839233
tgn,validation,2023-01,country_sg,country_cn,-0.33229082642896585,0.24029356241226196
tgn,validation,2023-01,country_sg,country_de,-0.08352195266420247,-0.0323357954621315
tgn,validation,2023-01,country_sg,country_fr,-0.17093080170832795,-0.027224160730838776
tgn,validation,2023-01,country_sg,country_gb,-0.03925599734001988,0.06942147016525269
tgn,validation,2023-01,country_sg,country_in,-0.770445151601155,0.09723807871341705
tgn,validation,2023-01,country_sg,country_jp,0.00217606713724381,0.01822240650653839
tgn,validation,2023-01,country_sg,country_kr,0.28854341757753393,0.004078075289726257
tgn,validation,2023-01,country_sg,country_mx,-0.13455770971570533,0.04788556694984436
tgn,validation,2023-01,country_sg,country_my,-0.1049877619439001,0.025493696331977844
tgn,validation,2023-01,country_sg,country_ph,-0.15856551060441632,0.005270674824714661
tgn,validation,2023-01,country_sg,country_th,-0.036402324110299165,0.18728622794151306
tgn,validation,2023-01,country_sg,country_us,0.1377374208094639,0.12540379166603088
tgn,validation,2023-01,country_sg,country_vn,-0.3276087329693512,-0.015188612043857574
tgn,validation,2023-01,country_th,country_203,-0.06962071576345275,0.15863507986068726
tgn,validation,2023-01,country_th,country_344,-0.2222393800619381,0.21590059995651245
tgn,validation,2023-01,country_th,country_372,-0.09875449646083685,0.36404550075531006
tgn,validation,2023-01,country_th,country_380,0.2707569835035689,0.16069704294204712
tgn,validation,2023-01,country_th,country_cn,-0.17155259234992631,0.20611286163330078
tgn,validation,2023-01,country_th,country_de,0.010252537420220212,0.15135237574577332
tgn,validation,2023-01,country_th,country_fr,-0.06891305644043448,0.13214203715324402
tgn,validation,2023-01,country_th,country_gb,-0.03717395616729706,0.23583334684371948
tgn,validation,2023-01,country_th,country_in,0.23139184921933126,0.27655720710754395
tgn,validation,2023-01,country_th,country_jp,0.09895362094657183,0.07687324285507202
tgn,validation,2023-01,country_th,country_kr,-0.013546321522615014,0.14464983344078064
tgn,validation,2023-01,country_th,country_mx,0.024970098888038972,0.13989633321762085
tgn,validation,2023-01,country_th,country_my,-0.262197597315101,0.1547170877456665
tgn,validation,2023-01,country_th,country_ph,-0.166508878342203,0.1843370497226715
tgn,validation,2023-01,country_th,country_sg,-0.29338579772638274,0.2633982002735138
tgn,validation,2023-01,country_th,country_us,0.2814873633862535,0.30696362257003784
tgn,validation,2023-01,country_th,country_vn,0.07895138440034337,0.17775273323059082
tgn,validation,2023-01,country_tw,country_203,-0.2982603737361735,-0.0006880760192871094
tgn,validation,2023-01,country_tw,country_344,-0.3306476745073606,0.0474846214056015
tgn,validation,2023-01,country_tw,country_372,0.3539744235312012,0.35015255212783813
tgn,validation,2023-01,country_tw,country_380,0.030499608367363106,-0.00044041872024536133
tgn,validation,2023-01,country_tw,country_cn,-0.2732415352987509,0.14931988716125488
tgn,validation,2023-01,country_tw,country_de,0.08317868671164166,0.05559380352497101
tgn,validation,2023-01,country_tw,country_fr,-0.10563387897378326,0.03907504677772522
tgn,validation,2023-01,country_tw,country_gb,0.07058878491923455,0.11329418420791626
tgn,validation,2023-01,country_tw,country_in,2.397817991000679,0.16418969631195068
tgn,validation,2023-01,country_tw,country_jp,0.01692974522140454,-0.007921010255813599
tgn,validation,2023-01,country_tw,country_kr,-0.14846390549618915,0.040777787566185
tgn,validation,2023-01,country_tw,country_mx,0.023200228407510255,0.03176534175872803
tgn,validation,2023-01,country_tw,country_my,-0.11212854535182874,0.05516217648983002
tgn,validation,2023-01,country_tw,country_ph,-0.08433416275462313,0.0793951153755188
tgn,validation,2023-01,country_tw,country_sg,-0.3293800732946543,0.25541093945503235
tgn,validation,2023-01,country_tw,country_th,-0.12144355237301531,0.23646068572998047
tgn,validation,2023-01,country_tw,country_us,-0.005885029265267598,0.13251522183418274
tgn,validation,2023-01,country_tw,country_vn,-0.036565124052649,0.03631742298603058
tgn,validation,2023-01,country_us,country_203,0.04788707920374348,-0.033196188509464264
tgn,validation,2023-01,country_us,country_344,-0.31764582095501404,0.031092867255210876
tgn,validation,2023-01,country_us,country_372,-0.18669721275851578,0.18816909193992615
tgn,validation,2023-01,country_us,country_380,-0.14951116776935197,-0.027031749486923218
tgn,validation,2023-01,country_us,country_cn,-0.4109350508807291,-0.04517258703708649
tgn,validation,2023-01,country_us,country_de,-0.0766891798586789,-0.12695828080177307
tgn,validation,2023-01,country_us,country_fr,-0.2153254681534161,-0.13303542137145996
tgn,validation,2023-01,country_us,country_gb,-0.15352695010551726,-0.08325399458408356
tgn,validation,2023-01,country_us,country_in,-0.7481614654079178,-0.0558931827545166
tgn,validation,2023-01,country_us,country_jp,-0.2220796898928121,-0.17261642217636108
tgn,validation,2023-01,country_us,country_kr,-0.1564934519471014,-0.14487996697425842
tgn,validation,2023-01,country_us,country_mx,-0.08964680640987373,-0.16037693619728088
tgn,validation,2023-01,country_us,country_my,-0.35030480665584085,-0.1209678202867508
tgn,validation,2023-01,country_us,country_ph,0.04948795691044027,-0.09603975713253021
tgn,validation,2023-01,country_us,country_sg,-0.42432951335720925,0.07078398764133453
tgn,validation,2023-01,country_us,country_th,-0.22114415566556125,0.0010801851749420166
tgn,validation,2023-01,country_us,country_vn,-0.393342000561845,-0.12402055412530899
tgn,validation,2023-01,country_vn,country_203,-0.34137856873388805,0.04722981154918671
tgn,validation,2023-01,country_vn,country_344,0.2146910675745828,0.0990743637084961
tgn,validation,2023-01,country_vn,country_372,-0.4323820334729651,0.37685373425483704
tgn,validation,2023-01,country_vn,country_380,1.5280209895304975,0.05123873054981232
tgn,validation,2023-01,country_vn,country_cn,-0.48760722876235746,0.17299377918243408
tgn,validation,2023-01,country_vn,country_de,-0.21668728672834603,0.10279467701911926
tgn,validation,2023-01,country_vn,country_fr,0.49460311145267477,0.08540228009223938
tgn,validation,2023-01,country_vn,country_gb,-0.20368300361117783,0.18775275349617004
tgn,validation,2023-01,country_vn,country_in,0.37307428156626377,0.25126516819000244
tgn,validation,2023-01,country_vn,country_jp,-0.3829892558343782,0.034779056906700134
tgn,validation,2023-01,country_vn,country_kr,0.3806379369862022,0.09654954075813293
tgn,validation,2023-01,country_vn,country_mx,-0.23568629776197572,0.08987385034561157
tgn,validation,2023-01,country_vn,country_my,-0.0894521045528292,0.10806271433830261
tgn,validation,2023-01,country_vn,country_ph,0.3315665560404738,0.12101121246814728
tgn,validation,2023-01,country_vn,country_sg,-0.2496447178289875,0.28619498014450073
tgn,validation,2023-01,country_vn,country_th,-0.04906705830781985,0.31299686431884766
tgn,validation,2023-01,country_vn,country_us,0.058069872523240064,0.21221911907196045
tgn,validation,2023-02,country_203,country_344,1.0410905950964384,0.18928074836730957
tgn,validation,2023-02,country_203,country_372,3.106036961342168,0.3730873465538025
tgn,validation,2023-02,country_203,country_380,-0.16281639250662816,0.1859256625175476
tgn,validation,2023-02,country_203,country_cn,0.48242444141442564,-0.06881557404994965
tgn,validation,2023-02,country_203,country_de,0.8491195466443358,-0.15673133730888367
tgn,validation,2023-02,country_203,country_fr,3.2669121885949735,-0.13390284776687622
tgn,validation,2023-02,country_203,country_gb,0.5808121034816357,-0.16756480932235718
tgn,validation,2023-02,country_203,country_in,-0.2533160347567914,-0.12385718524456024
tgn,validation,2023-02,country_203,country_jp,-0.17750745334991383,-0.1431145966053009
tgn,validation,2023-02,country_203,country_kr,1.726572960130092,-0.20683759450912476
tgn,validation,2023-02,country_203,country_mx,1.5409795123804098,-0.15133050084114075
tgn,validation,2023-02,country_203,country_my,-0.15114123371474922,-0.15370211005210876
tgn,validation,2023-02,country_203,country_ph,0.21520160410258343,-0.17120084166526794
tgn,validation,2023-02,country_203,country_sg,0.5093858711736516,0.022145897150039673
tgn,validation,2023-02,country_203,country_th,0.8050267692163278,-0.18403196334838867
tgn,validation,2023-02,country_203,country_us,0.1598522908593572,-4.312396049499512e-05
tgn,validation,2023-02,country_203,country_vn,0.32727454595907635,-0.1696857213973999
tgn,validation,2023-02,country_344,country_203,-0.6324392590995479,0.17415261268615723
tgn,validation,2023-02,country_344,country_372,0.7378780962822481,0.3158549666404724
tgn,validation,2023-02,country_344,country_380,-0.09791957776175579,0.07140450179576874
tgn,validation,2023-02,country_344,country_cn,0.34140493922082255,-0.1379581093788147
tgn,validation,2023-02,country_344,country_de,-0.46481498537751503,-0.19223114848136902
tgn,validation,2023-02,country_344,country_fr,-0.1496629521834521,-0.21229052543640137
tgn,validation,2023-02,country_344,country_gb,-0.3662807849504837,-0.24936549365520477
tgn,validation,2023-02,country_344,country_in,-0.9520467759579498,-0.17558544874191284
tgn,validation,2023-02,country_344,country_jp,-0.5488557771188672,-0.19973042607307434
tgn,validation,2023-02,country_344,country_kr,0.4134824040933511,-0.24873575568199158
tgn,validation,2023-02,country_344,country_mx,0.057544784381233005,-0.2246321141719818
tgn,validation,2023-02,country_344,country_my,-0.11854028703767981,-0.20064350962638855
tgn,validation,2023-02,country_344,country_ph,-0.31073777905768174,-0.21154290437698364
tgn,validation,2023-02,country_344,country_sg,-0.052452302360105306,-0.03728238493204117
tgn,validation,2023-02,country_344,country_th,-0.5917801348657304,-0.24549958109855652
tgn,validation,2023-02,country_344,country_us,-0.6830761289243141,-0.009361118078231812
tgn,validation,2023-02,country_344,country_vn,0.1549331800656129,-0.21068577468395233
tgn,validation,2023-02,country_372,country_203,0.24311022843600416,0.3647916316986084
tgn,validation,2023-02,country_372,country_344,-0.7590394435946813,0.27220436930656433
tgn,validation,2023-02,country_372,country_380,0.22462281734188538,0.29804277420043945
tgn,validation,2023-02,country_372,country_cn,-0.33953731605625387,0.019942522048950195
tgn,validation,2023-02,country_372,country_de,1.7753218567356808,-0.06109245866537094
tgn,validation,2023-02,country_372,country_fr,-0.12154174812510568,-0.049203693866729736
tgn,validation,2023-02,country_372,country_gb,-0.8165012344887953,-0.07346782833337784
tgn,validation,2023-02,country_372,country_in,-0.9993107364969401,-0.0019430816173553467
tgn,validation,2023-02,country_372,country_jp,0.14622023440817797,-0.06841734051704407
tgn,validation,2023-02,country_372,country_kr,-0.11874784922113414,-0.1244441494345665
tgn,validation,2023-02,country_372,country_mx,2.0949735857263247,-0.055597275495529175
tgn,validation,2023-02,country_372,country_my,0.2946694837558525,-0.0764230489730835
tgn,validation,2023-02,country_372,country_ph,0.38381766843360243,-0.09864742308855057
tgn,validation,2023-02,country_372,country_sg,0.12327422394830803,0.11248192191123962
tgn,validation,2023-02,country_372,country_th,-0.9061530888924529,-0.08945013582706451
tgn,validation,2023-02,country_372,country_us,0.7017147035539062,0.08464682102203369
tgn,validation,2023-02,country_372,country_vn,0.11393856225125808,-0.03978274017572403
tgn,validation,2023-02,country_380,country_203,0.03901679711433362,0.10833883285522461
tgn,validation,2023-02,country_380,country_344,0.3751452387540566,0.0984681099653244
tgn,validation,2023-02,country_380,country_372,-0.8289923721568552,0.19105947017669678
tgn,validation,2023-02,country_380,country_cn,0.3284679449548621,-0.0990709662437439
tgn,validation,2023-02,country_380,country_de,0.19819043337350756,-0.11883090436458588
tgn,validation,2023-02,country_380,country_fr,0.49019976173036295,-0.13717204332351685
tgn,validation,2023-02,country_380,country_gb,0.024368581694128737,-0.1783423125743866
tgn,validation,2023-02,country_380,country_in,0.03507322865654734,0.002815559506416321
tgn,validation,2023-02,country_380,country_jp,-0.21821755937279363,-0.12212269008159637
tgn,validation,2023-02,country_380,country_kr,-0.16673704296301706,-0.20688459277153015
tgn,validation,2023-02,country_380,country_mx,0.08427181901841757,-0.16040736436843872
tgn,validation,2023-02,country_380,country_my,-0.8407079702243166,-0.13385412096977234
tgn,validation,2023-02,country_380,country_ph,0.027778435118961928,-0.14645041525363922
tgn,validation,2023-02,country_380,country_sg,0.12245181517834378,-0.10265457630157471
tgn,validation,2023-02,country_380,country_th,0.04609191295359846,-0.1875966638326645
tgn,validation,2023-02,country_380,country_us,0.11578116637679592,0.18727010488510132
tgn,validation,2023-02,country_380,country_vn,-0.10504987486842404,-0.17400343716144562
tgn,validation,2023-02,country_50,country_de,-0.04676118307789767,-0.2963159680366516
tgn,validation,2023-02,country_50,country_jp,-0.0531895071767758,-0.2904457747936249
tgn,validation,2023-02,country_50,country_my,0.8566610901561682,-0.31806328892707825
tgn,validation,2023-02,country_50,country_sg,-0.9988675527026574,-0.26917028427124023
tgn,validation,2023-02,country_cn,country_203,0.3780851846494303,0.23693585395812988
tgn,validation,2023-02,country_cn,country_344,0.17646544767165878,0.0746021419763565
tgn,validation,2023-02,country_cn,country_372,1.7361412196250183,0.4066872000694275
tgn,validation,2023-02,country_cn,country_380,0.3871806441634303,0.04626823961734772
tgn,validation,2023-02,country_cn,country_de,0.00021587737392385096,-0.06375008821487427
tgn,validation,2023-02,country_cn,country_fr,0.008799543563766242,-0.06610646843910217
tgn,validation,2023-02,country_cn,country_gb,0.15128008023768283,-0.05684281885623932
tgn,validation,2023-02,country_cn,country_in,1.0732717731790766,0.013439349830150604
tgn,validation,2023-02,country_cn,country_jp,-0.20949551574258096,-0.06587386131286621
tgn,validation,2023-02,country_cn,country_kr,-0.22490912650778241,-0.0739741176366806
tgn,validation,2023-02,country_cn,country_mx,-0.12343552660249758,-0.08073931932449341
tgn,validation,2023-02,country_cn,country_my,-0.02841035110740273,-0.06509161740541458
tgn,validation,2023-02,country_cn,country_ph,-0.2341863406764155,-0.05787656083703041
tgn,validation,2023-02,country_cn,country_sg,-0.08934410228686242,0.11139389872550964
tgn,validation,2023-02,country_cn,country_th,0.1548829255763852,-0.05867923051118851
tgn,validation,2023-02,country_cn,country_us,-0.18238128202233986,0.08277559280395508
tgn,validation,2023-02,country_cn,country_vn,0.04642371876505674,-0.06348292529582977
tgn,validation,2023-02,country_de,country_203,0.4500632732139733,0.16839152574539185
tgn,validation,2023-02,country_de,country_344,0.5843642160361991,0.03435523808002472
tgn,validation,2023-02,country_de,country_372,0.1902235529362231,0.34123027324676514
tgn,validation,2023-02,country_de,country_380,0.12216599779299314,0.019908159971237183
tgn,validation,2023-02,country_de,country_cn,-0.27106914714707697,-0.037615783512592316
tgn,validation,2023-02,country_de,country_fr,0.19813615162536924,-0.052989412099123
tgn,validation,2023-02,country_de,country_gb,-0.14527170043753693,-0.044006675481796265
tgn,validation,2023-02,country_de,country_in,-0.22951325986591892,0.003237396478652954
tgn,validation,2023-02,country_de,country_jp,0.029332625834149712,-0.04795341193675995
tgn,validation,2023-02,country_de,country_kr,-0.2810176792536713,-0.05353411287069321
tgn,validation,2023-02,country_de,country_mx,0.24689053507993505,-0.04093136638402939
tgn,validation,2023-02,country_de,country_my,0.27766587387940705,-0.05136696994304657
tgn,validation,2023-02,country_de,country_ph,0.19251851473162154,-0.03751091659069061
tgn,validation,2023-02,country_de,country_sg,-0.012066107167562035,0.07162460684776306
tgn,validation,2023-02,country_de,country_th,0.45696946133401617,-0.0401887446641922
tgn,validation,2023-02,country_de,country_us,0.2189685032249981,0.10172250866889954
tgn,validation,2023-02,country_de,country_vn,0.013673717186675526,-0.05902854725718498
tgn,validation,2023-02,country_fr,country_203,0.6532744597980273,0.1901456117630005
tgn,validation,2023-02,country_fr,country_344,0.03690754818592262,0.03323395550251007
tgn,validation,2023-02,country_fr,country_372,0.9713503212227365,0.35524559020996094
tgn,validation,2023-02,country_fr,country_380,0.25938941812803784,0.010102152824401855
tgn,validation,2023-02,country_fr,country_cn,0.005794126390833584,-0.04138505458831787
tgn,validation,2023-02,country_fr,country_de,-0.6739996209253216,-0.060140009969472885
tgn,validation,2023-02,country_fr,country_gb,0.018604990017366214,-0.05672229081392288
tgn,validation,2023-02,country_fr,country_in,0.6228135752330883,-0.03617981821298599
tgn,validation,2023-02,country_fr,country_jp,0.27241461707902753,-0.06257036328315735
tgn,validation,2023-02,country_fr,country_kr,0.012911013319036956,-0.07381617277860641
tgn,validation,2023-02,country_fr,country_mx,-0.8157728849648467,-0.06540590524673462
tgn,validation,2023-02,country_fr,country_my,-0.6914709226198681,-0.06641886383295059
tgn,validation,2023-02,country_fr,country_ph,0.23592446906206208,-0.054925285279750824
tgn,validation,2023-02,country_fr,country_sg,0.18001836202719382,0.08002156019210815
tgn,validation,2023-02,country_fr,country_th,-0.13388040366578657,-0.06395722925662994
tgn,validation,2023-02,country_fr,country_us,0.3874140241274215,0.0689304769039154
tgn,validation,2023-02,country_fr,country_vn,0.5520850530019602,-0.07301568984985352
tgn,validation,2023-02,country_gb,country_203,-0.2656863296965282,0.23781698942184448
tgn,validation,2023-02,country_gb,country_344,-0.061637308937724,0.07968908548355103
tgn,validation,2023-02,country_gb,country_372,0.47269530633236057,0.4040745496749878
tgn,validation,2023-02,country_gb,country_380,0.7926340704013309,0.03672787547111511
tgn,validation,2023-02,country_gb,country_cn,0.09199252201488411,-0.04098279029130936
tgn,validation,2023-02,country_gb,country_de,0.1755662163229376,-0.05858118087053299
tgn,validation,2023-02,country_gb,country_fr,0.3606067513369269,-0.06951044499874115
tgn,validation,2023-02,country_gb,country_in,-0.6738504203834106,0.021443918347358704
tgn,validation,2023-02,country_gb,country_jp,-0.005844550108739511,-0.060307249426841736
tgn,validation,2023-02,country_gb,country_kr,0.13586719268577796,-0.07020224630832672
tgn,validation,2023-02,country_gb,country_mx,0.8699565016593811,-0.04836640879511833
tgn,validation,2023-02,country_gb,country_my,0.1110064850150726,-0.05951262265443802
tgn,validation,2023-02,country_gb,country_ph,0.11353468769624903,-0.04054795950651169
tgn,validation,2023-02,country_gb,country_sg,-0.1770483232655873,0.12010933458805084
tgn,validation,2023-02,country_gb,country_th,-0.4003134797921533,-0.04967520013451576
tgn,validation,2023-02,country_gb,country_us,-0.028371210760967516,0.1089039295911789
tgn,validation,2023-02,country_gb,country_vn,-0.3471264273782945,-0.06554125249385834
tgn,validation,2023-02,country_in,country_203,-0.030614680292477596,0.24408292770385742
tgn,validation,2023-02,country_in,country_344,-0.34211045402500434,0.19174426794052124
tgn,validation,2023-02,country_in,country_372,35.31579427409382,0.3766353726387024
tgn,validation,2023-02,country_in,country_380,3.2541800355550508,0.13947926461696625
tgn,validation,2023-02,country_in,country_cn,0.08413716512113925,0.031911417841911316
tgn,validation,2023-02,country_in,country_de,-0.1551959325781964,0.010994493961334229
tgn,validation,2023-02,country_in,country_fr,-0.2322139824045867,0.004115626215934753
tgn,validation,2023-02,country_in,country_gb,0.1693351636192327,0.05085393786430359
tgn,validation,2023-02,country_in,country_jp,1.3534581798687344,0.002296842634677887
tgn,validation,2023-02,country_in,country_kr,-0.7172857897055313,0.00044608116149902344
tgn,validation,2023-02,country_in,country_mx,0.13269294362365994,0.03946863114833832
tgn,validation,2023-02,country_in,country_my,1.3930631114214853,0.014645189046859741
tgn,validation,2023-02,country_in,country_ph,1.116250014595472,0.01889669895172119
tgn,validation,2023-02,country_in,country_sg,0.18551411834971596,0.09832391142845154
tgn,validation,2023-02,country_in,country_th,1.0645790896507454,0.02734619379043579
tgn,validation,2023-02,country_in,country_us,8.342398080022033,0.2510470151901245
tgn,validation,2023-02,country_in,country_vn,0.3606040348196018,0.02883113920688629
tgn,validation,2023-02,country_jp,country_203,-0.17324489163723092,0.17584624886512756
tgn,validation,2023-02,country_jp,country_344,-0.05571792019861695,0.03316245973110199
tgn,validation,2023-02,country_jp,country_372,-0.389283336596535,0.34712594747543335
tgn,validation,2023-02,country_jp,country_380,0.2359379820840351,0.007043242454528809
tgn,validation,2023-02,country_jp,country_cn,0.42825175329640275,-0.03607552498579025
tgn,validation,2023-02,country_jp,country_de,0.254987207193334,-0.04651400446891785
tgn,validation,2023-02,country_jp,country_fr,-0.02589639061573515,-0.05990026146173477
tgn,validation,2023-02,country_jp,country_gb,0.006144125753446072,-0.047154925763607025
tgn,validation,2023-02,country_jp,country_in,1.1573575551586648,0.013560272753238678
tgn,validation,2023-02,country_jp,country_kr,-0.1556029319808229,-0.05173053219914436
tgn,validation,2023-02,country_jp,country_mx,0.01721197661339098,-0.04006604850292206
tgn,validation,2023-02,country_jp,country_my,0.11801383213559705,-0.04995938763022423
tgn,validation,2023-02,country_jp,country_ph,-0.13823849814230815,-0.035975486040115356
tgn,validation,2023-02,country_jp,country_sg,0.16415311470379151,0.07365284860134125
tgn,validation,2023-02,country_jp,country_th,0.00243413942400656,-0.03578437864780426
tgn,validation,2023-02,country_jp,country_us,0.07617050339364399,0.09576258063316345
tgn,validation,2023-02,country_jp,country_vn,-0.3313868075689183,-0.04125356674194336
tgn,validation,2023-02,country_kr,country_203,0.026910943162698535,0.22680380940437317
tgn,validation,2023-02,country_kr,country_344,-0.22035473987042534,0.07851123809814453
tgn,validation,2023-02,country_kr,country_372,-0.10236185856082528,0.4021671414375305
tgn,validation,2023-02,country_kr,country_380,0.4339497382555635,0.044499918818473816
tgn,validation,2023-02,country_kr,country_cn,-0.1938163614705382,0.005155183374881744
tgn,validation,2023-02,country_kr,country_de,0.4159846509779301,-0.011327676475048065
tgn,validation,2023-02,country_kr,country_fr,0.1099323896823249,-0.02474033832550049
tgn,validation,2023-02,country_kr,country_gb,0.06114927588697834,0.008671484887599945
tgn,validation,2023-02,country_kr,country_in,0.47781658493396584,0.1138116717338562
tgn,validation,2023-02,country_kr,country_jp,-0.20024794826170153,-0.010658860206604004
tgn,validation,2023-02,country_kr,country_mx,0.05417796544579088,0.0065871477127075195
tgn,validation,2023-02,country_kr,country_my,-0.13086108993865966,-0.00786629319190979
tgn,validation,2023-02,country_kr,country_ph,-0.27228000828825866,0.009245425462722778
tgn,validation,2023-02,country_kr,country_th,-0.23896346360155132,0.008900679647922516
tgn,validation,2023-02,country_kr,country_us,-0.16231511005356905,0.1750255525112152
tgn,validation,2023-02,country_kr,country_vn,-0.02837829526289554,0.0039716362953186035
tgn,validation,2023-02,country_mx,country_203,0.17214041757671572,0.22832190990447998
tgn,validation,2023-02,country_mx,country_344,-0.287625225777672,0.08428287506103516
tgn,validation,2023-02,country_mx,country_372,-0.45676510392202097,0.4012286067008972
tgn,validation,2023-02,country_mx,country_380,0.32113967522231573,0.048144057393074036
tgn,validation,2023-02,country_mx,country_cn,-0.20768081371539837,-0.015545330941677094
tgn,validation,2023-02,country_mx,country_de,0.12885170124143677,-0.03661550581455231
tgn,validation,2023-02,country_mx,country_fr,1.3262900933264183,-0.050178542733192444
tgn,validation,2023-02,country_mx,country_gb,-0.17100065393676855,-0.009015858173370361
tgn,validation,2023-02,country_mx,country_in,58.33784737930791,0.07880944013595581
tgn,validation,2023-02,country_mx,country_jp,-0.4078306477636465,-0.03887317329645157
tgn,validation,2023-02,country_mx,country_kr,-0.3020792005804795,-0.04318360984325409
tgn,validation,2023-02,country_mx,country_my,6.2568225821621,-0.042966485023498535
tgn,validation,2023-02,country_mx,country_ph,1.0302366594372594,-0.021412387490272522
tgn,validation,2023-02,country_mx,country_sg,1.078689845170407,0.11476321518421173
tgn,validation,2023-02,country_mx,country_th,-0.04538711340759524,-0.018831953406333923
tgn,validation,2023-02,country_mx,country_us,0.03011713583162731,0.1622101068496704
tgn,validation,2023-02,country_mx,country_vn,-0.5001943217561116,-0.025753065943717957
tgn,validation,2023-02,country_my,country_203,-0.08219009885360283,0.18765896558761597
tgn,validation,2023-02,country_my,country_344,-0.12480311846112455,0.05146491527557373
tgn,validation,2023-02,country_my,country_372,0.10900216089869415,0.35773640871047974
tgn,validation,2023-02,country_my,country_380,0.2788846122046086,0.018061980605125427
tgn,validation,2023-02,country_my,country_cn,-0.14023832468606265,-0.016160570085048676
tgn,validation,2023-02,country_my,country_de,0.09469599231523834,-0.03290456533432007
tgn,validation,2023-02,country_my,country_fr,-0.38580751396556967,-0.03811076283454895
tgn,validation,2023-02,country_my,country_gb,-0.08075336557535504,-0.025051623582839966
tgn,validation,2023-02,country_my,country_in,6.386516486806654,0.04895797371864319
tgn,validation,2023-02,country_my,country_jp,-0.11728496330437302,-0.032258160412311554
tgn,validation,2023-02,country_my,country_kr,-0.035275007166262085,-0.0362912192940712
tgn,validation,2023-02,country_my,country_mx,-0.2508966743064785,-0.02106747031211853
tgn,validation,2023-02,country_my,country_ph,0.1255804772070067,-0.021708503365516663
tgn,validation,2023-02,country_my,country_sg,-0.21803960080853055,0.08614115417003632
tgn,validation,2023-02,country_my,country_th,1.062683059995611,-0.02227044105529785
tgn,validation,2023-02,country_my,country_us,-0.0022608745993719626,0.13488246500492096
tgn,validation,2023-02,country_my,country_vn,-0.4254863245949029,-0.024796605110168457
tgn,validation,2023-02,country_ph,country_203,-0.16652100156206998,0.21843037009239197
tgn,validation,2023-02,country_ph,country_344,0.02670742243430237,0.06918787956237793
tgn,validation,2023-02,country_ph,country_372,-0.30595669436005,0.3872249126434326
tgn,validation,2023-02,country_ph,country_380,0.23254310338143644,0.02921338379383087
tgn,validation,2023-02,country_ph,country_cn,-0.1522448911754297,-0.02655060589313507
tgn,validation,2023-02,country_ph,country_de,0.24127798976454004,-0.039874449372291565
tgn,validation,2023-02,country_ph,country_fr,-0.05092082406068906,-0.05210533365607262
tgn,validation,2023-02,country_ph,country_gb,0.015860370015365652,-0.019146814942359924
tgn,validation,2023-02,country_ph,country_in,0.8546687766986675,0.05449466407299042
tgn,validation,2023-02,country_ph,country_jp,0.11553676377424446,-0.037911899387836456
tgn,validation,2023-02,country_ph,country_kr,0.1079876394065364,-0.044561006128787994
tgn,validation,2023-02,country_ph,country_mx,0.05092723972790947,-0.023652367293834686
tgn,validation,2023-02,country_ph,country_my,-0.19565110231036162,-0.03514322638511658
tgn,validation,2023-02,country_ph,country_sg,-0.1810266507359468,0.1094016432762146
tgn,validation,2023-02,country_ph,country_th,-0.16390510353615345,-0.0237596333026886
tgn,validation,2023-02,country_ph,country_us,-0.09539775949018267,0.1279556155204773
tgn,validation,2023-02,country_ph,country_vn,-0.32952821357430445,-0.032662294805049896
tgn,validation,2023-02,country_sg,country_203,0.48445471396503637,0.3161988854408264
tgn,validation,2023-02,country_sg,country_344,-0.2095955092791405,0.15783393383026123
tgn,validation,2023-02,country_sg,country_372,-0.25311530635907126,0.48076796531677246
tgn,validation,2023-02,country_sg,country_380,0.07975378048858972,0.1783517599105835
tgn,validation,2023-02,country_sg,country_cn,-0.22059921749484102,0.03288145363330841
tgn,validation,2023-02,country_sg,country_de,0.045492356652348735,-0.06166783347725868
tgn,validation,2023-02,country_sg,country_fr,-0.28626551960984764,-0.02469419687986374
tgn,validation,2023-02,country_sg,country_gb,0.06549113954907446,-0.0014478787779808044
tgn,validation,2023-02,country_sg,country_in,-0.7195526522977617,0.06126245856285095
tgn,validation,2023-02,country_sg,country_jp,0.030500138907201543,-0.0611005574464798
tgn,validation,2023-02,country_sg,country_kr,-0.260551633599817,-0.07227718085050583
tgn,validation,2023-02,country_sg,country_mx,0.25553239603007116,-0.04342004656791687
tgn,validation,2023-02,country_sg,country_my,0.44686527712884483,-0.05870259925723076
tgn,validation,2023-02,country_sg,country_ph,-0.224813610215671,-0.05038939788937569
tgn,validation,2023-02,country_sg,country_th,0.025435817582827498,-0.05493800714612007
tgn,validation,2023-02,country_sg,country_us,0.19283964800054595,0.10335242748260498
tgn,validation,2023-02,country_sg,country_vn,-0.08424934740103565,-0.058325957506895065
tgn,validation,2023-02,country_th,country_203,0.158438179825875,0.22707220911979675
tgn,validation,2023-02,country_th,country_344,-0.21837171314654272,0.08101269602775574
tgn,validation,2023-02,country_th,country_372,0.2695860277022578,0.3956836462020874
tgn,validation,2023-02,country_th,country_380,0.11551895472102898,0.046910807490348816
tgn,validation,2023-02,country_th,country_cn,-0.11845097154889617,-0.0037528425455093384
tgn,validation,2023-02,country_th,country_de,0.22137207571496778,-0.021793708205223083
tgn,validation,2023-02,country_th,country_fr,0.015320506175029775,-0.04033079743385315
tgn,validation,2023-02,country_th,country_gb,0.1631018779541398,0.00244903564453125
tgn,validation,2023-02,country_th,country_in,1.5560098089290024,0.08440631628036499
tgn,validation,2023-02,country_th,country_jp,0.0011253553760228532,-0.02455712854862213
tgn,validation,2023-02,country_th,country_kr,-0.013529577985742966,-0.025229662656784058
tgn,validation,2023-02,country_th,country_mx,0.08141322854553662,-0.004280641674995422
tgn,validation,2023-02,country_th,country_my,-0.16171475293461485,-0.022037558257579803
tgn,validation,2023-02,country_th,country_ph,-0.054583495069748626,-0.009037218987941742
tgn,validation,2023-02,country_th,country_sg,-0.2203751295906691,0.12212163209915161
tgn,validation,2023-02,country_th,country_us,0.7467395489482117,0.17154493927955627
tgn,validation,2023-02,country_th,country_vn,0.3590319479307667,-0.004905499517917633
tgn,validation,2023-02,country_tw,country_203,-0.06552533812147328,0.16506651043891907
tgn,validation,2023-02,country_tw,country_344,0.02043302062692186,0.07116946578025818
tgn,validation,2023-02,country_tw,country_372,-0.23943222038432185,0.33223384618759155
tgn,validation,2023-02,country_tw,country_380,0.07565673559595316,0.03181809186935425
tgn,validation,2023-02,country_tw,country_cn,-0.10913590398551774,-0.0021396800875663757
tgn,validation,2023-02,country_tw,country_de,0.12377063908655779,-0.015253603458404541
tgn,validation,2023-02,country_tw,country_fr,0.4826188468257509,-0.024645380675792694
tgn,validation,2023-02,country_tw,country_gb,0.1857586192501353,-0.014498703181743622
tgn,validation,2023-02,country_tw,country_in,2.1803806406441053,0.07539211213588715
tgn,validation,2023-02,country_tw,country_jp,-0.12159291313029856,-0.015568919479846954
tgn,validation,2023-02,country_tw,country_kr,0.12647134901460425,-0.022458143532276154
tgn,validation,2023-02,country_tw,country_mx,-0.03531971714959121,-0.0043109506368637085
tgn,validation,2023-02,country_tw,country_my,-0.12654884288055424,-0.020423851907253265
tgn,validation,2023-02,country_tw,country_ph,-0.05425902642547007,-0.006013095378875732
tgn,validation,2023-02,country_tw,country_sg,-0.11875325244027977,0.05778375267982483
tgn,validation,2023-02,country_tw,country_th,0.08741412741559548,-0.008460797369480133
tgn,validation,2023-02,country_tw,country_us,0.033893628058710046,0.13536815345287323
tgn,validation,2023-02,country_tw,country_vn,-0.0407705137786947,-0.025548055768013
tgn,validation,2023-02,country_us,country_203,0.34565511154929124,0.07762911915779114
tgn,validation,2023-02,country_us,country_344,-0.004577631660484781,0.025259822607040405
tgn,validation,2023-02,country_us,country_372,-0.26700591932876766,0.21743449568748474
tgn,validation,2023-02,country_us,country_380,0.06515669408680988,0.015728898346424103
tgn,validation,2023-02,country_us,country_cn,-0.354788931522304,-0.1639227420091629
tgn,validation,2023-02,country_us,country_de,-0.012090023055744562,-0.16140007972717285
tgn,validation,2023-02,country_us,country_fr,-0.3588712774542408,-0.15960286557674408
tgn,validation,2023-02,country_us,country_gb,0.1458144172254632,-0.15884491801261902
tgn,validation,2023-02,country_us,country_in,-0.7026206698046908,-0.09236294776201248
tgn,validation,2023-02,country_us,country_jp,-0.1194251513065022,-0.16597509384155273
tgn,validation,2023-02,country_us,country_kr,-0.2797119381696761,-0.19255265593528748
tgn,validation,2023-02,country_us,country_mx,-0.09452727322020106,-0.18239206075668335
tgn,validation,2023-02,country_us,country_my,-0.3310049761881345,-0.1597953587770462
tgn,validation,2023-02,country_us,country_ph,0.11361032815242907,-0.16669964790344238
tgn,validation,2023-02,country_us,country_sg,0.08633503407639452,-0.10246367752552032
tgn,validation,2023-02,country_us,country_th,-0.14937302542361228,-0.1784210056066513
tgn,validation,2023-02,country_us,country_vn,-0.14913589585977463,-0.17190806567668915
tgn,validation,2023-02,country_vn,country_203,0.9921054420340808,0.2071073055267334
tgn,validation,2023-02,country_vn,country_344,0.2453394337174695,0.08229735493659973
tgn,validation,2023-02,country_vn,country_372,0.7629083144099452,0.38713139295578003
tgn,validation,2023-02,country_vn,country_380,-0.05138269758650521,0.043526798486709595
tgn,validation,2023-02,country_vn,country_cn,0.37216029438118065,0.0017683953046798706
tgn,validation,2023-02,country_vn,country_de,-0.09952160494767054,-0.01454666256904602
tgn,validation,2023-02,country_vn,country_fr,-0.28637214500989455,-0.027538880705833435
tgn,validation,2023-02,country_vn,country_gb,-0.037591726396165634,-0.0023631826043128967
tgn,validation,2023-02,country_vn,country_in,1.5193159091842818,0.08185887336730957
tgn,validation,2023-02,country_vn,country_jp,-0.3177171875565763,-0.021666787564754486
tgn,validation,2023-02,country_vn,country_kr,-0.04459743258848212,-0.02230008691549301
tgn,validation,2023-02,country_vn,country_mx,0.37330997079674694,-0.0025050342082977295
tgn,validation,2023-02,country_vn,country_my,-0.1901349445086103,-0.021761871874332428
tgn,validation,2023-02,country_vn,country_ph,0.24186426134817823,-0.01639518141746521
tgn,validation,2023-02,country_vn,country_sg,-0.016937883705732938,0.10863779485225677
tgn,validation,2023-02,country_vn,country_th,0.3195349111947501,-0.00764407217502594
tgn,validation,2023-02,country_vn,country_us,0.09136520003682608,0.16979172825813293
tgn,validation,2023-03,country_203,country_344,-0.337865294669588,0.4477018117904663
tgn,validation,2023-03,country_203,country_372,1.2822386548702123,0.19817715883255005
tgn,validation,2023-03,country_203,country_380,-0.504640217241551,0.22555473446846008
tgn,validation,2023-03,country_203,country_cn,0.12454223926970973,0.5423877835273743
tgn,validation,2023-03,country_203,country_de,-0.0217999452431776,0.34132975339889526
tgn,validation,2023-03,country_203,country_fr,2.911197817349374,0.43696457147598267
tgn,validation,2023-03,country_203,country_gb,1.10875746467475,0.6669504046440125
tgn,validation,2023-03,country_203,country_in,0.19794272646316505,1.0740833282470703
tgn,validation,2023-03,country_203,country_jp,0.9693652355930923,0.24855542182922363
tgn,validation,2023-03,country_203,country_kr,-0.8481310100498879,0.5107521414756775
tgn,validation,2023-03,country_203,country_mx,4.497948389241032,0.4847590923309326
tgn,validation,2023-03,country_203,country_my,-0.3344774438552422,0.5498818755149841
tgn,validation,2023-03,country_203,country_ph,0.3972590823515742,0.4034147262573242
tgn,validation,2023-03,country_203,country_sg,0.4409555569796911,0.7033237218856812
tgn,validation,2023-03,country_203,country_th,2.5965238619888527,0.6797214150428772
tgn,validation,2023-03,country_203,country_us,-0.4377871031726242,0.35543304681777954
tgn,validation,2023-03,country_203,country_vn,-0.09040054541506223,0.5421250462532043
tgn,validation,2023-03,country_344,country_203,-0.7700957557194191,0.18461790680885315
tgn,validation,2023-03,country_344,country_372,-0.6686981197768371,0.19185280799865723
tgn,validation,2023-03,country_344,country_380,-0.2554092539418082,0.24115538597106934
tgn,validation,2023-03,country_344,country_cn,-0.3893570848344787,0.6232016682624817
tgn,validation,2023-03,country_344,country_de,-0.209944233893351,0.3696536719799042
tgn,validation,2023-03,country_344,country_fr,-0.48171975739094014,0.48069053888320923
tgn,validation,2023-03,country_344,country_gb,-0.29909138615836245,0.765870988368988
tgn,validation,2023-03,country_344,country_in,-0.976594104368269,1.159928321838379
tgn,validation,2023-03,country_344,country_jp,-0.7144647704730649,0.24643805623054504
tgn,validation,2023-03,country_344,country_kr,0.10922646889923629,0.597035825252533
tgn,validation,2023-03,country_344,country_mx,-0.12072617856622336,0.5948519110679626
tgn,validation,2023-03,country_344,country_my,-0.22969351394312554,0.645280122756958
tgn,validation,2023-03,country_344,country_ph,-0.08202127367563554,0.549497663974762
tgn,validation,2023-03,country_344,country_sg,-0.6871814062672031,0.7816423773765564
tgn,validation,2023-03,country_344,country_th,-0.7485745585079867,0.7856108546257019
tgn,validation,2023-03,country_344,country_us,-0.8394854359102574,0.48011183738708496
tgn,validation,2023-03,country_344,country_vn,0.06621898357886342,0.628333330154419
tgn,validation,2023-03,country_372,country_203,-0.36516008390401183,0.1934869885444641
tgn,validation,2023-03,country_372,country_344,0.2801105641514771,0.4488353729248047
tgn,validation,2023-03,country_372,country_380,-0.3519204053689911,0.22143018245697021
tgn,validation,2023-03,country_372,country_cn,-0.20158354752108112,0.5370816588401794
tgn,validation,2023-03,country_372,country_de,1.0763322865247256,0.3329068422317505
tgn,validation,2023-03,country_372,country_fr,-0.11114633929483554,0.4378799796104431
tgn,validation,2023-03,country_372,country_gb,-0.37729867162167563,0.6759071350097656
tgn,validation,2023-03,country_372,country_in,-0.999473175911579,1.0794875621795654
tgn,validation,2023-03,country_372,country_jp,1.2514295569717038,0.25881677865982056
tgn,validation,2023-03,country_372,country_kr,-0.3335426611217009,0.49932384490966797
tgn,validation,2023-03,country_372,country_mx,1.0751017153420264,0.49067002534866333
tgn,validation,2023-03,country_372,country_my,0.34087361382404807,0.5644698739051819
tgn,validation,2023-03,country_372,country_ph,0.3052028868794767,0.42316681146621704
tgn,validation,2023-03,country_372,country_sg,-0.36526598136613464,0.7038477659225464
tgn,validation,2023-03,country_372,country_th,0.7546270958232867,0.6837278008460999
tgn,validation,2023-03,country_372,country_us,0.18186772502728454,0.37766313552856445
tgn,validation,2023-03,country_372,country_vn,-0.11110340604391632,0.5141703486442566
tgn,validation,2023-03,country_380,country_203,0.13802789985389602,0.20577555894851685
tgn,validation,2023-03,country_380,country_344,0.3468118698973426,0.45071929693222046
tgn,validation,2023-03,country_380,country_372,-0.4773390078830886,0.20464614033699036
tgn,validation,2023-03,country_380,country_cn,0.252647990503403,0.5468530058860779
tgn,validation,2023-03,country_380,country_de,0.5163602855884276,0.3558790981769562
tgn,validation,2023-03,country_380,country_fr,-0.031115579436241936,0.45294880867004395
tgn,validation,2023-03,country_380,country_gb,-0.11026471890661903,0.6801509857177734
tgn,validation,2023-03,country_380,country_in,1.4648039509679027,1.0945050716400146
tgn,validation,2023-03,country_380,country_jp,-0.005384916410621175,0.26123833656311035
tgn,validation,2023-03,country_380,country_kr,-0.4331767940518553,0.5173696875572205
tgn,validation,2023-03,country_380,country_mx,-0.06497938701650277,0.4969605803489685
tgn,validation,2023-03,country_380,country_my,-0.861165420468916,0.5530362725257874
tgn,validation,2023-03,country_380,country_ph,-0.07641788333701212,0.44430261850357056
tgn,validation,2023-03,country_380,country_sg,0.09491186402161496,0.7140598297119141
tgn,validation,2023-03,country_380,country_th,-0.025895903650870578,0.6881953477859497
tgn,validation,2023-03,country_380,country_us,0.10390342982542657,0.39352405071258545
tgn,validation,2023-03,country_380,country_vn,-0.273468269351952,0.540855884552002
tgn,validation,2023-03,country_50,country_de,-0.9858096608337085,0.280853271484375
tgn,validation,2023-03,country_50,country_jp,0.10205574949057496,0.1995835304260254
tgn,validation,2023-03,country_50,country_my,-0.42378178244833026,0.5023358464241028
tgn,validation,2023-03,country_50,country_sg,-0.9988601059588501,0.6663562655448914
tgn,validation,2023-03,country_cn,country_203,-0.20997820924726884,0.28598010540008545
tgn,validation,2023-03,country_cn,country_344,-0.03088928484735513,0.42841798067092896
tgn,validation,2023-03,country_cn,country_372,-0.14138740305042385,0.2848469018936157
tgn,validation,2023-03,country_cn,country_380,0.037655969422756626,0.30094921588897705
tgn,validation,2023-03,country_cn,country_de,-0.01733290855316069,0.40305978059768677
tgn,validation,2023-03,country_cn,country_fr,-0.005350991447270501,0.4766252636909485
tgn,validation,2023-03,country_cn,country_gb,0.09130486256753259,0.6913555264472961
tgn,validation,2023-03,country_cn,country_in,0.7614960983439254,1.0684864521026611
tgn,validation,2023-03,country_cn,country_jp,-0.29164933677810745,0.3402327597141266
tgn,validation,2023-03,country_cn,country_kr,-0.3366368914803477,0.5325478315353394
tgn,validation,2023-03,country_cn,country_mx,0.44181875831222434,0.5087695121765137
tgn,validation,2023-03,country_cn,country_my,-0.18049958329688098,0.5655749440193176
tgn,validation,2023-03,country_cn,country_ph,-0.07050220169282194,0.4797918200492859
tgn,validation,2023-03,country_cn,country_sg,-0.2123418136304434,0.712211012840271
tgn,validation,2023-03,country_cn,country_th,0.11902109766819698,0.7071028351783752
tgn,validation,2023-03,country_cn,country_us,-0.18430062259134697,0.4312595725059509
tgn,validation,2023-03,country_cn,country_vn,-0.2120366999464397,0.5673917531967163
tgn,validation,2023-03,country_de,country_203,-0.0554569203887135,0.21903514862060547
tgn,validation,2023-03,country_de,country_344,-0.14241338949449803,0.3947390913963318
tgn,validation,2023-03,country_de,country_372,-0.3430099297361322,0.21531638503074646
tgn,validation,2023-03,country_de,country_380,0.08485032389154946,0.2363606095314026
tgn,validation,2023-03,country_de,country_cn,-0.24915342483230796,0.5458250641822815
tgn,validation,2023-03,country_de,country_fr,0.03693795098606858,0.4664563536643982
tgn,validation,2023-03,country_de,country_gb,-0.15439286490328513,0.6735358834266663
tgn,validation,2023-03,country_de,country_in,-0.3430283123835095,1.0412328243255615
tgn,validation,2023-03,country_de,country_jp,0.30009830650847885,0.31699320673942566
tgn,validation,2023-03,country_de,country_kr,-0.20116825041978503,0.5296433568000793
tgn,validation,2023-03,country_de,country_mx,0.15948547517660797,0.5039045214653015
tgn,validation,2023-03,country_de,country_my,0.18302974241849015,0.5754643678665161
tgn,validation,2023-03,country_de,country_ph,0.0027962617762329225,0.46341967582702637
tgn,validation,2023-03,country_de,country_sg,0.031965711789089496,0.6922791600227356
tgn,validation,2023-03,country_de,country_th,0.5802323752772929,0.6858710646629333
tgn,validation,2023-03,country_de,country_us,0.0602463163822803,0.3787405490875244
tgn,validation,2023-03,country_de,country_vn,-0.11695218707936123,0.5377795696258545
tgn,validation,2023-03,country_fr,country_203,2.05096460838908,0.2489386796951294
tgn,validation,2023-03,country_fr,country_344,-0.1527798341712853,0.4038880467414856
tgn,validation,2023-03,country_fr,country_372,0.04061660874578616,0.25217723846435547
tgn,validation,2023-03,country_fr,country_380,-0.024011191489508373,0.2728844881057739
tgn,validation,2023-03,country_fr,country_cn,-0.1407641062951229,0.5452795624732971
tgn,validation,2023-03,country_fr,country_de,-0.7380672140966773,0.37144768238067627
tgn,validation,2023-03,country_fr,country_gb,-0.10434539182765232,0.6548237204551697
tgn,validation,2023-03,country_fr,country_in,-0.062374677663996014,1.0430796146392822
tgn,validation,2023-03,country_fr,country_jp,-0.07827374509193541,0.32644397020339966
tgn,validation,2023-03,country_fr,country_kr,-0.17266955531292755,0.5048710107803345
tgn,validation,2023-03,country_fr,country_mx,-0.1824153435145959,0.5088374614715576
tgn,validation,2023-03,country_fr,country_my,-0.5260404884156529,0.5452876091003418
tgn,validation,2023-03,country_fr,country_ph,-0.00034540658473570715,0.46274858713150024
tgn,validation,2023-03,country_fr,country_sg,0.0884509111288474,0.6933066248893738
tgn,validation,2023-03,country_fr,country_th,-0.39438142645758556,0.6661221385002136
tgn,validation,2023-03,country_fr,country_us,0.06360834458040661,0.40171581506729126
tgn,validation,2023-03,country_fr,country_vn,0.05237401974577637,0.5259266495704651
tgn,validation,2023-03,country_gb,country_203,-0.7107765323973665,0.2729870676994324
tgn,validation,2023-03,country_gb,country_344,-0.1753452649517356,0.3998340964317322
tgn,validation,2023-03,country_gb,country_372,0.23687083143092016,0.2752818167209625
tgn,validation,2023-03,country_gb,country_380,-0.16427674242449858,0.28675562143325806
tgn,validation,2023-03,country_gb,country_cn,0.0903703395999858,0.48458683490753174
tgn,validation,2023-03,country_gb,country_de,-0.22279826369808378,0.3424193859100342
tgn,validation,2023-03,country_gb,country_fr,-0.02167687764395183,0.39458078145980835
tgn,validation,2023-03,country_gb,country_in,-0.8554443589187082,0.9826318621635437
tgn,validation,2023-03,country_gb,country_jp,-0.00196496491038807,0.29712173342704773
tgn,validation,2023-03,country_gb,country_kr,-0.2940597645087236,0.44986987113952637
tgn,validation,2023-03,country_gb,country_mx,0.06160095374139431,0.45783352851867676
tgn,validation,2023-03,country_gb,country_my,-0.18299096327270017,0.4777759909629822
tgn,validation,2023-03,country_gb,country_ph,-0.3413243792771078,0.4278768301010132
tgn,validation,2023-03,country_gb,country_sg,-0.05051208906683666,0.630379319190979
tgn,validation,2023-03,country_gb,country_th,-0.28867846733133495,0.6011506915092468
tgn,validation,2023-03,country_gb,country_us,0.03821094317358695,0.4132830500602722
tgn,validation,2023-03,country_gb,country_vn,-0.6790655016745017,0.474647581577301
tgn,validation,2023-03,country_in,country_203,0.5893942521617468,0.4425075650215149
tgn,validation,2023-03,country_in,country_344,-0.19919519350344347,0.5534074902534485
tgn,validation,2023-03,country_in,country_372,-0.5276093285846332,0.4472759962081909
tgn,validation,2023-03,country_in,country_380,1.6271487167830818,0.4616745114326477
tgn,validation,2023-03,country_in,country_cn,-0.2499931479584179,0.6049438714981079
tgn,validation,2023-03,country_in,country_de,-0.133090402791169,0.5099037289619446
tgn,validation,2023-03,country_in,country_fr,-0.19765030627061952,0.5573355555534363
tgn,validation,2023-03,country_in,country_gb,-0.019768870883599635,0.7060528993606567
tgn,validation,2023-03,country_in,country_jp,1.1266746763535744,0.4459455609321594
tgn,validation,2023-03,country_in,country_kr,0.1810857571533682,0.6118465065956116
tgn,validation,2023-03,country_in,country_mx,-0.11903742981940817,0.6172844767570496
tgn,validation,2023-03,country_in,country_my,0.11870618019334249,0.6327188611030579
tgn,validation,2023-03,country_in,country_ph,-0.30480109329609356,0.5734609365463257
tgn,validation,2023-03,country_in,country_sg,0.7389259724848929,0.7361435890197754
tgn,validation,2023-03,country_in,country_th,0.01791748287812215,0.7101680040359497
tgn,validation,2023-03,country_in,country_us,2.8770678800558955,0.5995603203773499
tgn,validation,2023-03,country_in,country_vn,0.287808681193471,0.5973960161209106
tgn,validation,2023-03,country_jp,country_203,-0.10392340070469369,0.1363542079925537
tgn,validation,2023-03,country_jp,country_344,-0.05318517252944488,0.3573208749294281
tgn,validation,2023-03,country_jp,country_372,-0.5243310107596638,0.13783562183380127
tgn,validation,2023-03,country_jp,country_380,-0.10809226872449523,0.16744813323020935
tgn,validation,2023-03,country_jp,country_cn,-0.09291934673245851,0.5043085813522339
tgn,validation,2023-03,country_jp,country_de,0.04105773000563073,0.3017021417617798
tgn,validation,2023-03,country_jp,country_fr,0.12315727439272482,0.41860324144363403
tgn,validation,2023-03,country_jp,country_gb,-0.16777184731194703,0.6301981806755066
tgn,validation,2023-03,country_jp,country_in,0.7627364166132001,0.9690079092979431
tgn,validation,2023-03,country_jp,country_kr,-0.24241230662769628,0.4999486207962036
tgn,validation,2023-03,country_jp,country_mx,-0.05125852574791397,0.46126508712768555
tgn,validation,2023-03,country_jp,country_my,-0.39991784615060016,0.5482384562492371
tgn,validation,2023-03,country_jp,country_ph,-0.1703707449264333,0.41467946767807007
tgn,validation,2023-03,country_jp,country_sg,-0.33136400703853647,0.6612405776977539
tgn,validation,2023-03,country_jp,country_th,0.007740456626650628,0.6627697348594666
tgn,validation,2023-03,country_jp,country_us,0.04994675234124197,0.29603415727615356
tgn,validation,2023-03,country_jp,country_vn,-0.21719218189771336,0.4617491364479065
tgn,validation,2023-03,country_kr,country_203,-0.4630658065374783,0.2765180468559265
tgn,validation,2023-03,country_kr,country_344,-0.2166625756379983,0.42079704999923706
tgn,validation,2023-03,country_kr,country_372,-0.1907423593530017,0.26877838373184204
tgn,validation,2023-03,country_kr,country_380,0.14532790856148842,0.2859198749065399
tgn,validation,2023-03,country_kr,country_cn,-0.21164670510179723,0.5455620884895325
tgn,validation,2023-03,country_kr,country_de,0.17588691436811194,0.36371737718582153
tgn,validation,2023-03,country_kr,country_fr,1.0115928963255432,0.4326513409614563
tgn,validation,2023-03,country_kr,country_gb,-0.1655026090879881,0.6414812207221985
tgn,validation,2023-03,country_kr,country_in,-0.15470512784748316,1.0430171489715576
tgn,validation,2023-03,country_kr,country_jp,-0.09880215427832802,0.3379594087600708
tgn,validation,2023-03,country_kr,country_mx,-0.0709645656279466,0.5013149380683899
tgn,validation,2023-03,country_kr,country_my,-0.33077432253727784,0.5441036224365234
tgn,validation,2023-03,country_kr,country_ph,-0.28901262211729656,0.46533578634262085
tgn,validation,2023-03,country_kr,country_th,0.024721722401273107,0.6691468358039856
tgn,validation,2023-03,country_kr,country_us,-0.29666710069147545,0.43653005361557007
tgn,validation,2023-03,country_kr,country_vn,-0.2926143475566322,0.5283340811729431
tgn,validation,2023-03,country_mx,country_203,0.5759249551629539,0.28121763467788696
tgn,validation,2023-03,country_mx,country_344,-0.4107306931457009,0.4365970492362976
tgn,validation,2023-03,country_mx,country_372,-0.26239259835041356,0.2752673029899597
tgn,validation,2023-03,country_mx,country_380,0.4501480959469438,0.2954683005809784
tgn,validation,2023-03,country_mx,country_cn,-0.17137988579699776,0.5424513816833496
tgn,validation,2023-03,country_mx,country_de,0.028526587096784392,0.37260890007019043
tgn,validation,2023-03,country_mx,country_fr,-0.30412671492714244,0.44215887784957886
tgn,validation,2023-03,country_mx,country_gb,0.3317838565511707,0.6457275748252869
tgn,validation,2023-03,country_mx,country_in,43.589332448051685,1.0388190746307373
tgn,validation,2023-03,country_mx,country_jp,-0.2765497798205141,0.35427963733673096
tgn,validation,2023-03,country_mx,country_kr,-0.2749659874457779,0.4991316795349121
tgn,validation,2023-03,country_mx,country_my,-0.6523493363911613,0.537433385848999
tgn,validation,2023-03,country_mx,country_ph,-0.24790319157770416,0.46299272775650024
tgn,validation,2023-03,country_mx,country_sg,0.29893766599339755,0.6782301664352417
tgn,validation,2023-03,country_mx,country_th,0.26245228725212,0.6596142053604126
tgn,validation,2023-03,country_mx,country_us,-0.30976324572718844,0.4449054002761841
tgn,validation,2023-03,country_mx,country_vn,-0.2281318862218358,0.5218200087547302
tgn,validation,2023-03,country_my,country_203,-0.27003245139904547,0.2956438958644867
tgn,validation,2023-03,country_my,country_344,-0.172798467932068,0.43222254514694214
tgn,validation,2023-03,country_my,country_372,-0.4281906443065493,0.29150575399398804
tgn,validation,2023-03,country_my,country_380,0.014981336355439977,0.3040391504764557
tgn,validation,2023-03,country_my,country_cn,-0.2810946476731111,0.5613399744033813
tgn,validation,2023-03,country_my,country_de,-0.07198195907331077,0.3819533586502075
tgn,validation,2023-03,country_my,country_fr,-0.27514672263515455,0.45595091581344604
tgn,validation,2023-03,country_my,country_gb,-0.09729225730668865,0.6602441668510437
tgn,validation,2023-03,country_my,country_in,6.942161601707328,1.0605285167694092
tgn,validation,2023-03,country_my,country_jp,-0.056504271779403654,0.35132187604904175
tgn,validation,2023-03,country_my,country_kr,-0.13904276089302367,0.5093759894371033
tgn,validation,2023-03,country_my,country_mx,-0.047902826964871026,0.5126765370368958
tgn,validation,2023-03,country_my,country_ph,0.19193502186855962,0.4728636145591736
tgn,validation,2023-03,country_my,country_sg,-0.21088564780405603,0.6931643486022949
tgn,validation,2023-03,country_my,country_th,0.09656468204967764,0.6767410039901733
tgn,validation,2023-03,country_my,country_us,-0.18862318477929227,0.4557979702949524
tgn,validation,2023-03,country_my,country_vn,-0.3227788753660162,0.5465936064720154
tgn,validation,2023-03,country_ph,country_203,-0.14696899796468163,0.23162660002708435
tgn,validation,2023-03,country_ph,country_344,-0.12564793663689766,0.40040123462677
tgn,validation,2023-03,country_ph,country_372,-0.20855527594556977,0.22716039419174194
tgn,validation,2023-03,country_ph,country_380,-0.3893729775364858,0.24137473106384277
tgn,validation,2023-03,country_ph,country_cn,-0.17113502529222732,0.5174360871315002
tgn,validation,2023-03,country_ph,country_de,0.05794632940646084,0.3348395824432373
tgn,validation,2023-03,country_ph,country_fr,-0.05744329977139846,0.41612380743026733
tgn,validation,2023-03,country_ph,country_gb,-0.02154488239387134,0.6285160779953003
tgn,validation,2023-03,country_ph,country_in,1.1077410519922328,1.0090079307556152
tgn,validation,2023-03,country_ph,country_jp,-0.07581545701535118,0.32387399673461914
tgn,validation,2023-03,country_ph,country_kr,0.0109217286410513,0.48708677291870117
tgn,validation,2023-03,country_ph,country_mx,0.005584013671017451,0.47201061248779297
tgn,validation,2023-03,country_ph,country_my,-0.30733456697286526,0.531954288482666
tgn,validation,2023-03,country_ph,country_sg,-0.052070921937597936,0.6570858955383301
tgn,validation,2023-03,country_ph,country_th,-0.09745844908454943,0.6468440890312195
tgn,validation,2023-03,country_ph,country_us,-0.19852716546474242,0.38545912504196167
tgn,validation,2023-03,country_ph,country_vn,-0.19182590986042666,0.50295490026474
tgn,validation,2023-03,country_sg,country_203,0.685925914903748,0.3235185146331787
tgn,validation,2023-03,country_sg,country_344,-0.32217333166405343,0.43773794174194336
tgn,validation,2023-03,country_sg,country_372,-0.7784232039739952,0.31800901889801025
tgn,validation,2023-03,country_sg,country_380,-0.13114235336856409,0.3355148434638977
tgn,validation,2023-03,country_sg,country_cn,-0.1392007218314476,0.5413519740104675
tgn,validation,2023-03,country_sg,country_de,-0.1561207296387751,0.40765053033828735
tgn,validation,2023-03,country_sg,country_fr,0.2871299039128175,0.47279149293899536
tgn,validation,2023-03,country_sg,country_gb,-0.1634356829234454,0.6391976475715637
tgn,validation,2023-03,country_sg,country_in,-0.7083240115953684,1.0391664505004883
tgn,validation,2023-03,country_sg,country_jp,-0.11218353749682673,0.34573057293891907
tgn,validation,2023-03,country_sg,country_kr,0.17573005438398764,0.5310747027397156
tgn,validation,2023-03,country_sg,country_mx,0.011015411205134551,0.5320276618003845
tgn,validation,2023-03,country_sg,country_my,0.13918713224914292,0.5659742951393127
tgn,validation,2023-03,country_sg,country_ph,-0.05096954840156365,0.48711127042770386
tgn,validation,2023-03,country_sg,country_th,0.07452087059727257,0.6637119650840759
tgn,validation,2023-03,country_sg,country_us,0.07955209591223864,0.47733068466186523
tgn,validation,2023-03,country_sg,country_vn,-0.13497899558694798,0.48699039220809937
tgn,validation,2023-03,country_th,country_203,-0.09934413837546757,0.331866979598999
tgn,validation,2023-03,country_th,country_344,-0.13708074187078353,0.44434791803359985
tgn,validation,2023-03,country_th,country_372,0.010083928034918888,0.33008766174316406
tgn,validation,2023-03,country_th,country_380,-0.21710794643640846,0.3434666693210602
tgn,validation,2023-03,country_th,country_cn,-0.1698385429986822,0.5563440918922424
tgn,validation,2023-03,country_th,country_de,-0.04606091847285514,0.40695273876190186
tgn,validation,2023-03,country_th,country_fr,-0.004110567694410868,0.4680481553077698
tgn,validation,2023-03,country_th,country_gb,0.11385670637445086,0.6544390320777893
tgn,validation,2023-03,country_th,country_in,0.9655782417953064,1.0591943264007568
tgn,validation,2023-03,country_th,country_jp,-0.08361523894158461,0.36016422510147095
tgn,validation,2023-03,country_th,country_kr,-0.0378248931169967,0.5283132195472717
tgn,validation,2023-03,country_th,country_mx,-0.009576596509404693,0.5257647037506104
tgn,validation,2023-03,country_th,country_my,-0.3045820193405164,0.5546616911888123
tgn,validation,2023-03,country_th,country_ph,-0.2300321507513146,0.47956401109695435
tgn,validation,2023-03,country_th,country_sg,-0.20186713913545987,0.687800943851471
tgn,validation,2023-03,country_th,country_us,0.26844126585487627,0.4892228841781616
tgn,validation,2023-03,country_th,country_vn,0.49021254148146737,0.5516558289527893
tgn,validation,2023-03,country_tw,country_203,-0.2641597549308868,0.1375260353088379
tgn,validation,2023-03,country_tw,country_344,0.007437916263301935,0.3615400195121765
tgn,validation,2023-03,country_tw,country_372,-0.40946445473162535,0.1357358992099762
tgn,validation,2023-03,country_tw,country_380,-0.25585370619934167,0.150374174118042
tgn,validation,2023-03,country_tw,country_cn,-0.19037412325542927,0.5303681492805481
tgn,validation,2023-03,country_tw,country_de,0.06713799932619972,0.3357785642147064
tgn,validation,2023-03,country_tw,country_fr,0.12885998846803545,0.4384562373161316
tgn,validation,2023-03,country_tw,country_gb,0.13954083911140608,0.6535988450050354
tgn,validation,2023-03,country_tw,country_in,1.9444538548907353,1.0293536186218262
tgn,validation,2023-03,country_tw,country_jp,0.08184017018452555,0.2892901301383972
tgn,validation,2023-03,country_tw,country_kr,-0.17859437246454957,0.5202847123146057
tgn,validation,2023-03,country_tw,country_mx,0.06986969629655804,0.48317766189575195
tgn,validation,2023-03,country_tw,country_my,-0.1851188927279044,0.5638534426689148
tgn,validation,2023-03,country_tw,country_ph,-0.2157278318140155,0.436102032661438
tgn,validation,2023-03,country_tw,country_sg,-0.10410000265435203,0.6848286390304565
tgn,validation,2023-03,country_tw,country_th,0.08925624264030403,0.6803743243217468
tgn,validation,2023-03,country_tw,country_us,-0.06677568016980034,0.3273436427116394
tgn,validation,2023-03,country_tw,country_vn,-0.11204674799525392,0.5267912745475769
tgn,validation,2023-03,country_us,country_203,0.10978107141523998,0.1856396198272705
tgn,validation,2023-03,country_us,country_344,-0.09227030791404427,0.39695554971694946
tgn,validation,2023-03,country_us,country_372,-0.5622300846562922,0.18348336219787598
tgn,validation,2023-03,country_us,country_380,-0.31220421120846953,0.20059585571289062
tgn,validation,2023-03,country_us,country_cn,-0.39058999810636186,0.3063677251338959
tgn,validation,2023-03,country_us,country_de,-0.13338518411039382,0.13502046465873718
tgn,validation,2023-03,country_us,country_fr,-0.27135891829457526,0.22201833128929138
tgn,validation,2023-03,country_us,country_gb,-0.06475669430975257,0.4280337691307068
tgn,validation,2023-03,country_us,country_in,-0.5348255789024465,0.697534441947937
tgn,validation,2023-03,country_us,country_jp,-0.16759650222406025,0.11891785264015198
tgn,validation,2023-03,country_us,country_kr,-0.18153687310281258,0.2964487671852112
tgn,validation,2023-03,country_us,country_mx,-0.0672490874312034,0.2421075403690338
tgn,validation,2023-03,country_us,country_my,-0.43913304661366503,0.3391226530075073
tgn,validation,2023-03,country_us,country_ph,0.03390831727712025,0.24112939834594727
tgn,validation,2023-03,country_us,country_sg,-0.12449298890430537,0.4636589288711548
tgn,validation,2023-03,country_us,country_th,-0.13948005235609914,0.4348573088645935
tgn,validation,2023-03,country_us,country_vn,0.06765554218651877,0.3219759166240692
tgn,validation,2023-03,country_vn,country_203,0.0786662613732207,0.25088703632354736
tgn,validation,2023-03,country_vn,country_344,-0.2178231280730222,0.3739096522331238
tgn,validation,2023-03,country_vn,country_372,-0.6896655629473362,0.2431558072566986
tgn,validation,2023-03,country_vn,country_380,1.0344884842953534,0.2573976516723633
tgn,validation,2023-03,country_vn,country_cn,-0.3697738827871692,0.5107762217521667
tgn,validation,2023-03,country_vn,country_de,0.13445092438378642,0.3559936583042145
tgn,validation,2023-03,country_vn,country_fr,-0.18326462217571973,0.41547608375549316
tgn,validation,2023-03,country_vn,country_gb,-0.156787732817093,0.6100746989250183
tgn,validation,2023-03,country_vn,country_in,2.016875027412936,0.9963975548744202
tgn,validation,2023-03,country_vn,country_jp,-0.37117042492108243,0.28690701723098755
tgn,validation,2023-03,country_vn,country_kr,0.22518570126410328,0.4785395860671997
tgn,validation,2023-03,country_vn,country_mx,1.7200306970324122,0.47923511266708374
tgn,validation,2023-03,country_vn,country_my,-0.014266512645729324,0.5049231648445129
tgn,validation,2023-03,country_vn,country_ph,1.05861132620388,0.41477400064468384
tgn,validation,2023-03,country_vn,country_sg,-0.1875707342110965,0.6428733468055725
tgn,validation,2023-03,country_vn,country_th,3.0570115754536196,0.6316859722137451
tgn,validation,2023-03,country_vn,country_us,-0.1095773880982526,0.41139161586761475
tgn,validation,2023-04,country_203,country_344,0.5198222812688401,0.1798635721206665
tgn,validation,2023-04,country_203,country_372,0.8492539637946341,0.5518769025802612
tgn,validation,2023-04,country_203,country_380,-0.33997837704294054,0.15554460883140564
tgn,validation,2023-04,country_203,country_cn,0.24199216000966656,-0.05651858448982239
tgn,validation,2023-04,country_203,country_de,-0.009829826527555053,-0.11392876505851746
tgn,validation,2023-04,country_203,country_fr,1.040929504653222,-0.10416428744792938
tgn,validation,2023-04,country_203,country_gb,1.1819086884640853,0.018708646297454834
tgn,validation,2023-04,country_203,country_in,0.8846829491439844,0.1425354778766632
tgn,validation,2023-04,country_203,country_jp,-0.08449839019870073,-0.11721479892730713
tgn,validation,2023-04,country_203,country_kr,0.4153452162439811,-0.04995601251721382
tgn,validation,2023-04,country_203,country_mx,0.10184992652729687,0.3998395800590515
tgn,validation,2023-04,country_203,country_my,-0.3430330283554177,-0.07787328213453293
tgn,validation,2023-04,country_203,country_ph,0.38051514780870277,-0.09153297543525696
tgn,validation,2023-04,country_203,country_sg,0.7731467411573625,0.04292391240596771
tgn,validation,2023-04,country_203,country_th,-0.02789229816254247,-0.042909152805805206
tgn,validation,2023-04,country_203,country_us,0.02725871894232961,0.043119773268699646
tgn,validation,2023-04,country_203,country_vn,0.11129330977120623,0.011691488325595856
tgn,validation,2023-04,country_344,country_203,-0.5498767983467133,0.14881733059883118
tgn,validation,2023-04,country_344,country_372,-0.7041232409749302,0.3488450050354004
tgn,validation,2023-04,country_344,country_380,-0.15480870643743833,0.05384097993373871
tgn,validation,2023-04,country_344,country_cn,-0.22554703616401703,0.3273758292198181
tgn,validation,2023-04,country_344,country_de,-0.625118756396448,0.19190508127212524
tgn,validation,2023-04,country_344,country_fr,0.25577387708016824,0.24658489227294922
tgn,validation,2023-04,country_344,country_gb,-0.4213616966738099,0.42358583211898804
tgn,validation,2023-04,country_344,country_in,-0.920963269960774,0.5959433317184448
tgn,validation,2023-04,country_344,country_jp,-0.8273486843083006,0.18760913610458374
tgn,validation,2023-04,country_344,country_kr,-0.3885553639450448,0.17923426628112793
tgn,validation,2023-04,country_344,country_mx,0.11166022130890403,0.8202403783798218
tgn,validation,2023-04,country_344,country_my,-0.21576151959590825,0.23523589968681335
tgn,validation,2023-04,country_344,country_ph,0.05654261531174973,0.24768328666687012
tgn,validation,2023-04,country_344,country_sg,-0.6425550064841319,0.49045330286026
tgn,validation,2023-04,country_344,country_th,-0.48596882381966144,0.3621925711631775
tgn,validation,2023-04,country_344,country_us,-0.8218809565785926,0.35137730836868286
tgn,validation,2023-04,country_344,country_vn,-0.2980319133943976,0.2323518991470337
tgn,validation,2023-04,country_372,country_203,0.8652324100093967,0.5136511921882629
tgn,validation,2023-04,country_372,country_344,-0.6444945753128444,0.3178662955760956
tgn,validation,2023-04,country_372,country_380,0.6098476018707657,0.28705883026123047
tgn,validation,2023-04,country_372,country_cn,-0.010019106109803031,0.08750392496585846
tgn,validation,2023-04,country_372,country_de,0.8276765515633024,-0.02749842405319214
tgn,validation,2023-04,country_372,country_fr,0.19529795962338442,0.02234286069869995
tgn,validation,2023-04,country_372,country_gb,0.03968111830991924,0.16455134749412537
tgn,validation,2023-04,country_372,country_in,-0.9995782101540525,0.2846328020095825
tgn,validation,2023-04,country_372,country_jp,0.0287013888621458,-0.028307192027568817
tgn,validation,2023-04,country_372,country_kr,1.130339857136005,0.04465559124946594
tgn,validation,2023-04,country_372,country_mx,-0.38038520739970805,0.5134903192520142
tgn,validation,2023-04,country_372,country_my,0.023901237743738306,-0.011745557188987732
tgn,validation,2023-04,country_372,country_ph,0.2503140560800817,0.0013368725776672363
tgn,validation,2023-04,country_372,country_sg,0.6853846840241058,0.18418192863464355
tgn,validation,2023-04,country_372,country_th,-0.19792405961462475,0.08256450295448303
tgn,validation,2023-04,country_372,country_us,-0.23253677076865692,0.0868125855922699
tgn,validation,2023-04,country_372,country_vn,-0.2441759506006065,0.11379736661911011
tgn,validation,2023-04,country_380,country_203,0.6825545328725334,0.20060944557189941
tgn,validation,2023-04,country_380,country_344,0.39176464332078736,0.05175220966339111
tgn,validation,2023-04,country_380,country_372,-0.546955233271343,0.4702953100204468
tgn,validation,2023-04,country_380,country_cn,0.25238049124871803,0.053166717290878296
tgn,validation,2023-04,country_380,country_de,-0.041664978832998974,0.01407942920923233
tgn,validation,2023-04,country_380,country_fr,0.544863725320432,0.022029370069503784
tgn,validation,2023-04,country_380,country_gb,0.42483938270994576,0.12366583943367004
tgn,validation,2023-04,country_380,country_in,-0.3291875984304406,0.25953635573387146
tgn,validation,2023-04,country_380,country_jp,-0.2225132801452211,-0.004789464175701141
tgn,validation,2023-04,country_380,country_kr,-0.04789118043445311,0.000418931245803833
tgn,validation,2023-04,country_380,country_mx,0.18459433657057778,0.486952006816864
tgn,validation,2023-04,country_380,country_my,-0.8397468809527693,0.025529533624649048
tgn,validation,2023-04,country_380,country_ph,-0.05876554914457887,0.023035719990730286
tgn,validation,2023-04,country_380,country_sg,0.2756222469540818,0.18010213971138
tgn,validation,2023-04,country_380,country_th,0.4899132462919976,0.05722302198410034
tgn,validation,2023-04,country_380,country_us,0.01953779349121374,0.14840996265411377
tgn,validation,2023-04,country_380,country_vn,0.15299677500138192,0.022920504212379456
tgn,validation,2023-04,country_50,country_jp,-0.20933465227602857,0.17556649446487427
tgn,validation,2023-04,country_50,country_my,-0.35971376916241565,0.18319851160049438
tgn,validation,2023-04,country_50,country_sg,-0.9994091312435571,0.4006202816963196
tgn,validation,2023-04,country_cn,country_203,-0.051616356851308734,0.2220054566860199
tgn,validation,2023-04,country_cn,country_344,-0.10793011876282527,0.12832196056842804
tgn,validation,2023-04,country_cn,country_372,-0.16449942279971694,0.47033315896987915
tgn,validation,2023-04,country_cn,country_380,0.128794335593479,0.11751922965049744
tgn,validation,2023-04,country_cn,country_de,-0.0027926892393361482,0.20723706483840942
tgn,validation,2023-04,country_cn,country_fr,0.2475301796817478,0.24159061908721924
tgn,validation,2023-04,country_cn,country_gb,0.22173289350920145,0.3387307822704315
tgn,validation,2023-04,country_cn,country_in,0.9210923577456083,0.47599124908447266
tgn,validation,2023-04,country_cn,country_jp,-0.32435501306561487,0.2024211287498474
tgn,validation,2023-04,country_cn,country_kr,-0.15459576522195825,0.18823638558387756
tgn,validation,2023-04,country_cn,country_mx,-0.04797013685163007,0.6200138926506042
tgn,validation,2023-04,country_cn,country_my,-0.25078535347683445,0.22365295886993408
tgn,validation,2023-04,country_cn,country_ph,-0.18722038726135717,0.2209637463092804
tgn,validation,2023-04,country_cn,country_sg,-0.28475563005618804,0.3927883505821228
tgn,validation,2023-04,country_cn,country_th,0.3117952741353299,0.3093467354774475
tgn,validation,2023-04,country_cn,country_us,-0.10741573268532836,0.24955594539642334
tgn,validation,2023-04,country_cn,country_vn,-0.19487421962399182,0.19730597734451294
tgn,validation,2023-04,country_de,country_203,0.013037869784275529,0.27121344208717346
tgn,validation,2023-04,country_de,country_344,-0.17243710120176617,0.09977060556411743
tgn,validation,2023-04,country_de,country_372,-0.5107512670955349,0.5515297055244446
tgn,validation,2023-04,country_de,country_380,0.5062526332688703,0.11923053860664368
tgn,validation,2023-04,country_de,country_cn,-0.18289674768689404,0.2818843722343445
tgn,validation,2023-04,country_de,country_fr,0.16272508371124517,0.2489112913608551
tgn,validation,2023-04,country_de,country_gb,-0.19336404972125645,0.3670205771923065
tgn,validation,2023-04,country_de,country_in,-0.1574825991691552,0.5008623003959656
tgn,validation,2023-04,country_de,country_jp,-0.1995979380103803,0.19766420125961304
tgn,validation,2023-04,country_de,country_kr,-0.18811909183605355,0.1869477927684784
tgn,validation,2023-04,country_de,country_mx,0.07606768620688381,0.6524861454963684
tgn,validation,2023-04,country_de,country_my,0.10887477126659113,0.22723695635795593
tgn,validation,2023-04,country_de,country_ph,0.0592469350604311,0.22040724754333496
tgn,validation,2023-04,country_de,country_sg,-0.08013365521753524,0.4294582009315491
tgn,validation,2023-04,country_de,country_th,0.9482840189779612,0.3023103177547455
tgn,validation,2023-04,country_de,country_us,0.21242579119735888,0.24042218923568726
tgn,validation,2023-04,country_de,country_vn,0.020491413147106275,0.18063139915466309
tgn,validation,2023-04,country_fr,country_203,0.3987293145700309,0.2626495659351349
tgn,validation,2023-04,country_fr,country_344,0.005767597463372188,0.1135808527469635
tgn,validation,2023-04,country_fr,country_372,-0.12058291849489614,0.527804434299469
tgn,validation,2023-04,country_fr,country_380,-0.16666868325420167,0.12482020258903503
tgn,validation,2023-04,country_fr,country_cn,-0.12417410183552041,0.26388266682624817
tgn,validation,2023-04,country_fr,country_de,-0.7119129034831658,0.2026454210281372
tgn,validation,2023-04,country_fr,country_gb,-0.019722660664691267,0.3371606767177582
tgn,validation,2023-04,country_fr,country_in,0.033361357033830585,0.48459380865097046
tgn,validation,2023-04,country_fr,country_jp,0.014198376948985675,0.19555571675300598
tgn,validation,2023-04,country_fr,country_kr,0.20079422765048455,0.18781644105911255
tgn,validation,2023-04,country_fr,country_mx,1.360638780243239,0.6512999534606934
tgn,validation,2023-04,country_fr,country_my,-0.4074603022980583,0.2267133593559265
tgn,validation,2023-04,country_fr,country_ph,-0.011375192504129541,0.21866968274116516
tgn,validation,2023-04,country_fr,country_sg,0.11795074302133442,0.41830873489379883
tgn,validation,2023-04,country_fr,country_th,-0.3426703705884023,0.29257455468177795
tgn,validation,2023-04,country_fr,country_us,0.00724907387701798,0.2454853057861328
tgn,validation,2023-04,country_fr,country_vn,0.7326501657673656,0.19703719019889832
tgn,validation,2023-04,country_gb,country_203,-0.45231105445274083,0.25696033239364624
tgn,validation,2023-04,country_gb,country_344,-0.4758452229599252,0.1539364457130432
tgn,validation,2023-04,country_gb,country_372,0.686732892073115,0.5054562091827393
tgn,validation,2023-04,country_gb,country_380,0.45625941438173817,0.13263314962387085
tgn,validation,2023-04,country_gb,country_cn,-0.03532847629774231,0.24561521410942078
tgn,validation,2023-04,country_gb,country_de,0.0050360287075022275,0.19544410705566406
tgn,validation,2023-04,country_gb,country_fr,-0.018651124598958745,0.22368240356445312
tgn,validation,2023-04,country_gb,country_in,-0.7621136871650224,0.4723552465438843
tgn,validation,2023-04,country_gb,country_jp,0.0023168885628168843,0.19000226259231567
tgn,validation,2023-04,country_gb,country_kr,-0.10477982690014356,0.17692115902900696
tgn,validation,2023-04,country_gb,country_mx,-0.11724746796696274,0.649965226650238
tgn,validation,2023-04,country_gb,country_my,-0.23511010335069255,0.22831377387046814
tgn,validation,2023-04,country_gb,country_ph,-0.29066366180884556,0.22087377309799194
tgn,validation,2023-04,country_gb,country_sg,0.06226821305858815,0.3839552402496338
tgn,validation,2023-04,country_gb,country_th,0.19359581462782632,0.28286364674568176
tgn,validation,2023-04,country_gb,country_us,-0.028092875533751133,0.2770184874534607
tgn,validation,2023-04,country_gb,country_vn,-0.4201999742702166,0.1840827763080597
tgn,validation,2023-04,country_in,country_203,2.8216931580999565,0.31635165214538574
tgn,validation,2023-04,country_in,country_344,-0.5143514275268718,0.23912975192070007
tgn,validation,2023-04,country_in,country_372,-0.8217948812109954,0.5059567093849182
tgn,validation,2023-04,country_in,country_380,0.713261205939182,0.22248971462249756
tgn,validation,2023-04,country_in,country_cn,-0.24682683301889088,0.31207701563835144
tgn,validation,2023-04,country_in,country_de,-0.09164174560933626,0.25355854630470276
tgn,validation,2023-04,country_in,country_fr,-0.130023246674251,0.28348177671432495
tgn,validation,2023-04,country_in,country_gb,-0.23534191397629037,0.36498287320137024
tgn,validation,2023-04,country_in,country_jp,0.3390129095798361,0.24834594130516052
tgn,validation,2023-04,country_in,country_kr,-0.006378565075054422,0.23781746625900269
tgn,validation,2023-04,country_in,country_mx,-0.2711600618699664,0.7187610864639282
tgn,validation,2023-04,country_in,country_my,3.077721814265743,0.2855682671070099
tgn,validation,2023-04,country_in,country_ph,7.061662061574577,0.2735269367694855
tgn,validation,2023-04,country_in,country_sg,-0.28105910870123435,0.43106257915496826
tgn,validation,2023-04,country_in,country_th,1.8260510214297418,0.3377176523208618
tgn,validation,2023-04,country_in,country_us,1.6979383423407477,0.3770946264266968
tgn,validation,2023-04,country_in,country_vn,1.6198175691340857,0.25043052434921265
tgn,validation,2023-04,country_jp,country_203,-0.1454869401363045,0.2576928734779358
tgn,validation,2023-04,country_jp,country_344,-0.04665240267785597,0.10259373486042023
tgn,validation,2023-04,country_jp,country_372,-0.4593867528595767,0.529590904712677
tgn,validation,2023-04,country_jp,country_380,-0.13415810150515697,0.09737436473369598
tgn,validation,2023-04,country_jp,country_cn,-0.09162407669500224,0.28268757462501526
tgn,validation,2023-04,country_jp,country_de,0.03647954052163233,0.20379355549812317
tgn,validation,2023-04,country_jp,country_fr,-0.08410847944863685,0.24383485317230225
tgn,validation,2023-04,country_jp,country_gb,-0.0895032416882803,0.3481302261352539
tgn,validation,2023-04,country_jp,country_in,0.9117561675846079,0.5057806372642517
tgn,validation,2023-04,country_jp,country_kr,-0.39482672434552624,0.18852108716964722
tgn,validation,2023-04,country_jp,country_mx,0.10565203138056191,0.6491879224777222
tgn,validation,2023-04,country_jp,country_my,0.029497504468423016,0.2308502197265625
tgn,validation,2023-04,country_jp,country_ph,-0.15230006704371216,0.22882241010665894
tgn,validation,2023-04,country_jp,country_sg,-0.21055077239110825,0.4284815788269043
tgn,validation,2023-04,country_jp,country_th,-0.0744272908541551,0.31283578276634216
tgn,validation,2023-04,country_jp,country_us,-0.037703833414512354,0.241216778755188
tgn,validation,2023-04,country_jp,country_vn,-0.3944259906401235,0.20281869173049927
tgn,validation,2023-04,country_kr,country_203,-0.3041373977949617,0.2772396504878998
tgn,validation,2023-04,country_kr,country_344,-0.2690917999164514,0.08300784230232239
tgn,validation,2023-04,country_kr,country_372,-0.03365856242959402,0.5569258332252502
tgn,validation,2023-04,country_kr,country_380,-0.2265858533182887,0.0725950300693512
tgn,validation,2023-04,country_kr,country_cn,-0.2432411233217781,0.2776351571083069
tgn,validation,2023-04,country_kr,country_de,0.34417657276154434,0.17498597502708435
tgn,validation,2023-04,country_kr,country_fr,0.4780250048179658,0.21423333883285522
tgn,validation,2023-04,country_kr,country_gb,0.6609961758654346,0.33868709206581116
tgn,validation,2023-04,country_kr,country_in,-0.19377034398012408,0.49274367094039917
tgn,validation,2023-04,country_kr,country_jp,0.10251673782917956,0.17611244320869446
tgn,validation,2023-04,country_kr,country_mx,0.04556784533563436,0.63258296251297
tgn,validation,2023-04,country_kr,country_my,-0.11949343652134793,0.20595195889472961
tgn,validation,2023-04,country_kr,country_ph,-0.13024842238388898,0.20127516984939575
tgn,validation,2023-04,country_kr,country_th,-0.31712093107556594,0.28094935417175293
tgn,validation,2023-04,country_kr,country_us,-0.25004493651958787,0.2221122682094574
tgn,validation,2023-04,country_kr,country_vn,-0.3688585576232613,0.1815374195575714
tgn,validation,2023-04,country_mx,country_203,0.10638413746346126,0.43086737394332886
tgn,validation,2023-04,country_mx,country_344,-0.24574393920150622,0.35402631759643555
tgn,validation,2023-04,country_mx,country_372,-0.4209840209940336,0.5423732399940491
tgn,validation,2023-04,country_mx,country_380,-0.19330663697649034,0.3429248034954071
tgn,validation,2023-04,country_mx,country_cn,-0.16958837270193192,0.4368298649787903
tgn,validation,2023-04,country_mx,country_de,-0.06996129428773716,0.3584260046482086
tgn,validation,2023-04,country_mx,country_fr,0.15380121890768045,0.38702085614204407
tgn,validation,2023-04,country_mx,country_gb,-0.24593817170586102,0.47991257905960083
tgn,validation,2023-04,country_mx,country_in,56.049412421993274,0.6315118074417114
tgn,validation,2023-04,country_mx,country_jp,-0.30862627597785786,0.36116698384284973
tgn,validation,2023-04,country_mx,country_kr,0.08285130737537834,0.33587318658828735
tgn,validation,2023-04,country_mx,country_my,-0.3899619105017357,0.3654797077178955
tgn,validation,2023-04,country_mx,country_ph,0.8231714631063214,0.37112918496131897
tgn,validation,2023-04,country_mx,country_sg,0.4978070883501591,0.5473495125770569
tgn,validation,2023-04,country_mx,country_th,0.3178915949820972,0.44593167304992676
tgn,validation,2023-04,country_mx,country_us,-0.06954547274072113,0.48182493448257446
tgn,validation,2023-04,country_mx,country_vn,-0.1683374914956812,0.351945698261261
tgn,validation,2023-04,country_my,country_203,-0.01087269805157576,0.31141847372055054
tgn,validation,2023-04,country_my,country_344,-0.13170237570246404,0.1298830658197403
tgn,validation,2023-04,country_my,country_372,0.09179369672859997,0.5920060276985168
tgn,validation,2023-04,country_my,country_380,-0.10074343472532538,0.125365749001503
tgn,validation,2023-04,country_my,country_cn,-0.337442096865552,0.3278583884239197
tgn,validation,2023-04,country_my,country_de,0.06456323679490322,0.22676533460617065
tgn,validation,2023-04,country_my,country_fr,-0.13409974507392092,0.2678494453430176
tgn,validation,2023-04,country_my,country_gb,-0.015861881858531112,0.3970925807952881
tgn,validation,2023-04,country_my,country_in,3.0147144409810047,0.5480449795722961
tgn,validation,2023-04,country_my,country_jp,-0.08708902889262041,0.22216719388961792
tgn,validation,2023-04,country_my,country_kr,0.09353119049975175,0.2174583375453949
tgn,validation,2023-04,country_my,country_mx,-0.24112022948021175,0.6909298300743103
tgn,validation,2023-04,country_my,country_ph,0.15205225285232232,0.24557995796203613
tgn,validation,2023-04,country_my,country_sg,-0.24247933021790138,0.4766814112663269
tgn,validation,2023-04,country_my,country_th,0.5914395618310553,0.32984495162963867
tgn,validation,2023-04,country_my,country_us,-0.03635181947588495,0.27871665358543396
tgn,validation,2023-04,country_my,country_vn,-0.25039216530584296,0.231195330619812
tgn,validation,2023-04,country_ph,country_203,-0.19064009566540285,0.2694859504699707
tgn,validation,2023-04,country_ph,country_344,-0.038959291184082596,0.1300402134656906
tgn,validation,2023-04,country_ph,country_372,0.08542687247185113,0.5452559590339661
tgn,validation,2023-04,country_ph,country_380,-0.35846493027885895,0.11606693267822266
tgn,validation,2023-04,country_ph,country_cn,-0.20298513565760268,0.3048376441001892
tgn,validation,2023-04,country_ph,country_de,0.05168387184476571,0.22143393754959106
tgn,validation,2023-04,country_ph,country_fr,-0.21934969717408498,0.2617247402667999
tgn,validation,2023-04,country_ph,country_gb,-0.019126846211446585,0.3779122829437256
tgn,validation,2023-04,country_ph,country_in,1.1788695882695086,0.5295023918151855
tgn,validation,2023-04,country_ph,country_jp,0.07218662269724471,0.22724473476409912
tgn,validation,2023-04,country_ph,country_kr,0.0879083523760078,0.20801472663879395
tgn,validation,2023-04,country_ph,country_mx,-0.13258088136334253,0.6840319037437439
tgn,validation,2023-04,country_ph,country_my,-0.31534786423537187,0.24814000725746155
tgn,validation,2023-04,country_ph,country_sg,-0.07514070133520484,0.45435863733291626
tgn,validation,2023-04,country_ph,country_th,-0.07717019083413167,0.3241537809371948
tgn,validation,2023-04,country_ph,country_us,-0.07880786663899013,0.25867897272109985
tgn,validation,2023-04,country_ph,country_vn,-0.3355099335817024,0.21650290489196777
tgn,validation,2023-04,country_sg,country_203,0.09720427181824366,0.32532942295074463
tgn,validation,2023-04,country_sg,country_344,-0.21986840041393285,0.24893659353256226
tgn,validation,2023-04,country_sg,country_372,0.6157710875036154,0.5436782240867615
tgn,validation,2023-04,country_sg,country_380,-0.14212665795849275,0.22799766063690186
tgn,validation,2023-04,country_sg,country_cn,-0.27043330611653427,0.32630908489227295
tgn,validation,2023-04,country_sg,country_de,-0.25947399129912896,0.2845451235771179
tgn,validation,2023-04,country_sg,country_fr,-0.16277511297193126,0.3131101727485657
tgn,validation,2023-04,country_sg,country_gb,-0.16634177614840964,0.3926554322242737
tgn,validation,2023-04,country_sg,country_in,-0.6318344924222968,0.5729588866233826
tgn,validation,2023-04,country_sg,country_jp,-0.04417411539358544,0.2821631133556366
tgn,validation,2023-04,country_sg,country_kr,-0.4054736622511379,0.273076593875885
tgn,validation,2023-04,country_sg,country_mx,0.2019074389665813,0.7562844157218933
tgn,validation,2023-04,country_sg,country_my,0.22933011178368978,0.3219170570373535
tgn,validation,2023-04,country_sg,country_ph,-0.12948720684478707,0.30793583393096924
tgn,validation,2023-04,country_sg,country_th,0.11609747899361886,0.37488025426864624
tgn,validation,2023-04,country_sg,country_us,0.1424782303175896,0.37715163826942444
tgn,validation,2023-04,country_sg,country_vn,-0.288164499788673,0.28570324182510376
tgn,validation,2023-04,country_th,country_203,-0.0033794447406077684,0.28274300694465637
tgn,validation,2023-04,country_th,country_344,-0.17080863429290477,0.18859440088272095
tgn,validation,2023-04,country_th,country_372,-0.026782772105839642,0.5462069511413574
tgn,validation,2023-04,country_th,country_380,-0.1943245545112857,0.17161017656326294
tgn,validation,2023-04,country_th,country_cn,-0.2385946781230123,0.3293660283088684
tgn,validation,2023-04,country_th,country_de,0.11669461659331025,0.2608310580253601
tgn,validation,2023-04,country_th,country_fr,-0.1598400105970331,0.28538310527801514
tgn,validation,2023-04,country_th,country_gb,0.010461540953263291,0.4004533886909485
tgn,validation,2023-04,country_th,country_in,0.5247415451780961,0.5571970343589783
tgn,validation,2023-04,country_th,country_jp,0.15247063867281038,0.2557859718799591
tgn,validation,2023-04,country_th,country_kr,-0.029422583644133127,0.25073185563087463
tgn,validation,2023-04,country_th,country_mx,-0.030459616255719708,0.7301973104476929
tgn,validation,2023-04,country_th,country_my,-0.3289333602848919,0.2890787124633789
tgn,validation,2023-04,country_th,country_ph,0.21660742410533224,0.277974933385849
tgn,validation,2023-04,country_th,country_sg,-0.07012050843116724,0.47511184215545654
tgn,validation,2023-04,country_th,country_us,0.5035964989759181,0.3303489089012146
tgn,validation,2023-04,country_th,country_vn,0.012138290076857721,0.2425040602684021
tgn,validation,2023-04,country_tw,country_203,-0.22397763619944214,0.2894755005836487
tgn,validation,2023-04,country_tw,country_344,-0.09158845932740661,0.10995364189147949
tgn,validation,2023-04,country_tw,country_372,0.35473902976016386,0.5658726096153259
tgn,validation,2023-04,country_tw,country_380,-0.4668990266441959,0.10577824711799622
tgn,validation,2023-04,country_tw,country_cn,-0.19150705472546992,0.3070487976074219
tgn,validation,2023-04,country_tw,country_de,0.148932347792731,0.21620970964431763
tgn,validation,2023-04,country_tw,country_fr,0.23356029973930775,0.24934864044189453
tgn,validation,2023-04,country_tw,country_gb,-0.08317453516240819,0.37264448404312134
tgn,validation,2023-04,country_tw,country_in,1.211027287699151,0.5398141741752625
tgn,validation,2023-04,country_tw,country_jp,0.08972601257276902,0.21700292825698853
tgn,validation,2023-04,country_tw,country_kr,-0.05023835918424436,0.19931644201278687
tgn,validation,2023-04,country_tw,country_mx,-0.040935729793741465,0.6675121188163757
tgn,validation,2023-04,country_tw,country_my,-0.19143730134357362,0.24121645092964172
tgn,validation,2023-04,country_tw,country_ph,-0.19400432139691604,0.2379390299320221
tgn,validation,2023-04,country_tw,country_sg,-0.14446671626558197,0.4575842022895813
tgn,validation,2023-04,country_tw,country_th,0.16647500494761083,0.31906577944755554
tgn,validation,2023-04,country_tw,country_us,0.02248784373838452,0.24817198514938354
tgn,validation,2023-04,country_tw,country_vn,-0.10939502110026014,0.2078019678592682
tgn,validation,2023-04,country_us,country_203,0.11267462620741367,0.22567486763000488
tgn,validation,2023-04,country_us,country_344,-0.17225776477141916,0.08198465406894684
tgn,validation,2023-04,country_us,country_372,-0.1735434687494139,0.360862672328949
tgn,validation,2023-04,country_us,country_380,-0.3234318371477514,0.06748330593109131
tgn,validation,2023-04,country_us,country_cn,-0.26566115086403375,0.09642374515533447
tgn,validation,2023-04,country_us,country_de,0.13760804916569322,-0.008851155638694763
tgn,validation,2023-04,country_us,country_fr,0.24299437907276572,0.028044670820236206
tgn,validation,2023-04,country_us,country_gb,0.11983073551466959,0.16779488325119019
tgn,validation,2023-04,country_us,country_in,-0.5344590765817209,0.2705669701099396
tgn,validation,2023-04,country_us,country_jp,0.1700873578224307,-0.008922681212425232
tgn,validation,2023-04,country_us,country_kr,-0.03938372505601534,-0.009940244257450104
tgn,validation,2023-04,country_us,country_mx,-0.17993114914081215,0.40742599964141846
tgn,validation,2023-04,country_us,country_my,-0.38808228438288667,0.026113197207450867
tgn,validation,2023-04,country_us,country_ph,0.045526863019695295,0.01860809326171875
tgn,validation,2023-04,country_us,country_sg,-0.2512639816381188,0.1914621889591217
tgn,validation,2023-04,country_us,country_th,-0.07454041528636719,0.07969450950622559
tgn,validation,2023-04,country_us,country_vn,0.06951105352475268,0.04412393271923065
tgn,validation,2023-04,country_vn,country_203,-0.042809589963186456,0.24946779012680054
tgn,validation,2023-04,country_vn,country_344,0.3264633628379165,0.06142936646938324
tgn,validation,2023-04,country_vn,country_372,15.0271210992124,0.5374867916107178
tgn,validation,2023-04,country_vn,country_380,-0.3746203729228907,0.05205237865447998
tgn,validation,2023-04,country_vn,country_cn,0.03411288466461026,0.22677460312843323
tgn,validation,2023-04,country_vn,country_de,-0.04962726204385394,0.1476520299911499
tgn,validation,2023-04,country_vn,country_fr,0.15936666282095374,0.16334044933319092
tgn,validation,2023-04,country_vn,country_gb,-0.1231724279435386,0.2762454152107239
tgn,validation,2023-04,country_vn,country_in,2.179851603059272,0.4229319095611572
tgn,validation,2023-04,country_vn,country_jp,-0.1572655867525693,0.1231624186038971
tgn,validation,2023-04,country_vn,country_kr,0.07917602715993552,0.13016252219676971
tgn,validation,2023-04,country_vn,country_mx,0.20868160538993352,0.5808331370353699
tgn,validation,2023-04,country_vn,country_my,0.7331004909811772,0.16705289483070374
tgn,validation,2023-04,country_vn,country_ph,0.017390694484851005,0.13425925374031067
tgn,validation,2023-04,country_vn,country_sg,-0.150001669408945,0.33036571741104126
tgn,validation,2023-04,country_vn,country_th,2.699352841771379,0.22015264630317688
tgn,validation,2023-04,country_vn,country_us,0.025317971093358142,0.20238009095191956
tgn,validation,2023-05,country_203,country_344,1.7074859125923094,0.0005042031407356262
tgn,validation,2023-05,country_203,country_372,0.7570383478544815,0.07862415909767151
tgn,validation,2023-05,country_203,country_380,-0.08246769023753672,0.07620912790298462
tgn,validation,2023-05,country_203,country_cn,-0.04035379769409071,0.09973859786987305
tgn,validation,2023-05,country_203,country_de,-0.2022371592158425,0.2129783034324646
tgn,validation,2023-05,country_203,country_fr,0.28589352556009834,0.17207327485084534
tgn,validation,2023-05,country_203,country_gb,0.5881731817188718,0.3613699674606323
tgn,validation,2023-05,country_203,country_in,-0.3901068137728481,0.27352678775787354
tgn,validation,2023-05,country_203,country_jp,-0.13679627198654393,0.1735571026802063
tgn,validation,2023-05,country_203,country_kr,1.370991793796544,0.22555938363075256
tgn,validation,2023-05,country_203,country_mx,5.991667129067824,0.20023411512374878
tgn,validation,2023-05,country_203,country_my,-0.21244400401506874,0.23354783654212952
tgn,validation,2023-05,country_203,country_ph,0.011149663319813962,0.2734023332595825
tgn,validation,2023-05,country_203,country_sg,-0.3797043402312201,0.14160281419754028
tgn,validation,2023-05,country_203,country_th,4.06120900574318,0.28615909814834595
tgn,validation,2023-05,country_203,country_us,-0.48360079385587895,0.2989811301231384
tgn,validation,2023-05,country_203,country_vn,0.6973292901811615,0.09787356853485107
tgn,validation,2023-05,country_344,country_203,-0.6030245746691871,0.05933867394924164
tgn,validation,2023-05,country_344,country_372,-0.13164945270445594,0.03596854209899902
tgn,validation,2023-05,country_344,country_380,-0.3164336104566991,0.035377249121665955
tgn,validation,2023-05,country_344,country_cn,-0.41057633382438113,0.13763555884361267
tgn,validation,2023-05,country_344,country_de,-0.5598963511945582,0.14815008640289307
tgn,validation,2023-05,country_344,country_fr,-0.3389066240924121,0.12910760939121246
tgn,validation,2023-05,country_344,country_gb,-0.6628358315594239,0.3148197531700134
tgn,validation,2023-05,country_344,country_in,-0.8580407384551024,0.2467130720615387
tgn,validation,2023-05,country_344,country_jp,-0.7190827304585267,0.1258741170167923
tgn,validation,2023-05,country_344,country_kr,-0.28591791492431484,0.1853165328502655
tgn,validation,2023-05,country_344,country_mx,-0.4649910190671807,0.13008762896060944
tgn,validation,2023-05,country_344,country_my,-0.2991761208523776,0.191658616065979
tgn,validation,2023-05,country_344,country_ph,-0.1894215213712094,0.21778887510299683
tgn,validation,2023-05,country_344,country_sg,-0.595226216238227,0.14883816242218018
tgn,validation,2023-05,country_344,country_th,-0.5286213374467347,0.22569048404693604
tgn,validation,2023-05,country_344,country_us,-0.7651978073081741,0.2121298909187317
tgn,validation,2023-05,country_344,country_vn,-0.607138577255971,0.11076024174690247
tgn,validation,2023-05,country_372,country_203,0.011011930125919884,0.11300709843635559
tgn,validation,2023-05,country_372,country_344,-0.5644431046192168,0.01509115844964981
tgn,validation,2023-05,country_372,country_380,-0.10290450414373047,0.08003993332386017
tgn,validation,2023-05,country_372,country_cn,-0.1646944658799612,0.145372211933136
tgn,validation,2023-05,country_372,country_de,0.05213563846336185,0.20294424891471863
tgn,validation,2023-05,country_372,country_fr,-0.062426123982790946,0.17442482709884644
tgn,validation,2023-05,country_372,country_gb,1.075084676777152,0.34914129972457886
tgn,validation,2023-05,country_372,country_in,-0.9988322445980016,0.2545320689678192
tgn,validation,2023-05,country_372,country_jp,-0.25209149156105515,0.18769025802612305
tgn,validation,2023-05,country_372,country_kr,-0.2210448150957608,0.2128812074661255
tgn,validation,2023-05,country_372,country_mx,1.8653890874639336,0.18460363149642944
tgn,validation,2023-05,country_372,country_my,-0.07332648951804166,0.23825305700302124
tgn,validation,2023-05,country_372,country_ph,0.3102410893814574,0.266811341047287
tgn,validation,2023-05,country_372,country_sg,0.4206519805538701,0.1643008589744568
tgn,validation,2023-05,country_372,country_th,0.7115052026276539,0.2522324323654175
tgn,validation,2023-05,country_372,country_us,-0.1727691570599134,0.2858928143978119
tgn,validation,2023-05,country_372,country_vn,0.8800426443497442,0.10826615989208221
tgn,validation,2023-05,country_380,country_203,0.23327588927579945,0.1122564971446991
tgn,validation,2023-05,country_380,country_344,0.09591564834913319,0.0408015102148056
tgn,validation,2023-05,country_380,country_372,-0.4783661265858011,0.07625536620616913
tgn,validation,2023-05,country_380,country_cn,0.055181132060165776,0.15337339043617249
tgn,validation,2023-05,country_380,country_de,-0.049100001300879666,0.20960158109664917
tgn,validation,2023-05,country_380,country_fr,0.4752529925808239,0.1801084578037262
tgn,validation,2023-05,country_380,country_gb,0.6936426198716207,0.34953537583351135
tgn,validation,2023-05,country_380,country_in,-0.17284760704149518,0.2611146569252014
tgn,validation,2023-05,country_380,country_jp,0.11025403887345468,0.1818879246711731
tgn,validation,2023-05,country_380,country_kr,-0.23870735453525205,0.21550321578979492
tgn,validation,2023-05,country_380,country_mx,-0.3630594472325042,0.18250688910484314
tgn,validation,2023-05,country_380,country_my,-0.8060417581976272,0.2236914038658142
tgn,validation,2023-05,country_380,country_ph,-0.5382912295607228,0.2531871199607849
tgn,validation,2023-05,country_380,country_sg,0.006145196071064646,0.1820363998413086
tgn,validation,2023-05,country_380,country_th,0.15131526101523868,0.27317553758621216
tgn,validation,2023-05,country_380,country_us,-0.16108163726638516,0.27953118085861206
tgn,validation,2023-05,country_380,country_vn,-0.21764458265615622,0.12220725417137146
tgn,validation,2023-05,country_50,country_jp,0.16374169927875135,0.09175737202167511
tgn,validation,2023-05,country_50,country_my,-0.4016788076370446,0.1365678608417511
tgn,validation,2023-05,country_50,country_sg,-0.9988225799363825,0.02168808877468109
tgn,validation,2023-05,country_cn,country_203,0.07781965391855752,0.04549753665924072
tgn,validation,2023-05,country_cn,country_344,0.11986688361049015,0.026449978351593018
tgn,validation,2023-05,country_cn,country_372,-0.20491778068396316,0.03400653600692749
tgn,validation,2023-05,country_cn,country_380,0.18060605955509457,0.038620635867118835
tgn,validation,2023-05,country_cn,country_de,-0.0726922559371593,0.17686909437179565
tgn,validation,2023-05,country_cn,country_fr,0.07300813055833044,0.14855989813804626
tgn,validation,2023-05,country_cn,country_gb,-0.023450952374387168,0.3441447615623474
tgn,validation,2023-05,country_cn,country_in,0.8925720422668113,0.26250752806663513
tgn,validation,2023-05,country_cn,country_jp,-0.2355771333569075,0.15548866987228394
tgn,validation,2023-05,country_cn,country_kr,-0.12668829585399147,0.1961979866027832
tgn,validation,2023-05,country_cn,country_mx,-0.15638265439988946,0.14185822010040283
tgn,validation,2023-05,country_cn,country_my,-0.38824139294122234,0.19308686256408691
tgn,validation,2023-05,country_cn,country_ph,-0.21903058398679087,0.22119641304016113
tgn,validation,2023-05,country_cn,country_sg,-0.19078175629428185,0.1467401385307312
tgn,validation,2023-05,country_cn,country_th,-0.13844585078338387,0.26241534948349
tgn,validation,2023-05,country_cn,country_us,-0.0786244500203617,0.1775977909564972
tgn,validation,2023-05,country_cn,country_vn,-0.19582580856539605,0.1430017650127411
tgn,validation,2023-05,country_de,country_203,0.1495613171227981,0.06255865097045898
tgn,validation,2023-05,country_de,country_344,-0.13542829893655936,0.04153864085674286
tgn,validation,2023-05,country_de,country_372,-0.4055257378659159,0.060188665986061096
tgn,validation,2023-05,country_de,country_380,-0.08346105659560751,0.06146132946014404
tgn,validation,2023-05,country_de,country_cn,0.41797636979332153,0.13093607127666473
tgn,validation,2023-05,country_de,country_fr,0.09154005595499135,0.15310311317443848
tgn,validation,2023-05,country_de,country_gb,-0.19272410699353607,0.31107792258262634
tgn,validation,2023-05,country_de,country_in,-0.2713351908139221,0.2491985559463501
tgn,validation,2023-05,country_de,country_jp,-0.043309805148118365,0.15367799997329712
tgn,validation,2023-05,country_de,country_kr,0.004900768262515718,0.1914152204990387
tgn,validation,2023-05,country_de,country_mx,0.03622982122600118,0.16372793912887573
tgn,validation,2023-05,country_de,country_my,0.29253324868943614,0.19910943508148193
tgn,validation,2023-05,country_de,country_ph,-0.06848165203188118,0.22237148880958557
tgn,validation,2023-05,country_de,country_sg,0.024706182785058848,0.15770524740219116
tgn,validation,2023-05,country_de,country_th,0.7991466908702844,0.24803349375724792
tgn,validation,2023-05,country_de,country_us,0.25289620213565295,0.19883903861045837
tgn,validation,2023-05,country_de,country_vn,0.290190475706186,0.14621388912200928
tgn,validation,2023-05,country_fr,country_203,-0.20707299502675902,0.041670024394989014
tgn,validation,2023-05,country_fr,country_344,0.04928324116578889,0.02035030722618103
tgn,validation,2023-05,country_fr,country_372,0.44097919989669515,0.03922019898891449
tgn,validation,2023-05,country_fr,country_380,0.0030794047217631505,0.0453280508518219
tgn,validation,2023-05,country_fr,country_cn,-0.024198129961991534,0.11672620475292206
tgn,validation,2023-05,country_fr,country_de,-0.6325635973124754,0.16874393820762634
tgn,validation,2023-05,country_fr,country_gb,0.048886334225338404,0.282442182302475
tgn,validation,2023-05,country_fr,country_in,0.01616312237048521,0.2486158013343811
tgn,validation,2023-05,country_fr,country_jp,0.20592488821368926,0.14397725462913513
tgn,validation,2023-05,country_fr,country_kr,0.10176322096963326,0.18066087365150452
tgn,validation,2023-05,country_fr,country_mx,0.4966347332835003,0.15303146839141846
tgn,validation,2023-05,country_fr,country_my,-0.6125593232909686,0.1810365915298462
tgn,validation,2023-05,country_fr,country_ph,0.14311169755452535,0.2185792326927185
tgn,validation,2023-05,country_fr,country_sg,0.09654399339231173,0.14803874492645264
tgn,validation,2023-05,country_fr,country_th,-0.2704721575391875,0.2311343550682068
tgn,validation,2023-05,country_fr,country_us,-0.0553698863043747,0.1817711591720581
tgn,validation,2023-05,country_fr,country_vn,-0.10965203595519814,0.13348057866096497
tgn,validation,2023-05,country_gb,country_203,-0.4602760510665942,0.1042104959487915
tgn,validation,2023-05,country_gb,country_344,-0.15385412228806938,0.07367560267448425
tgn,validation,2023-05,country_gb,country_372,0.36156959729382043,0.09345430135726929
tgn,validation,2023-05,country_gb,country_380,-0.10428558530952252,0.08602491021156311
tgn,validation,2023-05,country_gb,country_cn,-0.12704152234790217,0.13874855637550354
tgn,validation,2023-05,country_gb,country_de,-0.03808975851676604,0.18381363153457642
tgn,validation,2023-05,country_gb,country_fr,0.38952891309482607,0.16207534074783325
tgn,validation,2023-05,country_gb,country_in,-0.7268747724890348,0.2518623471260071
tgn,validation,2023-05,country_gb,country_jp,0.25074241908505013,0.16949588060379028
tgn,validation,2023-05,country_gb,country_kr,-0.4478918412549717,0.2073836624622345
tgn,validation,2023-05,country_gb,country_mx,0.04653840767499371,0.18592959642410278
tgn,validation,2023-05,country_gb,country_my,-0.18833147980045764,0.22032076120376587
tgn,validation,2023-05,country_gb,country_ph,-0.20095518307621232,0.23519477248191833
tgn,validation,2023-05,country_gb,country_sg,0.12790206059967615,0.1728026270866394
tgn,validation,2023-05,country_gb,country_th,0.14706006774650984,0.2504977285861969
tgn,validation,2023-05,country_gb,country_us,0.08723359751608256,0.23258590698242188
tgn,validation,2023-05,country_gb,country_vn,0.09303831084686612,0.15276524424552917
tgn,validation,2023-05,country_in,country_203,0.4669143787701553,0.09564454853534698
tgn,validation,2023-05,country_in,country_344,-0.30906060689032455,0.08006954193115234
tgn,validation,2023-05,country_in,country_372,0.21745469014647756,0.08194026350975037
tgn,validation,2023-05,country_in,country_380,0.2895265061092009,0.08879023790359497
tgn,validation,2023-05,country_in,country_cn,-0.15821683027247754,0.15704619884490967
tgn,validation,2023-05,country_in,country_de,-0.14500005988606418,0.19771301746368408
tgn,validation,2023-05,country_in,country_fr,-0.42355308244252926,0.17558157444000244
tgn,validation,2023-05,country_in,country_gb,0.04221113691873403,0.30655428767204285
tgn,validation,2023-05,country_in,country_jp,-0.811324428047704,0.18485230207443237
tgn,validation,2023-05,country_in,country_kr,-0.7587528335877539,0.21894782781600952
tgn,validation,2023-05,country_in,country_mx,-0.24520029785375907,0.19978547096252441
tgn,validation,2023-05,country_in,country_my,0.716377466636929,0.22732049226760864
tgn,validation,2023-05,country_in,country_ph,2.8366079304789054,0.24635303020477295
tgn,validation,2023-05,country_in,country_sg,-0.08217724632234748,0.18561965227127075
tgn,validation,2023-05,country_in,country_th,5.673125950838056,0.2623823285102844
tgn,validation,2023-05,country_in,country_us,1.6662810645671091,0.24756097793579102
tgn,validation,2023-05,country_in,country_vn,0.8398940118326115,0.17688173055648804
tgn,validation,2023-05,country_jp,country_203,0.042338473842680066,0.04947400093078613
tgn,validation,2023-05,country_jp,country_344,0.10781890582504823,0.03583863377571106
tgn,validation,2023-05,country_jp,country_372,-0.5097632697706609,0.04128500819206238
tgn,validation,2023-05,country_jp,country_380,0.050610865462181895,0.03681066632270813
tgn,validation,2023-05,country_jp,country_cn,-0.002811463310409348,0.13065701723098755
tgn,validation,2023-05,country_jp,country_de,0.10529730244915701,0.16964784264564514
tgn,validation,2023-05,country_jp,country_fr,-0.04065518407050737,0.1358497440814972
tgn,validation,2023-05,country_jp,country_gb,0.19663472365377177,0.29675835371017456
tgn,validation,2023-05,country_jp,country_in,0.11904272048010099,0.2563469409942627
tgn,validation,2023-05,country_jp,country_kr,0.1586579878404017,0.19407165050506592
tgn,validation,2023-05,country_jp,country_mx,0.12093773560272561,0.15844890475273132
tgn,validation,2023-05,country_jp,country_my,-0.13983605075233566,0.20069926977157593
tgn,validation,2023-05,country_jp,country_ph,-0.011551282096243565,0.22722458839416504
tgn,validation,2023-05,country_jp,country_sg,0.10210710280279797,0.15492600202560425
tgn,validation,2023-05,country_jp,country_th,0.047437584788677475,0.2574928104877472
tgn,validation,2023-05,country_jp,country_us,-0.03443863267728163,0.19151753187179565
tgn,validation,2023-05,country_jp,country_vn,0.21437399974010923,0.1482689082622528
tgn,validation,2023-05,country_kr,country_203,0.26713832230444484,0.08761191368103027
tgn,validation,2023-05,country_kr,country_344,0.32582283857718736,0.07451131939888
tgn,validation,2023-05,country_kr,country_372,-0.38826013282699506,0.06949606537818909
tgn,validation,2023-05,country_kr,country_380,-0.5690039773504655,0.07398110628128052
tgn,validation,2023-05,country_kr,country_cn,-0.004077899533551337,0.16899791359901428
tgn,validation,2023-05,country_kr,country_de,0.26153975796290707,0.19918525218963623
tgn,validation,2023-05,country_kr,country_fr,0.3352153071284481,0.17472344636917114
tgn,validation,2023-05,country_kr,country_gb,0.061687830201067224,0.32709774374961853
tgn,validation,2023-05,country_kr,country_in,-0.2748711348126951,0.29188770055770874
tgn,validation,2023-05,country_kr,country_jp,0.20622893122012378,0.1858367919921875
tgn,validation,2023-05,country_kr,country_mx,0.05198198194614771,0.19582632184028625
tgn,validation,2023-05,country_kr,country_my,-0.1867078604971395,0.2331027388572693
tgn,validation,2023-05,country_kr,country_ph,-0.34735295756665074,0.25778573751449585
tgn,validation,2023-05,country_kr,country_th,0.21383966786477723,0.28645938634872437
tgn,validation,2023-05,country_kr,country_us,-0.12258990753444003,0.23744642734527588
tgn,validation,2023-05,country_kr,country_vn,-0.20974520249363815,0.18339312076568604
tgn,validation,2023-05,country_mx,country_203,-0.41093465830980735,0.07709324359893799
tgn,validation,2023-05,country_mx,country_344,-0.4031998145319937,0.05867403745651245
tgn,validation,2023-05,country_mx,country_372,-0.5346249585100004,0.06321585178375244
tgn,validation,2023-05,country_mx,country_380,-0.08260321128270881,0.06870581209659576
tgn,validation,2023-05,country_mx,country_cn,-0.019317613263357295,0.15910604596138
tgn,validation,2023-05,country_mx,country_de,-0.2219835171628366,0.19243156909942627
tgn,validation,2023-05,country_mx,country_fr,0.09032159793155137,0.16391253471374512
tgn,validation,2023-05,country_mx,country_gb,-0.38012535717005275,0.32941317558288574
tgn,validation,2023-05,country_mx,country_in,31.90852331522111,0.28365957736968994
tgn,validation,2023-05,country_mx,country_jp,-0.2624548990523825,0.1752294898033142
tgn,validation,2023-05,country_mx,country_kr,0.026204998239035715,0.21409505605697632
tgn,validation,2023-05,country_mx,country_my,-0.3965455377070686,0.21625041961669922
tgn,validation,2023-05,country_mx,country_ph,0.290082121425578,0.24530315399169922
tgn,validation,2023-05,country_mx,country_sg,0.46179891468967543,0.1826828122138977
tgn,validation,2023-05,country_mx,country_th,0.0023524235901854224,0.27008670568466187
tgn,validation,2023-05,country_mx,country_us,0.36348644080063913,0.23235180974006653
tgn,validation,2023-05,country_mx,country_vn,-0.09443996347274836,0.1753755509853363
tgn,validation,2023-05,country_my,country_203,-0.3358089523471901,0.09274844825267792
tgn,validation,2023-05,country_my,country_344,0.09949554712274186,0.07587730884552002
tgn,validation,2023-05,country_my,country_372,0.45194119793639065,0.0779803991317749
tgn,validation,2023-05,country_my,country_380,-0.040950141735944884,0.0754295289516449
tgn,validation,2023-05,country_my,country_cn,-0.021965785338443223,0.1723388135433197
tgn,validation,2023-05,country_my,country_de,0.003156987671139366,0.20474565029144287
tgn,validation,2023-05,country_my,country_fr,0.15325867077441716,0.18545520305633545
tgn,validation,2023-05,country_my,country_gb,-0.19587841131562503,0.351800799369812
tgn,validation,2023-05,country_my,country_in,1.6950399381209376,0.2868511974811554
tgn,validation,2023-05,country_my,country_jp,-0.03248275817794139,0.19002294540405273
tgn,validation,2023-05,country_my,country_kr,-0.07064045439421471,0.22841134667396545
tgn,validation,2023-05,country_my,country_mx,-0.03013520680859174,0.199919193983078
tgn,validation,2023-05,country_my,country_ph,0.0659642494411931,0.25556206703186035
tgn,validation,2023-05,country_my,country_sg,0.07557823358792642,0.19806957244873047
tgn,validation,2023-05,country_my,country_th,-0.04710019194240548,0.2850978374481201
tgn,validation,2023-05,country_my,country_us,-0.12079022871516283,0.24004143476486206
tgn,validation,2023-05,country_my,country_vn,-0.26478915671342934,0.16672053933143616
tgn,validation,2023-05,country_ph,country_203,0.20818639431242858,0.09863609075546265
tgn,validation,2023-05,country_ph,country_344,-0.05758012913025189,0.08710920810699463
tgn,validation,2023-05,country_ph,country_372,-0.4382790559260809,0.08733749389648438
tgn,validation,2023-05,country_ph,country_380,-0.20786046485005455,0.08434608578681946
tgn,validation,2023-05,country_ph,country_cn,-0.09002450616372515,0.17461222410202026
tgn,validation,2023-05,country_ph,country_de,0.0395849309866875,0.20864328742027283
tgn,validation,2023-05,country_ph,country_fr,-0.11962898356623602,0.1868884265422821
tgn,validation,2023-05,country_ph,country_gb,0.03308756641834839,0.3356258273124695
tgn,validation,2023-05,country_ph,country_in,0.2303841116533139,0.2895907759666443
tgn,validation,2023-05,country_ph,country_jp,-0.024845250638893843,0.1991257667541504
tgn,validation,2023-05,country_ph,country_kr,-0.04201961078238437,0.23150703310966492
tgn,validation,2023-05,country_ph,country_mx,-0.03877199444144287,0.20424014329910278
tgn,validation,2023-05,country_ph,country_my,-0.3859695257641,0.23982644081115723
tgn,validation,2023-05,country_ph,country_sg,0.0009317652611690779,0.2004449963569641
tgn,validation,2023-05,country_ph,country_th,-0.12117067661332717,0.28720688819885254
tgn,validation,2023-05,country_ph,country_us,-0.1294328409594065,0.23083758354187012
tgn,validation,2023-05,country_ph,country_vn,-0.3211749850466204,0.18639829754829407
tgn,validation,2023-05,country_sg,country_203,-0.5846755393353658,0.05539500713348389
tgn,validation,2023-05,country_sg,country_344,-0.028003511166737525,0.04747077822685242
tgn,validation,2023-05,country_sg,country_372,0.27254857863406057,0.045741528272628784
tgn,validation,2023-05,country_sg,country_380,-0.26677706590516465,0.047420352697372437
tgn,validation,2023-05,country_sg,country_cn,-0.06000032833791491,0.14436215162277222
tgn,validation,2023-05,country_sg,country_de,-0.029322730606776322,0.18176758289337158
tgn,validation,2023-05,country_sg,country_fr,-0.23539057805962638,0.16039925813674927
tgn,validation,2023-05,country_sg,country_gb,-0.15749581842425486,0.3326224088668823
tgn,validation,2023-05,country_sg,country_in,-0.6423232463167013,0.27812784910202026
tgn,validation,2023-05,country_sg,country_jp,-0.08968472431463365,0.16527137160301208
tgn,validation,2023-05,country_sg,country_kr,0.19252954442154535,0.2033553123474121
tgn,validation,2023-05,country_sg,country_mx,0.2296424932309259,0.17637693881988525
tgn,validation,2023-05,country_sg,country_my,0.10892062840527061,0.21552538871765137
tgn,validation,2023-05,country_sg,country_ph,-0.22698878107063347,0.23961478471755981
tgn,validation,2023-05,country_sg,country_th,-0.0159352797162061,0.26522380113601685
tgn,validation,2023-05,country_sg,country_us,0.08825093312626425,0.21385490894317627
tgn,validation,2023-05,country_sg,country_vn,-0.09093284398705725,0.14492172002792358
tgn,validation,2023-05,country_th,country_203,-0.023384991232380928,0.11393390595912933
tgn,validation,2023-05,country_th,country_344,-0.06842518413026187,0.1006716787815094
tgn,validation,2023-05,country_th,country_372,0.0223286930481024,0.10409761965274811
tgn,validation,2023-05,country_th,country_380,-0.18571779980287573,0.10338535904884338
tgn,validation,2023-05,country_th,country_cn,-0.15780763255364547,0.1868036389350891
tgn,validation,2023-05,country_th,country_de,0.1357331174005485,0.21908855438232422
tgn,validation,2023-05,country_th,country_fr,0.0048908267550173004,0.19203197956085205
tgn,validation,2023-05,country_th,country_gb,-0.011612662458656694,0.3296394944190979
tgn,validation,2023-05,country_th,country_in,0.29397071914080003,0.29875707626342773
tgn,validation,2023-05,country_th,country_jp,0.0931834158820816,0.20452791452407837
tgn,validation,2023-05,country_th,country_kr,0.10053818669799541,0.24276742339134216
tgn,validation,2023-05,country_th,country_mx,0.05188817136916798,0.21483123302459717
tgn,validation,2023-05,country_th,country_my,-0.3627724405380174,0.25173419713974
tgn,validation,2023-05,country_th,country_ph,0.16689159674507834,0.2668909430503845
tgn,validation,2023-05,country_th,country_sg,-0.017474507465431742,0.21046718955039978
tgn,validation,2023-05,country_th,country_us,0.49479527917888244,0.26263922452926636
tgn,validation,2023-05,country_th,country_vn,-0.08060316206262452,0.20646297931671143
tgn,validation,2023-05,country_tw,country_203,-0.19468957039495358,0.04150715470314026
tgn,validation,2023-05,country_tw,country_344,0.08589199130878979,0.02845492959022522
tgn,validation,2023-05,country_tw,country_372,0.15721890115724527,0.029123902320861816
tgn,validation,2023-05,country_tw,country_380,-0.15557665826783368,0.02951142191886902
tgn,validation,2023-05,country_tw,country_cn,-0.05200955644110358,0.13949322700500488
tgn,validation,2023-05,country_tw,country_de,0.08284226636342262,0.18842852115631104
tgn,validation,2023-05,country_tw,country_fr,0.4477342525065084,0.15727519989013672
tgn,validation,2023-05,country_tw,country_gb,0.5750620335532893,0.3358112573623657
tgn,validation,2023-05,country_tw,country_in,1.0135823623310234,0.2780879735946655
tgn,validation,2023-05,country_tw,country_jp,-0.3109528739704888,0.1712948977947235
tgn,validation,2023-05,country_tw,country_kr,-0.15609853448355093,0.20821061730384827
tgn,validation,2023-05,country_tw,country_mx,0.05288956640574781,0.16063392162322998
tgn,validation,2023-05,country_tw,country_my,-0.2097377011007128,0.21188902854919434
tgn,validation,2023-05,country_tw,country_ph,-0.27615745391476804,0.24302318692207336
tgn,validation,2023-05,country_tw,country_sg,-0.03166993750932185,0.15802901983261108
tgn,validation,2023-05,country_tw,country_th,-0.2516253983457491,0.2684844136238098
tgn,validation,2023-05,country_tw,country_us,-0.15643953260392182,0.20200437307357788
tgn,validation,2023-05,country_tw,country_vn,-0.11595854804877515,0.14705097675323486
tgn,validation,2023-05,country_us,country_203,-0.04449131460564547,0.06628647446632385
tgn,validation,2023-05,country_us,country_344,0.17881097206856406,0.02743011713027954
tgn,validation,2023-05,country_us,country_372,0.3776072322491383,0.04573841392993927
tgn,validation,2023-05,country_us,country_380,0.06928462315723241,0.035545334219932556
tgn,validation,2023-05,country_us,country_cn,-0.21412920989746448,-0.02338670939207077
tgn,validation,2023-05,country_us,country_de,0.13798223425958578,0.013036772608757019
tgn,validation,2023-05,country_us,country_fr,-0.40726365812969034,-0.00749429315328598
tgn,validation,2023-05,country_us,country_gb,-0.1917363000238866,0.08252812922000885
tgn,validation,2023-05,country_us,country_in,-0.46543771851304194,0.046944424510002136
tgn,validation,2023-05,country_us,country_jp,-0.002319276720732565,1.6801059246063232e-05
tgn,validation,2023-05,country_us,country_kr,0.0038974675394522216,0.03251877427101135
tgn,validation,2023-05,country_us,country_mx,0.19461227224418065,-0.005272425711154938
tgn,validation,2023-05,country_us,country_my,-0.35265555775632,0.05632716417312622
tgn,validation,2023-05,country_us,country_ph,-0.0526775881027685,0.059855952858924866
tgn,validation,2023-05,country_us,country_sg,-0.07337636848845536,0.00800180435180664
tgn,validation,2023-05,country_us,country_th,-0.040720953111744305,0.059085190296173096
tgn,validation,2023-05,country_us,country_vn,0.693057142548126,0.01830226182937622
tgn,validation,2023-05,country_vn,country_203,0.010430711329526436,0.02073580026626587
tgn,validation,2023-05,country_vn,country_344,0.42865338851707185,-0.002956882119178772
tgn,validation,2023-05,country_vn,country_372,0.9287149137781578,0.007038198411464691
tgn,validation,2023-05,country_vn,country_380,-0.6231212442705758,0.007166765630245209
tgn,validation,2023-05,country_vn,country_cn,0.40247839060220797,0.08906012773513794
tgn,validation,2023-05,country_vn,country_de,0.060382008853003016,0.13208967447280884
tgn,validation,2023-05,country_vn,country_fr,0.3607296403867104,0.09528462588787079
tgn,validation,2023-05,country_vn,country_gb,0.33647400337429884,0.2617243528366089
tgn,validation,2023-05,country_vn,country_in,1.3364542023056296,0.24672561883926392
tgn,validation,2023-05,country_vn,country_jp,-0.3298727406916177,0.09463119506835938
tgn,validation,2023-05,country_vn,country_kr,-0.1725246649543527,0.13687115907669067
tgn,validation,2023-05,country_vn,country_mx,0.192824595417545,0.10140594840049744
tgn,validation,2023-05,country_vn,country_my,-0.21273200162056777,0.1537897288799286
tgn,validation,2023-05,country_vn,country_ph,-0.12681749443726278,0.14016778767108917
tgn,validation,2023-05,country_vn,country_sg,0.19848784865571306,0.11125960946083069
tgn,validation,2023-05,country_vn,country_th,4.80763884076149,0.1922239065170288
tgn,validation,2023-05,country_vn,country_us,0.011245089208743652,0.1662251055240631
tgn,validation,2023-06,country_203,country_344,-0.07901726032169476,0.14128485321998596
tgn,validation,2023-06,country_203,country_372,0.8329018582943364,0.375100314617157
tgn,validation,2023-06,country_203,country_380,-0.4324412533055748,0.06156930327415466
tgn,validation,2023-06,country_203,country_cn,-0.02112957250809709,0.22238820791244507
tgn,validation,2023-06,country_203,country_de,-0.21848390663909617,0.13222339749336243
tgn,validation,2023-06,country_203,country_fr,-0.1235887904890862,0.23610925674438477
tgn,validation,2023-06,country_203,country_gb,1.3570744673061426,0.2300969958305359
tgn,validation,2023-06,country_203,country_in,-0.1799309966391708,0.2006758451461792
tgn,validation,2023-06,country_203,country_jp,1.1129735334449318,-0.007803566753864288
tgn,validation,2023-06,country_203,country_kr,-0.861111291865406,0.18627822399139404
tgn,validation,2023-06,country_203,country_mx,0.6479306398804794,0.2215639352798462
tgn,validation,2023-06,country_203,country_my,0.4135327366412592,0.10994243621826172
tgn,validation,2023-06,country_203,country_ph,0.18499029209125686,0.1686912178993225
tgn,validation,2023-06,country_203,country_sg,-0.1710555647847292,0.1984529197216034
tgn,validation,2023-06,country_203,country_th,0.21554310686445974,0.1541234254837036
tgn,validation,2023-06,country_203,country_us,-0.10000755302314357,0.23185580968856812
tgn,validation,2023-06,country_203,country_vn,-0.27898615476115307,0.23560011386871338
tgn,validation,2023-06,country_344,country_203,-0.7569455302550261,0.11958044767379761
tgn,validation,2023-06,country_344,country_372,10.724904186324874,0.40589040517807007
tgn,validation,2023-06,country_344,country_380,0.04493840428194427,0.02059072256088257
tgn,validation,2023-06,country_344,country_cn,-0.22301569835909413,0.24569857120513916
tgn,validation,2023-06,country_344,country_de,-0.5208456496706169,0.06838247179985046
tgn,validation,2023-06,country_344,country_fr,-0.47116090430065755,0.26086968183517456
tgn,validation,2023-06,country_344,country_gb,-0.5627181794537058,0.23193910717964172
tgn,validation,2023-06,country_344,country_in,-0.951768108090477,0.2794075012207031
tgn,validation,2023-06,country_344,country_jp,-0.6517261147636619,-0.06415162980556488
tgn,validation,2023-06,country_344,country_kr,-0.11025722001793443,0.23423007130622864
tgn,validation,2023-06,country_344,country_mx,-0.6447669355460964,0.2592380940914154
tgn,validation,2023-06,country_344,country_my,-0.0749207719082032,0.08910021185874939
tgn,validation,2023-06,country_344,country_ph,-0.3740542797681919,0.14549681544303894
tgn,validation,2023-06,country_344,country_sg,-0.15167352672191703,0.24031603336334229
tgn,validation,2023-06,country_344,country_th,-0.5307573062310124,0.1298809051513672
tgn,validation,2023-06,country_344,country_us,-0.7264903263587359,0.29326918721199036
tgn,validation,2023-06,country_344,country_vn,-0.23913384246007924,0.2665354013442993
tgn,validation,2023-06,country_372,country_203,-0.06855313810959442,0.11836935579776764
tgn,validation,2023-06,country_372,country_344,-0.5703760104420958,0.20131149888038635
tgn,validation,2023-06,country_372,country_380,-0.570214984437208,0.015642806887626648
tgn,validation,2023-06,country_372,country_cn,-0.00198081203177374,0.2538631856441498
tgn,validation,2023-06,country_372,country_de,-0.4645028532919071,0.03263494372367859
tgn,validation,2023-06,country_372,country_fr,-0.28540598627596686,0.23737162351608276
tgn,validation,2023-06,country_372,country_gb,2.4839087741341737,0.21008870005607605
tgn,validation,2023-06,country_372,country_in,-0.9992711851427661,0.21869581937789917
tgn,validation,2023-06,country_372,country_jp,-0.08819943907666977,-0.08818422257900238
tgn,validation,2023-06,country_372,country_kr,0.07301634727374837,0.1853819191455841
tgn,validation,2023-06,country_372,country_mx,-0.1301666594892554,0.2775898873806
tgn,validation,2023-06,country_372,country_my,-0.03056683706568305,0.032250598073005676
tgn,validation,2023-06,country_372,country_ph,0.5636260856112197,0.07309988141059875
tgn,validation,2023-06,country_372,country_sg,-0.20578149625850475,0.24257051944732666
tgn,validation,2023-06,country_372,country_th,1.5020377683760602,0.05690249800682068
tgn,validation,2023-06,country_372,country_us,-0.28772486487545773,0.38923805952072144
tgn,validation,2023-06,country_372,country_vn,0.40553802849563575,0.3104594647884369
tgn,validation,2023-06,country_380,country_203,-0.1068565501506581,0.005868077278137207
tgn,validation,2023-06,country_380,country_344,0.08874655711673826,0.01977752149105072
tgn,validation,2023-06,country_380,country_372,-0.6118509123207208,0.25800541043281555
tgn,validation,2023-06,country_380,country_cn,-0.01837479061249869,0.03240242600440979
tgn,validation,2023-06,country_380,country_de,-0.016784914114536458,0.04129946231842041
tgn,validation,2023-06,country_380,country_fr,0.24608337588755727,0.0639740377664566
tgn,validation,2023-06,country_380,country_gb,-0.0492371616113196,0.04741153120994568
tgn,validation,2023-06,country_380,country_in,-0.48785129247060494,0.03806690871715546
tgn,validation,2023-06,country_380,country_jp,-0.1640836020968076,0.016428306698799133
tgn,validation,2023-06,country_380,country_kr,0.014031437906386677,0.0005225613713264465
tgn,validation,2023-06,country_380,country_mx,0.06178580442102116,0.02825072407722473
tgn,validation,2023-06,country_380,country_my,-0.8944437702198036,0.02866610884666443
tgn,validation,2023-06,country_380,country_ph,0.03156943060299243,0.06659483909606934
tgn,validation,2023-06,country_380,country_sg,0.14468679560676323,0.03512059152126312
tgn,validation,2023-06,country_380,country_th,0.17377572642667244,0.04119226336479187
tgn,validation,2023-06,country_380,country_us,-0.10583411431246686,0.10696196556091309
tgn,validation,2023-06,country_380,country_vn,-0.11163588203444148,0.0293215811252594
tgn,validation,2023-06,country_50,country_de,-0.03711110575711865,0.03591449558734894
tgn,validation,2023-06,country_50,country_jp,-0.560254534394037,-0.05070511996746063
tgn,validation,2023-06,country_50,country_my,-0.6845479311431014,0.0506061315536499
tgn,validation,2023-06,country_50,country_sg,-0.999403522028991,0.1718248724937439
tgn,validation,2023-06,country_cn,country_203,-0.2178238972936946,0.07048597931861877
tgn,validation,2023-06,country_cn,country_344,0.012430568857067628,0.08587898313999176
tgn,validation,2023-06,country_cn,country_372,0.09809872901467444,0.21155428886413574
tgn,validation,2023-06,country_cn,country_380,-0.0917522342332492,0.08454842865467072
tgn,validation,2023-06,country_cn,country_de,-0.12398315439309347,0.13271433115005493
tgn,validation,2023-06,country_cn,country_fr,-0.02606925433366867,0.2451869249343872
tgn,validation,2023-06,country_cn,country_gb,0.011559326601742238,0.2289641797542572
tgn,validation,2023-06,country_cn,country_in,0.8938624829182849,0.23674872517585754
tgn,validation,2023-06,country_cn,country_jp,-0.21550892582373696,0.0635683536529541
tgn,validation,2023-06,country_cn,country_kr,-0.09337965439467918,0.19569063186645508
tgn,validation,2023-06,country_cn,country_mx,-0.21282582012906504,0.20803353190422058
tgn,validation,2023-06,country_cn,country_my,-0.26891504192799814,0.1313336193561554
tgn,validation,2023-06,country_cn,country_ph,0.11475372990356525,0.16353708505630493
tgn,validation,2023-06,country_cn,country_sg,-0.17168741014418448,0.19245100021362305
tgn,validation,2023-06,country_cn,country_th,-0.15413080372357305,0.17108574509620667
tgn,validation,2023-06,country_cn,country_us,-0.168566138602542,0.16846632957458496
tgn,validation,2023-06,country_cn,country_vn,0.020790936821820535,0.20618689060211182
tgn,validation,2023-06,country_de,country_203,-0.024910363658914143,0.042212724685668945
tgn,validation,2023-06,country_de,country_344,-0.11155075269348447,0.04767259955406189
tgn,validation,2023-06,country_de,country_372,-0.15268049109906495,0.27400651574134827
tgn,validation,2023-06,country_de,country_380,-0.13952921089795892,0.05851341784000397
tgn,validation,2023-06,country_de,country_cn,-0.08227710461019434,0.2108122706413269
tgn,validation,2023-06,country_de,country_fr,-0.03792859147246786,0.23625969886779785
tgn,validation,2023-06,country_de,country_gb,-0.1224487494780614,0.2241002321243286
tgn,validation,2023-06,country_de,country_in,-0.1698347896127644,0.20877090096473694
tgn,validation,2023-06,country_de,country_jp,-0.0543687725700692,0.051957935094833374
tgn,validation,2023-06,country_de,country_kr,0.09683290699397214,0.16548383235931396
tgn,validation,2023-06,country_de,country_mx,0.08640117373418395,0.20161184668540955
tgn,validation,2023-06,country_de,country_my,0.3248653570600044,0.12272658944129944
tgn,validation,2023-06,country_de,country_ph,-0.02049904502213952,0.15013137459754944
tgn,validation,2023-06,country_de,country_sg,0.23629406530358144,0.1871972382068634
tgn,validation,2023-06,country_de,country_th,1.1683483383856355,0.14912480115890503
tgn,validation,2023-06,country_de,country_us,-0.027520661182373465,0.1551266610622406
tgn,validation,2023-06,country_de,country_vn,0.324720877835898,0.17272987961769104
tgn,validation,2023-06,country_fr,country_203,-0.3102234864441211,0.07555662095546722
tgn,validation,2023-06,country_fr,country_344,-0.11270546850601361,0.08699822425842285
tgn,validation,2023-06,country_fr,country_372,0.768170414894999,0.21994519233703613
tgn,validation,2023-06,country_fr,country_380,-0.3531448185892759,0.10253655910491943
tgn,validation,2023-06,country_fr,country_cn,0.01456882213513508,0.18988007307052612
tgn,validation,2023-06,country_fr,country_de,-0.5408950662755663,0.13976362347602844
tgn,validation,2023-06,country_fr,country_gb,0.11891846424597818,0.2069488763809204
tgn,validation,2023-06,country_fr,country_in,0.7797574775009742,0.21987709403038025
tgn,validation,2023-06,country_fr,country_jp,0.06798335286834743,0.06839129328727722
tgn,validation,2023-06,country_fr,country_kr,0.20105509451212328,0.1816878616809845
tgn,validation,2023-06,country_fr,country_mx,0.7874310569656569,0.21256941556930542
tgn,validation,2023-06,country_fr,country_my,-0.5034792010199151,0.13463342189788818
tgn,validation,2023-06,country_fr,country_ph,0.3627835132218917,0.17527168989181519
tgn,validation,2023-06,country_fr,country_sg,0.009488298748939663,0.18754801154136658
tgn,validation,2023-06,country_fr,country_th,-0.28367259708409476,0.17172342538833618
tgn,validation,2023-06,country_fr,country_us,-0.2952714903733622,0.18460962176322937
tgn,validation,2023-06,country_fr,country_vn,0.42984480974152856,0.18074533343315125
tgn,validation,2023-06,country_gb,country_203,0.2133111740971994,0.05894500017166138
tgn,validation,2023-06,country_gb,country_344,0.088851168760463,0.07549683749675751
tgn,validation,2023-06,country_gb,country_372,0.19238858795005767,0.21894562244415283
tgn,validation,2023-06,country_gb,country_380,-0.05409729069162671,0.0699116587638855
tgn,validation,2023-06,country_gb,country_cn,-0.051669865794385574,0.16549378633499146
tgn,validation,2023-06,country_gb,country_de,-0.1340609730959828,0.11018544435501099
tgn,validation,2023-06,country_gb,country_fr,0.03157389503235978,0.20350304245948792
tgn,validation,2023-06,country_gb,country_in,-0.574477735138881,0.2030545175075531
tgn,validation,2023-06,country_gb,country_jp,0.19241665710501762,0.0413501113653183
tgn,validation,2023-06,country_gb,country_kr,0.13664647555234474,0.15984082221984863
tgn,validation,2023-06,country_gb,country_mx,-0.09839646857916161,0.18614867329597473
tgn,validation,2023-06,country_gb,country_my,-0.1883672797336841,0.1097363829612732
tgn,validation,2023-06,country_gb,country_ph,-0.44557609889973004,0.16178593039512634
tgn,validation,2023-06,country_gb,country_sg,0.013414960463874718,0.16150617599487305
tgn,validation,2023-06,country_gb,country_th,-0.444670114625095,0.15456771850585938
tgn,validation,2023-06,country_gb,country_us,-0.1816905854433605,0.16841396689414978
tgn,validation,2023-06,country_gb,country_vn,0.023447743218460562,0.16154196858406067
tgn,validation,2023-06,country_in,country_203,-0.48191472281474346,0.07421983778476715
tgn,validation,2023-06,country_in,country_344,0.10905085183028729,0.09339496493339539
tgn,validation,2023-06,country_in,country_372,23.363717719614094,0.21801161766052246
tgn,validation,2023-06,country_in,country_380,0.11470570482214752,0.09000536799430847
tgn,validation,2023-06,country_in,country_cn,-0.1524020354537196,0.19160136580467224
tgn,validation,2023-06,country_in,country_de,0.006155324513599848,0.13750538229942322
tgn,validation,2023-06,country_in,country_fr,-0.6256212807577263,0.22685420513153076
tgn,validation,2023-06,country_in,country_gb,0.12024265581225947,0.21271675825119019
tgn,validation,2023-06,country_in,country_jp,-0.2992844739711858,0.0614701509475708
tgn,validation,2023-06,country_in,country_kr,-0.15056477549805125,0.18084383010864258
tgn,validation,2023-06,country_in,country_mx,-0.17083364955547417,0.22287648916244507
tgn,validation,2023-06,country_in,country_my,0.06292765239845106,0.13771405816078186
tgn,validation,2023-06,country_in,country_ph,2.66604212383445,0.174098402261734
tgn,validation,2023-06,country_in,country_sg,0.566678354736234,0.1811458170413971
tgn,validation,2023-06,country_in,country_th,-0.09643704188230351,0.17917400598526
tgn,validation,2023-06,country_in,country_us,0.3628680310153166,0.2087346911430359
tgn,validation,2023-06,country_in,country_vn,1.786279579901803,0.1928262710571289
tgn,validation,2023-06,country_jp,country_203,-0.12018393024798829,0.026923060417175293
tgn,validation,2023-06,country_jp,country_344,-0.03447539343749716,0.07966120541095734
tgn,validation,2023-06,country_jp,country_372,-0.6216089227558543,0.39399874210357666
tgn,validation,2023-06,country_jp,country_380,-0.32000161578862574,0.03816168010234833
tgn,validation,2023-06,country_jp,country_cn,0.07620235983927712,0.2344011664390564
tgn,validation,2023-06,country_jp,country_de,-0.05796835466354492,0.07323488593101501
tgn,validation,2023-06,country_jp,country_fr,-0.28587717569527427,0.23040521144866943
tgn,validation,2023-06,country_jp,country_gb,0.0076534446029350835,0.22866582870483398
tgn,validation,2023-06,country_jp,country_in,1.1579542641628202,0.2212890088558197
tgn,validation,2023-06,country_jp,country_kr,-0.3242781765098819,0.17536434531211853
tgn,validation,2023-06,country_jp,country_mx,0.09694109212252706,0.202923983335495
tgn,validation,2023-06,country_jp,country_my,-0.24886624748221822,0.07383538782596588
tgn,validation,2023-06,country_jp,country_ph,0.0029810382916580303,0.11442190408706665
tgn,validation,2023-06,country_jp,country_sg,-0.13082143035238328,0.21117237210273743
tgn,validation,2023-06,country_jp,country_th,-0.06480318884613903,0.1179022490978241
tgn,validation,2023-06,country_jp,country_us,-0.049072227523119384,0.1198691725730896
tgn,validation,2023-06,country_jp,country_vn,-0.06726379252393737,0.24748092889785767
tgn,validation,2023-06,country_kr,country_203,-0.15035671103559417,0.07417437434196472
tgn,validation,2023-06,country_kr,country_344,-0.055993169393220805,0.09271946549415588
tgn,validation,2023-06,country_kr,country_372,1.3092285202013108,0.21521711349487305
tgn,validation,2023-06,country_kr,country_380,0.21597507735918456,0.07898150384426117
tgn,validation,2023-06,country_kr,country_cn,-0.1291936696413998,0.22569307684898376
tgn,validation,2023-06,country_kr,country_de,0.3008353011523552,0.13996538519859314
tgn,validation,2023-06,country_kr,country_fr,-0.15741151419325294,0.25040680170059204
tgn,validation,2023-06,country_kr,country_gb,0.4793240239262817,0.2292087972164154
tgn,validation,2023-06,country_kr,country_in,0.2469845211655851,0.25480300188064575
tgn,validation,2023-06,country_kr,country_jp,0.041499773398604806,0.08070708811283112
tgn,validation,2023-06,country_kr,country_mx,0.07987564036089624,0.2436230182647705
tgn,validation,2023-06,country_kr,country_my,-0.2050917512815773,0.1489722728729248
tgn,validation,2023-06,country_kr,country_ph,-0.3139142407223377,0.1807856559753418
tgn,validation,2023-06,country_kr,country_th,0.013973813820580359,0.18277469277381897
tgn,validation,2023-06,country_kr,country_us,-0.09483362885195493,0.19871029257774353
tgn,validation,2023-06,country_kr,country_vn,-0.2283056403922854,0.2197713851928711
tgn,validation,2023-06,country_mx,country_203,-0.3849783140878699,0.09858265519142151
tgn,validation,2023-06,country_mx,country_344,-0.14122276274560444,0.11914733052253723
tgn,validation,2023-06,country_mx,country_372,3.0576546579815584,0.21754425764083862
tgn,validation,2023-06,country_mx,country_380,-0.31419555593678705,0.11372315883636475
tgn,validation,2023-06,country_mx,country_cn,-0.043087720150988496,0.22288212180137634
tgn,validation,2023-06,country_mx,country_de,-0.12767104595552675,0.15661367774009705
tgn,validation,2023-06,country_mx,country_fr,-0.27584799434146806,0.2460276484489441
tgn,validation,2023-06,country_mx,country_gb,-0.18836991815477747,0.23233729600906372
tgn,validation,2023-06,country_mx,country_in,0.8280674045318919,0.25339144468307495
tgn,validation,2023-06,country_mx,country_jp,-0.14977182220785004,0.08740922808647156
tgn,validation,2023-06,country_mx,country_kr,-0.15332887239045465,0.2040988802909851
tgn,validation,2023-06,country_mx,country_my,-0.3728646201153457,0.15326020121574402
tgn,validation,2023-06,country_mx,country_ph,0.12630204390154676,0.19306674599647522
tgn,validation,2023-06,country_mx,country_sg,0.21329844575827075,0.2082958221435547
tgn,validation,2023-06,country_mx,country_th,-0.22903682796187438,0.1969088315963745
tgn,validation,2023-06,country_mx,country_us,-0.08612752314187348,0.2226409912109375
tgn,validation,2023-06,country_mx,country_vn,0.5994799477139089,0.21865135431289673
tgn,validation,2023-06,country_my,country_203,0.5954076651528626,0.036077022552490234
tgn,validation,2023-06,country_my,country_344,-0.0004343519103288869,0.051837652921676636
tgn,validation,2023-06,country_my,country_372,-0.17088934285751547,0.2854086756706238
tgn,validation,2023-06,country_my,country_380,-0.2145815969970751,0.04325778782367706
tgn,validation,2023-06,country_my,country_cn,-0.06656880072326649,0.23092535138130188
tgn,validation,2023-06,country_my,country_de,-0.005123879461570032,0.11401709914207458
tgn,validation,2023-06,country_my,country_fr,-0.23809599774811335,0.24494728446006775
tgn,validation,2023-06,country_my,country_gb,0.18067681128367444,0.23372679948806763
tgn,validation,2023-06,country_my,country_in,0.9204404311714922,0.22711801528930664
tgn,validation,2023-06,country_my,country_jp,0.03191779988995807,0.05074003338813782
tgn,validation,2023-06,country_my,country_kr,-0.11792912585015808,0.17398574948310852
tgn,validation,2023-06,country_my,country_mx,-0.10509586111482123,0.20826220512390137
tgn,validation,2023-06,country_my,country_ph,0.15086715237414047,0.15312719345092773
tgn,validation,2023-06,country_my,country_sg,-0.2001826890953795,0.20476847887039185
tgn,validation,2023-06,country_my,country_th,-0.12076051998677596,0.1535375714302063
tgn,validation,2023-06,country_my,country_us,0.18224025080913211,0.1632753610610962
tgn,validation,2023-06,country_my,country_vn,-0.0426422870225369,0.18088528513908386
tgn,validation,2023-06,country_ph,country_203,-0.04167376220409122,0.053382232785224915
tgn,validation,2023-06,country_ph,country_344,-0.06428990622965122,0.07054963707923889
tgn,validation,2023-06,country_ph,country_372,-0.08390967324434914,0.28853192925453186
tgn,validation,2023-06,country_ph,country_380,-0.24266207648956517,0.06557834148406982
tgn,validation,2023-06,country_ph,country_cn,-0.09588738974123534,0.2291296422481537
tgn,validation,2023-06,country_ph,country_de,0.01634638686193547,0.1294625699520111
tgn,validation,2023-06,country_ph,country_fr,-0.16243963205904394,0.2413315773010254
tgn,validation,2023-06,country_ph,country_gb,0.06959778051058571,0.2365022897720337
tgn,validation,2023-06,country_ph,country_in,0.7787338506562824,0.2254420518875122
tgn,validation,2023-06,country_ph,country_jp,-0.09891267723216984,0.06567060947418213
tgn,validation,2023-06,country_ph,country_kr,0.13632213933101064,0.17440807819366455
tgn,validation,2023-06,country_ph,country_mx,-0.025276147369555337,0.21358096599578857
tgn,validation,2023-06,country_ph,country_my,-0.24233300002747285,0.13065114617347717
tgn,validation,2023-06,country_ph,country_sg,0.02539228728131239,0.20279422402381897
tgn,validation,2023-06,country_ph,country_th,0.01373313858199243,0.1685466170310974
tgn,validation,2023-06,country_ph,country_us,-0.060463885770104524,0.16905909776687622
tgn,validation,2023-06,country_ph,country_vn,-0.162658277080739,0.22469684481620789
tgn,validation,2023-06,country_sg,country_203,-0.38683963238530217,0.08115896582603455
tgn,validation,2023-06,country_sg,country_344,-0.00020665886348585858,0.1166912168264389
tgn,validation,2023-06,country_sg,country_372,-0.5019719999462211,0.24932435154914856
tgn,validation,2023-06,country_sg,country_380,-0.2771136066435129,0.08505849540233612
tgn,validation,2023-06,country_sg,country_cn,0.0597096845997168,0.23530682921409607
tgn,validation,2023-06,country_sg,country_de,0.024857190419814688,0.14917120337486267
tgn,validation,2023-06,country_sg,country_fr,-0.15072404630499542,0.2627372741699219
tgn,validation,2023-06,country_sg,country_gb,-0.29129947136313716,0.24451035261154175
tgn,validation,2023-06,country_sg,country_in,-0.35315029572902773,0.2691955864429474
tgn,validation,2023-06,country_sg,country_jp,-0.02700186763882855,0.08837297558784485
tgn,validation,2023-06,country_sg,country_kr,0.3206120822826447,0.2189749777317047
tgn,validation,2023-06,country_sg,country_mx,0.2207557450155495,0.2618332505226135
tgn,validation,2023-06,country_sg,country_my,0.2165070527431835,0.15388619899749756
tgn,validation,2023-06,country_sg,country_ph,-0.15917985234816082,0.1857633888721466
tgn,validation,2023-06,country_sg,country_th,0.12010969505734817,0.1875770092010498
tgn,validation,2023-06,country_sg,country_us,0.08403947066081319,0.21703988313674927
tgn,validation,2023-06,country_sg,country_vn,0.1783043271408036,0.20095840096473694
tgn,validation,2023-06,country_th,country_203,-0.23018115641474549,0.06328941881656647
tgn,validation,2023-06,country_th,country_344,-0.009678207323473126,0.07726514339447021
tgn,validation,2023-06,country_th,country_372,0.4767447551023125,0.2726707458496094
tgn,validation,2023-06,country_th,country_380,0.03816771144394114,0.07078424096107483
tgn,validation,2023-06,country_th,country_cn,-0.05095439274765953,0.23817962408065796
tgn,validation,2023-06,country_th,country_de,-0.04513124558871067,0.14154550433158875
tgn,validation,2023-06,country_th,country_fr,-0.1103329635568394,0.2368156611919403
tgn,validation,2023-06,country_th,country_gb,-0.1983511205696059,0.24263545870780945
tgn,validation,2023-06,country_th,country_in,-0.2120298117974179,0.23336255550384521
tgn,validation,2023-06,country_th,country_jp,-0.049935768190262846,0.07191246747970581
tgn,validation,2023-06,country_th,country_kr,0.03936454913869553,0.1875743567943573
tgn,validation,2023-06,country_th,country_mx,-0.0524575045001379,0.22468432784080505
tgn,validation,2023-06,country_th,country_my,-0.21152188483920875,0.14081606268882751
tgn,validation,2023-06,country_th,country_ph,-0.14083346327141041,0.17634987831115723
tgn,validation,2023-06,country_th,country_sg,0.0034861436916080965,0.20805376768112183
tgn,validation,2023-06,country_th,country_us,0.21634649719068916,0.1927502453327179
tgn,validation,2023-06,country_th,country_vn,0.015105376650903411,0.1898733377456665
tgn,validation,2023-06,country_tw,country_203,-0.36777741316505175,0.03122083842754364
tgn,validation,2023-06,country_tw,country_344,-0.06038899022215167,0.05269443988800049
tgn,validation,2023-06,country_tw,country_372,0.03285357405816388,0.24199387431144714
tgn,validation,2023-06,country_tw,country_380,-0.2325467643631831,0.039923399686813354
tgn,validation,2023-06,country_tw,country_cn,-0.022425439751821853,0.21113568544387817
tgn,validation,2023-06,country_tw,country_de,0.08542773593862169,0.1126178503036499
tgn,validation,2023-06,country_tw,country_fr,0.008310818415895798,0.2267274558544159
tgn,validation,2023-06,country_tw,country_gb,-0.11262859503704593,0.207211434841156
tgn,validation,2023-06,country_tw,country_in,0.542785138891723,0.22839286923408508
tgn,validation,2023-06,country_tw,country_jp,0.02375878506568725,0.06202062964439392
tgn,validation,2023-06,country_tw,country_kr,-0.026551634868521874,0.17890331149101257
tgn,validation,2023-06,country_tw,country_mx,0.023861502810319714,0.2048836052417755
tgn,validation,2023-06,country_tw,country_my,-0.23002300268783235,0.11627918481826782
tgn,validation,2023-06,country_tw,country_ph,-0.31092033434295335,0.15345269441604614
tgn,validation,2023-06,country_tw,country_sg,0.07853683689978191,0.1882801055908203
tgn,validation,2023-06,country_tw,country_th,0.5179041696409107,0.15274372696876526
tgn,validation,2023-06,country_tw,country_us,-0.09728637358840002,0.1525845229625702
tgn,validation,2023-06,country_tw,country_vn,0.22913881593684926,0.1569920778274536
tgn,validation,2023-06,country_us,country_203,0.3036468332860361,0.012367770075798035
tgn,validation,2023-06,country_us,country_344,-0.13638838778064033,0.04673844575881958
tgn,validation,2023-06,country_us,country_372,-0.11055241534195888,0.1905234456062317
tgn,validation,2023-06,country_us,country_380,-0.16517324779701473,0.02185264229774475
tgn,validation,2023-06,country_us,country_cn,-0.15657695409695163,0.014820724725723267
tgn,validation,2023-06,country_us,country_de,-0.0509543205690494,-0.034582771360874176
tgn,validation,2023-06,country_us,country_fr,-0.29972548196050236,0.02118179202079773
tgn,validation,2023-06,country_us,country_gb,-0.23294989106035036,0.022553041577339172
tgn,validation,2023-06,country_us,country_in,0.44686951708334477,0.01699814200401306
tgn,validation,2023-06,country_us,country_jp,-0.04249168129483916,-0.07163436710834503
tgn,validation,2023-06,country_us,country_kr,0.06240818396212156,-0.004747793078422546
tgn,validation,2023-06,country_us,country_mx,-0.13918470330852517,9.967386722564697e-05
tgn,validation,2023-06,country_us,country_my,-0.10979888575092828,-0.021980024874210358
tgn,validation,2023-06,country_us,country_ph,-0.03205567401749433,0.011630408465862274
tgn,validation,2023-06,country_us,country_sg,0.10882255287884995,0.007316574454307556
tgn,validation,2023-06,country_us,country_th,-0.12226215956679831,-0.0009018480777740479
tgn,validation,2023-06,country_us,country_vn,0.7772186275210693,0.026852160692214966
tgn,validation,2023-06,country_vn,country_203,-0.032673743677481215,0.1175139844417572
tgn,validation,2023-06,country_vn,country_344,0.19173233252474864,0.14290910959243774
tgn,validation,2023-06,country_vn,country_372,-0.7450229824314679,0.27505427598953247
tgn,validation,2023-06,country_vn,country_380,0.24445806360801497,0.09459921717643738
tgn,validation,2023-06,country_vn,country_cn,-0.02587023801684459,0.2546199560165405
tgn,validation,2023-06,country_vn,country_de,-0.11507888441958194,0.17054638266563416
tgn,validation,2023-06,country_vn,country_fr,0.10653049983672822,0.28492826223373413
tgn,validation,2023-06,country_vn,country_gb,0.3432020995993092,0.2649913728237152
tgn,validation,2023-06,country_vn,country_in,1.9501592015980567,0.28198644518852234
tgn,validation,2023-06,country_vn,country_jp,-0.23643334631837631,0.09311375021934509
tgn,validation,2023-06,country_vn,country_kr,0.02770622347021053,0.23328688740730286
tgn,validation,2023-06,country_vn,country_mx,-0.06421545404665246,0.27673324942588806
tgn,validation,2023-06,country_vn,country_my,0.576252568884344,0.1582489311695099
tgn,validation,2023-06,country_vn,country_ph,0.012484034976477015,0.18525034189224243
tgn,validation,2023-06,country_vn,country_sg,-0.09069873864958782,0.23461583256721497
tgn,validation,2023-06,country_vn,country_th,4.031567543197734,0.20296132564544678
tgn,validation,2023-06,country_vn,country_us,0.08844456703773047,0.25285768508911133
tgn,validation,2023-07,country_203,country_344,-0.5569253985942745,0.0640568733215332
tgn,validation,2023-07,country_203,country_372,-0.0020402472499342445,0.09014129638671875
tgn,validation,2023-07,country_203,country_380,-0.3833397442742928,-0.011974118649959564
tgn,validation,2023-07,country_203,country_cn,0.44779157466974123,0.1616748571395874
tgn,validation,2023-07,country_203,country_de,-0.3126296027308213,0.08641974627971649
tgn,validation,2023-07,country_203,country_fr,0.11049142485853757,0.0060714855790138245
tgn,validation,2023-07,country_203,country_gb,0.21269076286283004,0.22410249710083008
tgn,validation,2023-07,country_203,country_in,2.010614518774028,0.35209381580352783
tgn,validation,2023-07,country_203,country_jp,0.0024146893321568214,0.08734683692455292
tgn,validation,2023-07,country_203,country_kr,0.08629005840026206,0.16562992334365845
tgn,validation,2023-07,country_203,country_mx,1.0480119015417906,0.12718802690505981
tgn,validation,2023-07,country_203,country_my,-0.5277929962645562,0.18209481239318848
tgn,validation,2023-07,country_203,country_ph,0.19803621655006362,0.13334161043167114
tgn,validation,2023-07,country_203,country_sg,-0.051156920148317304,0.24090233445167542
tgn,validation,2023-07,country_203,country_th,8.738037246218038,0.22682049870491028
tgn,validation,2023-07,country_203,country_us,-0.06376777954014984,0.2583083510398865
tgn,validation,2023-07,country_203,country_vn,-0.08100853274791846,0.21668681502342224
tgn,validation,2023-07,country_344,country_203,-0.7526414225478569,0.06484957039356232
tgn,validation,2023-07,country_344,country_372,-0.4608515940824015,0.06742861866950989
tgn,validation,2023-07,country_344,country_380,-0.12582813304218787,-0.005143590271472931
tgn,validation,2023-07,country_344,country_cn,-0.4493767974000859,0.15954524278640747
tgn,validation,2023-07,country_344,country_de,-0.49097689087800206,0.08771514892578125
tgn,validation,2023-07,country_344,country_fr,-0.7163395336015872,0.015018448233604431
tgn,validation,2023-07,country_344,country_gb,-0.6656136390041646,0.22853553295135498
tgn,validation,2023-07,country_344,country_in,-0.8342691517702429,0.3834099769592285
tgn,validation,2023-07,country_344,country_jp,-0.6537034932911298,0.09038534760475159
tgn,validation,2023-07,country_344,country_kr,-0.003866185093669741,0.1880894899368286
tgn,validation,2023-07,country_344,country_mx,-0.09550079195058184,0.14003634452819824
tgn,validation,2023-07,country_344,country_my,0.009535977947026132,0.19187232851982117
tgn,validation,2023-07,country_344,country_ph,-0.07837255751699694,0.1627255082130432
tgn,validation,2023-07,country_344,country_sg,-0.3038452688683971,0.2369091808795929
tgn,validation,2023-07,country_344,country_th,-0.011651869850879461,0.23885390162467957
tgn,validation,2023-07,country_344,country_us,-0.7064264482820758,0.24001020193099976
tgn,validation,2023-07,country_344,country_vn,-0.6976229465779572,0.215151846408844
tgn,validation,2023-07,country_372,country_203,-0.07657620301453362,0.08289603888988495
tgn,validation,2023-07,country_372,country_344,-0.09532068590721644,0.05854296684265137
tgn,validation,2023-07,country_372,country_380,0.2709749512460818,-0.028477013111114502
tgn,validation,2023-07,country_372,country_cn,0.09695705433865594,0.16173279285430908
tgn,validation,2023-07,country_372,country_de,2.4374083072697603,0.07676440477371216
tgn,validation,2023-07,country_372,country_fr,-0.3526019482643491,-0.0009740740060806274
tgn,validation,2023-07,country_372,country_gb,0.1840853806938292,0.22357061505317688
tgn,validation,2023-07,country_372,country_in,-0.8264596143783415,0.3567560315132141
tgn,validation,2023-07,country_372,country_jp,-0.1851046686155212,0.0924530029296875
tgn,validation,2023-07,country_372,country_kr,0.36020843379089174,0.17739993333816528
tgn,validation,2023-07,country_372,country_mx,-0.1906636234442961,0.1094646155834198
tgn,validation,2023-07,country_372,country_my,0.38694893398245345,0.1929163634777069
tgn,validation,2023-07,country_372,country_ph,0.14540750569583613,0.1347282975912094
tgn,validation,2023-07,country_372,country_sg,0.3045995032898243,0.23807334899902344
tgn,validation,2023-07,country_372,country_th,1.3702899131250479,0.2267286777496338
tgn,validation,2023-07,country_372,country_us,-0.20498285203870206,0.27605754137039185
tgn,validation,2023-07,country_372,country_vn,0.21048765640739592,0.18616598844528198
tgn,validation,2023-07,country_380,country_203,0.35287816003026934,0.0057786330580711365
tgn,validation,2023-07,country_380,country_344,-0.850745106016649,-0.007145896553993225
tgn,validation,2023-07,country_380,country_372,0.3056715310026095,0.019022837281227112
tgn,validation,2023-07,country_380,country_cn,-0.026178311471167486,0.015403881669044495
tgn,validation,2023-07,country_380,country_de,-0.2156909424107112,0.04337474703788757
tgn,validation,2023-07,country_380,country_fr,0.3473705360486014,0.03897473216056824
tgn,validation,2023-07,country_380,country_gb,0.01667559036188808,0.04103265702724457
tgn,validation,2023-07,country_380,country_in,0.44432166456098326,0.12762409448623657
tgn,validation,2023-07,country_380,country_jp,-0.08002896866143153,0.025399044156074524
tgn,validation,2023-07,country_380,country_kr,-0.3677256682347135,0.01878400146961212
tgn,validation,2023-07,country_380,country_mx,-0.05782314584703712,0.03807896375656128
tgn,validation,2023-07,country_380,country_my,-0.9112840820447098,0.04260347783565521
tgn,validation,2023-07,country_380,country_ph,-0.15906638070122256,0.05044887959957123
tgn,validation,2023-07,country_380,country_sg,0.20611516043417935,0.05564846098423004
tgn,validation,2023-07,country_380,country_th,0.017664431836855208,0.04263216257095337
tgn,validation,2023-07,country_380,country_us,0.07650022579940363,0.10026612877845764
tgn,validation,2023-07,country_380,country_vn,0.18915916426663848,-0.015740610659122467
tgn,validation,2023-07,country_50,country_jp,-0.4537387082378222,0.008696496486663818
tgn,validation,2023-07,country_50,country_my,-0.43552958534218383,0.09975777566432953
tgn,validation,2023-07,country_50,country_sg,-0.9988188422800833,0.19360056519508362
tgn,validation,2023-07,country_cn,country_203,0.40860262605546016,0.0345502644777298
tgn,validation,2023-07,country_cn,country_344,0.0838041731055147,0.03238096833229065
tgn,validation,2023-07,country_cn,country_372,1.024020807790364,0.032961875200271606
tgn,validation,2023-07,country_cn,country_380,-0.2614823117902785,0.0456508994102478
tgn,validation,2023-07,country_cn,country_de,-0.26030708047791457,0.09911242127418518
tgn,validation,2023-07,country_cn,country_fr,-0.3300495482121891,0.0750465840101242
tgn,validation,2023-07,country_cn,country_gb,-0.20971851505564673,0.20732367038726807
tgn,validation,2023-07,country_cn,country_in,0.5605172482875727,0.35441333055496216
tgn,validation,2023-07,country_cn,country_jp,-0.23826346095732304,0.09841665625572205
tgn,validation,2023-07,country_cn,country_kr,-0.13817167740255978,0.1616497039794922
tgn,validation,2023-07,country_cn,country_mx,-0.17926077577950733,0.12082692980766296
tgn,validation,2023-07,country_cn,country_my,-0.12479782684956385,0.14524608850479126
tgn,validation,2023-07,country_cn,country_ph,-0.29573821545234513,0.1220158040523529
tgn,validation,2023-07,country_cn,country_sg,-0.11394369330604236,0.2143259346485138
tgn,validation,2023-07,country_cn,country_th,-0.0872490769663986,0.23913246393203735
tgn,validation,2023-07,country_cn,country_us,-0.04710237240160157,0.1470203697681427
tgn,validation,2023-07,country_cn,country_vn,0.22707454917396575,0.17436513304710388
tgn,validation,2023-07,country_de,country_203,0.18482051943448827,0.027669623494148254
tgn,validation,2023-07,country_de,country_344,-0.07977339612026488,0.02107010781764984
tgn,validation,2023-07,country_de,country_372,-0.24533889000594294,0.024399682879447937
tgn,validation,2023-07,country_de,country_380,-0.3701275820446149,0.04555140435695648
tgn,validation,2023-07,country_de,country_cn,0.03145817996667232,0.13653430342674255
tgn,validation,2023-07,country_de,country_fr,0.07452583170254455,0.0832749605178833
tgn,validation,2023-07,country_de,country_gb,-0.15070503278012598,0.2364426851272583
tgn,validation,2023-07,country_de,country_in,0.049906294800191695,0.3895227909088135
tgn,validation,2023-07,country_de,country_jp,-0.19782327164360763,0.0956336259841919
tgn,validation,2023-07,country_de,country_kr,0.014023279550654516,0.16128116846084595
tgn,validation,2023-07,country_de,country_mx,0.026169351101917232,0.12867549061775208
tgn,validation,2023-07,country_de,country_my,0.29898106930424534,0.14355289936065674
tgn,validation,2023-07,country_de,country_ph,0.0006142477661760559,0.12094488739967346
tgn,validation,2023-07,country_de,country_sg,0.4059321058404715,0.22459059953689575
tgn,validation,2023-07,country_de,country_th,0.6584098387629808,0.24666383862495422
tgn,validation,2023-07,country_de,country_us,0.1435058273923868,0.15963298082351685
tgn,validation,2023-07,country_de,country_vn,0.013083645846396076,0.20778703689575195
tgn,validation,2023-07,country_fr,country_203,-0.0489524558955358,0.06395801901817322
tgn,validation,2023-07,country_fr,country_344,-0.5575592744444725,0.037421226501464844
tgn,validation,2023-07,country_fr,country_372,0.5434570411487278,0.06975942850112915
tgn,validation,2023-07,country_fr,country_380,-0.4831325219607629,0.09833428263664246
tgn,validation,2023-07,country_fr,country_cn,0.21184546582818206,0.14504361152648926
tgn,validation,2023-07,country_fr,country_de,-0.1483946422107102,0.07269005477428436
tgn,validation,2023-07,country_fr,country_gb,-0.326284369720144,0.24536409974098206
tgn,validation,2023-07,country_fr,country_in,0.18650521238205284,0.41302239894866943
tgn,validation,2023-07,country_fr,country_jp,0.10961086023033574,0.07491368055343628
tgn,validation,2023-07,country_fr,country_kr,0.18327732072549432,0.15213152766227722
tgn,validation,2023-07,country_fr,country_mx,0.2612142449133946,0.11074791848659515
tgn,validation,2023-07,country_fr,country_my,-0.5558804981458059,0.1185404360294342
tgn,validation,2023-07,country_fr,country_ph,-0.0964826993883423,0.10537371039390564
tgn,validation,2023-07,country_fr,country_sg,0.14129089551107513,0.2437547743320465
tgn,validation,2023-07,country_fr,country_th,-0.11603726335106584,0.2542007863521576
tgn,validation,2023-07,country_fr,country_us,-0.12731346611412292,0.1437859833240509
tgn,validation,2023-07,country_fr,country_vn,0.4985448407901881,0.19965118169784546
tgn,validation,2023-07,country_gb,country_203,-0.36646223765986946,0.04808306694030762
tgn,validation,2023-07,country_gb,country_344,-0.2850939718635408,0.05042219161987305
tgn,validation,2023-07,country_gb,country_372,0.3107604088036806,0.05832991003990173
tgn,validation,2023-07,country_gb,country_380,-0.4861381869800898,0.053674012422561646
tgn,validation,2023-07,country_gb,country_cn,-0.05750534855608635,0.1311194896697998
tgn,validation,2023-07,country_gb,country_de,-0.26737191434560814,0.08836956322193146
tgn,validation,2023-07,country_gb,country_fr,-0.08613822232366979,0.06658604741096497
tgn,validation,2023-07,country_gb,country_in,-0.04051426434064307,0.3352166414260864
tgn,validation,2023-07,country_gb,country_jp,0.06614564642194741,0.09255355596542358
tgn,validation,2023-07,country_gb,country_kr,-0.13063915594261807,0.15749633312225342
tgn,validation,2023-07,country_gb,country_mx,-0.14098165721344033,0.13980740308761597
tgn,validation,2023-07,country_gb,country_my,-0.19998387841158316,0.1511915624141693
tgn,validation,2023-07,country_gb,country_ph,-0.44126555121299893,0.12755976617336273
tgn,validation,2023-07,country_gb,country_sg,-0.1600150080065491,0.2079859972000122
tgn,validation,2023-07,country_gb,country_th,-0.09058488991479902,0.21003204584121704
tgn,validation,2023-07,country_gb,country_us,-0.12671335788543145,0.1685084104537964
tgn,validation,2023-07,country_gb,country_vn,1.0917516186312037,0.15101838111877441
tgn,validation,2023-07,country_in,country_203,1.4115232000733962,0.10342580080032349
tgn,validation,2023-07,country_in,country_344,-0.27918999148168,0.10849997401237488
tgn,validation,2023-07,country_in,country_372,21.16354215719256,0.1141919195652008
tgn,validation,2023-07,country_in,country_380,0.8178806833158455,0.10468550026416779
tgn,validation,2023-07,country_in,country_cn,0.10339849267184052,0.16511911153793335
tgn,validation,2023-07,country_in,country_de,-0.04302735800311422,0.11755496263504028
tgn,validation,2023-07,country_in,country_fr,-0.7004648920948187,0.09033772349357605
tgn,validation,2023-07,country_in,country_gb,0.6297732977240047,0.22230923175811768
tgn,validation,2023-07,country_in,country_jp,-0.1844441482605168,0.11539489030838013
tgn,validation,2023-07,country_in,country_kr,-0.5818810470945781,0.19074684381484985
tgn,validation,2023-07,country_in,country_mx,0.12120445013058335,0.16878199577331543
tgn,validation,2023-07,country_in,country_my,-0.026902439706788954,0.17473816871643066
tgn,validation,2023-07,country_in,country_ph,-0.8942457004964751,0.153159499168396
tgn,validation,2023-07,country_in,country_sg,-0.16931119809880515,0.23975926637649536
tgn,validation,2023-07,country_in,country_th,1.560222757483679,0.24983638525009155
tgn,validation,2023-07,country_in,country_us,-0.012621534155275956,0.2404988706111908
tgn,validation,2023-07,country_in,country_vn,0.005800351294205342,0.1899421513080597
tgn,validation,2023-07,country_jp,country_203,0.0466163600376767,0.02181863784790039
tgn,validation,2023-07,country_jp,country_344,-0.04105386228721691,0.02445387840270996
tgn,validation,2023-07,country_jp,country_372,-0.5183510835898709,0.017566978931427002
tgn,validation,2023-07,country_jp,country_380,-0.30936984940576706,0.043261900544166565
tgn,validation,2023-07,country_jp,country_cn,-0.03402969922206219,0.1405712366104126
tgn,validation,2023-07,country_jp,country_de,0.08131650933070579,0.09193681180477142
tgn,validation,2023-07,country_jp,country_fr,-0.3517922792384199,0.07504954934120178
tgn,validation,2023-07,country_jp,country_gb,0.02078176538575074,0.2079334259033203
tgn,validation,2023-07,country_jp,country_in,0.9762860744474005,0.39075732231140137
tgn,validation,2023-07,country_jp,country_kr,-0.048830029399902546,0.16369664669036865
tgn,validation,2023-07,country_jp,country_mx,0.1963622244669285,0.12745685875415802
tgn,validation,2023-07,country_jp,country_my,-0.16697021425255648,0.15093302726745605
tgn,validation,2023-07,country_jp,country_ph,0.16317467385531315,0.12339553236961365
tgn,validation,2023-07,country_jp,country_sg,-0.004327209183405318,0.22531065344810486
tgn,validation,2023-07,country_jp,country_th,0.0051343848529382926,0.24767163395881653
tgn,validation,2023-07,country_jp,country_us,0.009883145619300978,0.16092613339424133
tgn,validation,2023-07,country_jp,country_vn,0.8260862091692495,0.15886643528938293
tgn,validation,2023-07,country_kr,country_203,-0.08745989237405498,0.05227530002593994
tgn,validation,2023-07,country_kr,country_344,0.07146627364062379,0.056818217039108276
tgn,validation,2023-07,country_kr,country_372,1.6851156341063853,0.04518023133277893
tgn,validation,2023-07,country_kr,country_380,0.3446708982200584,0.05206434428691864
tgn,validation,2023-07,country_kr,country_cn,-0.01570027676209226,0.1506088376045227
tgn,validation,2023-07,country_kr,country_de,0.23386866652373337,0.1142486035823822
tgn,validation,2023-07,country_kr,country_fr,-0.12592848121515665,0.09252864122390747
tgn,validation,2023-07,country_kr,country_gb,0.008358645250464534,0.2091064453125
tgn,validation,2023-07,country_kr,country_in,0.2815635840690417,0.38268062472343445
tgn,validation,2023-07,country_kr,country_jp,0.07203623036591927,0.11726565659046173
tgn,validation,2023-07,country_kr,country_mx,-0.06365916139867872,0.14855578541755676
tgn,validation,2023-07,country_kr,country_my,-0.01945016254249689,0.16381895542144775
tgn,validation,2023-07,country_kr,country_ph,-0.09265556055647611,0.14489084482192993
tgn,validation,2023-07,country_kr,country_th,-0.1045530475355663,0.2500053942203522
tgn,validation,2023-07,country_kr,country_us,-0.06824090240168572,0.18787992000579834
tgn,validation,2023-07,country_kr,country_vn,0.06862823383607165,0.18377181887626648
tgn,validation,2023-07,country_mx,country_203,-0.25039480703590905,0.04349054396152496
tgn,validation,2023-07,country_mx,country_344,-0.006747453584539441,0.04374994337558746
tgn,validation,2023-07,country_mx,country_372,1.2714881836924743,0.051016390323638916
tgn,validation,2023-07,country_mx,country_380,-0.5951255749128131,0.07839915156364441
tgn,validation,2023-07,country_mx,country_cn,0.576888068830758,0.14958935976028442
tgn,validation,2023-07,country_mx,country_de,-0.1799697892216043,0.11391392350196838
tgn,validation,2023-07,country_mx,country_fr,-0.3942084791970312,0.08941708505153656
tgn,validation,2023-07,country_mx,country_gb,0.039848638120582876,0.2232760190963745
tgn,validation,2023-07,country_mx,country_in,0.34593303606502757,0.4066306948661804
tgn,validation,2023-07,country_mx,country_jp,-0.2698631532920279,0.11636322736740112
tgn,validation,2023-07,country_mx,country_kr,-0.4274377020263803,0.17736637592315674
tgn,validation,2023-07,country_mx,country_my,-0.15067310913740922,0.1587822437286377
tgn,validation,2023-07,country_mx,country_ph,-0.0036408731034361015,0.13952794671058655
tgn,validation,2023-07,country_mx,country_sg,-0.22288309887912305,0.2270667552947998
tgn,validation,2023-07,country_mx,country_th,-0.15200185622501733,0.24715590476989746
tgn,validation,2023-07,country_mx,country_us,0.26342571730584524,0.18573933839797974
tgn,validation,2023-07,country_mx,country_vn,0.06527028035412286,0.21035191416740417
tgn,validation,2023-07,country_my,country_203,0.5751182437509673,0.05053874850273132
tgn,validation,2023-07,country_my,country_344,-0.20791501823958183,0.053098395466804504
tgn,validation,2023-07,country_my,country_372,-0.23603204985672466,0.04807758331298828
tgn,validation,2023-07,country_my,country_380,-0.5409653022951935,0.05547478795051575
tgn,validation,2023-07,country_my,country_cn,-0.17969927109800937,0.15511173009872437
tgn,validation,2023-07,country_my,country_de,0.025761596987609655,0.11969582736492157
tgn,validation,2023-07,country_my,country_fr,-0.3677675383501152,0.10548238456249237
tgn,validation,2023-07,country_my,country_gb,-0.2190689856663929,0.21934685111045837
tgn,validation,2023-07,country_my,country_in,0.35045547280606526,0.4137968420982361
tgn,validation,2023-07,country_my,country_jp,0.017338328118193882,0.12040376663208008
tgn,validation,2023-07,country_my,country_kr,-0.04140894191994777,0.17471563816070557
tgn,validation,2023-07,country_my,country_mx,-0.06672340093474025,0.15246814489364624
tgn,validation,2023-07,country_my,country_ph,-0.11246049250441047,0.14602380990982056
tgn,validation,2023-07,country_my,country_sg,-0.11175837913320312,0.24098491668701172
tgn,validation,2023-07,country_my,country_th,-0.140032870459398,0.2534828186035156
tgn,validation,2023-07,country_my,country_us,-0.10695087158519674,0.1938946545124054
tgn,validation,2023-07,country_my,country_vn,0.1103316981111273,0.15224456787109375
tgn,validation,2023-07,country_ph,country_203,-0.03731358461789577,0.03577187657356262
tgn,validation,2023-07,country_ph,country_344,-0.056645305044532274,0.04100397229194641
tgn,validation,2023-07,country_ph,country_372,0.24550707657373044,0.03579793870449066
tgn,validation,2023-07,country_ph,country_380,-0.49267396394994745,0.06060647964477539
tgn,validation,2023-07,country_ph,country_cn,-0.054341042455945586,0.14725923538208008
tgn,validation,2023-07,country_ph,country_de,-0.01720603986403474,0.10979168117046356
tgn,validation,2023-07,country_ph,country_fr,-0.30396592522580024,0.09374925494194031
tgn,validation,2023-07,country_ph,country_gb,-0.14364719012536156,0.21798020601272583
tgn,validation,2023-07,country_ph,country_in,0.7433171550214339,0.3952180743217468
tgn,validation,2023-07,country_ph,country_jp,-0.08308827987793457,0.11618858575820923
tgn,validation,2023-07,country_ph,country_kr,-0.17220819040078122,0.1694667935371399
tgn,validation,2023-07,country_ph,country_mx,0.029018098397034082,0.14409756660461426
tgn,validation,2023-07,country_ph,country_my,-0.22279509437534348,0.1546538770198822
tgn,validation,2023-07,country_ph,country_sg,-0.07246796726817012,0.23361945152282715
tgn,validation,2023-07,country_ph,country_th,-0.07801953025566224,0.2513561546802521
tgn,validation,2023-07,country_ph,country_us,-0.07043428717098844,0.1671622395515442
tgn,validation,2023-07,country_ph,country_vn,0.09010440096973805,0.21340462565422058
tgn,validation,2023-07,country_sg,country_203,-0.4723455499083845,0.07611018419265747
tgn,validation,2023-07,country_sg,country_344,0.03638212338607892,0.08952875435352325
tgn,validation,2023-07,country_sg,country_372,-0.7182766126929957,0.07422392070293427
tgn,validation,2023-07,country_sg,country_380,-0.4609850309310366,0.0836864560842514
tgn,validation,2023-07,country_sg,country_cn,-0.08569717902748179,0.1707683503627777
tgn,validation,2023-07,country_sg,country_de,-0.14920532291577596,0.1306915432214737
tgn,validation,2023-07,country_sg,country_fr,0.016099266428361132,0.10745947062969208
tgn,validation,2023-07,country_sg,country_gb,-0.0070725996136509735,0.22366216778755188
tgn,validation,2023-07,country_sg,country_in,0.097898467677779,0.3875395655632019
tgn,validation,2023-07,country_sg,country_jp,-0.048821199762307206,0.1402212679386139
tgn,validation,2023-07,country_sg,country_kr,0.282649707932171,0.19662654399871826
tgn,validation,2023-07,country_sg,country_mx,0.03329895016327047,0.17266076803207397
tgn,validation,2023-07,country_sg,country_my,0.19055910744719803,0.19261324405670166
tgn,validation,2023-07,country_sg,country_ph,-0.2595176342891579,0.17092353105545044
tgn,validation,2023-07,country_sg,country_th,-0.05390504442256696,0.2652365565299988
tgn,validation,2023-07,country_sg,country_us,0.03958889042922055,0.21093934774398804
tgn,validation,2023-07,country_sg,country_vn,0.06970344977045492,0.19042804837226868
tgn,validation,2023-07,country_th,country_203,0.047127656788392265,0.09481285512447357
tgn,validation,2023-07,country_th,country_344,0.036341921347705954,0.09726783633232117
tgn,validation,2023-07,country_th,country_372,-0.08105040740576201,0.09623563289642334
tgn,validation,2023-07,country_th,country_380,-0.3672597023814755,0.100166454911232
tgn,validation,2023-07,country_th,country_cn,-0.06942024409379367,0.18363294005393982
tgn,validation,2023-07,country_th,country_de,0.007472230532884324,0.14244496822357178
tgn,validation,2023-07,country_th,country_fr,-0.15188483049885482,0.1173962652683258
tgn,validation,2023-07,country_th,country_gb,-0.03884754713447134,0.24470973014831543
tgn,validation,2023-07,country_th,country_in,-0.21163559682917824,0.39051783084869385
tgn,validation,2023-07,country_th,country_jp,0.06073832289601407,0.14541909098625183
tgn,validation,2023-07,country_th,country_kr,0.30333487627550615,0.20812535285949707
tgn,validation,2023-07,country_th,country_mx,-0.05521212406897086,0.18227019906044006
tgn,validation,2023-07,country_th,country_my,-0.2041521144518373,0.19913041591644287
tgn,validation,2023-07,country_th,country_ph,-0.12415919452469987,0.17637670040130615
tgn,validation,2023-07,country_th,country_sg,-0.06732386626260488,0.2603859305381775
tgn,validation,2023-07,country_th,country_us,0.234221826952867,0.22790813446044922
tgn,validation,2023-07,country_th,country_vn,-0.1232619423756123,0.2171446681022644
tgn,validation,2023-07,country_tw,country_203,0.2095239739745707,0.015307873487472534
tgn,validation,2023-07,country_tw,country_344,0.010795311362782372,0.02518025040626526
tgn,validation,2023-07,country_tw,country_372,-0.2776232317775236,0.016396433115005493
tgn,validation,2023-07,country_tw,country_380,-0.27319022295639084,0.036803051829338074
tgn,validation,2023-07,country_tw,country_cn,0.04289785572362897,0.15155214071273804
tgn,validation,2023-07,country_tw,country_de,0.0033033108753279137,0.09454943239688873
tgn,validation,2023-07,country_tw,country_fr,0.04153799774660323,0.07783101499080658
tgn,validation,2023-07,country_tw,country_gb,-0.057365450680484084,0.21110373735427856
tgn,validation,2023-07,country_tw,country_in,0.4942097267767963,0.3996381163597107
tgn,validation,2023-07,country_tw,country_jp,-0.18231393750898403,0.10122892260551453
tgn,validation,2023-07,country_tw,country_kr,0.025138219870827948,0.173152893781662
tgn,validation,2023-07,country_tw,country_mx,0.031213561954317987,0.12708699703216553
tgn,validation,2023-07,country_tw,country_my,-0.12190676974698472,0.16017651557922363
tgn,validation,2023-07,country_tw,country_ph,-0.30170833879366515,0.12613235414028168
tgn,validation,2023-07,country_tw,country_sg,0.1777623152444265,0.23670262098312378
tgn,validation,2023-07,country_tw,country_th,0.18906670744161697,0.24919649958610535
tgn,validation,2023-07,country_tw,country_us,-0.151200166968315,0.16910535097122192
tgn,validation,2023-07,country_tw,country_vn,0.07795143797370821,0.2030627727508545
tgn,validation,2023-07,country_us,country_203,0.2733828298893947,0.01809030771255493
tgn,validation,2023-07,country_us,country_344,0.10384765231215144,0.018925845623016357
tgn,validation,2023-07,country_us,country_372,-0.3810410515921506,0.022700682282447815
tgn,validation,2023-07,country_us,country_380,-0.42279622570201697,0.011658713221549988
tgn,validation,2023-07,country_us,country_cn,0.06126821622776845,-0.02046598494052887
tgn,validation,2023-07,country_us,country_de,0.05212883687284475,-0.04517403244972229
tgn,validation,2023-07,country_us,country_fr,-0.2038346846904222,-0.056510020047426224
tgn,validation,2023-07,country_us,country_gb,-0.18214989371197424,0.0227012038230896
tgn,validation,2023-07,country_us,country_in,-0.44577478166317347,0.11532589793205261
tgn,validation,2023-07,country_us,country_jp,-0.07157659018749621,-0.04413427412509918
tgn,validation,2023-07,country_us,country_kr,0.188763280264417,0.005619898438453674
tgn,validation,2023-07,country_us,country_mx,0.04178701869556504,-0.022072017192840576
tgn,validation,2023-07,country_us,country_my,-0.12748366607357203,0.008979380130767822
tgn,validation,2023-07,country_us,country_ph,0.09314109382026411,-0.012843318283557892
tgn,validation,2023-07,country_us,country_sg,-0.12365301815270996,0.04368576407432556
tgn,validation,2023-07,country_us,country_th,0.015277319414281131,0.04089145362377167
tgn,validation,2023-07,country_us,country_vn,0.2141689453290708,0.00522187352180481
tgn,validation,2023-07,country_vn,country_203,2.959589732401725,0.07272070646286011
tgn,validation,2023-07,country_vn,country_344,0.2664406816534638,0.07166168093681335
tgn,validation,2023-07,country_vn,country_372,1.4502999267693748,0.0645323395729065
tgn,validation,2023-07,country_vn,country_380,-0.030144049353605075,0.0582951158285141
tgn,validation,2023-07,country_vn,country_cn,0.1535783906823808,0.1873050332069397
tgn,validation,2023-07,country_vn,country_de,-0.01653456662977687,0.13093894720077515
tgn,validation,2023-07,country_vn,country_fr,-0.06963818349556278,0.10508760809898376
tgn,validation,2023-07,country_vn,country_gb,0.3922287104794391,0.24350428581237793
tgn,validation,2023-07,country_vn,country_in,2.179375801038359,0.4150979518890381
tgn,validation,2023-07,country_vn,country_jp,-0.16150735217484852,0.12339746952056885
tgn,validation,2023-07,country_vn,country_kr,0.23228365471181928,0.20231011509895325
tgn,validation,2023-07,country_vn,country_mx,-0.029081563097948498,0.15655755996704102
tgn,validation,2023-07,country_vn,country_my,0.4203394494860574,0.18640318512916565
tgn,validation,2023-07,country_vn,country_ph,1.0060213751116496,0.1396784782409668
tgn,validation,2023-07,country_vn,country_sg,0.7707983339423062,0.25877195596694946
tgn,validation,2023-07,country_vn,country_th,3.408288379251718,0.2811799645423889
tgn,validation,2023-07,country_vn,country_us,0.04599657451854905,0.23894339799880981
tgn,validation,2023-08,country_203,country_344,0.10044161175199344,0.08574412763118744
tgn,validation,2023-08,country_203,country_372,0.02517756141460781,-0.001047283411026001
tgn,validation,2023-08,country_203,country_380,-0.012266181169814346,0.22798621654510498
tgn,validation,2023-08,country_203,country_cn,0.29314669651610165,0.10010311007499695
tgn,validation,2023-08,country_203,country_de,-0.42454291322140386,0.059855908155441284
tgn,validation,2023-08,country_203,country_fr,-0.25459845643227064,-0.02252981811761856
tgn,validation,2023-08,country_203,country_gb,0.3438948161672678,0.14603149890899658
tgn,validation,2023-08,country_203,country_in,-0.5563721735771358,0.7126489281654358
tgn,validation,2023-08,country_203,country_jp,-0.18781788313366848,-0.06829403340816498
tgn,validation,2023-08,country_203,country_kr,0.6737763620138488,0.2077178955078125
tgn,validation,2023-08,country_203,country_mx,-0.2684722030344321,0.21192538738250732
tgn,validation,2023-08,country_203,country_my,-0.2582894800775459,0.25512373447418213
tgn,validation,2023-08,country_203,country_ph,0.15377867472242768,0.2561147212982178
tgn,validation,2023-08,country_203,country_sg,-0.00034822361852693127,0.27645453810691833
tgn,validation,2023-08,country_203,country_th,0.19647593967951565,0.18008628487586975
tgn,validation,2023-08,country_203,country_us,0.4953217311529045,0.4340795874595642
tgn,validation,2023-08,country_203,country_vn,-0.25416494510812343,0.4387974143028259
tgn,validation,2023-08,country_344,country_203,-0.4522715053112391,0.4266784191131592
tgn,validation,2023-08,country_344,country_372,3.02255347902252,0.03158386051654816
tgn,validation,2023-08,country_344,country_380,-0.5329208345969926,0.2564693093299866
tgn,validation,2023-08,country_344,country_cn,3.13511613641262,0.1862293779850006
tgn,validation,2023-08,country_344,country_de,-0.3064412586319052,0.16403734683990479
tgn,validation,2023-08,country_344,country_fr,-0.5115053192638498,0.1036243587732315
tgn,validation,2023-08,country_344,country_gb,-0.6339971814758031,0.20450973510742188
tgn,validation,2023-08,country_344,country_in,-0.5471530462329404,0.5583932399749756
tgn,validation,2023-08,country_344,country_jp,-0.7308007633654867,0.04721355438232422
tgn,validation,2023-08,country_344,country_kr,0.4226354899410714,0.2563483417034149
tgn,validation,2023-08,country_344,country_mx,0.4972184099556944,0.2357528805732727
tgn,validation,2023-08,country_344,country_my,2.311694928542764,0.27825599908828735
tgn,validation,2023-08,country_344,country_ph,-0.3461090468293169,0.2678307890892029
tgn,validation,2023-08,country_344,country_sg,-0.1778710070466819,0.24226826429367065
tgn,validation,2023-08,country_344,country_th,-0.08231117506678498,0.23184806108474731
tgn,validation,2023-08,country_344,country_us,-0.5686396592885142,0.3138872981071472
tgn,validation,2023-08,country_344,country_vn,-0.9541163176948012,0.3597079813480377
tgn,validation,2023-08,country_372,country_203,1.0912828939955415,0.3195176124572754
tgn,validation,2023-08,country_372,country_344,-0.5188121002836044,0.016311943531036377
tgn,validation,2023-08,country_372,country_380,-0.824669742076307,0.320517361164093
tgn,validation,2023-08,country_372,country_cn,0.2892780766789979,-0.018360599875450134
tgn,validation,2023-08,country_372,country_de,1.1431930382729758,0.017725110054016113
tgn,validation,2023-08,country_372,country_fr,-0.026426735427350887,0.154546856880188
tgn,validation,2023-08,country_372,country_gb,-0.33903054489918927,0.06619997322559357
tgn,validation,2023-08,country_372,country_in,-0.6504480773912532,0.253314733505249
tgn,validation,2023-08,country_372,country_jp,0.10899357330925277,0.014410629868507385
tgn,validation,2023-08,country_372,country_kr,0.27696030172589386,-0.0037563741207122803
tgn,validation,2023-08,country_372,country_mx,23.45656457954513,-0.0007758289575576782
tgn,validation,2023-08,country_372,country_my,0.469493997080913,0.023709654808044434
tgn,validation,2023-08,country_372,country_ph,-0.000466653682789287,0.014973074197769165
tgn,validation,2023-08,country_372,country_sg,0.2218791338918104,-0.019716426730155945
tgn,validation,2023-08,country_372,country_th,1.2442361961954702,-0.007350705564022064
tgn,validation,2023-08,country_372,country_us,-0.17315071824322203,0.1469634771347046
tgn,validation,2023-08,country_372,country_vn,0.9370579572719866,0.06878411769866943
tgn,validation,2023-08,country_380,country_203,0.2104766484604556,0.5244966745376587
tgn,validation,2023-08,country_380,country_344,-0.8585213651765332,0.17426612973213196
tgn,validation,2023-08,country_380,country_372,0.1769234337632037,0.22689378261566162
tgn,validation,2023-08,country_380,country_cn,0.08112724403571063,-0.07648831605911255
tgn,validation,2023-08,country_380,country_de,-0.14667016707566666,-0.07007551938295364
tgn,validation,2023-08,country_380,country_fr,-0.2918475358676135,0.20490676164627075
tgn,validation,2023-08,country_380,country_gb,0.06045492298168547,0.08971305191516876
tgn,validation,2023-08,country_380,country_in,-0.39160559196868966,0.2685084939002991
tgn,validation,2023-08,country_380,country_jp,0.0013190835895133075,-0.05314569175243378
tgn,validation,2023-08,country_380,country_kr,-0.3723786001212779,-0.039321161806583405
tgn,validation,2023-08,country_380,country_mx,-0.13753615620550091,-0.025828897953033447
tgn,validation,2023-08,country_380,country_my,-0.7138964015875384,-0.022073470056056976
tgn,validation,2023-08,country_380,country_ph,0.07812503531854383,-0.010655015707015991
tgn,validation,2023-08,country_380,country_sg,0.052066019969915216,-0.003633946180343628
tgn,validation,2023-08,country_380,country_th,0.0324696478391865,-0.037719592452049255
tgn,validation,2023-08,country_380,country_us,-0.13317181838437567,0.08733958005905151
tgn,validation,2023-08,country_380,country_vn,0.019833452964421083,0.1621900200843811
tgn,validation,2023-08,country_50,country_de,-0.08807683781403565,0.10170477628707886
tgn,validation,2023-08,country_50,country_jp,-0.5947982619656191,-0.016830801963806152
tgn,validation,2023-08,country_50,country_my,0.08022313380082229,0.231276273727417
tgn,validation,2023-08,country_50,country_sg,-0.510085905186128,0.21721962094306946
tgn,validation,2023-08,country_cn,country_203,0.077600972906766,0.26278868317604065
tgn,validation,2023-08,country_cn,country_344,0.2173856274176215,0.05904024839401245
tgn,validation,2023-08,country_cn,country_372,0.15080786731461515,0.08243036270141602
tgn,validation,2023-08,country_cn,country_380,-0.2617022010291703,0.3759724199771881
tgn,validation,2023-08,country_cn,country_de,-0.32158576825526164,0.15668612718582153
tgn,validation,2023-08,country_cn,country_fr,-0.23952290111074703,0.16005805134773254
tgn,validation,2023-08,country_cn,country_gb,-0.2868846536563972,0.1973240077495575
tgn,validation,2023-08,country_cn,country_in,0.7376755786993864,0.5067107081413269
tgn,validation,2023-08,country_cn,country_jp,-0.0815975697765512,0.11120066046714783
tgn,validation,2023-08,country_cn,country_kr,-0.10567553603157501,0.22588881850242615
tgn,validation,2023-08,country_cn,country_mx,0.035575289483951646,0.19227826595306396
tgn,validation,2023-08,country_cn,country_my,-0.10206278993696286,0.23852089047431946
tgn,validation,2023-08,country_cn,country_ph,-0.15853943141620716,0.23044174909591675
tgn,validation,2023-08,country_cn,country_sg,-0.09631733578540963,0.21896058320999146
tgn,validation,2023-08,country_cn,country_th,-0.1342183996994913,0.21770474314689636
tgn,validation,2023-08,country_cn,country_us,-0.13636359775509863,0.2208160161972046
tgn,validation,2023-08,country_cn,country_vn,0.30502749680460756,0.3065803050994873
tgn,validation,2023-08,country_de,country_203,-0.07704658847091889,0.3072529435157776
tgn,validation,2023-08,country_de,country_344,0.019842849745340518,0.05984550714492798
tgn,validation,2023-08,country_de,country_372,0.5129967073460658,0.09066657721996307
tgn,validation,2023-08,country_de,country_380,-0.0285534449452164,0.43238651752471924
tgn,validation,2023-08,country_de,country_cn,-0.13492177892147802,0.15490537881851196
tgn,validation,2023-08,country_de,country_fr,-0.13667104023736282,0.20668089389801025
tgn,validation,2023-08,country_de,country_gb,-0.01862490591360142,0.20622116327285767
tgn,validation,2023-08,country_de,country_in,-0.051668448793709784,0.5132983326911926
tgn,validation,2023-08,country_de,country_jp,-0.041122685101811864,0.11672866344451904
tgn,validation,2023-08,country_de,country_kr,0.14844808071742938,0.21885502338409424
tgn,validation,2023-08,country_de,country_mx,0.1549088708316637,0.20887094736099243
tgn,validation,2023-08,country_de,country_my,0.1242776160632705,0.2508503794670105
tgn,validation,2023-08,country_de,country_ph,0.0410889519578453,0.23767995834350586
tgn,validation,2023-08,country_de,country_sg,0.21248636562618975,0.22790789604187012
tgn,validation,2023-08,country_de,country_th,0.03408610883298806,0.21512889862060547
tgn,validation,2023-08,country_de,country_us,0.4083011099218875,0.22993284463882446
tgn,validation,2023-08,country_de,country_vn,0.11813350216066353,0.27827563881874084
tgn,validation,2023-08,country_fr,country_203,-0.15128904633798312,0.5583794116973877
tgn,validation,2023-08,country_fr,country_344,-0.6095845523132852,0.17757970094680786
tgn,validation,2023-08,country_fr,country_372,0.2527518068791151,0.2303895354270935
tgn,validation,2023-08,country_fr,country_380,-0.288654800500264,0.5480947494506836
tgn,validation,2023-08,country_fr,country_cn,0.27949613346081087,0.09682178497314453
tgn,validation,2023-08,country_fr,country_de,0.09309838810122952,0.057054921984672546
tgn,validation,2023-08,country_fr,country_gb,0.03322770584987659,0.2302553653717041
tgn,validation,2023-08,country_fr,country_in,1.1628921162871422,0.5272601842880249
tgn,validation,2023-08,country_fr,country_jp,0.05360666293187493,0.00486813485622406
tgn,validation,2023-08,country_fr,country_kr,0.19564930220472782,0.15577921271324158
tgn,validation,2023-08,country_fr,country_mx,-0.4040353897923329,0.12664185464382172
tgn,validation,2023-08,country_fr,country_my,-0.4783376383864076,0.193659245967865
tgn,validation,2023-08,country_fr,country_ph,0.19573730707897305,0.18989428877830505
tgn,validation,2023-08,country_fr,country_sg,0.022324406065856083,0.20371103286743164
tgn,validation,2023-08,country_fr,country_th,-0.2536862009201758,0.13939379155635834
tgn,validation,2023-08,country_fr,country_us,-0.06207380634137588,0.1476946473121643
tgn,validation,2023-08,country_fr,country_vn,0.29653797197115433,0.34792762994766235
tgn,validation,2023-08,country_gb,country_203,-0.45163791877413156,0.3557603359222412
tgn,validation,2023-08,country_gb,country_344,-0.17923183948101643,0.026506677269935608
tgn,validation,2023-08,country_gb,country_372,0.4037340023519856,0.07080015540122986
tgn,validation,2023-08,country_gb,country_380,0.36741268349470707,0.4257529377937317
tgn,validation,2023-08,country_gb,country_cn,-0.024444919839895576,0.059594690799713135
tgn,validation,2023-08,country_gb,country_de,-0.1344845229994065,0.06419713795185089
tgn,validation,2023-08,country_gb,country_fr,0.2821854136608492,0.14810964465141296
tgn,validation,2023-08,country_gb,country_in,-0.41406563753844394,0.4189593195915222
tgn,validation,2023-08,country_gb,country_jp,0.06387486725031659,0.027309566736221313
tgn,validation,2023-08,country_gb,country_kr,-0.06516570796877924,0.11234687268733978
tgn,validation,2023-08,country_gb,country_mx,-0.5534818869533281,0.11192753911018372
tgn,validation,2023-08,country_gb,country_my,-0.04304447213038835,0.15422844886779785
tgn,validation,2023-08,country_gb,country_ph,-0.28042921421566314,0.14272135496139526
tgn,validation,2023-08,country_gb,country_sg,-0.3165132442715096,0.13597558438777924
tgn,validation,2023-08,country_gb,country_th,-0.5089006570725997,0.12559017539024353
tgn,validation,2023-08,country_gb,country_us,-0.32104030606210515,0.1784895956516266
tgn,validation,2023-08,country_gb,country_vn,-0.19250367016898373,0.20928511023521423
tgn,validation,2023-08,country_in,country_203,0.40171302578018997,0.3533661365509033
tgn,validation,2023-08,country_in,country_344,-0.15136525826685515,0.21696367859840393
tgn,validation,2023-08,country_in,country_372,6.05148447864006,0.23141992092132568
tgn,validation,2023-08,country_in,country_380,0.2665014766702964,0.38355910778045654
tgn,validation,2023-08,country_in,country_cn,0.4769558102012463,0.23082208633422852
tgn,validation,2023-08,country_in,country_de,0.050543759865348745,0.2283620536327362
tgn,validation,2023-08,country_in,country_fr,-0.2961935114034528,0.20220261812210083
tgn,validation,2023-08,country_in,country_gb,-0.07831803446073693,0.2704606354236603
tgn,validation,2023-08,country_in,country_jp,-0.7158225277480523,0.17051059007644653
tgn,validation,2023-08,country_in,country_kr,-0.30601433436376757,0.2840835750102997
tgn,validation,2023-08,country_in,country_mx,-0.4845764419057316,0.2909371554851532
tgn,validation,2023-08,country_in,country_my,0.30294615416771464,0.29947978258132935
tgn,validation,2023-08,country_in,country_ph,-0.3923100899456764,0.2947138845920563
tgn,validation,2023-08,country_in,country_sg,0.7081433323767163,0.29955416917800903
tgn,validation,2023-08,country_in,country_th,4.765117402043743,0.2891743779182434
tgn,validation,2023-08,country_in,country_us,0.3052391129094606,0.4039652347564697
tgn,validation,2023-08,country_in,country_vn,-0.4340207543195564,0.3616023063659668
tgn,validation,2023-08,country_jp,country_203,-0.33405961198022777,0.3946306109428406
tgn,validation,2023-08,country_jp,country_344,0.014818513912799248,0.04086068272590637
tgn,validation,2023-08,country_jp,country_372,-0.3643572287821245,0.10229036211967468
tgn,validation,2023-08,country_jp,country_380,-0.18920125867264698,0.46660172939300537
tgn,validation,2023-08,country_jp,country_cn,-0.006458680789945358,0.1604454219341278
tgn,validation,2023-08,country_jp,country_de,0.12342322930320167,0.14244741201400757
tgn,validation,2023-08,country_jp,country_fr,-0.21860273062458188,0.20993292331695557
tgn,validation,2023-08,country_jp,country_gb,-0.06579457137236162,0.197247713804245
tgn,validation,2023-08,country_jp,country_in,0.5941550933375535,0.5466339588165283
tgn,validation,2023-08,country_jp,country_kr,-0.14070327830613874,0.23179322481155396
tgn,validation,2023-08,country_jp,country_mx,0.0034473880253597755,0.18106365203857422
tgn,validation,2023-08,country_jp,country_my,0.004657783751864878,0.2826012372970581
tgn,validation,2023-08,country_jp,country_ph,0.09974116939206953,0.270341694355011
tgn,validation,2023-08,country_jp,country_sg,-0.0031558099465587197,0.26169270277023315
tgn,validation,2023-08,country_jp,country_th,0.06719235346355712,0.209722638130188
tgn,validation,2023-08,country_jp,country_us,0.10020915024336267,0.21538159251213074
tgn,validation,2023-08,country_jp,country_vn,0.2527190888255959,0.3662034571170807
tgn,validation,2023-08,country_kr,country_203,-0.4171931036504261,0.29145169258117676
tgn,validation,2023-08,country_kr,country_344,0.30922678155559125,0.11353866755962372
tgn,validation,2023-08,country_kr,country_372,0.07775684952139936,0.1179233193397522
tgn,validation,2023-08,country_kr,country_380,-0.32177168733019534,0.3939208388328552
tgn,validation,2023-08,country_kr,country_cn,0.1275478855327723,0.2038857638835907
tgn,validation,2023-08,country_kr,country_de,0.06757434742052537,0.19914516806602478
tgn,validation,2023-08,country_kr,country_fr,-0.041962121610756756,0.19436192512512207
tgn,validation,2023-08,country_kr,country_gb,0.5523861524953654,0.23891013860702515
tgn,validation,2023-08,country_kr,country_in,0.36070926982971374,0.5602206587791443
tgn,validation,2023-08,country_kr,country_jp,-0.26577345689449566,0.15368929505348206
tgn,validation,2023-08,country_kr,country_mx,-0.1840008909088232,0.2524586319923401
tgn,validation,2023-08,country_kr,country_my,0.015323396060816275,0.28008753061294556
tgn,validation,2023-08,country_kr,country_ph,-0.27210081294647875,0.27584511041641235
tgn,validation,2023-08,country_kr,country_th,0.09265051759153993,0.2595441937446594
tgn,validation,2023-08,country_kr,country_us,-0.31863056878469964,0.29778218269348145
tgn,validation,2023-08,country_kr,country_vn,0.10636778994455068,0.33751460909843445
tgn,validation,2023-08,country_mx,country_203,0.5205852744424744,0.30348271131515503
tgn,validation,2023-08,country_mx,country_344,-0.05419321988973213,0.11270439624786377
tgn,validation,2023-08,country_mx,country_372,2.202168397293061,0.12635600566864014
tgn,validation,2023-08,country_mx,country_380,-0.06661213128566734,0.42469102144241333
tgn,validation,2023-08,country_mx,country_cn,0.4712239474614943,0.20498090982437134
tgn,validation,2023-08,country_mx,country_de,-0.28292057357175854,0.20590442419052124
tgn,validation,2023-08,country_mx,country_fr,-0.35790507101592606,0.20459291338920593
tgn,validation,2023-08,country_mx,country_gb,-0.4588330520536181,0.24546575546264648
tgn,validation,2023-08,country_mx,country_in,0.1438181075507383,0.5633000731468201
tgn,validation,2023-08,country_mx,country_jp,-0.15490953725440068,0.15524831414222717
tgn,validation,2023-08,country_mx,country_kr,-0.23903707725849033,0.25978410243988037
tgn,validation,2023-08,country_mx,country_my,0.11778613461663792,0.26395440101623535
tgn,validation,2023-08,country_mx,country_ph,-0.4488133643884376,0.261240154504776
tgn,validation,2023-08,country_mx,country_sg,-0.3797146790075005,0.257440447807312
tgn,validation,2023-08,country_mx,country_th,1.0955324671247395,0.2602635622024536
tgn,validation,2023-08,country_mx,country_us,0.15185445757427551,0.30153173208236694
tgn,validation,2023-08,country_mx,country_vn,0.4829553807934169,0.3382835388183594
tgn,validation,2023-08,country_my,country_203,0.3910843758205994,0.28369036316871643
tgn,validation,2023-08,country_my,country_344,0.30543390279279503,0.11598201096057892
tgn,validation,2023-08,country_my,country_372,0.45164680674906593,0.12825901806354523
tgn,validation,2023-08,country_my,country_380,-0.14678041931630628,0.3781589865684509
tgn,validation,2023-08,country_my,country_cn,-0.09715028499178695,0.20644906163215637
tgn,validation,2023-08,country_my,country_de,-0.03700719612554864,0.20364582538604736
tgn,validation,2023-08,country_my,country_fr,-0.22102324228586184,0.19597703218460083
tgn,validation,2023-08,country_my,country_gb,-0.2903856360932209,0.23974516987800598
tgn,validation,2023-08,country_my,country_in,0.16308139007590858,0.5651816725730896
tgn,validation,2023-08,country_my,country_jp,-0.019947777296401445,0.15524208545684814
tgn,validation,2023-08,country_my,country_kr,-0.09252083773023531,0.2664845585823059
tgn,validation,2023-08,country_my,country_mx,-0.29121768853157903,0.25351977348327637
tgn,validation,2023-08,country_my,country_ph,0.09927577966046508,0.27574819326400757
tgn,validation,2023-08,country_my,country_sg,-0.17036314319200063,0.27144914865493774
tgn,validation,2023-08,country_my,country_th,-0.09086721364712083,0.2599375247955322
tgn,validation,2023-08,country_my,country_us,0.014034318182012812,0.30659931898117065
tgn,validation,2023-08,country_my,country_vn,0.07519524248589739,0.2779805064201355
tgn,validation,2023-08,country_ph,country_203,-0.21608072268418246,0.2995345890522003
tgn,validation,2023-08,country_ph,country_344,-0.20364187402683165,0.1255558282136917
tgn,validation,2023-08,country_ph,country_372,-0.05703653359829076,0.13223683834075928
tgn,validation,2023-08,country_ph,country_380,-0.2768936733125568,0.3801520764827728
tgn,validation,2023-08,country_ph,country_cn,-0.053704949014242345,0.21013057231903076
tgn,validation,2023-08,country_ph,country_de,-0.028086854941429613,0.20875877141952515
tgn,validation,2023-08,country_ph,country_fr,-0.21784272922484713,0.19705531001091003
tgn,validation,2023-08,country_ph,country_gb,-0.22848289679752348,0.24513357877731323
tgn,validation,2023-08,country_ph,country_in,0.48395123138798035,0.5560621023178101
tgn,validation,2023-08,country_ph,country_jp,-0.014654383308224965,0.16279074549674988
tgn,validation,2023-08,country_ph,country_kr,-0.2264329353587851,0.2715734541416168
tgn,validation,2023-08,country_ph,country_mx,-0.16253493957900417,0.2596672773361206
tgn,validation,2023-08,country_ph,country_my,-0.093252184509535,0.2874755561351776
tgn,validation,2023-08,country_ph,country_sg,-0.05978453702790372,0.27527105808258057
tgn,validation,2023-08,country_ph,country_th,-0.11253239921243871,0.2649129629135132
tgn,validation,2023-08,country_ph,country_us,-0.10673801305839621,0.3043270707130432
tgn,validation,2023-08,country_ph,country_vn,0.1289834809187733,0.3356648087501526
tgn,validation,2023-08,country_sg,country_203,-0.5053117231172496,0.3131178617477417
tgn,validation,2023-08,country_sg,country_344,0.15038106088349637,0.12305690348148346
tgn,validation,2023-08,country_sg,country_372,-0.6482655489961469,0.12012745440006256
tgn,validation,2023-08,country_sg,country_380,-0.20752511062370765,0.3450148105621338
tgn,validation,2023-08,country_sg,country_cn,0.0454124349993084,0.21087658405303955
tgn,validation,2023-08,country_sg,country_de,-0.07117219406237099,0.1997271180152893
tgn,validation,2023-08,country_sg,country_fr,-0.11953380551089773,0.1893814206123352
tgn,validation,2023-08,country_sg,country_gb,-0.2360510115245507,0.23000329732894897
tgn,validation,2023-08,country_sg,country_in,-0.14907291064962427,0.5650319457054138
tgn,validation,2023-08,country_sg,country_jp,-0.13279343150355727,0.1563405990600586
tgn,validation,2023-08,country_sg,country_kr,0.09760168700681289,0.2758614420890808
tgn,validation,2023-08,country_sg,country_mx,-0.034128962705888354,0.2617816925048828
tgn,validation,2023-08,country_sg,country_my,0.06115361459936443,0.2992281913757324
tgn,validation,2023-08,country_sg,country_ph,-0.06800022076810976,0.29323869943618774
tgn,validation,2023-08,country_sg,country_th,-0.05120438181989263,0.2661210298538208
tgn,validation,2023-08,country_sg,country_us,0.14297043026235312,0.30649638175964355
tgn,validation,2023-08,country_sg,country_vn,-0.10021782555342497,0.3372482359409332
tgn,validation,2023-08,country_th,country_203,-0.1428962629331149,0.3392254710197449
tgn,validation,2023-08,country_th,country_344,0.1667327732610308,0.11549898982048035
tgn,validation,2023-08,country_th,country_372,0.15500489366100584,0.13683673739433289
tgn,validation,2023-08,country_th,country_380,0.12126614020477204,0.44355058670043945
tgn,validation,2023-08,country_th,country_cn,0.024559738046019138,0.21116405725479126
tgn,validation,2023-08,country_th,country_de,0.03016308390506627,0.2110477089881897
tgn,validation,2023-08,country_th,country_fr,0.034388464766174305,0.19696110486984253
tgn,validation,2023-08,country_th,country_gb,-0.2382610841916261,0.25133270025253296
tgn,validation,2023-08,country_th,country_in,-0.013887508527225116,0.5797247290611267
tgn,validation,2023-08,country_th,country_jp,0.03130062204358673,0.15753579139709473
tgn,validation,2023-08,country_th,country_kr,-0.006703641654855916,0.26822298765182495
tgn,validation,2023-08,country_th,country_mx,-0.09634980314485382,0.2616752088069916
tgn,validation,2023-08,country_th,country_my,-0.0790264014969507,0.30291759967803955
tgn,validation,2023-08,country_th,country_ph,-0.1053246477703747,0.28440749645233154
tgn,validation,2023-08,country_th,country_sg,-0.07106664694718781,0.278612345457077
tgn,validation,2023-08,country_th,country_us,0.179002671050877,0.3113085627555847
tgn,validation,2023-08,country_th,country_vn,-0.20701019637197296,0.3259679675102234
tgn,validation,2023-08,country_tw,country_203,-0.21945481283653306,0.30730852484703064
tgn,validation,2023-08,country_tw,country_344,0.19752187102568167,0.05035090446472168
tgn,validation,2023-08,country_tw,country_372,-0.09862947197224761,0.06551894545555115
tgn,validation,2023-08,country_tw,country_380,-0.2792012616799708,0.40235430002212524
tgn,validation,2023-08,country_tw,country_cn,0.1179144106518121,0.16914576292037964
tgn,validation,2023-08,country_tw,country_de,-0.02219306701377637,0.15601852536201477
tgn,validation,2023-08,country_tw,country_fr,-0.10131731463378771,0.18761780858039856
tgn,validation,2023-08,country_tw,country_gb,0.10118898384738895,0.19006291031837463
tgn,validation,2023-08,country_tw,country_in,0.0024036922240367508,0.5359137654304504
tgn,validation,2023-08,country_tw,country_jp,-0.32780444715896623,0.10969941318035126
tgn,validation,2023-08,country_tw,country_kr,-0.054143562694261765,0.22999370098114014
tgn,validation,2023-08,country_tw,country_mx,0.003771896239236347,0.20988672971725464
tgn,validation,2023-08,country_tw,country_my,-0.14407961797757854,0.2509816586971283
tgn,validation,2023-08,country_tw,country_ph,-0.34733330120594974,0.24344611167907715
tgn,validation,2023-08,country_tw,country_sg,0.35085749231975194,0.23468244075775146
tgn,validation,2023-08,country_tw,country_th,0.20646997778000992,0.22027701139450073
tgn,validation,2023-08,country_tw,country_us,0.015689606133925227,0.21808815002441406
tgn,validation,2023-08,country_tw,country_vn,0.05686471763737405,0.31598037481307983
tgn,validation,2023-08,country_us,country_203,-0.39834012676784913,0.2711803913116455
tgn,validation,2023-08,country_us,country_344,0.03886217406382543,0.02337755262851715
tgn,validation,2023-08,country_us,country_372,-0.5460745244008955,0.06196695566177368
tgn,validation,2023-08,country_us,country_380,0.6973734375751968,0.2640438675880432
tgn,validation,2023-08,country_us,country_cn,0.015348733827988802,-0.04270613193511963
tgn,validation,2023-08,country_us,country_de,-0.03949353047573945,-0.03432506322860718
tgn,validation,2023-08,country_us,country_fr,-0.36791609793488855,0.02673056721687317
tgn,validation,2023-08,country_us,country_gb,-0.20255327878423304,0.04595261812210083
tgn,validation,2023-08,country_us,country_in,-0.37531816467875784,0.2797495424747467
tgn,validation,2023-08,country_us,country_jp,-0.12166960191737837,-0.07472159713506699
tgn,validation,2023-08,country_us,country_kr,0.35256427162271076,0.009692803025245667
tgn,validation,2023-08,country_us,country_mx,-0.08712229157359411,-0.01484595239162445
tgn,validation,2023-08,country_us,country_my,0.18563982705173893,0.04430212080478668
tgn,validation,2023-08,country_us,country_ph,-0.10518925321283264,0.04499170184135437
tgn,validation,2023-08,country_us,country_sg,0.05110346116503812,0.0436607301235199
tgn,validation,2023-08,country_us,country_th,-0.055126119139085536,0.005491018295288086
tgn,validation,2023-08,country_us,country_vn,0.7944949589662503,0.13458915054798126
tgn,validation,2023-08,country_vn,country_203,2.5768399175560774,0.38446182012557983
tgn,validation,2023-08,country_vn,country_344,0.41040887264507764,0.19395709037780762
tgn,validation,2023-08,country_vn,country_372,2.7423153700919336,0.1795455813407898
tgn,validation,2023-08,country_vn,country_380,-0.24866190311869166,0.3427813649177551
tgn,validation,2023-08,country_vn,country_cn,0.24833452618413848,0.25822994112968445
tgn,validation,2023-08,country_vn,country_de,-0.22359235117467413,0.24770444631576538
tgn,validation,2023-08,country_vn,country_fr,-0.04778976416771367,0.21068203449249268
tgn,validation,2023-08,country_vn,country_gb,0.6229466428386126,0.26181942224502563
tgn,validation,2023-08,country_vn,country_in,0.4777108305338109,0.6193377375602722
tgn,validation,2023-08,country_vn,country_jp,-0.04724402372052689,0.17618444561958313
tgn,validation,2023-08,country_vn,country_kr,-0.07270161318049903,0.3143272399902344
tgn,validation,2023-08,country_vn,country_mx,-0.10075234228788317,0.3012155592441559
tgn,validation,2023-08,country_vn,country_my,0.012272111023582022,0.3325968384742737
tgn,validation,2023-08,country_vn,country_ph,0.13833506154841227,0.3238372504711151
tgn,validation,2023-08,country_vn,country_sg,0.9771380844494487,0.31679463386535645
tgn,validation,2023-08,country_vn,country_th,3.2295622958508914,0.30277612805366516
tgn,validation,2023-08,country_vn,country_us,-0.23505671165097064,0.3853578567504883
tgn,validation,2023-09,country_203,country_344,0.26294369735862316,0.19314298033714294
tgn,validation,2023-09,country_203,country_372,0.24755473308095077,0.22333753108978271
tgn,validation,2023-09,country_203,country_380,0.3548150782178226,0.10645663738250732
tgn,validation,2023-09,country_203,country_cn,0.3567960568496057,0.15831461548805237
tgn,validation,2023-09,country_203,country_de,-0.34473561866311814,0.05810980498790741
tgn,validation,2023-09,country_203,country_fr,0.47660173360795605,-0.007220901548862457
tgn,validation,2023-09,country_203,country_gb,0.21781283019067368,0.12505733966827393
tgn,validation,2023-09,country_203,country_in,-0.7623118527192674,0.28451287746429443
tgn,validation,2023-09,country_203,country_jp,1.0780548313067586,-0.02329280972480774
tgn,validation,2023-09,country_203,country_kr,-0.07057619460157298,0.12365508079528809
tgn,validation,2023-09,country_203,country_mx,-0.29795780601593946,0.10148334503173828
tgn,validation,2023-09,country_203,country_my,-0.4549828156593013,0.29708704352378845
tgn,validation,2023-09,country_203,country_ph,-0.04622958774283718,0.09656006097793579
tgn,validation,2023-09,country_203,country_sg,0.10739948197900441,0.28309595584869385
tgn,validation,2023-09,country_203,country_th,0.2341732930548116,0.2219567596912384
tgn,validation,2023-09,country_203,country_us,-0.24128132432128718,0.3294229507446289
tgn,validation,2023-09,country_203,country_vn,-0.4977869544293434,0.3288585841655731
tgn,validation,2023-09,country_344,country_203,-0.7151709985762018,0.1888446807861328
tgn,validation,2023-09,country_344,country_372,-0.8728113196580848,0.21230509877204895
tgn,validation,2023-09,country_344,country_380,-0.4501710897325114,0.10310441255569458
tgn,validation,2023-09,country_344,country_cn,0.5952668251224214,0.16900816559791565
tgn,validation,2023-09,country_344,country_de,-0.3458944647836046,0.05424448847770691
tgn,validation,2023-09,country_344,country_fr,-0.6724953391729337,-0.0022394806146621704
tgn,validation,2023-09,country_344,country_gb,-0.619374829642976,0.13740557432174683
tgn,validation,2023-09,country_344,country_in,-0.07384805792783355,0.3221466541290283
tgn,validation,2023-09,country_344,country_jp,-0.4507878365250714,-0.022964000701904297
tgn,validation,2023-09,country_344,country_kr,0.8478880084466727,0.16282027959823608
tgn,validation,2023-09,country_344,country_mx,-0.3697326374447791,0.11763264238834381
tgn,validation,2023-09,country_344,country_my,-0.11946101382573682,0.3148616552352905
tgn,validation,2023-09,country_344,country_ph,-0.5015609352017457,0.1273086667060852
tgn,validation,2023-09,country_344,country_sg,-0.6935287626461165,0.2805851697921753
tgn,validation,2023-09,country_344,country_th,0.14813431194049714,0.25161227583885193
tgn,validation,2023-09,country_344,country_us,0.09981842176148333,0.3143100440502167
tgn,validation,2023-09,country_344,country_vn,-0.9589516359927567,0.3244093358516693
tgn,validation,2023-09,country_372,country_203,-0.049620997350722354,0.1909559965133667
tgn,validation,2023-09,country_372,country_344,-0.8520277480105521,0.18994984030723572
tgn,validation,2023-09,country_372,country_380,-0.13243260708537927,0.14409959316253662
tgn,validation,2023-09,country_372,country_cn,0.561204243734312,-0.11976565420627594
tgn,validation,2023-09,country_372,country_de,-0.3668989573695746,-0.08193250745534897
tgn,validation,2023-09,country_372,country_fr,-0.5664043325614441,-0.08641833066940308
tgn,validation,2023-09,country_372,country_gb,-0.08932600369402527,0.024130284786224365
tgn,validation,2023-09,country_372,country_in,-0.8305985491291843,-0.028690285980701447
tgn,validation,2023-09,country_372,country_jp,0.11077697145331222,-0.09584161639213562
tgn,validation,2023-09,country_372,country_kr,-0.7054828700623277,-0.09640605747699738
tgn,validation,2023-09,country_372,country_mx,37.84808868591981,-0.05602622032165527
tgn,validation,2023-09,country_372,country_my,0.4235861232327323,-0.07186523824930191
tgn,validation,2023-09,country_372,country_ph,-0.06798118642019087,-0.09156382083892822
tgn,validation,2023-09,country_372,country_sg,0.17410217308725695,-0.06123644858598709
tgn,validation,2023-09,country_372,country_th,3.3097716022805743,-0.07988114655017853
tgn,validation,2023-09,country_372,country_us,-0.16614886895225076,0.021403416991233826
tgn,validation,2023-09,country_372,country_vn,-0.02781663335255561,0.02681487798690796
tgn,validation,2023-09,country_380,country_203,-0.2286185898177293,0.14122778177261353
tgn,validation,2023-09,country_380,country_344,-0.28268518419292665,0.13285236060619354
tgn,validation,2023-09,country_380,country_372,1.258443549032504,0.2043256163597107
tgn,validation,2023-09,country_380,country_cn,0.1347290003620357,0.17120981216430664
tgn,validation,2023-09,country_380,country_de,-0.2099282599983597,0.12251383066177368
tgn,validation,2023-09,country_380,country_fr,-0.26844735710110124,0.06374423205852509
tgn,validation,2023-09,country_380,country_gb,-0.043236092087467884,0.16917574405670166
tgn,validation,2023-09,country_380,country_in,0.574052283246012,0.25991982221603394
tgn,validation,2023-09,country_380,country_jp,0.366197407854861,0.05521415174007416
tgn,validation,2023-09,country_380,country_kr,0.7336679928507235,0.1540069580078125
tgn,validation,2023-09,country_380,country_mx,-0.30134359400256994,0.1445954442024231
tgn,validation,2023-09,country_380,country_my,-0.42394006714315574,0.2768743932247162
tgn,validation,2023-09,country_380,country_ph,-0.5187603182196336,0.16317537426948547
tgn,validation,2023-09,country_380,country_sg,0.23943537282817481,0.2646726965904236
tgn,validation,2023-09,country_380,country_th,-0.19343247786010404,0.20967289805412292
tgn,validation,2023-09,country_380,country_us,-0.22043168649543013,0.2799067497253418
tgn,validation,2023-09,country_380,country_vn,0.785987317639712,0.26396888494491577
tgn,validation,2023-09,country_50,country_344,-0.2844519117509372,0.13091589510440826
tgn,validation,2023-09,country_50,country_fr,0.6856188439772953,-0.014151744544506073
tgn,validation,2023-09,country_50,country_jp,-0.6681402073622086,-0.015573322772979736
tgn,validation,2023-09,country_50,country_my,0.5886865621469365,0.2287294566631317
tgn,validation,2023-09,country_50,country_sg,-0.018775588536335826,0.21034491062164307
tgn,validation,2023-09,country_50,country_us,2.958598867196152,0.288652241230011
tgn,validation,2023-09,country_cn,country_203,-0.3468651955001597,0.058934181928634644
tgn,validation,2023-09,country_cn,country_344,0.1328495718265701,0.0593113899230957
tgn,validation,2023-09,country_cn,country_372,0.009481252763549107,0.29865020513534546
tgn,validation,2023-09,country_cn,country_380,-0.03314988674389512,0.04817003011703491
tgn,validation,2023-09,country_cn,country_de,-0.3511561667531351,0.11871744692325592
tgn,validation,2023-09,country_cn,country_fr,-0.20747788447665155,0.08815959095954895
tgn,validation,2023-09,country_cn,country_gb,-0.09153706133253775,0.1558094620704651
tgn,validation,2023-09,country_cn,country_in,0.3011596457251485,0.2566518187522888
tgn,validation,2023-09,country_cn,country_jp,-0.03865269717377769,0.07958248257637024
tgn,validation,2023-09,country_cn,country_kr,0.003473531129273041,0.14460593461990356
tgn,validation,2023-09,country_cn,country_mx,-0.07714138938553305,0.13307811319828033
tgn,validation,2023-09,country_cn,country_my,-0.026667126268472716,0.23980173468589783
tgn,validation,2023-09,country_cn,country_ph,0.03020659999598806,0.13534289598464966
tgn,validation,2023-09,country_cn,country_sg,-0.06143759174937829,0.22909200191497803
tgn,validation,2023-09,country_cn,country_th,-0.11086395923398623,0.2153468132019043
tgn,validation,2023-09,country_cn,country_us,-0.30518870677849236,0.17769300937652588
tgn,validation,2023-09,country_cn,country_vn,0.2410468172145438,0.24902614951133728
tgn,validation,2023-09,country_de,country_203,-0.007831477585260146,0.053169429302215576
tgn,validation,2023-09,country_de,country_344,0.012246267958754865,0.04927387833595276
tgn,validation,2023-09,country_de,country_372,-0.08808688323361494,0.37188011407852173
tgn,validation,2023-09,country_de,country_380,-0.1673103268109545,0.046561986207962036
tgn,validation,2023-09,country_de,country_cn,-0.058996251689707256,0.1597258746623993
tgn,validation,2023-09,country_de,country_fr,-0.04882351048523373,0.09484171867370605
tgn,validation,2023-09,country_de,country_gb,0.2015164577040755,0.15840882062911987
tgn,validation,2023-09,country_de,country_in,-0.12549805722617594,0.29283463954925537
tgn,validation,2023-09,country_de,country_jp,-0.23871206241068202,0.08081711828708649
tgn,validation,2023-09,country_de,country_kr,0.36485566591825513,0.1390640139579773
tgn,validation,2023-09,country_de,country_mx,-0.011469450262356393,0.14479488134384155
tgn,validation,2023-09,country_de,country_my,0.1011660569117856,0.2969130277633667
tgn,validation,2023-09,country_de,country_ph,0.03772506305824619,0.13665810227394104
tgn,validation,2023-09,country_de,country_sg,-0.010788780984718681,0.2708223760128021
tgn,validation,2023-09,country_de,country_th,0.09816017734610408,0.20432275533676147
tgn,validation,2023-09,country_de,country_us,0.10366184416078919,0.18165713548660278
tgn,validation,2023-09,country_de,country_vn,0.19350043705520137,0.25242123007774353
tgn,validation,2023-09,country_fr,country_203,0.3766802585624915,0.07408139109611511
tgn,validation,2023-09,country_fr,country_344,0.18278626040520315,0.05894869565963745
tgn,validation,2023-09,country_fr,country_372,0.22019517177466663,0.3821637034416199
tgn,validation,2023-09,country_fr,country_380,-0.2757749023613747,0.02994018793106079
tgn,validation,2023-09,country_fr,country_cn,0.23092588448485188,0.16284078359603882
tgn,validation,2023-09,country_fr,country_de,0.08488357291527641,0.10116970539093018
tgn,validation,2023-09,country_fr,country_gb,0.07903144127639972,0.14414623379707336
tgn,validation,2023-09,country_fr,country_in,-0.33397679056492835,0.29747065901756287
tgn,validation,2023-09,country_fr,country_jp,0.205304563814233,0.06230534613132477
tgn,validation,2023-09,country_fr,country_kr,0.30842021148958276,0.12186671793460846
tgn,validation,2023-09,country_fr,country_mx,0.05502023855664945,0.12552209198474884
tgn,validation,2023-09,country_fr,country_my,-0.13627197108693626,0.2639828324317932
tgn,validation,2023-09,country_fr,country_ph,0.43923196756366867,0.11796227097511292
tgn,validation,2023-09,country_fr,country_sg,0.09879755146403234,0.2724040448665619
tgn,validation,2023-09,country_fr,country_th,0.1385354332825323,0.18551886081695557
tgn,validation,2023-09,country_fr,country_us,-0.10061571446899284,0.1573672890663147
tgn,validation,2023-09,country_fr,country_vn,0.7872575096389374,0.290423721075058
tgn,validation,2023-09,country_gb,country_203,-0.42913970576012406,0.041374340653419495
tgn,validation,2023-09,country_gb,country_344,-0.30039928008883715,0.029842853546142578
tgn,validation,2023-09,country_gb,country_372,0.2416109581964747,0.3434089422225952
tgn,validation,2023-09,country_gb,country_380,-0.05348353855402385,0.0032223686575889587
tgn,validation,2023-09,country_gb,country_cn,0.32745598065239445,0.060974881052970886
tgn,validation,2023-09,country_gb,country_de,3.3968661299908622,0.042056530714035034
tgn,validation,2023-09,country_gb,country_fr,0.11116473073556404,0.0142880380153656
tgn,validation,2023-09,country_gb,country_in,-0.1243674198186782,0.18873697519302368
tgn,validation,2023-09,country_gb,country_jp,-0.14590877146256565,0.004727005958557129
tgn,validation,2023-09,country_gb,country_kr,0.4365049562734976,0.05910433828830719
tgn,validation,2023-09,country_gb,country_mx,-0.3461749616064136,0.0682884007692337
tgn,validation,2023-09,country_gb,country_my,-0.3485978782778277,0.18569451570510864
tgn,validation,2023-09,country_gb,country_ph,-0.195516061138106,0.06570161879062653
tgn,validation,2023-09,country_gb,country_sg,0.282081837448558,0.1550598442554474
tgn,validation,2023-09,country_gb,country_th,0.28836503217251336,0.11206179857254028
tgn,validation,2023-09,country_gb,country_us,-0.20410079114102592,0.1270529329776764
tgn,validation,2023-09,country_gb,country_vn,0.7054257965534051,0.17043441534042358
tgn,validation,2023-09,country_in,country_203,-0.5454563559237647,0.11339765787124634
tgn,validation,2023-09,country_in,country_344,0.06303014549305903,0.11561545729637146
tgn,validation,2023-09,country_in,country_372,3.141233040282387,0.3251984119415283
tgn,validation,2023-09,country_in,country_380,0.3206824323348723,0.08924263715744019
tgn,validation,2023-09,country_in,country_cn,-0.4498334621577569,0.17412090301513672
tgn,validation,2023-09,country_in,country_de,-0.2116790699292837,0.140309140086174
tgn,validation,2023-09,country_in,country_fr,-0.21220946083759304,0.10514101386070251
tgn,validation,2023-09,country_in,country_gb,-0.254331010589071,0.1885766088962555
tgn,validation,2023-09,country_in,country_jp,0.21415607382572438,0.09190967679023743
tgn,validation,2023-09,country_in,country_kr,0.31930753444244453,0.17451846599578857
tgn,validation,2023-09,country_in,country_mx,-0.5149696407539741,0.1806277632713318
tgn,validation,2023-09,country_in,country_my,0.4253150049181209,0.2479318380355835
tgn,validation,2023-09,country_in,country_ph,-0.6066724407500309,0.16059261560440063
tgn,validation,2023-09,country_in,country_sg,-0.4019483525375689,0.24612706899642944
tgn,validation,2023-09,country_in,country_th,6.588671189088936,0.23492032289505005
tgn,validation,2023-09,country_in,country_us,0.21661602007050662,0.253850519657135
tgn,validation,2023-09,country_in,country_vn,-0.6651492166455654,0.2335990071296692
tgn,validation,2023-09,country_jp,country_203,-0.21498445177129388,0.06887421011924744
tgn,validation,2023-09,country_jp,country_344,0.006010151068257348,0.057588934898376465
tgn,validation,2023-09,country_jp,country_372,0.09363913099435411,0.3784523904323578
tgn,validation,2023-09,country_jp,country_380,-0.1922014441394765,0.02028118073940277
tgn,validation,2023-09,country_jp,country_cn,0.04610274836750171,0.18549752235412598
tgn,validation,2023-09,country_jp,country_de,-0.04603114746092275,0.10680437088012695
tgn,validation,2023-09,country_jp,country_fr,-0.13549578972802376,0.07668909430503845
tgn,validation,2023-09,country_jp,country_gb,-0.16709274973150878,0.1558884084224701
tgn,validation,2023-09,country_jp,country_in,0.34821889940700856,0.3219161629676819
tgn,validation,2023-09,country_jp,country_kr,0.1647150375531915,0.1430456042289734
tgn,validation,2023-09,country_jp,country_mx,0.26827120575686153,0.13463382422924042
tgn,validation,2023-09,country_jp,country_my,-0.18538829853487984,0.3082045614719391
tgn,validation,2023-09,country_jp,country_ph,0.1399019506098323,0.13100600242614746
tgn,validation,2023-09,country_jp,country_sg,0.07417534653746277,0.2890799045562744
tgn,validation,2023-09,country_jp,country_th,0.07918178878011602,0.22922441363334656
tgn,validation,2023-09,country_jp,country_us,0.03538829592995553,0.17580187320709229
tgn,validation,2023-09,country_jp,country_vn,0.6017439464233213,0.2645520567893982
tgn,validation,2023-09,country_kr,country_203,1.580195042254395,0.06793355941772461
tgn,validation,2023-09,country_kr,country_344,0.39652168885948363,0.07568220794200897
tgn,validation,2023-09,country_kr,country_372,-0.2769615158345039,0.33740344643592834
tgn,validation,2023-09,country_kr,country_380,-0.30650903915321975,0.049989596009254456
tgn,validation,2023-09,country_kr,country_cn,0.055584713855314515,0.17307698726654053
tgn,validation,2023-09,country_kr,country_de,-0.061999283490574576,0.13190177083015442
tgn,validation,2023-09,country_kr,country_fr,0.01845978885938004,0.10810402035713196
tgn,validation,2023-09,country_kr,country_gb,-0.06354553910285997,0.16933023929595947
tgn,validation,2023-09,country_kr,country_in,-0.07211324699089781,0.2983792722225189
tgn,validation,2023-09,country_kr,country_jp,0.11423342657192424,0.0992087721824646
tgn,validation,2023-09,country_kr,country_mx,-0.09247470688580055,0.1598520576953888
tgn,validation,2023-09,country_kr,country_my,0.28863139008289085,0.26366519927978516
tgn,validation,2023-09,country_kr,country_ph,-0.18656891295294262,0.15497273206710815
tgn,validation,2023-09,country_kr,country_th,-0.07169456781513991,0.22858726978302002
tgn,validation,2023-09,country_kr,country_us,-0.13499321670096917,0.2081148624420166
tgn,validation,2023-09,country_kr,country_vn,0.03201592290489825,0.280231237411499
tgn,validation,2023-09,country_mx,country_203,-0.19478088799584647,0.06982243061065674
tgn,validation,2023-09,country_mx,country_344,-0.14828730424974745,0.07096858322620392
tgn,validation,2023-09,country_mx,country_372,-0.1398315196813691,0.37801051139831543
tgn,validation,2023-09,country_mx,country_380,0.18016633576317306,0.056480035185813904
tgn,validation,2023-09,country_mx,country_cn,0.300786092649441,0.16209101676940918
tgn,validation,2023-09,country_mx,country_de,-0.06384883032936776,0.13627570867538452
tgn,validation,2023-09,country_mx,country_fr,-0.19530544710908587,0.10040706396102905
tgn,validation,2023-09,country_mx,country_gb,-0.26160111308904704,0.17483821511268616
tgn,validation,2023-09,country_mx,country_in,-0.5691029469563657,0.30748265981674194
tgn,validation,2023-09,country_mx,country_jp,-0.19684179132337865,0.095157191157341
tgn,validation,2023-09,country_mx,country_kr,-0.4279078554694684,0.15933266282081604
tgn,validation,2023-09,country_mx,country_my,3.493340415791639,0.26633667945861816
tgn,validation,2023-09,country_mx,country_ph,2.028371336553418,0.1562039852142334
tgn,validation,2023-09,country_mx,country_sg,0.10927209400876459,0.2654333710670471
tgn,validation,2023-09,country_mx,country_th,-0.1460515044771862,0.22340819239616394
tgn,validation,2023-09,country_mx,country_us,0.17751293921566397,0.21527892351150513
tgn,validation,2023-09,country_mx,country_vn,0.5238316168652959,0.2812323272228241
tgn,validation,2023-09,country_my,country_203,0.14742971194706778,0.123446986079216
tgn,validation,2023-09,country_my,country_344,0.15509317870824438,0.1251823604106903
tgn,validation,2023-09,country_my,country_372,-0.061130962294529315,0.30026137828826904
tgn,validation,2023-09,country_my,country_380,-0.4315015223176976,0.09465283155441284
tgn,validation,2023-09,country_my,country_cn,0.032860511955486366,0.20319992303848267
tgn,validation,2023-09,country_my,country_de,-0.006286932762515153,0.16187262535095215
tgn,validation,2023-09,country_my,country_fr,-0.22446155154877523,0.13280577957630157
tgn,validation,2023-09,country_my,country_gb,-0.08664379063561038,0.20031356811523438
tgn,validation,2023-09,country_my,country_in,0.09984578851990855,0.29950207471847534
tgn,validation,2023-09,country_my,country_jp,-0.0050521715482354426,0.12126950919628143
tgn,validation,2023-09,country_my,country_kr,0.04783960038750319,0.1880887746810913
tgn,validation,2023-09,country_my,country_mx,-0.20333825419819807,0.18779194355010986
tgn,validation,2023-09,country_my,country_ph,-0.07375082793378251,0.18374106287956238
tgn,validation,2023-09,country_my,country_sg,-0.04774210933474856,0.28016793727874756
tgn,validation,2023-09,country_my,country_th,-0.13441063175242557,0.2536056935787201
tgn,validation,2023-09,country_my,country_us,0.031907595148008304,0.25569629669189453
tgn,validation,2023-09,country_my,country_vn,0.3522089370454236,0.23590251803398132
tgn,validation,2023-09,country_ph,country_203,-0.26430425543826425,0.05634099245071411
tgn,validation,2023-09,country_ph,country_344,-0.23898565781903197,0.06403255462646484
tgn,validation,2023-09,country_ph,country_372,-0.23637926456324101,0.35413873195648193
tgn,validation,2023-09,country_ph,country_380,-0.03193810589826534,0.040205687284469604
tgn,validation,2023-09,country_ph,country_cn,0.0029307848854698993,0.15751948952674866
tgn,validation,2023-09,country_ph,country_de,-0.12789127953279972,0.1276668757200241
tgn,validation,2023-09,country_ph,country_fr,-0.17627732870670698,0.09963943064212799
tgn,validation,2023-09,country_ph,country_gb,-0.18994870226531543,0.16699904203414917
tgn,validation,2023-09,country_ph,country_in,0.8801652846518228,0.29417315125465393
tgn,validation,2023-09,country_ph,country_jp,-0.04592312803287736,0.09601044654846191
tgn,validation,2023-09,country_ph,country_kr,0.07659327114360279,0.15089359879493713
tgn,validation,2023-09,country_ph,country_mx,-0.13735208780277144,0.15519922971725464
tgn,validation,2023-09,country_ph,country_my,-0.20188610710915053,0.26666632294654846
tgn,validation,2023-09,country_ph,country_sg,-0.16483788936157742,0.25999996066093445
tgn,validation,2023-09,country_ph,country_th,-0.10684428495786272,0.2146589457988739
tgn,validation,2023-09,country_ph,country_us,-0.16457752085804542,0.18940407037734985
tgn,validation,2023-09,country_ph,country_vn,0.08805824765867043,0.28013020753860474
tgn,validation,2023-09,country_sg,country_203,0.36526751456653833,0.1180076003074646
tgn,validation,2023-09,country_sg,country_344,0.09819268644976052,0.13013961911201477
tgn,validation,2023-09,country_sg,country_372,-0.25153198155710405,0.3150137662887573
tgn,validation,2023-09,country_sg,country_380,-0.2867552915298357,0.09776625037193298
tgn,validation,2023-09,country_sg,country_cn,0.18025318120800776,0.19486752152442932
tgn,validation,2023-09,country_sg,country_de,0.7095377894721141,0.16424864530563354
tgn,validation,2023-09,country_sg,country_fr,0.20272527045856886,0.12855234742164612
tgn,validation,2023-09,country_sg,country_gb,0.4895477294605686,0.19652843475341797
tgn,validation,2023-09,country_sg,country_in,0.47703788012961545,0.3044702410697937
tgn,validation,2023-09,country_sg,country_jp,-0.10128408537612572,0.12413753569126129
tgn,validation,2023-09,country_sg,country_kr,-0.13902345707036204,0.1902058720588684
tgn,validation,2023-09,country_sg,country_mx,-0.20511028127781258,0.19088131189346313
tgn,validation,2023-09,country_sg,country_my,0.003254562841193379,0.2877974510192871
tgn,validation,2023-09,country_sg,country_ph,0.02741756812932584,0.18832623958587646
tgn,validation,2023-09,country_sg,country_th,0.2074122202415951,0.2552059292793274
tgn,validation,2023-09,country_sg,country_us,-0.4142533602864137,0.2554265260696411
tgn,validation,2023-09,country_sg,country_vn,0.2797559216740947,0.2707636058330536
tgn,validation,2023-09,country_th,country_203,-0.32895027823534345,0.11737507581710815
tgn,validation,2023-09,country_th,country_344,-0.14517385322044662,0.11861483752727509
tgn,validation,2023-09,country_th,country_372,-0.08202861444672505,0.3460502624511719
tgn,validation,2023-09,country_th,country_380,-0.28617131428036285,0.09728498756885529
tgn,validation,2023-09,country_th,country_cn,-0.003776996008319274,0.21048849821090698
tgn,validation,2023-09,country_th,country_de,-0.16380949890787244,0.17002105712890625
tgn,validation,2023-09,country_th,country_fr,-0.185186619414672,0.13581866025924683
tgn,validation,2023-09,country_th,country_gb,0.0031076055555826223,0.20967423915863037
tgn,validation,2023-09,country_th,country_in,-0.358206940482296,0.3169635534286499
tgn,validation,2023-09,country_th,country_jp,-0.09344515461475796,0.12963402271270752
tgn,validation,2023-09,country_th,country_kr,0.12232776180986904,0.1975547969341278
tgn,validation,2023-09,country_th,country_mx,-0.09440762752431409,0.19690966606140137
tgn,validation,2023-09,country_th,country_my,-0.12295143955319653,0.30036306381225586
tgn,validation,2023-09,country_th,country_ph,-0.22776651698846176,0.1907898187637329
tgn,validation,2023-09,country_th,country_sg,-0.19067510667120655,0.2808503806591034
tgn,validation,2023-09,country_th,country_us,0.15924402970979046,0.25540828704833984
tgn,validation,2023-09,country_th,country_vn,-0.1751067469662268,0.2590838670730591
tgn,validation,2023-09,country_tw,country_203,-0.03066240856686743,0.037450432777404785
tgn,validation,2023-09,country_tw,country_344,-0.07704673151597087,0.04563519358634949
tgn,validation,2023-09,country_tw,country_372,0.20664404293272487,0.3273363709449768
tgn,validation,2023-09,country_tw,country_380,-0.46621091807458387,0.014923445880413055
tgn,validation,2023-09,country_tw,country_cn,0.08627124782875861,0.16188263893127441
tgn,validation,2023-09,country_tw,country_de,-0.017296984790611997,0.10649478435516357
tgn,validation,2023-09,country_tw,country_fr,0.0209738507062136,0.07738536596298218
tgn,validation,2023-09,country_tw,country_gb,-0.01931682248597878,0.14529818296432495
tgn,validation,2023-09,country_tw,country_in,0.14009227415496667,0.29536205530166626
tgn,validation,2023-09,country_tw,country_jp,-0.07265024999492893,0.07518252730369568
tgn,validation,2023-09,country_tw,country_kr,0.02305475428679029,0.146176278591156
tgn,validation,2023-09,country_tw,country_mx,0.02033014788343651,0.1310112327337265
tgn,validation,2023-09,country_tw,country_my,-0.13560414565590698,0.27183055877685547
tgn,validation,2023-09,country_tw,country_ph,-0.3173125536067934,0.13384826481342316
tgn,validation,2023-09,country_tw,country_sg,0.08299637509152308,0.2576943039894104
tgn,validation,2023-09,country_tw,country_th,0.5418251280636683,0.21675625443458557
tgn,validation,2023-09,country_tw,country_us,0.0785637465755768,0.18262654542922974
tgn,validation,2023-09,country_tw,country_vn,0.20247638376901633,0.27354371547698975
tgn,validation,2023-09,country_us,country_203,-0.39812187829342055,0.049525827169418335
tgn,validation,2023-09,country_us,country_344,0.11642120099777076,0.05445273220539093
tgn,validation,2023-09,country_us,country_372,-0.47585334166756776,0.2135675549507141
tgn,validation,2023-09,country_us,country_380,-0.16927241404614563,0.01425517350435257
tgn,validation,2023-09,country_us,country_cn,-0.021126523940094507,-0.02227192372083664
tgn,validation,2023-09,country_us,country_de,-0.2563508841991487,-0.03613607585430145
tgn,validation,2023-09,country_us,country_fr,0.0021582033511698445,-0.06795479357242584
tgn,validation,2023-09,country_us,country_gb,0.38576536046466087,0.021731555461883545
tgn,validation,2023-09,country_us,country_in,0.3099285277252111,0.06731857359409332
tgn,validation,2023-09,country_us,country_jp,-0.1941125539499304,-0.0701201930642128
tgn,validation,2023-09,country_us,country_kr,0.41120540676428974,-0.00838826596736908
tgn,validation,2023-09,country_us,country_mx,-0.11844181110665769,-0.02602323889732361
tgn,validation,2023-09,country_us,country_my,0.16292670437992737,0.07130509614944458
tgn,validation,2023-09,country_us,country_ph,-0.115159193435369,-0.01577722281217575
tgn,validation,2023-09,country_us,country_sg,0.030110732674807406,0.04977737367153168
tgn,validation,2023-09,country_us,country_th,0.18819346287458114,0.020493462681770325
tgn,validation,2023-09,country_us,country_vn,0.3902137941700439,0.0857422798871994
tgn,validation,2023-09,country_vn,country_203,4.14459779881616,0.15119236707687378
tgn,validation,2023-09,country_vn,country_344,0.12718076546120413,0.15598097443580627
tgn,validation,2023-09,country_vn,country_372,0.20611630724095534,0.2842366099357605
tgn,validation,2023-09,country_vn,country_380,0.38202562453093764,0.1174505352973938
tgn,validation,2023-09,country_vn,country_cn,0.10608401043820938,0.2314949631690979
tgn,validation,2023-09,country_vn,country_de,0.07321062803409907,0.16475942730903625
tgn,validation,2023-09,country_vn,country_fr,1.1015405373913418,0.132637158036232
tgn,validation,2023-09,country_vn,country_gb,0.4772813107489082,0.20087522268295288
tgn,validation,2023-09,country_vn,country_in,0.28108038531001284,0.3217526972293854
tgn,validation,2023-09,country_vn,country_jp,0.14214258538190125,0.1274716854095459
tgn,validation,2023-09,country_vn,country_kr,0.259182353642151,0.2038840651512146
tgn,validation,2023-09,country_vn,country_mx,0.4765234005386057,0.19211894273757935
tgn,validation,2023-09,country_vn,country_my,0.009741111897552931,0.3037334978580475
tgn,validation,2023-09,country_vn,country_ph,0.9035829721097541,0.18103837966918945
tgn,validation,2023-09,country_vn,country_sg,0.5639938307000174,0.2970024645328522
tgn,validation,2023-09,country_vn,country_th,1.095961332171053,0.2730647325515747
tgn,validation,2023-09,country_vn,country_us,-0.08579558340544119,0.30121707916259766
tgn,validation,2023-10,country_203,country_344,-0.10895830234739383,0.014896370470523834
tgn,validation,2023-10,country_203,country_372,0.025734271433531086,0.023103684186935425
tgn,validation,2023-10,country_203,country_380,0.04502176903440772,0.007280290126800537
tgn,validation,2023-10,country_203,country_cn,0.5498171023710576,0.07027797400951385
tgn,validation,2023-10,country_203,country_de,-0.33344134269402975,0.11355888843536377
tgn,validation,2023-10,country_203,country_fr,-0.20961517587541817,0.09394091367721558
tgn,validation,2023-10,country_203,country_gb,0.8387335438845908,0.33284077048301697
tgn,validation,2023-10,country_203,country_in,-0.958722098060808,0.10044576227664948
tgn,validation,2023-10,country_203,country_jp,0.8021569628846794,0.07129040360450745
tgn,validation,2023-10,country_203,country_kr,-0.13100698160322072,0.09522248804569244
tgn,validation,2023-10,country_203,country_mx,-0.37459509644133004,0.07486805319786072
tgn,validation,2023-10,country_203,country_my,-0.36897714633651696,0.10581119358539581
tgn,validation,2023-10,country_203,country_ph,0.02642726144372814,0.09557338058948517
tgn,validation,2023-10,country_203,country_sg,0.6298050913423376,0.06199255585670471
tgn,validation,2023-10,country_203,country_th,-0.22580961614958697,0.1913059651851654
tgn,validation,2023-10,country_203,country_us,-0.1966670192295563,0.1602378785610199
tgn,validation,2023-10,country_203,country_vn,-0.15850259406063494,0.039898067712783813
tgn,validation,2023-10,country_344,country_203,-0.6449067217953942,0.008370079100131989
tgn,validation,2023-10,country_344,country_372,0.0695656617839431,0.04922303557395935
tgn,validation,2023-10,country_344,country_380,-0.4349800319014902,0.04904119670391083
tgn,validation,2023-10,country_344,country_cn,2.8768165766623914,0.19295832514762878
tgn,validation,2023-10,country_344,country_de,-0.5194744638926844,0.11669673025608063
tgn,validation,2023-10,country_344,country_fr,-0.3191816676767336,0.20444956421852112
tgn,validation,2023-10,country_344,country_gb,-0.5723122026208749,0.5168322920799255
tgn,validation,2023-10,country_344,country_in,-0.3783080044210611,0.2587110102176666
tgn,validation,2023-10,country_344,country_jp,-0.3115907514993161,0.19471204280853271
tgn,validation,2023-10,country_344,country_kr,0.6803199753079036,0.2692435383796692
tgn,validation,2023-10,country_344,country_mx,0.28141487531835846,0.219389408826828
tgn,validation,2023-10,country_344,country_my,-0.09442542813444162,0.23999977111816406
tgn,validation,2023-10,country_344,country_ph,-0.21810297442985596,0.21681660413742065
tgn,validation,2023-10,country_344,country_sg,-0.42836271868805614,0.1578284502029419
tgn,validation,2023-10,country_344,country_th,0.09868411374120613,0.37788695096969604
tgn,validation,2023-10,country_344,country_us,-0.7451743959639874,0.2779766917228699
tgn,validation,2023-10,country_344,country_vn,-0.9641955776851441,0.17646831274032593
tgn,validation,2023-10,country_372,country_203,0.3277153743738501,0.037312835454940796
tgn,validation,2023-10,country_372,country_344,-0.6765190411833046,0.05637192726135254
tgn,validation,2023-10,country_372,country_380,0.0912004532331779,0.02904173731803894
tgn,validation,2023-10,country_372,country_cn,0.3252188659016428,-0.0431557297706604
tgn,validation,2023-10,country_372,country_de,-0.11901767551793449,0.014255166053771973
tgn,validation,2023-10,country_372,country_fr,-0.30917787578637274,-0.022505000233650208
tgn,validation,2023-10,country_372,country_gb,-0.6923495945503388,0.1547345221042633
tgn,validation,2023-10,country_372,country_in,-0.9040303284372817,-0.023008793592453003
tgn,validation,2023-10,country_372,country_jp,0.14305737122681314,-0.029817357659339905
tgn,validation,2023-10,country_372,country_kr,-0.5611246938188009,-0.037858061492443085
tgn,validation,2023-10,country_372,country_mx,87.39146839453302,-0.030659914016723633
tgn,validation,2023-10,country_372,country_my,0.5302748397438305,-0.018008671700954437
tgn,validation,2023-10,country_372,country_ph,-0.111334694332753,0.01607915759086609
tgn,validation,2023-10,country_372,country_sg,0.3431061961373051,-0.032268740236759186
tgn,validation,2023-10,country_372,country_th,5.248672819840722,0.008299551904201508
tgn,validation,2023-10,country_372,country_us,0.23384525522816046,0.07587169110774994
tgn,validation,2023-10,country_372,country_vn,0.3004397389941404,-0.08466829359531403
tgn,validation,2023-10,country_380,country_203,-0.04826842561338641,0.008990764617919922
tgn,validation,2023-10,country_380,country_344,0.620103424752038,0.07383091747760773
tgn,validation,2023-10,country_380,country_372,-0.015896404197558764,0.0471707284450531
tgn,validation,2023-10,country_380,country_cn,0.025386741538797986,0.1635320782661438
tgn,validation,2023-10,country_380,country_de,-0.2046440669250755,0.15118032693862915
tgn,validation,2023-10,country_380,country_fr,0.16819131445533977,0.19199860095977783
tgn,validation,2023-10,country_380,country_gb,0.19738895423230832,0.4638306498527527
tgn,validation,2023-10,country_380,country_in,0.14005141695025441,0.20062479376792908
tgn,validation,2023-10,country_380,country_jp,-0.29743981585551355,0.18521440029144287
tgn,validation,2023-10,country_380,country_kr,1.2737968413930991,0.21423113346099854
tgn,validation,2023-10,country_380,country_mx,-0.23621640073719863,0.1794925332069397
tgn,validation,2023-10,country_380,country_my,-0.14475505505960368,0.19526860117912292
tgn,validation,2023-10,country_380,country_ph,-0.15790726625172227,0.18131226301193237
tgn,validation,2023-10,country_380,country_sg,0.3003394858792007,0.1492229700088501
tgn,validation,2023-10,country_380,country_th,-0.19117738575751256,0.3272417187690735
tgn,validation,2023-10,country_380,country_us,-0.12167314117317665,0.26017850637435913
tgn,validation,2023-10,country_380,country_vn,0.8350595700925074,0.14384469389915466
tgn,validation,2023-10,country_50,country_344,4.153770551829215,0.09760136902332306
tgn,validation,2023-10,country_50,country_cn,-0.4566049406579812,0.13744284212589264
tgn,validation,2023-10,country_50,country_de,-0.11775519869828335,0.03263026475906372
tgn,validation,2023-10,country_50,country_my,-0.8118046139691123,0.18426156044006348
tgn,validation,2023-10,country_50,country_sg,0.006916836355408987,0.06885075569152832
tgn,validation,2023-10,country_50,country_us,0.9672246401071309,0.28071796894073486
tgn,validation,2023-10,country_cn,country_203,0.12813253900553873,0.04977881908416748
tgn,validation,2023-10,country_cn,country_344,0.16169789674447785,0.05714145302772522
tgn,validation,2023-10,country_cn,country_372,4.159868232380842,0.09790010750293732
tgn,validation,2023-10,country_cn,country_380,-0.43304826339292474,0.04695490002632141
tgn,validation,2023-10,country_cn,country_de,-0.39376056956156136,0.14728456735610962
tgn,validation,2023-10,country_cn,country_fr,-0.32898555450816513,0.18726107478141785
tgn,validation,2023-10,country_cn,country_gb,-0.44799266702628765,0.4758909344673157
tgn,validation,2023-10,country_cn,country_in,0.14661276466539855,0.21605265140533447
tgn,validation,2023-10,country_cn,country_jp,-0.04343185765915917,0.17695647478103638
tgn,validation,2023-10,country_cn,country_kr,-0.0574438083155362,0.23263174295425415
tgn,validation,2023-10,country_cn,country_mx,-0.08788215377702559,0.17873448133468628
tgn,validation,2023-10,country_cn,country_my,-0.05708447164413222,0.1924545168876648
tgn,validation,2023-10,country_cn,country_ph,0.15217021953583448,0.1761699914932251
tgn,validation,2023-10,country_cn,country_sg,-0.03271848393998967,0.1410667896270752
tgn,validation,2023-10,country_cn,country_th,-0.09620811913895284,0.3518444299697876
tgn,validation,2023-10,country_cn,country_us,-0.3363801500747089,0.1745355725288391
tgn,validation,2023-10,country_cn,country_vn,0.26314486462223674,0.14402294158935547
tgn,validation,2023-10,country_de,country_203,0.03579421953389747,0.046876341104507446
tgn,validation,2023-10,country_de,country_344,-0.09518209147617374,0.05113306641578674
tgn,validation,2023-10,country_de,country_372,-0.2223602697964016,0.1870141327381134
tgn,validation,2023-10,country_de,country_380,-0.2165116198086424,0.046750590205192566
tgn,validation,2023-10,country_de,country_cn,0.024393699588483128,0.15801408886909485
tgn,validation,2023-10,country_de,country_fr,0.005853705506286759,0.18658366799354553
tgn,validation,2023-10,country_de,country_gb,-0.15614156449746583,0.5060722231864929
tgn,validation,2023-10,country_de,country_in,-0.12321529969280727,0.20648401975631714
tgn,validation,2023-10,country_de,country_jp,-0.23998777725661335,0.16712993383407593
tgn,validation,2023-10,country_de,country_kr,0.396297771583746,0.2448287308216095
tgn,validation,2023-10,country_de,country_mx,-0.12159056099101233,0.17968598008155823
tgn,validation,2023-10,country_de,country_my,-0.05404841712101967,0.20327633619308472
tgn,validation,2023-10,country_de,country_ph,-0.0959794317036649,0.17924797534942627
tgn,validation,2023-10,country_de,country_sg,-0.0384958265684559,0.14620888233184814
tgn,validation,2023-10,country_de,country_th,-0.2471145135523848,0.37469246983528137
tgn,validation,2023-10,country_de,country_us,0.3559360867594829,0.18399494886398315
tgn,validation,2023-10,country_de,country_vn,-0.3964417123980309,0.14093270897865295
tgn,validation,2023-10,country_fr,country_203,-0.3063601716982025,0.052627384662628174
tgn,validation,2023-10,country_fr,country_344,0.37650309755895944,0.06242528557777405
tgn,validation,2023-10,country_fr,country_372,-0.5373925436377852,0.12249819934368134
tgn,validation,2023-10,country_fr,country_380,-0.24429382368329042,0.059094369411468506
tgn,validation,2023-10,country_fr,country_cn,0.30243348937408115,0.15638166666030884
tgn,validation,2023-10,country_fr,country_de,-0.061552212177588043,0.15272828936576843
tgn,validation,2023-10,country_fr,country_gb,-0.09849098670598064,0.45924943685531616
tgn,validation,2023-10,country_fr,country_in,0.01577033624564036,0.2103469967842102
tgn,validation,2023-10,country_fr,country_jp,0.3378207284584022,0.1710340678691864
tgn,validation,2023-10,country_fr,country_kr,0.22645613735952802,0.2173536717891693
tgn,validation,2023-10,country_fr,country_mx,0.09145044310565714,0.1954677700996399
tgn,validation,2023-10,country_fr,country_my,0.08478374289254893,0.18200469017028809
tgn,validation,2023-10,country_fr,country_ph,-0.3086455148644438,0.18191954493522644
tgn,validation,2023-10,country_fr,country_sg,0.2424787352876276,0.1541612148284912
tgn,validation,2023-10,country_fr,country_th,-0.08628564236819612,0.3207976818084717
tgn,validation,2023-10,country_fr,country_us,-0.19667091759371227,0.18465650081634521
tgn,validation,2023-10,country_fr,country_vn,0.31726538313825153,0.1283804476261139
tgn,validation,2023-10,country_gb,country_203,-0.19733058036593237,0.13338151574134827
tgn,validation,2023-10,country_gb,country_344,-0.35247507889285273,0.15928798913955688
tgn,validation,2023-10,country_gb,country_372,0.2873360388802749,0.1878541111946106
tgn,validation,2023-10,country_gb,country_380,0.20638999626468035,0.13470643758773804
tgn,validation,2023-10,country_gb,country_cn,0.3055908512789345,0.18990671634674072
tgn,validation,2023-10,country_gb,country_de,3.1040855058220624,0.16970878839492798
tgn,validation,2023-10,country_gb,country_fr,0.22017301006166953,0.2139645516872406
tgn,validation,2023-10,country_gb,country_in,-0.16621645419853814,0.2531868815422058
tgn,validation,2023-10,country_gb,country_jp,-0.133994736620483,0.2044970989227295
tgn,validation,2023-10,country_gb,country_kr,0.28829541290214583,0.2511752247810364
tgn,validation,2023-10,country_gb,country_mx,-0.5572996683922404,0.23753267526626587
tgn,validation,2023-10,country_gb,country_my,-0.2555113047754395,0.23055613040924072
tgn,validation,2023-10,country_gb,country_ph,-0.09375494548927639,0.2143280804157257
tgn,validation,2023-10,country_gb,country_sg,-0.3287785810089512,0.1725885272026062
tgn,validation,2023-10,country_gb,country_th,0.2656969465161052,0.3230796754360199
tgn,validation,2023-10,country_gb,country_us,-0.26060514217941705,0.27843642234802246
tgn,validation,2023-10,country_gb,country_vn,2.2842415666481206,0.17347952723503113
tgn,validation,2023-10,country_in,country_203,2.6433599050203527,0.06371763348579407
tgn,validation,2023-10,country_in,country_344,0.36828994640954593,0.07839444279670715
tgn,validation,2023-10,country_in,country_372,1.4102537678361087,0.14291968941688538
tgn,validation,2023-10,country_in,country_380,-0.49992749957907073,0.0622221976518631
tgn,validation,2023-10,country_in,country_cn,-0.3971166337204845,0.1704493761062622
tgn,validation,2023-10,country_in,country_de,-0.28244721509473075,0.16165584325790405
tgn,validation,2023-10,country_in,country_fr,-0.17367760834986093,0.1893438696861267
tgn,validation,2023-10,country_in,country_gb,-0.09854843335243116,0.4642641544342041
tgn,validation,2023-10,country_in,country_jp,-0.558666526898987,0.18311110138893127
tgn,validation,2023-10,country_in,country_kr,0.4961688562921594,0.22124892473220825
tgn,validation,2023-10,country_in,country_mx,0.9049897596925834,0.21155324578285217
tgn,validation,2023-10,country_in,country_my,-0.6271328097739448,0.19577044248580933
tgn,validation,2023-10,country_in,country_ph,-0.8831415515058085,0.18841105699539185
tgn,validation,2023-10,country_in,country_sg,-0.2916537223264702,0.16164284944534302
tgn,validation,2023-10,country_in,country_th,11.393499372787092,0.349913090467453
tgn,validation,2023-10,country_in,country_us,-0.316392513361295,0.22208276391029358
tgn,validation,2023-10,country_in,country_vn,-0.4332820550278589,0.15583235025405884
tgn,validation,2023-10,country_jp,country_203,-0.25577456620786326,0.05265381932258606
tgn,validation,2023-10,country_jp,country_344,0.06088736747386684,0.06537789106369019
tgn,validation,2023-10,country_jp,country_372,0.23844307541547702,0.11527682840824127
tgn,validation,2023-10,country_jp,country_380,-0.2740264591546507,0.042868614196777344
tgn,validation,2023-10,country_jp,country_cn,0.21283491083891143,0.16880887746810913
tgn,validation,2023-10,country_jp,country_de,-0.047724761420532065,0.15147262811660767
tgn,validation,2023-10,country_jp,country_fr,-0.4870192104918129,0.19068849086761475
tgn,validation,2023-10,country_jp,country_gb,-0.09032528623439973,0.4581010341644287
tgn,validation,2023-10,country_jp,country_in,-0.13137462447819792,0.2218915820121765
tgn,validation,2023-10,country_jp,country_kr,0.08780299971448928,0.23250681161880493
tgn,validation,2023-10,country_jp,country_mx,0.033135354288210336,0.19363152980804443
tgn,validation,2023-10,country_jp,country_my,-0.032860308954316235,0.20760586857795715
tgn,validation,2023-10,country_jp,country_ph,-0.07781232370218794,0.18751674890518188
tgn,validation,2023-10,country_jp,country_sg,0.10761289362484606,0.15382206439971924
tgn,validation,2023-10,country_jp,country_th,0.05569652931233456,0.3515804708003998
tgn,validation,2023-10,country_jp,country_us,-0.032190822995066565,0.18829259276390076
tgn,validation,2023-10,country_jp,country_vn,0.3490705096242193,0.15607377886772156
tgn,validation,2023-10,country_kr,country_203,-0.09720880648389456,0.09321850538253784
tgn,validation,2023-10,country_kr,country_344,0.3441115324733998,0.10584092140197754
tgn,validation,2023-10,country_kr,country_372,0.5465383324561252,0.125941663980484
tgn,validation,2023-10,country_kr,country_380,0.01539283792949818,0.08010636270046234
tgn,validation,2023-10,country_kr,country_cn,0.13443052611524076,0.2018890380859375
tgn,validation,2023-10,country_kr,country_de,-0.10218308461552439,0.18222764134407043
tgn,validation,2023-10,country_kr,country_fr,-0.5052108324031382,0.21115350723266602
tgn,validation,2023-10,country_kr,country_gb,0.07035683201204798,0.47656887769699097
tgn,validation,2023-10,country_kr,country_in,0.009532575909402298,0.2576107382774353
tgn,validation,2023-10,country_kr,country_jp,-0.11298076298905953,0.21024039387702942
tgn,validation,2023-10,country_kr,country_mx,-0.021579221972863112,0.22650116682052612
tgn,validation,2023-10,country_kr,country_my,0.4421591243724902,0.22949868440628052
tgn,validation,2023-10,country_kr,country_ph,-0.20889006355847797,0.21796250343322754
tgn,validation,2023-10,country_kr,country_th,0.053682431837095736,0.36274009943008423
tgn,validation,2023-10,country_kr,country_us,-0.26657517161261746,0.2342357337474823
tgn,validation,2023-10,country_kr,country_vn,0.22070763097121315,0.18306005001068115
tgn,validation,2023-10,country_mx,country_203,-0.8522442492786928,0.08254009485244751
tgn,validation,2023-10,country_mx,country_344,-0.3108398755859784,0.09112825989723206
tgn,validation,2023-10,country_mx,country_372,-0.22617602390066968,0.1472252607345581
tgn,validation,2023-10,country_mx,country_380,-0.7214910744509189,0.07834199070930481
tgn,validation,2023-10,country_mx,country_cn,0.13009542470761837,0.19298499822616577
tgn,validation,2023-10,country_mx,country_de,-0.28273491944356677,0.1817455291748047
tgn,validation,2023-10,country_mx,country_fr,-0.3566901183025455,0.2064926028251648
tgn,validation,2023-10,country_mx,country_gb,-0.38410238154385384,0.491202712059021
tgn,validation,2023-10,country_mx,country_in,0.8813719041149467,0.2458380162715912
tgn,validation,2023-10,country_mx,country_jp,-0.29242132890731565,0.20098817348480225
tgn,validation,2023-10,country_mx,country_kr,-0.31358677087682746,0.2438277304172516
tgn,validation,2023-10,country_mx,country_my,0.005777069990668605,0.21453100442886353
tgn,validation,2023-10,country_mx,country_ph,-0.5670650034836058,0.21282440423965454
tgn,validation,2023-10,country_mx,country_sg,-0.45874704941285027,0.1818234920501709
tgn,validation,2023-10,country_mx,country_th,0.21254299726970527,0.37251389026641846
tgn,validation,2023-10,country_mx,country_us,-0.008190865977904409,0.23236358165740967
tgn,validation,2023-10,country_mx,country_vn,0.4652231601953804,0.177872896194458
tgn,validation,2023-10,country_my,country_203,0.09570591732142739,0.07519537210464478
tgn,validation,2023-10,country_my,country_344,0.01672250496939987,0.08737954497337341
tgn,validation,2023-10,country_my,country_372,0.3361975197124205,0.11857061088085175
tgn,validation,2023-10,country_my,country_380,-0.45089047769117796,0.06269676983356476
tgn,validation,2023-10,country_my,country_cn,-0.025879242996566746,0.20160776376724243
tgn,validation,2023-10,country_my,country_de,-0.0987118992772569,0.1738761067390442
tgn,validation,2023-10,country_my,country_fr,-0.39914613619229433,0.2113589346408844
tgn,validation,2023-10,country_my,country_gb,-0.28364023983110115,0.49528199434280396
tgn,validation,2023-10,country_my,country_in,-0.12314346686521076,0.2624388039112091
tgn,validation,2023-10,country_my,country_jp,0.10450744661043976,0.20084238052368164
tgn,validation,2023-10,country_my,country_kr,-0.039407200376205945,0.2544161081314087
tgn,validation,2023-10,country_my,country_mx,0.026913261259105356,0.21495401859283447
tgn,validation,2023-10,country_my,country_ph,-0.34679206453934613,0.20561522245407104
tgn,validation,2023-10,country_my,country_sg,-0.1617859196347628,0.1764490008354187
tgn,validation,2023-10,country_my,country_th,-0.13448487430251904,0.36795201897621155
tgn,validation,2023-10,country_my,country_us,-0.08722315189059872,0.22980940341949463
tgn,validation,2023-10,country_my,country_vn,0.06914533599351093,0.14763975143432617
tgn,validation,2023-10,country_ph,country_203,-0.23736007389684455,0.05719985067844391
tgn,validation,2023-10,country_ph,country_344,-0.14482478662988313,0.07381066679954529
tgn,validation,2023-10,country_ph,country_372,0.08376561291225083,0.14510366320610046
tgn,validation,2023-10,country_ph,country_380,-0.33246667907701444,0.05051295459270477
tgn,validation,2023-10,country_ph,country_cn,-0.08241749727138273,0.17349737882614136
tgn,validation,2023-10,country_ph,country_de,-0.09779856941168223,0.16492539644241333
tgn,validation,2023-10,country_ph,country_fr,-0.1826577893706363,0.19605085253715515
tgn,validation,2023-10,country_ph,country_gb,-0.3226136097385321,0.4885198473930359
tgn,validation,2023-10,country_ph,country_in,0.43232833339000903,0.22674989700317383
tgn,validation,2023-10,country_ph,country_jp,-0.0607386584802252,0.19066569209098816
tgn,validation,2023-10,country_ph,country_kr,-0.14425247032992772,0.23227781057357788
tgn,validation,2023-10,country_ph,country_mx,-0.09195148179731401,0.20617437362670898
tgn,validation,2023-10,country_ph,country_my,-0.19384616495920742,0.19821441173553467
tgn,validation,2023-10,country_ph,country_sg,-0.2416936554260681,0.1650698482990265
tgn,validation,2023-10,country_ph,country_th,0.00758261241688317,0.36802607774734497
tgn,validation,2023-10,country_ph,country_us,-0.25850569882918695,0.19714149832725525
tgn,validation,2023-10,country_ph,country_vn,-0.06383632962671962,0.16060283780097961
tgn,validation,2023-10,country_sg,country_203,-0.19335227730707968,0.025861993432044983
tgn,validation,2023-10,country_sg,country_344,0.12429007157455522,0.051040053367614746
tgn,validation,2023-10,country_sg,country_372,0.65573187167087,0.12369024753570557
tgn,validation,2023-10,country_sg,country_380,-0.154222898799674,0.025207310914993286
tgn,validation,2023-10,country_sg,country_cn,0.2112009615652365,0.15599030256271362
tgn,validation,2023-10,country_sg,country_de,0.15374634209942628,0.13999894261360168
tgn,validation,2023-10,country_sg,country_fr,-0.11859430542137044,0.17023837566375732
tgn,validation,2023-10,country_sg,country_gb,0.06303821906322812,0.4541812539100647
tgn,validation,2023-10,country_sg,country_in,0.20445785253984133,0.2157740592956543
tgn,validation,2023-10,country_sg,country_jp,-0.057031933322145435,0.16697567701339722
tgn,validation,2023-10,country_sg,country_kr,-0.14998408926795712,0.22132456302642822
tgn,validation,2023-10,country_sg,country_mx,0.09224649746987272,0.1819474697113037
tgn,validation,2023-10,country_sg,country_my,-0.0337788944465071,0.19452762603759766
tgn,validation,2023-10,country_sg,country_ph,-0.24988773540244863,0.1760035753250122
tgn,validation,2023-10,country_sg,country_th,-0.23964266583209265,0.3469700217247009
tgn,validation,2023-10,country_sg,country_us,-0.5299775013865332,0.18202897906303406
tgn,validation,2023-10,country_sg,country_vn,-0.03174826735797872,0.13292428851127625
tgn,validation,2023-10,country_th,country_203,-0.27716771098932075,0.13906455039978027
tgn,validation,2023-10,country_th,country_344,-0.012304015688785115,0.1561604142189026
tgn,validation,2023-10,country_th,country_372,-0.022777230718565918,0.17972153425216675
tgn,validation,2023-10,country_th,country_380,-0.2652412548843623,0.1366548240184784
tgn,validation,2023-10,country_th,country_cn,-0.06565064279226537,0.23429816961288452
tgn,validation,2023-10,country_th,country_de,-0.11983434296772262,0.21130186319351196
tgn,validation,2023-10,country_th,country_fr,-0.11199108424250762,0.24205997586250305
tgn,validation,2023-10,country_th,country_gb,-0.4144155366174361,0.49116045236587524
tgn,validation,2023-10,country_th,country_in,-0.5282833914504915,0.27628523111343384
tgn,validation,2023-10,country_th,country_jp,0.050653626294162556,0.23750445246696472
tgn,validation,2023-10,country_th,country_kr,0.12603019438490254,0.28512704372406006
tgn,validation,2023-10,country_th,country_mx,-0.01793340392833743,0.25773322582244873
tgn,validation,2023-10,country_th,country_my,0.1021437186815721,0.2627742886543274
tgn,validation,2023-10,country_th,country_ph,-0.2621658431584265,0.24681273102760315
tgn,validation,2023-10,country_th,country_sg,-0.20186659955792874,0.21445545554161072
tgn,validation,2023-10,country_th,country_us,0.006303169666280777,0.2903827428817749
tgn,validation,2023-10,country_th,country_vn,-0.3212075038002453,0.19109344482421875
tgn,validation,2023-10,country_tw,country_203,-0.2990392558527717,0.028384119272232056
tgn,validation,2023-10,country_tw,country_344,-0.12362889610676722,0.04939064383506775
tgn,validation,2023-10,country_tw,country_372,-0.16993558132163566,0.11932110786437988
tgn,validation,2023-10,country_tw,country_380,-0.6288523958395349,0.022721946239471436
tgn,validation,2023-10,country_tw,country_cn,0.1292002597964428,0.17501229047775269
tgn,validation,2023-10,country_tw,country_de,-0.16836675589669595,0.1445310115814209
tgn,validation,2023-10,country_tw,country_fr,-0.14067528376065536,0.18616998195648193
tgn,validation,2023-10,country_tw,country_gb,0.08281644820039188,0.4798400402069092
tgn,validation,2023-10,country_tw,country_in,0.20696790533566065,0.2300111949443817
tgn,validation,2023-10,country_tw,country_jp,0.012303461937791579,0.18522733449935913
tgn,validation,2023-10,country_tw,country_kr,-0.01823691811879262,0.23627746105194092
tgn,validation,2023-10,country_tw,country_mx,0.13662272128638467,0.18731200695037842
tgn,validation,2023-10,country_tw,country_my,-0.04566990844875732,0.20751303434371948
tgn,validation,2023-10,country_tw,country_ph,-0.31694658944159637,0.183275043964386
tgn,validation,2023-10,country_tw,country_sg,-0.0325719073566413,0.14666056632995605
tgn,validation,2023-10,country_tw,country_th,0.005340167204541581,0.36737653613090515
tgn,validation,2023-10,country_tw,country_us,-0.06845192903165995,0.18730580806732178
tgn,validation,2023-10,country_tw,country_vn,0.024239676140492775,0.148709237575531
tgn,validation,2023-10,country_us,country_203,-0.030708384579225614,0.017631515860557556
tgn,validation,2023-10,country_us,country_344,-0.06285761325244942,0.04531332850456238
tgn,validation,2023-10,country_us,country_372,-0.5240594105341367,0.075263112783432
tgn,validation,2023-10,country_us,country_380,-0.18869941142295865,0.007094807922840118
tgn,validation,2023-10,country_us,country_cn,0.12990864711127853,-0.010023735463619232
tgn,validation,2023-10,country_us,country_de,-0.30463167073822334,-0.010533154010772705
tgn,validation,2023-10,country_us,country_fr,-0.048462780217717515,0.01791757345199585
tgn,validation,2023-10,country_us,country_gb,0.18738211804989854,0.20913076400756836
tgn,validation,2023-10,country_us,country_in,0.04692524100708292,0.034487009048461914
tgn,validation,2023-10,country_us,country_jp,-0.21002115165925775,0.004633307456970215
tgn,validation,2023-10,country_us,country_kr,0.1036421103702999,0.040303707122802734
tgn,validation,2023-10,country_us,country_mx,0.07348216819052088,0.008373662829399109
tgn,validation,2023-10,country_us,country_my,0.04359243467837443,0.031580254435539246
tgn,validation,2023-10,country_us,country_ph,-0.08179762317035302,0.024789035320281982
tgn,validation,2023-10,country_us,country_sg,-0.10628735949714951,-0.010920584201812744
tgn,validation,2023-10,country_us,country_th,0.11088546258855529,0.10378293693065643
tgn,validation,2023-10,country_us,country_vn,0.7662203501721448,-0.01740332692861557
tgn,validation,2023-10,country_vn,country_203,0.9571255272350886,0.05368712544441223
tgn,validation,2023-10,country_vn,country_344,0.2914654900333153,0.07053327560424805
tgn,validation,2023-10,country_vn,country_372,29.776893340879464,0.09336832165718079
tgn,validation,2023-10,country_vn,country_380,-0.5785236509086507,0.04022514820098877
tgn,validation,2023-10,country_vn,country_cn,-0.014391720876627193,0.2034839689731598
tgn,validation,2023-10,country_vn,country_de,-0.3889691191924635,0.16098636388778687
tgn,validation,2023-10,country_vn,country_fr,-0.06286376187025307,0.2092876434326172
tgn,validation,2023-10,country_vn,country_gb,-0.10554688784411997,0.48402076959609985
tgn,validation,2023-10,country_vn,country_in,0.03645857415243218,0.2417086362838745
tgn,validation,2023-10,country_vn,country_jp,0.06976929024759691,0.19335657358169556
tgn,validation,2023-10,country_vn,country_kr,0.025755813412596956,0.25227075815200806
tgn,validation,2023-10,country_vn,country_mx,0.3441561496213794,0.21019229292869568
tgn,validation,2023-10,country_vn,country_my,-0.14732630937601526,0.21474140882492065
tgn,validation,2023-10,country_vn,country_ph,0.5887049575292902,0.18150410056114197
tgn,validation,2023-10,country_vn,country_sg,0.34535771493098744,0.15487968921661377
tgn,validation,2023-10,country_vn,country_th,0.5621542950608526,0.35833996534347534
tgn,validation,2023-10,country_vn,country_us,-0.14284332457083035,0.23116236925125122
tgn,validation,2023-11,country_203,country_344,-0.642348598160186,0.01856127381324768
tgn,validation,2023-11,country_203,country_372,-0.08174393274592631,0.3390485942363739
tgn,validation,2023-11,country_203,country_380,0.8012462555873667,0.04379446804523468
tgn,validation,2023-11,country_203,country_cn,-0.2336445856959835,-0.02434409409761429
tgn,validation,2023-11,country_203,country_de,-0.5108478548690291,-0.014370374381542206
tgn,validation,2023-11,country_203,country_fr,0.051703001224723384,-0.04364156723022461
tgn,validation,2023-11,country_203,country_gb,0.4956870280330901,-0.04129524528980255
tgn,validation,2023-11,country_203,country_in,2.667783201583074,-0.08251848816871643
tgn,validation,2023-11,country_203,country_jp,0.2730114757458758,-0.03769512474536896
tgn,validation,2023-11,country_203,country_kr,-0.5132115374815268,-0.04388242959976196
tgn,validation,2023-11,country_203,country_mx,-0.16107782039379276,-0.029830485582351685
tgn,validation,2023-11,country_203,country_my,-0.6104625125088659,-0.010305240750312805
tgn,validation,2023-11,country_203,country_ph,-0.2958885727084664,-0.041147343814373016
tgn,validation,2023-11,country_203,country_sg,0.039479160496036086,-0.05377749726176262
tgn,validation,2023-11,country_203,country_th,0.02087287749403111,-0.04146692156791687
tgn,validation,2023-11,country_203,country_us,0.28283177219132716,0.09651795029640198
tgn,validation,2023-11,country_203,country_vn,0.2582436733363396,-0.044585198163986206
tgn,validation,2023-11,country_344,country_203,-0.6882414285672555,0.07696878910064697
tgn,validation,2023-11,country_344,country_372,-0.9349692367487971,0.41257935762405396
tgn,validation,2023-11,country_344,country_380,-0.6445118009043008,0.07755741477012634
tgn,validation,2023-11,country_344,country_cn,1.7307130358243643,0.05285799503326416
tgn,validation,2023-11,country_344,country_de,-0.38671951774360497,-0.010600663721561432
tgn,validation,2023-11,country_344,country_fr,-0.6423149062293241,-0.03320824354887009
tgn,validation,2023-11,country_344,country_gb,-0.340174373221042,0.017990797758102417
tgn,validation,2023-11,country_344,country_in,-0.40825124685048186,0.018023520708084106
tgn,validation,2023-11,country_344,country_jp,-0.6666360179114786,0.025790616869926453
tgn,validation,2023-11,country_344,country_kr,-0.16938163585091706,0.044552817940711975
tgn,validation,2023-11,country_344,country_mx,-0.20200884292580146,0.06534132361412048
tgn,validation,2023-11,country_344,country_my,1.5052429373967466,0.09694674611091614
tgn,validation,2023-11,country_344,country_ph,-0.26026211938749383,0.006586998701095581
tgn,validation,2023-11,country_344,country_sg,-0.47126316962322956,-0.021775715053081512
tgn,validation,2023-11,country_344,country_th,-0.620427541667904,0.06294935941696167
tgn,validation,2023-11,country_344,country_us,2.1106457641261893,0.15746530890464783
tgn,validation,2023-11,country_344,country_vn,-0.9414150655192901,0.032800838351249695
tgn,validation,2023-11,country_372,country_203,-0.5277008601610048,0.09766173362731934
tgn,validation,2023-11,country_372,country_344,-0.4352222277118367,0.1732785999774933
tgn,validation,2023-11,country_372,country_380,-0.5438183597511389,0.11151513457298279
tgn,validation,2023-11,country_372,country_cn,0.23377655152443735,0.12971161305904388
tgn,validation,2023-11,country_372,country_de,-0.49555738185621767,-0.051571086049079895
tgn,validation,2023-11,country_372,country_fr,-0.1641580279978153,-0.07127396762371063
tgn,validation,2023-11,country_372,country_gb,-0.4736494547164774,0.04028153419494629
tgn,validation,2023-11,country_372,country_in,0.64653435748177,0.01234002411365509
tgn,validation,2023-11,country_372,country_jp,-0.14159588126875575,0.17238351702690125
tgn,validation,2023-11,country_372,country_kr,-0.7224694301984466,0.05842871963977814
tgn,validation,2023-11,country_372,country_mx,49.547265552828144,0.30769479274749756
tgn,validation,2023-11,country_372,country_my,0.2810379328983215,0.1795368194580078
tgn,validation,2023-11,country_372,country_ph,-0.27510686650251864,0.007263079285621643
tgn,validation,2023-11,country_372,country_sg,-0.1844846130206869,-0.05532318353652954
tgn,validation,2023-11,country_372,country_th,20.11897526439314,0.15901193022727966
tgn,validation,2023-11,country_372,country_us,-0.19075395127112033,0.3486431837081909
tgn,validation,2023-11,country_372,country_vn,0.2906993028243794,0.15865224599838257
tgn,validation,2023-11,country_380,country_203,-0.4307468109600838,0.00017412006855010986
tgn,validation,2023-11,country_380,country_344,0.04142766999165367,-0.013903878629207611
tgn,validation,2023-11,country_380,country_372,-0.6357944109661399,0.33858805894851685
tgn,validation,2023-11,country_380,country_cn,0.2688663543753299,-0.12407302111387253
tgn,validation,2023-11,country_380,country_de,-0.07067606849050807,-0.09248960018157959
tgn,validation,2023-11,country_380,country_fr,-0.09669277778839148,-0.10774627327919006
tgn,validation,2023-11,country_380,country_gb,0.6909889343955367,-0.13558202981948853
tgn,validation,2023-11,country_380,country_in,0.08047535154287067,-0.14182493090629578
tgn,validation,2023-11,country_380,country_jp,-0.46610849968368223,-0.1286841183900833
tgn,validation,2023-11,country_380,country_kr,0.01827710514889277,-0.1308244913816452
tgn,validation,2023-11,country_380,country_mx,-0.2029877829082264,-0.1389809250831604
tgn,validation,2023-11,country_380,country_my,-0.18524257779726383,-0.10716813057661057
tgn,validation,2023-11,country_380,country_ph,-0.11198130442899208,-0.1275973618030548
tgn,validation,2023-11,country_380,country_sg,0.11593374149024128,-0.1192675456404686
tgn,validation,2023-11,country_380,country_th,-0.04459692759289885,-0.1330917477607727
tgn,validation,2023-11,country_380,country_us,-0.014844684978144783,0.015091761946678162
tgn,validation,2023-11,country_380,country_vn,-0.23755456380888396,-0.14816761016845703
tgn,validation,2023-11,country_50,country_344,-0.2655640949825085,0.1279403269290924
tgn,validation,2023-11,country_50,country_cn,-0.6200848331995873,0.1085461974143982
tgn,validation,2023-11,country_50,country_jp,-0.7251202403733271,0.12257422506809235
tgn,validation,2023-11,country_50,country_my,-0.9750327134403584,0.1470993161201477
tgn,validation,2023-11,country_50,country_sg,-0.4901827591783924,-0.016937099397182465
tgn,validation,2023-11,country_50,country_us,-0.8925163708813129,0.267696350812912
tgn,validation,2023-11,country_cn,country_203,-0.17410235534454271,0.037957340478897095
tgn,validation,2023-11,country_cn,country_344,0.28484353388154454,0.03748619556427002
tgn,validation,2023-11,country_cn,country_372,-0.045912436198468694,0.37630870938301086
tgn,validation,2023-11,country_cn,country_380,-0.6655701971574186,0.0767105221748352
tgn,validation,2023-11,country_cn,country_de,-0.45221903868680857,0.05844411253929138
tgn,validation,2023-11,country_cn,country_fr,-0.3759760722177522,0.04381091892719269
tgn,validation,2023-11,country_cn,country_gb,-0.4534992161331643,0.10040977597236633
tgn,validation,2023-11,country_cn,country_in,0.4536758493630195,0.10192015767097473
tgn,validation,2023-11,country_cn,country_jp,-0.07900945576441855,0.11543430387973785
tgn,validation,2023-11,country_cn,country_kr,0.06431764365798802,0.10910704731941223
tgn,validation,2023-11,country_cn,country_mx,-0.26972517424975306,0.14803865551948547
tgn,validation,2023-11,country_cn,country_my,0.2164959026944608,0.15253078937530518
tgn,validation,2023-11,country_cn,country_ph,1.3209091310010164,0.06823176145553589
tgn,validation,2023-11,country_cn,country_sg,-0.015478574433953124,0.07232514023780823
tgn,validation,2023-11,country_cn,country_th,-0.24465798442654343,0.15191495418548584
tgn,validation,2023-11,country_cn,country_us,-0.3634435646490023,0.15153241157531738
tgn,validation,2023-11,country_cn,country_vn,0.29137124058938635,0.12108078598976135
tgn,validation,2023-11,country_de,country_203,-0.2532776551063702,0.008458420634269714
tgn,validation,2023-11,country_de,country_344,0.17809895961457198,0.008738815784454346
tgn,validation,2023-11,country_de,country_372,-0.014285864350181117,0.5108712315559387
tgn,validation,2023-11,country_de,country_380,-0.37865155258079486,0.06062448024749756
tgn,validation,2023-11,country_de,country_cn,-0.03713904445780867,0.06172730028629303
tgn,validation,2023-11,country_de,country_fr,-0.098085938444304,0.00904373824596405
tgn,validation,2023-11,country_de,country_gb,-0.08969495729603764,0.07126721739768982
tgn,validation,2023-11,country_de,country_in,0.16587321614505757,0.06643903255462646
tgn,validation,2023-11,country_de,country_jp,0.10871422962187366,0.07845431566238403
tgn,validation,2023-11,country_de,country_kr,0.1918290603261757,0.07145029306411743
tgn,validation,2023-11,country_de,country_mx,-0.21330546625263286,0.1405225694179535
tgn,validation,2023-11,country_de,country_my,-0.06679568227009636,0.11438813805580139
tgn,validation,2023-11,country_de,country_ph,-0.19672080331989691,0.0332409143447876
tgn,validation,2023-11,country_de,country_sg,-0.014149801692701093,0.035621583461761475
tgn,validation,2023-11,country_de,country_th,-0.19556935927781982,0.10871019959449768
tgn,validation,2023-11,country_de,country_us,-0.04978296572322404,0.12856072187423706
tgn,validation,2023-11,country_de,country_vn,-0.2551247172029378,0.07556156814098358
tgn,validation,2023-11,country_fr,country_203,-0.3404505399914588,-0.00947713851928711
tgn,validation,2023-11,country_fr,country_344,0.3042459081427791,-0.0027268975973129272
tgn,validation,2023-11,country_fr,country_372,-0.34023438697059194,0.4975772500038147
tgn,validation,2023-11,country_fr,country_380,-0.21339625186931863,0.04692874848842621
tgn,validation,2023-11,country_fr,country_cn,0.21409778250224093,0.05027762055397034
tgn,validation,2023-11,country_fr,country_de,0.002899444125485692,0.009684361517429352
tgn,validation,2023-11,country_fr,country_gb,0.10860140637095879,0.05269366502761841
tgn,validation,2023-11,country_fr,country_in,0.48128043939009896,0.05824941396713257
tgn,validation,2023-11,country_fr,country_jp,0.2277076633336173,0.061524659395217896
tgn,validation,2023-11,country_fr,country_kr,0.0723931687223437,0.05555833876132965
tgn,validation,2023-11,country_fr,country_mx,-0.14032483826908212,0.12602144479751587
tgn,validation,2023-11,country_fr,country_my,-0.3173931378539662,0.08850619196891785
tgn,validation,2023-11,country_fr,country_ph,-0.25792642481890804,0.022765442728996277
tgn,validation,2023-11,country_fr,country_sg,-0.12799700781444054,0.03108157217502594
tgn,validation,2023-11,country_fr,country_th,0.030819815784639423,0.07479584217071533
tgn,validation,2023-11,country_fr,country_us,-0.003481250857920117,0.10931272804737091
tgn,validation,2023-11,country_fr,country_vn,0.6688756125695059,0.05364970862865448
tgn,validation,2023-11,country_gb,country_203,0.04955574425698412,0.02967517077922821
tgn,validation,2023-11,country_gb,country_344,-0.16456038468212522,0.03368040919303894
tgn,validation,2023-11,country_gb,country_372,-0.0022213326693042187,0.4581429958343506
tgn,validation,2023-11,country_gb,country_380,-0.22201216910812624,0.07387164235115051
tgn,validation,2023-11,country_gb,country_cn,0.003930489629598432,0.08591347932815552
tgn,validation,2023-11,country_gb,country_de,1.4854715548180968,0.039230793714523315
tgn,validation,2023-11,country_gb,country_fr,-0.1205238235130918,0.023940831422805786
tgn,validation,2023-11,country_gb,country_in,1.5599422725730547,0.09181824326515198
tgn,validation,2023-11,country_gb,country_jp,0.0844546151740023,0.0989944338798523
tgn,validation,2023-11,country_gb,country_kr,-0.12913171086465286,0.09273932874202728
tgn,validation,2023-11,country_gb,country_mx,-0.5890457354583007,0.1459178626537323
tgn,validation,2023-11,country_gb,country_my,-0.2708308993805599,0.13030177354812622
tgn,validation,2023-11,country_gb,country_ph,-0.15388575431632004,0.05772712826728821
tgn,validation,2023-11,country_gb,country_sg,-0.1648832333071349,0.058766573667526245
tgn,validation,2023-11,country_gb,country_th,-0.41530035383741815,0.12537315487861633
tgn,validation,2023-11,country_gb,country_us,-0.20078256925882682,0.15177878737449646
tgn,validation,2023-11,country_gb,country_vn,2.3889302969169806,0.09112578630447388
tgn,validation,2023-11,country_in,country_203,-0.7244001619518722,0.04378461837768555
tgn,validation,2023-11,country_in,country_344,-0.25912595336095917,0.046353116631507874
tgn,validation,2023-11,country_in,country_372,0.23688623985260313,0.4807390570640564
tgn,validation,2023-11,country_in,country_380,-0.5153493106741794,0.08522087335586548
tgn,validation,2023-11,country_in,country_cn,-0.01565675176736598,0.10798321664333344
tgn,validation,2023-11,country_in,country_de,0.0020996441388592964,0.0649731457233429
tgn,validation,2023-11,country_in,country_fr,-0.249792376237976,0.052483320236206055
tgn,validation,2023-11,country_in,country_gb,0.36345360284837624,0.1128552258014679
tgn,validation,2023-11,country_in,country_jp,-0.3242814439326856,0.11281360685825348
tgn,validation,2023-11,country_in,country_kr,0.6615489375996086,0.11586049199104309
tgn,validation,2023-11,country_in,country_mx,-0.20587164713444175,0.18558722734451294
tgn,validation,2023-11,country_in,country_my,-0.43587994793087487,0.15541189908981323
tgn,validation,2023-11,country_in,country_ph,-0.35360347960138744,0.07224133610725403
tgn,validation,2023-11,country_in,country_sg,1.0698619096726716,0.08293668925762177
tgn,validation,2023-11,country_in,country_th,-0.20224344844927739,0.16175809502601624
tgn,validation,2023-11,country_in,country_us,-0.2063080974252188,0.18567949533462524
tgn,validation,2023-11,country_in,country_vn,-0.058238794940840916,0.12265574932098389
tgn,validation,2023-11,country_jp,country_203,-0.3384130812990941,0.039182230830192566
tgn,validation,2023-11,country_jp,country_344,0.2082382730420058,0.04486185312271118
tgn,validation,2023-11,country_jp,country_372,0.9622773642399057,0.3786311149597168
tgn,validation,2023-11,country_jp,country_380,-0.2946895500651573,0.07652479410171509
tgn,validation,2023-11,country_jp,country_cn,0.08065432360527389,0.10436922311782837
tgn,validation,2023-11,country_jp,country_de,-0.09459887189930513,0.06305617094039917
tgn,validation,2023-11,country_jp,country_fr,-0.2612074043919711,0.04503071308135986
tgn,validation,2023-11,country_jp,country_gb,-0.19369506254087945,0.09933830797672272
tgn,validation,2023-11,country_jp,country_in,0.1403500040121925,0.10743391513824463
tgn,validation,2023-11,country_jp,country_kr,0.03215497489823813,0.11165353655815125
tgn,validation,2023-11,country_jp,country_mx,-0.10243390955653253,0.16722169518470764
tgn,validation,2023-11,country_jp,country_my,-0.1629425296680512,0.16546344757080078
tgn,validation,2023-11,country_jp,country_ph,-0.12452826461004048,0.07677586376667023
tgn,validation,2023-11,country_jp,country_sg,0.04997229047099831,0.08172395825386047
tgn,validation,2023-11,country_jp,country_th,-0.12879594180425502,0.15593725442886353
tgn,validation,2023-11,country_jp,country_us,-0.04216875447457747,0.16312026977539062
tgn,validation,2023-11,country_jp,country_vn,0.11103051758345835,0.13040144741535187
tgn,validation,2023-11,country_kr,country_203,0.7403274988515816,0.0482664555311203
tgn,validation,2023-11,country_kr,country_344,0.6731910314812398,0.06290504336357117
tgn,validation,2023-11,country_kr,country_372,-0.4008920103542604,0.4535837769508362
tgn,validation,2023-11,country_kr,country_380,-0.3994346914006267,0.0834561437368393
tgn,validation,2023-11,country_kr,country_cn,0.15770447592612585,0.13609282672405243
tgn,validation,2023-11,country_kr,country_de,-0.15022452705906458,0.08944672346115112
tgn,validation,2023-11,country_kr,country_fr,-0.5017865207214428,0.07683563232421875
tgn,validation,2023-11,country_kr,country_gb,1.3795002998118604,0.12839250266551971
tgn,validation,2023-11,country_kr,country_in,0.5294066046469482,0.1373704969882965
tgn,validation,2023-11,country_kr,country_jp,-0.1507231359342329,0.1456439197063446
tgn,validation,2023-11,country_kr,country_mx,-0.12788976516579417,0.205315500497818
tgn,validation,2023-11,country_kr,country_my,0.30197743366143914,0.18926960229873657
tgn,validation,2023-11,country_kr,country_ph,-0.13739315429807503,0.10056379437446594
tgn,validation,2023-11,country_kr,country_th,-0.008239771685464282,0.1773504614830017
tgn,validation,2023-11,country_kr,country_us,-0.2283831151432573,0.1929125189781189
tgn,validation,2023-11,country_kr,country_vn,0.4130093747654703,0.1547442078590393
tgn,validation,2023-11,country_mx,country_203,-0.6286678733401376,0.1172904372215271
tgn,validation,2023-11,country_mx,country_344,0.24781100489312138,0.11819598078727722
tgn,validation,2023-11,country_mx,country_372,-0.45065430674224144,0.41246360540390015
tgn,validation,2023-11,country_mx,country_380,0.10959768175584775,0.16148817539215088
tgn,validation,2023-11,country_mx,country_cn,0.05536378483665832,0.15834015607833862
tgn,validation,2023-11,country_mx,country_de,-0.35748197898030376,0.10659949481487274
tgn,validation,2023-11,country_mx,country_fr,-0.2837575958816112,0.08991581201553345
tgn,validation,2023-11,country_mx,country_gb,-0.45454681829839,0.15369918942451477
tgn,validation,2023-11,country_mx,country_in,0.23809599921165672,0.1664084494113922
tgn,validation,2023-11,country_mx,country_jp,-0.07330315097764914,0.16454565525054932
tgn,validation,2023-11,country_mx,country_kr,-0.29702893091204186,0.16130557656288147
tgn,validation,2023-11,country_mx,country_my,-0.5190347043769059,0.20383983850479126
tgn,validation,2023-11,country_mx,country_ph,-0.18380507957188477,0.12038065493106842
tgn,validation,2023-11,country_mx,country_sg,-0.3093554597099469,0.12836283445358276
tgn,validation,2023-11,country_mx,country_th,0.9053514176589994,0.1991388499736786
tgn,validation,2023-11,country_mx,country_us,0.00941016428778942,0.23928070068359375
tgn,validation,2023-11,country_mx,country_vn,0.21777209612010276,0.17022567987442017
tgn,validation,2023-11,country_my,country_203,0.10027096476011346,0.08834625780582428
tgn,validation,2023-11,country_my,country_344,-0.040131823927227465,0.09285213053226471
tgn,validation,2023-11,country_my,country_372,-0.088282252892114,0.43184995651245117
tgn,validation,2023-11,country_my,country_380,-0.6884390434762964,0.12053069472312927
tgn,validation,2023-11,country_my,country_cn,0.11467636185108322,0.1606636941432953
tgn,validation,2023-11,country_my,country_de,-0.15443906986171987,0.11226403713226318
tgn,validation,2023-11,country_my,country_fr,-0.2908288369607471,0.09913429617881775
tgn,validation,2023-11,country_my,country_gb,-0.3839079135681382,0.15469175577163696
tgn,validation,2023-11,country_my,country_in,-0.026684988547924466,0.15994542837142944
tgn,validation,2023-11,country_my,country_jp,0.1022741621445483,0.1681482493877411
tgn,validation,2023-11,country_my,country_kr,-0.15471487810200285,0.1634306013584137
tgn,validation,2023-11,country_my,country_mx,-0.18865929593282343,0.22485333681106567
tgn,validation,2023-11,country_my,country_ph,-0.39957981400643,0.12578973174095154
tgn,validation,2023-11,country_my,country_sg,-0.18230920707990456,0.1344631463289261
tgn,validation,2023-11,country_my,country_th,0.21925564835808745,0.20181941986083984
tgn,validation,2023-11,country_my,country_us,0.19837391669089205,0.2277807593345642
tgn,validation,2023-11,country_my,country_vn,0.19757560717709696,0.1771162748336792
tgn,validation,2023-11,country_ph,country_203,-0.20172656751448487,0.015111662447452545
tgn,validation,2023-11,country_ph,country_344,-0.17910568678667274,0.028905928134918213
tgn,validation,2023-11,country_ph,country_372,-0.1925274867115051,0.46127182245254517
tgn,validation,2023-11,country_ph,country_380,-0.04141705486062941,0.05495411157608032
tgn,validation,2023-11,country_ph,country_cn,-0.044692181870954244,0.09817036986351013
tgn,validation,2023-11,country_ph,country_de,-0.2158512321374549,0.056261271238327026
tgn,validation,2023-11,country_ph,country_fr,-0.326213136127569,0.043817102909088135
tgn,validation,2023-11,country_ph,country_gb,-0.3243251091240489,0.09501457214355469
tgn,validation,2023-11,country_ph,country_in,1.0537846321822955,0.10027001798152924
tgn,validation,2023-11,country_ph,country_jp,0.052169047986068286,0.12207449972629547
tgn,validation,2023-11,country_ph,country_kr,0.00028579386863347006,0.1023770123720169
tgn,validation,2023-11,country_ph,country_mx,-0.23132661357199058,0.1622711718082428
tgn,validation,2023-11,country_ph,country_my,-0.19589863799563584,0.1636860966682434
tgn,validation,2023-11,country_ph,country_sg,-0.25094600134845024,0.07398706674575806
tgn,validation,2023-11,country_ph,country_th,-0.10815442905425883,0.14769470691680908
tgn,validation,2023-11,country_ph,country_us,-0.22111545976771058,0.14996081590652466
tgn,validation,2023-11,country_ph,country_vn,0.07955607902303678,0.1133175790309906
tgn,validation,2023-11,country_sg,country_203,-0.7355392133088153,0.02301257848739624
tgn,validation,2023-11,country_sg,country_344,0.14268007103118396,0.04376597702503204
tgn,validation,2023-11,country_sg,country_372,-0.6774279309503156,0.5387806296348572
tgn,validation,2023-11,country_sg,country_380,0.6981385854323381,0.07596346735954285
tgn,validation,2023-11,country_sg,country_cn,0.07712332851759311,0.1194576621055603
tgn,validation,2023-11,country_sg,country_de,-0.12867984298338783,0.07003232836723328
tgn,validation,2023-11,country_sg,country_fr,-0.047907108655339266,0.052231863141059875
tgn,validation,2023-11,country_sg,country_gb,-0.05433851360756094,0.10951444506645203
tgn,validation,2023-11,country_sg,country_in,-0.029955338166246993,0.12175214290618896
tgn,validation,2023-11,country_sg,country_jp,0.046557062179301,0.1372196525335312
tgn,validation,2023-11,country_sg,country_kr,-0.40787836224757834,0.12229639291763306
tgn,validation,2023-11,country_sg,country_mx,-0.10403907893599483,0.21705418825149536
tgn,validation,2023-11,country_sg,country_my,-0.03525764034435199,0.1847255825996399
tgn,validation,2023-11,country_sg,country_ph,-0.22227745734270643,0.08819897472858429
tgn,validation,2023-11,country_sg,country_th,-0.2067858658946459,0.1777416467666626
tgn,validation,2023-11,country_sg,country_us,-0.5830037651131822,0.1696624755859375
tgn,validation,2023-11,country_sg,country_vn,-0.08582409031391926,0.1357550024986267
tgn,validation,2023-11,country_th,country_203,-0.26685789780443425,0.08528226613998413
tgn,validation,2023-11,country_th,country_344,0.04447574514441102,0.09028692543506622
tgn,validation,2023-11,country_th,country_372,-0.29713000250043353,0.4252983331680298
tgn,validation,2023-11,country_th,country_380,-0.42738046926341855,0.12497231364250183
tgn,validation,2023-11,country_th,country_cn,-0.07091599946826727,0.15961673855781555
tgn,validation,2023-11,country_th,country_de,-0.19893477023570072,0.10501542687416077
tgn,validation,2023-11,country_th,country_fr,-0.21857246496957602,0.08957721292972565
tgn,validation,2023-11,country_th,country_gb,-0.407069683777167,0.14918404817581177
tgn,validation,2023-11,country_th,country_in,0.023810552177103112,0.1518796682357788
tgn,validation,2023-11,country_th,country_jp,-0.02936285277509817,0.16698652505874634
tgn,validation,2023-11,country_th,country_kr,0.31999899250730135,0.15704667568206787
tgn,validation,2023-11,country_th,country_mx,-0.07685256525600373,0.22457030415534973
tgn,validation,2023-11,country_th,country_my,-0.08192332794982408,0.21871116757392883
tgn,validation,2023-11,country_th,country_ph,-0.07484160621515178,0.1183290034532547
tgn,validation,2023-11,country_th,country_sg,-0.24347065660773062,0.1266326606273651
tgn,validation,2023-11,country_th,country_us,-0.21731559354376825,0.2230493426322937
tgn,validation,2023-11,country_th,country_vn,-0.31471965776547217,0.17735353112220764
tgn,validation,2023-11,country_tw,country_203,-0.3565033992219661,0.02160729467868805
tgn,validation,2023-11,country_tw,country_344,0.0318174982188256,0.0347265899181366
tgn,validation,2023-11,country_tw,country_372,-0.2427584190866423,0.4053780436515808
tgn,validation,2023-11,country_tw,country_380,-0.7457970508554507,0.05432245135307312
tgn,validation,2023-11,country_tw,country_cn,0.056037021856453186,0.09688267111778259
tgn,validation,2023-11,country_tw,country_de,-0.22379023225405054,0.05991126596927643
tgn,validation,2023-11,country_tw,country_fr,0.14223137465179883,0.04331812262535095
tgn,validation,2023-11,country_tw,country_gb,0.17689935159775055,0.09130550920963287
tgn,validation,2023-11,country_tw,country_in,0.2709508336147242,0.10245761275291443
tgn,validation,2023-11,country_tw,country_jp,0.11217572827667328,0.10834847390651703
tgn,validation,2023-11,country_tw,country_kr,-0.03600078123944531,0.10306000709533691
tgn,validation,2023-11,country_tw,country_mx,-0.11042189325703049,0.15504670143127441
tgn,validation,2023-11,country_tw,country_my,-0.09091783361282756,0.1524444818496704
tgn,validation,2023-11,country_tw,country_ph,-0.3719534145220336,0.06606119871139526
tgn,validation,2023-11,country_tw,country_sg,0.11594531557268255,0.07548825442790985
tgn,validation,2023-11,country_tw,country_th,0.24279629793407925,0.13806657493114471
tgn,validation,2023-11,country_tw,country_us,-0.09748750874921935,0.15464258193969727
tgn,validation,2023-11,country_tw,country_vn,-0.06274855360873077,0.10832026600837708
tgn,validation,2023-11,country_us,country_203,-0.30787278569450793,-0.006476737558841705
tgn,validation,2023-11,country_us,country_344,-0.021610903516714065,0.00919797271490097
tgn,validation,2023-11,country_us,country_372,-0.4449607173309689,0.35994499921798706
tgn,validation,2023-11,country_us,country_380,0.0710681099683614,0.046466171741485596
tgn,validation,2023-11,country_us,country_cn,0.10847335564177274,-0.0649121105670929
tgn,validation,2023-11,country_us,country_de,-0.5746799502513669,-0.0965750589966774
tgn,validation,2023-11,country_us,country_fr,-0.1753758009916801,-0.1130492091178894
tgn,validation,2023-11,country_us,country_gb,-0.12413880302202933,-0.06786059588193893
tgn,validation,2023-11,country_us,country_in,-0.03789353817125712,-0.07558467984199524
tgn,validation,2023-11,country_us,country_jp,-0.14666431837915628,-0.0494469553232193
tgn,validation,2023-11,country_us,country_kr,-0.023796620438580617,-0.06364491581916809
tgn,validation,2023-11,country_us,country_mx,-0.10572036353279303,-0.004202596843242645
tgn,validation,2023-11,country_us,country_my,-0.16632777684841943,-0.007473483681678772
tgn,validation,2023-11,country_us,country_ph,-0.15570895682864466,-0.09214121103286743
tgn,validation,2023-11,country_us,country_sg,-0.2615051213254794,-0.08743155747652054
tgn,validation,2023-11,country_us,country_th,0.0057157832772440405,-0.024222567677497864
tgn,validation,2023-11,country_us,country_vn,0.49854587381794346,-0.05601639673113823
tgn,validation,2023-11,country_vn,country_203,2.103119673476882,0.06309559941291809
tgn,validation,2023-11,country_vn,country_344,0.4285268671370813,0.07115983963012695
tgn,validation,2023-11,country_vn,country_372,43.85986181647136,0.4161016345024109
tgn,validation,2023-11,country_vn,country_380,-0.19650949430475148,0.09611029922962189
tgn,validation,2023-11,country_vn,country_cn,0.3707119780836791,0.15464141964912415
tgn,validation,2023-11,country_vn,country_de,0.5770058684343022,0.09748020768165588
tgn,validation,2023-11,country_vn,country_fr,0.1691246876121854,0.08090841770172119
tgn,validation,2023-11,country_vn,country_gb,0.09029359153587149,0.1319355070590973
tgn,validation,2023-11,country_vn,country_in,-0.07722834937702139,0.13611049950122833
tgn,validation,2023-11,country_vn,country_jp,0.4463682484024546,0.1537860631942749
tgn,validation,2023-11,country_vn,country_kr,0.12533661252111916,0.14187633991241455
tgn,validation,2023-11,country_vn,country_mx,-0.16787569987704956,0.22000956535339355
tgn,validation,2023-11,country_vn,country_my,-0.504512753610974,0.19671988487243652
tgn,validation,2023-11,country_vn,country_ph,0.15130974952871235,0.09372386336326599
tgn,validation,2023-11,country_vn,country_sg,0.5194237706235058,0.10760430991649628
tgn,validation,2023-11,country_vn,country_th,0.30138903810487083,0.1939297914505005
tgn,validation,2023-11,country_vn,country_us,0.05854377289134529,0.20692193508148193
tgn,validation,2023-12,country_203,country_344,-0.3610911785715306,0.007404901087284088
tgn,validation,2023-12,country_203,country_372,0.9260751663823273,0.003252267837524414
tgn,validation,2023-12,country_203,country_380,0.05739303889082146,0.10581937432289124
tgn,validation,2023-12,country_203,country_cn,-0.08971806654220864,0.02904573082923889
tgn,validation,2023-12,country_203,country_de,-0.2889437548832369,0.02558109164237976
tgn,validation,2023-12,country_203,country_fr,0.12164378778218718,0.021076947450637817
tgn,validation,2023-12,country_203,country_gb,0.09376024079035716,0.03169667720794678
tgn,validation,2023-12,country_203,country_in,-0.6603585179950594,0.014039985835552216
tgn,validation,2023-12,country_203,country_jp,0.5064795568897797,0.020596370100975037
tgn,validation,2023-12,country_203,country_kr,0.38039545431381544,-0.011600852012634277
tgn,validation,2023-12,country_203,country_mx,-0.0007511113232711044,-0.011552110314369202
tgn,validation,2023-12,country_203,country_my,-0.7335066827600654,0.06283751130104065
tgn,validation,2023-12,country_203,country_ph,0.276916272178729,0.03255589306354523
tgn,validation,2023-12,country_203,country_sg,-0.23993551536151644,0.03925630450248718
tgn,validation,2023-12,country_203,country_th,-0.3654866587376864,0.012922689318656921
tgn,validation,2023-12,country_203,country_us,-0.3317897562100049,0.07925677299499512
tgn,validation,2023-12,country_344,country_203,-0.31293238367883974,0.01954461634159088
tgn,validation,2023-12,country_344,country_372,-0.5022482060170548,0.007463701069355011
tgn,validation,2023-12,country_344,country_380,-0.45124243417739557,0.1015738993883133
tgn,validation,2023-12,country_344,country_cn,-0.46042137977081693,0.05218839645385742
tgn,validation,2023-12,country_344,country_de,-0.43191006042968066,-0.03237435966730118
tgn,validation,2023-12,country_344,country_fr,-0.015007417017545675,-0.03913881629705429
tgn,validation,2023-12,country_344,country_gb,-0.16426601445984584,0.07208117842674255
tgn,validation,2023-12,country_344,country_in,0.165171072222632,0.19453316926956177
tgn,validation,2023-12,country_344,country_jp,-0.6747164350966152,0.05390274524688721
tgn,validation,2023-12,country_344,country_kr,0.6715214044568558,0.022523894906044006
tgn,validation,2023-12,country_344,country_mx,-0.20570556742059085,-0.044177427887916565
tgn,validation,2023-12,country_344,country_my,1.1183619419887838,0.09897512197494507
tgn,validation,2023-12,country_344,country_ph,0.0682442076651772,0.090083047747612
tgn,validation,2023-12,country_344,country_sg,0.2438666154332054,0.0501343309879303
tgn,validation,2023-12,country_344,country_th,3.1141103897589524,0.037912994623184204
tgn,validation,2023-12,country_344,country_us,-0.7125742043359763,0.18360775709152222
tgn,validation,2023-12,country_372,country_203,-0.24376380503607717,-0.0014574527740478516
tgn,validation,2023-12,country_372,country_344,-0.702705774363794,0.012846022844314575
tgn,validation,2023-12,country_372,country_380,-0.5859044555398863,0.11342987418174744
tgn,validation,2023-12,country_372,country_cn,0.1916885920462531,0.040728747844696045
tgn,validation,2023-12,country_372,country_de,-0.5795688776069366,0.04048529267311096
tgn,validation,2023-12,country_372,country_fr,-0.206896105919247,0.026787549257278442
tgn,validation,2023-12,country_372,country_gb,-0.5781826756282389,0.041621506214141846
tgn,validation,2023-12,country_372,country_in,-0.15286981830853583,0.05496032536029816
tgn,validation,2023-12,country_372,country_jp,-0.16134078064958976,0.04021050035953522
tgn,validation,2023-12,country_372,country_kr,-0.646071548920192,0.0027251988649368286
tgn,validation,2023-12,country_372,country_mx,24.129482467615293,0.009423822164535522
tgn,validation,2023-12,country_372,country_my,0.3795797053581526,0.07442662119865417
tgn,validation,2023-12,country_372,country_ph,-0.46010395150621497,0.05753511190414429
tgn,validation,2023-12,country_372,country_sg,-0.42277845740970926,0.04538935422897339
tgn,validation,2023-12,country_372,country_th,11.946704237921818,0.032088130712509155
tgn,validation,2023-12,country_372,country_us,0.05381681417368223,0.10163268446922302
tgn,validation,2023-12,country_380,country_203,-0.017816630872077195,0.07484462857246399
tgn,validation,2023-12,country_380,country_344,-0.025179146030845145,0.13113678991794586
tgn,validation,2023-12,country_380,country_372,-0.22857106875007005,0.08139300346374512
tgn,validation,2023-12,country_380,country_cn,0.2611860549056885,-0.11699523031711578
tgn,validation,2023-12,country_380,country_de,-0.06036226388113926,-0.04752112179994583
tgn,validation,2023-12,country_380,country_fr,0.6660227016621495,-0.09982974827289581
tgn,validation,2023-12,country_380,country_gb,-0.1205389767943313,-0.1223970428109169
tgn,validation,2023-12,country_380,country_in,-0.24509591247831003,-0.07249996811151505
tgn,validation,2023-12,country_380,country_jp,-0.07871832479790107,-0.12421164661645889
tgn,validation,2023-12,country_380,country_kr,-0.16091024466582693,-0.13640502095222473
tgn,validation,2023-12,country_380,country_mx,-0.3385648762696303,-0.07598410546779633
tgn,validation,2023-12,country_380,country_my,-0.3969171124837532,-0.11374770104885101
tgn,validation,2023-12,country_380,country_ph,0.20333251010734427,-0.12358124554157257
tgn,validation,2023-12,country_380,country_sg,0.09208579497771359,-0.11414618790149689
tgn,validation,2023-12,country_380,country_th,0.12896844304878718,-0.11035259813070297
tgn,validation,2023-12,country_380,country_us,-0.19738461884500808,-0.014112323522567749
tgn,validation,2023-12,country_50,country_344,2.830939777038268,0.062233686447143555
tgn,validation,2023-12,country_50,country_cn,0.17902862165157246,0.041783496737480164
tgn,validation,2023-12,country_50,country_de,-0.08704746184668685,-0.024786710739135742
tgn,validation,2023-12,country_50,country_jp,-0.25684375038973695,0.06179146468639374
tgn,validation,2023-12,country_50,country_sg,-0.3230583778198726,0.011406585574150085
tgn,validation,2023-12,country_50,country_us,-0.7655172413793103,0.17093369364738464
tgn,validation,2023-12,country_cn,country_203,-0.23533835739404727,-0.008491605520248413
tgn,validation,2023-12,country_cn,country_344,-0.011517300300852311,0.017893627285957336
tgn,validation,2023-12,country_cn,country_372,0.2908963447730565,-0.011150248348712921
tgn,validation,2023-12,country_cn,country_380,-0.7047042536733983,0.21382153034210205
tgn,validation,2023-12,country_cn,country_de,-0.36260956329951166,0.027579933404922485
tgn,validation,2023-12,country_cn,country_fr,-0.24565529609764164,0.039063215255737305
tgn,validation,2023-12,country_cn,country_gb,-0.5446456373119792,0.09460803866386414
tgn,validation,2023-12,country_cn,country_in,0.4789200939822015,0.24093347787857056
tgn,validation,2023-12,country_cn,country_jp,-0.0907070876453943,0.088960662484169
tgn,validation,2023-12,country_cn,country_kr,0.022584650350145254,0.0610322505235672
tgn,validation,2023-12,country_cn,country_mx,-0.22403428084567387,0.035016730427742004
tgn,validation,2023-12,country_cn,country_my,-0.01763257987664305,0.10226237773895264
tgn,validation,2023-12,country_cn,country_ph,0.32931516148544926,0.09356462955474854
tgn,validation,2023-12,country_cn,country_sg,0.03315736156586341,0.08608585596084595
tgn,validation,2023-12,country_cn,country_th,-0.01286952697841643,0.07659438252449036
tgn,validation,2023-12,country_cn,country_us,-0.28562423396573183,0.08742266893386841
tgn,validation,2023-12,country_de,country_203,0.1286704251189392,-0.03489004075527191
tgn,validation,2023-12,country_de,country_344,0.08149925229732555,0.045215457677841187
tgn,validation,2023-12,country_de,country_372,-0.04911361543985842,-0.0375116765499115
tgn,validation,2023-12,country_de,country_380,-0.12043526600456474,0.2576446533203125
tgn,validation,2023-12,country_de,country_cn,-0.08855539901420133,0.04273627698421478
tgn,validation,2023-12,country_de,country_fr,0.15066292871970724,0.008310750126838684
tgn,validation,2023-12,country_de,country_gb,-0.057358110779812836,0.09757974743843079
tgn,validation,2023-12,country_de,country_in,0.3709404183877713,0.2799014449119568
tgn,validation,2023-12,country_de,country_jp,-0.23844265917675037,0.07600732147693634
tgn,validation,2023-12,country_de,country_kr,0.26390564793231774,0.022147268056869507
tgn,validation,2023-12,country_de,country_mx,-0.016085055179141328,0.026363715529441833
tgn,validation,2023-12,country_de,country_my,-0.06296858352808309,0.07446777820587158
tgn,validation,2023-12,country_de,country_ph,0.09750250660658177,0.06691962480545044
tgn,validation,2023-12,country_de,country_sg,-0.029786518215556553,0.06266525387763977
tgn,validation,2023-12,country_de,country_th,0.20765428046992127,0.04311814904212952
tgn,validation,2023-12,country_de,country_us,0.011525454502448575,0.08208060264587402
tgn,validation,2023-12,country_fr,country_203,0.16302672683582556,-0.03797634690999985
tgn,validation,2023-12,country_fr,country_344,-0.1228025018286411,0.0036888718605041504
tgn,validation,2023-12,country_fr,country_372,-0.6818934303635129,-0.02757091075181961
tgn,validation,2023-12,country_fr,country_380,-0.15868609532364322,0.21203026175498962
tgn,validation,2023-12,country_fr,country_cn,-0.0324919636184715,0.046874791383743286
tgn,validation,2023-12,country_fr,country_de,0.21161558713418058,-0.004041694104671478
tgn,validation,2023-12,country_fr,country_gb,-0.005397936088011245,0.06705281138420105
tgn,validation,2023-12,country_fr,country_in,-0.5042663304200214,0.23359286785125732
tgn,validation,2023-12,country_fr,country_jp,-0.18212599578412617,0.05856192111968994
tgn,validation,2023-12,country_fr,country_kr,-0.07940016461991302,0.026738673448562622
tgn,validation,2023-12,country_fr,country_mx,-0.3045570531620909,0.022194474935531616
tgn,validation,2023-12,country_fr,country_my,-0.11347647122582992,0.06623020768165588
tgn,validation,2023-12,country_fr,country_ph,0.06603413150867228,0.06580311059951782
tgn,validation,2023-12,country_fr,country_sg,0.14765811431422662,0.06588616967201233
tgn,validation,2023-12,country_fr,country_th,0.4498392784942059,0.04138532280921936
tgn,validation,2023-12,country_fr,country_us,-0.2050533250582891,0.06439061462879181
tgn,validation,2023-12,country_gb,country_203,0.10530300391588827,-0.012912914156913757
tgn,validation,2023-12,country_gb,country_344,-0.19936889807566943,0.015459857881069183
tgn,validation,2023-12,country_gb,country_372,0.08527969468638044,-0.0046402812004089355
tgn,validation,2023-12,country_gb,country_380,-0.43355979993107974,0.23104679584503174
tgn,validation,2023-12,country_gb,country_cn,-0.06930281540646274,0.06826302409172058
tgn,validation,2023-12,country_gb,country_de,3.50125926081675,0.02001725137233734
tgn,validation,2023-12,country_gb,country_fr,-0.27256613926973894,0.031149238348007202
tgn,validation,2023-12,country_gb,country_in,-0.029704734788654465,0.21357005834579468
tgn,validation,2023-12,country_gb,country_jp,0.10521759925734571,0.08271223306655884
tgn,validation,2023-12,country_gb,country_kr,-0.23034571291356512,0.04801882803440094
tgn,validation,2023-12,country_gb,country_mx,-0.6725548742962643,0.04138937592506409
tgn,validation,2023-12,country_gb,country_my,-0.17568564739493092,0.10285249352455139
tgn,validation,2023-12,country_gb,country_ph,-0.226803994404978,0.09346073865890503
tgn,validation,2023-12,country_gb,country_sg,0.13612052130773614,0.08795696496963501
tgn,validation,2023-12,country_gb,country_th,-0.12220461952284636,0.06885813176631927
tgn,validation,2023-12,country_gb,country_us,-0.24748875272655874,0.09435537457466125
tgn,validation,2023-12,country_in,country_203,-0.45350442771139793,0.03531676530838013
tgn,validation,2023-12,country_in,country_344,-0.2082296636083631,0.07097965478897095
tgn,validation,2023-12,country_in,country_372,0.983969286910521,0.03706856071949005
tgn,validation,2023-12,country_in,country_380,0.1951777762345409,0.20508083701133728
tgn,validation,2023-12,country_in,country_cn,-0.1892640179652326,0.09269069135189056
tgn,validation,2023-12,country_in,country_de,0.1391188730452449,0.03630247712135315
tgn,validation,2023-12,country_in,country_fr,-0.27193901857469177,0.05135568976402283
tgn,validation,2023-12,country_in,country_gb,0.3677274848434119,0.12407776713371277
tgn,validation,2023-12,country_in,country_jp,-0.25677909991928793,0.10362257063388824
tgn,validation,2023-12,country_in,country_kr,9.519609186505027,0.06905463337898254
tgn,validation,2023-12,country_in,country_mx,-0.31282655097785766,0.061117708683013916
tgn,validation,2023-12,country_in,country_my,0.025810258291533255,0.11713293194770813
tgn,validation,2023-12,country_in,country_ph,-0.6231637437055044,0.11070892214775085
tgn,validation,2023-12,country_in,country_sg,0.5551919155992323,0.1125282347202301
tgn,validation,2023-12,country_in,country_th,0.7987648398376846,0.0913497656583786
tgn,validation,2023-12,country_in,country_us,-0.31638206033054794,0.1474338173866272
tgn,validation,2023-12,country_jp,country_203,-0.10035174968787339,-0.013163670897483826
tgn,validation,2023-12,country_jp,country_344,0.05168866750497724,0.0190773606300354
tgn,validation,2023-12,country_jp,country_372,0.04079585034420446,-0.013855263590812683
tgn,validation,2023-12,country_jp,country_380,-0.02030883845680145,0.22151005268096924
tgn,validation,2023-12,country_jp,country_cn,-0.06336812080636048,0.07415585219860077
tgn,validation,2023-12,country_jp,country_de,-0.08385783960435395,0.02635177969932556
tgn,validation,2023-12,country_jp,country_fr,-0.15631603551558515,0.03990378975868225
tgn,validation,2023-12,country_jp,country_gb,-0.1958746273331147,0.08790159225463867
tgn,validation,2023-12,country_jp,country_in,0.243971306775752,0.22323405742645264
tgn,validation,2023-12,country_jp,country_kr,0.11775243096368344,0.05607181787490845
tgn,validation,2023-12,country_jp,country_mx,-0.1132879836494945,0.04224865138530731
tgn,validation,2023-12,country_jp,country_my,-0.1732258229350245,0.10754203796386719
tgn,validation,2023-12,country_jp,country_ph,0.05031726800856224,0.09368264675140381
tgn,validation,2023-12,country_jp,country_sg,0.18780232523696663,0.08931341767311096
tgn,validation,2023-12,country_jp,country_th,-0.0749018247134434,0.07471221685409546
tgn,validation,2023-12,country_jp,country_us,-0.22553339729038924,0.09350267052650452
tgn,validation,2023-12,country_kr,country_203,0.9883979687294374,-0.0138653963804245
tgn,validation,2023-12,country_kr,country_344,0.248343686737623,0.0217282772064209
tgn,validation,2023-12,country_kr,country_372,-0.3348946905617306,-0.02378743886947632
tgn,validation,2023-12,country_kr,country_380,0.19593837115768944,0.2312697172164917
tgn,validation,2023-12,country_kr,country_cn,0.16270544568472323,0.08901035785675049
tgn,validation,2023-12,country_kr,country_de,-0.13890941132195475,0.0368809700012207
tgn,validation,2023-12,country_kr,country_fr,0.16124190073426223,0.04766726493835449
tgn,validation,2023-12,country_kr,country_gb,-0.07077721189527719,0.10138347744941711
tgn,validation,2023-12,country_kr,country_in,0.3850975617886723,0.2774161100387573
tgn,validation,2023-12,country_kr,country_jp,0.05210644196887849,0.09671273827552795
tgn,validation,2023-12,country_kr,country_mx,-0.24871366909069798,0.0504174530506134
tgn,validation,2023-12,country_kr,country_my,-0.21011933465200258,0.11195802688598633
tgn,validation,2023-12,country_kr,country_ph,0.016564222832569978,0.10234379768371582
tgn,validation,2023-12,country_kr,country_th,0.6114570950574105,0.08076247572898865
tgn,validation,2023-12,country_kr,country_us,-0.29201850674625185,0.11150692403316498
tgn,validation,2023-12,country_mx,country_203,-0.6510982946896923,-0.01596333086490631
tgn,validation,2023-12,country_mx,country_344,0.11093842128597162,0.03081756830215454
tgn,validation,2023-12,country_mx,country_372,0.04032204718639912,-0.019575849175453186
tgn,validation,2023-12,country_mx,country_380,0.241873865562246,0.2520711421966553
tgn,validation,2023-12,country_mx,country_cn,-0.16135413358938439,0.08711527287960052
tgn,validation,2023-12,country_mx,country_de,-0.4207624435474247,0.026172608137130737
tgn,validation,2023-12,country_mx,country_fr,0.036486701972930795,0.03505292534828186
tgn,validation,2023-12,country_mx,country_gb,-0.24489222550291678,0.10049688816070557
tgn,validation,2023-12,country_mx,country_in,0.7420424957767713,0.31659746170043945
tgn,validation,2023-12,country_mx,country_jp,-0.5153235715758498,0.09453783929347992
tgn,validation,2023-12,country_mx,country_kr,-0.2698115214222451,0.06324073672294617
tgn,validation,2023-12,country_mx,country_my,-0.3302976900409348,0.10292527079582214
tgn,validation,2023-12,country_mx,country_ph,-0.45983541667689654,0.09839802980422974
tgn,validation,2023-12,country_mx,country_sg,0.5021326812087432,0.09929877519607544
tgn,validation,2023-12,country_mx,country_th,-0.32447679636679283,0.08495104312896729
tgn,validation,2023-12,country_mx,country_us,-0.04801330024629783,0.11586818099021912
tgn,validation,2023-12,country_my,country_203,0.3630218049200836,0.010287612676620483
tgn,validation,2023-12,country_my,country_344,-0.024601583781620355,0.04332199692726135
tgn,validation,2023-12,country_my,country_372,0.18047341610893122,0.005205772817134857
tgn,validation,2023-12,country_my,country_380,-0.19191826648150073,0.25481051206588745
tgn,validation,2023-12,country_my,country_cn,-0.1550780053617128,0.10517895221710205
tgn,validation,2023-12,country_my,country_de,0.0025147337785558846,0.05482253432273865
tgn,validation,2023-12,country_my,country_fr,-0.22856031038667773,0.06883522868156433
tgn,validation,2023-12,country_my,country_gb,-0.06785053509746468,0.11885479092597961
tgn,validation,2023-12,country_my,country_in,-0.18282118905577785,0.277426153421402
tgn,validation,2023-12,country_my,country_jp,0.014779891474702777,0.1142522543668747
tgn,validation,2023-12,country_my,country_kr,0.0708935889618049,0.08313657343387604
tgn,validation,2023-12,country_my,country_mx,-0.23002089637037812,0.07157443463802338
tgn,validation,2023-12,country_my,country_ph,-0.19680096940681427,0.11926177144050598
tgn,validation,2023-12,country_my,country_sg,0.01186758283622982,0.12017273902893066
tgn,validation,2023-12,country_my,country_th,-0.09061244244442251,0.10200786590576172
tgn,validation,2023-12,country_my,country_us,-0.14418836466558627,0.13237148523330688
tgn,validation,2023-12,country_ph,country_203,-0.044861417269524945,-0.00017415732145309448
tgn,validation,2023-12,country_ph,country_344,-0.29551790701627384,0.03537990152835846
tgn,validation,2023-12,country_ph,country_372,1.3055909480435333,0.006248220801353455
tgn,validation,2023-12,country_ph,country_380,2.726283677015781,0.24612799286842346
tgn,validation,2023-12,country_ph,country_cn,-0.11384957374147452,0.09370358288288116
tgn,validation,2023-12,country_ph,country_de,-0.15002279623893572,0.04770149290561676
tgn,validation,2023-12,country_ph,country_fr,-0.11798432476286055,0.06409336626529694
tgn,validation,2023-12,country_ph,country_gb,-0.20768999195557805,0.11209443211555481
tgn,validation,2023-12,country_ph,country_in,-0.07377128426591575,0.26349902153015137
tgn,validation,2023-12,country_ph,country_jp,-0.11829366971936113,0.11016099154949188
tgn,validation,2023-12,country_ph,country_kr,0.2455603985669357,0.07452541589736938
tgn,validation,2023-12,country_ph,country_mx,-0.25898356077621637,0.06390230357646942
tgn,validation,2023-12,country_ph,country_my,0.12706685114666458,0.12151727080345154
tgn,validation,2023-12,country_ph,country_sg,-0.33661430248683427,0.10972064733505249
tgn,validation,2023-12,country_ph,country_th,0.1231994628507611,0.0930834412574768
tgn,validation,2023-12,country_ph,country_us,-0.2582696231790143,0.11155083775520325
tgn,validation,2023-12,country_sg,country_203,-0.5051467915291918,-0.005416795611381531
tgn,validation,2023-12,country_sg,country_344,0.07546886894293506,0.04092378914356232
tgn,validation,2023-12,country_sg,country_372,-0.17075520346947007,-0.00621313601732254
tgn,validation,2023-12,country_sg,country_380,0.4472063804330114,0.2439897358417511
tgn,validation,2023-12,country_sg,country_cn,0.011212728733252708,0.09477871656417847
tgn,validation,2023-12,country_sg,country_de,0.45591391131406317,0.043136417865753174
tgn,validation,2023-12,country_sg,country_fr,0.17373230767025838,0.05595627427101135
tgn,validation,2023-12,country_sg,country_gb,-0.1853486285283121,0.11460204422473907
tgn,validation,2023-12,country_sg,country_in,0.2670618467685637,0.28264421224594116
tgn,validation,2023-12,country_sg,country_jp,-0.022413600053277825,0.10772152245044708
tgn,validation,2023-12,country_sg,country_kr,0.1635734086578584,0.07696935534477234
tgn,validation,2023-12,country_sg,country_mx,0.03318579617907807,0.06665244698524475
tgn,validation,2023-12,country_sg,country_my,0.137192269422924,0.13099905848503113
tgn,validation,2023-12,country_sg,country_ph,-0.07207483603882954,0.11638948321342468
tgn,validation,2023-12,country_sg,country_th,-0.004151021169119934,0.09516443312168121
tgn,validation,2023-12,country_sg,country_us,-0.4350393544573947,0.11733408272266388
tgn,validation,2023-12,country_th,country_203,-0.348263915414789,-0.009872637689113617
tgn,validation,2023-12,country_th,country_344,-0.1655294700552173,0.02124476432800293
tgn,validation,2023-12,country_th,country_372,-0.26696396119369303,-0.01258094608783722
tgn,validation,2023-12,country_th,country_380,-0.047807523872209455,0.22916197776794434
tgn,validation,2023-12,country_th,country_cn,-0.14741057281381661,0.08377084136009216
tgn,validation,2023-12,country_th,country_de,-0.09775587383925695,0.03406509757041931
tgn,validation,2023-12,country_th,country_fr,0.00909345739486602,0.04410037398338318
tgn,validation,2023-12,country_th,country_gb,-0.3125065806586635,0.09788200259208679
tgn,validation,2023-12,country_th,country_in,0.2295544119183985,0.24757838249206543
tgn,validation,2023-12,country_th,country_jp,0.14626470294189084,0.09074170887470245
tgn,validation,2023-12,country_th,country_kr,0.1913657451186632,0.061361879110336304
tgn,validation,2023-12,country_th,country_mx,-0.21256896195439912,0.04972931742668152
tgn,validation,2023-12,country_th,country_my,-0.037935788413006356,0.11240129172801971
tgn,validation,2023-12,country_th,country_ph,-0.19232288749528198,0.09729388356208801
tgn,validation,2023-12,country_th,country_sg,-0.37403350415002057,0.09503747522830963
tgn,validation,2023-12,country_th,country_us,0.08367581979627393,0.1111350953578949
tgn,validation,2023-12,country_tw,country_203,-0.036350230608563856,-0.02877023071050644
tgn,validation,2023-12,country_tw,country_344,-0.22057796332554463,0.008719101548194885
tgn,validation,2023-12,country_tw,country_372,-0.31515708896125266,-0.02243185043334961
tgn,validation,2023-12,country_tw,country_380,-0.11135170048826859,0.21740931272506714
tgn,validation,2023-12,country_tw,country_cn,-0.004139691663410266,0.07279834151268005
tgn,validation,2023-12,country_tw,country_de,0.037752967612625005,0.020716339349746704
tgn,validation,2023-12,country_tw,country_fr,-0.18247402675955324,0.030592650175094604
tgn,validation,2023-12,country_tw,country_gb,0.5376996277200824,0.0797385424375534
tgn,validation,2023-12,country_tw,country_in,0.7079202251899406,0.24973466992378235
tgn,validation,2023-12,country_tw,country_jp,-0.3799792891982482,0.08788017928600311
tgn,validation,2023-12,country_tw,country_kr,0.06404868182280068,0.049870699644088745
tgn,validation,2023-12,country_tw,country_mx,-0.014935833395604127,0.031190022826194763
tgn,validation,2023-12,country_tw,country_my,-0.12737494596260363,0.10035055875778198
tgn,validation,2023-12,country_tw,country_ph,-0.3622952116282301,0.08743666112422943
tgn,validation,2023-12,country_tw,country_sg,0.07529070007157782,0.08680930733680725
tgn,validation,2023-12,country_tw,country_th,0.7150528482959964,0.0682462602853775
tgn,validation,2023-12,country_tw,country_us,0.13919685784923008,0.08601900935173035
tgn,validation,2023-12,country_us,country_203,-0.2751404942357762,-0.07140173017978668
tgn,validation,2023-12,country_us,country_344,0.4856050980082252,-0.02792564034461975
tgn,validation,2023-12,country_us,country_372,-0.36867050907805965,-0.07541167736053467
tgn,validation,2023-12,country_us,country_380,0.4871175752374214,0.08396404981613159
tgn,validation,2023-12,country_us,country_cn,0.09830273443567825,-0.077877476811409
tgn,validation,2023-12,country_us,country_de,-0.4163823390438685,-0.11370758712291718
tgn,validation,2023-12,country_us,country_fr,0.0047454275096017,-0.10782044380903244
tgn,validation,2023-12,country_us,country_gb,-0.04203885752496079,-0.06426927447319031
tgn,validation,2023-12,country_us,country_in,-0.1074680406263901,0.02227267622947693
tgn,validation,2023-12,country_us,country_jp,-0.09658136247806434,-0.06270220875740051
tgn,validation,2023-12,country_us,country_kr,0.11384142085264516,-0.10049694776535034
tgn,validation,2023-12,country_us,country_mx,0.05415545356686144,-0.11981141567230225
tgn,validation,2023-12,country_us,country_my,0.04444704280792918,-0.0379597470164299
tgn,validation,2023-12,country_us,country_ph,-0.06495876691802988,-0.05645456910133362
tgn,validation,2023-12,country_us,country_sg,-0.26772363338026345,-0.06448254734277725
tgn,validation,2023-12,country_us,country_th,0.02044020869902014,-0.08042079210281372
tgn,validation,2023-12,country_vn,country_203,1.6332376262276789,0.011530064046382904
tgn,validation,2023-12,country_vn,country_344,-0.277205872968218,0.041960760951042175
tgn,validation,2023-12,country_vn,country_372,6.217016806560717,0.0043205395340919495
tgn,validation,2023-12,country_vn,country_380,0.3249283040364046,0.24535799026489258
tgn,validation,2023-12,country_vn,country_cn,-0.23053972716926263,0.10389575362205505
tgn,validation,2023-12,country_vn,country_de,-0.30935319360299873,0.05355513095855713
tgn,validation,2023-12,country_vn,country_fr,0.4841292069480319,0.0575205534696579
tgn,validation,2023-12,country_vn,country_gb,0.04044508899811463,0.11459888517856598
tgn,validation,2023-12,country_vn,country_in,0.30945382687177747,0.24604007601737976
tgn,validation,2023-12,country_vn,country_jp,0.01104038117775214,0.10372698307037354
tgn,validation,2023-12,country_vn,country_kr,0.015039476697957126,0.0816432535648346
tgn,validation,2023-12,country_vn,country_mx,-0.01822680981226993,0.06815382838249207
tgn,validation,2023-12,country_vn,country_my,-0.5243840115713059,0.12645262479782104
tgn,validation,2023-12,country_vn,country_ph,-0.7534135301047932,0.10451757907867432
tgn,validation,2023-12,country_vn,country_sg,0.26612932257995836,0.1100296676158905
tgn,validation,2023-12,country_vn,country_th,0.0035363111396788495,0.09514178335666656
tgn,validation,2023-12,country_vn,country_us,0.022285354232588213,0.13189810514450073
tgn,test,2024-01,country_203,country_344,-0.5289158371416232,-0.02267831563949585
tgn,test,2024-01,country_203,country_372,-0.5358834521552983,0.09251213073730469
tgn,test,2024-01,country_203,country_380,-0.42074433858226246,0.10055111348628998
tgn,test,2024-01,country_203,country_cn,0.19430608571829439,0.05440180003643036
tgn,test,2024-01,country_203,country_de,-0.36906456461783327,0.15613994002342224
tgn,test,2024-01,country_203,country_fr,-0.15523067684170905,0.1883789300918579
tgn,test,2024-01,country_203,country_gb,0.4732484591836027,0.28347542881965637
tgn,test,2024-01,country_203,country_in,-0.02015907903264943,0.5962830185890198
tgn,test,2024-01,country_203,country_jp,0.12353741216986318,0.11510306596755981
tgn,test,2024-01,country_203,country_kr,-0.5576954774005767,0.1728280782699585
tgn,test,2024-01,country_203,country_mx,-0.6810552862443666,0.07013598084449768
tgn,test,2024-01,country_203,country_my,-0.6648052681631759,0.14309567213058472
tgn,test,2024-01,country_203,country_ph,-0.23657384475674406,0.12261715531349182
tgn,test,2024-01,country_203,country_sg,-0.16958187193769284,0.4250090718269348
tgn,test,2024-01,country_203,country_th,-0.626737690671492,0.5097443461418152
tgn,test,2024-01,country_203,country_us,0.07187315651975007,0.3300071358680725
tgn,test,2024-01,country_344,country_203,3.2875874591797936,0.010493174195289612
tgn,test,2024-01,country_344,country_372,-0.5390081068353312,0.005768999457359314
tgn,test,2024-01,country_344,country_380,-0.5874079498642062,0.006309390068054199
tgn,test,2024-01,country_344,country_cn,-0.17209772007590202,0.08046022057533264
tgn,test,2024-01,country_344,country_de,-0.5476891728705867,0.09702098369598389
tgn,test,2024-01,country_344,country_fr,0.37330728013841313,0.08222785592079163
tgn,test,2024-01,country_344,country_gb,-0.4350435693420622,0.18384361267089844
tgn,test,2024-01,country_344,country_in,0.9282685517105194,0.49002259969711304
tgn,test,2024-01,country_344,country_jp,-0.36688299934173624,0.11115716397762299
tgn,test,2024-01,country_344,country_kr,0.39938218698047595,0.09252879023551941
tgn,test,2024-01,country_344,country_mx,-0.42183565097702996,0.07818996906280518
tgn,test,2024-01,country_344,country_my,0.37026750999522134,0.11705264449119568
tgn,test,2024-01,country_344,country_ph,-0.2875107981273398,0.0820688009262085
tgn,test,2024-01,country_344,country_sg,-0.5881442157287894,0.30634069442749023
tgn,test,2024-01,country_344,country_th,-0.41273978904870606,0.39436793327331543
tgn,test,2024-01,country_344,country_us,-0.35714469867500537,0.2288203239440918
tgn,test,2024-01,country_372,country_203,0.04842378012189394,0.08247461915016174
tgn,test,2024-01,country_372,country_344,2.973214550639697,-0.013716533780097961
tgn,test,2024-01,country_372,country_380,0.08556517826525376,0.06936222314834595
tgn,test,2024-01,country_372,country_cn,0.0376262133786627,0.09159830212593079
tgn,test,2024-01,country_372,country_de,-0.6604226327619179,0.15890997648239136
tgn,test,2024-01,country_372,country_fr,-0.4329181282894544,0.16631218791007996
tgn,test,2024-01,country_372,country_gb,-0.05093563072192403,0.2637583315372467
tgn,test,2024-01,country_372,country_in,0.635714785371378,0.5745946764945984
tgn,test,2024-01,country_372,country_jp,-0.2859611448902651,0.11761882901191711
tgn,test,2024-01,country_372,country_kr,-0.5375093824633231,0.14683711528778076
tgn,test,2024-01,country_372,country_mx,77.67955825687665,0.09854280948638916
tgn,test,2024-01,country_372,country_my,0.1742212384123752,0.1633758544921875
tgn,test,2024-01,country_372,country_ph,-0.23950237373524888,0.12085667252540588
tgn,test,2024-01,country_372,country_sg,-0.4221313563793407,0.38328999280929565
tgn,test,2024-01,country_372,country_th,23.544429736486762,0.48750823736190796
tgn,test,2024-01,country_372,country_us,-0.20424149852268278,0.3205254077911377
tgn,test,2024-01,country_380,country_203,-0.014032401310752458,0.08885365724563599
tgn,test,2024-01,country_380,country_344,0.26466085392172434,0.0030533596873283386
tgn,test,2024-01,country_380,country_372,-0.3950755471844888,0.08231484889984131
tgn,test,2024-01,country_380,country_cn,0.015782662065434203,0.07850119471549988
tgn,test,2024-01,country_380,country_de,0.39462589595120195,0.17333149909973145
tgn,test,2024-01,country_380,country_fr,-0.25766626967672657,0.18776974081993103
tgn,test,2024-01,country_380,country_gb,0.09799232096814192,0.27593713998794556
tgn,test,2024-01,country_380,country_in,1.8927490083094265,0.5862702131271362
tgn,test,2024-01,country_380,country_jp,0.5267016273015611,0.12344133853912354
tgn,test,2024-01,country_380,country_kr,-0.14278097446467422,0.16573166847229004
tgn,test,2024-01,country_380,country_mx,0.1125500746569994,0.08378912508487701
tgn,test,2024-01,country_380,country_my,-0.1657433524720395,0.169971764087677
tgn,test,2024-01,country_380,country_ph,0.43909511101679244,0.13693058490753174
tgn,test,2024-01,country_380,country_sg,0.04374324695485723,0.42283499240875244
tgn,test,2024-01,country_380,country_th,-0.1575847642801785,0.5012313723564148
tgn,test,2024-01,country_380,country_us,-0.023379300133128895,0.3282778263092041
tgn,test,2024-01,country_50,country_344,1.5739558846307955,-0.10758741199970245
tgn,test,2024-01,country_50,country_cn,-0.9857492763304386,-0.1044028028845787
tgn,test,2024-01,country_50,country_de,-0.9664793582873294,-0.025302276015281677
tgn,test,2024-01,country_50,country_fr,-0.5195661694618336,0.004431478679180145
tgn,test,2024-01,country_50,country_jp,-0.7537338529273894,-0.01084206998348236
tgn,test,2024-01,country_50,country_sg,-0.009575142675967013,0.28969767689704895
tgn,test,2024-01,country_50,country_us,-0.098471152773128,0.2477850317955017
tgn,test,2024-01,country_cn,country_203,-0.1761058046797228,0.0309104323387146
tgn,test,2024-01,country_cn,country_344,-0.2402073808372862,0.010270029306411743
tgn,test,2024-01,country_cn,country_372,-0.5600084799088997,0.025990277528762817
tgn,test,2024-01,country_cn,country_380,-0.6279287804354995,0.02697913348674774
tgn,test,2024-01,country_cn,country_de,-0.39704554688568444,0.139629065990448
tgn,test,2024-01,country_cn,country_fr,-0.3043053148796187,0.17178568243980408
tgn,test,2024-01,country_cn,country_gb,-0.26070036598332363,0.31095588207244873
tgn,test,2024-01,country_cn,country_in,0.06907744008520385,0.6036101579666138
tgn,test,2024-01,country_cn,country_jp,-0.2255139397565158,0.14794355630874634
tgn,test,2024-01,country_cn,country_kr,0.05084854073132563,0.17867985367774963
tgn,test,2024-01,country_cn,country_mx,-0.25246302631129613,0.097758948802948
tgn,test,2024-01,country_cn,country_my,-0.17088731581089736,0.138242706656456
tgn,test,2024-01,country_cn,country_ph,0.37153380920456097,0.11374711990356445
tgn,test,2024-01,country_cn,country_sg,-0.13551263968280794,0.4513413906097412
tgn,test,2024-01,country_cn,country_th,-0.022652676798815,0.5395902991294861
tgn,test,2024-01,country_cn,country_us,-0.334433759090969,0.22529816627502441
tgn,test,2024-01,country_de,country_203,-0.12293257003608352,0.04659608006477356
tgn,test,2024-01,country_de,country_344,-0.11506274151444021,0.0208999365568161
tgn,test,2024-01,country_de,country_372,0.17760940975530065,0.03721863031387329
tgn,test,2024-01,country_de,country_380,-0.05794822535434658,0.048202842473983765
tgn,test,2024-01,country_de,country_cn,-0.09647655087160471,0.09687228500843048
tgn,test,2024-01,country_de,country_fr,-0.11024600828710496,0.16434073448181152
tgn,test,2024-01,country_de,country_gb,0.08301904872011812,0.2632591128349304
tgn,test,2024-01,country_de,country_in,0.02858662323969904,0.5576364398002625
tgn,test,2024-01,country_de,country_jp,-0.08311405113892967,0.16605085134506226
tgn,test,2024-01,country_de,country_kr,0.15559887495105698,0.15469223260879517
tgn,test,2024-01,country_de,country_mx,0.07405562870390663,0.11616528034210205
tgn,test,2024-01,country_de,country_my,-0.12858379636193,0.149204283952713
tgn,test,2024-01,country_de,country_ph,-0.0512004912129152,0.11948093771934509
tgn,test,2024-01,country_de,country_sg,-0.24144221123824722,0.4111652970314026
tgn,test,2024-01,country_de,country_th,-0.16975388545956294,0.4840356111526489
tgn,test,2024-01,country_de,country_us,-0.06438688152154241,0.236674964427948
tgn,test,2024-01,country_fr,country_203,-0.1844418109781103,0.039537906646728516
tgn,test,2024-01,country_fr,country_344,0.00193379669752262,0.019604310393333435
tgn,test,2024-01,country_fr,country_372,-0.7066331958936826,0.03506135940551758
tgn,test,2024-01,country_fr,country_380,-0.20045290478422748,0.04653036594390869
tgn,test,2024-01,country_fr,country_cn,-0.22877128651817646,0.08938966691493988
tgn,test,2024-01,country_fr,country_de,-0.06839006800337308,0.13402333855628967
tgn,test,2024-01,country_fr,country_gb,-0.10121408940263159,0.23027214407920837
tgn,test,2024-01,country_fr,country_in,0.08718255114519714,0.5253685116767883
tgn,test,2024-01,country_fr,country_jp,-0.3016227634732951,0.1442001461982727
tgn,test,2024-01,country_fr,country_kr,-0.051361276318516065,0.14407944679260254
tgn,test,2024-01,country_fr,country_mx,1.0490368145994227,0.10820573568344116
tgn,test,2024-01,country_fr,country_my,0.032325942465631446,0.13292044401168823
tgn,test,2024-01,country_fr,country_ph,0.22051744922850622,0.11033719778060913
tgn,test,2024-01,country_fr,country_sg,-0.21267817896556349,0.3809749484062195
tgn,test,2024-01,country_fr,country_th,0.369834269348396,0.43873780965805054
tgn,test,2024-01,country_fr,country_us,-0.25016435294679495,0.23364979028701782
tgn,test,2024-01,country_gb,country_203,0.5530106218619546,0.09830406308174133
tgn,test,2024-01,country_gb,country_344,-0.322338871625758,0.06304526329040527
tgn,test,2024-01,country_gb,country_372,-0.024603747467801515,0.09712940454483032
tgn,test,2024-01,country_gb,country_380,0.12793841217484272,0.09199592471122742
tgn,test,2024-01,country_gb,country_cn,0.018875560758195978,0.09678903222084045
tgn,test,2024-01,country_gb,country_de,1.7938538178801802,0.15548545122146606
tgn,test,2024-01,country_gb,country_fr,0.1773073791798269,0.17154675722122192
tgn,test,2024-01,country_gb,country_in,0.34038517989342404,0.5696225166320801
tgn,test,2024-01,country_gb,country_jp,-0.24417051823162114,0.15625813603401184
tgn,test,2024-01,country_gb,country_kr,0.02543871656833476,0.1708512008190155
tgn,test,2024-01,country_gb,country_mx,-0.5548355812828151,0.1268276870250702
tgn,test,2024-01,country_gb,country_my,-0.09835748588367992,0.1614382266998291
tgn,test,2024-01,country_gb,country_ph,-0.05550168889265008,0.13298264145851135
tgn,test,2024-01,country_gb,country_sg,-0.1751921839956849,0.4127150774002075
tgn,test,2024-01,country_gb,country_th,0.4561359592121243,0.48051971197128296
tgn,test,2024-01,country_gb,country_us,-0.29681411955696285,0.3070552349090576
tgn,test,2024-01,country_in,country_203,0.24601874183036618,0.23563307523727417
tgn,test,2024-01,country_in,country_344,1.425085424239634,0.20425266027450562
tgn,test,2024-01,country_in,country_372,0.3451953541864361,0.23612192273139954
tgn,test,2024-01,country_in,country_380,-0.5396017730086587,0.234857439994812
tgn,test,2024-01,country_in,country_cn,-0.2878188477817651,0.18027934432029724
tgn,test,2024-01,country_in,country_de,-0.0467731115261656,0.22624391317367554
tgn,test,2024-01,country_in,country_fr,-0.18192001709989608,0.2601085305213928
tgn,test,2024-01,country_in,country_gb,0.5760145062998782,0.3556244969367981
tgn,test,2024-01,country_in,country_jp,0.38616956374544964,0.22601968050003052
tgn,test,2024-01,country_in,country_kr,19.59015466028185,0.2731524705886841
tgn,test,2024-01,country_in,country_mx,-0.14369967580496193,0.1979771852493286
tgn,test,2024-01,country_in,country_my,-0.5899856736421267,0.23520135879516602
tgn,test,2024-01,country_in,country_ph,0.8535509637089772,0.2031695544719696
tgn,test,2024-01,country_in,country_sg,1.641172106304329,0.48464900255203247
tgn,test,2024-01,country_in,country_th,-0.7739573781870773,0.5803470015525818
tgn,test,2024-01,country_in,country_us,-0.46458931272793286,0.4518738389015198
tgn,test,2024-01,country_jp,country_203,-0.29471166959675626,0.059046611189842224
tgn,test,2024-01,country_jp,country_344,-0.00379525725886104,-0.024967752397060394
tgn,test,2024-01,country_jp,country_372,0.7796943968381504,0.043580591678619385
tgn,test,2024-01,country_jp,country_380,-0.1437173531694468,0.04712545871734619
tgn,test,2024-01,country_jp,country_cn,-0.22500120709774377,0.029866784811019897
tgn,test,2024-01,country_jp,country_de,-0.16475193152701065,0.07168146967887878
tgn,test,2024-01,country_jp,country_fr,-0.26601271915155555,0.10667687654495239
tgn,test,2024-01,country_jp,country_gb,-0.26124102727717596,0.22622668743133545
tgn,test,2024-01,country_jp,country_in,-0.03468606857046625,0.5619818568229675
tgn,test,2024-01,country_jp,country_kr,-0.1406660900231205,0.11150914430618286
tgn,test,2024-01,country_jp,country_mx,0.0623734357625516,0.046046182513237
tgn,test,2024-01,country_jp,country_my,0.03665834816489646,0.08906717598438263
tgn,test,2024-01,country_jp,country_ph,-0.00878165080817738,0.05453997850418091
tgn,test,2024-01,country_jp,country_sg,-0.23256271980627466,0.3826639652252197
tgn,test,2024-01,country_jp,country_th,-0.10718667355859743,0.4708184003829956
tgn,test,2024-01,country_jp,country_us,-0.04374456389425883,0.19782552123069763
tgn,test,2024-01,country_kr,country_203,1.293575725831738,0.0678141713142395
tgn,test,2024-01,country_kr,country_344,0.2428446601521921,0.05729612708091736
tgn,test,2024-01,country_kr,country_372,-0.07794260461146515,0.05397540330886841
tgn,test,2024-01,country_kr,country_380,-0.17395792719399697,0.05966721475124359
tgn,test,2024-01,country_kr,country_cn,-0.038383862054207615,0.1270502209663391
tgn,test,2024-01,country_kr,country_de,-0.2629283278201868,0.1619623899459839
tgn,test,2024-01,country_kr,country_fr,-0.22654481139154678,0.1856493353843689
tgn,test,2024-01,country_kr,country_gb,-0.10499033707060944,0.2684001922607422
tgn,test,2024-01,country_kr,country_in,0.43436305953838356,0.603135883808136
tgn,test,2024-01,country_kr,country_jp,-0.3594958019857351,0.1731070876121521
tgn,test,2024-01,country_kr,country_mx,-0.02111854019542016,0.1345404088497162
tgn,test,2024-01,country_kr,country_my,0.25835585855446597,0.1751195788383484
tgn,test,2024-01,country_kr,country_ph,-0.1174594184217666,0.14454612135887146
tgn,test,2024-01,country_kr,country_sg,0.06178329740904784,0.43327027559280396
tgn,test,2024-01,country_kr,country_th,0.014568037464465257,0.5101943612098694
tgn,test,2024-01,country_kr,country_us,-0.25309867768297506,0.28425776958465576
tgn,test,2024-01,country_mx,country_203,-0.17590995140004012,0.039298415184020996
tgn,test,2024-01,country_mx,country_344,-0.37545678932383636,0.018527358770370483
tgn,test,2024-01,country_mx,country_372,0.2926229300979963,0.03077542781829834
tgn,test,2024-01,country_mx,country_380,-0.2668976957696536,0.03688707947731018
tgn,test,2024-01,country_mx,country_cn,-0.21678068190682476,0.10586026310920715
tgn,test,2024-01,country_mx,country_de,-0.35222458597800504,0.14714393019676208
tgn,test,2024-01,country_mx,country_fr,0.010050958749129821,0.16152390837669373
tgn,test,2024-01,country_mx,country_gb,-0.49322702810402164,0.3047869801521301
tgn,test,2024-01,country_mx,country_in,0.9600628405722312,0.6187869906425476
tgn,test,2024-01,country_mx,country_jp,-0.5582968925338919,0.18661636114120483
tgn,test,2024-01,country_mx,country_kr,-0.0030521344262566274,0.17279624938964844
tgn,test,2024-01,country_mx,country_my,6.693045855244677,0.1495370864868164
tgn,test,2024-01,country_mx,country_ph,-0.1429969703268806,0.1208888590335846
tgn,test,2024-01,country_mx,country_sg,-0.3115979891501039,0.4554137587547302
tgn,test,2024-01,country_mx,country_th,1.427862035496376,0.5257260203361511
tgn,test,2024-01,country_mx,country_us,-0.19628909070678077,0.26014548540115356
tgn,test,2024-01,country_my,country_203,0.1836309364582136,0.06029123067855835
tgn,test,2024-01,country_my,country_344,-0.280940144242255,0.04317013919353485
tgn,test,2024-01,country_my,country_372,-0.5921973981550036,0.0511322021484375
tgn,test,2024-01,country_my,country_380,-0.3947980780092581,0.049633681774139404
tgn,test,2024-01,country_my,country_cn,-0.2815510013910191,0.12887093424797058
tgn,test,2024-01,country_my,country_de,-0.12198868263333203,0.16418004035949707
tgn,test,2024-01,country_my,country_fr,-0.14521306000261996,0.17715412378311157
tgn,test,2024-01,country_my,country_gb,-0.21504985669882726,0.2938825786113739
tgn,test,2024-01,country_my,country_in,-0.3258040878097959,0.6091611981391907
tgn,test,2024-01,country_my,country_jp,-0.06614665424475319,0.17792317271232605
tgn,test,2024-01,country_my,country_kr,-0.13745191416550287,0.18290331959724426
tgn,test,2024-01,country_my,country_mx,0.05440316950992212,0.1369667649269104
tgn,test,2024-01,country_my,country_ph,-0.3559827284942242,0.1425376534461975
tgn,test,2024-01,country_my,country_sg,-0.09557733813320526,0.4533838629722595
tgn,test,2024-01,country_my,country_th,0.063292093018519,0.5308682322502136
tgn,test,2024-01,country_my,country_us,-0.23651285400517022,0.26769810914993286
tgn,test,2024-01,country_ph,country_203,-0.28264315447739785,0.03863668441772461
tgn,test,2024-01,country_ph,country_344,-0.2979384135670894,0.02191564440727234
tgn,test,2024-01,country_ph,country_372,1.3984113758503982,0.033598870038986206
tgn,test,2024-01,country_ph,country_380,-0.4038579085961918,0.03164607286453247
tgn,test,2024-01,country_ph,country_cn,-0.33081231096837255,0.10512581467628479
tgn,test,2024-01,country_ph,country_de,-0.2465915355903274,0.1450950801372528
tgn,test,2024-01,country_ph,country_fr,-0.2842963138228164,0.17208349704742432
tgn,test,2024-01,country_ph,country_gb,-0.327512328122509,0.2759675979614258
tgn,test,2024-01,country_ph,country_in,-0.06641214750373897,0.5859304070472717
tgn,test,2024-01,country_ph,country_jp,-0.17412786710071249,0.16498583555221558
tgn,test,2024-01,country_ph,country_kr,-0.2599558291794837,0.17182672023773193
tgn,test,2024-01,country_ph,country_mx,-0.20540623806960984,0.1190437376499176
tgn,test,2024-01,country_ph,country_my,-0.2172017738397548,0.1501995027065277
tgn,test,2024-01,country_ph,country_sg,-0.2542811862570584,0.4265417456626892
tgn,test,2024-01,country_ph,country_th,-0.02251894173553912,0.5075640678405762
tgn,test,2024-01,country_ph,country_us,-0.18116631013292783,0.23718702793121338
tgn,test,2024-01,country_sg,country_203,-0.32493209109448634,0.19096162915229797
tgn,test,2024-01,country_sg,country_344,-0.05333274837893967,0.17437291145324707
tgn,test,2024-01,country_sg,country_372,-0.22399027887656495,0.1810665726661682
tgn,test,2024-01,country_sg,country_380,0.6803732836735532,0.1893996298313141
tgn,test,2024-01,country_sg,country_cn,-0.18144911961323346,0.17590466141700745
tgn,test,2024-01,country_sg,country_de,0.1100641562550964,0.2276601493358612
tgn,test,2024-01,country_sg,country_fr,-0.2866798652127915,0.24262037873268127
tgn,test,2024-01,country_sg,country_gb,-0.3469772092769645,0.32761114835739136
tgn,test,2024-01,country_sg,country_in,-0.005976264821878624,0.6772587299346924
tgn,test,2024-01,country_sg,country_jp,-0.24678258416258927,0.23080098628997803
tgn,test,2024-01,country_sg,country_kr,-0.14514009046038312,0.25105857849121094
tgn,test,2024-01,country_sg,country_mx,-0.34214287837402046,0.20077058672904968
tgn,test,2024-01,country_sg,country_my,0.022674295665917818,0.24099242687225342
tgn,test,2024-01,country_sg,country_ph,-0.28216952831366376,0.20870649814605713
tgn,test,2024-01,country_sg,country_th,-0.16825277346384487,0.5778153538703918
tgn,test,2024-01,country_sg,country_us,-0.4404084666326769,0.40322357416152954
tgn,test,2024-01,country_th,country_203,-0.21327281174764526,0.23356389999389648
tgn,test,2024-01,country_th,country_344,-0.21170075432320606,0.2058333158493042
tgn,test,2024-01,country_th,country_372,0.03975343019829333,0.2263161540031433
tgn,test,2024-01,country_th,country_380,-0.15727166637248136,0.22719311714172363
tgn,test,2024-01,country_th,country_cn,-0.3171571856357929,0.19174811244010925
tgn,test,2024-01,country_th,country_de,-0.25003402361119687,0.24282532930374146
tgn,test,2024-01,country_th,country_fr,-0.061554494366581995,0.2650628685951233
tgn,test,2024-01,country_th,country_gb,-0.49011257142558173,0.3651142716407776
tgn,test,2024-01,country_th,country_in,-0.3982862643063509,0.6979830861091614
tgn,test,2024-01,country_th,country_jp,-0.0015128376671217274,0.24444109201431274
tgn,test,2024-01,country_th,country_kr,-0.1514377672997075,0.2820512056350708
tgn,test,2024-01,country_th,country_mx,-0.07490384003790072,0.21324527263641357
tgn,test,2024-01,country_th,country_my,-0.08139553655188157,0.26108431816101074
tgn,test,2024-01,country_th,country_ph,0.21716965880405828,0.21828249096870422
tgn,test,2024-01,country_th,country_sg,-0.36670241182330204,0.5130520462989807
tgn,test,2024-01,country_th,country_us,-0.15417128290469617,0.4461020827293396
tgn,test,2024-01,country_tw,country_203,-0.0018941950738530213,0.027274489402770996
tgn,test,2024-01,country_tw,country_344,-0.2675702883716792,0.015508562326431274
tgn,test,2024-01,country_tw,country_372,-0.27671351888245177,0.01981937885284424
tgn,test,2024-01,country_tw,country_380,-0.560376424579349,0.02390594780445099
tgn,test,2024-01,country_tw,country_cn,-0.2308823995488169,0.09931987524032593
tgn,test,2024-01,country_tw,country_de,-0.2370385089752602,0.14253473281860352
tgn,test,2024-01,country_tw,country_fr,-0.4030034916616932,0.16634279489517212
tgn,test,2024-01,country_tw,country_gb,-0.09774504052323461,0.2748159170150757
tgn,test,2024-01,country_tw,country_in,0.4490603698165121,0.5999805927276611
tgn,test,2024-01,country_tw,country_jp,-0.36381986773196684,0.15548357367515564
tgn,test,2024-01,country_tw,country_kr,0.12999534158579942,0.17240449786186218
tgn,test,2024-01,country_tw,country_mx,0.03848530735107643,0.11034506559371948
tgn,test,2024-01,country_tw,country_my,-0.1738368437816806,0.1519133746623993
tgn,test,2024-01,country_tw,country_ph,-0.47496144319454114,0.11573672294616699
tgn,test,2024-01,country_tw,country_sg,-0.07347737508395329,0.4383329749107361
tgn,test,2024-01,country_tw,country_th,0.24689088577885834,0.5134607553482056
tgn,test,2024-01,country_tw,country_us,-0.06539980460419352,0.22449719905853271
tgn,test,2024-01,country_us,country_203,-0.40137802566871,-0.049596283584833145
tgn,test,2024-01,country_us,country_344,-0.3499645717928441,-0.07583732157945633
tgn,test,2024-01,country_us,country_372,-0.47710751977876903,-0.060361944139003754
tgn,test,2024-01,country_us,country_380,0.20031804575281545,-0.05853878706693649
tgn,test,2024-01,country_us,country_cn,0.16822424876003875,-0.1512613743543625
tgn,test,2024-01,country_us,country_de,-0.4411986045436958,-0.11344539374113083
tgn,test,2024-01,country_us,country_fr,-0.06952196868580864,-0.10597660392522812
tgn,test,2024-01,country_us,country_gb,-0.13656935319841912,0.00304257869720459
tgn,test,2024-01,country_us,country_in,-0.12213815910247901,0.2373265027999878
tgn,test,2024-01,country_us,country_jp,-0.2650533056792423,-0.06187909096479416
tgn,test,2024-01,country_us,country_kr,-0.10932146424392722,-0.09101907163858414
tgn,test,2024-01,country_us,country_mx,-0.029905846518730402,-0.1536363959312439
tgn,test,2024-01,country_us,country_my,0.02072420314232799,-0.09939035773277283
tgn,test,2024-01,country_us,country_ph,-0.12180388330471788,-0.1292886734008789
tgn,test,2024-01,country_us,country_sg,-0.15157522495002165,0.1081525981426239
tgn,test,2024-01,country_us,country_th,-0.06182258304937512,0.16926437616348267
tgn,test,2024-01,country_vn,country_203,-0.2017639040456669,1.3532681465148926
tgn,test,2024-01,country_vn,country_344,-0.2598682996796403,1.1605405807495117
tgn,test,2024-01,country_vn,country_372,0.7213913289015839,1.3067069053649902
tgn,test,2024-01,country_vn,country_380,0.12559410134608126,1.327446699142456
tgn,test,2024-01,country_vn,country_cn,-0.34109554016338484,0.9266862273216248
tgn,test,2024-01,country_vn,country_de,-0.6486044726709418,0.94939786195755
tgn,test,2024-01,country_vn,country_fr,0.125668483323563,1.0583996772766113
tgn,test,2024-01,country_vn,country_gb,-0.2124647324732177,1.2732603549957275
tgn,test,2024-01,country_vn,country_in,-0.2696771030055644,1.5677611827850342
tgn,test,2024-01,country_vn,country_jp,0.2344621054880328,1.1799395084381104
tgn,test,2024-01,country_vn,country_kr,0.42729961265603955,1.1352334022521973
tgn,test,2024-01,country_vn,country_mx,-0.183125010731902,0.9784325957298279
tgn,test,2024-01,country_vn,country_my,-0.6378314548463512,0.9684315323829651
tgn,test,2024-01,country_vn,country_ph,-0.3374961245116885,1.0070877075195312
tgn,test,2024-01,country_vn,country_sg,-0.16426770099348412,1.4066545963287354
tgn,test,2024-01,country_vn,country_th,0.009379668450189598,1.495528221130371
tgn,test,2024-01,country_vn,country_us,0.07222407578527386,0.9863033890724182
tgn,test,2024-02,country_203,country_344,0.6964141150984582,0.0681479424238205
tgn,test,2024-02,country_203,country_372,-0.7339723696812811,0.23166245222091675
tgn,test,2024-02,country_203,country_380,-0.3443394306006087,0.059390366077423096
tgn,test,2024-02,country_203,country_cn,0.5463110733391118,0.001951664686203003
tgn,test,2024-02,country_203,country_de,-0.27463230909508296,-0.03816939890384674
tgn,test,2024-02,country_203,country_fr,0.1670190916881348,-0.08331002295017242
tgn,test,2024-02,country_203,country_gb,-0.09225429562130474,0.1825898289680481
tgn,test,2024-02,country_203,country_in,2.355911037964433,-0.012488089501857758
tgn,test,2024-02,country_203,country_jp,0.03718573932236377,0.09503234922885895
tgn,test,2024-02,country_203,country_kr,0.7089088818826317,0.031164348125457764
tgn,test,2024-02,country_203,country_mx,-0.8563596536588797,0.09496253728866577
tgn,test,2024-02,country_203,country_my,0.6525111083551602,0.0038909167051315308
tgn,test,2024-02,country_203,country_ph,-0.0614529174999553,0.009337469935417175
tgn,test,2024-02,country_203,country_sg,0.441163124273015,0.23739460110664368
tgn,test,2024-02,country_203,country_th,-0.4491868295697794,0.10708767175674438
tgn,test,2024-02,country_203,country_us,0.5133051619453507,0.3274145722389221
tgn,test,2024-02,country_344,country_203,-0.05239124542150001,0.05589793622493744
tgn,test,2024-02,country_344,country_372,0.41955669067881884,0.3029492199420929
tgn,test,2024-02,country_344,country_380,-0.047503833637925194,0.04590447247028351
tgn,test,2024-02,country_344,country_cn,0.5089558430653597,-0.00314176082611084
tgn,test,2024-02,country_344,country_de,-0.2731161808902641,-0.15410849452018738
tgn,test,2024-02,country_344,country_fr,0.007421870191094296,-0.18573755025863647
tgn,test,2024-02,country_344,country_gb,-0.15583742324015354,0.01123414933681488
tgn,test,2024-02,country_344,country_in,-0.24286700684033266,-0.13823871314525604
tgn,test,2024-02,country_344,country_jp,-0.5739784111288816,0.13727444410324097
tgn,test,2024-02,country_344,country_kr,0.7067563100612893,-0.12103719264268875
tgn,test,2024-02,country_344,country_mx,-0.1321869056065732,-0.09688509255647659
tgn,test,2024-02,country_344,country_my,-0.21943300490202916,-0.12699349224567413
tgn,test,2024-02,country_344,country_ph,-0.06096924719283113,-0.13690239191055298
tgn,test,2024-02,country_344,country_sg,0.3818264730358389,0.011116251349449158
tgn,test,2024-02,country_344,country_th,0.7481781527154896,-0.05834759771823883
tgn,test,2024-02,country_344,country_us,-0.7797536886057038,0.18259641528129578
tgn,test,2024-02,country_372,country_203,2.1342911623960474,0.19129648804664612
tgn,test,2024-02,country_372,country_344,0.3616267683148137,0.2592015266418457
tgn,test,2024-02,country_372,country_380,-0.5140058929066884,0.18508875370025635
tgn,test,2024-02,country_372,country_cn,0.1455890393754792,0.05590087175369263
tgn,test,2024-02,country_372,country_de,-0.7741130569971145,-0.09752966463565826
tgn,test,2024-02,country_372,country_fr,-0.10507933264285628,-0.11888553947210312
tgn,test,2024-02,country_372,country_gb,-0.09048904632055245,0.15866267681121826
tgn,test,2024-02,country_372,country_in,2.8199639583991956,-0.01988779753446579
tgn,test,2024-02,country_372,country_jp,-0.058440330279122384,0.21502014994621277
tgn,test,2024-02,country_372,country_kr,-0.5440620961443092,-0.015291690826416016
tgn,test,2024-02,country_372,country_mx,7.375371328716018,0.04130116105079651
tgn,test,2024-02,country_372,country_my,0.09544207154811046,-0.08323680609464645
tgn,test,2024-02,country_372,country_ph,-0.2654436370605885,-0.061053864657878876
tgn,test,2024-02,country_372,country_sg,-0.33010415870146226,0.15270087122917175
tgn,test,2024-02,country_372,country_th,30.47898834393813,0.05712905526161194
tgn,test,2024-02,country_372,country_us,0.04064937802869897,0.1840486228466034
tgn,test,2024-02,country_380,country_203,-0.039423586295170114,0.09321936964988708
tgn,test,2024-02,country_380,country_344,-0.11461129814351975,0.10255298018455505
tgn,test,2024-02,country_380,country_372,-0.03086061602483567,0.21264240145683289
tgn,test,2024-02,country_380,country_cn,0.11503236687873769,0.0040940940380096436
tgn,test,2024-02,country_380,country_de,-0.054293308341336305,-0.023252315819263458
tgn,test,2024-02,country_380,country_fr,0.6588970522196347,-0.06160285696387291
tgn,test,2024-02,country_380,country_gb,1.3265911763908433,0.25689107179641724
tgn,test,2024-02,country_380,country_in,-0.27490249514637594,0.04850545525550842
tgn,test,2024-02,country_380,country_jp,0.3266313792139643,0.09707461297512054
tgn,test,2024-02,country_380,country_kr,-0.5590211833933943,0.10877364873886108
tgn,test,2024-02,country_380,country_mx,-0.16372736408599184,0.16584554314613342
tgn,test,2024-02,country_380,country_my,-0.04568085267333619,0.05922485888004303
tgn,test,2024-02,country_380,country_ph,-0.056655142142798584,0.05847349762916565
tgn,test,2024-02,country_380,country_sg,0.10793155275565168,0.3219195604324341
tgn,test,2024-02,country_380,country_th,-0.30706010480696705,0.18959638476371765
tgn,test,2024-02,country_380,country_us,0.07693184593387976,0.3756222426891327
tgn,test,2024-02,country_50,country_344,-0.9520654518040648,-0.15869535505771637
tgn,test,2024-02,country_50,country_cn,-0.571943887775551,-0.37565624713897705
tgn,test,2024-02,country_50,country_jp,-0.6479635242904009,-0.2725769877433777
tgn,test,2024-02,country_50,country_sg,0.27940055880111764,-0.08999086171388626
tgn,test,2024-02,country_cn,country_203,0.03625278243170392,0.08947925269603729
tgn,test,2024-02,country_cn,country_344,0.20810511494334935,0.22975003719329834
tgn,test,2024-02,country_cn,country_372,-0.467111906337388,0.47228580713272095
tgn,test,2024-02,country_cn,country_380,-0.5123517753889364,0.10992348194122314
tgn,test,2024-02,country_cn,country_de,-0.24715685934090023,0.02880159020423889
tgn,test,2024-02,country_cn,country_fr,-0.043850567734840876,-0.008415371179580688
tgn,test,2024-02,country_cn,country_gb,-0.022967823888100355,0.368596613407135
tgn,test,2024-02,country_cn,country_in,0.026682366108941393,0.13650387525558472
tgn,test,2024-02,country_cn,country_jp,-0.14368142595257702,0.2830458879470825
tgn,test,2024-02,country_cn,country_kr,0.1663201064152725,0.19840312004089355
tgn,test,2024-02,country_cn,country_mx,-0.04602940418702884,0.2533417344093323
tgn,test,2024-02,country_cn,country_my,0.21363586801032142,0.0918271541595459
tgn,test,2024-02,country_cn,country_ph,0.3685361008793576,0.102993443608284
tgn,test,2024-02,country_cn,country_sg,0.08039610884824994,0.42035162448883057
tgn,test,2024-02,country_cn,country_th,0.23408193241770553,0.28460079431533813
tgn,test,2024-02,country_cn,country_us,-0.1185914028951947,0.3166586458683014
tgn,test,2024-02,country_de,country_203,-0.06764156278348162,0.0582960844039917
tgn,test,2024-02,country_de,country_344,0.2341359114354057,0.16059941053390503
tgn,test,2024-02,country_de,country_372,0.5978393242808707,0.38080406188964844
tgn,test,2024-02,country_de,country_380,0.05502143247306839,0.06326919794082642
tgn,test,2024-02,country_de,country_cn,0.11379694474429813,0.12701930105686188
tgn,test,2024-02,country_de,country_fr,-0.006981653244078821,0.03884786367416382
tgn,test,2024-02,country_de,country_gb,-0.056934626348447676,0.3545019030570984
tgn,test,2024-02,country_de,country_in,0.26031302836026404,0.13754260540008545
tgn,test,2024-02,country_de,country_jp,-0.09173505288716909,0.2620213031768799
tgn,test,2024-02,country_de,country_kr,-0.0035506936795510293,0.19495472311973572
tgn,test,2024-02,country_de,country_mx,-0.0375049880327516,0.252543568611145
tgn,test,2024-02,country_de,country_my,-0.06955198320808696,0.1327427327632904
tgn,test,2024-02,country_de,country_ph,0.08813478504266982,0.13549883663654327
tgn,test,2024-02,country_de,country_sg,-0.05141266768108171,0.40528184175491333
tgn,test,2024-02,country_de,country_th,-0.4369335490868643,0.2601432502269745
tgn,test,2024-02,country_de,country_us,-0.07547938006883874,0.3768966794013977
tgn,test,2024-02,country_fr,country_203,0.10638412929229477,0.029579252004623413
tgn,test,2024-02,country_fr,country_344,0.5215671392108914,0.1361495554447174
tgn,test,2024-02,country_fr,country_372,-0.597558101230877,0.3549996018409729
tgn,test,2024-02,country_fr,country_380,0.20631773109243384,0.04048638045787811
tgn,test,2024-02,country_fr,country_cn,-0.10437689038089333,0.11751450598239899
tgn,test,2024-02,country_fr,country_de,0.017707032367417653,0.06224074959754944
tgn,test,2024-02,country_fr,country_gb,-0.0021920438739350496,0.3098679184913635
tgn,test,2024-02,country_fr,country_in,0.006020260613092478,0.12191247940063477
tgn,test,2024-02,country_fr,country_jp,-0.15040223965204738,0.24990206956863403
tgn,test,2024-02,country_fr,country_kr,-0.1788510339265277,0.173051118850708
tgn,test,2024-02,country_fr,country_mx,0.5753401169458651,0.24003612995147705
tgn,test,2024-02,country_fr,country_my,0.1475895853939263,0.11980384588241577
tgn,test,2024-02,country_fr,country_ph,-0.2084728188625352,0.12492986023426056
tgn,test,2024-02,country_fr,country_sg,0.025925473676080113,0.3851931095123291
tgn,test,2024-02,country_fr,country_th,0.41699682070046534,0.22407901287078857
tgn,test,2024-02,country_fr,country_us,0.05231424103679476,0.34662431478500366
tgn,test,2024-02,country_gb,country_203,-0.4714147362470489,0.13151341676712036
tgn,test,2024-02,country_gb,country_344,0.16814461334549555,0.2042984962463379
tgn,test,2024-02,country_gb,country_372,-0.14609406782529238,0.3200552463531494
tgn,test,2024-02,country_gb,country_380,0.4845875149425626,0.125220388174057
tgn,test,2024-02,country_gb,country_cn,-0.271712036670593,0.07235296070575714
tgn,test,2024-02,country_gb,country_de,0.9228534979402164,0.03662861883640289
tgn,test,2024-02,country_gb,country_fr,-0.22630401187031093,0.012847155332565308
tgn,test,2024-02,country_gb,country_in,-0.11653900962164986,0.11777614057064056
tgn,test,2024-02,country_gb,country_jp,-0.06627407703424082,0.13923785090446472
tgn,test,2024-02,country_gb,country_kr,0.014936410548128885,0.12970533967018127
tgn,test,2024-02,country_gb,country_mx,-0.6418166084428041,0.1512298583984375
tgn,test,2024-02,country_gb,country_my,-0.28802849757324567,0.0958908200263977
tgn,test,2024-02,country_gb,country_ph,-0.0835540841828108,0.10481563210487366
tgn,test,2024-02,country_gb,country_sg,0.013625869419890824,0.2642315626144409
tgn,test,2024-02,country_gb,country_th,0.40465386323116254,0.2008150815963745
tgn,test,2024-02,country_gb,country_us,-0.11768547215855128,0.40544337034225464
tgn,test,2024-02,country_in,country_203,0.12042561043114583,0.08880558609962463
tgn,test,2024-02,country_in,country_344,0.4907780827127697,0.17223456501960754
tgn,test,2024-02,country_in,country_372,-0.5172927583316776,0.38319131731987
tgn,test,2024-02,country_in,country_380,0.19275653342034196,0.08713224530220032
tgn,test,2024-02,country_in,country_cn,-0.0947166794582626,0.09285998344421387
tgn,test,2024-02,country_in,country_de,-0.14567174310371633,0.06882479786872864
tgn,test,2024-02,country_in,country_fr,0.9804085278176817,0.029350802302360535
tgn,test,2024-02,country_in,country_gb,1.2860514797541327,0.31454235315322876
tgn,test,2024-02,country_in,country_jp,-0.515699195046008,0.2352796196937561
tgn,test,2024-02,country_in,country_kr,-0.28397121384402235,0.16437232494354248
tgn,test,2024-02,country_in,country_mx,-0.3651809501655575,0.2125200629234314
tgn,test,2024-02,country_in,country_my,-0.08067433694353333,0.12023383378982544
tgn,test,2024-02,country_in,country_ph,-0.7329396947495294,0.12698234617710114
tgn,test,2024-02,country_in,country_sg,-0.10477085102190271,0.3609101474285126
tgn,test,2024-02,country_in,country_th,-0.652238155298611,0.2248574197292328
tgn,test,2024-02,country_in,country_us,-0.18619117423709658,0.42118674516677856
tgn,test,2024-02,country_jp,country_203,-0.08623435348892258,0.1424024999141693
tgn,test,2024-02,country_jp,country_344,0.35832305847878915,0.24336832761764526
tgn,test,2024-02,country_jp,country_372,0.5126377164970932,0.47363442182540894
tgn,test,2024-02,country_jp,country_380,-0.05540038236593091,0.15919727087020874
tgn,test,2024-02,country_jp,country_cn,-0.07435960482322448,0.13263486325740814
tgn,test,2024-02,country_jp,country_de,0.029549619294129786,-0.00022993981838226318
tgn,test,2024-02,country_jp,country_fr,0.20681187745014987,-0.03662644326686859
tgn,test,2024-02,country_jp,country_gb,-0.2533921415704188,0.361632764339447
tgn,test,2024-02,country_jp,country_in,-0.027517339801448645,0.12603911757469177
tgn,test,2024-02,country_jp,country_kr,-0.027181126943780786,0.16168621182441711
tgn,test,2024-02,country_jp,country_mx,-0.03522767453252718,0.2612818777561188
tgn,test,2024-02,country_jp,country_my,-0.08122690638876545,0.058116838335990906
tgn,test,2024-02,country_jp,country_ph,0.09303075113733389,0.05986925959587097
tgn,test,2024-02,country_jp,country_sg,0.13755423074882892,0.40396374464035034
tgn,test,2024-02,country_jp,country_th,-0.028052347828361687,0.2556784749031067
tgn,test,2024-02,country_jp,country_us,0.005943700686075824,0.3103906810283661
tgn,test,2024-02,country_kr,country_203,0.6546112074919547,0.17556166648864746
tgn,test,2024-02,country_kr,country_344,0.33479311269304246,0.2551579475402832
tgn,test,2024-02,country_kr,country_372,0.11528856275611077,0.33423542976379395
tgn,test,2024-02,country_kr,country_380,-0.3579199516098523,0.16851800680160522
tgn,test,2024-02,country_kr,country_cn,0.2562494429665435,0.17689228057861328
tgn,test,2024-02,country_kr,country_de,-0.05505946549035428,0.14324647188186646
tgn,test,2024-02,country_kr,country_fr,-0.22598248003819774,0.10791055858135223
tgn,test,2024-02,country_kr,country_gb,-0.35723346074738904,0.3785495460033417
tgn,test,2024-02,country_kr,country_in,0.37187966251709625,0.23293820023536682
tgn,test,2024-02,country_kr,country_jp,0.009534273195590408,0.23155680298805237
tgn,test,2024-02,country_kr,country_mx,-0.11810936528541711,0.3245331943035126
tgn,test,2024-02,country_kr,country_my,-0.01476674163525923,0.21412459015846252
tgn,test,2024-02,country_kr,country_ph,0.02728299036502535,0.21329522132873535
tgn,test,2024-02,country_kr,country_sg,0.0847568643585352,0.4616928696632385
tgn,test,2024-02,country_kr,country_th,0.2354633191215024,0.34828680753707886
tgn,test,2024-02,country_kr,country_us,-0.0068858509105329735,0.5108752846717834
tgn,test,2024-02,country_mx,country_203,-0.7404467960023515,0.21861082315444946
tgn,test,2024-02,country_mx,country_344,1.31372941935568,0.2920492887496948
tgn,test,2024-02,country_mx,country_372,0.509663469308044,0.37534329295158386
tgn,test,2024-02,country_mx,country_380,-0.23965770342647746,0.21601253747940063
tgn,test,2024-02,country_mx,country_cn,0.03256521970664601,0.18704882264137268
tgn,test,2024-02,country_mx,country_de,-0.315043863888821,0.1615082025527954
tgn,test,2024-02,country_mx,country_fr,-0.033421224183499354,0.12421564757823944
tgn,test,2024-02,country_mx,country_gb,-0.028515632145546817,0.39997196197509766
tgn,test,2024-02,country_mx,country_in,0.4826885659429942,0.2695568799972534
tgn,test,2024-02,country_mx,country_jp,-0.40861045678831726,0.249761700630188
tgn,test,2024-02,country_mx,country_kr,0.042277828733135854,0.2936909794807434
tgn,test,2024-02,country_mx,country_my,1.4144380292635088,0.24429196119308472
tgn,test,2024-02,country_mx,country_ph,-0.30340830482616155,0.24028289318084717
tgn,test,2024-02,country_mx,country_sg,-0.28938730655959677,0.4702880382537842
tgn,test,2024-02,country_mx,country_th,-0.14439344401326185,0.3676106929779053
tgn,test,2024-02,country_mx,country_us,0.008047597364051562,0.5563482642173767
tgn,test,2024-02,country_my,country_203,0.1745764103464996,0.10881870985031128
tgn,test,2024-02,country_my,country_344,0.1098051372199702,0.1889401078224182
tgn,test,2024-02,country_my,country_372,1.549287817082864,0.37667983770370483
tgn,test,2024-02,country_my,country_380,-0.13945682493361364,0.09983956813812256
tgn,test,2024-02,country_my,country_cn,-0.051239946250360296,0.13269741833209991
tgn,test,2024-02,country_my,country_de,0.024290142464517436,0.10545174777507782
tgn,test,2024-02,country_my,country_fr,-0.13453810847731598,0.07189986109733582
tgn,test,2024-02,country_my,country_gb,-0.3119360784199547,0.3363521099090576
tgn,test,2024-02,country_my,country_in,-0.48680478425393703,0.17420774698257446
tgn,test,2024-02,country_my,country_jp,-0.06389587038849272,0.23076209425926208
tgn,test,2024-02,country_my,country_kr,-0.08452413572004464,0.2042185664176941
tgn,test,2024-02,country_my,country_mx,-0.43560574355162096,0.24744999408721924
tgn,test,2024-02,country_my,country_ph,-0.2255737839082807,0.17034316062927246
tgn,test,2024-02,country_my,country_sg,0.06122669090273402,0.41271764039993286
tgn,test,2024-02,country_my,country_th,0.48369376451136953,0.2681223750114441
tgn,test,2024-02,country_my,country_us,0.18585649093831547,0.4541592001914978
tgn,test,2024-02,country_ph,country_203,-0.07847958157492595,0.10580265522003174
tgn,test,2024-02,country_ph,country_344,-0.17655633808044013,0.18918168544769287
tgn,test,2024-02,country_ph,country_372,0.2760332397871783,0.38482195138931274
tgn,test,2024-02,country_ph,country_380,-0.20835461954654708,0.09852480888366699
tgn,test,2024-02,country_ph,country_cn,-0.12265327877617375,0.12563712894916534
tgn,test,2024-02,country_ph,country_de,-0.11050688805325676,0.101705402135849
tgn,test,2024-02,country_ph,country_fr,-0.44711864033737986,0.06285375356674194
tgn,test,2024-02,country_ph,country_gb,-0.3731829159427972,0.3453179597854614
tgn,test,2024-02,country_ph,country_in,0.6636167070244372,0.1719914972782135
tgn,test,2024-02,country_ph,country_jp,-0.08207089586609315,0.24131906032562256
tgn,test,2024-02,country_ph,country_kr,-0.04830723685725155,0.2032908797264099
tgn,test,2024-02,country_ph,country_mx,-0.2734178747565743,0.2520129978656769
tgn,test,2024-02,country_ph,country_my,-0.2106111798369695,0.17041078209877014
tgn,test,2024-02,country_ph,country_sg,-0.06024716475590973,0.41431576013565063
tgn,test,2024-02,country_ph,country_th,-0.003817982027647499,0.26548707485198975
tgn,test,2024-02,country_ph,country_us,-0.21657882855201718,0.43263643980026245
tgn,test,2024-02,country_sg,country_203,-0.6484028309919427,0.2488822340965271
tgn,test,2024-02,country_sg,country_344,0.1467612613011355,0.3289075493812561
tgn,test,2024-02,country_sg,country_372,0.4594993027294644,0.39975374937057495
tgn,test,2024-02,country_sg,country_380,0.5174687448080384,0.24414223432540894
tgn,test,2024-02,country_sg,country_cn,0.018979125838224885,0.20311924815177917
tgn,test,2024-02,country_sg,country_de,-0.048330231894011956,0.17400145530700684
tgn,test,2024-02,country_sg,country_fr,-0.16049377659941222,0.1518440842628479
tgn,test,2024-02,country_sg,country_gb,-0.4490978442998631,0.41995298862457275
tgn,test,2024-02,country_sg,country_in,-0.1821784334278785,0.2866066098213196
tgn,test,2024-02,country_sg,country_jp,0.11678770178391595,0.2582625448703766
tgn,test,2024-02,country_sg,country_kr,-0.1265676676516781,0.31389349699020386
tgn,test,2024-02,country_sg,country_mx,-0.2830309634497284,0.3655010759830475
tgn,test,2024-02,country_sg,country_my,0.10996744875545444,0.2690276503562927
tgn,test,2024-02,country_sg,country_ph,-0.30195611842619446,0.26489195227622986
tgn,test,2024-02,country_sg,country_th,0.10038963323647117,0.3858022093772888
tgn,test,2024-02,country_sg,country_us,-0.6491090820166732,0.5747667551040649
tgn,test,2024-02,country_th,country_203,-0.040032322152262434,0.18729642033576965
tgn,test,2024-02,country_th,country_344,-0.15672537666275732,0.26337671279907227
tgn,test,2024-02,country_th,country_372,0.03294851340736023,0.34440797567367554
tgn,test,2024-02,country_th,country_380,0.04834437266864792,0.18316435813903809
tgn,test,2024-02,country_th,country_cn,-0.11740116204913122,0.15873616933822632
tgn,test,2024-02,country_th,country_de,-0.136211849376078,0.12852604687213898
tgn,test,2024-02,country_th,country_fr,-0.1728372964084132,0.09664517641067505
tgn,test,2024-02,country_th,country_gb,-0.4015433094512324,0.351510226726532
tgn,test,2024-02,country_th,country_in,-0.1186267742011418,0.22315853834152222
tgn,test,2024-02,country_th,country_jp,-0.19090301033710566,0.21584272384643555
tgn,test,2024-02,country_th,country_kr,-0.05116232928946385,0.2540755867958069
tgn,test,2024-02,country_th,country_mx,-0.06661694190457935,0.29137495160102844
tgn,test,2024-02,country_th,country_my,-0.03334016537839877,0.21067696809768677
tgn,test,2024-02,country_th,country_ph,0.05917090680710699,0.2029867172241211
tgn,test,2024-02,country_th,country_sg,-0.27872994007300333,0.4122188687324524
tgn,test,2024-02,country_th,country_us,-0.1879093429746341,0.5196028351783752
tgn,test,2024-02,country_tw,country_203,-0.027492178754706,0.08615899085998535
tgn,test,2024-02,country_tw,country_344,0.010252609435452704,0.165357768535614
tgn,test,2024-02,country_tw,country_372,0.06918161703190921,0.3444317579269409
tgn,test,2024-02,country_tw,country_380,-0.321919284306416,0.08234065771102905
tgn,test,2024-02,country_tw,country_cn,-0.10660235242467776,0.14738759398460388
tgn,test,2024-02,country_tw,country_de,-0.21684006262311015,0.11570766568183899
tgn,test,2024-02,country_tw,country_fr,-0.5061962313543533,0.08002248406410217
tgn,test,2024-02,country_tw,country_gb,-0.4694968503423596,0.3560912013053894
tgn,test,2024-02,country_tw,country_in,0.6041573398886899,0.1877133846282959
tgn,test,2024-02,country_tw,country_jp,-0.014663982559890607,0.2289932370185852
tgn,test,2024-02,country_tw,country_kr,0.05307801276584248,0.24916061758995056
tgn,test,2024-02,country_tw,country_mx,-0.09683092330383765,0.294469952583313
tgn,test,2024-02,country_tw,country_my,-0.10710155745388046,0.18576082587242126
tgn,test,2024-02,country_tw,country_ph,-0.29277838503890924,0.18056583404541016
tgn,test,2024-02,country_tw,country_sg,0.18493986059133963,0.4346965551376343
tgn,test,2024-02,country_tw,country_th,0.8591565861558987,0.29729121923446655
tgn,test,2024-02,country_tw,country_us,0.03253698881858548,0.43093758821487427
tgn,test,2024-02,country_us,country_203,-0.640530660623324,-0.055841684341430664
tgn,test,2024-02,country_us,country_344,-0.006226288033271393,0.005436524748802185
tgn,test,2024-02,country_us,country_372,0.02908917451553207,0.09330710768699646
tgn,test,2024-02,country_us,country_380,0.01986670702819009,-0.054095812141895294
tgn,test,2024-02,country_us,country_cn,0.08804619192826393,-0.1716097891330719
tgn,test,2024-02,country_us,country_de,-0.5275681706904441,-0.20837321877479553
tgn,test,2024-02,country_us,country_fr,-0.041521166902144656,-0.2142719030380249
tgn,test,2024-02,country_us,country_gb,-0.08415649548396756,0.07039719820022583
tgn,test,2024-02,country_us,country_in,-0.0462075197159522,-0.13044267892837524
tgn,test,2024-02,country_us,country_jp,-0.28027379896196464,-0.09062864631414413
tgn,test,2024-02,country_us,country_kr,0.16459148928303838,-0.082638680934906
tgn,test,2024-02,country_us,country_mx,-0.01643493312034687,-0.04401373118162155
tgn,test,2024-02,country_us,country_my,0.039744125078028054,-0.15022873878479004
tgn,test,2024-02,country_us,country_ph,-0.06340125104609412,-0.1590922623872757
tgn,test,2024-02,country_us,country_sg,-0.24682885582853642,0.06967219710350037
tgn,test,2024-02,country_us,country_th,0.04561114765119241,-0.016192413866519928
tgn,test,2024-02,country_vn,country_203,1.2095958990112634,1.3574004173278809
tgn,test,2024-02,country_vn,country_344,0.2775572314565495,1.4579410552978516
tgn,test,2024-02,country_vn,country_372,-0.7332449682155747,1.7108759880065918
tgn,test,2024-02,country_vn,country_380,0.2012843718612635,1.4123291969299316
tgn,test,2024-02,country_vn,country_cn,0.3693513798788778,1.1603279113769531
tgn,test,2024-02,country_vn,country_de,-0.3470386382731163,1.0471901893615723
tgn,test,2024-02,country_vn,country_fr,-0.4019436733761007,1.0428733825683594
tgn,test,2024-02,country_vn,country_gb,-0.25474226087943713,1.4871418476104736
tgn,test,2024-02,country_vn,country_in,-0.07519485164265875,1.248939037322998
tgn,test,2024-02,country_vn,country_jp,-0.09638257445541189,1.4375371932983398
tgn,test,2024-02,country_vn,country_kr,0.6206999529447694,1.293123483657837
tgn,test,2024-02,country_vn,country_mx,-0.12141874511131326,1.3892037868499756
tgn,test,2024-02,country_vn,country_my,-0.2550919503599635,1.1816976070404053
tgn,test,2024-02,country_vn,country_ph,-0.6195524210191575,1.2290668487548828
tgn,test,2024-02,country_vn,country_sg,0.34956116860141084,1.4896252155303955
tgn,test,2024-02,country_vn,country_th,0.00989797270288133,1.3766658306121826
tgn,test,2024-02,country_vn,country_us,0.2971704261447322,1.1569302082061768
tgn,test,2024-03,country_203,country_344,1.196746679577055,0.12715467810630798
tgn,test,2024-03,country_203,country_372,-0.7317523388964337,0.04455654323101044
tgn,test,2024-03,country_203,country_380,-0.15361888026520798,0.06644470989704132
tgn,test,2024-03,country_203,country_cn,0.1649266154990112,0.12455220520496368
tgn,test,2024-03,country_203,country_de,0.0755204924152724,0.13523849844932556
tgn,test,2024-03,country_203,country_fr,-0.39546687590318086,0.052701473236083984
tgn,test,2024-03,country_203,country_gb,-0.17595944722368875,0.07518225908279419
tgn,test,2024-03,country_203,country_in,0.020217733991538544,0.05442877113819122
tgn,test,2024-03,country_203,country_jp,0.24836032371248842,0.21922963857650757
tgn,test,2024-03,country_203,country_kr,0.13484819453395808,0.1133628785610199
tgn,test,2024-03,country_203,country_mx,-0.741514587722162,0.08279436826705933
tgn,test,2024-03,country_203,country_my,-0.3644059290936305,0.17215338349342346
tgn,test,2024-03,country_203,country_ph,0.2305217092386423,0.11851118505001068
tgn,test,2024-03,country_203,country_sg,0.9277235456611712,0.21269822120666504
tgn,test,2024-03,country_203,country_th,0.25703858519959916,0.5263646245002747
tgn,test,2024-03,country_203,country_us,-0.47866880159236563,0.31930217146873474
tgn,test,2024-03,country_344,country_203,4.252292893014044,0.06377717852592468
tgn,test,2024-03,country_344,country_372,1.4203133310617975,0.02466730773448944
tgn,test,2024-03,country_344,country_380,-0.00233621402669057,0.04359696805477142
tgn,test,2024-03,country_344,country_cn,-0.2273631838397009,0.08977609872817993
tgn,test,2024-03,country_344,country_de,-0.47451809993046135,0.09531630575656891
tgn,test,2024-03,country_344,country_fr,-0.39247103779066944,0.012427158653736115
tgn,test,2024-03,country_344,country_gb,0.610873992254878,0.04831850528717041
tgn,test,2024-03,country_344,country_in,0.3849822175415495,0.042188480496406555
tgn,test,2024-03,country_344,country_jp,-0.5976280509195394,0.19445157051086426
tgn,test,2024-03,country_344,country_kr,1.3618586453447747,0.11970850825309753
tgn,test,2024-03,country_344,country_mx,-0.226056228733505,0.062056541442871094
tgn,test,2024-03,country_344,country_my,0.7999896432321674,0.1640993356704712
tgn,test,2024-03,country_344,country_ph,0.12697075807740696,0.10676157474517822
tgn,test,2024-03,country_344,country_sg,0.20287469987520007,0.22945275902748108
tgn,test,2024-03,country_344,country_th,-0.42848345796186244,0.5693404078483582
tgn,test,2024-03,country_344,country_us,2.0513906574438185,0.32205626368522644
tgn,test,2024-03,country_372,country_203,-0.0567653995465556,0.09054841101169586
tgn,test,2024-03,country_372,country_344,1.5669972346036771,0.10644194483757019
tgn,test,2024-03,country_372,country_380,-0.4688137227034519,0.07464616000652313
tgn,test,2024-03,country_372,country_cn,-0.02768625600130447,0.15977191925048828
tgn,test,2024-03,country_372,country_de,-0.41614597090283256,0.16349858045578003
tgn,test,2024-03,country_372,country_fr,-0.09200644597995458,0.07040809094905853
tgn,test,2024-03,country_372,country_gb,0.23772237244730338,0.10561922192573547
tgn,test,2024-03,country_372,country_in,0.8610538424032308,0.05896160006523132
tgn,test,2024-03,country_372,country_jp,-0.3033066868121374,0.22364938259124756
tgn,test,2024-03,country_372,country_kr,1.4002533896962979,0.11264157295227051
tgn,test,2024-03,country_372,country_mx,2.670053248360124,0.1230303943157196
tgn,test,2024-03,country_372,country_my,0.4140284957256915,0.1927814483642578
tgn,test,2024-03,country_372,country_ph,-0.19691874358654887,0.1441594660282135
tgn,test,2024-03,country_372,country_sg,0.44883949938260204,0.19398599863052368
tgn,test,2024-03,country_372,country_th,5.173869227525917,0.516413688659668
tgn,test,2024-03,country_372,country_us,-0.051646066104541845,0.31494051218032837
tgn,test,2024-03,country_380,country_203,0.3463032541162565,0.09798237681388855
tgn,test,2024-03,country_380,country_344,0.7396619727939112,0.12081730365753174
tgn,test,2024-03,country_380,country_372,0.2317908120854778,0.05842861533164978
tgn,test,2024-03,country_380,country_cn,0.08305190406184584,0.14755544066429138
tgn,test,2024-03,country_380,country_de,-0.15660413355197522,0.16046291589736938
tgn,test,2024-03,country_380,country_fr,0.4678181637498995,0.08153694868087769
tgn,test,2024-03,country_380,country_gb,0.6465984694966282,0.10204574465751648
tgn,test,2024-03,country_380,country_in,0.2738214896312025,0.06327369809150696
tgn,test,2024-03,country_380,country_jp,-0.17340160465144006,0.22543659806251526
tgn,test,2024-03,country_380,country_kr,0.4556408657149025,0.1246018260717392
tgn,test,2024-03,country_380,country_mx,0.1367662463552799,0.10904036462306976
tgn,test,2024-03,country_380,country_my,0.2675015248455124,0.19087788462638855
tgn,test,2024-03,country_380,country_ph,0.2654872560304649,0.14762547612190247
tgn,test,2024-03,country_380,country_sg,-0.04891168544703964,0.21960628032684326
tgn,test,2024-03,country_380,country_th,0.040830969944859435,0.5225579142570496
tgn,test,2024-03,country_380,country_us,-0.17751156079134936,0.3189147710800171
tgn,test,2024-03,country_50,country_cn,-0.9641950567802271,0.09157314896583557
tgn,test,2024-03,country_50,country_de,3.0743914348510315,0.08379918336868286
tgn,test,2024-03,country_50,country_jp,-0.4147119801765838,0.10675305128097534
tgn,test,2024-03,country_50,country_sg,-0.01727203454406899,0.10437425971031189
tgn,test,2024-03,country_cn,country_203,0.05551369490981875,0.031576186418533325
tgn,test,2024-03,country_cn,country_344,0.1522465685226355,0.03891472518444061
tgn,test,2024-03,country_cn,country_372,-0.22815844798503607,0.022909730672836304
tgn,test,2024-03,country_cn,country_380,-0.27372339442070714,0.028001204133033752
tgn,test,2024-03,country_cn,country_de,-0.08780842202111465,0.13363082706928253
tgn,test,2024-03,country_cn,country_fr,0.21981448716491814,0.10026004910469055
tgn,test,2024-03,country_cn,country_gb,0.02277472183400262,0.10909418761730194
tgn,test,2024-03,country_cn,country_in,-0.17380732442347044,0.09992250800132751
tgn,test,2024-03,country_cn,country_jp,-0.1654423660074729,0.18375688791275024
tgn,test,2024-03,country_cn,country_kr,0.12365934439008476,0.1072244793176651
tgn,test,2024-03,country_cn,country_mx,-0.10448987803792198,0.114349365234375
tgn,test,2024-03,country_cn,country_my,0.06200922938794156,0.1524161696434021
tgn,test,2024-03,country_cn,country_ph,0.16488312290586965,0.1337469518184662
tgn,test,2024-03,country_cn,country_sg,-0.028140867840723418,0.16103559732437134
tgn,test,2024-03,country_cn,country_th,-0.13218498082728544,0.49239498376846313
tgn,test,2024-03,country_cn,country_us,-0.21497460595687762,0.19893139600753784
tgn,test,2024-03,country_de,country_203,0.04009219447751696,0.04230254888534546
tgn,test,2024-03,country_de,country_344,-0.1016413362420449,0.04487703740596771
tgn,test,2024-03,country_de,country_372,0.5007442950881181,0.035826340317726135
tgn,test,2024-03,country_de,country_380,0.04245576991483816,0.044086307287216187
tgn,test,2024-03,country_de,country_cn,0.19021010103040253,0.13013234734535217
tgn,test,2024-03,country_de,country_fr,-0.09239676285388902,0.11470203101634979
tgn,test,2024-03,country_de,country_gb,0.025647344742126474,0.11767370998859406
tgn,test,2024-03,country_de,country_in,0.07566439901357347,0.10905027389526367
tgn,test,2024-03,country_de,country_jp,0.0154735881300154,0.190108060836792
tgn,test,2024-03,country_de,country_kr,0.2976607296720405,0.11278435587882996
tgn,test,2024-03,country_de,country_mx,-0.052642181987040425,0.13398948311805725
tgn,test,2024-03,country_de,country_my,-0.02487347976857056,0.1639854609966278
tgn,test,2024-03,country_de,country_ph,0.13120414087486773,0.14281275868415833
tgn,test,2024-03,country_de,country_sg,-0.11931462695259426,0.17411422729492188
tgn,test,2024-03,country_de,country_th,-0.3518674202425693,0.4849569797515869
tgn,test,2024-03,country_de,country_us,-0.10336448945079148,0.21219617128372192
tgn,test,2024-03,country_fr,country_203,-0.3949531588037485,0.03297983109951019
tgn,test,2024-03,country_fr,country_344,0.053493195076473016,0.04639507830142975
tgn,test,2024-03,country_fr,country_372,-0.385559841342048,0.02064153552055359
tgn,test,2024-03,country_fr,country_380,-0.05277250255067525,0.031321197748184204
tgn,test,2024-03,country_fr,country_cn,-0.14177917842048263,0.12890273332595825
tgn,test,2024-03,country_fr,country_de,-0.1083447055571928,0.1353905200958252
tgn,test,2024-03,country_fr,country_gb,0.10753016964958659,0.10516534745693207
tgn,test,2024-03,country_fr,country_in,0.14601262812262766,0.10187077522277832
tgn,test,2024-03,country_fr,country_jp,-0.1478241379713305,0.21168062090873718
tgn,test,2024-03,country_fr,country_kr,-0.1949011520555265,0.1045583188533783
tgn,test,2024-03,country_fr,country_mx,0.20662886783831205,0.12824174761772156
tgn,test,2024-03,country_fr,country_my,-0.1426739491225347,0.1513667106628418
tgn,test,2024-03,country_fr,country_ph,-0.13486750905352696,0.13317525386810303
tgn,test,2024-03,country_fr,country_sg,-0.09349601080314772,0.2107057273387909
tgn,test,2024-03,country_fr,country_th,0.22342859781125998,0.5028893351554871
tgn,test,2024-03,country_fr,country_us,-0.24846629483888205,0.20305699110031128
tgn,test,2024-03,country_gb,country_203,0.7771235350000083,0.009013131260871887
tgn,test,2024-03,country_gb,country_344,0.5809799139879911,0.022949784994125366
tgn,test,2024-03,country_gb,country_372,-0.29099362622295477,0.01128380000591278
tgn,test,2024-03,country_gb,country_380,0.6294943549823341,0.00594446063041687
tgn,test,2024-03,country_gb,country_cn,-0.11497223292641252,0.09980285167694092
tgn,test,2024-03,country_gb,country_de,1.747353760181971,0.11229290068149567
tgn,test,2024-03,country_gb,country_fr,-0.31175475737437935,0.07365480065345764
tgn,test,2024-03,country_gb,country_in,0.05075808615959786,0.08169576525688171
tgn,test,2024-03,country_gb,country_jp,0.06561498479144483,0.15316709876060486
tgn,test,2024-03,country_gb,country_kr,0.12829493586878496,0.08076983690261841
tgn,test,2024-03,country_gb,country_mx,-0.38598271229212683,0.0998554527759552
tgn,test,2024-03,country_gb,country_my,0.28586098409345523,0.12445008754730225
tgn,test,2024-03,country_gb,country_ph,0.14446803602898486,0.11722996830940247
tgn,test,2024-03,country_gb,country_sg,-0.0723215135593325,0.1651575267314911
tgn,test,2024-03,country_gb,country_th,0.12288792855087667,0.4480006694793701
tgn,test,2024-03,country_gb,country_us,-0.014460594893724166,0.19473689794540405
tgn,test,2024-03,country_in,country_203,-0.058148225656970316,0.029355183243751526
tgn,test,2024-03,country_in,country_344,0.11684893369361862,0.030970513820648193
tgn,test,2024-03,country_in,country_372,-0.5451130430770721,0.013505272567272186
tgn,test,2024-03,country_in,country_380,0.18140834939673506,0.015422791242599487
tgn,test,2024-03,country_in,country_cn,0.4944497130190568,0.11875636875629425
tgn,test,2024-03,country_in,country_de,-0.3170029126803116,0.12877264618873596
tgn,test,2024-03,country_in,country_fr,0.0606394958587939,0.09775738418102264
tgn,test,2024-03,country_in,country_gb,1.5343912058919706,0.10580466687679291
tgn,test,2024-03,country_in,country_jp,-0.20005395996357514,0.17476040124893188
tgn,test,2024-03,country_in,country_kr,8.588532013420291,0.09863097965717316
tgn,test,2024-03,country_in,country_mx,0.42014161445147946,0.12610718607902527
tgn,test,2024-03,country_in,country_my,0.6346893003868813,0.14516443014144897
tgn,test,2024-03,country_in,country_ph,-0.2672128564676225,0.12449285387992859
tgn,test,2024-03,country_in,country_sg,0.9555156021282094,0.19419512152671814
tgn,test,2024-03,country_in,country_th,2.1523624943405673,0.48825550079345703
tgn,test,2024-03,country_in,country_us,-0.043012559042305776,0.22751623392105103
tgn,test,2024-03,country_jp,country_203,-0.26426997313436007,0.06418633460998535
tgn,test,2024-03,country_jp,country_344,0.16398246636121383,0.07964955270290375
tgn,test,2024-03,country_jp,country_372,0.4811558612368696,0.05009891092777252
tgn,test,2024-03,country_jp,country_380,0.8763437604777576,0.05276215076446533
tgn,test,2024-03,country_jp,country_cn,-0.012206561183445088,0.16598892211914062
tgn,test,2024-03,country_jp,country_de,-0.1333328303615474,0.16103380918502808
tgn,test,2024-03,country_jp,country_fr,-0.00534622672202258,0.13031858205795288
tgn,test,2024-03,country_jp,country_gb,-0.12981414686609105,0.13105320930480957
tgn,test,2024-03,country_jp,country_in,-0.12739724686887968,0.13076317310333252
tgn,test,2024-03,country_jp,country_kr,-0.020705812659395636,0.1342058777809143
tgn,test,2024-03,country_jp,country_mx,0.2647247416441557,0.14737382531166077
tgn,test,2024-03,country_jp,country_my,-0.0759372181951922,0.18928402662277222
tgn,test,2024-03,country_jp,country_ph,-0.09073068217550065,0.16380470991134644
tgn,test,2024-03,country_jp,country_sg,-0.009852978642680242,0.1962013840675354
tgn,test,2024-03,country_jp,country_th,-0.008021719356105897,0.4916572570800781
tgn,test,2024-03,country_jp,country_us,-0.09591891937200482,0.2602691650390625
tgn,test,2024-03,country_kr,country_203,0.04699499204463277,0.03779283165931702
tgn,test,2024-03,country_kr,country_344,0.22647974668059942,0.05455976724624634
tgn,test,2024-03,country_kr,country_372,-0.2936574739077744,0.024015769362449646
tgn,test,2024-03,country_kr,country_380,-0.23487208812069132,0.02961258590221405
tgn,test,2024-03,country_kr,country_cn,0.14132051329135847,0.1639918088912964
tgn,test,2024-03,country_kr,country_de,-0.12588848529833943,0.15333831310272217
tgn,test,2024-03,country_kr,country_fr,-0.4882073872882139,0.10870274901390076
tgn,test,2024-03,country_kr,country_gb,0.2818237803957253,0.11738201975822449
tgn,test,2024-03,country_kr,country_in,0.298189775193444,0.12313224375247955
tgn,test,2024-03,country_kr,country_jp,-0.2689242887926016,0.19944295287132263
tgn,test,2024-03,country_kr,country_mx,-0.11821542033083442,0.13655024766921997
tgn,test,2024-03,country_kr,country_my,-0.3139916886746947,0.1877121925354004
tgn,test,2024-03,country_kr,country_ph,0.05094300533428867,0.15054643154144287
tgn,test,2024-03,country_kr,country_sg,0.12844466771652618,0.19862249493598938
tgn,test,2024-03,country_kr,country_th,0.3271786092687464,0.5218396782875061
tgn,test,2024-03,country_kr,country_us,0.07971188311529037,0.24635320901870728
tgn,test,2024-03,country_mx,country_203,-0.15097501970041574,0.0476076602935791
tgn,test,2024-03,country_mx,country_344,-0.012315849624675445,0.06175929307937622
tgn,test,2024-03,country_mx,country_372,-0.08570544729187214,0.04195019602775574
tgn,test,2024-03,country_mx,country_380,-0.30511738339144473,0.04795698821544647
tgn,test,2024-03,country_mx,country_cn,-0.26812778267207277,0.15540176630020142
tgn,test,2024-03,country_mx,country_de,-0.12520218701653263,0.15884459018707275
tgn,test,2024-03,country_mx,country_fr,-0.025565715715316448,0.1244586706161499
tgn,test,2024-03,country_mx,country_gb,-0.4625742630746144,0.13304662704467773
tgn,test,2024-03,country_mx,country_in,0.8141520706098465,0.13670596480369568
tgn,test,2024-03,country_mx,country_jp,0.8437578727127311,0.23088037967681885
tgn,test,2024-03,country_mx,country_kr,-0.25983422430868225,0.13324518501758575
tgn,test,2024-03,country_mx,country_my,0.6961568851906198,0.19093722105026245
tgn,test,2024-03,country_mx,country_ph,-0.4718288641156975,0.15845391154289246
tgn,test,2024-03,country_mx,country_sg,0.1420542698275487,0.21863532066345215
tgn,test,2024-03,country_mx,country_th,-0.24523195597936467,0.5348204374313354
tgn,test,2024-03,country_mx,country_us,-0.48365999893643236,0.253237247467041
tgn,test,2024-03,country_my,country_203,-0.012885795024897874,0.07096248865127563
tgn,test,2024-03,country_my,country_344,0.08610754905388478,0.08201050758361816
tgn,test,2024-03,country_my,country_372,0.42558233086829644,0.06134037673473358
tgn,test,2024-03,country_my,country_380,-0.18720046490905504,0.060179054737091064
tgn,test,2024-03,country_my,country_cn,-0.0971785141683759,0.17421689629554749
tgn,test,2024-03,country_my,country_de,-0.12750228136409764,0.1749809980392456
tgn,test,2024-03,country_my,country_fr,-0.2977103187462586,0.1483442783355713
tgn,test,2024-03,country_my,country_gb,-0.3607162374824996,0.1483505368232727
tgn,test,2024-03,country_my,country_in,-0.5083158571708964,0.1455492079257965
tgn,test,2024-03,country_my,country_jp,0.17936732176845654,0.22227686643600464
tgn,test,2024-03,country_my,country_kr,-0.09002825385043199,0.14966225624084473
tgn,test,2024-03,country_my,country_mx,0.06072797475675931,0.16631177067756653
tgn,test,2024-03,country_my,country_ph,-0.47086713845389816,0.17662346363067627
tgn,test,2024-03,country_my,country_sg,0.1687219878504164,0.2212134599685669
tgn,test,2024-03,country_my,country_th,-0.07600632759375524,0.5481144785881042
tgn,test,2024-03,country_my,country_us,0.07038004886214722,0.2672879099845886
tgn,test,2024-03,country_ph,country_203,0.09600183253304787,0.04970663785934448
tgn,test,2024-03,country_ph,country_344,-0.28211434430178534,0.06420639157295227
tgn,test,2024-03,country_ph,country_372,0.06963491404062878,0.05195550620555878
tgn,test,2024-03,country_ph,country_380,-0.3418561972744817,0.04198828339576721
tgn,test,2024-03,country_ph,country_cn,-0.07504185935629032,0.15661200881004333
tgn,test,2024-03,country_ph,country_de,-0.21088438698915415,0.1597481667995453
tgn,test,2024-03,country_ph,country_fr,-0.6383777179523734,0.12435421347618103
tgn,test,2024-03,country_ph,country_gb,-0.1945991492603269,0.1356261521577835
tgn,test,2024-03,country_ph,country_in,0.014138331314480689,0.1328866183757782
tgn,test,2024-03,country_ph,country_jp,-0.14520219570287426,0.23585665225982666
tgn,test,2024-03,country_ph,country_kr,0.07589757080751922,0.13613799214363098
tgn,test,2024-03,country_ph,country_mx,-0.13394401318076246,0.1537906527519226
tgn,test,2024-03,country_ph,country_my,-0.10984051322845716,0.18262213468551636
tgn,test,2024-03,country_ph,country_sg,-0.24574858576206457,0.21381208300590515
tgn,test,2024-03,country_ph,country_th,0.026510812330262243,0.5353732705116272
tgn,test,2024-03,country_ph,country_us,-0.3043524927926207,0.23559492826461792
tgn,test,2024-03,country_sg,country_203,-0.19457911977883857,0.1128583699464798
tgn,test,2024-03,country_sg,country_344,0.15716232292303575,0.13382191956043243
tgn,test,2024-03,country_sg,country_372,-0.14158281704107656,0.08478620648384094
tgn,test,2024-03,country_sg,country_380,-0.23194164540139817,0.0995560884475708
tgn,test,2024-03,country_sg,country_cn,0.13625796906512758,0.20501238107681274
tgn,test,2024-03,country_sg,country_de,0.4588372099063976,0.20545506477355957
tgn,test,2024-03,country_sg,country_fr,0.07869335854637183,0.15086638927459717
tgn,test,2024-03,country_sg,country_gb,-0.14386809744873413,0.16125234961509705
tgn,test,2024-03,country_sg,country_in,-0.1633629412487869,0.15724053978919983
tgn,test,2024-03,country_sg,country_jp,-0.27832461586957424,0.2478961944580078
tgn,test,2024-03,country_sg,country_kr,-0.33725841904413395,0.17599624395370483
tgn,test,2024-03,country_sg,country_mx,-0.11286688657416906,0.16478648781776428
tgn,test,2024-03,country_sg,country_my,0.12236576805931347,0.23653513193130493
tgn,test,2024-03,country_sg,country_ph,-0.12602121105851463,0.19788753986358643
tgn,test,2024-03,country_sg,country_th,-0.31545460723848134,0.5579665303230286
tgn,test,2024-03,country_sg,country_us,-0.6488803998189279,0.33113470673561096
tgn,test,2024-03,country_th,country_203,-0.17087617849056538,0.23359674215316772
tgn,test,2024-03,country_th,country_344,-0.14411244803268836,0.24412554502487183
tgn,test,2024-03,country_th,country_372,-0.14004434841916608,0.22220724821090698
tgn,test,2024-03,country_th,country_380,-0.2524329195737695,0.22346889972686768
tgn,test,2024-03,country_th,country_cn,-0.09048130993437509,0.2403615117073059
tgn,test,2024-03,country_th,country_de,-0.2109927594644492,0.2417152225971222
tgn,test,2024-03,country_th,country_fr,-0.22325650367831934,0.19712534546852112
tgn,test,2024-03,country_th,country_gb,-0.222382079205594,0.22048968076705933
tgn,test,2024-03,country_th,country_in,-0.20674956759217303,0.2145627737045288
tgn,test,2024-03,country_th,country_jp,-0.19369768448811342,0.3015115559101105
tgn,test,2024-03,country_th,country_kr,-0.06997865355905568,0.22866874933242798
tgn,test,2024-03,country_th,country_mx,-0.08368664546254852,0.23687106370925903
tgn,test,2024-03,country_th,country_my,0.6840042100039498,0.27082306146621704
tgn,test,2024-03,country_th,country_ph,-0.29686506667507134,0.24672457575798035
tgn,test,2024-03,country_th,country_sg,-0.11560383605333484,0.30935999751091003
tgn,test,2024-03,country_th,country_us,-0.17713051768383237,0.4283769726753235
tgn,test,2024-03,country_tw,country_203,-0.07292241405537615,0.033952802419662476
tgn,test,2024-03,country_tw,country_344,-0.17316149034905412,0.05122867226600647
tgn,test,2024-03,country_tw,country_372,-0.2294349870477631,0.022896140813827515
tgn,test,2024-03,country_tw,country_380,-0.43982914717282984,0.02748347818851471
tgn,test,2024-03,country_tw,country_cn,0.016072296358516484,0.1572389006614685
tgn,test,2024-03,country_tw,country_de,-0.2717753373223968,0.15396305918693542
tgn,test,2024-03,country_tw,country_fr,-0.05278925805420701,0.1134137511253357
tgn,test,2024-03,country_tw,country_gb,-0.22096336280432152,0.11846587061882019
tgn,test,2024-03,country_tw,country_in,0.3608100885226154,0.12228000164031982
tgn,test,2024-03,country_tw,country_jp,-0.2474479291984514,0.22377166152000427
tgn,test,2024-03,country_tw,country_kr,0.09877670743413401,0.12390582263469696
tgn,test,2024-03,country_tw,country_mx,-0.15052651744497453,0.13826873898506165
tgn,test,2024-03,country_tw,country_my,-0.05245894443961783,0.1781407594680786
tgn,test,2024-03,country_tw,country_ph,-0.23365491990008228,0.14968335628509521
tgn,test,2024-03,country_tw,country_sg,0.15802784525212812,0.21554768085479736
tgn,test,2024-03,country_tw,country_th,0.48052332236306405,0.5340380668640137
tgn,test,2024-03,country_tw,country_us,0.19369578087239658,0.21411913633346558
tgn,test,2024-03,country_us,country_203,-0.4764281369155454,0.0066563040018081665
tgn,test,2024-03,country_us,country_344,-0.3679288162576499,0.039246007800102234
tgn,test,2024-03,country_us,country_372,0.4938713584513467,4.1484832763671875e-05
tgn,test,2024-03,country_us,country_380,0.09372213691300774,-0.000979401171207428
tgn,test,2024-03,country_us,country_cn,0.1231031209177263,-0.07042805850505829
tgn,test,2024-03,country_us,country_de,-0.42283676293802785,-0.06764858961105347
tgn,test,2024-03,country_us,country_fr,-0.11655595609578077,-0.10331715643405914
tgn,test,2024-03,country_us,country_gb,0.19932068837261444,-0.08735819905996323
tgn,test,2024-03,country_us,country_in,0.29740072941618434,-0.10777749121189117
tgn,test,2024-03,country_us,country_jp,-0.3239642196641039,-0.030596747994422913
tgn,test,2024-03,country_us,country_kr,-0.004899927316816603,-0.08725089579820633
tgn,test,2024-03,country_us,country_mx,-0.053738367912939726,-0.09347127377986908
tgn,test,2024-03,country_us,country_my,0.07108881930062849,-0.042141251266002655
tgn,test,2024-03,country_us,country_ph,0.06582843058569159,-0.06588184088468552
tgn,test,2024-03,country_us,country_sg,-0.21552953169747427,-0.014471150934696198
tgn,test,2024-03,country_us,country_th,-0.302811340930967,0.1886390745639801
tgn,test,2024-03,country_vn,country_203,-0.07957148552445295,1.4570565223693848
tgn,test,2024-03,country_vn,country_344,-0.08862243479867025,1.4871320724487305
tgn,test,2024-03,country_vn,country_372,9.133739519807413,1.4634058475494385
tgn,test,2024-03,country_vn,country_380,0.2606550379696898,1.4592595100402832
tgn,test,2024-03,country_vn,country_cn,-0.2614834881195994,1.1210219860076904
tgn,test,2024-03,country_vn,country_de,-0.2242139040064429,1.0985267162322998
tgn,test,2024-03,country_vn,country_fr,-0.3710302276882606,1.0781404972076416
tgn,test,2024-03,country_vn,country_gb,-0.16048756978799766,1.1874024868011475
tgn,test,2024-03,country_vn,country_in,-0.006588307334949781,1.1004250049591064
tgn,test,2024-03,country_vn,country_jp,-0.35730990034999327,1.260979175567627
tgn,test,2024-03,country_vn,country_kr,0.08805050313986491,1.15440034866333
tgn,test,2024-03,country_vn,country_mx,0.36819110691026496,1.1148312091827393
tgn,test,2024-03,country_vn,country_my,-0.3757222312268055,1.1232399940490723
tgn,test,2024-03,country_vn,country_ph,-0.09981963263464418,1.1270530223846436
tgn,test,2024-03,country_vn,country_sg,0.06662358582920022,1.3413188457489014
tgn,test,2024-03,country_vn,country_th,0.021105669542253434,1.5740232467651367
tgn,test,2024-03,country_vn,country_us,0.4919491039495934,1.1251332759857178
tgn,test,2024-04,country_203,country_344,-0.054847161105393054,0.06341715157032013
tgn,test,2024-04,country_203,country_372,-0.5099048486206046,0.08761802315711975
tgn,test,2024-04,country_203,country_380,-0.5443023836123665,0.043190643191337585
tgn,test,2024-04,country_203,country_cn,0.0016034251168239105,0.12156273424625397
tgn,test,2024-04,country_203,country_de,-0.42790977317500595,0.13565029203891754
tgn,test,2024-04,country_203,country_fr,-0.6874875791604094,0.14837348461151123
tgn,test,2024-04,country_203,country_gb,0.5801070764468105,0.38476067781448364
tgn,test,2024-04,country_203,country_in,-0.425172879479517,0.11162504553794861
tgn,test,2024-04,country_203,country_jp,-0.18621659246564415,0.11955410242080688
tgn,test,2024-04,country_203,country_kr,0.09099292039990658,0.10399836301803589
tgn,test,2024-04,country_203,country_mx,-0.1534703380561813,0.261736661195755
tgn,test,2024-04,country_203,country_my,-0.35305773604111046,0.1414511799812317
tgn,test,2024-04,country_203,country_ph,0.17239231526806603,0.13637417554855347
tgn,test,2024-04,country_203,country_sg,-0.14869693167813805,0.22149622440338135
tgn,test,2024-04,country_203,country_th,0.01388291468532621,0.13464903831481934
tgn,test,2024-04,country_203,country_us,2.7373961129905413,0.2940490245819092
tgn,test,2024-04,country_344,country_203,9.517011026320132,0.06514480710029602
tgn,test,2024-04,country_344,country_372,0.4034108132457239,0.21392789483070374
tgn,test,2024-04,country_344,country_380,-0.37597674210329374,0.12742704153060913
tgn,test,2024-04,country_344,country_cn,0.44950814670940253,0.23627251386642456
tgn,test,2024-04,country_344,country_de,0.18389117960624224,0.21261847019195557
tgn,test,2024-04,country_344,country_fr,-0.11665438795769054,0.30576032400131226
tgn,test,2024-04,country_344,country_gb,-0.3373742590841174,0.5814208984375
tgn,test,2024-04,country_344,country_in,0.229301856770411,0.27861732244491577
tgn,test,2024-04,country_344,country_jp,-0.4979805028701137,0.2268838882446289
tgn,test,2024-04,country_344,country_kr,-0.35516480338162953,0.2872293293476105
tgn,test,2024-04,country_344,country_mx,-0.2215848807188096,0.45963823795318604
tgn,test,2024-04,country_344,country_my,0.19726939785239825,0.3382335901260376
tgn,test,2024-04,country_344,country_ph,-0.36203533868209176,0.308834046125412
tgn,test,2024-04,country_344,country_sg,-0.33145403298460735,0.3915242552757263
tgn,test,2024-04,country_344,country_th,-0.12416899442036901,0.3031282424926758
tgn,test,2024-04,country_344,country_us,-0.45577146354920545,0.4871973395347595
tgn,test,2024-04,country_372,country_203,0.941832754743147,0.04765556752681732
tgn,test,2024-04,country_372,country_344,-0.15761552142222235,0.156989187002182
tgn,test,2024-04,country_372,country_380,-0.6546939484676055,0.10361319780349731
tgn,test,2024-04,country_372,country_cn,-0.010727188224032774,0.22489911317825317
tgn,test,2024-04,country_372,country_de,-0.5663898224723709,0.19038042426109314
tgn,test,2024-04,country_372,country_fr,0.5389863788537135,0.29448145627975464
tgn,test,2024-04,country_372,country_gb,0.462591703141602,0.5940417647361755
tgn,test,2024-04,country_372,country_in,-0.9151821665903586,0.20689436793327332
tgn,test,2024-04,country_372,country_jp,-0.45831311550305787,0.22618886828422546
tgn,test,2024-04,country_372,country_kr,-0.4237759930719507,0.26802143454551697
tgn,test,2024-04,country_372,country_mx,-0.05666565151069837,0.4752200245857239
tgn,test,2024-04,country_372,country_my,0.3346566365568598,0.357940673828125
tgn,test,2024-04,country_372,country_ph,0.09763356452440432,0.2761002480983734
tgn,test,2024-04,country_372,country_sg,0.6537157625704001,0.37793248891830444
tgn,test,2024-04,country_372,country_th,3.5065207346422373,0.26641398668289185
tgn,test,2024-04,country_372,country_us,0.3377228440130083,0.5274248719215393
tgn,test,2024-04,country_380,country_203,0.25609316197702797,0.08875271677970886
tgn,test,2024-04,country_380,country_344,0.39720193834846834,0.16454070806503296
tgn,test,2024-04,country_380,country_372,0.2870152945534196,0.18618911504745483
tgn,test,2024-04,country_380,country_cn,0.2020582751418354,0.2405177354812622
tgn,test,2024-04,country_380,country_de,-0.02653430422659064,0.2560104727745056
tgn,test,2024-04,country_380,country_fr,-0.39659765053110935,0.307979017496109
tgn,test,2024-04,country_380,country_gb,0.4278394836270865,0.5596453547477722
tgn,test,2024-04,country_380,country_in,0.671468199162903,0.24115943908691406
tgn,test,2024-04,country_380,country_jp,-0.18999544408804514,0.2449638843536377
tgn,test,2024-04,country_380,country_kr,0.8123172192346497,0.24851703643798828
tgn,test,2024-04,country_380,country_mx,0.30194658465576285,0.43192076683044434
tgn,test,2024-04,country_380,country_my,-0.19599293936350504,0.3063187897205353
tgn,test,2024-04,country_380,country_ph,0.6914215829010218,0.28503262996673584
tgn,test,2024-04,country_380,country_sg,0.037305050841710714,0.3825184106826782
tgn,test,2024-04,country_380,country_th,0.03741728882861771,0.2768288254737854
tgn,test,2024-04,country_380,country_us,-0.08935590586723115,0.473308265209198
tgn,test,2024-04,country_50,country_jp,-0.6214471022797992,0.17183822393417358
tgn,test,2024-04,country_50,country_sg,-0.011920277186178836,0.2988409698009491
tgn,test,2024-04,country_50,country_us,-0.9669010155116616,0.4569673538208008
tgn,test,2024-04,country_cn,country_203,-0.22307796537631766,0.09911982715129852
tgn,test,2024-04,country_cn,country_344,-0.028762817171373023,0.10306224226951599
tgn,test,2024-04,country_cn,country_372,-0.18693564035100707,0.11166730523109436
tgn,test,2024-04,country_cn,country_380,-0.03872962265057398,0.09642322361469269
tgn,test,2024-04,country_cn,country_de,-0.03196297190349523,0.24317067861557007
tgn,test,2024-04,country_cn,country_fr,0.2686043245530284,0.2875991463661194
tgn,test,2024-04,country_cn,country_gb,-0.26201883006581317,0.5176120400428772
tgn,test,2024-04,country_cn,country_in,-0.19805337319632968,0.2468489110469818
tgn,test,2024-04,country_cn,country_jp,-0.11390202093040885,0.23107749223709106
tgn,test,2024-04,country_cn,country_kr,0.0530523417665452,0.2504673898220062
tgn,test,2024-04,country_cn,country_mx,-0.06591850472067297,0.3671681582927704
tgn,test,2024-04,country_cn,country_my,0.017394672129428395,0.2912680506706238
tgn,test,2024-04,country_cn,country_ph,0.4881404523234502,0.2767300009727478
tgn,test,2024-04,country_cn,country_sg,0.010067518966670392,0.32894057035446167
tgn,test,2024-04,country_cn,country_th,0.07251654084177786,0.27710241079330444
tgn,test,2024-04,country_cn,country_us,0.0932010532425425,0.40624189376831055
tgn,test,2024-04,country_de,country_203,0.04388169845769855,0.10828256607055664
tgn,test,2024-04,country_de,country_344,-0.08572818045780937,0.10847647488117218
tgn,test,2024-04,country_de,country_372,1.0216427178909566,0.11836567521095276
tgn,test,2024-04,country_de,country_380,-0.2630956326592432,0.11144524812698364
tgn,test,2024-04,country_de,country_cn,0.06787469676559041,0.2266593873500824
tgn,test,2024-04,country_de,country_fr,0.10742937964461588,0.30683156847953796
tgn,test,2024-04,country_de,country_gb,-0.10251763713914994,0.533215343952179
tgn,test,2024-04,country_de,country_in,0.7538733652855002,0.2579653859138489
tgn,test,2024-04,country_de,country_jp,0.07872827840741348,0.22807717323303223
tgn,test,2024-04,country_de,country_kr,0.14523733638819492,0.23906093835830688
tgn,test,2024-04,country_de,country_mx,0.1509488491771429,0.4065529704093933
tgn,test,2024-04,country_de,country_my,0.00795798187760435,0.3026931881904602
tgn,test,2024-04,country_de,country_ph,-0.00038237116894830695,0.2696872353553772
tgn,test,2024-04,country_de,country_sg,-0.07011180329174796,0.3573249280452728
tgn,test,2024-04,country_de,country_th,-0.34298798930496166,0.2817249000072479
tgn,test,2024-04,country_de,country_us,-0.13734217946055632,0.40853697061538696
tgn,test,2024-04,country_fr,country_203,0.15073929136996256,0.11356933414936066
tgn,test,2024-04,country_fr,country_344,0.6490353256425258,0.12756100296974182
tgn,test,2024-04,country_fr,country_372,-0.7002877052390604,0.1406383514404297
tgn,test,2024-04,country_fr,country_380,0.07143908035519587,0.12237077951431274
tgn,test,2024-04,country_fr,country_cn,-0.13642924072655635,0.23052069544792175
tgn,test,2024-04,country_fr,country_de,0.11037363499054834,0.24685773253440857
tgn,test,2024-04,country_fr,country_gb,-0.04117477796085959,0.4897692799568176
tgn,test,2024-04,country_fr,country_in,-0.2810183851659045,0.2574605941772461
tgn,test,2024-04,country_fr,country_jp,-0.18842492982955764,0.2286151647567749
tgn,test,2024-04,country_fr,country_kr,-0.3112149085404404,0.24173900485038757
tgn,test,2024-04,country_fr,country_mx,-0.3457631680544243,0.38540786504745483
tgn,test,2024-04,country_fr,country_my,-0.023487066779645748,0.2911994457244873
tgn,test,2024-04,country_fr,country_ph,-0.13707216837322733,0.27052146196365356
tgn,test,2024-04,country_fr,country_sg,0.1177565367147747,0.32645994424819946
tgn,test,2024-04,country_fr,country_th,0.4368164666811699,0.2796666622161865
tgn,test,2024-04,country_fr,country_us,-0.14112774548716264,0.431617796421051
tgn,test,2024-04,country_gb,country_203,-0.12320054704730975,0.2145167589187622
tgn,test,2024-04,country_gb,country_344,0.9796976981693631,0.22833117842674255
tgn,test,2024-04,country_gb,country_372,-0.3121167889069865,0.24242770671844482
tgn,test,2024-04,country_gb,country_380,0.008303557345613714,0.21324396133422852
tgn,test,2024-04,country_gb,country_cn,0.0009154232894634991,0.2662418782711029
tgn,test,2024-04,country_gb,country_de,0.18488207947817675,0.2797924876213074
tgn,test,2024-04,country_gb,country_fr,-0.44529091271059346,0.3164500594139099
tgn,test,2024-04,country_gb,country_in,-0.14835416355624048,0.2924489378929138
tgn,test,2024-04,country_gb,country_jp,0.1245235814634599,0.26654502749443054
tgn,test,2024-04,country_gb,country_kr,-0.5811830367289169,0.2836410403251648
tgn,test,2024-04,country_gb,country_mx,0.3035841651944165,0.4226001501083374
tgn,test,2024-04,country_gb,country_my,-0.48853709322647176,0.3309164047241211
tgn,test,2024-04,country_gb,country_ph,-0.1583590883449572,0.31007784605026245
tgn,test,2024-04,country_gb,country_sg,-0.1633045983028449,0.3676375150680542
tgn,test,2024-04,country_gb,country_th,0.1544582309356528,0.31704041361808777
tgn,test,2024-04,country_gb,country_us,-0.2685366285325324,0.5256020426750183
tgn,test,2024-04,country_in,country_203,-0.7439571929392952,0.08306616544723511
tgn,test,2024-04,country_in,country_344,0.5641498259780834,0.10520252585411072
tgn,test,2024-04,country_in,country_372,0.18863696124615348,0.12426118552684784
tgn,test,2024-04,country_in,country_380,-0.5611099141944836,0.09146322309970856
tgn,test,2024-04,country_in,country_cn,-0.14643509958087167,0.20749419927597046
tgn,test,2024-04,country_in,country_de,-0.061466731853845026,0.22444307804107666
tgn,test,2024-04,country_in,country_fr,0.6686680518682908,0.27021321654319763
tgn,test,2024-04,country_in,country_gb,-0.04925384050049548,0.49412232637405396
tgn,test,2024-04,country_in,country_jp,-0.08223983142248517,0.2114841341972351
tgn,test,2024-04,country_in,country_kr,-0.7761115932308782,0.21270859241485596
tgn,test,2024-04,country_in,country_mx,-0.08368717474276977,0.3829612731933594
tgn,test,2024-04,country_in,country_my,1.283947786400563,0.257448673248291
tgn,test,2024-04,country_in,country_ph,-0.5208268979446359,0.2215157151222229
tgn,test,2024-04,country_in,country_sg,0.07245159375373562,0.3382900357246399
tgn,test,2024-04,country_in,country_th,-0.5374855815608628,0.2695271968841553
tgn,test,2024-04,country_in,country_us,1.4527281584175886,0.4203938841819763
tgn,test,2024-04,country_jp,country_203,-0.2709728412345618,0.10317572951316833
tgn,test,2024-04,country_jp,country_344,0.09979335831325208,0.11462122201919556
tgn,test,2024-04,country_jp,country_372,0.29986765139551425,0.11736929416656494
tgn,test,2024-04,country_jp,country_380,-0.2955775389763229,0.09680482745170593
tgn,test,2024-04,country_jp,country_cn,-0.08629087295296187,0.2530609965324402
tgn,test,2024-04,country_jp,country_de,-0.14807867416844225,0.2527798116207123
tgn,test,2024-04,country_jp,country_fr,0.37225200318784185,0.2913573384284973
tgn,test,2024-04,country_jp,country_gb,-0.3212051581184995,0.5110177397727966
tgn,test,2024-04,country_jp,country_in,-0.2559494346305863,0.25951218605041504
tgn,test,2024-04,country_jp,country_kr,-0.1979201618691543,0.26319169998168945
tgn,test,2024-04,country_jp,country_mx,0.04222416334364254,0.4096701741218567
tgn,test,2024-04,country_jp,country_my,-0.06138855673167242,0.3196137547492981
tgn,test,2024-04,country_jp,country_ph,-0.21243426722103317,0.29385796189308167
tgn,test,2024-04,country_jp,country_sg,0.09352830151445245,0.3472100794315338
tgn,test,2024-04,country_jp,country_th,0.5556526730956395,0.2921050786972046
tgn,test,2024-04,country_jp,country_us,-0.09250797928273569,0.43434178829193115
tgn,test,2024-04,country_kr,country_203,-0.12196750701510306,0.13797344267368317
tgn,test,2024-04,country_kr,country_344,0.08259790940398136,0.15844398736953735
tgn,test,2024-04,country_kr,country_372,-0.4318377808755386,0.1563187837600708
tgn,test,2024-04,country_kr,country_380,-0.4371078508539239,0.13511399924755096
tgn,test,2024-04,country_kr,country_cn,0.18861366340799984,0.2884296178817749
tgn,test,2024-04,country_kr,country_de,-0.1610694983050999,0.2831990718841553
tgn,test,2024-04,country_kr,country_fr,-0.5815468526542859,0.324414998292923
tgn,test,2024-04,country_kr,country_gb,0.18560262998895333,0.5538052916526794
tgn,test,2024-04,country_kr,country_in,0.25851011868459206,0.2978742718696594
tgn,test,2024-04,country_kr,country_jp,-0.3293301423317316,0.27605077624320984
tgn,test,2024-04,country_kr,country_mx,0.25967402956103697,0.4517251253128052
tgn,test,2024-04,country_kr,country_my,0.10156034153499427,0.34395554661750793
tgn,test,2024-04,country_kr,country_ph,0.5915960819810338,0.3233310282230377
tgn,test,2024-04,country_kr,country_sg,-0.07350240937796271,0.3902244567871094
tgn,test,2024-04,country_kr,country_th,0.43824258247800973,0.3230876326560974
tgn,test,2024-04,country_kr,country_us,-0.0696940752819467,0.486328661441803
tgn,test,2024-04,country_mx,country_203,0.7151657248347684,0.2372731864452362
tgn,test,2024-04,country_mx,country_344,1.0658073717332073,0.2454269528388977
tgn,test,2024-04,country_mx,country_372,-0.3637807155318706,0.2527724504470825
tgn,test,2024-04,country_mx,country_380,1.0251047791473515,0.2315390706062317
tgn,test,2024-04,country_mx,country_cn,0.01580143754285161,0.3040901720523834
tgn,test,2024-04,country_mx,country_de,-0.38651817424059504,0.31920546293258667
tgn,test,2024-04,country_mx,country_fr,-0.13584227143979036,0.34037789702415466
tgn,test,2024-04,country_mx,country_gb,-0.634733835715564,0.5806368589401245
tgn,test,2024-04,country_mx,country_in,0.5301405909110667,0.3407626748085022
tgn,test,2024-04,country_mx,country_jp,0.17272044341724163,0.3081110119819641
tgn,test,2024-04,country_mx,country_kr,0.0707613265815474,0.3124901056289673
tgn,test,2024-04,country_mx,country_my,4.628430209821918,0.35406678915023804
tgn,test,2024-04,country_mx,country_ph,-0.5089951727493156,0.33913862705230713
tgn,test,2024-04,country_mx,country_sg,-0.05542581570390211,0.3967359662055969
tgn,test,2024-04,country_mx,country_th,-0.17411335681356283,0.3577169179916382
tgn,test,2024-04,country_mx,country_us,-0.044497325306425,0.5591599345207214
tgn,test,2024-04,country_my,country_203,-0.43572843592307364,0.16536861658096313
tgn,test,2024-04,country_my,country_344,-0.12279789474322989,0.1828741431236267
tgn,test,2024-04,country_my,country_372,0.006849184848485523,0.1871182918548584
tgn,test,2024-04,country_my,country_380,-0.06506858642991163,0.16063880920410156
tgn,test,2024-04,country_my,country_cn,-0.09182505962922302,0.2981373071670532
tgn,test,2024-04,country_my,country_de,-0.10124247723049734,0.2961045503616333
tgn,test,2024-04,country_my,country_fr,-0.29201254838990653,0.3446483016014099
tgn,test,2024-04,country_my,country_gb,-0.3001875444783358,0.567551851272583
tgn,test,2024-04,country_my,country_in,-0.5505704696252961,0.3068373501300812
tgn,test,2024-04,country_my,country_jp,-0.12248481930374233,0.2847529649734497
tgn,test,2024-04,country_my,country_kr,-0.14362135261757908,0.30250710248947144
tgn,test,2024-04,country_my,country_mx,-0.08128262924319445,0.4558984637260437
tgn,test,2024-04,country_my,country_ph,-0.038127040500547826,0.32745271921157837
tgn,test,2024-04,country_my,country_sg,0.5526148233684545,0.39627331495285034
tgn,test,2024-04,country_my,country_th,0.741570102098838,0.3318096995353699
tgn,test,2024-04,country_my,country_us,-0.021130361876841024,0.510075032711029
tgn,test,2024-04,country_ph,country_203,-0.14873298596178744,0.145710289478302
tgn,test,2024-04,country_ph,country_344,-0.15762707578455332,0.1669081151485443
tgn,test,2024-04,country_ph,country_372,-0.2257674425506981,0.18040025234222412
tgn,test,2024-04,country_ph,country_380,-0.43884213066105077,0.14433231949806213
tgn,test,2024-04,country_ph,country_cn,-0.13793432840934694,0.28105729818344116
tgn,test,2024-04,country_ph,country_de,-0.12426887805124337,0.2846158742904663
tgn,test,2024-04,country_ph,country_fr,-0.6548401700411812,0.32707682251930237
tgn,test,2024-04,country_ph,country_gb,-0.40749927287734367,0.5729414820671082
tgn,test,2024-04,country_ph,country_in,-0.3025845558475299,0.2984582781791687
tgn,test,2024-04,country_ph,country_jp,0.02719313117371393,0.28410637378692627
tgn,test,2024-04,country_ph,country_kr,-0.033183447730700436,0.2910962700843811
tgn,test,2024-04,country_ph,country_mx,-0.14485183379545943,0.46480780839920044
tgn,test,2024-04,country_ph,country_my,-0.12372570225636378,0.33884888887405396
tgn,test,2024-04,country_ph,country_sg,-0.20473936314520375,0.4008907079696655
tgn,test,2024-04,country_ph,country_th,0.1138083513580515,0.3248785138130188
tgn,test,2024-04,country_ph,country_us,-0.20198306862406903,0.473145067691803
tgn,test,2024-04,country_sg,country_203,0.0907298930994271,0.19880908727645874
tgn,test,2024-04,country_sg,country_344,0.10383009973645412,0.22129422426223755
tgn,test,2024-04,country_sg,country_372,-0.08100327682156928,0.2198413908481598
tgn,test,2024-04,country_sg,country_380,0.7551226530079672,0.19674289226531982
tgn,test,2024-04,country_sg,country_cn,0.08636423944509676,0.31384605169296265
tgn,test,2024-04,country_sg,country_de,0.2540549987258386,0.31827500462532043
tgn,test,2024-04,country_sg,country_fr,0.15469517787268486,0.35532519221305847
tgn,test,2024-04,country_sg,country_gb,-0.23519705312982916,0.5919880270957947
tgn,test,2024-04,country_sg,country_in,-0.14988763873228686,0.3351234495639801
tgn,test,2024-04,country_sg,country_jp,-0.038659713469094026,0.30875810980796814
tgn,test,2024-04,country_sg,country_kr,0.08162372248326402,0.327455997467041
tgn,test,2024-04,country_sg,country_mx,-0.014027161460601383,0.47479182481765747
tgn,test,2024-04,country_sg,country_my,0.21920093851640712,0.3837743401527405
tgn,test,2024-04,country_sg,country_ph,-0.08965256022375445,0.3568454384803772
tgn,test,2024-04,country_sg,country_th,-0.2438069081235187,0.3524573743343353
tgn,test,2024-04,country_sg,country_us,-0.038848554088703705,0.5435009598731995
tgn,test,2024-04,country_th,country_203,-0.22890456727316622,0.13045725226402283
tgn,test,2024-04,country_th,country_344,-0.19104016852337902,0.14629018306732178
tgn,test,2024-04,country_th,country_372,-0.11441139503661729,0.15420380234718323
tgn,test,2024-04,country_th,country_380,0.17518071979088617,0.12808774411678314
tgn,test,2024-04,country_th,country_cn,-0.17810369738017162,0.2572183310985565
tgn,test,2024-04,country_th,country_de,-0.2230243410750866,0.27205759286880493
tgn,test,2024-04,country_th,country_fr,-0.17995194791103203,0.31753009557724
tgn,test,2024-04,country_th,country_gb,-0.1392587820824661,0.5572261214256287
tgn,test,2024-04,country_th,country_in,0.05883681380605399,0.29355111718177795
tgn,test,2024-04,country_th,country_jp,-0.12216848044064652,0.2579461634159088
tgn,test,2024-04,country_th,country_kr,-0.13880756504433117,0.2690923810005188
tgn,test,2024-04,country_th,country_mx,0.12762973090560636,0.4387689232826233
tgn,test,2024-04,country_th,country_my,0.11214016011962888,0.322267085313797
tgn,test,2024-04,country_th,country_ph,0.022945043705668786,0.29680463671684265
tgn,test,2024-04,country_th,country_sg,-0.24523917091428935,0.3872646987438202
tgn,test,2024-04,country_th,country_us,-0.2277189700086582,0.4684579372406006
tgn,test,2024-04,country_tw,country_203,0.04596993943462444,0.10523153841495514
tgn,test,2024-04,country_tw,country_344,-0.07084769778760086,0.11882917582988739
tgn,test,2024-04,country_tw,country_372,-0.11986068753745355,0.11127376556396484
tgn,test,2024-04,country_tw,country_380,-0.27241434050971836,0.09788909554481506
tgn,test,2024-04,country_tw,country_cn,-0.03289569576696984,0.2520701587200165
tgn,test,2024-04,country_tw,country_de,-0.27274607488640373,0.25149333477020264
tgn,test,2024-04,country_tw,country_fr,-0.30250435890365385,0.30051958560943604
tgn,test,2024-04,country_tw,country_gb,-0.33286869854742324,0.5342406034469604
tgn,test,2024-04,country_tw,country_in,0.46766244149049346,0.27146315574645996
tgn,test,2024-04,country_tw,country_jp,-0.24417854325498242,0.24792268872261047
tgn,test,2024-04,country_tw,country_kr,0.3473178444168162,0.2610933482646942
tgn,test,2024-04,country_tw,country_mx,0.33692756123428824,0.41893208026885986
tgn,test,2024-04,country_tw,country_my,0.06177927974069988,0.31545397639274597
tgn,test,2024-04,country_tw,country_ph,-0.18806687711862297,0.2854156494140625
tgn,test,2024-04,country_tw,country_sg,0.015935222382990825,0.3722183406352997
tgn,test,2024-04,country_tw,country_th,0.5990731411308824,0.2925161123275757
tgn,test,2024-04,country_tw,country_us,0.16660829193668666,0.41389715671539307
tgn,test,2024-04,country_us,country_203,4.555518608359629,0.08419579267501831
tgn,test,2024-04,country_us,country_344,-0.11033856897466958,0.10020017623901367
tgn,test,2024-04,country_us,country_372,1.371873573342653,0.11293652653694153
tgn,test,2024-04,country_us,country_380,-0.12690633612376212,0.07098805904388428
tgn,test,2024-04,country_us,country_cn,0.2805045989952466,0.023347944021224976
tgn,test,2024-04,country_us,country_de,-0.42496118333018285,0.00864623486995697
tgn,test,2024-04,country_us,country_fr,-0.15019187073224008,0.056762516498565674
tgn,test,2024-04,country_us,country_gb,0.07166764123446787,0.2773832678794861
tgn,test,2024-04,country_us,country_in,0.7067583175549378,0.038710370659828186
tgn,test,2024-04,country_us,country_jp,-0.16686398925181412,0.031152144074440002
tgn,test,2024-04,country_us,country_kr,-0.0647544679048656,0.03764748573303223
tgn,test,2024-04,country_us,country_mx,0.00988515738114975,0.15210363268852234
tgn,test,2024-04,country_us,country_my,0.20956844879864184,0.07406483590602875
tgn,test,2024-04,country_us,country_ph,0.03703154968843887,0.04619854688644409
tgn,test,2024-04,country_us,country_sg,0.922509481244285,0.14386701583862305
tgn,test,2024-04,country_us,country_th,1.1222551625806996,0.04850688576698303
tgn,test,2024-04,country_vn,country_203,1.019666572630365,1.4366505146026611
tgn,test,2024-04,country_vn,country_344,-0.396302663812916,1.4223461151123047
tgn,test,2024-04,country_vn,country_372,-0.6117738253836339,1.5235943794250488
tgn,test,2024-04,country_vn,country_380,0.5273149208178345,1.4145855903625488
tgn,test,2024-04,country_vn,country_cn,-0.2721802833867314,1.1276726722717285
tgn,test,2024-04,country_vn,country_de,-0.31533718935475585,1.0633306503295898
tgn,test,2024-04,country_vn,country_fr,0.37575359532419633,1.1999485492706299
tgn,test,2024-04,country_vn,country_gb,-0.2742223514158979,1.4577851295471191
tgn,test,2024-04,country_vn,country_in,-0.4155665083619965,1.1931874752044678
tgn,test,2024-04,country_vn,country_jp,-0.1843044991979436,1.1652212142944336
tgn,test,2024-04,country_vn,country_kr,-0.018133062718618993,1.1864018440246582
tgn,test,2024-04,country_vn,country_mx,-0.3674436749922339,1.3651278018951416
tgn,test,2024-04,country_vn,country_my,0.32109744226186926,1.2047576904296875
tgn,test,2024-04,country_vn,country_ph,0.10347476454007316,1.183281660079956
tgn,test,2024-04,country_vn,country_sg,0.05755374791822649,1.3341636657714844
tgn,test,2024-04,country_vn,country_th,0.5936159023589618,1.1577470302581787
tgn,test,2024-04,country_vn,country_us,0.33457030554874945,1.1637365818023682
tgn,test,2024-05,country_203,country_344,0.06785053589375828,-0.009061142802238464
tgn,test,2024-05,country_203,country_372,-0.7008984237396317,0.33470213413238525
tgn,test,2024-05,country_203,country_380,-0.5224179960669851,-0.01315443217754364
tgn,test,2024-05,country_203,country_cn,0.09121242500830605,0.1267789602279663
tgn,test,2024-05,country_203,country_de,-0.10753378548895037,0.11431884765625
tgn,test,2024-05,country_203,country_fr,-0.5119305913175412,0.11489629745483398
tgn,test,2024-05,country_203,country_gb,0.06952964461595454,0.1039409339427948
tgn,test,2024-05,country_203,country_in,0.545171155888407,0.09180119633674622
tgn,test,2024-05,country_203,country_jp,0.26662776698002666,0.1259341537952423
tgn,test,2024-05,country_203,country_kr,-0.532287327575711,0.1048632264137268
tgn,test,2024-05,country_203,country_mx,-0.36646079597562337,0.07534328103065491
tgn,test,2024-05,country_203,country_my,-0.2644530656477574,0.09020070731639862
tgn,test,2024-05,country_203,country_ph,0.0210339832560347,0.1525886058807373
tgn,test,2024-05,country_203,country_sg,-0.08514795153660613,0.08275610208511353
tgn,test,2024-05,country_203,country_th,-0.18881360241274125,0.40550434589385986
tgn,test,2024-05,country_203,country_us,-0.3084405812455606,0.26755136251449585
tgn,test,2024-05,country_344,country_203,9.43485983291549,-0.011561974883079529
tgn,test,2024-05,country_344,country_372,17.4496968732199,0.335306316614151
tgn,test,2024-05,country_344,country_380,-0.440061477970799,-0.019699469208717346
tgn,test,2024-05,country_344,country_cn,-0.10183485697086302,0.12538400292396545
tgn,test,2024-05,country_344,country_de,0.10254917494428871,0.10857246816158295
tgn,test,2024-05,country_344,country_fr,0.2650418729702999,0.10539856553077698
tgn,test,2024-05,country_344,country_gb,-0.23753839387417988,0.09487132728099823
tgn,test,2024-05,country_344,country_in,0.3826790119831809,0.10435283184051514
tgn,test,2024-05,country_344,country_jp,-0.46267235750879804,0.10678866505622864
tgn,test,2024-05,country_344,country_kr,-0.7064757087990228,0.11598218977451324
tgn,test,2024-05,country_344,country_mx,5.7049230774525785,0.06811514496803284
tgn,test,2024-05,country_344,country_my,-0.06972630668667053,0.11795240640640259
tgn,test,2024-05,country_344,country_ph,-0.2248261417995374,0.16039720177650452
tgn,test,2024-05,country_344,country_sg,-0.3292326207241095,0.07899832725524902
tgn,test,2024-05,country_344,country_th,-0.4070164045082586,0.4134087562561035
tgn,test,2024-05,country_344,country_us,1.5268613731388643,0.24381840229034424
tgn,test,2024-05,country_372,country_203,2.809539211079736,-0.10866166651248932
tgn,test,2024-05,country_372,country_344,0.7669575141160785,-0.13654837012290955
tgn,test,2024-05,country_372,country_380,-0.7648400781528257,-0.1536693572998047
tgn,test,2024-05,country_372,country_cn,0.09812138123082588,-0.021352559328079224
tgn,test,2024-05,country_372,country_de,-0.3276797251245095,-0.06476239860057831
tgn,test,2024-05,country_372,country_fr,-0.003606183422384858,-0.01633220911026001
tgn,test,2024-05,country_372,country_gb,-0.4381512846198854,-0.03886495530605316
tgn,test,2024-05,country_372,country_in,0.6240332863122168,-0.09455907344818115
tgn,test,2024-05,country_372,country_jp,-0.18299197142043327,-0.01102149486541748
tgn,test,2024-05,country_372,country_kr,0.13514557586319526,0.033636391162872314
tgn,test,2024-05,country_372,country_mx,-0.01558261900200361,0.07077720761299133
tgn,test,2024-05,country_372,country_my,0.5057215215018498,0.12053407728672028
tgn,test,2024-05,country_372,country_ph,-0.18445045036850066,0.2225433886051178
tgn,test,2024-05,country_372,country_sg,-0.6270104770388791,-0.03827372193336487
tgn,test,2024-05,country_372,country_th,3.0768850026569323,0.6763768792152405
tgn,test,2024-05,country_372,country_us,0.5635888750265032,0.5108271837234497
tgn,test,2024-05,country_380,country_203,0.5580305660943562,-0.01282421499490738
tgn,test,2024-05,country_380,country_344,0.1264152167544212,-0.008353814482688904
tgn,test,2024-05,country_380,country_372,-0.09420385217633848,0.3304142951965332
tgn,test,2024-05,country_380,country_cn,0.07003317471243818,0.10833793878555298
tgn,test,2024-05,country_380,country_de,0.33355076875389966,0.10490584373474121
tgn,test,2024-05,country_380,country_fr,-0.5002725438625062,0.11618050932884216
tgn,test,2024-05,country_380,country_gb,-0.022396821385996225,0.08757391571998596
tgn,test,2024-05,country_380,country_in,-0.3761306177806504,0.08104485273361206
tgn,test,2024-05,country_380,country_jp,-0.3110785086988802,0.11915567517280579
tgn,test,2024-05,country_380,country_kr,7.351553992970992,0.08667628467082977
tgn,test,2024-05,country_380,country_mx,-0.3067113491780836,0.05246751010417938
tgn,test,2024-05,country_380,country_my,0.03248955755923957,0.07871916890144348
tgn,test,2024-05,country_380,country_ph,0.3177468090116699,0.13702034950256348
tgn,test,2024-05,country_380,country_sg,-0.14182513342113373,0.08292451500892639
tgn,test,2024-05,country_380,country_th,-0.11485281950697943,0.3938907980918884
tgn,test,2024-05,country_380,country_us,0.5731903759279546,0.25345340371131897
tgn,test,2024-05,country_50,country_344,-0.9466933002643408,-0.05796588584780693
tgn,test,2024-05,country_50,country_cn,-0.9991665972164347,0.038678571581840515
tgn,test,2024-05,country_50,country_de,4.4696184177684275,0.03361578285694122
tgn,test,2024-05,country_50,country_jp,-0.5786539405120502,0.07616645097732544
tgn,test,2024-05,country_50,country_sg,0.9755236975110463,0.025754332542419434
tgn,test,2024-05,country_50,country_us,0.2717236595021948,0.29694610834121704
tgn,test,2024-05,country_cn,country_203,0.30355248464548357,0.015394829213619232
tgn,test,2024-05,country_cn,country_344,0.17638070171501416,0.014940381050109863
tgn,test,2024-05,country_cn,country_372,0.04965185686060141,0.31457191705703735
tgn,test,2024-05,country_cn,country_380,-0.3496386902007615,0.01016145944595337
tgn,test,2024-05,country_cn,country_de,-0.05212906278530081,0.11292682588100433
tgn,test,2024-05,country_cn,country_fr,0.046167789829693905,0.12779481709003448
tgn,test,2024-05,country_cn,country_gb,-0.032799881916617375,0.1131972074508667
tgn,test,2024-05,country_cn,country_in,-0.1217575828290204,0.11136895418167114
tgn,test,2024-05,country_cn,country_jp,-0.18622144275449756,0.13326570391654968
tgn,test,2024-05,country_cn,country_kr,-0.0011016954514167924,0.15680965781211853
tgn,test,2024-05,country_cn,country_mx,0.0529000431325326,0.12432688474655151
tgn,test,2024-05,country_cn,country_my,0.0867520797730022,0.1362132430076599
tgn,test,2024-05,country_cn,country_ph,0.2682425242447032,0.22453981637954712
tgn,test,2024-05,country_cn,country_sg,0.03954832081027789,0.10881762206554413
tgn,test,2024-05,country_cn,country_th,0.11089594465741859,0.5200147032737732
tgn,test,2024-05,country_cn,country_us,0.28222005537237776,0.23507004976272583
tgn,test,2024-05,country_de,country_203,-0.11576337275500462,0.009854868054389954
tgn,test,2024-05,country_de,country_344,-0.16601312887430458,0.004622712731361389
tgn,test,2024-05,country_de,country_372,0.06242418120728626,0.34570592641830444
tgn,test,2024-05,country_de,country_380,-0.19294113371461596,0.007687479257583618
tgn,test,2024-05,country_de,country_cn,0.0600035911306459,0.11445137858390808
tgn,test,2024-05,country_de,country_fr,0.17771442461406545,0.13158085942268372
tgn,test,2024-05,country_de,country_gb,0.037149140524486486,0.10850343108177185
tgn,test,2024-05,country_de,country_in,-0.4475851112110976,0.10690686106681824
tgn,test,2024-05,country_de,country_jp,0.13457099092554606,0.12635058164596558
tgn,test,2024-05,country_de,country_kr,-0.22432528634470722,0.14881229400634766
tgn,test,2024-05,country_de,country_mx,-0.24765914335394493,0.12959647178649902
tgn,test,2024-05,country_de,country_my,-0.02098169009631594,0.13629095256328583
tgn,test,2024-05,country_de,country_ph,0.010513689969353208,0.22235992550849915
tgn,test,2024-05,country_de,country_sg,-0.10989464528723529,0.10671459138393402
tgn,test,2024-05,country_de,country_th,-0.3159784927427338,0.5023282170295715
tgn,test,2024-05,country_de,country_us,0.20503221856552287,0.24175691604614258
tgn,test,2024-05,country_fr,country_203,-0.07495657052227736,0.0008184313774108887
tgn,test,2024-05,country_fr,country_344,0.42276148097187005,0.0019084066152572632
tgn,test,2024-05,country_fr,country_372,-0.025693268281884146,0.3036038875579834
tgn,test,2024-05,country_fr,country_380,-0.33333125842921946,0.004546992480754852
tgn,test,2024-05,country_fr,country_cn,-0.059581783432169744,0.1046806275844574
tgn,test,2024-05,country_fr,country_de,0.20494301493870226,0.09702876210212708
tgn,test,2024-05,country_fr,country_gb,-0.012595694955113767,0.0942530483007431
tgn,test,2024-05,country_fr,country_in,-0.2356596792792698,0.097312331199646
tgn,test,2024-05,country_fr,country_jp,-0.27796195382146566,0.11703072488307953
tgn,test,2024-05,country_fr,country_kr,-0.36349795792301615,0.138014018535614
tgn,test,2024-05,country_fr,country_mx,0.1327607507239807,0.11954440176486969
tgn,test,2024-05,country_fr,country_my,0.4677689766615282,0.12661194801330566
tgn,test,2024-05,country_fr,country_ph,0.12683206089898932,0.18354147672653198
tgn,test,2024-05,country_fr,country_sg,0.16803333245092916,0.10111592710018158
tgn,test,2024-05,country_fr,country_th,0.3779526504810736,0.4535081386566162
tgn,test,2024-05,country_fr,country_us,0.7806492567360002,0.22435599565505981
tgn,test,2024-05,country_gb,country_203,-0.3385819705770606,-0.004806257784366608
tgn,test,2024-05,country_gb,country_344,0.8931231134649658,-0.0037480592727661133
tgn,test,2024-05,country_gb,country_372,0.007763523261228957,0.3358461558818817
tgn,test,2024-05,country_gb,country_380,-0.16638824819008818,-0.01271054893732071
tgn,test,2024-05,country_gb,country_cn,-0.0949017889190288,0.09325163066387177
tgn,test,2024-05,country_gb,country_de,0.430515337738942,0.08166921138763428
tgn,test,2024-05,country_gb,country_fr,-0.14681869419224208,0.09816163778305054
tgn,test,2024-05,country_gb,country_in,-0.1349519635244147,0.08912858366966248
tgn,test,2024-05,country_gb,country_jp,0.13999020123975206,0.10795904695987701
tgn,test,2024-05,country_gb,country_kr,0.22888590919146362,0.11677283048629761
tgn,test,2024-05,country_gb,country_mx,-0.303547071909043,0.09662510454654694
tgn,test,2024-05,country_gb,country_my,-0.6150402609545916,0.1053154468536377
tgn,test,2024-05,country_gb,country_ph,-0.2823248372054488,0.1913948655128479
tgn,test,2024-05,country_gb,country_sg,0.23554720692418354,0.0857921689748764
tgn,test,2024-05,country_gb,country_th,-0.20309196412508534,0.4508790373802185
tgn,test,2024-05,country_gb,country_us,-0.10444554262093056,0.2259044051170349
tgn,test,2024-05,country_in,country_203,-0.5226363378595508,-0.010301053524017334
tgn,test,2024-05,country_in,country_344,-0.37178844444443265,0.00037654489278793335
tgn,test,2024-05,country_in,country_372,0.7243966178869109,0.35938143730163574
tgn,test,2024-05,country_in,country_380,-0.48085111185672463,-0.01070956140756607
tgn,test,2024-05,country_in,country_cn,-0.036589354120178434,0.10714219510555267
tgn,test,2024-05,country_in,country_de,-0.2577878637121568,0.09791845083236694
tgn,test,2024-05,country_in,country_fr,0.3424075262848008,0.11242103576660156
tgn,test,2024-05,country_in,country_gb,1.2436033353197964,0.10138759016990662
tgn,test,2024-05,country_in,country_jp,-0.4410156341068583,0.11699740588665009
tgn,test,2024-05,country_in,country_kr,25.180380048238497,0.13343310356140137
tgn,test,2024-05,country_in,country_mx,0.3217760131051303,0.11873084306716919
tgn,test,2024-05,country_in,country_my,0.8010840245117414,0.11892995238304138
tgn,test,2024-05,country_in,country_ph,-0.37336510751496343,0.18343162536621094
tgn,test,2024-05,country_in,country_sg,0.36462919890547374,0.10208790004253387
tgn,test,2024-05,country_in,country_th,-0.7898627489823982,0.4864012598991394
tgn,test,2024-05,country_in,country_us,1.0249672654588087,0.2655607759952545
tgn,test,2024-05,country_jp,country_203,-0.09829588448501643,0.016060397028923035
tgn,test,2024-05,country_jp,country_344,0.08052412270533803,0.021457597613334656
tgn,test,2024-05,country_jp,country_372,-0.3160234761628329,0.3207136392593384
tgn,test,2024-05,country_jp,country_380,0.021715621026665338,0.005936384201049805
tgn,test,2024-05,country_jp,country_cn,-0.17188542547182412,0.13126647472381592
tgn,test,2024-05,country_jp,country_de,0.01660819051223103,0.11706745624542236
tgn,test,2024-05,country_jp,country_fr,-0.24967361169917998,0.12380030751228333
tgn,test,2024-05,country_jp,country_gb,-0.1455808061135002,0.11410869657993317
tgn,test,2024-05,country_jp,country_in,0.12704946977138673,0.12162303924560547
tgn,test,2024-05,country_jp,country_kr,-0.26505456996752247,0.16278475522994995
tgn,test,2024-05,country_jp,country_mx,-0.058223580660665165,0.1415661871433258
tgn,test,2024-05,country_jp,country_my,-0.11610208915997164,0.15711355209350586
tgn,test,2024-05,country_jp,country_ph,-0.08464816169198555,0.21733567118644714
tgn,test,2024-05,country_jp,country_sg,-0.2718147402751221,0.12141384184360504
tgn,test,2024-05,country_jp,country_th,-0.1457660642438264,0.5100582242012024
tgn,test,2024-05,country_jp,country_us,-0.014950149840735387,0.24581027030944824
tgn,test,2024-05,country_kr,country_203,0.3931888146292674,0.04334455728530884
tgn,test,2024-05,country_kr,country_344,0.35447132553363364,0.05247525870800018
tgn,test,2024-05,country_kr,country_372,0.7984125661284507,0.32019343972206116
tgn,test,2024-05,country_kr,country_380,0.06315893838180164,0.030507907271385193
tgn,test,2024-05,country_kr,country_cn,0.15092241174689286,0.1568998396396637
tgn,test,2024-05,country_kr,country_de,-0.047008804349971116,0.13905374705791473
tgn,test,2024-05,country_kr,country_fr,-0.7240364153732107,0.14703622460365295
tgn,test,2024-05,country_kr,country_gb,-0.21118879466931464,0.13816219568252563
tgn,test,2024-05,country_kr,country_in,0.04711410044960064,0.14937055110931396
tgn,test,2024-05,country_kr,country_jp,-0.1497704338976039,0.16254186630249023
tgn,test,2024-05,country_kr,country_mx,0.13133126765885225,0.16600286960601807
tgn,test,2024-05,country_kr,country_my,0.04543700949934893,0.16945502161979675
tgn,test,2024-05,country_kr,country_ph,0.3726501372008345,0.2356066107749939
tgn,test,2024-05,country_kr,country_sg,0.03440949408116553,0.14740705490112305
tgn,test,2024-05,country_kr,country_th,-0.11620202033612344,0.5352967977523804
tgn,test,2024-05,country_kr,country_us,-0.1265556890607351,0.2849363684654236
tgn,test,2024-05,country_mx,country_203,-0.39674433843942447,0.04037708044052124
tgn,test,2024-05,country_mx,country_344,1.0418276389281866,0.04266801476478577
tgn,test,2024-05,country_mx,country_372,3.7604293515854197,0.30106502771377563
tgn,test,2024-05,country_mx,country_380,-0.37507016203840643,0.03510478138923645
tgn,test,2024-05,country_mx,country_cn,-0.10045836790419897,0.147749662399292
tgn,test,2024-05,country_mx,country_de,-0.423821480085727,0.13188248872756958
tgn,test,2024-05,country_mx,country_fr,0.06381109604174298,0.14041802287101746
tgn,test,2024-05,country_mx,country_gb,-0.08281142630269461,0.12816375494003296
tgn,test,2024-05,country_mx,country_in,0.034683540542614626,0.14118725061416626
tgn,test,2024-05,country_mx,country_jp,0.16248392333343953,0.16042861342430115
tgn,test,2024-05,country_mx,country_kr,0.4105233598952774,0.1751154065132141
tgn,test,2024-05,country_mx,country_my,3.067421451706605,0.15405207872390747
tgn,test,2024-05,country_mx,country_ph,-0.32336882285799823,0.21263152360916138
tgn,test,2024-05,country_mx,country_sg,-0.06802284879734492,0.13473299145698547
tgn,test,2024-05,country_mx,country_th,-0.2287566141795891,0.5035741925239563
tgn,test,2024-05,country_mx,country_us,0.0097136511920285,0.2947410047054291
tgn,test,2024-05,country_my,country_203,-0.4252244473440727,0.034577757120132446
tgn,test,2024-05,country_my,country_344,0.25617341301006874,0.038936540484428406
tgn,test,2024-05,country_my,country_372,-0.004176968296253345,0.271118700504303
tgn,test,2024-05,country_my,country_380,0.007201427176501662,0.01989215612411499
tgn,test,2024-05,country_my,country_cn,0.09877566534522551,0.15450432896614075
tgn,test,2024-05,country_my,country_de,-0.08883766252259101,0.13071104884147644
tgn,test,2024-05,country_my,country_fr,-0.30025617903385937,0.15590286254882812
tgn,test,2024-05,country_my,country_gb,-0.1251898875146834,0.1268823891878128
tgn,test,2024-05,country_my,country_in,-0.431477955097966,0.13096068799495697
tgn,test,2024-05,country_my,country_jp,-0.0007202120027408432,0.15466707944869995
tgn,test,2024-05,country_my,country_kr,-0.16740369532303936,0.1803445816040039
tgn,test,2024-05,country_my,country_mx,0.29242837428097146,0.15478602051734924
tgn,test,2024-05,country_my,country_ph,-0.0932572393099576,0.23590487241744995
tgn,test,2024-05,country_my,country_sg,0.07015125161445095,0.1349661648273468
tgn,test,2024-05,country_my,country_th,0.345157705596051,0.522452175617218
tgn,test,2024-05,country_my,country_us,0.028309432249201086,0.3054641783237457
tgn,test,2024-05,country_ph,country_203,0.007116131006726535,0.0610044002532959
tgn,test,2024-05,country_ph,country_344,0.048221223027189224,0.06891390681266785
tgn,test,2024-05,country_ph,country_372,-0.23433762732500565,0.2831485867500305
tgn,test,2024-05,country_ph,country_380,-0.2506815681216921,0.05108638107776642
tgn,test,2024-05,country_ph,country_cn,-0.07307740795734596,0.16239330172538757
tgn,test,2024-05,country_ph,country_de,-0.06240930277459027,0.1493799090385437
tgn,test,2024-05,country_ph,country_fr,-0.4888778451378052,0.15614956617355347
tgn,test,2024-05,country_ph,country_gb,-0.10920458591982067,0.14893120527267456
tgn,test,2024-05,country_ph,country_in,-0.12458948238233916,0.15130144357681274
tgn,test,2024-05,country_ph,country_jp,-0.02643869534833068,0.17817264795303345
tgn,test,2024-05,country_ph,country_kr,-0.1577143172370275,0.19418483972549438
tgn,test,2024-05,country_ph,country_mx,-0.2730688548277658,0.17386960983276367
tgn,test,2024-05,country_ph,country_my,-0.19437562376989276,0.17574676871299744
tgn,test,2024-05,country_ph,country_sg,-0.13890175114793932,0.1519761085510254
tgn,test,2024-05,country_ph,country_th,0.24498186537899627,0.5217035412788391
tgn,test,2024-05,country_ph,country_us,-0.011863736402052865,0.3151038587093353
tgn,test,2024-05,country_sg,country_203,-0.40669595589058516,0.014768503606319427
tgn,test,2024-05,country_sg,country_344,-0.02532212276300372,0.024489104747772217
tgn,test,2024-05,country_sg,country_372,-0.10573209523389908,0.32631826400756836
tgn,test,2024-05,country_sg,country_380,0.7491636410966576,0.004583694040775299
tgn,test,2024-05,country_sg,country_cn,0.20632286948348982,0.13161271810531616
tgn,test,2024-05,country_sg,country_de,0.15320811951969296,0.11851689219474792
tgn,test,2024-05,country_sg,country_fr,0.9514270070103998,0.13257190585136414
tgn,test,2024-05,country_sg,country_gb,0.20653709617731997,0.12120711803436279
tgn,test,2024-05,country_sg,country_in,-0.21674839005707772,0.12382839620113373
tgn,test,2024-05,country_sg,country_jp,-0.08222175558392057,0.14151477813720703
tgn,test,2024-05,country_sg,country_kr,-0.1726545439436344,0.1634463667869568
tgn,test,2024-05,country_sg,country_mx,-0.17416043100858833,0.14464399218559265
tgn,test,2024-05,country_sg,country_my,0.19832399539537393,0.15987426042556763
tgn,test,2024-05,country_sg,country_ph,0.11231069327033737,0.22864621877670288
tgn,test,2024-05,country_sg,country_th,-0.20818713281309903,0.5219203233718872
tgn,test,2024-05,country_sg,country_us,0.1339035586657327,0.2694755792617798
tgn,test,2024-05,country_th,country_203,-0.001489740618229691,0.19485712051391602
tgn,test,2024-05,country_th,country_344,-0.0015522273793141474,0.19046097993850708
tgn,test,2024-05,country_th,country_372,0.1348610435665775,0.3651968240737915
tgn,test,2024-05,country_th,country_380,-0.025148419683665456,0.17984497547149658
tgn,test,2024-05,country_th,country_cn,-0.19910926226202888,0.21531575918197632
tgn,test,2024-05,country_th,country_de,-0.20280398811061304,0.19727477431297302
tgn,test,2024-05,country_th,country_fr,-0.22121050692613192,0.2149864137172699
tgn,test,2024-05,country_th,country_gb,0.13486101972356485,0.20683497190475464
tgn,test,2024-05,country_th,country_in,-0.42298638597060756,0.20649710297584534
tgn,test,2024-05,country_th,country_jp,-0.21331540548297961,0.22719430923461914
tgn,test,2024-05,country_th,country_kr,-0.0836293730632886,0.2588955760002136
tgn,test,2024-05,country_th,country_mx,-0.12869469923915114,0.24042725563049316
tgn,test,2024-05,country_th,country_my,-0.01542537519848056,0.24984019994735718
tgn,test,2024-05,country_th,country_ph,-0.22210568615709134,0.3087511956691742
tgn,test,2024-05,country_th,country_sg,-0.2662447203964073,0.2062532603740692
tgn,test,2024-05,country_th,country_us,-0.16143314662285152,0.44637471437454224
tgn,test,2024-05,country_tw,country_203,0.001104609780296262,-0.005612067878246307
tgn,test,2024-05,country_tw,country_344,0.07412650891649526,0.00489555299282074
tgn,test,2024-05,country_tw,country_372,-0.1365502674212822,0.33348608016967773
tgn,test,2024-05,country_tw,country_380,-0.11596467048859696,-0.013677023351192474
tgn,test,2024-05,country_tw,country_cn,-0.11956311807685482,0.13040249049663544
tgn,test,2024-05,country_tw,country_de,-0.14203394713162626,0.10468246042728424
tgn,test,2024-05,country_tw,country_fr,0.26952629782809356,0.12648074328899384
tgn,test,2024-05,country_tw,country_gb,-0.040793499058104775,0.10095581412315369
tgn,test,2024-05,country_tw,country_in,0.1199260323159999,0.11154881119728088
tgn,test,2024-05,country_tw,country_jp,-0.12717461008409006,0.13999398052692413
tgn,test,2024-05,country_tw,country_kr,0.031660939283738365,0.15856701135635376
tgn,test,2024-05,country_tw,country_mx,-0.07244341377074281,0.12794603407382965
tgn,test,2024-05,country_tw,country_my,0.10272843025557646,0.1538834571838379
tgn,test,2024-05,country_tw,country_ph,-0.024921866836781263,0.22230887413024902
tgn,test,2024-05,country_tw,country_sg,0.2055361786386861,0.1093219518661499
tgn,test,2024-05,country_tw,country_th,0.04836918905022684,0.5156473517417908
tgn,test,2024-05,country_tw,country_us,0.26506921040334347,0.24406218528747559
tgn,test,2024-05,country_us,country_203,-0.20282495782546256,-0.07383809238672256
tgn,test,2024-05,country_us,country_344,-0.22692216354999292,-0.06535216420888901
tgn,test,2024-05,country_us,country_372,0.6451652305257753,0.1457885205745697
tgn,test,2024-05,country_us,country_380,0.5581953786698539,-0.08587493747472763
tgn,test,2024-05,country_us,country_cn,0.2940344426849951,-0.11676818132400513
tgn,test,2024-05,country_us,country_de,-0.47449541188050876,-0.13023655116558075
tgn,test,2024-05,country_us,country_fr,-0.18548254682039492,-0.12225055694580078
tgn,test,2024-05,country_us,country_gb,-0.01917768509514478,-0.13457298278808594
tgn,test,2024-05,country_us,country_in,0.6184408494893202,-0.1434343159198761
tgn,test,2024-05,country_us,country_jp,-0.14902068038746905,-0.10850229114294052
tgn,test,2024-05,country_us,country_kr,0.14872233471094753,-0.09581920504570007
tgn,test,2024-05,country_us,country_mx,-0.09774869655758017,-0.13048893213272095
tgn,test,2024-05,country_us,country_my,0.11659067857478284,-0.09415947645902634
tgn,test,2024-05,country_us,country_ph,-0.10074052447549178,-0.061260685324668884
tgn,test,2024-05,country_us,country_sg,-0.037738500181069785,-0.13175654411315918
tgn,test,2024-05,country_us,country_th,-0.15329732040245528,0.13372604548931122
tgn,test,2024-05,country_vn,country_203,-0.4371535324264236,1.2551367282867432
tgn,test,2024-05,country_vn,country_344,0.2493783529024247,1.2278707027435303
tgn,test,2024-05,country_vn,country_372,3.5401469249979147,1.8496382236480713
tgn,test,2024-05,country_vn,country_380,0.027789980110891527,1.2368621826171875
tgn,test,2024-05,country_vn,country_cn,0.17255052351386838,1.0305287837982178
tgn,test,2024-05,country_vn,country_de,0.10746612220037483,1.0069074630737305
tgn,test,2024-05,country_vn,country_fr,0.5120460728628522,1.0563247203826904
tgn,test,2024-05,country_vn,country_gb,0.15210898427712946,1.1257638931274414
tgn,test,2024-05,country_vn,country_in,-0.526481232997612,1.0775208473205566
tgn,test,2024-05,country_vn,country_jp,-0.16353745195017685,1.0383312702178955
tgn,test,2024-05,country_vn,country_kr,0.17155886908264203,1.1025519371032715
tgn,test,2024-05,country_vn,country_mx,0.5897488639724698,1.163085699081421
tgn,test,2024-05,country_vn,country_my,-0.1340780052915393,1.1543314456939697
tgn,test,2024-05,country_vn,country_ph,2.165943912672718,1.2589068412780762
tgn,test,2024-05,country_vn,country_sg,0.43292919608523583,1.0572021007537842
tgn,test,2024-05,country_vn,country_th,0.6262836287115966,1.5228657722473145
tgn,test,2024-05,country_vn,country_us,0.4438716448312449,1.1051478385925293
tgn,test,2024-06,country_203,country_344,1.3886760867880947,0.06041935086250305
tgn,test,2024-06,country_203,country_372,-0.8251212482744124,0.05863383412361145
tgn,test,2024-06,country_203,country_380,0.2488182086875362,0.007544711232185364
tgn,test,2024-06,country_203,country_cn,-0.11350917932483907,0.13923922181129456
tgn,test,2024-06,country_203,country_de,-0.3908116083926309,0.14608514308929443
tgn,test,2024-06,country_203,country_fr,-0.42450979060035304,0.14065375924110413
tgn,test,2024-06,country_203,country_gb,1.1385060936553428,0.2858700156211853
tgn,test,2024-06,country_203,country_in,0.7150785795314593,0.13664838671684265
tgn,test,2024-06,country_203,country_jp,0.15663711738205666,0.1720181107521057
tgn,test,2024-06,country_203,country_kr,0.17329164416729084,0.07852974534034729
tgn,test,2024-06,country_203,country_mx,-0.5416562663452288,0.16273409128189087
tgn,test,2024-06,country_203,country_my,-0.10636254689220657,0.16140079498291016
tgn,test,2024-06,country_203,country_ph,-0.10819939413153887,0.18566179275512695
tgn,test,2024-06,country_203,country_sg,0.7653923019145173,0.11038319766521454
tgn,test,2024-06,country_203,country_th,0.2412465081559235,0.11078155040740967
tgn,test,2024-06,country_203,country_us,0.8164716339806332,0.3440777361392975
tgn,test,2024-06,country_344,country_203,8.400161897501592,0.02863810956478119
tgn,test,2024-06,country_344,country_372,0.07661588395215053,0.12520325183868408
tgn,test,2024-06,country_344,country_380,0.013504258205674335,-0.02042512595653534
tgn,test,2024-06,country_344,country_cn,-0.5584163807382122,0.11036817729473114
tgn,test,2024-06,country_344,country_de,0.3387543558978296,0.12486028671264648
tgn,test,2024-06,country_344,country_fr,-0.17131500093140664,0.17091268301010132
tgn,test,2024-06,country_344,country_gb,-0.15548257036454294,0.347840279340744
tgn,test,2024-06,country_344,country_in,0.9204848883715605,0.22024816274642944
tgn,test,2024-06,country_344,country_jp,0.5734397016372695,0.2046957015991211
tgn,test,2024-06,country_344,country_kr,-0.5874138244068812,0.06421969830989838
tgn,test,2024-06,country_344,country_mx,-0.5073449188474883,0.23415014147758484
tgn,test,2024-06,country_344,country_my,0.4338901683813814,0.24590793251991272
tgn,test,2024-06,country_344,country_ph,-0.06549691292248967,0.26328057050704956
tgn,test,2024-06,country_344,country_sg,-0.17450538298611368,0.15980687737464905
tgn,test,2024-06,country_344,country_th,-0.4854436562200252,0.10667669773101807
tgn,test,2024-06,country_344,country_us,-0.2558607028015667,0.41076964139938354
tgn,test,2024-06,country_372,country_203,1.0235982683350744,0.0348123162984848
tgn,test,2024-06,country_372,country_344,5.278865157634617,0.12592813372612
tgn,test,2024-06,country_372,country_380,-0.3824275847521799,-0.025122106075286865
tgn,test,2024-06,country_372,country_cn,0.14515182024339668,0.1292034387588501
tgn,test,2024-06,country_372,country_de,1.3833523696497192,0.12741032242774963
tgn,test,2024-06,country_372,country_fr,0.4952456254613987,0.1665532886981964
tgn,test,2024-06,country_372,country_gb,-0.12108465496342655,0.347417950630188
tgn,test,2024-06,country_372,country_in,13.284875731302128,0.19657692313194275
tgn,test,2024-06,country_372,country_jp,-0.31243598903748165,0.22773486375808716
tgn,test,2024-06,country_372,country_kr,0.13559047992126283,0.030177950859069824
tgn,test,2024-06,country_372,country_mx,-0.09785698807052064,0.2312617301940918
tgn,test,2024-06,country_372,country_my,0.5172830645950647,0.24410659074783325
tgn,test,2024-06,country_372,country_ph,-0.12570265617917747,0.25077009201049805
tgn,test,2024-06,country_372,country_sg,-0.3314335177590024,0.1326858550310135
tgn,test,2024-06,country_372,country_th,1.1729565949693674,0.0968969464302063
tgn,test,2024-06,country_372,country_us,0.3615205580380687,0.43207836151123047
tgn,test,2024-06,country_380,country_203,-0.0907729100256912,-0.00925581157207489
tgn,test,2024-06,country_380,country_344,-0.03369308171509004,0.008744388818740845
tgn,test,2024-06,country_380,country_372,-0.09021803851327899,0.026258423924446106
tgn,test,2024-06,country_380,country_cn,-0.1468035742405556,0.012934520840644836
tgn,test,2024-06,country_380,country_de,0.11449160400838979,0.030054405331611633
tgn,test,2024-06,country_380,country_fr,-0.5230999210041983,0.013913139700889587
tgn,test,2024-06,country_380,country_gb,-0.21532636754729853,0.07214078307151794
tgn,test,2024-06,country_380,country_in,1.9561644585321034,-0.005107760429382324
tgn,test,2024-06,country_380,country_jp,0.2667133591421625,0.030169442296028137
tgn,test,2024-06,country_380,country_kr,5.383193168712741,0.006979174911975861
tgn,test,2024-06,country_380,country_mx,-0.02488785794220081,-0.012638375163078308
tgn,test,2024-06,country_380,country_my,0.06872162945910276,-0.0032506808638572693
tgn,test,2024-06,country_380,country_ph,0.3264065753624575,0.022292330861091614
tgn,test,2024-06,country_380,country_sg,-0.10793985202414834,-0.021491318941116333
tgn,test,2024-06,country_380,country_th,-0.01656115107275127,0.05859522521495819
tgn,test,2024-06,country_380,country_us,-0.06868336394295563,0.21365368366241455
tgn,test,2024-06,country_50,country_344,-0.47482048347426026,0.0990673303604126
tgn,test,2024-06,country_50,country_jp,-0.1632865905762379,0.17007648944854736
tgn,test,2024-06,country_50,country_my,-0.999780695153363,0.17664077877998352
tgn,test,2024-06,country_50,country_sg,1.9423694332305537,0.108857661485672
tgn,test,2024-06,country_50,country_us,2.3512422634148367,0.40847939252853394
tgn,test,2024-06,country_cn,country_203,0.3663790044240484,0.02896617352962494
tgn,test,2024-06,country_cn,country_344,0.11909925789538567,0.04687897861003876
tgn,test,2024-06,country_cn,country_372,0.27686962962231276,0.043151870369911194
tgn,test,2024-06,country_cn,country_380,-0.07171500396603549,0.056251347064971924
tgn,test,2024-06,country_cn,country_de,0.009792257969204625,0.13239708542823792
tgn,test,2024-06,country_cn,country_fr,0.009907780400596037,0.1531679630279541
tgn,test,2024-06,country_cn,country_gb,-0.009977658064299146,0.33224743604660034
tgn,test,2024-06,country_cn,country_in,0.1623128398878393,0.19058763980865479
tgn,test,2024-06,country_cn,country_jp,-0.1342559348213453,0.18808609247207642
tgn,test,2024-06,country_cn,country_kr,0.07322876759340477,0.10619264841079712
tgn,test,2024-06,country_cn,country_mx,0.02859723076301338,0.18119508028030396
tgn,test,2024-06,country_cn,country_my,-0.01927247047390392,0.20020627975463867
tgn,test,2024-06,country_cn,country_ph,0.4104471339161383,0.23854026198387146
tgn,test,2024-06,country_cn,country_sg,-0.039930423918567694,0.1285148561000824
tgn,test,2024-06,country_cn,country_th,0.01923558010664176,0.1502799689769745
tgn,test,2024-06,country_cn,country_us,0.03507122233601489,0.3287912607192993
tgn,test,2024-06,country_de,country_203,-0.017347888389128423,0.03086426854133606
tgn,test,2024-06,country_de,country_344,-0.14092197501629888,0.046100914478302
tgn,test,2024-06,country_de,country_372,0.5124086284743877,0.04471120238304138
tgn,test,2024-06,country_de,country_380,-0.16125827647240099,0.0660601407289505
tgn,test,2024-06,country_de,country_cn,0.14859131934741604,0.12554475665092468
tgn,test,2024-06,country_de,country_fr,-0.0976235784131774,0.15879955887794495
tgn,test,2024-06,country_de,country_gb,-0.2928795264724611,0.32530295848846436
tgn,test,2024-06,country_de,country_in,0.6837884154818092,0.18495625257492065
tgn,test,2024-06,country_de,country_jp,0.14976090350327706,0.1849290132522583
tgn,test,2024-06,country_de,country_kr,0.009461491757506522,0.10489116609096527
tgn,test,2024-06,country_de,country_mx,0.06094199460927201,0.19785255193710327
tgn,test,2024-06,country_de,country_my,0.015926575640685135,0.20719501376152039
tgn,test,2024-06,country_de,country_ph,0.05936580279717043,0.23100218176841736
tgn,test,2024-06,country_de,country_sg,-0.0310046095480511,0.13137517869472504
tgn,test,2024-06,country_de,country_th,0.03550437032876148,0.14811253547668457
tgn,test,2024-06,country_de,country_us,-0.042126791108395914,0.33734971284866333
tgn,test,2024-06,country_fr,country_203,1.1338541367739556,0.02336186170578003
tgn,test,2024-06,country_fr,country_344,-0.0956267129836608,0.04522109031677246
tgn,test,2024-06,country_fr,country_372,-0.11601310703684622,0.04657931625843048
tgn,test,2024-06,country_fr,country_380,0.18823618714448734,0.06092117726802826
tgn,test,2024-06,country_fr,country_cn,0.13485728461830895,0.11794033646583557
tgn,test,2024-06,country_fr,country_de,0.025374355595844587,0.12547720968723297
tgn,test,2024-06,country_fr,country_gb,0.3831330703015447,0.27990761399269104
tgn,test,2024-06,country_fr,country_in,-0.3201876833174805,0.1765470802783966
tgn,test,2024-06,country_fr,country_jp,0.08098901494828432,0.17141225934028625
tgn,test,2024-06,country_fr,country_kr,-0.3069216905773422,0.0952119380235672
tgn,test,2024-06,country_fr,country_mx,1.1168367963954127,0.1889098882675171
tgn,test,2024-06,country_fr,country_my,0.05250156184334212,0.18322697281837463
tgn,test,2024-06,country_fr,country_ph,-0.11980806769321067,0.2182925045490265
tgn,test,2024-06,country_fr,country_sg,0.11549198690688914,0.12807750701904297
tgn,test,2024-06,country_fr,country_th,0.1360664215307433,0.13769005239009857
tgn,test,2024-06,country_fr,country_us,0.13222854039024276,0.3299236297607422
tgn,test,2024-06,country_gb,country_203,-0.49957539715699273,0.09003221988677979
tgn,test,2024-06,country_gb,country_344,0.43394371311190216,0.12001794576644897
tgn,test,2024-06,country_gb,country_372,-0.17073508761014483,0.12098565697669983
tgn,test,2024-06,country_gb,country_380,-0.19855450867134958,0.11005565524101257
tgn,test,2024-06,country_gb,country_cn,0.07740668032228716,0.14075753092765808
tgn,test,2024-06,country_gb,country_de,0.19141964419401486,0.15013891458511353
tgn,test,2024-06,country_gb,country_fr,-0.4641764026665002,0.16697105765342712
tgn,test,2024-06,country_gb,country_in,-0.14293229825512554,0.2099757194519043
tgn,test,2024-06,country_gb,country_jp,0.019376052498448492,0.20187696814537048
tgn,test,2024-06,country_gb,country_kr,-0.12235634063799881,0.11500045657157898
tgn,test,2024-06,country_gb,country_mx,-0.47472397384554504,0.2189633548259735
tgn,test,2024-06,country_gb,country_my,-0.22811262568670423,0.22219055891036987
tgn,test,2024-06,country_gb,country_ph,0.056065126831601864,0.25020837783813477
tgn,test,2024-06,country_gb,country_sg,-0.46836755353439785,0.15278464555740356
tgn,test,2024-06,country_gb,country_th,0.6295431298854177,0.1579386591911316
tgn,test,2024-06,country_gb,country_us,-0.18464742345808194,0.40956252813339233
tgn,test,2024-06,country_in,country_203,1.495627572016461,0.059375643730163574
tgn,test,2024-06,country_in,country_344,0.6353124763422141,0.09036648273468018
tgn,test,2024-06,country_in,country_372,-0.07861301159308814,0.08990725874900818
tgn,test,2024-06,country_in,country_380,-0.6426259719888705,0.08805964887142181
tgn,test,2024-06,country_in,country_cn,0.4034623196816448,0.15872454643249512
tgn,test,2024-06,country_in,country_de,-0.2331124079201662,0.16348397731781006
tgn,test,2024-06,country_in,country_fr,0.6629872986782962,0.17571896314620972
tgn,test,2024-06,country_in,country_gb,0.39165035478232557,0.34686052799224854
tgn,test,2024-06,country_in,country_jp,-0.02297712868186871,0.20439845323562622
tgn,test,2024-06,country_in,country_kr,1.4175976662710899,0.13323503732681274
tgn,test,2024-06,country_in,country_mx,-0.13759829290240763,0.228998601436615
tgn,test,2024-06,country_in,country_my,0.09567320742209255,0.21823227405548096
tgn,test,2024-06,country_in,country_ph,1.1819318537042827,0.23342764377593994
tgn,test,2024-06,country_in,country_sg,-0.6793339453869084,0.1670207381248474
tgn,test,2024-06,country_in,country_th,-0.5688453807785309,0.1774337887763977
tgn,test,2024-06,country_in,country_us,-0.01143293816501718,0.4128527045249939
tgn,test,2024-06,country_jp,country_203,-0.2972987890505046,0.060802310705184937
tgn,test,2024-06,country_jp,country_344,0.028780703222856426,0.08388936519622803
tgn,test,2024-06,country_jp,country_372,0.28301054129006453,0.07498799264431
tgn,test,2024-06,country_jp,country_380,-0.2074557270313018,0.08833327889442444
tgn,test,2024-06,country_jp,country_cn,-0.07225974317750929,0.15879884362220764
tgn,test,2024-06,country_jp,country_de,-0.07633647385139641,0.15959462523460388
tgn,test,2024-06,country_jp,country_fr,-0.2949904388840283,0.16775384545326233
tgn,test,2024-06,country_jp,country_gb,-0.14719417933174628,0.31588441133499146
tgn,test,2024-06,country_jp,country_in,0.0932458139531869,0.21740779280662537
tgn,test,2024-06,country_jp,country_kr,0.2933201950683169,0.13568493723869324
tgn,test,2024-06,country_jp,country_mx,-0.031421768796769146,0.22218015789985657
tgn,test,2024-06,country_jp,country_my,0.03936923195802534,0.22830939292907715
tgn,test,2024-06,country_jp,country_ph,0.11563643275654678,0.25802674889564514
tgn,test,2024-06,country_jp,country_sg,-0.2884463719096355,0.16163289546966553
tgn,test,2024-06,country_jp,country_th,-0.10355979376927177,0.17910632491111755
tgn,test,2024-06,country_jp,country_us,-0.03335594207679683,0.3624344766139984
tgn,test,2024-06,country_kr,country_203,0.4452967193263296,0.018858298659324646
tgn,test,2024-06,country_kr,country_344,-0.12679351142254006,0.04853561520576477
tgn,test,2024-06,country_kr,country_372,32.09544862672143,0.02819184958934784
tgn,test,2024-06,country_kr,country_380,0.0022591115804771783,0.06486694514751434
tgn,test,2024-06,country_kr,country_cn,0.15157569077960165,0.13722366094589233
tgn,test,2024-06,country_kr,country_de,0.03634586045331543,0.13191142678260803
tgn,test,2024-06,country_kr,country_fr,-0.4412478696315796,0.1468072235584259
tgn,test,2024-06,country_kr,country_gb,-0.37635631662827007,0.3526954650878906
tgn,test,2024-06,country_kr,country_in,0.31143851619024127,0.21054735779762268
tgn,test,2024-06,country_kr,country_jp,-0.2685147751582723,0.1917685866355896
tgn,test,2024-06,country_kr,country_mx,0.33587810755264447,0.22776705026626587
tgn,test,2024-06,country_kr,country_my,0.31684419674910097,0.22770193219184875
tgn,test,2024-06,country_kr,country_ph,0.7178986821748549,0.2751976251602173
tgn,test,2024-06,country_kr,country_sg,0.11580615917834654,0.14521187543869019
tgn,test,2024-06,country_kr,country_th,0.41418095102142594,0.15202414989471436
tgn,test,2024-06,country_kr,country_us,-0.09034304439287634,0.3577326536178589
tgn,test,2024-06,country_mx,country_203,-0.13645982227828637,0.0968514233827591
tgn,test,2024-06,country_mx,country_344,0.9755582953125579,0.12503711879253387
tgn,test,2024-06,country_mx,country_372,-0.25733442451298844,0.11872167885303497
tgn,test,2024-06,country_mx,country_380,-0.23986087009961518,0.1172746866941452
tgn,test,2024-06,country_mx,country_cn,0.13905969113028518,0.18345540761947632
tgn,test,2024-06,country_mx,country_de,-0.11098164234056056,0.1826964020729065
tgn,test,2024-06,country_mx,country_fr,-0.24741482857011507,0.19292545318603516
tgn,test,2024-06,country_mx,country_gb,-0.08253139116379488,0.3388597071170807
tgn,test,2024-06,country_mx,country_in,0.02843265506068753,0.2482500970363617
tgn,test,2024-06,country_mx,country_jp,-0.41467112400609896,0.23993843793869019
tgn,test,2024-06,country_mx,country_kr,0.11326326469985644,0.15535587072372437
tgn,test,2024-06,country_mx,country_my,2.8922708160785335,0.2460748553276062
tgn,test,2024-06,country_mx,country_ph,-0.7542855365656432,0.2728549838066101
tgn,test,2024-06,country_mx,country_sg,-0.22456312651567822,0.1841917634010315
tgn,test,2024-06,country_mx,country_th,0.05024824411198101,0.19340729713439941
tgn,test,2024-06,country_mx,country_us,-0.48299370070365316,0.44571536779403687
tgn,test,2024-06,country_my,country_203,0.25334060194978497,0.08207392692565918
tgn,test,2024-06,country_my,country_344,0.1936932220374911,0.10807386040687561
tgn,test,2024-06,country_my,country_372,-0.36672906371579,0.09788849949836731
tgn,test,2024-06,country_my,country_380,-0.05771472381388043,0.10062281787395477
tgn,test,2024-06,country_my,country_cn,0.026781625775095054,0.17876332998275757
tgn,test,2024-06,country_my,country_de,-0.07728375347442114,0.18001264333724976
tgn,test,2024-06,country_my,country_fr,-0.2530487790945437,0.20104482769966125
tgn,test,2024-06,country_my,country_gb,-0.13141080004840205,0.3523496985435486
tgn,test,2024-06,country_my,country_in,-0.29904850451702647,0.2429436445236206
tgn,test,2024-06,country_my,country_jp,0.1554591897469934,0.2370145320892334
tgn,test,2024-06,country_my,country_kr,-0.09644310525453385,0.15292534232139587
tgn,test,2024-06,country_my,country_mx,0.270224219610963,0.25409936904907227
tgn,test,2024-06,country_my,country_ph,-0.022463246811158587,0.2832992374897003
tgn,test,2024-06,country_my,country_sg,0.008319328123226138,0.18726614117622375
tgn,test,2024-06,country_my,country_th,0.15321255875916676,0.1923682689666748
tgn,test,2024-06,country_my,country_us,0.06294998244779867,0.4319691061973572
tgn,test,2024-06,country_ph,country_203,-0.024584485958827295,0.09571242332458496
tgn,test,2024-06,country_ph,country_344,-0.1527652091055038,0.12738606333732605
tgn,test,2024-06,country_ph,country_372,0.07074344682848048,0.11790430545806885
tgn,test,2024-06,country_ph,country_380,-0.33234179279121745,0.11565890908241272
tgn,test,2024-06,country_ph,country_cn,0.005276943044057227,0.18710404634475708
tgn,test,2024-06,country_ph,country_de,-0.12024002944121046,0.18975543975830078
tgn,test,2024-06,country_ph,country_fr,-0.5925777488951529,0.19951441884040833
tgn,test,2024-06,country_ph,country_gb,-0.058298654797907336,0.3529872000217438
tgn,test,2024-06,country_ph,country_in,-0.1403360386867514,0.2450566291809082
tgn,test,2024-06,country_ph,country_jp,0.045938273742747185,0.24721479415893555
tgn,test,2024-06,country_ph,country_kr,-0.13593826727367608,0.15988969802856445
tgn,test,2024-06,country_ph,country_mx,-0.02103487554493039,0.2555023431777954
tgn,test,2024-06,country_ph,country_my,0.1282945607535443,0.25041109323501587
tgn,test,2024-06,country_ph,country_sg,-0.1596509716944687,0.19078335165977478
tgn,test,2024-06,country_ph,country_th,0.16898297565726683,0.2028927206993103
tgn,test,2024-06,country_ph,country_us,-0.2182183661929775,0.4226243495941162
tgn,test,2024-06,country_sg,country_203,0.3912322124121528,0.04160606861114502
tgn,test,2024-06,country_sg,country_344,-0.043714055940724694,0.08623957633972168
tgn,test,2024-06,country_sg,country_372,0.6206684325517292,0.05873069167137146
tgn,test,2024-06,country_sg,country_380,0.2013168344694568,0.07190120220184326
tgn,test,2024-06,country_sg,country_cn,0.176619495806978,0.16823768615722656
tgn,test,2024-06,country_sg,country_de,0.2999866696305336,0.1677268147468567
tgn,test,2024-06,country_sg,country_fr,0.4994511124174335,0.2047741413116455
tgn,test,2024-06,country_sg,country_gb,-0.27355052526562074,0.36441540718078613
tgn,test,2024-06,country_sg,country_in,-0.1296721038588489,0.23975980281829834
tgn,test,2024-06,country_sg,country_jp,-0.06456052727245205,0.231743723154068
tgn,test,2024-06,country_sg,country_kr,0.0039513305250802174,0.13038046658039093
tgn,test,2024-06,country_sg,country_mx,-0.20312982437650012,0.25128161907196045
tgn,test,2024-06,country_sg,country_my,0.5683225620093612,0.2574034333229065
tgn,test,2024-06,country_sg,country_ph,0.36228695813194745,0.2821354568004608
tgn,test,2024-06,country_sg,country_th,-0.13667738648089173,0.16965723037719727
tgn,test,2024-06,country_sg,country_us,0.17204272416503133,0.4127565026283264
tgn,test,2024-06,country_th,country_203,-0.24231534400094593,0.017455488443374634
tgn,test,2024-06,country_th,country_344,-0.11650546350483662,0.05773197114467621
tgn,test,2024-06,country_th,country_372,-0.3524503994622597,0.056397706270217896
tgn,test,2024-06,country_th,country_380,0.18066839983513747,0.11082109808921814
tgn,test,2024-06,country_th,country_cn,-0.016869625738142248,0.1251688003540039
tgn,test,2024-06,country_th,country_de,-0.23758241800060317,0.1262551248073578
tgn,test,2024-06,country_th,country_fr,-0.2590257024671108,0.14918860793113708
tgn,test,2024-06,country_th,country_gb,-0.23493727552284063,0.3549034893512726
tgn,test,2024-06,country_th,country_in,0.08859188910818099,0.20351067185401917
tgn,test,2024-06,country_th,country_jp,-0.015947524424535217,0.17918479442596436
tgn,test,2024-06,country_th,country_kr,-0.07308625116445161,0.09699887037277222
tgn,test,2024-06,country_th,country_mx,0.07573787370652213,0.22218728065490723
tgn,test,2024-06,country_th,country_my,0.3952495905278256,0.22732040286064148
tgn,test,2024-06,country_th,country_ph,-0.3042666622756378,0.26067543029785156
tgn,test,2024-06,country_th,country_sg,-0.2666858084546001,0.1342323273420334
tgn,test,2024-06,country_th,country_us,-0.1400170187057473,0.3619593381881714
tgn,test,2024-06,country_tw,country_203,0.34371990685949655,0.04161442816257477
tgn,test,2024-06,country_tw,country_344,-0.06360053094423512,0.0719347596168518
tgn,test,2024-06,country_tw,country_372,-0.14992928906617498,0.05450393259525299
tgn,test,2024-06,country_tw,country_380,0.10754974395447549,0.08277815580368042
tgn,test,2024-06,country_tw,country_cn,0.047720616874449936,0.15237641334533691
tgn,test,2024-06,country_tw,country_de,-0.13867513750171617,0.15275761485099792
tgn,test,2024-06,country_tw,country_fr,-0.317009875813313,0.16661465167999268
tgn,test,2024-06,country_tw,country_gb,-0.09435070812472142,0.3301367461681366
tgn,test,2024-06,country_tw,country_in,0.3521787628262706,0.2116902768611908
tgn,test,2024-06,country_tw,country_jp,0.061958557528894946,0.20354172587394714
tgn,test,2024-06,country_tw,country_kr,0.24554215515163666,0.12813815474510193
tgn,test,2024-06,country_tw,country_mx,-0.06049501775002099,0.21402019262313843
tgn,test,2024-06,country_tw,country_my,0.27622471369237306,0.22695380449295044
tgn,test,2024-06,country_tw,country_ph,0.17243071003950355,0.246748149394989
tgn,test,2024-06,country_tw,country_sg,0.0986131804839963,0.1570601463317871
tgn,test,2024-06,country_tw,country_th,0.5320073122201011,0.17225348949432373
tgn,test,2024-06,country_tw,country_us,0.5695914174390451,0.3450363874435425
tgn,test,2024-06,country_us,country_203,-0.13831119594448804,-0.03608705848455429
tgn,test,2024-06,country_us,country_344,0.1389973127828968,0.014736965298652649
tgn,test,2024-06,country_us,country_372,0.3230198184563793,0.004722192883491516
tgn,test,2024-06,country_us,country_380,0.09399125249926141,0.0032736212015151978
tgn,test,2024-06,country_us,country_cn,0.59942785062865,-0.10049828141927719
tgn,test,2024-06,country_us,country_de,-0.3950010528285186,-0.10791762173175812
tgn,test,2024-06,country_us,country_fr,-0.032244881095074104,-0.08925420045852661
tgn,test,2024-06,country_us,country_gb,0.04728517304791429,0.04679286479949951
tgn,test,2024-06,country_us,country_in,0.847326108900953,-0.06427759677171707
tgn,test,2024-06,country_us,country_jp,-0.05867822239996536,-0.05830319970846176
tgn,test,2024-06,country_us,country_kr,-0.006126141855842697,-0.14152786135673523
tgn,test,2024-06,country_us,country_mx,-0.05128889889398943,-0.05812337249517441
tgn,test,2024-06,country_us,country_my,0.9915329547912625,-0.03901404142379761
tgn,test,2024-06,country_us,country_ph,0.07533282265272923,-0.0318283885717392
tgn,test,2024-06,country_us,country_sg,-0.1739539771267135,-0.07335809618234634
tgn,test,2024-06,country_us,country_th,-0.17867544076015116,-0.10887301713228226
tgn,test,2024-06,country_vn,country_203,-0.7235302060936379,1.396498203277588
tgn,test,2024-06,country_vn,country_344,-0.06575254980755138,1.4532110691070557
tgn,test,2024-06,country_vn,country_372,-0.4088944276075006,1.4941887855529785
tgn,test,2024-06,country_vn,country_380,0.30105110053093354,1.5242855548858643
tgn,test,2024-06,country_vn,country_cn,-0.2807145716786025,1.1353871822357178
tgn,test,2024-06,country_vn,country_de,-0.21396964853989606,1.1286139488220215
tgn,test,2024-06,country_vn,country_fr,-0.08573112330630527,1.18815016746521
tgn,test,2024-06,country_vn,country_gb,-0.012090192068654304,1.429722547531128
tgn,test,2024-06,country_vn,country_in,-0.6672340530925589,1.2524657249450684
tgn,test,2024-06,country_vn,country_jp,0.3765441611822167,1.180358648300171
tgn,test,2024-06,country_vn,country_kr,0.1830296077054491,1.1418662071228027
tgn,test,2024-06,country_vn,country_mx,0.42392475886057507,1.3267884254455566
tgn,test,2024-06,country_vn,country_my,-0.16624144653461587,1.2668910026550293
tgn,test,2024-06,country_vn,country_ph,-0.3458318015650296,1.3128798007965088
tgn,test,2024-06,country_vn,country_sg,0.0065045872142867976,1.2241437435150146
tgn,test,2024-06,country_vn,country_th,0.4112371803365951,1.1933910846710205
tgn,test,2024-06,country_vn,country_us,0.06360120886136277,1.2881810665130615
tgn,test,2024-07,country_203,country_344,0.15867544114949375,-0.04931526631116867
tgn,test,2024-07,country_203,country_372,-0.9209877540366441,-0.050699569284915924
tgn,test,2024-07,country_203,country_380,-0.5493672984573154,-0.03937702625989914
tgn,test,2024-07,country_203,country_cn,-0.28399054987498323,0.04755139350891113
tgn,test,2024-07,country_203,country_de,-0.3889416682108606,0.059234291315078735
tgn,test,2024-07,country_203,country_fr,-0.607749149721827,-0.09538710117340088
tgn,test,2024-07,country_203,country_gb,-0.35227128616405895,0.11638084053993225
tgn,test,2024-07,country_203,country_in,-0.5737560411253564,0.46964162588119507
tgn,test,2024-07,country_203,country_jp,-0.0805977228152601,0.17123627662658691
tgn,test,2024-07,country_203,country_kr,0.015498476099613386,0.034932151436805725
tgn,test,2024-07,country_203,country_mx,-0.04110065140682498,0.20894819498062134
tgn,test,2024-07,country_203,country_my,0.6819337561854188,0.32565706968307495
tgn,test,2024-07,country_203,country_ph,-0.1867156649276624,0.24412775039672852
tgn,test,2024-07,country_203,country_sg,-0.16858986738903833,0.037645578384399414
tgn,test,2024-07,country_203,country_th,0.27264458359650195,0.29881468415260315
tgn,test,2024-07,country_203,country_us,1.8682449933423637,0.32704341411590576
tgn,test,2024-07,country_344,country_203,3.993554670902542,0.06698331236839294
tgn,test,2024-07,country_344,country_372,3.6652182569818974,0.02004404366016388
tgn,test,2024-07,country_344,country_380,-0.524213915653213,0.016766369342803955
tgn,test,2024-07,country_344,country_cn,-0.5915000466393218,0.1333322674036026
tgn,test,2024-07,country_344,country_de,-0.0931940300373752,0.15125221014022827
tgn,test,2024-07,country_344,country_fr,-0.16935243514489276,0.0031439736485481262
tgn,test,2024-07,country_344,country_gb,-0.40935147738166466,0.15998858213424683
tgn,test,2024-07,country_344,country_in,1.0989502041053,0.4309719204902649
tgn,test,2024-07,country_344,country_jp,-0.4673656151885906,0.16606783866882324
tgn,test,2024-07,country_344,country_kr,-0.45648741201338505,0.09793606400489807
tgn,test,2024-07,country_344,country_mx,0.4007736283250114,0.16550418734550476
tgn,test,2024-07,country_344,country_my,-0.10600709366678263,0.3001694679260254
tgn,test,2024-07,country_344,country_ph,-0.3865399501438153,0.21457260847091675
tgn,test,2024-07,country_344,country_sg,0.027946167242361777,0.11505535244941711
tgn,test,2024-07,country_344,country_th,0.11210088524469095,0.2778664529323578
tgn,test,2024-07,country_344,country_us,-0.14564679245992043,0.2555401027202606
tgn,test,2024-07,country_372,country_203,-0.30280691681175803,0.07816693186759949
tgn,test,2024-07,country_372,country_344,0.11346145176558683,0.017506420612335205
tgn,test,2024-07,country_372,country_380,-0.7315468334522791,0.013444900512695312
tgn,test,2024-07,country_372,country_cn,0.06352430249828624,0.13198336958885193
tgn,test,2024-07,country_372,country_de,-0.8075733554495811,0.15557944774627686
tgn,test,2024-07,country_372,country_fr,-0.6231467741233101,0.004778973758220673
tgn,test,2024-07,country_372,country_gb,0.657086610334134,0.1617388129234314
tgn,test,2024-07,country_372,country_in,4.15763289992713,0.4269999861717224
tgn,test,2024-07,country_372,country_jp,-0.35273327066401894,0.18652981519699097
tgn,test,2024-07,country_372,country_kr,-0.2020873596246312,0.07664620876312256
tgn,test,2024-07,country_372,country_mx,0.13927891536302917,0.17427924275398254
tgn,test,2024-07,country_372,country_my,0.07240605521757451,0.3104025721549988
tgn,test,2024-07,country_372,country_ph,0.10257260432116899,0.2033117413520813
tgn,test,2024-07,country_372,country_sg,-0.07665218330421177,0.10821965336799622
tgn,test,2024-07,country_372,country_th,0.3159478071181601,0.2680627107620239
tgn,test,2024-07,country_372,country_us,0.37348197829960367,0.28339654207229614
tgn,test,2024-07,country_380,country_203,-0.31678440522887824,0.07311898469924927
tgn,test,2024-07,country_380,country_344,0.17652334703747122,0.028456538915634155
tgn,test,2024-07,country_380,country_372,-0.3929538268164743,0.022708415985107422
tgn,test,2024-07,country_380,country_cn,0.13077157900975048,0.1306711584329605
tgn,test,2024-07,country_380,country_de,0.029523454943021415,0.15911796689033508
tgn,test,2024-07,country_380,country_fr,-0.6410107209415433,0.021375030279159546
tgn,test,2024-07,country_380,country_gb,-0.3428253418212818,0.15631771087646484
tgn,test,2024-07,country_380,country_in,-0.06022520490060728,0.39312028884887695
tgn,test,2024-07,country_380,country_jp,-0.04202331103038062,0.18692031502723694
tgn,test,2024-07,country_380,country_kr,4.935570077707267,0.08947154879570007
tgn,test,2024-07,country_380,country_mx,0.33027428787543356,0.16619890928268433
tgn,test,2024-07,country_380,country_my,-0.3603208350362591,0.27502453327178955
tgn,test,2024-07,country_380,country_ph,0.3204548421672939,0.2094278335571289
tgn,test,2024-07,country_380,country_sg,-0.1189684646759676,0.12564224004745483
tgn,test,2024-07,country_380,country_th,-0.15799987298666787,0.26447594165802
tgn,test,2024-07,country_380,country_us,0.19036545358169712,0.27431920170783997
tgn,test,2024-07,country_50,country_344,-0.8399183836747468,-0.029490992426872253
tgn,test,2024-07,country_50,country_cn,-0.8658075074153626,0.0162065327167511
tgn,test,2024-07,country_50,country_de,-0.9987087664498537,0.05086261034011841
tgn,test,2024-07,country_50,country_jp,-0.0057365418210750556,0.16504094004631042
tgn,test,2024-07,country_50,country_us,3.524231444262017,0.29280054569244385
tgn,test,2024-07,country_cn,country_203,0.0015995735301288056,0.03642314672470093
tgn,test,2024-07,country_cn,country_344,0.04468987689865394,0.017857342958450317
tgn,test,2024-07,country_cn,country_372,0.46711831597552733,0.015806958079338074
tgn,test,2024-07,country_cn,country_380,-0.11437404107518709,0.016273289918899536
tgn,test,2024-07,country_cn,country_de,-0.08885616625696861,0.1367012858390808
tgn,test,2024-07,country_cn,country_fr,0.004951039212498384,0.06740811467170715
tgn,test,2024-07,country_cn,country_gb,0.060407268234272615,0.17239603400230408
tgn,test,2024-07,country_cn,country_in,0.21019072305257808,0.3602798283100128
tgn,test,2024-07,country_cn,country_jp,-0.14501163648320523,0.18221038579940796
tgn,test,2024-07,country_cn,country_kr,0.05665681939685723,0.09238094091415405
tgn,test,2024-07,country_cn,country_mx,0.1438900966787026,0.16321545839309692
tgn,test,2024-07,country_cn,country_my,0.15391589685541424,0.3031465411186218
tgn,test,2024-07,country_cn,country_ph,0.1579456041726109,0.2137082815170288
tgn,test,2024-07,country_cn,country_sg,0.26462154793272324,0.11430902779102325
tgn,test,2024-07,country_cn,country_th,-0.032279976587049,0.2932901978492737
tgn,test,2024-07,country_cn,country_us,-0.12578294358487516,0.17433607578277588
tgn,test,2024-07,country_de,country_203,-0.003658780782577489,0.05021697282791138
tgn,test,2024-07,country_de,country_344,-0.18206167379578905,0.024745702743530273
tgn,test,2024-07,country_de,country_372,0.45135242510418977,0.028161853551864624
tgn,test,2024-07,country_de,country_380,-0.4566151062572416,0.03285175561904907
tgn,test,2024-07,country_de,country_cn,0.09569475461061569,0.11775952577590942
tgn,test,2024-07,country_de,country_fr,-0.1560179260286809,0.08496369421482086
tgn,test,2024-07,country_de,country_gb,-0.2197570992502922,0.17124667763710022
tgn,test,2024-07,country_de,country_in,0.34241807331620255,0.40381884574890137
tgn,test,2024-07,country_de,country_jp,0.3082103009962236,0.18098431825637817
tgn,test,2024-07,country_de,country_kr,-0.2368829932494636,0.09827439486980438
tgn,test,2024-07,country_de,country_mx,-0.033578034130493685,0.18406301736831665
tgn,test,2024-07,country_de,country_my,0.03857074411223626,0.3362427353858948
tgn,test,2024-07,country_de,country_ph,0.2951196296030907,0.2229647934436798
tgn,test,2024-07,country_de,country_sg,0.06109030561239803,0.12703019380569458
tgn,test,2024-07,country_de,country_th,-0.11105786081604252,0.3033249080181122
tgn,test,2024-07,country_de,country_us,-0.04931433139951728,0.18768635392189026
tgn,test,2024-07,country_fr,country_203,0.20830082370949202,0.14472967386245728
tgn,test,2024-07,country_fr,country_344,-0.06968521767159894,0.02393333613872528
tgn,test,2024-07,country_fr,country_372,-0.2059208742443043,0.040098607540130615
tgn,test,2024-07,country_fr,country_380,-0.46536011671208605,0.03201337158679962
tgn,test,2024-07,country_fr,country_cn,0.005804741090530437,0.12375660240650177
tgn,test,2024-07,country_fr,country_de,0.11641211561401142,0.1268911510705948
tgn,test,2024-07,country_fr,country_gb,0.835042227286005,0.2064332365989685
tgn,test,2024-07,country_fr,country_in,1.8104709990286445,0.4648008346557617
tgn,test,2024-07,country_fr,country_jp,-0.07182089927627096,0.2254365086555481
tgn,test,2024-07,country_fr,country_kr,-0.09805193937666788,0.07947739958763123
tgn,test,2024-07,country_fr,country_mx,1.2771149686401764,0.22141432762145996
tgn,test,2024-07,country_fr,country_my,0.6597952263059808,0.34870684146881104
tgn,test,2024-07,country_fr,country_ph,-0.3554962096643449,0.2730863690376282
tgn,test,2024-07,country_fr,country_sg,0.07126914837466106,0.10971513390541077
tgn,test,2024-07,country_fr,country_th,0.07000783868115831,0.3416435718536377
tgn,test,2024-07,country_fr,country_us,0.20998308031176796,0.17783349752426147
tgn,test,2024-07,country_gb,country_203,0.2940869783844225,0.05888253450393677
tgn,test,2024-07,country_gb,country_344,0.5666329312407913,0.03443491458892822
tgn,test,2024-07,country_gb,country_372,-0.14317255053679873,0.034293994307518005
tgn,test,2024-07,country_gb,country_380,-0.7859563985515481,0.027671128511428833
tgn,test,2024-07,country_gb,country_cn,-0.10784004814346895,0.10798373818397522
tgn,test,2024-07,country_gb,country_de,-0.0006937017266770088,0.12587898969650269
tgn,test,2024-07,country_gb,country_fr,-0.40646890473454084,0.05102348327636719
tgn,test,2024-07,country_gb,country_in,-0.030968468499997393,0.4177079200744629
tgn,test,2024-07,country_gb,country_jp,-0.15709690791671727,0.15189728140830994
tgn,test,2024-07,country_gb,country_kr,-0.18412453329360404,0.08948545157909393
tgn,test,2024-07,country_gb,country_mx,1.1667457309634561,0.1585499346256256
tgn,test,2024-07,country_gb,country_my,-0.22823689777038636,0.27781441807746887
tgn,test,2024-07,country_gb,country_ph,-0.14096738154111377,0.20684397220611572
tgn,test,2024-07,country_gb,country_sg,-0.5236985585202761,0.11785233020782471
tgn,test,2024-07,country_gb,country_th,0.16413030520999208,0.2630031108856201
tgn,test,2024-07,country_gb,country_us,-0.14836612129340074,0.21578580141067505
tgn,test,2024-07,country_in,country_203,0.035283913137759054,0.1848374307155609
tgn,test,2024-07,country_in,country_344,0.4725392745713514,0.15869057178497314
tgn,test,2024-07,country_in,country_372,-0.7917898326606171,0.15927112102508545
tgn,test,2024-07,country_in,country_380,0.5001468198222784,0.15269729495048523
tgn,test,2024-07,country_in,country_cn,-0.018473304592936494,0.17428624629974365
tgn,test,2024-07,country_in,country_de,-0.5745937462979739,0.18874624371528625
tgn,test,2024-07,country_in,country_fr,0.09503139482760271,0.11281140148639679
tgn,test,2024-07,country_in,country_gb,-0.08655322719242252,0.23011603951454163
tgn,test,2024-07,country_in,country_jp,-0.6241162809522718,0.22455519437789917
tgn,test,2024-07,country_in,country_kr,-0.788620122132076,0.15477287769317627
tgn,test,2024-07,country_in,country_mx,-0.10754735313081902,0.25204867124557495
tgn,test,2024-07,country_in,country_my,0.4272577372539839,0.3232586979866028
tgn,test,2024-07,country_in,country_ph,0.20051404952936683,0.25475460290908813
tgn,test,2024-07,country_in,country_sg,1.370235511309745,0.18225491046905518
tgn,test,2024-07,country_in,country_th,0.16501865767676135,0.32640016078948975
tgn,test,2024-07,country_in,country_us,0.02447896631273045,0.35129719972610474
tgn,test,2024-07,country_jp,country_203,-0.19561827258529216,0.058908432722091675
tgn,test,2024-07,country_jp,country_344,0.1713384665611477,0.044407352805137634
tgn,test,2024-07,country_jp,country_372,0.13247117148694768,0.030802518129348755
tgn,test,2024-07,country_jp,country_380,-0.2657199378750807,0.030376285314559937
tgn,test,2024-07,country_jp,country_cn,0.04640102778671103,0.13382869958877563
tgn,test,2024-07,country_jp,country_de,-0.16448545627922234,0.14411258697509766
tgn,test,2024-07,country_jp,country_fr,-0.09273788220164143,0.07685360312461853
tgn,test,2024-07,country_jp,country_gb,-0.013333505726250064,0.17237311601638794
tgn,test,2024-07,country_jp,country_in,0.05208367419803934,0.4200785756111145
tgn,test,2024-07,country_jp,country_kr,0.2450953057961316,0.1098870187997818
tgn,test,2024-07,country_jp,country_mx,0.03227581502443947,0.19818377494812012
tgn,test,2024-07,country_jp,country_my,0.011845697969408972,0.29113152623176575
tgn,test,2024-07,country_jp,country_ph,0.34873625852165585,0.2228555679321289
tgn,test,2024-07,country_jp,country_sg,0.0499512321421611,0.13637031614780426
tgn,test,2024-07,country_jp,country_th,-0.1311403920453485,0.2795355021953583
tgn,test,2024-07,country_jp,country_us,0.04545607379919925,0.21497926115989685
tgn,test,2024-07,country_kr,country_203,-0.30196924308556905,0.03186620771884918
tgn,test,2024-07,country_kr,country_344,-0.10318774270100069,0.018951520323753357
tgn,test,2024-07,country_kr,country_372,1.7443520051003665,0.00753127783536911
tgn,test,2024-07,country_kr,country_380,0.009720708834669262,0.0017557144165039062
tgn,test,2024-07,country_kr,country_cn,0.0008562334219174506,0.13872335851192474
tgn,test,2024-07,country_kr,country_de,-0.09656482569570861,0.13577476143836975
tgn,test,2024-07,country_kr,country_fr,-0.3801904972582112,0.06806042790412903
tgn,test,2024-07,country_kr,country_gb,-0.18409348441624826,0.17092838883399963
tgn,test,2024-07,country_kr,country_in,0.18322048166059526,0.39717555046081543
tgn,test,2024-07,country_kr,country_jp,0.07729605160721446,0.18720662593841553
tgn,test,2024-07,country_kr,country_mx,0.6981744695848967,0.19826680421829224
tgn,test,2024-07,country_kr,country_my,0.23847814495317415,0.3228766918182373
tgn,test,2024-07,country_kr,country_ph,0.9711943510586418,0.22094100713729858
tgn,test,2024-07,country_kr,country_sg,-0.10855034647204893,0.12442298233509064
tgn,test,2024-07,country_kr,country_th,-0.07418314329058506,0.29944005608558655
tgn,test,2024-07,country_kr,country_us,-0.14752930532804182,0.19443842768669128
tgn,test,2024-07,country_mx,country_203,-0.007229253716967127,0.09585607051849365
tgn,test,2024-07,country_mx,country_344,0.6752510178325883,0.07102750241756439
tgn,test,2024-07,country_mx,country_372,6.3720513267145895,0.06246829032897949
tgn,test,2024-07,country_mx,country_380,-0.41551167338647754,0.06533530354499817
tgn,test,2024-07,country_mx,country_cn,0.0010627483664852702,0.1536101996898651
tgn,test,2024-07,country_mx,country_de,-0.25916839692388777,0.1641969382762909
tgn,test,2024-07,country_mx,country_fr,-0.2351158667331098,0.09037531912326813
tgn,test,2024-07,country_mx,country_gb,-0.189313442708677,0.19151318073272705
tgn,test,2024-07,country_mx,country_in,-0.2878779781807256,0.44384515285491943
tgn,test,2024-07,country_mx,country_jp,0.7509625530478958,0.19785290956497192
tgn,test,2024-07,country_mx,country_kr,0.16201334229021863,0.12998074293136597
tgn,test,2024-07,country_mx,country_my,-0.23857550372056963,0.30379366874694824
tgn,test,2024-07,country_mx,country_ph,0.18016543468849266,0.20887234807014465
tgn,test,2024-07,country_mx,country_sg,-0.014447684830258135,0.15716513991355896
tgn,test,2024-07,country_mx,country_th,-0.04273025625381307,0.2864447236061096
tgn,test,2024-07,country_mx,country_us,-0.32033863010670177,0.2609812617301941
tgn,test,2024-07,country_my,country_203,-0.034938803368905605,0.14291951060295105
tgn,test,2024-07,country_my,country_344,0.022235165310076993,0.11360618472099304
tgn,test,2024-07,country_my,country_372,-0.44666605940035026,0.10615989565849304
tgn,test,2024-07,country_my,country_380,-0.502938511713959,0.10283437371253967
tgn,test,2024-07,country_my,country_cn,0.034877621003391486,0.1796271800994873
tgn,test,2024-07,country_my,country_de,-0.10454496525834173,0.191095769405365
tgn,test,2024-07,country_my,country_fr,0.00673171308540094,0.11926040053367615
tgn,test,2024-07,country_my,country_gb,-0.17876609626279721,0.21995800733566284
tgn,test,2024-07,country_my,country_in,-0.31311270387381335,0.48149633407592773
tgn,test,2024-07,country_my,country_jp,-0.024653884138870867,0.22953808307647705
tgn,test,2024-07,country_my,country_kr,0.022735644076536148,0.15456244349479675
tgn,test,2024-07,country_my,country_mx,0.07758062545668101,0.24227267503738403
tgn,test,2024-07,country_my,country_ph,-0.13887810182055402,0.2590142488479614
tgn,test,2024-07,country_my,country_sg,-0.0006408385628940993,0.18548518419265747
tgn,test,2024-07,country_my,country_th,0.054299261278081955,0.32016605138778687
tgn,test,2024-07,country_my,country_us,-0.2010977926317989,0.3051251769065857
tgn,test,2024-07,country_ph,country_203,-0.0030287770843526107,0.09961621463298798
tgn,test,2024-07,country_ph,country_344,0.041945892194491026,0.07254549860954285
tgn,test,2024-07,country_ph,country_372,-0.11268549404445431,0.06679080426692963
tgn,test,2024-07,country_ph,country_380,-0.41127377260061937,0.06212270259857178
tgn,test,2024-07,country_ph,country_cn,-0.03032847391974543,0.15904343128204346
tgn,test,2024-07,country_ph,country_de,-0.16125637047100527,0.16500097513198853
tgn,test,2024-07,country_ph,country_fr,-0.6843891183232784,0.0971841961145401
tgn,test,2024-07,country_ph,country_gb,-0.22726032966696202,0.20283064246177673
tgn,test,2024-07,country_ph,country_in,-0.3114327368641785,0.4052733778953552
tgn,test,2024-07,country_ph,country_jp,-0.0009577742667343444,0.2236585021018982
tgn,test,2024-07,country_ph,country_kr,-0.17672186936758078,0.12918907403945923
tgn,test,2024-07,country_ph,country_mx,-0.04673842505474293,0.22580134868621826
tgn,test,2024-07,country_ph,country_my,-0.08740088988599078,0.31370073556900024
tgn,test,2024-07,country_ph,country_sg,-0.04389125839819152,0.1569768190383911
tgn,test,2024-07,country_ph,country_th,0.04248831825520379,0.302268385887146
tgn,test,2024-07,country_ph,country_us,-0.20988434417124469,0.25272029638290405
tgn,test,2024-07,country_sg,country_203,-0.4413084684148028,0.03863108158111572
tgn,test,2024-07,country_sg,country_344,0.17186283153964604,0.038494646549224854
tgn,test,2024-07,country_sg,country_372,-0.2581065404646697,0.020284146070480347
tgn,test,2024-07,country_sg,country_380,-0.09613969729069527,0.022192716598510742
tgn,test,2024-07,country_sg,country_cn,0.22936978685470014,0.13263441622257233
tgn,test,2024-07,country_sg,country_de,0.2001380360014004,0.14325088262557983
tgn,test,2024-07,country_sg,country_fr,-0.21140037087995264,0.08500707149505615
tgn,test,2024-07,country_sg,country_gb,0.025488902387353983,0.17261379957199097
tgn,test,2024-07,country_sg,country_in,-0.15187798069495756,0.42331361770629883
tgn,test,2024-07,country_sg,country_jp,-0.25645214215977047,0.19096755981445312
tgn,test,2024-07,country_sg,country_kr,0.2225920562258451,0.10880197584629059
tgn,test,2024-07,country_sg,country_mx,0.19191287986916886,0.1982928216457367
tgn,test,2024-07,country_sg,country_my,0.3943093452551957,0.35253018140792847
tgn,test,2024-07,country_sg,country_ph,0.1812444429749336,0.24595952033996582
tgn,test,2024-07,country_sg,country_th,-0.16283012531086058,0.3216967284679413
tgn,test,2024-07,country_sg,country_us,0.10225962634867405,0.21273988485336304
tgn,test,2024-07,country_th,country_203,-0.02876917727351755,0.14908456802368164
tgn,test,2024-07,country_th,country_344,0.09171744033160394,0.11994947493076324
tgn,test,2024-07,country_th,country_372,-0.18670416791803812,0.11804461479187012
tgn,test,2024-07,country_th,country_380,-0.25383445283895995,0.1140013337135315
tgn,test,2024-07,country_th,country_cn,-0.06034781804459546,0.18666213750839233
tgn,test,2024-07,country_th,country_de,-0.16949383316078231,0.19560882449150085
tgn,test,2024-07,country_th,country_fr,-0.07419713170961016,0.12273025512695312
tgn,test,2024-07,country_th,country_gb,-0.18718820127305322,0.22972404956817627
tgn,test,2024-07,country_th,country_in,-0.4205744171703075,0.44850289821624756
tgn,test,2024-07,country_th,country_jp,-0.18954529733749617,0.23925334215164185
tgn,test,2024-07,country_th,country_kr,-0.17608642709953892,0.16060364246368408
tgn,test,2024-07,country_th,country_mx,0.07719241762693241,0.25243672728538513
tgn,test,2024-07,country_th,country_my,0.30964581994793255,0.3575643301010132
tgn,test,2024-07,country_th,country_ph,-0.25327904160710507,0.2665555477142334
tgn,test,2024-07,country_th,country_sg,-0.24110767534739577,0.18914401531219482
tgn,test,2024-07,country_th,country_us,-0.21716797642378743,0.3138185143470764
tgn,test,2024-07,country_tw,country_203,0.1638211676662685,0.06327612698078156
tgn,test,2024-07,country_tw,country_344,0.028474143129625644,0.04184073209762573
tgn,test,2024-07,country_tw,country_372,-0.30884345246212075,0.026308640837669373
tgn,test,2024-07,country_tw,country_380,-0.21635150375053716,0.027164340019226074
tgn,test,2024-07,country_tw,country_cn,0.10034030597870762,0.1383509486913681
tgn,test,2024-07,country_tw,country_de,-0.12605696745411557,0.14994049072265625
tgn,test,2024-07,country_tw,country_fr,-0.31438130584742496,0.09008294343948364
tgn,test,2024-07,country_tw,country_gb,-0.08534738340339454,0.17681127786636353
tgn,test,2024-07,country_tw,country_in,0.17762271867915255,0.415149986743927
tgn,test,2024-07,country_tw,country_jp,-0.11051481845901781,0.19374462962150574
tgn,test,2024-07,country_tw,country_kr,0.22907193683930654,0.11464259028434753
tgn,test,2024-07,country_tw,country_mx,0.37878232527761674,0.19749540090560913
tgn,test,2024-07,country_tw,country_my,0.7023697922057277,0.351836621761322
tgn,test,2024-07,country_tw,country_ph,0.0769255236777612,0.23791080713272095
tgn,test,2024-07,country_tw,country_sg,0.06691129256006642,0.14436274766921997
tgn,test,2024-07,country_tw,country_th,-0.21082915847764325,0.31782999634742737
tgn,test,2024-07,country_tw,country_us,0.6469141051969239,0.19985711574554443
tgn,test,2024-07,country_us,country_203,-0.1516110286691238,-0.0175391286611557
tgn,test,2024-07,country_us,country_344,-0.056819169453225286,-0.05203673243522644
tgn,test,2024-07,country_us,country_372,-0.509157292350862,-0.057802435010671616
tgn,test,2024-07,country_us,country_380,-0.6420614219809172,-0.06840822100639343
tgn,test,2024-07,country_us,country_cn,0.6654566746862889,-0.10694628208875656
tgn,test,2024-07,country_us,country_de,-0.46837211102029114,-0.09888425469398499
tgn,test,2024-07,country_us,country_fr,-0.21353300101518974,-0.15716946125030518
tgn,test,2024-07,country_us,country_gb,0.13952046695187748,-0.08586238324642181
tgn,test,2024-07,country_us,country_in,1.2270887175726242,0.07123205065727234
tgn,test,2024-07,country_us,country_jp,-0.01742073013693656,-0.06797126680612564
tgn,test,2024-07,country_us,country_kr,0.13393436914990936,-0.1280762255191803
tgn,test,2024-07,country_us,country_mx,0.03906365984891207,-0.09547966718673706
tgn,test,2024-07,country_us,country_my,2.070456279534509,0.019266217947006226
tgn,test,2024-07,country_us,country_ph,0.11036896176202197,-0.057768046855926514
tgn,test,2024-07,country_us,country_sg,-0.11258571148318548,-0.11290334910154343
tgn,test,2024-07,country_us,country_th,-0.09300346900680015,-0.01909506320953369
tgn,test,2024-07,country_vn,country_203,-0.3331933965287618,1.5590949058532715
tgn,test,2024-07,country_vn,country_344,0.049487621565525525,1.376319408416748
tgn,test,2024-07,country_vn,country_372,26.70418213193666,1.437812328338623
tgn,test,2024-07,country_vn,country_380,-0.07880433808430015,1.4215712547302246
tgn,test,2024-07,country_vn,country_cn,-0.2823971355416349,1.1589844226837158
tgn,test,2024-07,country_vn,country_de,0.01946019931198206,1.1246821880340576
tgn,test,2024-07,country_vn,country_fr,0.4591588218802951,1.1454203128814697
tgn,test,2024-07,country_vn,country_gb,-0.10347683023999596,1.2762627601623535
tgn,test,2024-07,country_vn,country_in,-0.7384115979469766,1.5540838241577148
tgn,test,2024-07,country_vn,country_jp,0.05923246256857584,1.254467487335205
tgn,test,2024-07,country_vn,country_kr,0.07696530028689656,1.1859736442565918
tgn,test,2024-07,country_vn,country_mx,-0.17174550602570712,1.2883837223052979
tgn,test,2024-07,country_vn,country_my,0.15471935831177064,1.395904541015625
tgn,test,2024-07,country_vn,country_ph,1.5584054691549434,1.3486034870147705
tgn,test,2024-07,country_vn,country_sg,0.09152642797998099,1.1541705131530762
tgn,test,2024-07,country_vn,country_th,0.876019826783273,1.40364670753479
tgn,test,2024-07,country_vn,country_us,-0.30039913065848106,1.076941728591919
tgn,test,2024-08,country_203,country_344,1.0991651388422645,0.07749851047992706
tgn,test,2024-08,country_203,country_372,-0.8463232667431637,0.2713753879070282
tgn,test,2024-08,country_203,country_380,-0.11648048264902967,0.1463802456855774
tgn,test,2024-08,country_203,country_cn,-0.2870012131932508,0.1326676607131958
tgn,test,2024-08,country_203,country_de,0.022378464101973174,0.0956621915102005
tgn,test,2024-08,country_203,country_fr,-0.4998851239379663,0.025817230343818665
tgn,test,2024-08,country_203,country_gb,-0.3267500839543229,0.25282347202301025
tgn,test,2024-08,country_203,country_in,0.860415957962946,0.5093059539794922
tgn,test,2024-08,country_203,country_jp,-0.36403813893849396,0.14652040600776672
tgn,test,2024-08,country_203,country_kr,-0.7835698737652744,0.11137515306472778
tgn,test,2024-08,country_203,country_mx,-0.42018969283837687,0.12418362498283386
tgn,test,2024-08,country_203,country_my,0.7712685297700718,0.5819729566574097
tgn,test,2024-08,country_203,country_ph,0.37595337380167815,0.1886289119720459
tgn,test,2024-08,country_203,country_sg,0.21323028488087017,0.13630983233451843
tgn,test,2024-08,country_203,country_th,0.8269645664785537,0.1514473259449005
tgn,test,2024-08,country_203,country_us,0.850405180351378,0.34126004576683044
tgn,test,2024-08,country_344,country_203,-0.8046750168517448,0.08205471932888031
tgn,test,2024-08,country_344,country_372,-0.3176036211728425,0.2618691921234131
tgn,test,2024-08,country_344,country_380,-0.025086422464957077,0.15124237537384033
tgn,test,2024-08,country_344,country_cn,-0.5864216547631352,0.14071336388587952
tgn,test,2024-08,country_344,country_de,0.11438595459549981,0.08376352488994598
tgn,test,2024-08,country_344,country_fr,-0.42234953662693164,0.023744136095046997
tgn,test,2024-08,country_344,country_gb,0.3027789367062943,0.2614365220069885
tgn,test,2024-08,country_344,country_in,1.6465165724873543,0.5462567210197449
tgn,test,2024-08,country_344,country_jp,0.7626446810616226,0.13236427307128906
tgn,test,2024-08,country_344,country_kr,-0.6181373454838767,0.13114862143993378
tgn,test,2024-08,country_344,country_mx,-0.260627691040446,0.12759122252464294
tgn,test,2024-08,country_344,country_my,1.6352056896881417,0.6032927632331848
tgn,test,2024-08,country_344,country_ph,-0.18463475100701313,0.20198947191238403
tgn,test,2024-08,country_344,country_sg,0.7510137726398919,0.14066725969314575
tgn,test,2024-08,country_344,country_th,-0.5470037054693281,0.17097711563110352
tgn,test,2024-08,country_344,country_us,1.0715835288253315,0.32955968379974365
tgn,test,2024-08,country_372,country_203,-0.28025827442059376,0.23514389991760254
tgn,test,2024-08,country_372,country_344,-0.1380593526724006,0.23818832635879517
tgn,test,2024-08,country_372,country_380,-0.6647216110221662,0.4592973589897156
tgn,test,2024-08,country_372,country_cn,-0.24252550514023063,-0.03185342252254486
tgn,test,2024-08,country_372,country_de,0.44113072977245066,-0.007076725363731384
tgn,test,2024-08,country_372,country_fr,-0.2874533771674389,0.006551414728164673
tgn,test,2024-08,country_372,country_gb,-0.4516492861329887,0.18894794583320618
tgn,test,2024-08,country_372,country_in,38.467032065340184,0.39784926176071167
tgn,test,2024-08,country_372,country_jp,-0.059937983377489554,-0.036288611590862274
tgn,test,2024-08,country_372,country_kr,1.9872842182204637,0.030273407697677612
tgn,test,2024-08,country_372,country_mx,-0.5782838500218838,0.05399724841117859
tgn,test,2024-08,country_372,country_my,0.20630175608217904,0.4321516156196594
tgn,test,2024-08,country_372,country_ph,-0.10046281367126145,0.0740349292755127
tgn,test,2024-08,country_372,country_sg,0.2859354286757594,0.11575660109519958
tgn,test,2024-08,country_372,country_th,0.6264951623156944,0.21195772290229797
tgn,test,2024-08,country_372,country_us,0.2266587557955377,0.1918136477470398
tgn,test,2024-08,country_380,country_203,-0.1849582872900676,0.1445021629333496
tgn,test,2024-08,country_380,country_344,0.19297412727013957,0.13456755876541138
tgn,test,2024-08,country_380,country_372,0.340175438495537,0.44940680265426636
tgn,test,2024-08,country_380,country_cn,0.23259724201218135,-0.082518070936203
tgn,test,2024-08,country_380,country_de,1.437231935994207,-0.04790304973721504
tgn,test,2024-08,country_380,country_fr,-0.3019344606633806,-0.05382116511464119
tgn,test,2024-08,country_380,country_gb,-0.36925835381999517,0.08800852298736572
tgn,test,2024-08,country_380,country_in,-0.17329961924535608,0.2974102795124054
tgn,test,2024-08,country_380,country_jp,-0.35500314043462655,-0.07084862887859344
tgn,test,2024-08,country_380,country_kr,7.299904797531794,-0.059539616107940674
tgn,test,2024-08,country_380,country_mx,0.6016230352003542,-0.022996149957180023
tgn,test,2024-08,country_380,country_my,-0.5179584672378408,0.34586456418037415
tgn,test,2024-08,country_380,country_ph,-0.10904390265563874,-0.03438727557659149
tgn,test,2024-08,country_380,country_sg,-0.12904716565057836,0.017747685313224792
tgn,test,2024-08,country_380,country_th,0.025137709181429716,0.14533746242523193
tgn,test,2024-08,country_380,country_us,0.17184194725420976,0.15504205226898193
tgn,test,2024-08,country_50,country_344,5.222945892371357,0.07250858843326569
tgn,test,2024-08,country_50,country_de,-0.7360423078966609,-0.08185020089149475
tgn,test,2024-08,country_50,country_jp,-0.13634932989012227,0.04989069700241089
tgn,test,2024-08,country_50,country_us,0.1823869104908566,0.37339848279953003
tgn,test,2024-08,country_cn,country_203,0.4002783462024025,0.020682692527770996
tgn,test,2024-08,country_cn,country_344,0.031751063638880986,0.023408368229866028
tgn,test,2024-08,country_cn,country_372,-0.013199608002693054,0.3920477628707886
tgn,test,2024-08,country_cn,country_380,0.0668911463290732,0.266623318195343
tgn,test,2024-08,country_cn,country_de,-0.017384782563815235,0.10264045000076294
tgn,test,2024-08,country_cn,country_fr,0.11522846121793545,0.06842456758022308
tgn,test,2024-08,country_cn,country_gb,0.20775866517394273,0.2247384786605835
tgn,test,2024-08,country_cn,country_in,0.042099506988475796,0.40525293350219727
tgn,test,2024-08,country_cn,country_jp,0.09835580426032932,0.11658436059951782
tgn,test,2024-08,country_cn,country_kr,-0.026740611229689758,0.10930377244949341
tgn,test,2024-08,country_cn,country_mx,0.00014814479599551802,0.11343137919902802
tgn,test,2024-08,country_cn,country_my,0.06630167965249285,0.5215972661972046
tgn,test,2024-08,country_cn,country_ph,0.12039296934886679,0.19354704022407532
tgn,test,2024-08,country_cn,country_sg,0.09222796704641437,0.10655240714550018
tgn,test,2024-08,country_cn,country_th,0.30847333153092454,0.16112297773361206
tgn,test,2024-08,country_cn,country_us,0.19469550041110972,0.25193387269973755
tgn,test,2024-08,country_de,country_203,0.04452875344718903,0.03186771273612976
tgn,test,2024-08,country_de,country_344,0.031883367167564985,0.030622035264968872
tgn,test,2024-08,country_de,country_372,-0.20703900826188537,0.4660152792930603
tgn,test,2024-08,country_de,country_380,-0.1736974908934075,0.32621437311172485
tgn,test,2024-08,country_de,country_cn,0.16975629389335598,0.10590575635433197
tgn,test,2024-08,country_de,country_fr,0.06474892955158143,0.07864448428153992
tgn,test,2024-08,country_de,country_gb,-0.25615873378259935,0.28162699937820435
tgn,test,2024-08,country_de,country_in,0.11312996214601934,0.5102847218513489
tgn,test,2024-08,country_de,country_jp,-0.0909547606811998,0.12906286120414734
tgn,test,2024-08,country_de,country_kr,-0.27368897596492353,0.11857470870018005
tgn,test,2024-08,country_de,country_mx,-0.06729348143746137,0.13549676537513733
tgn,test,2024-08,country_de,country_my,-0.02335962555922752,0.6141126751899719
tgn,test,2024-08,country_de,country_ph,-0.07772429882769574,0.2197032868862152
tgn,test,2024-08,country_de,country_sg,-0.05049662665111794,0.11702995002269745
tgn,test,2024-08,country_de,country_th,-0.22704540056356587,0.2061712145805359
tgn,test,2024-08,country_de,country_us,0.13095359489803446,0.27407264709472656
tgn,test,2024-08,country_fr,country_203,0.061490836753047964,0.023292899131774902
tgn,test,2024-08,country_fr,country_344,0.03671114438352144,0.022648438811302185
tgn,test,2024-08,country_fr,country_372,0.4037898330474526,0.4647538661956787
tgn,test,2024-08,country_fr,country_380,-0.13859878037002646,0.32276642322540283
tgn,test,2024-08,country_fr,country_cn,0.09538082307310208,0.08818335831165314
tgn,test,2024-08,country_fr,country_de,0.031164488847695886,0.08627477288246155
tgn,test,2024-08,country_fr,country_gb,-0.2565285550793924,0.28543782234191895
tgn,test,2024-08,country_fr,country_in,0.12427582813104504,0.5215899348258972
tgn,test,2024-08,country_fr,country_jp,0.09558098988280825,0.10399205982685089
tgn,test,2024-08,country_fr,country_kr,-0.1064455405106986,0.09358647465705872
tgn,test,2024-08,country_fr,country_mx,0.6021608670809979,0.11124208569526672
tgn,test,2024-08,country_fr,country_my,0.05695158299887771,0.6093413233757019
tgn,test,2024-08,country_fr,country_ph,-0.38272283320109035,0.21021586656570435
tgn,test,2024-08,country_fr,country_sg,-0.06068209448722327,0.09663203358650208
tgn,test,2024-08,country_fr,country_th,0.2510612486553873,0.19221866130828857
tgn,test,2024-08,country_fr,country_us,0.48713434575625025,0.25132042169570923
tgn,test,2024-08,country_gb,country_203,-0.1464508858174376,0.04553358256816864
tgn,test,2024-08,country_gb,country_344,0.17610210315855868,0.04732145369052887
tgn,test,2024-08,country_gb,country_372,0.04320589494353882,0.2643760144710541
tgn,test,2024-08,country_gb,country_380,1.6171349379918873,0.17544996738433838
tgn,test,2024-08,country_gb,country_cn,-0.08936616731236528,0.04993875324726105
tgn,test,2024-08,country_gb,country_de,-0.11873510122956897,0.05041462182998657
tgn,test,2024-08,country_gb,country_fr,-0.15570579654893466,0.010397672653198242
tgn,test,2024-08,country_gb,country_in,-0.20438230660591128,0.34387820959091187
tgn,test,2024-08,country_gb,country_jp,0.47637760399999096,0.06954941153526306
tgn,test,2024-08,country_gb,country_kr,-0.47226420739907826,0.06803900003433228
tgn,test,2024-08,country_gb,country_mx,0.02158658527592472,0.08227717876434326
tgn,test,2024-08,country_gb,country_my,0.30121807818615765,0.3412245512008667
tgn,test,2024-08,country_gb,country_ph,-0.15716750826094752,0.12628598511219025
tgn,test,2024-08,country_gb,country_sg,-0.2584184804164632,0.101987823843956
tgn,test,2024-08,country_gb,country_th,-0.153571416944419,0.10567885637283325
tgn,test,2024-08,country_gb,country_us,0.03974139196168185,0.2733888030052185
tgn,test,2024-08,country_in,country_203,1.0723645488057991,0.14632970094680786
tgn,test,2024-08,country_in,country_344,0.2765214617398615,0.1528625190258026
tgn,test,2024-08,country_in,country_372,-0.21621264943984922,0.31650274991989136
tgn,test,2024-08,country_in,country_380,-0.14808271354230876,0.2715403437614441
tgn,test,2024-08,country_in,country_cn,0.004544148577906007,0.12170086801052094
tgn,test,2024-08,country_in,country_de,-0.49737807352891894,0.08785486221313477
tgn,test,2024-08,country_in,country_fr,-0.15530788505457543,0.05615977942943573
tgn,test,2024-08,country_in,country_gb,-0.04475793286834543,0.2907336950302124
tgn,test,2024-08,country_in,country_jp,0.25845170672487366,0.11237296462059021
tgn,test,2024-08,country_in,country_kr,-0.5379996263150657,0.1591564416885376
tgn,test,2024-08,country_in,country_mx,1.746298588926633,0.19188964366912842
tgn,test,2024-08,country_in,country_my,1.0182590605198327,0.43994688987731934
tgn,test,2024-08,country_in,country_ph,0.24541218431801184,0.23002058267593384
tgn,test,2024-08,country_in,country_sg,0.08976151348181519,0.20860689878463745
tgn,test,2024-08,country_in,country_th,-0.9024948084032968,0.16053426265716553
tgn,test,2024-08,country_in,country_us,-0.1897622169670776,0.39554494619369507
tgn,test,2024-08,country_jp,country_203,0.09096436849234088,0.034072145819664
tgn,test,2024-08,country_jp,country_344,0.32404519762170486,0.04322683811187744
tgn,test,2024-08,country_jp,country_372,-0.1345684126138174,0.42245107889175415
tgn,test,2024-08,country_jp,country_380,-0.12178705677756868,0.2981661260128021
tgn,test,2024-08,country_jp,country_cn,0.1179369631449625,0.11692942678928375
tgn,test,2024-08,country_jp,country_de,0.15584353745115018,0.11941486597061157
tgn,test,2024-08,country_jp,country_fr,-0.027960701983908525,0.08335930109024048
tgn,test,2024-08,country_jp,country_gb,0.47266760847618783,0.22583842277526855
tgn,test,2024-08,country_jp,country_in,-0.24515026418809874,0.4467255473136902
tgn,test,2024-08,country_jp,country_kr,0.38579032771586025,0.12845611572265625
tgn,test,2024-08,country_jp,country_mx,0.06891660295765115,0.1416124701499939
tgn,test,2024-08,country_jp,country_my,-0.06185540251464652,0.5542522072792053
tgn,test,2024-08,country_jp,country_ph,0.26108071242607706,0.20944935083389282
tgn,test,2024-08,country_jp,country_sg,-0.18308179092949145,0.12890946865081787
tgn,test,2024-08,country_jp,country_th,-0.04317501454962178,0.1829526722431183
tgn,test,2024-08,country_jp,country_us,0.4267287596815981,0.2713279128074646
tgn,test,2024-08,country_kr,country_203,0.08335577860876466,0.008385837078094482
tgn,test,2024-08,country_kr,country_344,0.08220597822753827,0.01946444809436798
tgn,test,2024-08,country_kr,country_372,0.2936124039860155,0.3219313621520996
tgn,test,2024-08,country_kr,country_380,-0.4525410703760903,0.20233413577079773
tgn,test,2024-08,country_kr,country_cn,0.04256325855486105,0.07203805446624756
tgn,test,2024-08,country_kr,country_de,0.07485183558089169,0.06990069150924683
tgn,test,2024-08,country_kr,country_fr,-0.3662063470527464,0.03110240399837494
tgn,test,2024-08,country_kr,country_gb,0.11041282602209819,0.1637086272239685
tgn,test,2024-08,country_kr,country_in,-0.08227241584767904,0.3646697402000427
tgn,test,2024-08,country_kr,country_jp,0.7867120782815588,0.08700567483901978
tgn,test,2024-08,country_kr,country_mx,0.7664516988385174,0.0926789939403534
tgn,test,2024-08,country_kr,country_my,0.23834862139933555,0.4668150544166565
tgn,test,2024-08,country_kr,country_ph,0.8939587768099923,0.1441505253314972
tgn,test,2024-08,country_kr,country_sg,0.12552787886564762,0.08976462483406067
tgn,test,2024-08,country_kr,country_th,0.580267750602709,0.13550135493278503
tgn,test,2024-08,country_kr,country_us,0.10138931205614199,0.25946441292762756
tgn,test,2024-08,country_mx,country_203,-0.18548981894294617,0.014921098947525024
tgn,test,2024-08,country_mx,country_344,0.7238266764111095,0.0200955867767334
tgn,test,2024-08,country_mx,country_372,3.4813517064178785,0.3129778504371643
tgn,test,2024-08,country_mx,country_380,0.2261535857913041,0.19580510258674622
tgn,test,2024-08,country_mx,country_cn,0.010244361026581147,0.0684112161397934
tgn,test,2024-08,country_mx,country_de,0.3173712498194496,0.06383241713047028
tgn,test,2024-08,country_mx,country_fr,0.2879741920668393,0.025035351514816284
tgn,test,2024-08,country_mx,country_gb,-0.01838106055106905,0.15901115536689758
tgn,test,2024-08,country_mx,country_in,0.472400106246535,0.3892744779586792
tgn,test,2024-08,country_mx,country_jp,-0.27481680285298726,0.08757774531841278
tgn,test,2024-08,country_mx,country_kr,0.2552618576299291,0.077649787068367
tgn,test,2024-08,country_mx,country_my,4.3444943953867305,0.4318311810493469
tgn,test,2024-08,country_mx,country_ph,0.3351997144436901,0.1271853893995285
tgn,test,2024-08,country_mx,country_sg,-0.2134342873818894,0.08735883235931396
tgn,test,2024-08,country_mx,country_th,-0.06049066541893092,0.12945310771465302
tgn,test,2024-08,country_mx,country_us,0.09421218706740969,0.265654593706131
tgn,test,2024-08,country_my,country_203,0.09643370535848439,0.2311742901802063
tgn,test,2024-08,country_my,country_344,0.35875550840257003,0.23674923181533813
tgn,test,2024-08,country_my,country_372,0.6150951531510388,0.40248262882232666
tgn,test,2024-08,country_my,country_380,0.1461164318871764,0.3538699448108673
tgn,test,2024-08,country_my,country_cn,0.44976328667698756,0.217839777469635
tgn,test,2024-08,country_my,country_de,0.020605402474474323,0.18011870980262756
tgn,test,2024-08,country_my,country_fr,-0.33227857966504615,0.13791170716285706
tgn,test,2024-08,country_my,country_gb,-0.0014474562423669108,0.39127206802368164
tgn,test,2024-08,country_my,country_in,-0.19419565065221636,0.5614556670188904
tgn,test,2024-08,country_my,country_jp,0.0719206089694597,0.21325117349624634
tgn,test,2024-08,country_my,country_kr,0.3443531779459769,0.2514530420303345
tgn,test,2024-08,country_my,country_mx,0.05134274408150763,0.2737090289592743
tgn,test,2024-08,country_my,country_ph,-0.1860740725274948,0.3307233452796936
tgn,test,2024-08,country_my,country_sg,0.09783616941699186,0.2951781153678894
tgn,test,2024-08,country_my,country_th,-0.029896096031242714,0.2554425597190857
tgn,test,2024-08,country_my,country_us,0.2287083885665541,0.47775280475616455
tgn,test,2024-08,country_ph,country_203,0.13456637740895194,0.05059267580509186
tgn,test,2024-08,country_ph,country_344,0.18448537508309643,0.05912734568119049
tgn,test,2024-08,country_ph,country_372,-0.22013385245945538,0.28890103101730347
tgn,test,2024-08,country_ph,country_380,-0.019226344821189758,0.18140092492103577
tgn,test,2024-08,country_ph,country_cn,0.11486739162967088,0.08949379622936249
tgn,test,2024-08,country_ph,country_de,-0.0014017944850885605,0.08486458659172058
tgn,test,2024-08,country_ph,country_fr,-0.2872714264683735,0.04573395848274231
tgn,test,2024-08,country_ph,country_gb,-0.10804294342537614,0.2016187608242035
tgn,test,2024-08,country_ph,country_in,-0.26615660317143713,0.3854709267616272
tgn,test,2024-08,country_ph,country_jp,0.13277992481735756,0.1138642430305481
tgn,test,2024-08,country_ph,country_kr,0.04881808485460752,0.1007082462310791
tgn,test,2024-08,country_ph,country_mx,0.0014692526346296458,0.11234612762928009
tgn,test,2024-08,country_ph,country_my,-0.0828741901898419,0.4812014698982239
tgn,test,2024-08,country_ph,country_sg,-0.02770128917062816,0.12055179476737976
tgn,test,2024-08,country_ph,country_th,0.1696226552376319,0.15050554275512695
tgn,test,2024-08,country_ph,country_us,-0.033739186613046326,0.29566580057144165
tgn,test,2024-08,country_sg,country_203,-0.46211070129108894,-0.04446084797382355
tgn,test,2024-08,country_sg,country_344,0.04390385972655486,-0.025776967406272888
tgn,test,2024-08,country_sg,country_372,-0.5364732619157818,0.2744198143482208
tgn,test,2024-08,country_sg,country_380,-0.1904762118783236,0.14933931827545166
tgn,test,2024-08,country_sg,country_cn,0.36254756673361016,0.01634754240512848
tgn,test,2024-08,country_sg,country_de,-0.24832507625415645,0.011482499539852142
tgn,test,2024-08,country_sg,country_fr,-0.20350967961069036,-0.04135297238826752
tgn,test,2024-08,country_sg,country_gb,-0.42679815713536323,0.0778869092464447
tgn,test,2024-08,country_sg,country_in,-0.01313740717930684,0.23626932501792908
tgn,test,2024-08,country_sg,country_jp,-0.2838474097232029,0.03312157094478607
tgn,test,2024-08,country_sg,country_kr,0.046648161378259216,0.02538400888442993
tgn,test,2024-08,country_sg,country_mx,-0.1915220597158178,0.02147822082042694
tgn,test,2024-08,country_sg,country_my,0.40998499779996245,0.3318607211112976
tgn,test,2024-08,country_sg,country_ph,-0.0033220094203996638,0.059736818075180054
tgn,test,2024-08,country_sg,country_th,0.017667421379324724,0.07330623269081116
tgn,test,2024-08,country_sg,country_us,-0.2754166126814479,0.20171624422073364
tgn,test,2024-08,country_th,country_203,-0.12704970365185558,0.10539306700229645
tgn,test,2024-08,country_th,country_344,0.32754944730707136,0.09131565690040588
tgn,test,2024-08,country_th,country_372,-0.11871214699338216,0.488250195980072
tgn,test,2024-08,country_th,country_380,0.06767764838983668,0.37227362394332886
tgn,test,2024-08,country_th,country_cn,0.06109992074123055,0.040354371070861816
tgn,test,2024-08,country_th,country_de,-0.038330955523027906,0.01051647961139679
tgn,test,2024-08,country_th,country_fr,0.04853806525657877,0.009271152317523956
tgn,test,2024-08,country_th,country_gb,-0.29718474072860146,0.205122172832489
tgn,test,2024-08,country_th,country_in,-0.40496382152465793,0.40718579292297363
tgn,test,2024-08,country_th,country_jp,0.0272203112639024,0.023722872138023376
tgn,test,2024-08,country_th,country_kr,-0.11542861649013757,0.018735408782958984
tgn,test,2024-08,country_th,country_mx,0.041848482825610434,0.010241225361824036
tgn,test,2024-08,country_th,country_my,0.1444187539296535,0.490479052066803
tgn,test,2024-08,country_th,country_ph,0.16179529932620815,0.12120020389556885
tgn,test,2024-08,country_th,country_sg,-0.07682445525500112,0.05304926633834839
tgn,test,2024-08,country_th,country_us,-0.24429006630114453,0.21357524394989014
tgn,test,2024-08,country_tw,country_203,0.3103036451068408,0.028655052185058594
tgn,test,2024-08,country_tw,country_344,0.10501582146162607,0.041815340518951416
tgn,test,2024-08,country_tw,country_372,0.258610432766737,0.4325047731399536
tgn,test,2024-08,country_tw,country_380,0.5152008180906568,0.3081803619861603
tgn,test,2024-08,country_tw,country_cn,0.148240269897335,0.12368090450763702
tgn,test,2024-08,country_tw,country_de,0.007664780620794607,0.1216280460357666
tgn,test,2024-08,country_tw,country_fr,-0.17164165322577876,0.08752655982971191
tgn,test,2024-08,country_tw,country_gb,-0.14204314278653835,0.24398702383041382
tgn,test,2024-08,country_tw,country_in,0.1238424554012786,0.5076533555984497
tgn,test,2024-08,country_tw,country_jp,0.2512375694026009,0.13523462414741516
tgn,test,2024-08,country_tw,country_kr,0.4366381954449743,0.12870125472545624
tgn,test,2024-08,country_tw,country_mx,0.7774654616072492,0.14048510789871216
tgn,test,2024-08,country_tw,country_my,0.3399856197626732,0.5761429071426392
tgn,test,2024-08,country_tw,country_ph,0.10330145988955729,0.21113482117652893
tgn,test,2024-08,country_tw,country_sg,0.1575903100853944,0.13070431351661682
tgn,test,2024-08,country_tw,country_th,-0.038143046874264515,0.19368433952331543
tgn,test,2024-08,country_tw,country_us,0.6395879278478687,0.26646295189857483
tgn,test,2024-08,country_us,country_203,-0.17130033668879796,-0.10059326887130737
tgn,test,2024-08,country_us,country_344,-0.02035673260818091,-0.08767450600862503
tgn,test,2024-08,country_us,country_372,-0.057639466759506625,0.15627971291542053
tgn,test,2024-08,country_us,country_380,0.20917091420329337,0.032714784145355225
tgn,test,2024-08,country_us,country_cn,0.24002624256712887,-0.20026618242263794
tgn,test,2024-08,country_us,country_de,0.21458170468496052,-0.19527927041053772
tgn,test,2024-08,country_us,country_fr,-0.23579666958850462,-0.21514669060707092
tgn,test,2024-08,country_us,country_gb,-0.23062828238387903,-0.030082590878009796
tgn,test,2024-08,country_us,country_in,0.5095450359970007,0.11097988486289978
tgn,test,2024-08,country_us,country_jp,-0.01918189232182087,-0.18936339020729065
tgn,test,2024-08,country_us,country_kr,0.14964629631140408,-0.17389993369579315
tgn,test,2024-08,country_us,country_mx,-0.1242545826936407,-0.16700324416160583
tgn,test,2024-08,country_us,country_my,0.4888174113737258,0.18401813507080078
tgn,test,2024-08,country_us,country_ph,0.10297643178300288,-0.1017385870218277
tgn,test,2024-08,country_us,country_sg,0.04550102289931203,-0.1173623725771904
tgn,test,2024-08,country_us,country_th,0.0036660728587561307,-0.16662843525409698
tgn,test,2024-08,country_vn,country_203,-0.31923000416344544,1.337742805480957
tgn,test,2024-08,country_vn,country_344,0.5246207877329733,1.3280270099639893
tgn,test,2024-08,country_vn,country_372,-0.6244462426315048,1.7563941478729248
tgn,test,2024-08,country_vn,country_380,0.6317576214541665,1.6420648097991943
tgn,test,2024-08,country_vn,country_cn,0.4008519526797497,1.0391583442687988
tgn,test,2024-08,country_vn,country_de,0.27497321727284724,0.9783168435096741
tgn,test,2024-08,country_vn,country_fr,1.2096534466800024,0.9886717200279236
tgn,test,2024-08,country_vn,country_gb,-0.1484442246233579,1.3430240154266357
tgn,test,2024-08,country_vn,country_in,-0.729925694714243,1.5662925243377686
tgn,test,2024-08,country_vn,country_jp,0.0074630123222258855,1.020608901977539
tgn,test,2024-08,country_vn,country_kr,0.16089814792594617,1.1066858768463135
tgn,test,2024-08,country_vn,country_mx,-0.1099989540354793,1.1652603149414062
tgn,test,2024-08,country_vn,country_my,0.6880695439936683,1.6329755783081055
tgn,test,2024-08,country_vn,country_ph,0.18031633964840493,1.2516891956329346
tgn,test,2024-08,country_vn,country_sg,-0.022370463861379475,1.150730848312378
tgn,test,2024-08,country_vn,country_th,1.2775677888420434,1.1276907920837402
tgn,test,2024-08,country_vn,country_us,-0.12197580966353155,1.048982858657837
tgn,test,2024-09,country_203,country_344,6.99432568938316,0.04333724081516266
tgn,test,2024-09,country_203,country_372,-0.8717199140166568,0.03512848913669586
tgn,test,2024-09,country_203,country_380,-0.5648309674574158,0.04652661085128784
tgn,test,2024-09,country_203,country_cn,-0.012647989231014156,0.09008282423019409
tgn,test,2024-09,country_203,country_de,-0.1850936107215521,0.1253647357225418
tgn,test,2024-09,country_203,country_fr,-0.6188381550419321,0.0849628746509552
tgn,test,2024-09,country_203,country_gb,0.14798334706076613,0.17817777395248413
tgn,test,2024-09,country_203,country_in,2.723615770402891,0.038578733801841736
tgn,test,2024-09,country_203,country_jp,0.34503619080931763,0.2765403389930725
tgn,test,2024-09,country_203,country_kr,-0.5222589424572317,0.16033798456192017
tgn,test,2024-09,country_203,country_mx,0.02587559927545299,0.18129408359527588
tgn,test,2024-09,country_203,country_my,0.6681054239244009,0.1178591400384903
tgn,test,2024-09,country_203,country_ph,-0.20324016302506698,0.09017100930213928
tgn,test,2024-09,country_203,country_sg,0.04652447030358735,0.1772008240222931
tgn,test,2024-09,country_203,country_th,1.4373312023947244,0.23273932933807373
tgn,test,2024-09,country_203,country_us,0.18651599281631615,0.351810097694397
tgn,test,2024-09,country_344,country_203,1.047798864584305,0.09235177934169769
tgn,test,2024-09,country_344,country_372,-0.23779309553163547,0.05675676465034485
tgn,test,2024-09,country_344,country_380,-0.2507936002950687,0.06781144440174103
tgn,test,2024-09,country_344,country_cn,-0.4827757707111531,0.13662105798721313
tgn,test,2024-09,country_344,country_de,-0.4185617767480836,0.16091281175613403
tgn,test,2024-09,country_344,country_fr,0.06823787643222973,0.12675336003303528
tgn,test,2024-09,country_344,country_gb,0.5721330694518173,0.1832740604877472
tgn,test,2024-09,country_344,country_in,1.335394613996872,0.1341540664434433
tgn,test,2024-09,country_344,country_jp,0.28824068129993013,0.246290385723114
tgn,test,2024-09,country_344,country_kr,-0.7049561677237464,0.16825491189956665
tgn,test,2024-09,country_344,country_mx,-0.03681165392355132,0.1576901078224182
tgn,test,2024-09,country_344,country_my,-0.07542744009561901,0.17679917812347412
tgn,test,2024-09,country_344,country_ph,0.33106329226129233,0.1485263705253601
tgn,test,2024-09,country_344,country_sg,0.3218363199896629,0.1618228554725647
tgn,test,2024-09,country_344,country_th,-0.5147083750544147,0.22809195518493652
tgn,test,2024-09,country_344,country_us,-0.09246003768574973,0.3062879145145416
tgn,test,2024-09,country_372,country_203,0.29232155320672776,0.09466415643692017
tgn,test,2024-09,country_372,country_344,4.342556004475203,0.07701471447944641
tgn,test,2024-09,country_372,country_380,-0.748229810935448,0.07689738273620605
tgn,test,2024-09,country_372,country_cn,0.12739092378614744,-0.06619666516780853
tgn,test,2024-09,country_372,country_de,-0.4149211416056847,-0.026367947459220886
tgn,test,2024-09,country_372,country_fr,-0.8014550907220516,-0.05585663393139839
tgn,test,2024-09,country_372,country_gb,0.21555180233806223,-0.07626605033874512
tgn,test,2024-09,country_372,country_in,4.959319768468525,-0.03157380223274231
tgn,test,2024-09,country_372,country_jp,-0.44236104079293825,-0.02829134464263916
tgn,test,2024-09,country_372,country_kr,3.09810279141285,-0.09006422013044357
tgn,test,2024-09,country_372,country_mx,-0.4287763617040672,-0.07868857681751251
tgn,test,2024-09,country_372,country_my,0.4923283691047654,-0.07631146162748337
tgn,test,2024-09,country_372,country_ph,0.3485665128952076,-0.057010479271411896
tgn,test,2024-09,country_372,country_sg,-0.07390952364911499,-0.09447762370109558
tgn,test,2024-09,country_372,country_th,0.8967437197586018,-0.04400248825550079
tgn,test,2024-09,country_372,country_us,0.0933852320101297,0.10741332173347473
tgn,test,2024-09,country_380,country_203,0.05186268361323749,0.09911912679672241
tgn,test,2024-09,country_380,country_344,0.08151554349168283,0.0767778754234314
tgn,test,2024-09,country_380,country_372,0.593084410051651,0.06076684594154358
tgn,test,2024-09,country_380,country_cn,0.007365263298945811,0.1449260711669922
tgn,test,2024-09,country_380,country_de,-0.33774711597155144,0.1797022819519043
tgn,test,2024-09,country_380,country_fr,0.16992646664310368,0.14883476495742798
tgn,test,2024-09,country_380,country_gb,-0.006741308647854196,0.18162137269973755
tgn,test,2024-09,country_380,country_in,-0.16712411039489772,0.08893042802810669
tgn,test,2024-09,country_380,country_jp,0.2881858965488897,0.26403647661209106
tgn,test,2024-09,country_380,country_kr,5.164154639964612,0.17839381098747253
tgn,test,2024-09,country_380,country_mx,0.5279188344033651,0.1548081934452057
tgn,test,2024-09,country_380,country_my,-0.4571485796333635,0.1419932246208191
tgn,test,2024-09,country_380,country_ph,-0.10988724635545627,0.1387900710105896
tgn,test,2024-09,country_380,country_sg,-0.23051330938200776,0.1703042984008789
tgn,test,2024-09,country_380,country_th,-0.0714623600247649,0.22231948375701904
tgn,test,2024-09,country_380,country_us,0.1839878271507008,0.32703185081481934
tgn,test,2024-09,country_50,country_344,-0.8492322878890629,0.0358438640832901
tgn,test,2024-09,country_50,country_de,-0.997066804470954,0.07134544849395752
tgn,test,2024-09,country_50,country_jp,4.128376566884178,0.19961243867874146
tgn,test,2024-09,country_50,country_my,-0.46549286166624476,0.06861269474029541
tgn,test,2024-09,country_50,country_sg,0.9961886612672702,0.11279197037220001
tgn,test,2024-09,country_50,country_us,-0.40653951112392567,0.3083154559135437
tgn,test,2024-09,country_cn,country_203,-0.31320947783980135,0.03065010905265808
tgn,test,2024-09,country_cn,country_344,-0.08187530204335625,0.02552291750907898
tgn,test,2024-09,country_cn,country_372,-0.1228233014262034,0.13306951522827148
tgn,test,2024-09,country_cn,country_380,-0.1571727473436837,0.023265749216079712
tgn,test,2024-09,country_cn,country_de,-0.014726980146380476,0.1409175992012024
tgn,test,2024-09,country_cn,country_fr,0.0008231585023634081,0.12294189631938934
tgn,test,2024-09,country_cn,country_gb,-0.18873819201165698,0.17666560411453247
tgn,test,2024-09,country_cn,country_in,-0.1382220632070292,0.08928924798965454
tgn,test,2024-09,country_cn,country_jp,0.07704550518746812,0.23197591304779053
tgn,test,2024-09,country_cn,country_kr,0.043773300325722006,0.15014439821243286
tgn,test,2024-09,country_cn,country_mx,0.3587387860245066,0.12716548144817352
tgn,test,2024-09,country_cn,country_my,0.05030876379002492,0.13672074675559998
tgn,test,2024-09,country_cn,country_ph,0.26028232270090784,0.11723417043685913
tgn,test,2024-09,country_cn,country_sg,0.05822694171038974,0.13891276717185974
tgn,test,2024-09,country_cn,country_th,0.11526302221787778,0.2207956612110138
tgn,test,2024-09,country_cn,country_us,-0.07180057710165343,0.2165268063545227
tgn,test,2024-09,country_de,country_203,-0.09102577018126383,0.04486176371574402
tgn,test,2024-09,country_de,country_344,0.0929551306426157,0.0344139039516449
tgn,test,2024-09,country_de,country_372,0.379971599456853,0.1706705391407013
tgn,test,2024-09,country_de,country_380,-0.09762066580614699,0.04028227925300598
tgn,test,2024-09,country_de,country_cn,0.08591341525181416,0.11267562210559845
tgn,test,2024-09,country_de,country_fr,-0.024299210923992037,0.12654033303260803
tgn,test,2024-09,country_de,country_gb,0.08291325001031409,0.17493373155593872
tgn,test,2024-09,country_de,country_in,0.25249250434304565,0.1104988306760788
tgn,test,2024-09,country_de,country_jp,0.1680826666679271,0.2375907003879547
tgn,test,2024-09,country_de,country_kr,-0.4409191996335173,0.14180725812911987
tgn,test,2024-09,country_de,country_mx,0.04847677184399702,0.15078476071357727
tgn,test,2024-09,country_de,country_my,-0.05819343622268288,0.15282082557678223
tgn,test,2024-09,country_de,country_ph,-0.0745364674464988,0.12715843319892883
tgn,test,2024-09,country_de,country_sg,-0.03526750098737202,0.14260458946228027
tgn,test,2024-09,country_de,country_th,0.058990314206666,0.2121608853340149
tgn,test,2024-09,country_de,country_us,-0.016963546669535583,0.22314155101776123
tgn,test,2024-09,country_fr,country_203,-0.02952315339468358,0.027340680360794067
tgn,test,2024-09,country_fr,country_344,0.017775311271146243,0.020225301384925842
tgn,test,2024-09,country_fr,country_372,-0.12132863708708884,0.16193151473999023
tgn,test,2024-09,country_fr,country_380,-0.47093561258999184,0.02817915380001068
tgn,test,2024-09,country_fr,country_cn,0.07632480473900669,0.09762464463710785
tgn,test,2024-09,country_fr,country_de,0.0019663083819018603,0.126580610871315
tgn,test,2024-09,country_fr,country_gb,0.2240179263388528,0.15889346599578857
tgn,test,2024-09,country_fr,country_in,3.3864430337856986,0.09976540505886078
tgn,test,2024-09,country_fr,country_jp,-0.1869412651126401,0.2198079228401184
tgn,test,2024-09,country_fr,country_kr,0.1414148306209738,0.12935584783554077
tgn,test,2024-09,country_fr,country_mx,0.3155991239071475,0.13612022995948792
tgn,test,2024-09,country_fr,country_my,0.3679519711146441,0.13157051801681519
tgn,test,2024-09,country_fr,country_ph,-0.3253213477690768,0.11243836581707001
tgn,test,2024-09,country_fr,country_sg,-0.005963167450045697,0.13780879974365234
tgn,test,2024-09,country_fr,country_th,0.5466877002786171,0.1931304931640625
tgn,test,2024-09,country_fr,country_us,0.2272404552989425,0.2089759111404419
tgn,test,2024-09,country_gb,country_203,0.0062815516636782875,0.059476256370544434
tgn,test,2024-09,country_gb,country_344,1.8979132336833457,0.04790911078453064
tgn,test,2024-09,country_gb,country_372,-0.2971254529009494,0.11939343810081482
tgn,test,2024-09,country_gb,country_380,0.10628468088245395,0.04224695265293121
tgn,test,2024-09,country_gb,country_cn,-0.09034454717726309,0.11047062277793884
tgn,test,2024-09,country_gb,country_de,-0.02439869493523934,0.13791070878505707
tgn,test,2024-09,country_gb,country_fr,0.38114032094092604,0.11923597753047943
tgn,test,2024-09,country_gb,country_in,-0.07111050735189735,0.1095251739025116
tgn,test,2024-09,country_gb,country_jp,-0.4704138130195795,0.21355950832366943
tgn,test,2024-09,country_gb,country_kr,-0.3430300931980303,0.13842135667800903
tgn,test,2024-09,country_gb,country_mx,0.06985212533788565,0.15161502361297607
tgn,test,2024-09,country_gb,country_my,-0.24876901220438966,0.1456071138381958
tgn,test,2024-09,country_gb,country_ph,-0.06947868635089856,0.1301143765449524
tgn,test,2024-09,country_gb,country_sg,-0.5300458020827932,0.14575603604316711
tgn,test,2024-09,country_gb,country_th,-0.04341411666107266,0.20310968160629272
tgn,test,2024-09,country_gb,country_us,-0.31557914177660923,0.2573607563972473
tgn,test,2024-09,country_in,country_203,0.9006838765325611,0.03793996572494507
tgn,test,2024-09,country_in,country_344,-0.07341550263091821,0.02625150978565216
tgn,test,2024-09,country_in,country_372,-0.7719272432506886,0.18918472528457642
tgn,test,2024-09,country_in,country_380,-0.5682291639424782,0.014599204063415527
tgn,test,2024-09,country_in,country_cn,-0.29093597919113945,0.10617989301681519
tgn,test,2024-09,country_in,country_de,-0.48350310738991115,0.12811024487018585
tgn,test,2024-09,country_in,country_fr,-0.5424995073182604,0.1144786924123764
tgn,test,2024-09,country_in,country_gb,-0.4443071951846617,0.19619962573051453
tgn,test,2024-09,country_in,country_jp,-0.5872069932269427,0.25310593843460083
tgn,test,2024-09,country_in,country_kr,11.06486948467861,0.1321510523557663
tgn,test,2024-09,country_in,country_mx,1.0424899448118923,0.13781562447547913
tgn,test,2024-09,country_in,country_my,0.6023917420570898,0.13749271631240845
tgn,test,2024-09,country_in,country_ph,-0.4562503595466835,0.11168104410171509
tgn,test,2024-09,country_in,country_sg,-0.3535308363327563,0.13387265801429749
tgn,test,2024-09,country_in,country_th,-0.4007999229933758,0.19141143560409546
tgn,test,2024-09,country_in,country_us,-0.6377750321084247,0.248973548412323
tgn,test,2024-09,country_jp,country_203,0.44801718369984955,0.0922946035861969
tgn,test,2024-09,country_jp,country_344,0.05996748604038584,0.08182558417320251
tgn,test,2024-09,country_jp,country_372,0.2843937116913072,0.12821921706199646
tgn,test,2024-09,country_jp,country_380,-0.19835256496332626,0.06937460601329803
tgn,test,2024-09,country_jp,country_cn,0.10790189344397091,0.15807437896728516
tgn,test,2024-09,country_jp,country_de,-0.09384899227696088,0.17101645469665527
tgn,test,2024-09,country_jp,country_fr,-0.31524993467506573,0.14851480722427368
tgn,test,2024-09,country_jp,country_gb,0.6707722287709612,0.20630767941474915
tgn,test,2024-09,country_jp,country_in,0.08107860694267853,0.1322530210018158
tgn,test,2024-09,country_jp,country_kr,0.42554507066855574,0.1873200237751007
tgn,test,2024-09,country_jp,country_mx,0.008517224588977433,0.18298500776290894
tgn,test,2024-09,country_jp,country_my,0.11902874339989922,0.1833781898021698
tgn,test,2024-09,country_jp,country_ph,0.27394393863201605,0.1579282581806183
tgn,test,2024-09,country_jp,country_sg,0.3788826802845347,0.1867329478263855
tgn,test,2024-09,country_jp,country_th,0.1460210345324325,0.2623397409915924
tgn,test,2024-09,country_jp,country_us,0.03444669888708232,0.3095429837703705
tgn,test,2024-09,country_kr,country_203,0.3809925430684622,0.0650959312915802
tgn,test,2024-09,country_kr,country_344,-0.18162959347812738,0.06452512741088867
tgn,test,2024-09,country_kr,country_372,1.3185967707275699,0.11785957217216492
tgn,test,2024-09,country_kr,country_380,-0.24503198537226065,0.04838663339614868
tgn,test,2024-09,country_kr,country_cn,0.12224084132524735,0.15698397159576416
tgn,test,2024-09,country_kr,country_de,-0.03113711048401732,0.16498559713363647
tgn,test,2024-09,country_kr,country_fr,-0.42321616464793327,0.14317891001701355
tgn,test,2024-09,country_kr,country_gb,0.3163180779679026,0.20039144158363342
tgn,test,2024-09,country_kr,country_in,-0.047904082570209484,0.1296757012605667
tgn,test,2024-09,country_kr,country_jp,-0.2070494511876166,0.25876861810684204
tgn,test,2024-09,country_kr,country_mx,0.44473253172920535,0.1808079183101654
tgn,test,2024-09,country_kr,country_my,1.1490192260413399,0.18058645725250244
tgn,test,2024-09,country_kr,country_ph,0.6574414339299608,0.1534801721572876
tgn,test,2024-09,country_kr,country_sg,0.09022475570560626,0.18819653987884521
tgn,test,2024-09,country_kr,country_th,1.671800997475715,0.25767412781715393
tgn,test,2024-09,country_kr,country_us,-0.06526378540601947,0.2889787554740906
tgn,test,2024-09,country_mx,country_203,0.9634426839176709,0.07855749130249023
tgn,test,2024-09,country_mx,country_344,0.20483048734796827,0.071454256772995
tgn,test,2024-09,country_mx,country_372,2.532786018473202,0.14825540781021118
tgn,test,2024-09,country_mx,country_380,-0.33540663826698963,0.06786943972110748
tgn,test,2024-09,country_mx,country_cn,0.2554800548859759,0.15031546354293823
tgn,test,2024-09,country_mx,country_de,-0.17531486624690332,0.16940715909004211
tgn,test,2024-09,country_mx,country_fr,0.1601504991802554,0.14893397688865662
tgn,test,2024-09,country_mx,country_gb,-0.04182126594403375,0.19533002376556396
tgn,test,2024-09,country_mx,country_in,0.13472931580047023,0.14405596256256104
tgn,test,2024-09,country_mx,country_jp,-0.14619831149789395,0.2561917304992676
tgn,test,2024-09,country_mx,country_kr,0.29345253135613847,0.17522472143173218
tgn,test,2024-09,country_mx,country_my,0.17356072360892924,0.18155044317245483
tgn,test,2024-09,country_mx,country_ph,-0.3784755209761511,0.15526992082595825
tgn,test,2024-09,country_mx,country_sg,-0.1935551049234775,0.17480504512786865
tgn,test,2024-09,country_mx,country_th,0.030658357968719095,0.24647343158721924
tgn,test,2024-09,country_mx,country_us,-0.18447226510486914,0.29624271392822266
tgn,test,2024-09,country_my,country_203,0.13319060397892066,0.06768223643302917
tgn,test,2024-09,country_my,country_344,0.5939329868084393,0.06664122641086578
tgn,test,2024-09,country_my,country_372,0.3306923368902725,0.16873982548713684
tgn,test,2024-09,country_my,country_380,-0.22052266385917446,0.05164453387260437
tgn,test,2024-09,country_my,country_cn,-0.00894638667353815,0.1532852053642273
tgn,test,2024-09,country_my,country_de,0.03088978016291247,0.1696956753730774
tgn,test,2024-09,country_my,country_fr,-0.2673868136232244,0.1492183804512024
tgn,test,2024-09,country_my,country_gb,-0.05188106226493773,0.2141757309436798
tgn,test,2024-09,country_my,country_in,-0.06435488370923084,0.13855615258216858
tgn,test,2024-09,country_my,country_jp,-0.0063738212539317185,0.2794141173362732
tgn,test,2024-09,country_my,country_kr,0.02306675264209164,0.18029314279556274
tgn,test,2024-09,country_my,country_mx,0.07793737336650436,0.18295952677726746
tgn,test,2024-09,country_my,country_ph,0.2885136106563004,0.15825027227401733
tgn,test,2024-09,country_my,country_sg,0.16392857550514234,0.1848180890083313
tgn,test,2024-09,country_my,country_th,-0.04600088921114061,0.2537666857242584
tgn,test,2024-09,country_my,country_us,-0.1732387211135431,0.28065812587738037
tgn,test,2024-09,country_ph,country_203,0.4964449642174256,0.048037201166152954
tgn,test,2024-09,country_ph,country_344,0.12223378980888405,0.04941877722740173
tgn,test,2024-09,country_ph,country_372,0.015643110776623993,0.1639549732208252
tgn,test,2024-09,country_ph,country_380,-0.15990283192605076,0.03490772843360901
tgn,test,2024-09,country_ph,country_cn,0.0268322226332672,0.13744792342185974
tgn,test,2024-09,country_ph,country_de,-0.127406904209861,0.15321767330169678
tgn,test,2024-09,country_ph,country_fr,-0.3396471910077609,0.13266496360301971
tgn,test,2024-09,country_ph,country_gb,-0.12114819194929569,0.20722925662994385
tgn,test,2024-09,country_ph,country_in,0.5769813341301561,0.14114657044410706
tgn,test,2024-09,country_ph,country_jp,-0.004155123227878157,0.28716301918029785
tgn,test,2024-09,country_ph,country_kr,0.012121383158852911,0.16738688945770264
tgn,test,2024-09,country_ph,country_mx,0.06989019064945276,0.16767072677612305
tgn,test,2024-09,country_ph,country_my,-0.0422986888587999,0.1625952422618866
tgn,test,2024-09,country_ph,country_sg,-0.034090195491272506,0.16760262846946716
tgn,test,2024-09,country_ph,country_th,0.12473998643940817,0.2391093373298645
tgn,test,2024-09,country_ph,country_us,-0.14310504620324427,0.24900728464126587
tgn,test,2024-09,country_sg,country_203,0.3296621311406987,0.05868421494960785
tgn,test,2024-09,country_sg,country_344,0.20867994707537701,0.06539294123649597
tgn,test,2024-09,country_sg,country_372,0.7916179733696856,0.11673469841480255
tgn,test,2024-09,country_sg,country_380,-0.0673607015007834,0.048881471157073975
tgn,test,2024-09,country_sg,country_cn,0.10843356650918522,0.1512165069580078
tgn,test,2024-09,country_sg,country_de,-0.08069052803418393,0.16752344369888306
tgn,test,2024-09,country_sg,country_fr,-0.25440232352327563,0.15415561199188232
tgn,test,2024-09,country_sg,country_gb,-0.09809010412987859,0.19849255681037903
tgn,test,2024-09,country_sg,country_in,0.5863727807531488,0.12861891090869904
tgn,test,2024-09,country_sg,country_jp,0.09691678351232615,0.25688743591308594
tgn,test,2024-09,country_sg,country_kr,0.6382939294574603,0.18396800756454468
tgn,test,2024-09,country_sg,country_mx,-0.10990792975843237,0.18274545669555664
tgn,test,2024-09,country_sg,country_my,0.3916051891362668,0.18967661261558533
tgn,test,2024-09,country_sg,country_ph,0.8444899832460149,0.15099185705184937
tgn,test,2024-09,country_sg,country_th,-0.06378570483681092,0.254263311624527
tgn,test,2024-09,country_sg,country_us,-0.19852208603774765,0.289619505405426
tgn,test,2024-09,country_th,country_203,0.14248432846237855,0.10790634155273438
tgn,test,2024-09,country_th,country_344,0.19334451651854284,0.09835514426231384
tgn,test,2024-09,country_th,country_372,-0.2587267073020967,0.16601485013961792
tgn,test,2024-09,country_th,country_380,-0.06455088909401815,0.0902661681175232
tgn,test,2024-09,country_th,country_cn,-0.04063106003604779,0.17149585485458374
tgn,test,2024-09,country_th,country_de,-0.07478612890970622,0.19114357233047485
tgn,test,2024-09,country_th,country_fr,-0.34305928077482734,0.17223656177520752
tgn,test,2024-09,country_th,country_gb,-0.0930275083672375,0.21612465381622314
tgn,test,2024-09,country_th,country_in,-0.33108920905329325,0.18184593319892883
tgn,test,2024-09,country_th,country_jp,-0.12414822936753481,0.26760339736938477
tgn,test,2024-09,country_th,country_kr,-0.16021737141899792,0.19768086075782776
tgn,test,2024-09,country_th,country_mx,0.24587246025570142,0.20641106367111206
tgn,test,2024-09,country_th,country_my,0.05128464045364154,0.20950919389724731
tgn,test,2024-09,country_th,country_ph,-0.021381487992326483,0.1808089017868042
tgn,test,2024-09,country_th,country_sg,-0.2589793595197273,0.19943487644195557
tgn,test,2024-09,country_th,country_us,-0.3349281071274368,0.3203635811805725
tgn,test,2024-09,country_tw,country_203,0.3151496110753606,0.029458120465278625
tgn,test,2024-09,country_tw,country_344,0.14671744279638985,0.023396462202072144
tgn,test,2024-09,country_tw,country_372,-0.17709001971678967,0.16036444902420044
tgn,test,2024-09,country_tw,country_380,0.13531815406420836,0.0066381096839904785
tgn,test,2024-09,country_tw,country_cn,0.11535094934866695,0.13481038808822632
tgn,test,2024-09,country_tw,country_de,0.022580251594475423,0.1493375301361084
tgn,test,2024-09,country_tw,country_fr,-0.21281159161134255,0.1253191977739334
tgn,test,2024-09,country_tw,country_gb,-0.46918144619035324,0.18871861696243286
tgn,test,2024-09,country_tw,country_in,0.1392002305290079,0.09935373067855835
tgn,test,2024-09,country_tw,country_jp,0.0520808557380293,0.26297080516815186
tgn,test,2024-09,country_tw,country_kr,0.28478488034097404,0.15953600406646729
tgn,test,2024-09,country_tw,country_mx,0.6796940527831937,0.15243244171142578
tgn,test,2024-09,country_tw,country_my,0.37895680494765405,0.157728910446167
tgn,test,2024-09,country_tw,country_ph,0.3253611792330154,0.12232241034507751
tgn,test,2024-09,country_tw,country_sg,0.1988063365161875,0.1632317304611206
tgn,test,2024-09,country_tw,country_th,0.19041787543950858,0.23062467575073242
tgn,test,2024-09,country_tw,country_us,0.6874674193111128,0.22927257418632507
tgn,test,2024-09,country_us,country_203,0.6625662117156141,0.002575308084487915
tgn,test,2024-09,country_us,country_344,0.10321814684184466,-0.0031485557556152344
tgn,test,2024-09,country_us,country_372,-0.23506364502557575,0.047411203384399414
tgn,test,2024-09,country_us,country_380,-0.12375442099750175,-0.022468842566013336
tgn,test,2024-09,country_us,country_cn,0.29616411662560443,-0.09810204803943634
tgn,test,2024-09,country_us,country_de,-0.35144485119781954,-0.0837661623954773
tgn,test,2024-09,country_us,country_fr,-0.09016360017273489,-0.10372741520404816
tgn,test,2024-09,country_us,country_gb,0.2596412312387894,-0.05459851026535034
tgn,test,2024-09,country_us,country_in,0.6198545773161183,-0.10383357852697372
tgn,test,2024-09,country_us,country_jp,-0.17299936820744582,-0.009466484189033508
tgn,test,2024-09,country_us,country_kr,0.2846808076938084,-0.07009221613407135
tgn,test,2024-09,country_us,country_mx,-0.05642428358647815,-0.09548039734363556
tgn,test,2024-09,country_us,country_my,0.6536273476592228,-0.07152523100376129
tgn,test,2024-09,country_us,country_ph,0.11248422254440633,-0.0951850414276123
tgn,test,2024-09,country_us,country_sg,0.34977439945599215,-0.06860681623220444
tgn,test,2024-09,country_us,country_th,-0.06248200838115912,-0.04467563331127167
tgn,test,2024-09,country_vn,country_203,0.1073326774337638,1.4773788452148438
tgn,test,2024-09,country_vn,country_344,-0.24995396372027248,1.3794922828674316
tgn,test,2024-09,country_vn,country_372,-0.8320188323292617,1.6178867816925049
tgn,test,2024-09,country_vn,country_380,0.7109671310942093,1.424595832824707
tgn,test,2024-09,country_vn,country_cn,-0.29537671671296645,1.1213200092315674
tgn,test,2024-09,country_vn,country_de,0.5563330852864012,1.091508388519287
tgn,test,2024-09,country_vn,country_fr,0.15487865688009703,1.1069011688232422
tgn,test,2024-09,country_vn,country_gb,0.11126553622807507,1.266096830368042
tgn,test,2024-09,country_vn,country_in,-0.7842998645135263,1.1186833381652832
tgn,test,2024-09,country_vn,country_jp,-0.19075132974693995,1.3188719749450684
tgn,test,2024-09,country_vn,country_kr,0.13985192454671352,1.197011947631836
tgn,test,2024-09,country_vn,country_mx,0.1888692613034977,1.2106986045837402
tgn,test,2024-09,country_vn,country_my,1.2191115490625508,1.1155610084533691
tgn,test,2024-09,country_vn,country_ph,-0.08608123240152492,1.1437795162200928
tgn,test,2024-09,country_vn,country_sg,0.19485506454844362,1.1979196071624756
tgn,test,2024-09,country_vn,country_th,0.5597398342621841,1.231126308441162
tgn,test,2024-09,country_vn,country_us,-0.5046864013425514,1.133237361907959
tgn,test,2024-10,country_203,country_344,1.7584245906776912,-0.02262541651725769
tgn,test,2024-10,country_203,country_372,-0.8698241862915195,-0.015096865594387054
tgn,test,2024-10,country_203,country_380,-0.2259366688315937,-0.0033202320337295532
tgn,test,2024-10,country_203,country_cn,-0.22572732846169266,-0.025174930691719055
tgn,test,2024-10,country_203,country_de,0.2813234631678259,0.021673500537872314
tgn,test,2024-10,country_203,country_fr,-0.5768464315811279,-0.01830635964870453
tgn,test,2024-10,country_203,country_gb,0.02497207921033874,0.03129756450653076
tgn,test,2024-10,country_203,country_in,0.13691676125412727,0.013976670801639557
tgn,test,2024-10,country_203,country_jp,0.5378245833327389,-0.02082241326570511
tgn,test,2024-10,country_203,country_kr,0.11840058559795041,-0.02953100949525833
tgn,test,2024-10,country_203,country_mx,0.19814669976829435,-0.02406548708677292
tgn,test,2024-10,country_203,country_my,1.2022893307380882,-0.006092466413974762
tgn,test,2024-10,country_203,country_ph,0.05104904658025333,0.007738739252090454
tgn,test,2024-10,country_203,country_sg,-0.052916065378401815,0.01011957973241806
tgn,test,2024-10,country_203,country_th,0.8072045770135512,0.050209417939186096
tgn,test,2024-10,country_203,country_us,-0.6767701097200706,0.19578760862350464
tgn,test,2024-10,country_344,country_203,-0.8262733690519162,0.040985941886901855
tgn,test,2024-10,country_344,country_372,11.830148036927676,0.037426263093948364
tgn,test,2024-10,country_344,country_380,1.6351110634938661,0.04195272922515869
tgn,test,2024-10,country_344,country_cn,-0.35837886749074754,0.05949482321739197
tgn,test,2024-10,country_344,country_de,-0.15206897384126686,0.09488657116889954
tgn,test,2024-10,country_344,country_fr,0.007028345112606903,0.03942576050758362
tgn,test,2024-10,country_344,country_gb,0.5345103678163413,0.148484468460083
tgn,test,2024-10,country_344,country_in,0.3949607035651915,0.07842954993247986
tgn,test,2024-10,country_344,country_jp,0.7876575295922954,0.055576980113983154
tgn,test,2024-10,country_344,country_kr,0.051728221643949926,0.1184062510728836
tgn,test,2024-10,country_344,country_mx,0.15484267521991316,0.1366530954837799
tgn,test,2024-10,country_344,country_my,-0.21620905957201586,0.15293708443641663
tgn,test,2024-10,country_344,country_ph,-0.28694446090749526,0.18440404534339905
tgn,test,2024-10,country_344,country_sg,-0.21576542178057984,0.19715335965156555
tgn,test,2024-10,country_344,country_th,0.12017705831021452,0.2559327185153961
tgn,test,2024-10,country_344,country_us,0.05619299919512598,0.28387826681137085
tgn,test,2024-10,country_372,country_203,-0.6692952227930347,-0.020270541310310364
tgn,test,2024-10,country_372,country_344,-0.42721763268621316,-0.029950089752674103
tgn,test,2024-10,country_372,country_380,0.4040635622052264,-0.01364929974079132
tgn,test,2024-10,country_372,country_cn,0.2128479175551538,-0.035645775496959686
tgn,test,2024-10,country_372,country_de,-0.5776171934881614,0.004567548632621765
tgn,test,2024-10,country_372,country_fr,-0.539035422775986,-0.041873037815093994
tgn,test,2024-10,country_372,country_gb,0.8784429459012634,0.02446192502975464
tgn,test,2024-10,country_372,country_in,5.129157946604635,0.0029469355940818787
tgn,test,2024-10,country_372,country_jp,-0.04057478106007734,-0.029765255749225616
tgn,test,2024-10,country_372,country_kr,0.3124344173438794,-0.039408668875694275
tgn,test,2024-10,country_372,country_mx,-0.6569400917588587,-0.03276357054710388
tgn,test,2024-10,country_372,country_my,0.10425664646005545,0.0036049336194992065
tgn,test,2024-10,country_372,country_ph,0.08182496003156596,-0.004435122013092041
tgn,test,2024-10,country_372,country_sg,0.40143960296234227,-0.02021028846502304
tgn,test,2024-10,country_372,country_th,0.8950458913461427,0.03875243663787842
tgn,test,2024-10,country_372,country_us,0.4124360569154731,0.2000114619731903
tgn,test,2024-10,country_380,country_203,-0.27813616860297263,-0.0037683993577957153
tgn,test,2024-10,country_380,country_344,0.053784525386500984,-0.023844771087169647
tgn,test,2024-10,country_380,country_372,0.4163677657645137,-0.004808112978935242
tgn,test,2024-10,country_380,country_cn,-0.035579303478754584,-0.028426527976989746
tgn,test,2024-10,country_380,country_de,0.9680246894028804,0.01517881453037262
tgn,test,2024-10,country_380,country_fr,-0.27293295721460176,-0.007374309003353119
tgn,test,2024-10,country_380,country_gb,0.15861216913186252,0.026747286319732666
tgn,test,2024-10,country_380,country_in,0.6228700410405074,0.007274039089679718
tgn,test,2024-10,country_380,country_jp,0.27999788804413905,-0.020533159375190735
tgn,test,2024-10,country_380,country_kr,0.5740806411741961,-0.02747039496898651
tgn,test,2024-10,country_380,country_mx,-0.27254661959701654,-0.029561765491962433
tgn,test,2024-10,country_380,country_my,-0.34750155842514624,-0.020292572677135468
tgn,test,2024-10,country_380,country_ph,-0.09008082566781499,0.00715242326259613
tgn,test,2024-10,country_380,country_sg,-0.1453005490341918,0.01792004704475403
tgn,test,2024-10,country_380,country_th,0.2242545464716679,0.04664655029773712
tgn,test,2024-10,country_380,country_us,-0.016894895258553127,0.2046186625957489
tgn,test,2024-10,country_50,country_jp,3.725738960322359,0.03062443435192108
tgn,test,2024-10,country_50,country_my,0.4359424689044603,0.21623623371124268
tgn,test,2024-10,country_50,country_us,1.8001141180902775,0.339432030916214
tgn,test,2024-10,country_cn,country_203,0.1392371291228029,0.019091859459877014
tgn,test,2024-10,country_cn,country_344,-0.033749650167294004,0.024500593543052673
tgn,test,2024-10,country_cn,country_372,0.10995656365238612,0.02226109802722931
tgn,test,2024-10,country_cn,country_380,-0.16855282569175392,0.022798001766204834
tgn,test,2024-10,country_cn,country_de,-0.17750833211924363,0.1224396824836731
tgn,test,2024-10,country_cn,country_fr,-0.050092217345181586,0.08715030550956726
tgn,test,2024-10,country_cn,country_gb,-0.17274910104281752,0.14522984623908997
tgn,test,2024-10,country_cn,country_in,-0.18819532883573256,0.07397624850273132
tgn,test,2024-10,country_cn,country_jp,-0.11084315507684483,0.1025572121143341
tgn,test,2024-10,country_cn,country_kr,0.037762727087672206,0.14944785833358765
tgn,test,2024-10,country_cn,country_mx,0.009905669398430525,0.15363839268684387
tgn,test,2024-10,country_cn,country_my,0.34015593052574294,0.16804960370063782
tgn,test,2024-10,country_cn,country_ph,0.23434518687631917,0.215337336063385
tgn,test,2024-10,country_cn,country_sg,0.23682174490746866,0.21807625889778137
tgn,test,2024-10,country_cn,country_th,0.0232497226204371,0.2925759553909302
tgn,test,2024-10,country_cn,country_us,-0.09321509131172384,0.2208728790283203
tgn,test,2024-10,country_de,country_203,-0.1006935212226808,0.033482104539871216
tgn,test,2024-10,country_de,country_344,0.14233394914662587,0.03540080785751343
tgn,test,2024-10,country_de,country_372,-0.06854407961394689,0.03654515743255615
tgn,test,2024-10,country_de,country_380,-0.17055376999452676,0.042584240436553955
tgn,test,2024-10,country_de,country_cn,-0.06628712246764738,0.09498840570449829
tgn,test,2024-10,country_de,country_fr,-0.2746539819364242,0.10102182626724243
tgn,test,2024-10,country_de,country_gb,0.0731721362926512,0.15144729614257812
tgn,test,2024-10,country_de,country_in,0.16569164454788754,0.0904741883277893
tgn,test,2024-10,country_de,country_jp,0.009799246915437227,0.11097337305545807
tgn,test,2024-10,country_de,country_kr,-0.534883269622274,0.13667386770248413
tgn,test,2024-10,country_de,country_mx,-0.18195315606021656,0.15952813625335693
tgn,test,2024-10,country_de,country_my,-0.051338043660688504,0.1608150601387024
tgn,test,2024-10,country_de,country_ph,-0.020459358579739382,0.20230379700660706
tgn,test,2024-10,country_de,country_sg,-0.31049969464494087,0.21379539370536804
tgn,test,2024-10,country_de,country_th,0.05733770143384632,0.2862931787967682
tgn,test,2024-10,country_de,country_us,-0.13332318128143658,0.2375313937664032
tgn,test,2024-10,country_fr,country_203,-0.23430921786455264,0.008524037897586823
tgn,test,2024-10,country_fr,country_344,0.029576058694513956,0.014457657933235168
tgn,test,2024-10,country_fr,country_372,0.34526683934751934,0.01381923258304596
tgn,test,2024-10,country_fr,country_380,-0.14613964954070063,0.019825100898742676
tgn,test,2024-10,country_fr,country_cn,-0.13402137569369985,0.07534167170524597
tgn,test,2024-10,country_fr,country_de,-0.03645517594246179,0.11255660653114319
tgn,test,2024-10,country_fr,country_gb,0.29226458647728776,0.1323944330215454
tgn,test,2024-10,country_fr,country_in,-0.5114568060754783,0.07379493117332458
tgn,test,2024-10,country_fr,country_jp,-0.24792884650975358,0.09100274741649628
tgn,test,2024-10,country_fr,country_kr,-0.1136467573552236,0.12103636562824249
tgn,test,2024-10,country_fr,country_mx,0.330121644873914,0.1535438895225525
tgn,test,2024-10,country_fr,country_my,0.18097612878106983,0.1441790759563446
tgn,test,2024-10,country_fr,country_ph,-0.3712520035009377,0.19112664461135864
tgn,test,2024-10,country_fr,country_sg,0.04513972753725959,0.20982959866523743
tgn,test,2024-10,country_fr,country_th,0.28203291264824165,0.2795118987560272
tgn,test,2024-10,country_fr,country_us,0.05001618393578433,0.2180902361869812
tgn,test,2024-10,country_gb,country_203,-0.41152643799426664,-0.020198866724967957
tgn,test,2024-10,country_gb,country_344,1.0661850510909276,-0.025528743863105774
tgn,test,2024-10,country_gb,country_372,-0.46696447517140716,-0.01099790632724762
tgn,test,2024-10,country_gb,country_380,0.8166620560655188,-0.017556428909301758
tgn,test,2024-10,country_gb,country_cn,-0.2461037076747249,-0.05455268174409866
tgn,test,2024-10,country_gb,country_de,-0.19310712043085407,-0.011391863226890564
tgn,test,2024-10,country_gb,country_fr,0.7446154721521648,-0.04700206220149994
tgn,test,2024-10,country_gb,country_in,-0.3125538630106518,-0.008973851799964905
tgn,test,2024-10,country_gb,country_jp,-0.12281726967441556,-0.04215719550848007
tgn,test,2024-10,country_gb,country_kr,-0.34890069452293937,-0.0031381845474243164
tgn,test,2024-10,country_gb,country_mx,0.17034795305799255,0.014036141335964203
tgn,test,2024-10,country_gb,country_my,-0.3140160697102028,0.024761170148849487
tgn,test,2024-10,country_gb,country_ph,-0.2969252185033657,0.04187856614589691
tgn,test,2024-10,country_gb,country_sg,-0.7118276700912725,0.05811978876590729
tgn,test,2024-10,country_gb,country_th,0.03897115671873307,0.10011067986488342
tgn,test,2024-10,country_gb,country_us,-0.0710129556665708,0.15295350551605225
tgn,test,2024-10,country_in,country_203,0.8733571216176034,-0.03798595815896988
tgn,test,2024-10,country_in,country_344,0.22540417244922034,-0.04553994536399841
tgn,test,2024-10,country_in,country_372,0.4325823922362618,-0.0289323627948761
tgn,test,2024-10,country_in,country_380,-0.17954564339464166,-0.03051888197660446
tgn,test,2024-10,country_in,country_cn,-0.03877747944285954,-0.03815411776304245
tgn,test,2024-10,country_in,country_de,-0.6469255395226472,-0.0015678256750106812
tgn,test,2024-10,country_in,country_fr,0.7249671381774729,-0.03876323997974396
tgn,test,2024-10,country_in,country_gb,0.07234259578382432,0.04345177114009857
tgn,test,2024-10,country_in,country_jp,-0.7788475031584962,-0.03820809721946716
tgn,test,2024-10,country_in,country_kr,-0.7783907424148592,0.011524498462677002
tgn,test,2024-10,country_in,country_mx,0.11931078212863223,0.023016273975372314
tgn,test,2024-10,country_in,country_my,0.06191603677436081,0.015490800142288208
tgn,test,2024-10,country_in,country_ph,19.21259925146035,0.02738247811794281
tgn,test,2024-10,country_in,country_sg,-0.8062401882822887,0.06585022807121277
tgn,test,2024-10,country_in,country_th,-0.2935498772159189,0.12196995317935944
tgn,test,2024-10,country_in,country_us,-0.3384594802141297,0.1666879653930664
tgn,test,2024-10,country_jp,country_203,-0.05472316434706201,0.02440667152404785
tgn,test,2024-10,country_jp,country_344,0.1761139024611603,0.03675737977027893
tgn,test,2024-10,country_jp,country_372,0.2281363125663317,0.02180171012878418
tgn,test,2024-10,country_jp,country_380,-0.2114938950452707,0.02258095145225525
tgn,test,2024-10,country_jp,country_cn,0.2210613880093723,0.10138238966464996
tgn,test,2024-10,country_jp,country_de,-0.1315179371933634,0.13038809597492218
tgn,test,2024-10,country_jp,country_fr,-0.05179410513995185,0.09026199579238892
tgn,test,2024-10,country_jp,country_gb,0.4661584255640904,0.14940017461776733
tgn,test,2024-10,country_jp,country_in,0.010174902797889383,0.09142407774925232
tgn,test,2024-10,country_jp,country_kr,0.276175859039976,0.14997732639312744
tgn,test,2024-10,country_jp,country_mx,-0.08935832301895129,0.1714714765548706
tgn,test,2024-10,country_jp,country_my,-0.10975721937530812,0.18381643295288086
tgn,test,2024-10,country_jp,country_ph,0.2235489020100797,0.22473829984664917
tgn,test,2024-10,country_jp,country_sg,0.43603972127425683,0.2318936586380005
tgn,test,2024-10,country_jp,country_th,-0.0328989292123608,0.3003668785095215
tgn,test,2024-10,country_jp,country_us,-0.011834841240491174,0.23852258920669556
tgn,test,2024-10,country_kr,country_203,-0.5971576091520194,0.023518502712249756
tgn,test,2024-10,country_kr,country_344,0.25302683808536824,0.019689172506332397
tgn,test,2024-10,country_kr,country_372,0.18088950279151686,0.022427141666412354
tgn,test,2024-10,country_kr,country_380,2.3115443309192947,0.022367417812347412
tgn,test,2024-10,country_kr,country_cn,0.10663243791562335,0.048169657588005066
tgn,test,2024-10,country_kr,country_de,-0.08213354764936592,0.06849339604377747
tgn,test,2024-10,country_kr,country_fr,-0.36946390352588127,0.0334588885307312
tgn,test,2024-10,country_kr,country_gb,0.08479097350540815,0.1056964248418808
tgn,test,2024-10,country_kr,country_in,-0.019810511221817664,0.037929847836494446
tgn,test,2024-10,country_kr,country_jp,-0.10137428739552444,0.05242624878883362
tgn,test,2024-10,country_kr,country_mx,0.682325849318466,0.10642565786838531
tgn,test,2024-10,country_kr,country_my,0.2762276923289759,0.10752364993095398
tgn,test,2024-10,country_kr,country_ph,0.07978615987750927,0.1363440752029419
tgn,test,2024-10,country_kr,country_sg,-0.061392123237692525,0.15685564279556274
tgn,test,2024-10,country_kr,country_th,-0.08562077751911748,0.22271642088890076
tgn,test,2024-10,country_kr,country_us,0.40976773727509325,0.22212707996368408
tgn,test,2024-10,country_mx,country_203,0.16753166460977972,0.04673647880554199
tgn,test,2024-10,country_mx,country_344,0.37614450544307265,0.03872258961200714
tgn,test,2024-10,country_mx,country_372,2.6610797032594533,0.05089126527309418
tgn,test,2024-10,country_mx,country_380,0.1325784161660724,0.04996722936630249
tgn,test,2024-10,country_mx,country_cn,-0.09108005198584815,0.04527553915977478
tgn,test,2024-10,country_mx,country_de,0.07487238752561984,0.07209467887878418
tgn,test,2024-10,country_mx,country_fr,-0.30443965224072705,0.03316429257392883
tgn,test,2024-10,country_mx,country_gb,0.01433419244475144,0.1246805489063263
tgn,test,2024-10,country_mx,country_in,0.47273749924182507,0.05805414915084839
tgn,test,2024-10,country_mx,country_jp,-0.5474850401935323,0.06050041317939758
tgn,test,2024-10,country_mx,country_kr,0.211475705682147,0.09912583231925964
tgn,test,2024-10,country_mx,country_my,0.3258021158292128,0.11130400002002716
tgn,test,2024-10,country_mx,country_ph,0.07421326003837216,0.13857103884220123
tgn,test,2024-10,country_mx,country_sg,-0.16585593752563554,0.16433420777320862
tgn,test,2024-10,country_mx,country_th,2.465664538200794,0.21465235948562622
tgn,test,2024-10,country_mx,country_us,-0.21270726499905032,0.24323081970214844
tgn,test,2024-10,country_my,country_203,-0.17118345724950376,0.03465624153614044
tgn,test,2024-10,country_my,country_344,0.1272993994080938,0.02850911021232605
tgn,test,2024-10,country_my,country_372,-0.34895205892088715,0.03684365749359131
tgn,test,2024-10,country_my,country_380,-0.15765528709129023,0.03223228454589844
tgn,test,2024-10,country_my,country_cn,0.010419117135360716,0.05081559717655182
tgn,test,2024-10,country_my,country_de,-0.11701851649182542,0.07659856975078583
tgn,test,2024-10,country_my,country_fr,-0.24669650356100956,0.03833812475204468
tgn,test,2024-10,country_my,country_gb,0.11202432633903364,0.1143711507320404
tgn,test,2024-10,country_my,country_in,0.03154892674106972,0.06617185473442078
tgn,test,2024-10,country_my,country_jp,-0.11533096925706218,0.0579586923122406
tgn,test,2024-10,country_my,country_kr,0.04993014322901186,0.09232284128665924
tgn,test,2024-10,country_my,country_mx,-0.23063272330525666,0.11256769299507141
tgn,test,2024-10,country_my,country_ph,0.14272874112259126,0.13835842907428741
tgn,test,2024-10,country_my,country_sg,-0.09105556446068305,0.15423962473869324
tgn,test,2024-10,country_my,country_th,0.1445223521853373,0.2156428098678589
tgn,test,2024-10,country_my,country_us,-0.2863863275386676,0.23647958040237427
tgn,test,2024-10,country_ph,country_203,0.14411990339075062,0.05904236435890198
tgn,test,2024-10,country_ph,country_344,0.0916875934317047,0.05489698052406311
tgn,test,2024-10,country_ph,country_372,1.3096654163948422,0.06349149346351624
tgn,test,2024-10,country_ph,country_380,-0.22093272341230102,0.05916866660118103
tgn,test,2024-10,country_ph,country_cn,0.020820436072865295,0.0551941841840744
tgn,test,2024-10,country_ph,country_de,-0.06076889198400312,0.08703966438770294
tgn,test,2024-10,country_ph,country_fr,-0.23114062338070582,0.04687801003456116
tgn,test,2024-10,country_ph,country_gb,-0.1257897051599664,0.13804715871810913
tgn,test,2024-10,country_ph,country_in,0.22811587804914765,0.07351316511631012
tgn,test,2024-10,country_ph,country_jp,0.04491953560250391,0.07582232356071472
tgn,test,2024-10,country_ph,country_kr,-0.19809489137487382,0.11007952690124512
tgn,test,2024-10,country_ph,country_mx,0.030856143401435446,0.13852405548095703
tgn,test,2024-10,country_ph,country_my,0.09529977609980154,0.12480446696281433
tgn,test,2024-10,country_ph,country_sg,0.13184037984389685,0.17719319462776184
tgn,test,2024-10,country_ph,country_th,-0.029621821273917628,0.22801700234413147
tgn,test,2024-10,country_ph,country_us,-0.08140855508840529,0.24934238195419312
tgn,test,2024-10,country_sg,country_203,-0.37523477607579614,0.06578785181045532
tgn,test,2024-10,country_sg,country_344,0.4569800541368034,0.07048527896404266
tgn,test,2024-10,country_sg,country_372,-0.15665167210677453,0.07240614295005798
tgn,test,2024-10,country_sg,country_380,-0.24109762459890108,0.07328087091445923
tgn,test,2024-10,country_sg,country_cn,0.062091200669693376,0.058988362550735474
tgn,test,2024-10,country_sg,country_de,-0.4058247902949254,0.08697564899921417
tgn,test,2024-10,country_sg,country_fr,0.24479556847048767,0.05515459179878235
tgn,test,2024-10,country_sg,country_gb,-0.19045449095710215,0.1492355763912201
tgn,test,2024-10,country_sg,country_in,0.5996420325010356,0.059856951236724854
tgn,test,2024-10,country_sg,country_jp,-0.08463538682386289,0.07208600640296936
tgn,test,2024-10,country_sg,country_kr,-0.11753628378722605,0.12194196879863739
tgn,test,2024-10,country_sg,country_mx,-0.12839985148025854,0.152060866355896
tgn,test,2024-10,country_sg,country_my,0.3039203555834411,0.14124730229377747
tgn,test,2024-10,country_sg,country_ph,0.14842334480450023,0.17100217938423157
tgn,test,2024-10,country_sg,country_th,-0.16092016352620872,0.2505651116371155
tgn,test,2024-10,country_sg,country_us,-0.35768975620378357,0.2654534578323364
tgn,test,2024-10,country_th,country_203,-0.10266715138624373,0.1052897572517395
tgn,test,2024-10,country_th,country_344,0.45171540043580244,0.09806565940380096
tgn,test,2024-10,country_th,country_372,-0.12308302938177666,0.11033686995506287
tgn,test,2024-10,country_th,country_380,0.1732558629435627,0.1066654622554779
tgn,test,2024-10,country_th,country_cn,-0.003280590602111381,0.07654207944869995
tgn,test,2024-10,country_th,country_de,-0.23054991918723433,0.10051015019416809
tgn,test,2024-10,country_th,country_fr,-0.3557175925411256,0.06008137762546539
tgn,test,2024-10,country_th,country_gb,-0.15506576104727796,0.18062317371368408
tgn,test,2024-10,country_th,country_in,0.08875443428302433,0.10338044166564941
tgn,test,2024-10,country_th,country_jp,-0.08286065802579809,0.08261245489120483
tgn,test,2024-10,country_th,country_kr,-0.043206208945673466,0.15030568838119507
tgn,test,2024-10,country_th,country_mx,0.02511572214970807,0.17930102348327637
tgn,test,2024-10,country_th,country_my,-0.042620363907245,0.16894325613975525
tgn,test,2024-10,country_th,country_ph,-0.10460578096544207,0.1955590844154358
tgn,test,2024-10,country_th,country_sg,-0.18835273502685998,0.21863460540771484
tgn,test,2024-10,country_th,country_us,-0.34568220916519715,0.3014843463897705
tgn,test,2024-10,country_tw,country_203,0.822913833896809,0.012037873268127441
tgn,test,2024-10,country_tw,country_344,0.10011210826413719,0.02949368953704834
tgn,test,2024-10,country_tw,country_372,0.5437549241257527,0.01119948923587799
tgn,test,2024-10,country_tw,country_380,0.008914559278795541,0.011740349233150482
tgn,test,2024-10,country_tw,country_cn,0.0463089311389501,0.09350842237472534
tgn,test,2024-10,country_tw,country_de,-0.16198098332389918,0.12337365746498108
tgn,test,2024-10,country_tw,country_fr,-0.01438893912298772,0.08598566055297852
tgn,test,2024-10,country_tw,country_gb,0.3301836768408465,0.14036032557487488
tgn,test,2024-10,country_tw,country_in,0.17966587324278574,0.08118906617164612
tgn,test,2024-10,country_tw,country_jp,-0.06527468221695763,0.10547803342342377
tgn,test,2024-10,country_tw,country_kr,0.3647299057137412,0.1460818648338318
tgn,test,2024-10,country_tw,country_mx,0.4199839031338155,0.16531842947006226
tgn,test,2024-10,country_tw,country_my,0.36942610884644095,0.18116214871406555
tgn,test,2024-10,country_tw,country_ph,0.23390847726787625,0.21538540720939636
tgn,test,2024-10,country_tw,country_sg,-0.033379995243571235,0.2307858169078827
tgn,test,2024-10,country_tw,country_th,-0.5353924097157479,0.28997719287872314
tgn,test,2024-10,country_tw,country_us,0.28823103537034084,0.22429418563842773
tgn,test,2024-10,country_us,country_203,0.5776833168959408,-0.10161332786083221
tgn,test,2024-10,country_us,country_344,-0.04946352189222654,-0.08131056278944016
tgn,test,2024-10,country_us,country_372,0.8951963107941913,-0.09446486830711365
tgn,test,2024-10,country_us,country_380,-0.0028072325530506498,-0.10131925344467163
tgn,test,2024-10,country_us,country_cn,0.07380114459031992,-0.19290661811828613
tgn,test,2024-10,country_us,country_de,-0.05020588176925084,-0.16512666642665863
tgn,test,2024-10,country_us,country_fr,-0.05930795657703828,-0.1950206458568573
tgn,test,2024-10,country_us,country_gb,-0.2775096549307092,-0.10616113245487213
tgn,test,2024-10,country_us,country_in,0.15836196581526213,-0.19255828857421875
tgn,test,2024-10,country_us,country_jp,0.09130045889546955,-0.18815548717975616
tgn,test,2024-10,country_us,country_kr,-0.04253375231552469,-0.12364327162504196
tgn,test,2024-10,country_us,country_mx,-0.08956401292915506,-0.11668682098388672
tgn,test,2024-10,country_us,country_my,0.48831948201307096,-0.11528048664331436
tgn,test,2024-10,country_us,country_ph,0.011864046471987133,-0.07846742868423462
tgn,test,2024-10,country_us,country_sg,0.4167273392940907,-0.04358914494514465
tgn,test,2024-10,country_us,country_th,-0.13084707391241396,0.016098976135253906
tgn,test,2024-10,country_vn,country_203,-0.41565906608998854,1.3000516891479492
tgn,test,2024-10,country_vn,country_344,-0.14026047111646717,1.3531694412231445
tgn,test,2024-10,country_vn,country_372,-0.6714823685283993,1.339033842086792
tgn,test,2024-10,country_vn,country_380,0.16802719589302792,1.3264544010162354
tgn,test,2024-10,country_vn,country_cn,-0.09591145901014449,1.0845701694488525
tgn,test,2024-10,country_vn,country_de,0.35688138466832686,1.059593677520752
tgn,test,2024-10,country_vn,country_fr,-0.16136094375642657,1.0667757987976074
tgn,test,2024-10,country_vn,country_gb,0.12983724293760376,1.287670612335205
tgn,test,2024-10,country_vn,country_in,-0.6754668677282234,1.1844525337219238
tgn,test,2024-10,country_vn,country_jp,0.11075319254938575,1.0906965732574463
tgn,test,2024-10,country_vn,country_kr,0.09687952179394005,1.2147190570831299
tgn,test,2024-10,country_vn,country_mx,-0.017331476848894033,1.2906475067138672
tgn,test,2024-10,country_vn,country_my,1.418655543705738,1.2017264366149902
tgn,test,2024-10,country_vn,country_ph,0.22164869305003482,1.2836482524871826
tgn,test,2024-10,country_vn,country_sg,-0.06299826166243021,1.338460922241211
tgn,test,2024-10,country_vn,country_th,0.9209194679049666,1.4135785102844238
tgn,test,2024-10,country_vn,country_us,-0.5922101312102567,1.055370569229126
tgn,test,2024-11,country_203,country_344,-0.005791573975610948,0.04727169871330261
tgn,test,2024-11,country_203,country_372,-0.9539184729806557,0.33313384652137756
tgn,test,2024-11,country_203,country_380,-0.22387373397129295,0.042996227741241455
tgn,test,2024-11,country_203,country_cn,-0.19174297737125157,-0.08568043261766434
tgn,test,2024-11,country_203,country_de,-0.017137832609622625,-0.08888356387615204
tgn,test,2024-11,country_203,country_fr,-0.7261056469220037,-0.11021287739276886
tgn,test,2024-11,country_203,country_gb,-0.06783629424809876,-0.00023108720779418945
tgn,test,2024-11,country_203,country_in,0.47091196291988874,0.017368078231811523
tgn,test,2024-11,country_203,country_jp,-0.5090572007395183,-0.1340252012014389
tgn,test,2024-11,country_203,country_kr,-0.0600030523955435,0.06060212850570679
tgn,test,2024-11,country_203,country_mx,0.4703831550772165,0.025387734174728394
tgn,test,2024-11,country_203,country_my,0.6735000714981756,0.02682441473007202
tgn,test,2024-11,country_203,country_ph,-0.23364060157847094,0.027009159326553345
tgn,test,2024-11,country_203,country_sg,-0.3558816165436461,0.01761913299560547
tgn,test,2024-11,country_203,country_th,0.8523395064294644,0.0061301589012146
tgn,test,2024-11,country_203,country_us,-0.47385823064753635,0.11413878202438354
tgn,test,2024-11,country_344,country_203,-0.9004236371772096,0.10645653307437897
tgn,test,2024-11,country_344,country_372,-0.9462172594764525,0.38028281927108765
tgn,test,2024-11,country_344,country_380,-0.16278220787697287,0.09949696063995361
tgn,test,2024-11,country_344,country_cn,0.37583370394790966,-0.07872500270605087
tgn,test,2024-11,country_344,country_de,-0.38628015840050983,-0.08475887030363083
tgn,test,2024-11,country_344,country_fr,-0.16345795936691038,-0.09275300800800323
tgn,test,2024-11,country_344,country_gb,-0.5191365466490324,0.0795539915561676
tgn,test,2024-11,country_344,country_in,0.48310862146571704,0.10992181301116943
tgn,test,2024-11,country_344,country_jp,0.08807585327358773,-0.13143230974674225
tgn,test,2024-11,country_344,country_kr,-0.045575517844133065,0.12379589676856995
tgn,test,2024-11,country_344,country_mx,-0.5578925947707504,0.08528262376785278
tgn,test,2024-11,country_344,country_my,-0.14474564233329015,0.10661491751670837
tgn,test,2024-11,country_344,country_ph,-0.13305864688956642,0.10119202733039856
tgn,test,2024-11,country_344,country_sg,0.36106700882256026,0.08381086587905884
tgn,test,2024-11,country_344,country_th,-0.3359598680437561,0.022177040576934814
tgn,test,2024-11,country_344,country_us,0.33611117152891923,0.18231457471847534
tgn,test,2024-11,country_372,country_203,-0.5071502561088175,0.0810394436120987
tgn,test,2024-11,country_372,country_344,-0.8530526408042165,0.17034247517585754
tgn,test,2024-11,country_372,country_380,-0.736810895116736,0.14581584930419922
tgn,test,2024-11,country_372,country_cn,-0.30513017561461603,-0.05018651485443115
tgn,test,2024-11,country_372,country_de,2.68964558890626,-0.1574597805738449
tgn,test,2024-11,country_372,country_fr,-0.671562618912836,-0.13247059285640717
tgn,test,2024-11,country_372,country_gb,-0.06251028190677155,0.1825728416442871
tgn,test,2024-11,country_372,country_in,6.932019522687726,0.1464627981185913
tgn,test,2024-11,country_372,country_jp,-0.05846339463895346,-0.14672183990478516
tgn,test,2024-11,country_372,country_kr,0.27599361562138724,0.16844961047172546
tgn,test,2024-11,country_372,country_mx,-0.730234191096801,0.04156450927257538
tgn,test,2024-11,country_372,country_my,0.12323349622468871,0.1840345561504364
tgn,test,2024-11,country_372,country_ph,0.1791639821090714,0.12664297223091125
tgn,test,2024-11,country_372,country_sg,0.11701938600590447,0.07310833036899567
tgn,test,2024-11,country_372,country_th,-0.5834588548681239,-0.05334068834781647
tgn,test,2024-11,country_372,country_us,0.3394137420596247,0.3368956446647644
tgn,test,2024-11,country_380,country_203,-0.42133431837046,0.09287279844284058
tgn,test,2024-11,country_380,country_344,-0.02287109666768104,0.08662599325180054
tgn,test,2024-11,country_380,country_372,-0.3293391450041521,0.3548067808151245
tgn,test,2024-11,country_380,country_cn,0.27452581438172,-0.052782513201236725
tgn,test,2024-11,country_380,country_de,-0.19144179919348453,-0.06523902714252472
tgn,test,2024-11,country_380,country_fr,-0.21718359703857337,-0.07741393148899078
tgn,test,2024-11,country_380,country_gb,-0.23571345656835138,0.05011318624019623
tgn,test,2024-11,country_380,country_in,-0.757127073678304,0.07359001040458679
tgn,test,2024-11,country_380,country_jp,-0.10472717233966723,-0.10752421617507935
tgn,test,2024-11,country_380,country_kr,3.57594196993968,0.105335533618927
tgn,test,2024-11,country_380,country_mx,-0.27773456804282143,0.06755945086479187
tgn,test,2024-11,country_380,country_my,-0.057104985042487934,0.07117511332035065
tgn,test,2024-11,country_380,country_ph,-0.2726469901236864,0.07971020042896271
tgn,test,2024-11,country_380,country_sg,-0.18770271828576582,0.07403528690338135
tgn,test,2024-11,country_380,country_th,0.3632759520336333,0.031234920024871826
tgn,test,2024-11,country_380,country_us,0.418967776718406,0.18059319257736206
tgn,test,2024-11,country_50,country_cn,-0.9873171729569398,-0.05856321007013321
tgn,test,2024-11,country_50,country_de,-0.9933703300362138,-0.09754814952611923
tgn,test,2024-11,country_50,country_jp,5.022093155120023,-0.09075109660625458
tgn,test,2024-11,country_50,country_my,0.4914506169378185,0.09077516198158264
tgn,test,2024-11,country_50,country_sg,-0.13381046534295024,0.0719555914402008
tgn,test,2024-11,country_50,country_us,0.7583549438370745,0.22571134567260742
tgn,test,2024-11,country_cn,country_203,0.4539615061901268,0.00593094527721405
tgn,test,2024-11,country_cn,country_344,0.1174136743168141,0.010569378733634949
tgn,test,2024-11,country_cn,country_372,-0.4600948182505883,0.400550901889801
tgn,test,2024-11,country_cn,country_380,-0.0664642446268799,0.003046765923500061
tgn,test,2024-11,country_cn,country_de,-0.22798645277150245,-0.046359866857528687
tgn,test,2024-11,country_cn,country_fr,-0.38845616246051423,-0.04147277772426605
tgn,test,2024-11,country_cn,country_gb,-0.3910068886041328,0.05278864502906799
tgn,test,2024-11,country_cn,country_in,-0.14993203033215927,0.03613828122615814
tgn,test,2024-11,country_cn,country_jp,-0.03174015575735132,-0.04332423955202103
tgn,test,2024-11,country_cn,country_kr,0.16994960799912273,0.04485952854156494
tgn,test,2024-11,country_cn,country_mx,0.1404125698137736,0.003094792366027832
tgn,test,2024-11,country_cn,country_my,0.15115798337349126,0.06453502178192139
tgn,test,2024-11,country_cn,country_ph,-0.1257299404012489,0.04605117440223694
tgn,test,2024-11,country_cn,country_sg,0.4411379112906466,0.03319108486175537
tgn,test,2024-11,country_cn,country_th,0.12402324864095764,0.022524654865264893
tgn,test,2024-11,country_cn,country_us,0.3619537255676335,0.16066163778305054
tgn,test,2024-11,country_de,country_203,-0.2958725636521019,-0.007376253604888916
tgn,test,2024-11,country_de,country_344,0.08057016407642281,-0.014263391494750977
tgn,test,2024-11,country_de,country_372,-0.40493924304132023,0.49642348289489746
tgn,test,2024-11,country_de,country_380,-0.1939514088024868,-0.014722958207130432
tgn,test,2024-11,country_de,country_cn,0.007082256615896231,-0.045540131628513336
tgn,test,2024-11,country_de,country_fr,-0.21461333494357618,-0.06467991322278976
tgn,test,2024-11,country_de,country_gb,-0.49961951434851576,0.023265540599822998
tgn,test,2024-11,country_de,country_in,-0.4077521100137016,0.013745836913585663
tgn,test,2024-11,country_de,country_jp,0.33385272636668495,-0.06851490586996078
tgn,test,2024-11,country_de,country_kr,-0.2763976863926467,0.01590558886528015
tgn,test,2024-11,country_de,country_mx,-0.15943427828943485,-0.012469254434108734
tgn,test,2024-11,country_de,country_my,-0.21242340421944972,0.027188122272491455
tgn,test,2024-11,country_de,country_ph,-0.19356368947454367,0.012192681431770325
tgn,test,2024-11,country_de,country_sg,-0.13226366068259796,-0.002247363328933716
tgn,test,2024-11,country_de,country_th,-0.13187336699953364,0.02657139301300049
tgn,test,2024-11,country_de,country_us,0.09738069321162937,0.1430487334728241
tgn,test,2024-11,country_fr,country_203,-0.37805695942252304,-0.017238281667232513
tgn,test,2024-11,country_fr,country_344,-0.11215564801259326,-0.015049979090690613
tgn,test,2024-11,country_fr,country_372,-0.6031042815886701,0.4288153052330017
tgn,test,2024-11,country_fr,country_380,-0.15419414620336006,-0.015475466847419739
tgn,test,2024-11,country_fr,country_cn,0.017760355260328094,-0.032406359910964966
tgn,test,2024-11,country_fr,country_de,0.7559819318524045,-0.04601132124662399
tgn,test,2024-11,country_fr,country_gb,0.021939944528819005,0.024468496441841125
tgn,test,2024-11,country_fr,country_in,1.370320450242387,0.03074851632118225
tgn,test,2024-11,country_fr,country_jp,0.10201995360744288,-0.05652550235390663
tgn,test,2024-11,country_fr,country_kr,0.004849945982270412,0.01555091142654419
tgn,test,2024-11,country_fr,country_mx,-0.23750251478645784,-0.010266035795211792
tgn,test,2024-11,country_fr,country_my,-0.2521156030527282,0.03260095417499542
tgn,test,2024-11,country_fr,country_ph,-0.3229185296822348,0.015655070543289185
tgn,test,2024-11,country_fr,country_sg,-0.13359697014533176,0.010873913764953613
tgn,test,2024-11,country_fr,country_th,0.4892384918516268,0.01688513159751892
tgn,test,2024-11,country_fr,country_us,0.011997278731525673,0.13877025246620178
tgn,test,2024-11,country_gb,country_203,-0.5563726992115672,-0.006031841039657593
tgn,test,2024-11,country_gb,country_344,-0.3644053116127234,-0.0004976466298103333
tgn,test,2024-11,country_gb,country_372,-0.5376204191379036,0.28912240266799927
tgn,test,2024-11,country_gb,country_380,0.19497037524096278,-0.010498374700546265
tgn,test,2024-11,country_gb,country_cn,-0.1362506400570103,-0.11241059005260468
tgn,test,2024-11,country_gb,country_de,-0.40073425283112085,-0.10448148846626282
tgn,test,2024-11,country_gb,country_fr,0.38334765481806515,-0.12046027183532715
tgn,test,2024-11,country_gb,country_in,-0.24432465951325283,0.0029167383909225464
tgn,test,2024-11,country_gb,country_jp,-0.3572159363939961,-0.11985315382480621
tgn,test,2024-11,country_gb,country_kr,0.8704425311157173,0.022646039724349976
tgn,test,2024-11,country_gb,country_mx,-0.6669456534843939,-0.015802092850208282
tgn,test,2024-11,country_gb,country_my,-0.05465168785786686,0.0007153302431106567
tgn,test,2024-11,country_gb,country_ph,-0.42598754894988083,0.002048097550868988
tgn,test,2024-11,country_gb,country_sg,-0.2249027742496018,-0.02016962319612503
tgn,test,2024-11,country_gb,country_th,0.03791757643022923,-0.04965318739414215
tgn,test,2024-11,country_gb,country_us,0.007414179601606356,0.07892805337905884
tgn,test,2024-11,country_in,country_203,0.2447814451382694,-0.024587512016296387
tgn,test,2024-11,country_in,country_344,-0.22346727634180563,-0.017634853720664978
tgn,test,2024-11,country_in,country_372,-0.4328091702068806,0.328235387802124
tgn,test,2024-11,country_in,country_380,3.7412995054459577,-0.03263723850250244
tgn,test,2024-11,country_in,country_cn,0.4291271605974157,-0.13260570168495178
tgn,test,2024-11,country_in,country_de,-0.21098368032257125,-0.13417959213256836
tgn,test,2024-11,country_in,country_fr,-0.4306588270126939,-0.14230570197105408
tgn,test,2024-11,country_in,country_gb,0.7976673639412822,-0.026651978492736816
tgn,test,2024-11,country_in,country_jp,-0.6870561966082376,-0.15437051653862
tgn,test,2024-11,country_in,country_kr,-0.7286037772858243,0.005517609417438507
tgn,test,2024-11,country_in,country_mx,-0.24481283056980457,-0.026392996311187744
tgn,test,2024-11,country_in,country_my,-0.03652538462832665,-0.015809088945388794
tgn,test,2024-11,country_in,country_ph,11.125675750989243,-0.022896185517311096
tgn,test,2024-11,country_in,country_sg,-0.36588244747546905,-0.03532533347606659
tgn,test,2024-11,country_in,country_th,-0.31117912249977187,-0.0704006776213646
tgn,test,2024-11,country_in,country_us,-0.5551543673782684,0.07585105299949646
tgn,test,2024-11,country_jp,country_203,-0.10048577628351986,-0.016951963305473328
tgn,test,2024-11,country_jp,country_344,0.15312037310295173,-0.000833466649055481
tgn,test,2024-11,country_jp,country_372,-0.016531236027798157,0.48630648851394653
tgn,test,2024-11,country_jp,country_380,-0.5162212021185297,-0.018826954066753387
tgn,test,2024-11,country_jp,country_cn,0.29944914520210786,-0.019909195601940155
tgn,test,2024-11,country_jp,country_de,-0.2437134775305866,-0.04774393513798714
tgn,test,2024-11,country_jp,country_fr,-0.4673159852319979,-0.04353378713130951
tgn,test,2024-11,country_jp,country_gb,0.545904788282178,0.03578364849090576
tgn,test,2024-11,country_jp,country_in,-0.14011505085625203,0.025270238518714905
tgn,test,2024-11,country_jp,country_kr,0.2862881107922272,0.02365708351135254
tgn,test,2024-11,country_jp,country_mx,-0.13477313505205407,-0.009088635444641113
tgn,test,2024-11,country_jp,country_my,-0.12662889070510916,0.05312839150428772
tgn,test,2024-11,country_jp,country_ph,-0.044501732710510784,0.030147850513458252
tgn,test,2024-11,country_jp,country_sg,0.6399317204616387,0.01692543923854828
tgn,test,2024-11,country_jp,country_th,-0.0956144690443549,0.018719032406806946
tgn,test,2024-11,country_jp,country_us,0.02016628140273421,0.16169995069503784
tgn,test,2024-11,country_kr,country_203,0.1378425370689426,-0.016726940870285034
tgn,test,2024-11,country_kr,country_344,0.09790583469778796,-0.03769572079181671
tgn,test,2024-11,country_kr,country_372,-0.11112407508501715,0.2418508529663086
tgn,test,2024-11,country_kr,country_380,-0.2608433005706398,-0.04794781655073166
tgn,test,2024-11,country_kr,country_cn,0.1293770038236644,-0.1176166757941246
tgn,test,2024-11,country_kr,country_de,0.17061433887112767,-0.1474529206752777
tgn,test,2024-11,country_kr,country_fr,0.07334653043717829,-0.1666087508201599
tgn,test,2024-11,country_kr,country_gb,-0.3651629517419284,-0.0715465247631073
tgn,test,2024-11,country_kr,country_in,-0.30912704529135115,-0.05784452334046364
tgn,test,2024-11,country_kr,country_jp,0.4297666248185235,-0.18346263468265533
tgn,test,2024-11,country_kr,country_mx,1.4201003500558518,-0.044617801904678345
tgn,test,2024-11,country_kr,country_my,0.36068583138438126,-0.027800917625427246
tgn,test,2024-11,country_kr,country_ph,0.0027823801259624667,-0.03681492060422897
tgn,test,2024-11,country_kr,country_sg,0.21516243209073568,-0.04107996076345444
tgn,test,2024-11,country_kr,country_th,-0.4604794581077747,-0.023835279047489166
tgn,test,2024-11,country_kr,country_us,0.17397805715461198,0.05734759569168091
tgn,test,2024-11,country_mx,country_203,-0.5296615280177865,-0.05168026313185692
tgn,test,2024-11,country_mx,country_344,0.29045920400550757,-0.056132882833480835
tgn,test,2024-11,country_mx,country_372,4.9962009128899405,0.36475932598114014
tgn,test,2024-11,country_mx,country_380,-0.4686133577165926,-0.06802404671907425
tgn,test,2024-11,country_mx,country_cn,-0.23827699590473764,-0.14047759771347046
tgn,test,2024-11,country_mx,country_de,-0.11280916382241782,-0.134654700756073
tgn,test,2024-11,country_mx,country_fr,-0.08065045952419629,-0.16323129832744598
tgn,test,2024-11,country_mx,country_gb,0.08282786548286171,-0.07758535444736481
tgn,test,2024-11,country_mx,country_in,0.4185336506617471,-0.0607951320707798
tgn,test,2024-11,country_mx,country_jp,-0.09770254730823438,-0.15644142031669617
tgn,test,2024-11,country_mx,country_kr,0.5962917465184926,-0.029766499996185303
tgn,test,2024-11,country_mx,country_my,3.076846098379018,-0.053729183971881866
tgn,test,2024-11,country_mx,country_ph,0.33421342090370715,-0.06503871083259583
tgn,test,2024-11,country_mx,country_sg,0.4359090950713247,-0.07115831226110458
tgn,test,2024-11,country_mx,country_th,0.10558638219062297,-0.04380490630865097
tgn,test,2024-11,country_mx,country_us,-0.04553433236949844,0.03592987358570099
tgn,test,2024-11,country_my,country_203,-0.12184016254002016,-0.0051581040024757385
tgn,test,2024-11,country_my,country_344,0.5365192902031931,0.0017247572541236877
tgn,test,2024-11,country_my,country_372,-0.7791131140071681,0.33032721281051636
tgn,test,2024-11,country_my,country_380,-0.42180832771659393,-0.01584768295288086
tgn,test,2024-11,country_my,country_cn,0.29714635339303347,-0.07979117333889008
tgn,test,2024-11,country_my,country_de,-0.17268981724652044,-0.09644265472888947
tgn,test,2024-11,country_my,country_fr,-0.32085525212844707,-0.10109559446573257
tgn,test,2024-11,country_my,country_gb,-0.02730132348079106,0.0035239756107330322
tgn,test,2024-11,country_my,country_in,0.1349993573853774,0.00753890722990036
tgn,test,2024-11,country_my,country_jp,-0.03318368774535392,-0.09724389016628265
tgn,test,2024-11,country_my,country_kr,-0.09156631669518076,0.026912391185760498
tgn,test,2024-11,country_my,country_mx,-0.2242808747262224,-0.003105640411376953
tgn,test,2024-11,country_my,country_ph,0.06713429594929395,0.01145278662443161
tgn,test,2024-11,country_my,country_sg,0.23767659169851332,0.0012541338801383972
tgn,test,2024-11,country_my,country_th,1.2857296588160518,-0.0317060649394989
tgn,test,2024-11,country_my,country_us,-0.036128983588667465,0.0934692919254303
tgn,test,2024-11,country_ph,country_203,-0.049462565936466134,-0.024245083332061768
tgn,test,2024-11,country_ph,country_344,0.15745666324118562,-0.016538865864276886
tgn,test,2024-11,country_ph,country_372,0.016173026920606532,0.3132528066635132
tgn,test,2024-11,country_ph,country_380,-0.03299655231511444,-0.034528300166130066
tgn,test,2024-11,country_ph,country_cn,0.18049470223639413,-0.09716577082872391
tgn,test,2024-11,country_ph,country_de,-0.07929003971209023,-0.10597303509712219
tgn,test,2024-11,country_ph,country_fr,-0.15786845655054232,-0.11765561252832413
tgn,test,2024-11,country_ph,country_gb,-0.056858183482464464,-0.02214352786540985
tgn,test,2024-11,country_ph,country_in,1.0340419089946158,-0.0028101056814193726
tgn,test,2024-11,country_ph,country_jp,-0.11164256902042362,-0.10272478312253952
tgn,test,2024-11,country_ph,country_kr,-0.06755846890340446,0.008378185331821442
tgn,test,2024-11,country_ph,country_mx,-0.10232606293733928,-0.022730126976966858
tgn,test,2024-11,country_ph,country_my,-0.08388987442887348,-0.00438438355922699
tgn,test,2024-11,country_ph,country_sg,0.6873151603628097,-0.01795876771211624
tgn,test,2024-11,country_ph,country_th,-0.09198268455568619,-0.04012508690357208
tgn,test,2024-11,country_ph,country_us,-0.054902159946739165,0.06429028511047363
tgn,test,2024-11,country_sg,country_203,-0.5400952689256353,-0.029567092657089233
tgn,test,2024-11,country_sg,country_344,0.10183292411802584,-0.013578824698925018
tgn,test,2024-11,country_sg,country_372,0.2481280360910451,0.34857743978500366
tgn,test,2024-11,country_sg,country_380,-0.33210208457105517,-0.03180726617574692
tgn,test,2024-11,country_sg,country_cn,0.21705509846933932,-0.08630912005901337
tgn,test,2024-11,country_sg,country_de,-0.460501081930596,-0.1000281348824501
tgn,test,2024-11,country_sg,country_fr,-0.6205970767212479,-0.10352174192667007
tgn,test,2024-11,country_sg,country_gb,0.2571282096697348,-0.021172843873500824
tgn,test,2024-11,country_sg,country_in,0.4287907604755592,-0.00912148505449295
tgn,test,2024-11,country_sg,country_jp,0.12430434322730097,-0.09918452799320221
tgn,test,2024-11,country_sg,country_kr,0.11070867814182607,0.008674964308738708
tgn,test,2024-11,country_sg,country_mx,0.23016721282853841,-0.02238323539495468
tgn,test,2024-11,country_sg,country_my,0.1322727717376011,0.007536925375461578
tgn,test,2024-11,country_sg,country_ph,-0.011699049253740377,-0.00245579332113266
tgn,test,2024-11,country_sg,country_th,-0.08593415497672163,-0.03145334869623184
tgn,test,2024-11,country_sg,country_us,-0.3455448896017365,0.08099637925624847
tgn,test,2024-11,country_th,country_203,-0.1342687044618376,0.004349961876869202
tgn,test,2024-11,country_th,country_344,0.5924949662010951,0.023285165429115295
tgn,test,2024-11,country_th,country_372,-0.09840433409353119,0.6473411917686462
tgn,test,2024-11,country_th,country_380,-0.4118372844785189,0.025719836354255676
tgn,test,2024-11,country_th,country_cn,0.12746168735870358,-0.09985361993312836
tgn,test,2024-11,country_th,country_de,-0.19912315888667476,-0.07620639353990555
tgn,test,2024-11,country_th,country_fr,-0.22828561316959345,-0.11708170175552368
tgn,test,2024-11,country_th,country_gb,-0.26376561762504447,-0.025012537837028503
tgn,test,2024-11,country_th,country_in,-0.4947960430835689,0.01290508359670639
tgn,test,2024-11,country_th,country_jp,-0.11938497221878189,-0.10281990468502045
tgn,test,2024-11,country_th,country_kr,0.03856794881115507,0.008794650435447693
tgn,test,2024-11,country_th,country_mx,0.02829884018373365,0.021096691489219666
tgn,test,2024-11,country_th,country_my,0.858726076634335,0.0034821629524230957
tgn,test,2024-11,country_th,country_ph,-0.21561382496064102,-0.004011571407318115
tgn,test,2024-11,country_th,country_sg,-0.13070318280205073,-0.01694474369287491
tgn,test,2024-11,country_th,country_us,-0.5682617641910136,0.09462963044643402
tgn,test,2024-11,country_tw,country_203,0.006931251171963316,0.03298370540142059
tgn,test,2024-11,country_tw,country_344,0.048733081305819374,0.014254949986934662
tgn,test,2024-11,country_tw,country_372,-0.3270310150939517,0.41979461908340454
tgn,test,2024-11,country_tw,country_380,-0.17018443010420772,0.007918477058410645
tgn,test,2024-11,country_tw,country_cn,0.034437023323898114,-0.0012408643960952759
tgn,test,2024-11,country_tw,country_de,-0.06317048932682019,0.012635551393032074
tgn,test,2024-11,country_tw,country_fr,0.7035220782001632,-0.006214305758476257
tgn,test,2024-11,country_tw,country_gb,0.0010123365186642205,0.042413949966430664
tgn,test,2024-11,country_tw,country_in,0.2360716565069682,0.041876718401908875
tgn,test,2024-11,country_tw,country_jp,-0.011160200779186183,-0.007691003382205963
tgn,test,2024-11,country_tw,country_kr,0.26402595914094795,0.061169326305389404
tgn,test,2024-11,country_tw,country_mx,0.046937454213765134,0.02802729606628418
tgn,test,2024-11,country_tw,country_my,0.6178959161729535,0.08189654350280762
tgn,test,2024-11,country_tw,country_ph,0.11545367895552477,0.05602747201919556
tgn,test,2024-11,country_tw,country_sg,0.2728839425238445,0.05449323356151581
tgn,test,2024-11,country_tw,country_th,-0.33360549628364145,0.06797757744789124
tgn,test,2024-11,country_tw,country_us,0.40324768425319363,0.18146634101867676
tgn,test,2024-11,country_us,country_203,0.29227972145364506,-0.05521679297089577
tgn,test,2024-11,country_us,country_344,-0.013668757657449645,-0.030977733433246613
tgn,test,2024-11,country_us,country_372,1.232998064835321,0.3600660562515259
tgn,test,2024-11,country_us,country_380,-0.28694297611815955,-0.054093509912490845
tgn,test,2024-11,country_us,country_cn,0.22959170685391614,-0.21025407314300537
tgn,test,2024-11,country_us,country_de,0.2372221590309263,-0.19909138977527618
tgn,test,2024-11,country_us,country_fr,-0.11206374684904646,-0.21761366724967957
tgn,test,2024-11,country_us,country_gb,-0.052997702594468094,-0.10119110345840454
tgn,test,2024-11,country_us,country_in,0.1574805511993565,-0.12564808130264282
tgn,test,2024-11,country_us,country_jp,-0.05373202760165587,-0.2087208330631256
tgn,test,2024-11,country_us,country_kr,0.09205175579670477,-0.07006245851516724
tgn,test,2024-11,country_us,country_mx,0.09576656193915649,-0.13740450143814087
tgn,test,2024-11,country_us,country_my,0.5294865053813669,-0.10219879448413849
tgn,test,2024-11,country_us,country_ph,0.05986262004071089,-0.10313425958156586
tgn,test,2024-11,country_us,country_sg,0.8937845264842551,-0.12190459668636322
tgn,test,2024-11,country_us,country_th,-0.30326328551298604,-0.17859402298927307
tgn,test,2024-11,country_vn,country_203,0.307731092455682,1.2313024997711182
tgn,test,2024-11,country_vn,country_344,0.2518328372943567,1.2787494659423828
tgn,test,2024-11,country_vn,country_372,-0.3944703590600669,1.9779345989227295
tgn,test,2024-11,country_vn,country_380,-0.2975151465378629,1.2911691665649414
tgn,test,2024-11,country_vn,country_cn,0.7881846115517926,0.9585810303688049
tgn,test,2024-11,country_vn,country_de,0.5720209872605194,0.9253293871879578
tgn,test,2024-11,country_vn,country_fr,0.18190444712614684,0.9418476223945618
tgn,test,2024-11,country_vn,country_gb,-0.21932127402043192,1.1628096103668213
tgn,test,2024-11,country_vn,country_in,-0.29653470940974813,1.0959336757659912
tgn,test,2024-11,country_vn,country_jp,-0.08100559659112921,0.9340609908103943
tgn,test,2024-11,country_vn,country_kr,0.004554468676817158,1.0948588848114014
tgn,test,2024-11,country_vn,country_mx,0.20195625081900412,1.0696837902069092
tgn,test,2024-11,country_vn,country_my,0.9784005034645693,1.040860652923584
tgn,test,2024-11,country_vn,country_ph,-0.07550304383515148,1.0844030380249023
tgn,test,2024-11,country_vn,country_sg,-0.010080847971012058,1.0450153350830078
tgn,test,2024-11,country_vn,country_th,2.529994629066692,0.9817346930503845
tgn,test,2024-11,country_vn,country_us,-0.5808079970741358,0.9957872033119202
