model,split,month,source,destination,target,score
mlp,train,2021-12,country_203,country_344,1.0,0.8050881624221802
mlp,train,2022-01,country_203,country_344,1.0,0.7450315356254578
mlp,train,2022-02,country_203,country_344,1.0,0.810755729675293
mlp,train,2022-03,country_203,country_344,1.0,0.7933618426322937
mlp,train,2022-04,country_203,country_344,1.0,0.7648716568946838
mlp,train,2022-05,country_203,country_344,1.0,0.790509819984436
mlp,train,2022-06,country_203,country_344,1.0,0.7743619680404663
mlp,train,2022-07,country_203,country_344,1.0,0.8149595260620117
mlp,train,2022-08,country_203,country_344,0.0,0.7890216708183289
mlp,train,2022-09,country_203,country_344,0.0,0.7901309132575989
mlp,train,2022-10,country_203,country_344,1.0,0.786844789981842
mlp,train,2022-11,country_203,country_344,0.0,0.804593563079834
mlp,train,2022-12,country_203,country_344,0.0,0.7841960787773132
mlp,train,2021-12,country_203,country_372,0.0,0.8727872371673584
mlp,train,2022-01,country_203,country_372,1.0,0.8151891827583313
mlp,train,2022-02,country_203,country_372,1.0,0.8065778613090515
mlp,train,2022-03,country_203,country_372,1.0,0.8443164229393005
mlp,train,2022-04,country_203,country_372,1.0,0.8215550780296326
mlp,train,2022-05,country_203,country_372,0.0,0.8074015974998474
mlp,train,2022-06,country_203,country_372,0.0,0.8082522749900818
mlp,train,2022-07,country_203,country_372,0.0,0.7933304309844971
mlp,train,2022-08,country_203,country_372,1.0,0.7822245955467224
mlp,train,2022-09,country_203,country_372,1.0,0.842616856098175
mlp,train,2022-10,country_203,country_372,1.0,0.8413989543914795
mlp,train,2022-11,country_203,country_372,0.0,0.8259528875350952
mlp,train,2022-12,country_203,country_372,0.0,0.8146378397941589
mlp,train,2021-12,country_203,country_380,0.0,0.7412706613540649
mlp,train,2022-01,country_203,country_380,0.0,0.6993246674537659
mlp,train,2022-02,country_203,country_380,0.0,0.7271175384521484
mlp,train,2022-03,country_203,country_380,0.0,0.7236194610595703
mlp,train,2022-04,country_203,country_380,0.0,0.7457887530326843
mlp,train,2022-05,country_203,country_380,0.0,0.7161293625831604
mlp,train,2022-06,country_203,country_380,0.0,0.6772826910018921
mlp,train,2022-07,country_203,country_380,0.0,0.694833517074585
mlp,train,2022-08,country_203,country_380,0.0,0.7013050317764282
mlp,train,2022-09,country_203,country_380,1.0,0.7335118651390076
mlp,train,2022-10,country_203,country_380,0.0,0.73713618516922
mlp,train,2022-11,country_203,country_380,0.0,0.7152549624443054
mlp,train,2022-12,country_203,country_380,0.0,0.7108895182609558
mlp,train,2021-12,country_203,country_cn,0.0,0.7310726642608643
mlp,train,2022-01,country_203,country_cn,0.0,0.6646916270256042
mlp,train,2022-02,country_203,country_cn,1.0,0.7433119416236877
mlp,train,2022-03,country_203,country_cn,0.0,0.723479688167572
mlp,train,2022-04,country_203,country_cn,0.0,0.7011314034461975
mlp,train,2022-05,country_203,country_cn,0.0,0.7119834423065186
mlp,train,2022-06,country_203,country_cn,1.0,0.6637466549873352
mlp,train,2022-07,country_203,country_cn,0.0,0.7248300909996033
mlp,train,2022-08,country_203,country_cn,0.0,0.6730632185935974
mlp,train,2022-09,country_203,country_cn,0.0,0.7086906433105469
mlp,train,2022-10,country_203,country_cn,1.0,0.7120578289031982
mlp,train,2022-11,country_203,country_cn,0.0,0.7087634205818176
mlp,train,2022-12,country_203,country_cn,1.0,0.689703106880188
mlp,train,2021-12,country_203,country_de,0.0,0.6364755034446716
mlp,train,2022-01,country_203,country_de,0.0,0.6058523058891296
mlp,train,2022-02,country_203,country_de,0.0,0.5857213735580444
mlp,train,2022-03,country_203,country_de,1.0,0.6170748472213745
mlp,train,2022-04,country_203,country_de,1.0,0.6378602981567383
mlp,train,2022-05,country_203,country_de,0.0,0.6685796976089478
mlp,train,2022-06,country_203,country_de,1.0,0.5780505537986755
mlp,train,2022-07,country_203,country_de,0.0,0.6833435297012329
mlp,train,2022-08,country_203,country_de,0.0,0.5928797125816345
mlp,train,2022-09,country_203,country_de,0.0,0.662567675113678
mlp,train,2022-10,country_203,country_de,0.0,0.6233444213867188
mlp,train,2022-11,country_203,country_de,1.0,0.6307148933410645
mlp,train,2022-12,country_203,country_de,0.0,0.669225811958313
mlp,train,2021-12,country_203,country_fr,1.0,0.7405825257301331
mlp,train,2022-01,country_203,country_fr,1.0,0.7575430870056152
mlp,train,2022-02,country_203,country_fr,1.0,0.7488787770271301
mlp,train,2022-03,country_203,country_fr,1.0,0.7579885721206665
mlp,train,2022-04,country_203,country_fr,1.0,0.7629411816596985
mlp,train,2022-05,country_203,country_fr,1.0,0.7487710118293762
mlp,train,2022-06,country_203,country_fr,1.0,0.7215688824653625
mlp,train,2022-07,country_203,country_fr,1.0,0.7630943059921265
mlp,train,2022-08,country_203,country_fr,0.0,0.7379192113876343
mlp,train,2022-09,country_203,country_fr,0.0,0.774074137210846
mlp,train,2022-10,country_203,country_fr,0.0,0.737830638885498
mlp,train,2022-11,country_203,country_fr,0.0,0.7109809517860413
mlp,train,2022-12,country_203,country_fr,0.0,0.7511206269264221
mlp,train,2021-12,country_203,country_gb,1.0,0.6977134943008423
mlp,train,2022-01,country_203,country_gb,1.0,0.7143256068229675
mlp,train,2022-02,country_203,country_gb,1.0,0.7180960178375244
mlp,train,2022-03,country_203,country_gb,1.0,0.7659509778022766
mlp,train,2022-04,country_203,country_gb,1.0,0.7375323176383972
mlp,train,2022-05,country_203,country_gb,1.0,0.7519816756248474
mlp,train,2022-06,country_203,country_gb,1.0,0.7098469734191895
mlp,train,2022-07,country_203,country_gb,1.0,0.7717974781990051
mlp,train,2022-08,country_203,country_gb,0.0,0.7332231402397156
mlp,train,2022-09,country_203,country_gb,1.0,0.7781925201416016
mlp,train,2022-10,country_203,country_gb,1.0,0.7837402820587158
mlp,train,2022-11,country_203,country_gb,1.0,0.7705036997795105
mlp,train,2022-12,country_203,country_gb,0.0,0.7831112742424011
mlp,train,2021-12,country_203,country_in,1.0,0.8382816910743713
mlp,train,2022-01,country_203,country_in,1.0,0.837121844291687
mlp,train,2022-02,country_203,country_in,0.0,0.8667967915534973
mlp,train,2022-03,country_203,country_in,0.0,0.7545849084854126
mlp,train,2022-04,country_203,country_in,0.0,0.7446815371513367
mlp,train,2022-05,country_203,country_in,0.0,0.8333704471588135
mlp,train,2022-06,country_203,country_in,0.0,0.7774147391319275
mlp,train,2022-07,country_203,country_in,1.0,0.8027220964431763
mlp,train,2022-08,country_203,country_in,0.0,0.7994883060455322
mlp,train,2022-09,country_203,country_in,1.0,0.8037861585617065
mlp,train,2022-10,country_203,country_in,0.0,0.8296462297439575
mlp,train,2022-11,country_203,country_in,1.0,0.831912636756897
mlp,train,2022-12,country_203,country_in,1.0,0.8067706227302551
mlp,train,2021-12,country_203,country_jp,0.0,0.7548520565032959
mlp,train,2022-01,country_203,country_jp,0.0,0.7102254033088684
mlp,train,2022-02,country_203,country_jp,0.0,0.7472202181816101
mlp,train,2022-03,country_203,country_jp,0.0,0.7417930364608765
mlp,train,2022-04,country_203,country_jp,0.0,0.7278051972389221
mlp,train,2022-05,country_203,country_jp,0.0,0.7287064790725708
mlp,train,2022-06,country_203,country_jp,0.0,0.7218371033668518
mlp,train,2022-07,country_203,country_jp,0.0,0.7514018416404724
mlp,train,2022-08,country_203,country_jp,1.0,0.6987400054931641
mlp,train,2022-09,country_203,country_jp,0.0,0.7780980467796326
mlp,train,2022-10,country_203,country_jp,0.0,0.7205536961555481
mlp,train,2022-11,country_203,country_jp,0.0,0.7262862920761108
mlp,train,2022-12,country_203,country_jp,0.0,0.7431300282478333
mlp,train,2021-12,country_203,country_kr,1.0,0.8333480358123779
mlp,train,2022-01,country_203,country_kr,1.0,0.826153576374054
mlp,train,2022-02,country_203,country_kr,0.0,0.8219640851020813
mlp,train,2022-03,country_203,country_kr,0.0,0.8010830283164978
mlp,train,2022-04,country_203,country_kr,1.0,0.7625648379325867
mlp,train,2022-05,country_203,country_kr,0.0,0.8164085745811462
mlp,train,2022-06,country_203,country_kr,0.0,0.7806681394577026
mlp,train,2022-07,country_203,country_kr,0.0,0.7969204783439636
mlp,train,2022-08,country_203,country_kr,0.0,0.7672617435455322
mlp,train,2022-09,country_203,country_kr,1.0,0.8195023536682129
mlp,train,2022-10,country_203,country_kr,0.0,0.8047589659690857
mlp,train,2022-11,country_203,country_kr,0.0,0.8145719766616821
mlp,train,2022-12,country_203,country_kr,0.0,0.7931546568870544
mlp,train,2021-12,country_203,country_mx,0.0,0.7965400218963623
mlp,train,2022-01,country_203,country_mx,0.0,0.7589406967163086
mlp,train,2022-02,country_203,country_mx,0.0,0.7673857808113098
mlp,train,2022-03,country_203,country_mx,1.0,0.789225161075592
mlp,train,2022-04,country_203,country_mx,1.0,0.7899978756904602
mlp,train,2022-05,country_203,country_mx,1.0,0.7996061444282532
mlp,train,2022-06,country_203,country_mx,1.0,0.7411830425262451
mlp,train,2022-07,country_203,country_mx,0.0,0.80484938621521
mlp,train,2022-08,country_203,country_mx,1.0,0.76311856508255
mlp,train,2022-09,country_203,country_mx,0.0,0.8243028521537781
mlp,train,2022-10,country_203,country_mx,0.0,0.7080290913581848
mlp,train,2022-11,country_203,country_mx,1.0,0.7780254483222961
mlp,train,2022-12,country_203,country_mx,0.0,0.8303667306900024
mlp,train,2021-12,country_203,country_my,1.0,0.6946736574172974
mlp,train,2022-01,country_203,country_my,1.0,0.6643816828727722
mlp,train,2022-02,country_203,country_my,0.0,0.6918699741363525
mlp,train,2022-03,country_203,country_my,0.0,0.6747430562973022
mlp,train,2022-04,country_203,country_my,1.0,0.6571359634399414
mlp,train,2022-05,country_203,country_my,1.0,0.7506531476974487
mlp,train,2022-06,country_203,country_my,0.0,0.6443771123886108
mlp,train,2022-07,country_203,country_my,1.0,0.7026602625846863
mlp,train,2022-08,country_203,country_my,1.0,0.6564095616340637
mlp,train,2022-09,country_203,country_my,1.0,0.7717170715332031
mlp,train,2022-10,country_203,country_my,0.0,0.7386524677276611
mlp,train,2022-11,country_203,country_my,1.0,0.6772624850273132
mlp,train,2022-12,country_203,country_my,0.0,0.7293047904968262
mlp,train,2021-12,country_203,country_ph,1.0,0.7218446135520935
mlp,train,2022-01,country_203,country_ph,0.0,0.6928558945655823
mlp,train,2022-02,country_203,country_ph,1.0,0.7096827626228333
mlp,train,2022-03,country_203,country_ph,1.0,0.7251545190811157
mlp,train,2022-04,country_203,country_ph,0.0,0.750844419002533
mlp,train,2022-05,country_203,country_ph,1.0,0.7091374397277832
mlp,train,2022-06,country_203,country_ph,1.0,0.7023172378540039
mlp,train,2022-07,country_203,country_ph,1.0,0.73887699842453
mlp,train,2022-08,country_203,country_ph,1.0,0.6994085907936096
mlp,train,2022-09,country_203,country_ph,1.0,0.7443643808364868
mlp,train,2022-10,country_203,country_ph,0.0,0.7337815165519714
mlp,train,2022-11,country_203,country_ph,0.0,0.7442382574081421
mlp,train,2022-12,country_203,country_ph,0.0,0.7765646576881409
mlp,train,2021-12,country_203,country_sg,1.0,0.7476370930671692
mlp,train,2022-01,country_203,country_sg,0.0,0.7086648941040039
mlp,train,2022-02,country_203,country_sg,0.0,0.734840452671051
mlp,train,2022-03,country_203,country_sg,0.0,0.7529120445251465
mlp,train,2022-04,country_203,country_sg,0.0,0.7087161540985107
mlp,train,2022-05,country_203,country_sg,0.0,0.7628486752510071
mlp,train,2022-06,country_203,country_sg,1.0,0.7103821039199829
mlp,train,2022-07,country_203,country_sg,0.0,0.7454144954681396
mlp,train,2022-08,country_203,country_sg,1.0,0.7046551704406738
mlp,train,2022-09,country_203,country_sg,1.0,0.7874549627304077
mlp,train,2022-10,country_203,country_sg,0.0,0.7698470950126648
mlp,train,2022-11,country_203,country_sg,0.0,0.7303358316421509
mlp,train,2022-12,country_203,country_sg,0.0,0.7244160771369934
mlp,train,2021-12,country_203,country_th,1.0,0.8318459391593933
mlp,train,2022-01,country_203,country_th,1.0,0.8019222617149353
mlp,train,2022-02,country_203,country_th,0.0,0.8203830718994141
mlp,train,2022-03,country_203,country_th,0.0,0.8104658126831055
mlp,train,2022-04,country_203,country_th,0.0,0.8029604554176331
mlp,train,2022-05,country_203,country_th,0.0,0.7904462814331055
mlp,train,2022-06,country_203,country_th,0.0,0.7808154225349426
mlp,train,2022-07,country_203,country_th,1.0,0.820072591304779
mlp,train,2022-08,country_203,country_th,0.0,0.8046000599861145
mlp,train,2022-09,country_203,country_th,0.0,0.8183448910713196
mlp,train,2022-10,country_203,country_th,0.0,0.8074288368225098
mlp,train,2022-11,country_203,country_th,0.0,0.821377158164978
mlp,train,2022-12,country_203,country_th,0.0,0.8094136714935303
mlp,train,2021-12,country_203,country_us,0.0,0.6483449935913086
mlp,train,2022-01,country_203,country_us,1.0,0.6618916392326355
mlp,train,2022-02,country_203,country_us,0.0,0.6509577035903931
mlp,train,2022-03,country_203,country_us,0.0,0.6221737265586853
mlp,train,2022-04,country_203,country_us,1.0,0.5910115838050842
mlp,train,2022-05,country_203,country_us,0.0,0.6520444750785828
mlp,train,2022-06,country_203,country_us,0.0,0.5444559454917908
mlp,train,2022-07,country_203,country_us,1.0,0.7863497734069824
mlp,train,2022-08,country_203,country_us,0.0,0.6231743097305298
mlp,train,2022-09,country_203,country_us,0.0,0.6404200196266174
mlp,train,2022-10,country_203,country_us,0.0,0.6150804758071899
mlp,train,2022-11,country_203,country_us,0.0,0.6689900755882263
mlp,train,2022-12,country_203,country_us,0.0,0.7015310525894165
mlp,train,2021-12,country_203,country_vn,0.0,0.7651668190956116
mlp,train,2022-01,country_203,country_vn,0.0,0.7732154130935669
mlp,train,2022-02,country_203,country_vn,0.0,0.759640634059906
mlp,train,2022-03,country_203,country_vn,0.0,0.7713236808776855
mlp,train,2022-04,country_203,country_vn,0.0,0.8001171350479126
mlp,train,2022-05,country_203,country_vn,0.0,0.7984396815299988
mlp,train,2022-06,country_203,country_vn,1.0,0.7917395234107971
mlp,train,2022-07,country_203,country_vn,0.0,0.8173243999481201
mlp,train,2022-08,country_203,country_vn,1.0,0.7571735978126526
mlp,train,2022-09,country_203,country_vn,1.0,0.8274422883987427
mlp,train,2022-10,country_203,country_vn,0.0,0.8124548196792603
mlp,train,2022-11,country_203,country_vn,1.0,0.8258591294288635
mlp,train,2022-12,country_203,country_vn,0.0,0.8174617886543274
mlp,train,2021-12,country_344,country_203,0.0,0.7929567694664001
mlp,train,2022-01,country_344,country_203,0.0,0.7529402375221252
mlp,train,2022-02,country_344,country_203,0.0,0.7739333510398865
mlp,train,2022-03,country_344,country_203,0.0,0.7773957252502441
mlp,train,2022-04,country_344,country_203,1.0,0.7638802528381348
mlp,train,2022-05,country_344,country_203,0.0,0.7927963137626648
mlp,train,2022-06,country_344,country_203,1.0,0.7448317408561707
mlp,train,2022-07,country_344,country_203,0.0,0.8064204454421997
mlp,train,2022-08,country_344,country_203,0.0,0.7391800880432129
mlp,train,2022-09,country_344,country_203,1.0,0.7617024779319763
mlp,train,2022-10,country_344,country_203,0.0,0.7891113758087158
mlp,train,2022-11,country_344,country_203,1.0,0.7680020332336426
mlp,train,2022-12,country_344,country_203,0.0,0.794142484664917
mlp,train,2021-12,country_344,country_372,0.0,0.8690415024757385
mlp,train,2022-01,country_344,country_372,0.0,0.7768009305000305
mlp,train,2022-02,country_344,country_372,0.0,0.7945418357849121
mlp,train,2022-03,country_344,country_372,0.0,0.7867732644081116
mlp,train,2022-04,country_344,country_372,0.0,0.78145432472229
mlp,train,2022-05,country_344,country_372,0.0,0.8162321448326111
mlp,train,2022-06,country_344,country_372,0.0,0.8112362027168274
mlp,train,2022-07,country_344,country_372,0.0,0.7894087433815002
mlp,train,2022-08,country_344,country_372,0.0,0.7774541974067688
mlp,train,2022-09,country_344,country_372,0.0,0.8069520592689514
mlp,train,2022-10,country_344,country_372,1.0,0.8034321665763855
mlp,train,2022-11,country_344,country_372,1.0,0.8004343509674072
mlp,train,2022-12,country_344,country_372,1.0,0.8240718245506287
mlp,train,2021-12,country_344,country_380,0.0,0.7602021098136902
mlp,train,2022-01,country_344,country_380,1.0,0.7382389903068542
mlp,train,2022-02,country_344,country_380,1.0,0.7924988269805908
mlp,train,2022-03,country_344,country_380,1.0,0.785807192325592
mlp,train,2022-04,country_344,country_380,1.0,0.844311535358429
mlp,train,2022-05,country_344,country_380,0.0,0.8240867257118225
mlp,train,2022-06,country_344,country_380,0.0,0.7370872497558594
mlp,train,2022-07,country_344,country_380,0.0,0.7409721612930298
mlp,train,2022-08,country_344,country_380,0.0,0.7761215567588806
mlp,train,2022-09,country_344,country_380,0.0,0.7672960162162781
mlp,train,2022-10,country_344,country_380,0.0,0.7419969439506531
mlp,train,2022-11,country_344,country_380,1.0,0.7500073313713074
mlp,train,2022-12,country_344,country_380,0.0,0.7576526403427124
mlp,train,2021-12,country_344,country_cn,1.0,0.6761569976806641
mlp,train,2022-01,country_344,country_cn,1.0,0.7013717293739319
mlp,train,2022-02,country_344,country_cn,1.0,0.7704095244407654
mlp,train,2022-03,country_344,country_cn,0.0,0.7148799896240234
mlp,train,2022-04,country_344,country_cn,1.0,0.6899654269218445
mlp,train,2022-05,country_344,country_cn,1.0,0.7166227102279663
mlp,train,2022-06,country_344,country_cn,1.0,0.7145688533782959
mlp,train,2022-07,country_344,country_cn,0.0,0.6984524130821228
mlp,train,2022-08,country_344,country_cn,0.0,0.6614808440208435
mlp,train,2022-09,country_344,country_cn,0.0,0.6695565581321716
mlp,train,2022-10,country_344,country_cn,0.0,0.6487413048744202
mlp,train,2022-11,country_344,country_cn,0.0,0.6541478037834167
mlp,train,2022-12,country_344,country_cn,1.0,0.5866701006889343
mlp,train,2021-12,country_344,country_de,0.0,0.649312436580658
mlp,train,2022-01,country_344,country_de,0.0,0.6260473132133484
mlp,train,2022-02,country_344,country_de,0.0,0.6615778207778931
mlp,train,2022-03,country_344,country_de,0.0,0.619438886642456
mlp,train,2022-04,country_344,country_de,0.0,0.5630676746368408
mlp,train,2022-05,country_344,country_de,0.0,0.6023212671279907
mlp,train,2022-06,country_344,country_de,0.0,0.5764384269714355
mlp,train,2022-07,country_344,country_de,0.0,0.6154476404190063
mlp,train,2022-08,country_344,country_de,0.0,0.669982373714447
mlp,train,2022-09,country_344,country_de,0.0,0.6623252630233765
mlp,train,2022-10,country_344,country_de,1.0,0.6517444252967834
mlp,train,2022-11,country_344,country_de,1.0,0.6497425436973572
mlp,train,2022-12,country_344,country_de,1.0,0.6860235333442688
mlp,train,2021-12,country_344,country_fr,0.0,0.7280765175819397
mlp,train,2022-01,country_344,country_fr,0.0,0.6667128205299377
mlp,train,2022-02,country_344,country_fr,0.0,0.7067995071411133
mlp,train,2022-03,country_344,country_fr,0.0,0.6960530281066895
mlp,train,2022-04,country_344,country_fr,0.0,0.6684030890464783
mlp,train,2022-05,country_344,country_fr,0.0,0.6726582050323486
mlp,train,2022-06,country_344,country_fr,0.0,0.639409065246582
mlp,train,2022-07,country_344,country_fr,1.0,0.676123857498169
mlp,train,2022-08,country_344,country_fr,0.0,0.7224883437156677
mlp,train,2022-09,country_344,country_fr,1.0,0.7261848449707031
mlp,train,2022-10,country_344,country_fr,0.0,0.7079831957817078
mlp,train,2022-11,country_344,country_fr,0.0,0.697094738483429
mlp,train,2022-12,country_344,country_fr,0.0,0.7542300224304199
mlp,train,2021-12,country_344,country_gb,0.0,0.6625427007675171
mlp,train,2022-01,country_344,country_gb,0.0,0.5283342003822327
mlp,train,2022-02,country_344,country_gb,0.0,0.5503208041191101
mlp,train,2022-03,country_344,country_gb,0.0,0.5950939655303955
mlp,train,2022-04,country_344,country_gb,0.0,0.5225725769996643
mlp,train,2022-05,country_344,country_gb,0.0,0.6159537434577942
mlp,train,2022-06,country_344,country_gb,0.0,0.5602835416793823
mlp,train,2022-07,country_344,country_gb,0.0,0.6228615641593933
mlp,train,2022-08,country_344,country_gb,1.0,0.6441590785980225
mlp,train,2022-09,country_344,country_gb,1.0,0.6882312893867493
mlp,train,2022-10,country_344,country_gb,1.0,0.6985088586807251
mlp,train,2022-11,country_344,country_gb,1.0,0.6162523031234741
mlp,train,2022-12,country_344,country_gb,1.0,0.6473981142044067
mlp,train,2021-12,country_344,country_in,0.0,0.5228983759880066
mlp,train,2022-01,country_344,country_in,0.0,0.3861752152442932
mlp,train,2022-02,country_344,country_in,0.0,0.4461352527141571
mlp,train,2022-03,country_344,country_in,0.0,0.35722967982292175
mlp,train,2022-04,country_344,country_in,0.0,0.4641096889972687
mlp,train,2022-05,country_344,country_in,1.0,0.6472785472869873
mlp,train,2022-06,country_344,country_in,1.0,0.651014506816864
mlp,train,2022-07,country_344,country_in,0.0,0.47441673278808594
mlp,train,2022-08,country_344,country_in,0.0,0.47288861870765686
mlp,train,2022-09,country_344,country_in,1.0,0.45025524497032166
mlp,train,2022-10,country_344,country_in,1.0,0.6059883236885071
mlp,train,2022-11,country_344,country_in,1.0,0.6049675345420837
mlp,train,2022-12,country_344,country_in,1.0,0.49091440439224243
mlp,train,2021-12,country_344,country_jp,0.0,0.7018276453018188
mlp,train,2022-01,country_344,country_jp,0.0,0.6384447813034058
mlp,train,2022-02,country_344,country_jp,0.0,0.7345305681228638
mlp,train,2022-03,country_344,country_jp,0.0,0.6704294681549072
mlp,train,2022-04,country_344,country_jp,0.0,0.6858630776405334
mlp,train,2022-05,country_344,country_jp,0.0,0.6656140089035034
mlp,train,2022-06,country_344,country_jp,0.0,0.6599550247192383
mlp,train,2022-07,country_344,country_jp,0.0,0.6859070062637329
mlp,train,2022-08,country_344,country_jp,1.0,0.6811082363128662
mlp,train,2022-09,country_344,country_jp,1.0,0.7189566493034363
mlp,train,2022-10,country_344,country_jp,1.0,0.6955138444900513
mlp,train,2022-11,country_344,country_jp,1.0,0.7068557739257812
mlp,train,2022-12,country_344,country_jp,1.0,0.7245479226112366
mlp,train,2021-12,country_344,country_kr,0.0,0.5857198238372803
mlp,train,2022-01,country_344,country_kr,0.0,0.6186344027519226
mlp,train,2022-02,country_344,country_kr,0.0,0.6534140706062317
mlp,train,2022-03,country_344,country_kr,0.0,0.5931773781776428
mlp,train,2022-04,country_344,country_kr,0.0,0.522056519985199
mlp,train,2022-05,country_344,country_kr,0.0,0.577224612236023
mlp,train,2022-06,country_344,country_kr,0.0,0.5416324138641357
mlp,train,2022-07,country_344,country_kr,0.0,0.5422674417495728
mlp,train,2022-08,country_344,country_kr,1.0,0.5924392342567444
mlp,train,2022-09,country_344,country_kr,0.0,0.6137416958808899
mlp,train,2022-10,country_344,country_kr,1.0,0.591777503490448
mlp,train,2022-11,country_344,country_kr,0.0,0.6659907698631287
mlp,train,2022-12,country_344,country_kr,1.0,0.6011771559715271
mlp,train,2021-12,country_344,country_mx,0.0,0.6673347353935242
mlp,train,2022-01,country_344,country_mx,0.0,0.7500925064086914
mlp,train,2022-02,country_344,country_mx,0.0,0.7215769290924072
mlp,train,2022-03,country_344,country_mx,0.0,0.6859111189842224
mlp,train,2022-04,country_344,country_mx,0.0,0.6565719842910767
mlp,train,2022-05,country_344,country_mx,0.0,0.681209921836853
mlp,train,2022-06,country_344,country_mx,0.0,0.6758772730827332
mlp,train,2022-07,country_344,country_mx,1.0,0.6922916173934937
mlp,train,2022-08,country_344,country_mx,1.0,0.7308202981948853
mlp,train,2022-09,country_344,country_mx,0.0,0.7108929753303528
mlp,train,2022-10,country_344,country_mx,1.0,0.7039441466331482
mlp,train,2022-11,country_344,country_mx,0.0,0.7316115498542786
mlp,train,2022-12,country_344,country_mx,1.0,0.775224506855011
mlp,train,2021-12,country_344,country_my,0.0,0.5432441830635071
mlp,train,2022-01,country_344,country_my,0.0,0.6018726229667664
mlp,train,2022-02,country_344,country_my,0.0,0.635856568813324
mlp,train,2022-03,country_344,country_my,0.0,0.5068164467811584
mlp,train,2022-04,country_344,country_my,0.0,0.5259594917297363
mlp,train,2022-05,country_344,country_my,1.0,0.5941563844680786
mlp,train,2022-06,country_344,country_my,1.0,0.5698093771934509
mlp,train,2022-07,country_344,country_my,1.0,0.6381492614746094
mlp,train,2022-08,country_344,country_my,1.0,0.6349131464958191
mlp,train,2022-09,country_344,country_my,1.0,0.6365029811859131
mlp,train,2022-10,country_344,country_my,1.0,0.6595640778541565
mlp,train,2022-11,country_344,country_my,1.0,0.6157457828521729
mlp,train,2022-12,country_344,country_my,1.0,0.6707842946052551
mlp,train,2021-12,country_344,country_ph,0.0,0.5828709006309509
mlp,train,2022-01,country_344,country_ph,0.0,0.5432979464530945
mlp,train,2022-02,country_344,country_ph,0.0,0.6459770202636719
mlp,train,2022-03,country_344,country_ph,0.0,0.5589372515678406
mlp,train,2022-04,country_344,country_ph,0.0,0.5729793310165405
mlp,train,2022-05,country_344,country_ph,0.0,0.526557207107544
mlp,train,2022-06,country_344,country_ph,0.0,0.5493552088737488
mlp,train,2022-07,country_344,country_ph,0.0,0.5571737289428711
mlp,train,2022-08,country_344,country_ph,0.0,0.5990747809410095
mlp,train,2022-09,country_344,country_ph,0.0,0.5705366134643555
mlp,train,2022-10,country_344,country_ph,0.0,0.6114177107810974
mlp,train,2022-11,country_344,country_ph,0.0,0.6274703145027161
mlp,train,2022-12,country_344,country_ph,0.0,0.6362218260765076
mlp,train,2021-12,country_344,country_sg,0.0,0.6329867839813232
mlp,train,2022-01,country_344,country_sg,1.0,0.5750572085380554
mlp,train,2022-02,country_344,country_sg,0.0,0.670127272605896
mlp,train,2022-03,country_344,country_sg,0.0,0.5780989527702332
mlp,train,2022-04,country_344,country_sg,0.0,0.5850562453269958
mlp,train,2022-05,country_344,country_sg,0.0,0.594992995262146
mlp,train,2022-06,country_344,country_sg,0.0,0.6101981401443481
mlp,train,2022-07,country_344,country_sg,1.0,0.6000718474388123
mlp,train,2022-08,country_344,country_sg,1.0,0.6617162227630615
mlp,train,2022-09,country_344,country_sg,1.0,0.6938542127609253
mlp,train,2022-10,country_344,country_sg,1.0,0.7130744457244873
mlp,train,2022-11,country_344,country_sg,1.0,0.6387523412704468
mlp,train,2022-12,country_344,country_sg,1.0,0.66767817735672
mlp,train,2021-12,country_344,country_th,0.0,0.6986165642738342
mlp,train,2022-01,country_344,country_th,0.0,0.663593053817749
mlp,train,2022-02,country_344,country_th,0.0,0.7008072733879089
mlp,train,2022-03,country_344,country_th,0.0,0.6667454838752747
mlp,train,2022-04,country_344,country_th,0.0,0.6501569151878357
mlp,train,2022-05,country_344,country_th,0.0,0.6245884895324707
mlp,train,2022-06,country_344,country_th,0.0,0.6454247236251831
mlp,train,2022-07,country_344,country_th,0.0,0.6602370142936707
mlp,train,2022-08,country_344,country_th,0.0,0.659305214881897
mlp,train,2022-09,country_344,country_th,0.0,0.6862370371818542
mlp,train,2022-10,country_344,country_th,1.0,0.6827059984207153
mlp,train,2022-11,country_344,country_th,1.0,0.6985532641410828
mlp,train,2022-12,country_344,country_th,0.0,0.6964846849441528
mlp,train,2021-12,country_344,country_us,0.0,0.5465429425239563
mlp,train,2022-01,country_344,country_us,0.0,0.5924314856529236
mlp,train,2022-02,country_344,country_us,0.0,0.6394394636154175
mlp,train,2022-03,country_344,country_us,0.0,0.5223634839057922
mlp,train,2022-04,country_344,country_us,0.0,0.4793240427970886
mlp,train,2022-05,country_344,country_us,0.0,0.4808366000652313
mlp,train,2022-06,country_344,country_us,0.0,0.4886687994003296
mlp,train,2022-07,country_344,country_us,0.0,0.6280691623687744
mlp,train,2022-08,country_344,country_us,0.0,0.6263719201087952
mlp,train,2022-09,country_344,country_us,1.0,0.5285370945930481
mlp,train,2022-10,country_344,country_us,0.0,0.5702215433120728
mlp,train,2022-11,country_344,country_us,1.0,0.622527539730072
mlp,train,2022-12,country_344,country_us,0.0,0.659310519695282
mlp,train,2021-12,country_344,country_vn,0.0,0.6254766583442688
mlp,train,2022-01,country_344,country_vn,0.0,0.6089536547660828
mlp,train,2022-02,country_344,country_vn,0.0,0.6535291075706482
mlp,train,2022-03,country_344,country_vn,0.0,0.5848108530044556
mlp,train,2022-04,country_344,country_vn,1.0,0.6109670400619507
mlp,train,2022-05,country_344,country_vn,0.0,0.6857866048812866
mlp,train,2022-06,country_344,country_vn,1.0,0.6864169239997864
mlp,train,2022-07,country_344,country_vn,1.0,0.6508359909057617
mlp,train,2022-08,country_344,country_vn,0.0,0.652503490447998
mlp,train,2022-09,country_344,country_vn,1.0,0.7080809473991394
mlp,train,2022-10,country_344,country_vn,0.0,0.7305718064308167
mlp,train,2022-11,country_344,country_vn,1.0,0.6809855699539185
mlp,train,2022-12,country_344,country_vn,0.0,0.7200498580932617
mlp,train,2021-12,country_372,country_203,0.0,0.7820748090744019
mlp,train,2022-01,country_372,country_203,0.0,0.7369072437286377
mlp,train,2022-02,country_372,country_203,0.0,0.7496705055236816
mlp,train,2022-03,country_372,country_203,0.0,0.7868944406509399
mlp,train,2022-04,country_372,country_203,0.0,0.7438430190086365
mlp,train,2022-05,country_372,country_203,1.0,0.7996031641960144
mlp,train,2022-06,country_372,country_203,0.0,0.7621923089027405
mlp,train,2022-07,country_372,country_203,1.0,0.76906818151474
mlp,train,2022-08,country_372,country_203,0.0,0.7922033667564392
mlp,train,2022-09,country_372,country_203,1.0,0.7703187465667725
mlp,train,2022-10,country_372,country_203,1.0,0.7672812938690186
mlp,train,2022-11,country_372,country_203,1.0,0.7649400234222412
mlp,train,2022-12,country_372,country_203,0.0,0.7866439819335938
mlp,train,2021-12,country_372,country_344,0.0,0.8173264265060425
mlp,train,2022-01,country_372,country_344,1.0,0.7429036498069763
mlp,train,2022-02,country_372,country_344,1.0,0.788555383682251
mlp,train,2022-03,country_372,country_344,1.0,0.8335682153701782
mlp,train,2022-04,country_372,country_344,0.0,0.7900440096855164
mlp,train,2022-05,country_372,country_344,1.0,0.7738433480262756
mlp,train,2022-06,country_372,country_344,0.0,0.8041163682937622
mlp,train,2022-07,country_372,country_344,0.0,0.7650001645088196
mlp,train,2022-08,country_372,country_344,1.0,0.7931941747665405
mlp,train,2022-09,country_372,country_344,0.0,0.8037813901901245
mlp,train,2022-10,country_372,country_344,0.0,0.7741612195968628
mlp,train,2022-11,country_372,country_344,0.0,0.7624044418334961
mlp,train,2022-12,country_372,country_344,0.0,0.7817938923835754
mlp,train,2021-12,country_372,country_380,1.0,0.7992581725120544
mlp,train,2022-01,country_372,country_380,1.0,0.7526262402534485
mlp,train,2022-02,country_372,country_380,0.0,0.7790894508361816
mlp,train,2022-03,country_372,country_380,0.0,0.7665188908576965
mlp,train,2022-04,country_372,country_380,0.0,0.7585359215736389
mlp,train,2022-05,country_372,country_380,0.0,0.7855228781700134
mlp,train,2022-06,country_372,country_380,1.0,0.7281518578529358
mlp,train,2022-07,country_372,country_380,1.0,0.7574582099914551
mlp,train,2022-08,country_372,country_380,1.0,0.8107593059539795
mlp,train,2022-09,country_372,country_380,0.0,0.7674713134765625
mlp,train,2022-10,country_372,country_380,1.0,0.6847172975540161
mlp,train,2022-11,country_372,country_380,0.0,0.7584394216537476
mlp,train,2022-12,country_372,country_380,1.0,0.7476640343666077
mlp,train,2021-12,country_372,country_cn,0.0,0.6462836861610413
mlp,train,2022-01,country_372,country_cn,0.0,0.5792884230613708
mlp,train,2022-02,country_372,country_cn,0.0,0.6077212691307068
mlp,train,2022-03,country_372,country_cn,0.0,0.5782296061515808
mlp,train,2022-04,country_372,country_cn,0.0,0.48023948073387146
mlp,train,2022-05,country_372,country_cn,0.0,0.591326117515564
mlp,train,2022-06,country_372,country_cn,0.0,0.5778504014015198
mlp,train,2022-07,country_372,country_cn,1.0,0.4568777084350586
mlp,train,2022-08,country_372,country_cn,1.0,0.5888307094573975
mlp,train,2022-09,country_372,country_cn,0.0,0.48057836294174194
mlp,train,2022-10,country_372,country_cn,1.0,0.5760650038719177
mlp,train,2022-11,country_372,country_cn,1.0,0.534706175327301
mlp,train,2022-12,country_372,country_cn,1.0,0.5001780390739441
mlp,train,2021-12,country_372,country_de,0.0,0.7463020086288452
mlp,train,2022-01,country_372,country_de,0.0,0.6353452205657959
mlp,train,2022-02,country_372,country_de,0.0,0.4973067343235016
mlp,train,2022-03,country_372,country_de,0.0,0.6931701302528381
mlp,train,2022-04,country_372,country_de,0.0,0.6011127829551697
mlp,train,2022-05,country_372,country_de,0.0,0.6456762552261353
mlp,train,2022-06,country_372,country_de,0.0,0.6780432462692261
mlp,train,2022-07,country_372,country_de,0.0,0.5496036410331726
mlp,train,2022-08,country_372,country_de,0.0,0.6111344695091248
mlp,train,2022-09,country_372,country_de,0.0,0.5676391124725342
mlp,train,2022-10,country_372,country_de,0.0,0.6436901688575745
mlp,train,2022-11,country_372,country_de,0.0,0.5577481985092163
mlp,train,2022-12,country_372,country_de,0.0,0.6024766564369202
mlp,train,2021-12,country_372,country_fr,0.0,0.7783635854721069
mlp,train,2022-01,country_372,country_fr,1.0,0.690937340259552
mlp,train,2022-02,country_372,country_fr,0.0,0.6634660363197327
mlp,train,2022-03,country_372,country_fr,0.0,0.725054919719696
mlp,train,2022-04,country_372,country_fr,1.0,0.6516287326812744
mlp,train,2022-05,country_372,country_fr,1.0,0.7519906759262085
mlp,train,2022-06,country_372,country_fr,1.0,0.7312405109405518
mlp,train,2022-07,country_372,country_fr,1.0,0.6969813108444214
mlp,train,2022-08,country_372,country_fr,1.0,0.7541173696517944
mlp,train,2022-09,country_372,country_fr,1.0,0.7249773144721985
mlp,train,2022-10,country_372,country_fr,0.0,0.7366806864738464
mlp,train,2022-11,country_372,country_fr,0.0,0.7166017889976501
mlp,train,2022-12,country_372,country_fr,1.0,0.7489804625511169
mlp,train,2021-12,country_372,country_gb,0.0,0.7964809536933899
mlp,train,2022-01,country_372,country_gb,1.0,0.665702760219574
mlp,train,2022-02,country_372,country_gb,0.0,0.6103724241256714
mlp,train,2022-03,country_372,country_gb,0.0,0.7022519111633301
mlp,train,2022-04,country_372,country_gb,1.0,0.6416361927986145
mlp,train,2022-05,country_372,country_gb,1.0,0.7587895393371582
mlp,train,2022-06,country_372,country_gb,1.0,0.7443767189979553
mlp,train,2022-07,country_372,country_gb,1.0,0.7570074200630188
mlp,train,2022-08,country_372,country_gb,1.0,0.7821546792984009
mlp,train,2022-09,country_372,country_gb,1.0,0.7500392198562622
mlp,train,2022-10,country_372,country_gb,1.0,0.7722064256668091
mlp,train,2022-11,country_372,country_gb,1.0,0.7214585542678833
mlp,train,2022-12,country_372,country_gb,1.0,0.7596675157546997
mlp,train,2021-12,country_372,country_in,1.0,0.741315484046936
mlp,train,2022-01,country_372,country_in,1.0,0.7702292203903198
mlp,train,2022-02,country_372,country_in,0.0,0.7293963432312012
mlp,train,2022-03,country_372,country_in,0.0,0.6221097707748413
mlp,train,2022-04,country_372,country_in,0.0,0.5753732919692993
mlp,train,2022-05,country_372,country_in,0.0,0.7132806777954102
mlp,train,2022-06,country_372,country_in,0.0,0.76475590467453
mlp,train,2022-07,country_372,country_in,0.0,0.505040168762207
mlp,train,2022-08,country_372,country_in,0.0,0.5969714522361755
mlp,train,2022-09,country_372,country_in,0.0,0.5387002825737
mlp,train,2022-10,country_372,country_in,0.0,0.6722237467765808
mlp,train,2022-11,country_372,country_in,0.0,0.6244088411331177
mlp,train,2022-12,country_372,country_in,1.0,0.5155542492866516
mlp,train,2021-12,country_372,country_jp,0.0,0.7054445743560791
mlp,train,2022-01,country_372,country_jp,1.0,0.6440967321395874
mlp,train,2022-02,country_372,country_jp,0.0,0.6533605456352234
mlp,train,2022-03,country_372,country_jp,0.0,0.6626362800598145
mlp,train,2022-04,country_372,country_jp,0.0,0.6221857666969299
mlp,train,2022-05,country_372,country_jp,0.0,0.6582916378974915
mlp,train,2022-06,country_372,country_jp,1.0,0.6594699621200562
mlp,train,2022-07,country_372,country_jp,1.0,0.6472275853157043
mlp,train,2022-08,country_372,country_jp,1.0,0.6818027496337891
mlp,train,2022-09,country_372,country_jp,0.0,0.6696239709854126
mlp,train,2022-10,country_372,country_jp,0.0,0.6669518351554871
mlp,train,2022-11,country_372,country_jp,0.0,0.6108350157737732
mlp,train,2022-12,country_372,country_jp,0.0,0.6646538972854614
mlp,train,2021-12,country_372,country_kr,0.0,0.811732828617096
mlp,train,2022-01,country_372,country_kr,0.0,0.7737009525299072
mlp,train,2022-02,country_372,country_kr,0.0,0.7392017245292664
mlp,train,2022-03,country_372,country_kr,1.0,0.7838163375854492
mlp,train,2022-04,country_372,country_kr,0.0,0.7370655536651611
mlp,train,2022-05,country_372,country_kr,1.0,0.7832684516906738
mlp,train,2022-06,country_372,country_kr,1.0,0.772315263748169
mlp,train,2022-07,country_372,country_kr,1.0,0.7488843202590942
mlp,train,2022-08,country_372,country_kr,0.0,0.8056623339653015
mlp,train,2022-09,country_372,country_kr,0.0,0.742722749710083
mlp,train,2022-10,country_372,country_kr,0.0,0.7739809155464172
mlp,train,2022-11,country_372,country_kr,1.0,0.7753573060035706
mlp,train,2022-12,country_372,country_kr,1.0,0.7769808173179626
mlp,train,2021-12,country_372,country_mx,1.0,0.8906162977218628
mlp,train,2022-01,country_372,country_mx,0.0,0.8621163964271545
mlp,train,2022-02,country_372,country_mx,0.0,0.812444806098938
mlp,train,2022-03,country_372,country_mx,1.0,0.8421465754508972
mlp,train,2022-04,country_372,country_mx,0.0,0.8139931559562683
mlp,train,2022-05,country_372,country_mx,0.0,0.842090904712677
mlp,train,2022-06,country_372,country_mx,1.0,0.8211578130722046
mlp,train,2022-07,country_372,country_mx,0.0,0.8252074122428894
mlp,train,2022-08,country_372,country_mx,1.0,0.8585759997367859
mlp,train,2022-09,country_372,country_mx,1.0,0.8454563617706299
mlp,train,2022-10,country_372,country_mx,1.0,0.8601702451705933
mlp,train,2022-11,country_372,country_mx,1.0,0.8485140800476074
mlp,train,2022-12,country_372,country_mx,0.0,0.8733814358711243
mlp,train,2021-12,country_372,country_my,0.0,0.6809583306312561
mlp,train,2022-01,country_372,country_my,0.0,0.6416198015213013
mlp,train,2022-02,country_372,country_my,0.0,0.6164166927337646
mlp,train,2022-03,country_372,country_my,1.0,0.5971454977989197
mlp,train,2022-04,country_372,country_my,0.0,0.5399202704429626
mlp,train,2022-05,country_372,country_my,0.0,0.6664291024208069
mlp,train,2022-06,country_372,country_my,0.0,0.6503344178199768
mlp,train,2022-07,country_372,country_my,0.0,0.5558463335037231
mlp,train,2022-08,country_372,country_my,0.0,0.5931456089019775
mlp,train,2022-09,country_372,country_my,0.0,0.5746651887893677
mlp,train,2022-10,country_372,country_my,0.0,0.60018390417099
mlp,train,2022-11,country_372,country_my,0.0,0.5122513771057129
mlp,train,2022-12,country_372,country_my,1.0,0.5883976817131042
mlp,train,2021-12,country_372,country_ph,0.0,0.8007235527038574
mlp,train,2022-01,country_372,country_ph,0.0,0.7405677437782288
mlp,train,2022-02,country_372,country_ph,0.0,0.6784546375274658
mlp,train,2022-03,country_372,country_ph,0.0,0.7784970998764038
mlp,train,2022-04,country_372,country_ph,0.0,0.7291861176490784
mlp,train,2022-05,country_372,country_ph,0.0,0.7548537850379944
mlp,train,2022-06,country_372,country_ph,0.0,0.7443879842758179
mlp,train,2022-07,country_372,country_ph,0.0,0.6737104058265686
mlp,train,2022-08,country_372,country_ph,0.0,0.7608035802841187
mlp,train,2022-09,country_372,country_ph,0.0,0.7214441895484924
mlp,train,2022-10,country_372,country_ph,0.0,0.7361530065536499
mlp,train,2022-11,country_372,country_ph,0.0,0.7316606044769287
mlp,train,2022-12,country_372,country_ph,0.0,0.7538130283355713
mlp,train,2021-12,country_372,country_sg,0.0,0.8218083381652832
mlp,train,2022-01,country_372,country_sg,1.0,0.7442357540130615
mlp,train,2022-02,country_372,country_sg,0.0,0.7777152061462402
mlp,train,2022-03,country_372,country_sg,0.0,0.7755343914031982
mlp,train,2022-04,country_372,country_sg,1.0,0.7550565600395203
mlp,train,2022-05,country_372,country_sg,1.0,0.7965829372406006
mlp,train,2022-06,country_372,country_sg,0.0,0.7735777497291565
mlp,train,2022-07,country_372,country_sg,1.0,0.7474364638328552
mlp,train,2022-08,country_372,country_sg,0.0,0.8019456267356873
mlp,train,2022-09,country_372,country_sg,0.0,0.7939068078994751
mlp,train,2022-10,country_372,country_sg,0.0,0.832032322883606
mlp,train,2022-11,country_372,country_sg,0.0,0.7548156380653381
mlp,train,2022-12,country_372,country_sg,0.0,0.7516424655914307
mlp,train,2021-12,country_372,country_th,1.0,0.8992509841918945
mlp,train,2022-01,country_372,country_th,1.0,0.8691936731338501
mlp,train,2022-02,country_372,country_th,1.0,0.8576807975769043
mlp,train,2022-03,country_372,country_th,0.0,0.8863505721092224
mlp,train,2022-04,country_372,country_th,1.0,0.8039712905883789
mlp,train,2022-05,country_372,country_th,0.0,0.882253110408783
mlp,train,2022-06,country_372,country_th,1.0,0.8112340569496155
mlp,train,2022-07,country_372,country_th,0.0,0.8455027341842651
mlp,train,2022-08,country_372,country_th,0.0,0.8705551028251648
mlp,train,2022-09,country_372,country_th,0.0,0.8204063177108765
mlp,train,2022-10,country_372,country_th,1.0,0.8072533011436462
mlp,train,2022-11,country_372,country_th,1.0,0.896773636341095
mlp,train,2022-12,country_372,country_th,0.0,0.8765067458152771
mlp,train,2021-12,country_372,country_us,1.0,0.675490140914917
mlp,train,2022-01,country_372,country_us,0.0,0.594738245010376
mlp,train,2022-02,country_372,country_us,0.0,0.4293069839477539
mlp,train,2022-03,country_372,country_us,0.0,0.4628049433231354
mlp,train,2022-04,country_372,country_us,0.0,0.40608176589012146
mlp,train,2022-05,country_372,country_us,0.0,0.4556053876876831
mlp,train,2022-06,country_372,country_us,0.0,0.5221076011657715
mlp,train,2022-07,country_372,country_us,0.0,0.4848237633705139
mlp,train,2022-08,country_372,country_us,0.0,0.5137723088264465
mlp,train,2022-09,country_372,country_us,0.0,0.36574873328208923
mlp,train,2022-10,country_372,country_us,0.0,0.4901987314224243
mlp,train,2022-11,country_372,country_us,0.0,0.4664226770401001
mlp,train,2022-12,country_372,country_us,1.0,0.4704605042934418
mlp,train,2021-12,country_372,country_vn,0.0,0.6521334052085876
mlp,train,2022-01,country_372,country_vn,0.0,0.6296048164367676
mlp,train,2022-02,country_372,country_vn,0.0,0.5756539106369019
mlp,train,2022-03,country_372,country_vn,0.0,0.6415708661079407
mlp,train,2022-04,country_372,country_vn,1.0,0.5573885440826416
mlp,train,2022-05,country_372,country_vn,1.0,0.6950230598449707
mlp,train,2022-06,country_372,country_vn,1.0,0.7088106274604797
mlp,train,2022-07,country_372,country_vn,1.0,0.6172133088111877
mlp,train,2022-08,country_372,country_vn,1.0,0.668992280960083
mlp,train,2022-09,country_372,country_vn,0.0,0.6342636346817017
mlp,train,2022-10,country_372,country_vn,1.0,0.6804499626159668
mlp,train,2022-11,country_372,country_vn,1.0,0.7133280634880066
mlp,train,2022-12,country_372,country_vn,0.0,0.6533632874488831
mlp,train,2021-12,country_380,country_203,1.0,0.740441620349884
mlp,train,2022-01,country_380,country_203,1.0,0.7334207892417908
mlp,train,2022-02,country_380,country_203,1.0,0.7518183588981628
mlp,train,2022-03,country_380,country_203,1.0,0.7480967044830322
mlp,train,2022-04,country_380,country_203,1.0,0.7689918279647827
mlp,train,2022-05,country_380,country_203,0.0,0.7590154409408569
mlp,train,2022-06,country_380,country_203,1.0,0.7986423969268799
mlp,train,2022-07,country_380,country_203,1.0,0.8201624751091003
mlp,train,2022-08,country_380,country_203,1.0,0.7767078876495361
mlp,train,2022-09,country_380,country_203,1.0,0.7709659337997437
mlp,train,2022-10,country_380,country_203,1.0,0.772083044052124
mlp,train,2022-11,country_380,country_203,1.0,0.7676029801368713
mlp,train,2022-12,country_380,country_203,0.0,0.7608045339584351
mlp,train,2021-12,country_380,country_344,0.0,0.6838168501853943
mlp,train,2022-01,country_380,country_344,1.0,0.6897804141044617
mlp,train,2022-02,country_380,country_344,1.0,0.727198600769043
mlp,train,2022-03,country_380,country_344,1.0,0.728194534778595
mlp,train,2022-04,country_380,country_344,0.0,0.7230303287506104
mlp,train,2022-05,country_380,country_344,0.0,0.6805824041366577
mlp,train,2022-06,country_380,country_344,0.0,0.7619975209236145
mlp,train,2022-07,country_380,country_344,0.0,0.7385522723197937
mlp,train,2022-08,country_380,country_344,0.0,0.7082586288452148
mlp,train,2022-09,country_380,country_344,0.0,0.6955599784851074
mlp,train,2022-10,country_380,country_344,0.0,0.7067654728889465
mlp,train,2022-11,country_380,country_344,0.0,0.6895750164985657
mlp,train,2022-12,country_380,country_344,0.0,0.6866979002952576
mlp,train,2021-12,country_380,country_372,0.0,0.8544642329216003
mlp,train,2022-01,country_380,country_372,0.0,0.7894999980926514
mlp,train,2022-02,country_380,country_372,0.0,0.7592156529426575
mlp,train,2022-03,country_380,country_372,0.0,0.7613428235054016
mlp,train,2022-04,country_380,country_372,0.0,0.761167049407959
mlp,train,2022-05,country_380,country_372,0.0,0.7601804733276367
mlp,train,2022-06,country_380,country_372,0.0,0.8369837999343872
mlp,train,2022-07,country_380,country_372,0.0,0.7996115684509277
mlp,train,2022-08,country_380,country_372,0.0,0.7645893096923828
mlp,train,2022-09,country_380,country_372,0.0,0.755599319934845
mlp,train,2022-10,country_380,country_372,0.0,0.7776819467544556
mlp,train,2022-11,country_380,country_372,1.0,0.7429713606834412
mlp,train,2022-12,country_380,country_372,0.0,0.7805986404418945
mlp,train,2021-12,country_380,country_cn,0.0,0.5744868516921997
mlp,train,2022-01,country_380,country_cn,0.0,0.6054210066795349
mlp,train,2022-02,country_380,country_cn,0.0,0.724338173866272
mlp,train,2022-03,country_380,country_cn,0.0,0.5869960784912109
mlp,train,2022-04,country_380,country_cn,0.0,0.6727752685546875
mlp,train,2022-05,country_380,country_cn,0.0,0.617859423160553
mlp,train,2022-06,country_380,country_cn,0.0,0.6760960817337036
mlp,train,2022-07,country_380,country_cn,0.0,0.6541972160339355
mlp,train,2022-08,country_380,country_cn,0.0,0.6339064240455627
mlp,train,2022-09,country_380,country_cn,0.0,0.5733793377876282
mlp,train,2022-10,country_380,country_cn,0.0,0.6074674725532532
mlp,train,2022-11,country_380,country_cn,0.0,0.6249168515205383
mlp,train,2022-12,country_380,country_cn,0.0,0.5952624082565308
mlp,train,2021-12,country_380,country_de,0.0,0.6273452043533325
mlp,train,2022-01,country_380,country_de,0.0,0.6353917121887207
mlp,train,2022-02,country_380,country_de,0.0,0.6800903081893921
mlp,train,2022-03,country_380,country_de,1.0,0.6140859127044678
mlp,train,2022-04,country_380,country_de,0.0,0.7013671398162842
mlp,train,2022-05,country_380,country_de,0.0,0.6274763345718384
mlp,train,2022-06,country_380,country_de,0.0,0.6908012628555298
mlp,train,2022-07,country_380,country_de,0.0,0.7070587873458862
mlp,train,2022-08,country_380,country_de,0.0,0.6741635203361511
mlp,train,2022-09,country_380,country_de,0.0,0.6523832082748413
mlp,train,2022-10,country_380,country_de,0.0,0.641002357006073
mlp,train,2022-11,country_380,country_de,0.0,0.6452550888061523
mlp,train,2022-12,country_380,country_de,0.0,0.6675811409950256
mlp,train,2021-12,country_380,country_fr,0.0,0.6707791686058044
mlp,train,2022-01,country_380,country_fr,0.0,0.6208801865577698
mlp,train,2022-02,country_380,country_fr,0.0,0.6767550706863403
mlp,train,2022-03,country_380,country_fr,1.0,0.6316414475440979
mlp,train,2022-04,country_380,country_fr,0.0,0.6945902109146118
mlp,train,2022-05,country_380,country_fr,0.0,0.6217744946479797
mlp,train,2022-06,country_380,country_fr,1.0,0.7151044011116028
mlp,train,2022-07,country_380,country_fr,0.0,0.7194762825965881
mlp,train,2022-08,country_380,country_fr,0.0,0.6816394925117493
mlp,train,2022-09,country_380,country_fr,0.0,0.6664396524429321
mlp,train,2022-10,country_380,country_fr,0.0,0.6885123252868652
mlp,train,2022-11,country_380,country_fr,0.0,0.6712348461151123
mlp,train,2022-12,country_380,country_fr,0.0,0.7276820540428162
mlp,train,2021-12,country_380,country_gb,0.0,0.7084136009216309
mlp,train,2022-01,country_380,country_gb,0.0,0.6690413951873779
mlp,train,2022-02,country_380,country_gb,0.0,0.6494952440261841
mlp,train,2022-03,country_380,country_gb,0.0,0.6723260283470154
mlp,train,2022-04,country_380,country_gb,0.0,0.7243444919586182
mlp,train,2022-05,country_380,country_gb,0.0,0.6770244240760803
mlp,train,2022-06,country_380,country_gb,0.0,0.7302486300468445
mlp,train,2022-07,country_380,country_gb,1.0,0.7556939721107483
mlp,train,2022-08,country_380,country_gb,1.0,0.7300596833229065
mlp,train,2022-09,country_380,country_gb,1.0,0.7763222455978394
mlp,train,2022-10,country_380,country_gb,1.0,0.7601019144058228
mlp,train,2022-11,country_380,country_gb,1.0,0.7255234122276306
mlp,train,2022-12,country_380,country_gb,0.0,0.7285254001617432
mlp,train,2021-12,country_380,country_in,0.0,0.7677595019340515
mlp,train,2022-01,country_380,country_in,0.0,0.7330107092857361
mlp,train,2022-02,country_380,country_in,0.0,0.762624979019165
mlp,train,2022-03,country_380,country_in,0.0,0.6967852115631104
mlp,train,2022-04,country_380,country_in,0.0,0.7761771082878113
mlp,train,2022-05,country_380,country_in,1.0,0.8210596442222595
mlp,train,2022-06,country_380,country_in,0.0,0.860020637512207
mlp,train,2022-07,country_380,country_in,0.0,0.7890745997428894
mlp,train,2022-08,country_380,country_in,1.0,0.7601129412651062
mlp,train,2022-09,country_380,country_in,1.0,0.7837704420089722
mlp,train,2022-10,country_380,country_in,0.0,0.7982449531555176
mlp,train,2022-11,country_380,country_in,0.0,0.7798047661781311
mlp,train,2022-12,country_380,country_in,1.0,0.7563764452934265
mlp,train,2021-12,country_380,country_jp,0.0,0.6434410810470581
mlp,train,2022-01,country_380,country_jp,0.0,0.6728945374488831
mlp,train,2022-02,country_380,country_jp,0.0,0.7342574596405029
mlp,train,2022-03,country_380,country_jp,1.0,0.6755083203315735
mlp,train,2022-04,country_380,country_jp,0.0,0.7358016967773438
mlp,train,2022-05,country_380,country_jp,0.0,0.6591590046882629
mlp,train,2022-06,country_380,country_jp,0.0,0.7549464106559753
mlp,train,2022-07,country_380,country_jp,0.0,0.7500593066215515
mlp,train,2022-08,country_380,country_jp,0.0,0.6842173337936401
mlp,train,2022-09,country_380,country_jp,0.0,0.7067201733589172
mlp,train,2022-10,country_380,country_jp,0.0,0.6710811257362366
mlp,train,2022-11,country_380,country_jp,1.0,0.6416775584220886
mlp,train,2022-12,country_380,country_jp,0.0,0.6944882273674011
mlp,train,2021-12,country_380,country_kr,1.0,0.7382636070251465
mlp,train,2022-01,country_380,country_kr,0.0,0.7711799144744873
mlp,train,2022-02,country_380,country_kr,0.0,0.7448290586471558
mlp,train,2022-03,country_380,country_kr,1.0,0.7301995754241943
mlp,train,2022-04,country_380,country_kr,1.0,0.7496673464775085
mlp,train,2022-05,country_380,country_kr,1.0,0.7503020763397217
mlp,train,2022-06,country_380,country_kr,0.0,0.7920114994049072
mlp,train,2022-07,country_380,country_kr,0.0,0.7698737978935242
mlp,train,2022-08,country_380,country_kr,0.0,0.7528507709503174
mlp,train,2022-09,country_380,country_kr,0.0,0.7214346528053284
mlp,train,2022-10,country_380,country_kr,1.0,0.742562472820282
mlp,train,2022-11,country_380,country_kr,1.0,0.7706252932548523
mlp,train,2022-12,country_380,country_kr,1.0,0.7619309425354004
mlp,train,2021-12,country_380,country_mx,0.0,0.728228747844696
mlp,train,2022-01,country_380,country_mx,1.0,0.7825084328651428
mlp,train,2022-02,country_380,country_mx,0.0,0.7727477550506592
mlp,train,2022-03,country_380,country_mx,0.0,0.7300044298171997
mlp,train,2022-04,country_380,country_mx,0.0,0.7593405246734619
mlp,train,2022-05,country_380,country_mx,0.0,0.731921374797821
mlp,train,2022-06,country_380,country_mx,0.0,0.7940572500228882
mlp,train,2022-07,country_380,country_mx,0.0,0.7848418354988098
mlp,train,2022-08,country_380,country_mx,0.0,0.7678810954093933
mlp,train,2022-09,country_380,country_mx,0.0,0.7362523674964905
mlp,train,2022-10,country_380,country_mx,0.0,0.760046124458313
mlp,train,2022-11,country_380,country_mx,0.0,0.7678062915802002
mlp,train,2022-12,country_380,country_mx,0.0,0.7848473191261292
mlp,train,2021-12,country_380,country_my,0.0,0.5641614198684692
mlp,train,2022-01,country_380,country_my,0.0,0.634469211101532
mlp,train,2022-02,country_380,country_my,0.0,0.6747756004333496
mlp,train,2022-03,country_380,country_my,0.0,0.5561209917068481
mlp,train,2022-04,country_380,country_my,0.0,0.6460056304931641
mlp,train,2022-05,country_380,country_my,0.0,0.6328534483909607
mlp,train,2022-06,country_380,country_my,0.0,0.648181140422821
mlp,train,2022-07,country_380,country_my,0.0,0.64763343334198
mlp,train,2022-08,country_380,country_my,0.0,0.6383805274963379
mlp,train,2022-09,country_380,country_my,0.0,0.6147165894508362
mlp,train,2022-10,country_380,country_my,0.0,0.5970048904418945
mlp,train,2022-11,country_380,country_my,0.0,0.5752030611038208
mlp,train,2022-12,country_380,country_my,0.0,0.6698514223098755
mlp,train,2021-12,country_380,country_ph,0.0,0.6331354379653931
mlp,train,2022-01,country_380,country_ph,0.0,0.6031289100646973
mlp,train,2022-02,country_380,country_ph,0.0,0.6751147508621216
mlp,train,2022-03,country_380,country_ph,0.0,0.6358868479728699
mlp,train,2022-04,country_380,country_ph,0.0,0.6858587861061096
mlp,train,2022-05,country_380,country_ph,0.0,0.6120890974998474
mlp,train,2022-06,country_380,country_ph,0.0,0.6881273984909058
mlp,train,2022-07,country_380,country_ph,0.0,0.6630570292472839
mlp,train,2022-08,country_380,country_ph,0.0,0.6523509621620178
mlp,train,2022-09,country_380,country_ph,0.0,0.6226858496665955
mlp,train,2022-10,country_380,country_ph,0.0,0.6569116711616516
mlp,train,2022-11,country_380,country_ph,0.0,0.6608672142028809
mlp,train,2022-12,country_380,country_ph,0.0,0.6970311403274536
mlp,train,2021-12,country_380,country_sg,0.0,0.602057933807373
mlp,train,2022-01,country_380,country_sg,0.0,0.5333611369132996
mlp,train,2022-02,country_380,country_sg,0.0,0.6432920694351196
mlp,train,2022-03,country_380,country_sg,0.0,0.5318896174430847
mlp,train,2022-04,country_380,country_sg,0.0,0.630729615688324
mlp,train,2022-05,country_380,country_sg,0.0,0.5622820854187012
mlp,train,2022-06,country_380,country_sg,0.0,0.6547951102256775
mlp,train,2022-07,country_380,country_sg,0.0,0.6164692640304565
mlp,train,2022-08,country_380,country_sg,0.0,0.6152886748313904
mlp,train,2022-09,country_380,country_sg,0.0,0.6531625986099243
mlp,train,2022-10,country_380,country_sg,0.0,0.6654577851295471
mlp,train,2022-11,country_380,country_sg,0.0,0.591870903968811
mlp,train,2022-12,country_380,country_sg,0.0,0.5961901545524597
mlp,train,2021-12,country_380,country_th,1.0,0.6796668767929077
mlp,train,2022-01,country_380,country_th,0.0,0.6722155213356018
mlp,train,2022-02,country_380,country_th,0.0,0.7041369080543518
mlp,train,2022-03,country_380,country_th,1.0,0.6699967980384827
mlp,train,2022-04,country_380,country_th,0.0,0.713596522808075
mlp,train,2022-05,country_380,country_th,0.0,0.6289612054824829
mlp,train,2022-06,country_380,country_th,0.0,0.724018931388855
mlp,train,2022-07,country_380,country_th,0.0,0.7116788029670715
mlp,train,2022-08,country_380,country_th,0.0,0.6837038993835449
mlp,train,2022-09,country_380,country_th,0.0,0.684641420841217
mlp,train,2022-10,country_380,country_th,1.0,0.7078630924224854
mlp,train,2022-11,country_380,country_th,1.0,0.7161385416984558
mlp,train,2022-12,country_380,country_th,0.0,0.7031412124633789
mlp,train,2021-12,country_380,country_us,0.0,0.42715924978256226
mlp,train,2022-01,country_380,country_us,1.0,0.5114890933036804
mlp,train,2022-02,country_380,country_us,0.0,0.5653444528579712
mlp,train,2022-03,country_380,country_us,0.0,0.4054381251335144
mlp,train,2022-04,country_380,country_us,0.0,0.5272822380065918
mlp,train,2022-05,country_380,country_us,0.0,0.4039875268936157
mlp,train,2022-06,country_380,country_us,0.0,0.5288234949111938
mlp,train,2022-07,country_380,country_us,0.0,0.5859668254852295
mlp,train,2022-08,country_380,country_us,0.0,0.545320451259613
mlp,train,2022-09,country_380,country_us,0.0,0.4279547333717346
mlp,train,2022-10,country_380,country_us,0.0,0.43120190501213074
mlp,train,2022-11,country_380,country_us,0.0,0.5416135191917419
mlp,train,2022-12,country_380,country_us,0.0,0.5649202466011047
mlp,train,2021-12,country_380,country_vn,0.0,0.751448392868042
mlp,train,2022-01,country_380,country_vn,0.0,0.7774461507797241
mlp,train,2022-02,country_380,country_vn,0.0,0.8230491876602173
mlp,train,2022-03,country_380,country_vn,0.0,0.749254584312439
mlp,train,2022-04,country_380,country_vn,0.0,0.7774037718772888
mlp,train,2022-05,country_380,country_vn,0.0,0.7930368781089783
mlp,train,2022-06,country_380,country_vn,0.0,0.84312504529953
mlp,train,2022-07,country_380,country_vn,0.0,0.8062760233879089
mlp,train,2022-08,country_380,country_vn,1.0,0.7900840640068054
mlp,train,2022-09,country_380,country_vn,0.0,0.814382791519165
mlp,train,2022-10,country_380,country_vn,0.0,0.8075689673423767
mlp,train,2022-11,country_380,country_vn,1.0,0.8280990719795227
mlp,train,2022-12,country_380,country_vn,0.0,0.8272228240966797
mlp,train,2022-11,country_50,country_de,0.0,0.8495364785194397
mlp,train,2022-12,country_50,country_de,0.0,0.8430132269859314
mlp,train,2021-12,country_50,country_jp,0.0,0.8018786311149597
mlp,train,2022-01,country_50,country_jp,0.0,0.8176934123039246
mlp,train,2022-02,country_50,country_jp,0.0,0.8421548008918762
mlp,train,2022-03,country_50,country_jp,0.0,0.8150733709335327
mlp,train,2022-04,country_50,country_jp,0.0,0.8174436092376709
mlp,train,2022-05,country_50,country_jp,0.0,0.818947970867157
mlp,train,2022-06,country_50,country_jp,0.0,0.8257011771202087
mlp,train,2022-07,country_50,country_jp,0.0,0.8367472887039185
mlp,train,2022-08,country_50,country_jp,0.0,0.8066428303718567
mlp,train,2022-09,country_50,country_jp,0.0,0.8308674693107605
mlp,train,2022-10,country_50,country_jp,0.0,0.817964494228363
mlp,train,2022-11,country_50,country_jp,0.0,0.8131084442138672
mlp,train,2022-12,country_50,country_jp,0.0,0.8292021155357361
mlp,train,2021-12,country_50,country_my,1.0,0.8461167812347412
mlp,train,2022-01,country_50,country_my,1.0,0.8483413457870483
mlp,train,2022-02,country_50,country_my,1.0,0.867416501045227
mlp,train,2022-03,country_50,country_my,1.0,0.8620869517326355
mlp,train,2022-04,country_50,country_my,1.0,0.8629746437072754
mlp,train,2022-05,country_50,country_my,0.0,0.870246946811676
mlp,train,2022-06,country_50,country_my,0.0,0.8025574088096619
mlp,train,2022-07,country_50,country_my,0.0,0.8366777300834656
mlp,train,2022-08,country_50,country_my,1.0,0.8215814828872681
mlp,train,2022-09,country_50,country_my,0.0,0.8836076855659485
mlp,train,2022-10,country_50,country_my,1.0,0.8519346714019775
mlp,train,2022-12,country_50,country_my,0.0,0.870242714881897
mlp,train,2021-12,country_50,country_sg,1.0,0.9191510081291199
mlp,train,2022-01,country_50,country_sg,1.0,0.8462023735046387
mlp,train,2022-02,country_50,country_sg,1.0,0.9328256249427795
mlp,train,2022-03,country_50,country_sg,0.0,0.8290785551071167
mlp,train,2022-04,country_50,country_sg,1.0,0.8190628886222839
mlp,train,2022-05,country_50,country_sg,1.0,0.8381074070930481
mlp,train,2022-06,country_50,country_sg,0.0,0.8386226892471313
mlp,train,2022-07,country_50,country_sg,0.0,0.8349018692970276
mlp,train,2022-08,country_50,country_sg,0.0,0.8403039574623108
mlp,train,2022-09,country_50,country_sg,0.0,0.8578242659568787
mlp,train,2022-10,country_50,country_sg,0.0,0.8674662113189697
mlp,train,2022-11,country_50,country_sg,0.0,0.8361073136329651
mlp,train,2022-12,country_50,country_sg,0.0,0.8116312026977539
mlp,train,2021-12,country_cn,country_203,0.0,0.41675814986228943
mlp,train,2022-01,country_cn,country_203,0.0,0.4975488483905792
mlp,train,2022-02,country_cn,country_203,0.0,0.5553240776062012
mlp,train,2022-03,country_cn,country_203,0.0,0.4530869722366333
mlp,train,2022-04,country_cn,country_203,0.0,0.5384442806243896
mlp,train,2022-05,country_cn,country_203,0.0,0.5630692839622498
mlp,train,2022-06,country_cn,country_203,1.0,0.4659695327281952
mlp,train,2022-07,country_cn,country_203,0.0,0.5740419626235962
mlp,train,2022-08,country_cn,country_203,0.0,0.4827684760093689
mlp,train,2022-09,country_cn,country_203,0.0,0.42846834659576416
mlp,train,2022-10,country_cn,country_203,0.0,0.45502811670303345
mlp,train,2022-11,country_cn,country_203,0.0,0.4899922311306
mlp,train,2022-12,country_cn,country_203,0.0,0.4454522132873535
mlp,train,2021-12,country_cn,country_344,0.0,0.4028497040271759
mlp,train,2022-01,country_cn,country_344,0.0,0.45573651790618896
mlp,train,2022-02,country_cn,country_344,0.0,0.5745605230331421
mlp,train,2022-03,country_cn,country_344,0.0,0.4264388680458069
mlp,train,2022-04,country_cn,country_344,0.0,0.4505753517150879
mlp,train,2022-05,country_cn,country_344,0.0,0.44048163294792175
mlp,train,2022-06,country_cn,country_344,0.0,0.41172200441360474
mlp,train,2022-07,country_cn,country_344,0.0,0.4623512923717499
mlp,train,2022-08,country_cn,country_344,0.0,0.49318039417266846
mlp,train,2022-09,country_cn,country_344,0.0,0.39936164021492004
mlp,train,2022-10,country_cn,country_344,0.0,0.47083017230033875
mlp,train,2022-11,country_cn,country_344,0.0,0.49120670557022095
mlp,train,2022-12,country_cn,country_344,1.0,0.3960478901863098
mlp,train,2021-12,country_cn,country_372,0.0,0.7096729278564453
mlp,train,2022-01,country_cn,country_372,0.0,0.6228092908859253
mlp,train,2022-02,country_cn,country_372,0.0,0.6412984132766724
mlp,train,2022-03,country_cn,country_372,0.0,0.4681999683380127
mlp,train,2022-04,country_cn,country_372,0.0,0.554084837436676
mlp,train,2022-05,country_cn,country_372,0.0,0.4905393719673157
mlp,train,2022-06,country_cn,country_372,0.0,0.6179245710372925
mlp,train,2022-07,country_cn,country_372,0.0,0.4770384728908539
mlp,train,2022-08,country_cn,country_372,0.0,0.40660181641578674
mlp,train,2022-09,country_cn,country_372,0.0,0.4686557650566101
mlp,train,2022-10,country_cn,country_372,0.0,0.6022399067878723
mlp,train,2022-11,country_cn,country_372,0.0,0.5308078527450562
mlp,train,2022-12,country_cn,country_372,0.0,0.48136618733406067
mlp,train,2021-12,country_cn,country_380,0.0,0.47134971618652344
mlp,train,2022-01,country_cn,country_380,0.0,0.49531984329223633
mlp,train,2022-02,country_cn,country_380,0.0,0.6641733050346375
mlp,train,2022-03,country_cn,country_380,0.0,0.48946237564086914
mlp,train,2022-04,country_cn,country_380,0.0,0.5957240462303162
mlp,train,2022-05,country_cn,country_380,0.0,0.49504342675209045
mlp,train,2022-06,country_cn,country_380,0.0,0.3731698989868164
mlp,train,2022-07,country_cn,country_380,0.0,0.4093489944934845
mlp,train,2022-08,country_cn,country_380,0.0,0.5269439220428467
mlp,train,2022-09,country_cn,country_380,0.0,0.46125364303588867
mlp,train,2022-10,country_cn,country_380,0.0,0.45905300974845886
mlp,train,2022-11,country_cn,country_380,0.0,0.5413908362388611
mlp,train,2022-12,country_cn,country_380,0.0,0.5068918466567993
mlp,train,2021-12,country_cn,country_de,0.0,0.28619837760925293
mlp,train,2022-01,country_cn,country_de,0.0,0.34262895584106445
mlp,train,2022-02,country_cn,country_de,0.0,0.4496881663799286
mlp,train,2022-03,country_cn,country_de,0.0,0.2971559464931488
mlp,train,2022-04,country_cn,country_de,0.0,0.3472342789173126
mlp,train,2022-05,country_cn,country_de,0.0,0.3352976441383362
mlp,train,2022-06,country_cn,country_de,0.0,0.2782021760940552
mlp,train,2022-07,country_cn,country_de,0.0,0.2946227788925171
mlp,train,2022-08,country_cn,country_de,0.0,0.2970358729362488
mlp,train,2022-09,country_cn,country_de,0.0,0.3037462532520294
mlp,train,2022-10,country_cn,country_de,0.0,0.3047650158405304
mlp,train,2022-11,country_cn,country_de,0.0,0.3770768642425537
mlp,train,2022-12,country_cn,country_de,0.0,0.3096691370010376
mlp,train,2021-12,country_cn,country_fr,0.0,0.3668026626110077
mlp,train,2022-01,country_cn,country_fr,0.0,0.34046849608421326
mlp,train,2022-02,country_cn,country_fr,0.0,0.49790844321250916
mlp,train,2022-03,country_cn,country_fr,0.0,0.3112756013870239
mlp,train,2022-04,country_cn,country_fr,0.0,0.34664827585220337
mlp,train,2022-05,country_cn,country_fr,0.0,0.3521426022052765
mlp,train,2022-06,country_cn,country_fr,0.0,0.30713942646980286
mlp,train,2022-07,country_cn,country_fr,0.0,0.32699260115623474
mlp,train,2022-08,country_cn,country_fr,0.0,0.3532527685165405
mlp,train,2022-09,country_cn,country_fr,0.0,0.35757964849472046
mlp,train,2022-10,country_cn,country_fr,0.0,0.3524828851222992
mlp,train,2022-11,country_cn,country_fr,1.0,0.44357433915138245
mlp,train,2022-12,country_cn,country_fr,1.0,0.5260496139526367
mlp,train,2021-12,country_cn,country_gb,0.0,0.396777868270874
mlp,train,2022-01,country_cn,country_gb,0.0,0.28948450088500977
mlp,train,2022-02,country_cn,country_gb,0.0,0.40371137857437134
mlp,train,2022-03,country_cn,country_gb,0.0,0.32063376903533936
mlp,train,2022-04,country_cn,country_gb,0.0,0.35070276260375977
mlp,train,2022-05,country_cn,country_gb,0.0,0.4113958775997162
mlp,train,2022-06,country_cn,country_gb,0.0,0.3030126690864563
mlp,train,2022-07,country_cn,country_gb,0.0,0.3445087671279907
mlp,train,2022-08,country_cn,country_gb,0.0,0.3440721333026886
mlp,train,2022-09,country_cn,country_gb,0.0,0.4860050082206726
mlp,train,2022-10,country_cn,country_gb,0.0,0.5060511827468872
mlp,train,2022-11,country_cn,country_gb,0.0,0.35364821553230286
mlp,train,2022-12,country_cn,country_gb,0.0,0.2854323089122772
mlp,train,2021-12,country_cn,country_in,0.0,0.3553752303123474
mlp,train,2022-01,country_cn,country_in,0.0,0.2556425631046295
mlp,train,2022-02,country_cn,country_in,0.0,0.3882316052913666
mlp,train,2022-03,country_cn,country_in,0.0,0.21242821216583252
mlp,train,2022-04,country_cn,country_in,1.0,0.3973572552204132
mlp,train,2022-05,country_cn,country_in,1.0,0.6029653549194336
mlp,train,2022-06,country_cn,country_in,1.0,0.5701320171356201
mlp,train,2022-07,country_cn,country_in,1.0,0.28533193469047546
mlp,train,2022-08,country_cn,country_in,1.0,0.27749374508857727
mlp,train,2022-09,country_cn,country_in,1.0,0.2683390974998474
mlp,train,2022-10,country_cn,country_in,1.0,0.42076870799064636
mlp,train,2022-11,country_cn,country_in,0.0,0.5423356294631958
mlp,train,2022-12,country_cn,country_in,0.0,0.28694331645965576
mlp,train,2021-12,country_cn,country_jp,0.0,0.3019282817840576
mlp,train,2022-01,country_cn,country_jp,0.0,0.353349506855011
mlp,train,2022-02,country_cn,country_jp,0.0,0.6074086427688599
mlp,train,2022-03,country_cn,country_jp,0.0,0.32830148935317993
mlp,train,2022-04,country_cn,country_jp,0.0,0.4095795154571533
mlp,train,2022-05,country_cn,country_jp,0.0,0.33576011657714844
mlp,train,2022-06,country_cn,country_jp,0.0,0.3111932873725891
mlp,train,2022-07,country_cn,country_jp,0.0,0.3645440638065338
mlp,train,2022-08,country_cn,country_jp,0.0,0.34097403287887573
mlp,train,2022-09,country_cn,country_jp,0.0,0.3791079521179199
mlp,train,2022-10,country_cn,country_jp,0.0,0.31260547041893005
mlp,train,2022-11,country_cn,country_jp,0.0,0.40632227063179016
mlp,train,2022-12,country_cn,country_jp,0.0,0.3548915982246399
mlp,train,2021-12,country_cn,country_kr,0.0,0.30263835191726685
mlp,train,2022-01,country_cn,country_kr,0.0,0.4146769642829895
mlp,train,2022-02,country_cn,country_kr,0.0,0.5483120679855347
mlp,train,2022-03,country_cn,country_kr,0.0,0.30810877680778503
mlp,train,2022-04,country_cn,country_kr,0.0,0.33121582865715027
mlp,train,2022-05,country_cn,country_kr,0.0,0.3425184190273285
mlp,train,2022-06,country_cn,country_kr,0.0,0.2687474489212036
mlp,train,2022-07,country_cn,country_kr,0.0,0.2690756916999817
mlp,train,2022-08,country_cn,country_kr,0.0,0.3335779309272766
mlp,train,2022-09,country_cn,country_kr,0.0,0.293722927570343
mlp,train,2022-10,country_cn,country_kr,0.0,0.3168063759803772
mlp,train,2022-11,country_cn,country_kr,1.0,0.528020977973938
mlp,train,2022-12,country_cn,country_kr,1.0,0.3406860828399658
mlp,train,2021-12,country_cn,country_mx,0.0,0.2675051987171173
mlp,train,2022-01,country_cn,country_mx,0.0,0.4927835464477539
mlp,train,2022-02,country_cn,country_mx,0.0,0.5406665205955505
mlp,train,2022-03,country_cn,country_mx,0.0,0.3413885533809662
mlp,train,2022-04,country_cn,country_mx,0.0,0.3722110390663147
mlp,train,2022-05,country_cn,country_mx,0.0,0.37032240629196167
mlp,train,2022-06,country_cn,country_mx,0.0,0.2749543786048889
mlp,train,2022-07,country_cn,country_mx,0.0,0.2707270085811615
mlp,train,2022-08,country_cn,country_mx,0.0,0.3017277419567108
mlp,train,2022-09,country_cn,country_mx,0.0,0.2739781141281128
mlp,train,2022-10,country_cn,country_mx,0.0,0.31304532289505005
mlp,train,2022-11,country_cn,country_mx,0.0,0.4898398816585541
mlp,train,2022-12,country_cn,country_mx,0.0,0.4494403302669525
mlp,train,2021-12,country_cn,country_my,0.0,0.31114983558654785
mlp,train,2022-01,country_cn,country_my,0.0,0.3577507734298706
mlp,train,2022-02,country_cn,country_my,0.0,0.5625578761100769
mlp,train,2022-03,country_cn,country_my,0.0,0.30384889245033264
mlp,train,2022-04,country_cn,country_my,0.0,0.3361450731754303
mlp,train,2022-05,country_cn,country_my,0.0,0.34583377838134766
mlp,train,2022-06,country_cn,country_my,0.0,0.2829710841178894
mlp,train,2022-07,country_cn,country_my,0.0,0.32228586077690125
mlp,train,2022-08,country_cn,country_my,0.0,0.3155434727668762
mlp,train,2022-09,country_cn,country_my,0.0,0.32220950722694397
mlp,train,2022-10,country_cn,country_my,0.0,0.3324168026447296
mlp,train,2022-11,country_cn,country_my,0.0,0.3825426399707794
mlp,train,2022-12,country_cn,country_my,0.0,0.35724496841430664
mlp,train,2021-12,country_cn,country_ph,0.0,0.32654592394828796
mlp,train,2022-01,country_cn,country_ph,1.0,0.35049667954444885
mlp,train,2022-02,country_cn,country_ph,0.0,0.5834970474243164
mlp,train,2022-03,country_cn,country_ph,1.0,0.3448418080806732
mlp,train,2022-04,country_cn,country_ph,0.0,0.45188525319099426
mlp,train,2022-05,country_cn,country_ph,0.0,0.35543110966682434
mlp,train,2022-06,country_cn,country_ph,0.0,0.295318603515625
mlp,train,2022-07,country_cn,country_ph,0.0,0.299561083316803
mlp,train,2022-08,country_cn,country_ph,0.0,0.33193254470825195
mlp,train,2022-09,country_cn,country_ph,0.0,0.32618260383605957
mlp,train,2022-10,country_cn,country_ph,0.0,0.3484976291656494
mlp,train,2022-11,country_cn,country_ph,0.0,0.5025202631950378
mlp,train,2022-12,country_cn,country_ph,0.0,0.44613951444625854
mlp,train,2021-12,country_cn,country_sg,0.0,0.3510320782661438
mlp,train,2022-01,country_cn,country_sg,0.0,0.3052748143672943
mlp,train,2022-02,country_cn,country_sg,0.0,0.5308018922805786
mlp,train,2022-03,country_cn,country_sg,0.0,0.2976992428302765
mlp,train,2022-04,country_cn,country_sg,0.0,0.37334126234054565
mlp,train,2022-05,country_cn,country_sg,0.0,0.36563757061958313
mlp,train,2022-06,country_cn,country_sg,0.0,0.2992643713951111
mlp,train,2022-07,country_cn,country_sg,0.0,0.2952641546726227
mlp,train,2022-08,country_cn,country_sg,0.0,0.34417659044265747
mlp,train,2022-09,country_cn,country_sg,0.0,0.495922714471817
mlp,train,2022-10,country_cn,country_sg,0.0,0.5043373107910156
mlp,train,2022-11,country_cn,country_sg,0.0,0.4207879602909088
mlp,train,2022-12,country_cn,country_sg,0.0,0.29993459582328796
mlp,train,2021-12,country_cn,country_th,0.0,0.3324427902698517
mlp,train,2022-01,country_cn,country_th,0.0,0.3058565855026245
mlp,train,2022-02,country_cn,country_th,0.0,0.5419318079948425
mlp,train,2022-03,country_cn,country_th,0.0,0.3085136413574219
mlp,train,2022-04,country_cn,country_th,0.0,0.3866208493709564
mlp,train,2022-05,country_cn,country_th,0.0,0.34460172057151794
mlp,train,2022-06,country_cn,country_th,0.0,0.3110213875770569
mlp,train,2022-07,country_cn,country_th,0.0,0.2929339110851288
mlp,train,2022-08,country_cn,country_th,0.0,0.30620869994163513
mlp,train,2022-09,country_cn,country_th,0.0,0.34038564562797546
mlp,train,2022-10,country_cn,country_th,0.0,0.3702968657016754
mlp,train,2022-11,country_cn,country_th,0.0,0.5289168953895569
mlp,train,2022-12,country_cn,country_th,0.0,0.3481595516204834
mlp,train,2021-12,country_cn,country_us,0.0,0.27384233474731445
mlp,train,2022-01,country_cn,country_us,0.0,0.3879440724849701
mlp,train,2022-02,country_cn,country_us,0.0,0.5015664100646973
mlp,train,2022-03,country_cn,country_us,0.0,0.25254523754119873
mlp,train,2022-04,country_cn,country_us,0.0,0.3210521936416626
mlp,train,2022-05,country_cn,country_us,0.0,0.29784655570983887
mlp,train,2022-06,country_cn,country_us,0.0,0.2722167670726776
mlp,train,2022-07,country_cn,country_us,0.0,0.37254443764686584
mlp,train,2022-08,country_cn,country_us,0.0,0.3466469347476959
mlp,train,2022-09,country_cn,country_us,0.0,0.2701963186264038
mlp,train,2022-10,country_cn,country_us,0.0,0.27503544092178345
mlp,train,2022-11,country_cn,country_us,1.0,0.4222143888473511
mlp,train,2022-12,country_cn,country_us,1.0,0.34806758165359497
mlp,train,2021-12,country_cn,country_vn,0.0,0.31035542488098145
mlp,train,2022-01,country_cn,country_vn,0.0,0.36100050806999207
mlp,train,2022-02,country_cn,country_vn,0.0,0.603017270565033
mlp,train,2022-03,country_cn,country_vn,0.0,0.3289152681827545
mlp,train,2022-04,country_cn,country_vn,0.0,0.41955798864364624
mlp,train,2022-05,country_cn,country_vn,0.0,0.42406561970710754
mlp,train,2022-06,country_cn,country_vn,0.0,0.3656315207481384
mlp,train,2022-07,country_cn,country_vn,0.0,0.34483930468559265
mlp,train,2022-08,country_cn,country_vn,0.0,0.32078561186790466
mlp,train,2022-09,country_cn,country_vn,0.0,0.3557402193546295
mlp,train,2022-10,country_cn,country_vn,0.0,0.3642224371433258
mlp,train,2022-11,country_cn,country_vn,1.0,0.5651589632034302
mlp,train,2022-12,country_cn,country_vn,1.0,0.39158883690834045
mlp,train,2021-12,country_de,country_203,0.0,0.46197760105133057
mlp,train,2022-01,country_de,country_203,0.0,0.5066123604774475
mlp,train,2022-02,country_de,country_203,0.0,0.48001545667648315
mlp,train,2022-03,country_de,country_203,0.0,0.47467491030693054
mlp,train,2022-04,country_de,country_203,0.0,0.5254290103912354
mlp,train,2022-05,country_de,country_203,0.0,0.5593678951263428
mlp,train,2022-06,country_de,country_203,0.0,0.5013431310653687
mlp,train,2022-07,country_de,country_203,0.0,0.5975396633148193
mlp,train,2022-08,country_de,country_203,0.0,0.4914306402206421
mlp,train,2022-09,country_de,country_203,0.0,0.4415358006954193
mlp,train,2022-10,country_de,country_203,0.0,0.47386616468429565
mlp,train,2022-11,country_de,country_203,0.0,0.4735942482948303
mlp,train,2022-12,country_de,country_203,0.0,0.4732040762901306
mlp,train,2021-12,country_de,country_344,0.0,0.4738532602787018
mlp,train,2022-01,country_de,country_344,0.0,0.5178969502449036
mlp,train,2022-02,country_de,country_344,0.0,0.551235556602478
mlp,train,2022-03,country_de,country_344,0.0,0.4876624643802643
mlp,train,2022-04,country_de,country_344,0.0,0.491274356842041
mlp,train,2022-05,country_de,country_344,0.0,0.48524153232574463
mlp,train,2022-06,country_de,country_344,0.0,0.48434683680534363
mlp,train,2022-07,country_de,country_344,0.0,0.5096105933189392
mlp,train,2022-08,country_de,country_344,0.0,0.5423840880393982
mlp,train,2022-09,country_de,country_344,0.0,0.45667022466659546
mlp,train,2022-10,country_de,country_344,0.0,0.529869019985199
mlp,train,2022-11,country_de,country_344,0.0,0.5128553509712219
mlp,train,2022-12,country_de,country_344,0.0,0.4623742401599884
mlp,train,2021-12,country_de,country_372,0.0,0.731251060962677
mlp,train,2022-01,country_de,country_372,0.0,0.6257386207580566
mlp,train,2022-02,country_de,country_372,0.0,0.5414860844612122
mlp,train,2022-03,country_de,country_372,0.0,0.5072450041770935
mlp,train,2022-04,country_de,country_372,0.0,0.5540847182273865
mlp,train,2022-05,country_de,country_372,0.0,0.5034003257751465
mlp,train,2022-06,country_de,country_372,0.0,0.6528480648994446
mlp,train,2022-07,country_de,country_372,0.0,0.5324234366416931
mlp,train,2022-08,country_de,country_372,0.0,0.461601585149765
mlp,train,2022-09,country_de,country_372,1.0,0.4826209247112274
mlp,train,2022-10,country_de,country_372,0.0,0.657557487487793
mlp,train,2022-11,country_de,country_372,0.0,0.5362687110900879
mlp,train,2022-12,country_de,country_372,1.0,0.5088621377944946
mlp,train,2021-12,country_de,country_380,0.0,0.46047377586364746
mlp,train,2022-01,country_de,country_380,0.0,0.4811552166938782
mlp,train,2022-02,country_de,country_380,0.0,0.5298817157745361
mlp,train,2022-03,country_de,country_380,0.0,0.47078874707221985
mlp,train,2022-04,country_de,country_380,0.0,0.5526424050331116
mlp,train,2022-05,country_de,country_380,0.0,0.4660867154598236
mlp,train,2022-06,country_de,country_380,0.0,0.37379470467567444
mlp,train,2022-07,country_de,country_380,0.0,0.4025856554508209
mlp,train,2022-08,country_de,country_380,0.0,0.5188276171684265
mlp,train,2022-09,country_de,country_380,0.0,0.45590484142303467
mlp,train,2022-10,country_de,country_380,0.0,0.4542308449745178
mlp,train,2022-11,country_de,country_380,0.0,0.48797401785850525
mlp,train,2022-12,country_de,country_380,0.0,0.5146976113319397
mlp,train,2021-12,country_de,country_cn,0.0,0.31716567277908325
mlp,train,2022-01,country_de,country_cn,0.0,0.37012532353401184
mlp,train,2022-02,country_de,country_cn,0.0,0.5544670820236206
mlp,train,2022-03,country_de,country_cn,0.0,0.3448566496372223
mlp,train,2022-04,country_de,country_cn,0.0,0.3741658329963684
mlp,train,2022-05,country_de,country_cn,0.0,0.3790883421897888
mlp,train,2022-06,country_de,country_cn,0.0,0.3303268551826477
mlp,train,2022-07,country_de,country_cn,0.0,0.3263876438140869
mlp,train,2022-08,country_de,country_cn,0.0,0.343193382024765
mlp,train,2022-09,country_de,country_cn,0.0,0.2930043637752533
mlp,train,2022-10,country_de,country_cn,0.0,0.3403400182723999
mlp,train,2022-11,country_de,country_cn,1.0,0.3778844177722931
mlp,train,2022-12,country_de,country_cn,0.0,0.31555256247520447
mlp,train,2021-12,country_de,country_fr,0.0,0.38799768686294556
mlp,train,2022-01,country_de,country_fr,1.0,0.3387538492679596
mlp,train,2022-02,country_de,country_fr,0.0,0.34127071499824524
mlp,train,2022-03,country_de,country_fr,0.0,0.32470306754112244
mlp,train,2022-04,country_de,country_fr,0.0,0.3148898482322693
mlp,train,2022-05,country_de,country_fr,0.0,0.3304954469203949
mlp,train,2022-06,country_de,country_fr,0.0,0.3386613428592682
mlp,train,2022-07,country_de,country_fr,0.0,0.35067620873451233
mlp,train,2022-08,country_de,country_fr,0.0,0.36145174503326416
mlp,train,2022-09,country_de,country_fr,0.0,0.37388119101524353
mlp,train,2022-10,country_de,country_fr,0.0,0.3862152695655823
mlp,train,2022-11,country_de,country_fr,0.0,0.3550797402858734
mlp,train,2022-12,country_de,country_fr,0.0,0.5446279048919678
mlp,train,2021-12,country_de,country_gb,1.0,0.39889317750930786
mlp,train,2022-01,country_de,country_gb,1.0,0.31076282262802124
mlp,train,2022-02,country_de,country_gb,1.0,0.2869710922241211
mlp,train,2022-03,country_de,country_gb,1.0,0.3490395247936249
mlp,train,2022-04,country_de,country_gb,1.0,0.3351059556007385
mlp,train,2022-05,country_de,country_gb,1.0,0.3985312581062317
mlp,train,2022-06,country_de,country_gb,1.0,0.3533397614955902
mlp,train,2022-07,country_de,country_gb,0.0,0.3954824209213257
mlp,train,2022-08,country_de,country_gb,0.0,0.3659578263759613
mlp,train,2022-09,country_de,country_gb,1.0,0.5452704429626465
mlp,train,2022-10,country_de,country_gb,0.0,0.5702982544898987
mlp,train,2022-11,country_de,country_gb,0.0,0.32176607847213745
mlp,train,2022-12,country_de,country_gb,0.0,0.32430022954940796
mlp,train,2021-12,country_de,country_in,0.0,0.4364059865474701
mlp,train,2022-01,country_de,country_in,0.0,0.3159206211566925
mlp,train,2022-02,country_de,country_in,0.0,0.31823888421058655
mlp,train,2022-03,country_de,country_in,0.0,0.2917400300502777
mlp,train,2022-04,country_de,country_in,0.0,0.41157999634742737
mlp,train,2022-05,country_de,country_in,0.0,0.6354098916053772
mlp,train,2022-06,country_de,country_in,0.0,0.6223952174186707
mlp,train,2022-07,country_de,country_in,0.0,0.34316349029541016
mlp,train,2022-08,country_de,country_in,0.0,0.3294631838798523
mlp,train,2022-09,country_de,country_in,0.0,0.3158835172653198
mlp,train,2022-10,country_de,country_in,0.0,0.5115480422973633
mlp,train,2022-11,country_de,country_in,0.0,0.53148353099823
mlp,train,2022-12,country_de,country_in,1.0,0.34667232632637024
mlp,train,2021-12,country_de,country_jp,0.0,0.3399885594844818
mlp,train,2022-01,country_de,country_jp,0.0,0.3766639530658722
mlp,train,2022-02,country_de,country_jp,0.0,0.46875616908073425
mlp,train,2022-03,country_de,country_jp,0.0,0.3529409170150757
mlp,train,2022-04,country_de,country_jp,0.0,0.3802186846733093
mlp,train,2022-05,country_de,country_jp,0.0,0.3296709954738617
mlp,train,2022-06,country_de,country_jp,0.0,0.35676145553588867
mlp,train,2022-07,country_de,country_jp,0.0,0.41163477301597595
mlp,train,2022-08,country_de,country_jp,0.0,0.3590676188468933
mlp,train,2022-09,country_de,country_jp,0.0,0.4096534550189972
mlp,train,2022-10,country_de,country_jp,0.0,0.34171241521835327
mlp,train,2022-11,country_de,country_jp,0.0,0.3445354700088501
mlp,train,2022-12,country_de,country_jp,0.0,0.40479546785354614
mlp,train,2021-12,country_de,country_kr,0.0,0.3536854386329651
mlp,train,2022-01,country_de,country_kr,0.0,0.48496487736701965
mlp,train,2022-02,country_de,country_kr,0.0,0.4283317029476166
mlp,train,2022-03,country_de,country_kr,0.0,0.34364834427833557
mlp,train,2022-04,country_de,country_kr,0.0,0.3194461166858673
mlp,train,2022-05,country_de,country_kr,0.0,0.3411867618560791
mlp,train,2022-06,country_de,country_kr,0.0,0.31793129444122314
mlp,train,2022-07,country_de,country_kr,0.0,0.30420511960983276
mlp,train,2022-08,country_de,country_kr,0.0,0.3666442036628723
mlp,train,2022-09,country_de,country_kr,1.0,0.3284009099006653
mlp,train,2022-10,country_de,country_kr,1.0,0.37805095314979553
mlp,train,2022-11,country_de,country_kr,1.0,0.5338419079780579
mlp,train,2022-12,country_de,country_kr,0.0,0.4129766821861267
mlp,train,2021-12,country_de,country_mx,0.0,0.3480049967765808
mlp,train,2022-01,country_de,country_mx,0.0,0.5512204170227051
mlp,train,2022-02,country_de,country_mx,0.0,0.3674869239330292
mlp,train,2022-03,country_de,country_mx,0.0,0.40330198407173157
mlp,train,2022-04,country_de,country_mx,0.0,0.35501253604888916
mlp,train,2022-05,country_de,country_mx,0.0,0.3939797878265381
mlp,train,2022-06,country_de,country_mx,0.0,0.34859418869018555
mlp,train,2022-07,country_de,country_mx,0.0,0.32963693141937256
mlp,train,2022-08,country_de,country_mx,0.0,0.34640055894851685
mlp,train,2022-09,country_de,country_mx,0.0,0.33200496435165405
mlp,train,2022-10,country_de,country_mx,0.0,0.37800726294517517
mlp,train,2022-11,country_de,country_mx,0.0,0.4340633749961853
mlp,train,2022-12,country_de,country_mx,0.0,0.5343886017799377
mlp,train,2021-12,country_de,country_my,0.0,0.35189729928970337
mlp,train,2022-01,country_de,country_my,1.0,0.4029228389263153
mlp,train,2022-02,country_de,country_my,0.0,0.4502791166305542
mlp,train,2022-03,country_de,country_my,0.0,0.32693466544151306
mlp,train,2022-04,country_de,country_my,0.0,0.3135574460029602
mlp,train,2022-05,country_de,country_my,0.0,0.379328191280365
mlp,train,2022-06,country_de,country_my,0.0,0.3227814733982086
mlp,train,2022-07,country_de,country_my,0.0,0.3582552969455719
mlp,train,2022-08,country_de,country_my,0.0,0.3341026306152344
mlp,train,2022-09,country_de,country_my,0.0,0.35541263222694397
mlp,train,2022-10,country_de,country_my,0.0,0.3919679522514343
mlp,train,2022-11,country_de,country_my,0.0,0.32455164194107056
mlp,train,2022-12,country_de,country_my,0.0,0.41118156909942627
mlp,train,2021-12,country_de,country_ph,0.0,0.3664625287055969
mlp,train,2022-01,country_de,country_ph,0.0,0.35262516140937805
mlp,train,2022-02,country_de,country_ph,0.0,0.4170467257499695
mlp,train,2022-03,country_de,country_ph,0.0,0.3611513078212738
mlp,train,2022-04,country_de,country_ph,0.0,0.40205979347229004
mlp,train,2022-05,country_de,country_ph,0.0,0.33958983421325684
mlp,train,2022-06,country_de,country_ph,0.0,0.33275318145751953
mlp,train,2022-07,country_de,country_ph,0.0,0.32304006814956665
mlp,train,2022-08,country_de,country_ph,1.0,0.3435402512550354
mlp,train,2022-09,country_de,country_ph,0.0,0.34960225224494934
mlp,train,2022-10,country_de,country_ph,0.0,0.3886477053165436
mlp,train,2022-11,country_de,country_ph,0.0,0.4236818253993988
mlp,train,2022-12,country_de,country_ph,0.0,0.4950614273548126
mlp,train,2021-12,country_de,country_sg,0.0,0.38720396161079407
mlp,train,2022-01,country_de,country_sg,0.0,0.31275084614753723
mlp,train,2022-02,country_de,country_sg,0.0,0.3975408375263214
mlp,train,2022-03,country_de,country_sg,0.0,0.3170132339000702
mlp,train,2022-04,country_de,country_sg,0.0,0.3394968509674072
mlp,train,2022-05,country_de,country_sg,0.0,0.34892284870147705
mlp,train,2022-06,country_de,country_sg,0.0,0.3377842903137207
mlp,train,2022-07,country_de,country_sg,0.0,0.32117876410484314
mlp,train,2022-08,country_de,country_sg,0.0,0.36261579394340515
mlp,train,2022-09,country_de,country_sg,0.0,0.5426348447799683
mlp,train,2022-10,country_de,country_sg,0.0,0.5527315735816956
mlp,train,2022-11,country_de,country_sg,0.0,0.348757266998291
mlp,train,2022-12,country_de,country_sg,0.0,0.3340190052986145
mlp,train,2021-12,country_de,country_th,0.0,0.3791557252407074
mlp,train,2022-01,country_de,country_th,0.0,0.32688164710998535
mlp,train,2022-02,country_de,country_th,0.0,0.4172314703464508
mlp,train,2022-03,country_de,country_th,0.0,0.34876716136932373
mlp,train,2022-04,country_de,country_th,0.0,0.36937910318374634
mlp,train,2022-05,country_de,country_th,0.0,0.34537479281425476
mlp,train,2022-06,country_de,country_th,0.0,0.3628060221672058
mlp,train,2022-07,country_de,country_th,0.0,0.33209550380706787
mlp,train,2022-08,country_de,country_th,0.0,0.3381725251674652
mlp,train,2022-09,country_de,country_th,0.0,0.38681697845458984
mlp,train,2022-10,country_de,country_th,0.0,0.4233660101890564
mlp,train,2022-11,country_de,country_th,0.0,0.4898833632469177
mlp,train,2022-12,country_de,country_th,0.0,0.40754392743110657
mlp,train,2021-12,country_de,country_us,0.0,0.3068336248397827
mlp,train,2022-01,country_de,country_us,0.0,0.3939535915851593
mlp,train,2022-02,country_de,country_us,0.0,0.36495229601860046
mlp,train,2022-03,country_de,country_us,0.0,0.28376805782318115
mlp,train,2022-04,country_de,country_us,0.0,0.3057447373867035
mlp,train,2022-05,country_de,country_us,0.0,0.30408555269241333
mlp,train,2022-06,country_de,country_us,0.0,0.3114038407802582
mlp,train,2022-07,country_de,country_us,0.0,0.39735984802246094
mlp,train,2022-08,country_de,country_us,0.0,0.3554978668689728
mlp,train,2022-09,country_de,country_us,0.0,0.29392820596694946
mlp,train,2022-10,country_de,country_us,0.0,0.2969871163368225
mlp,train,2022-11,country_de,country_us,0.0,0.3699970543384552
mlp,train,2022-12,country_de,country_us,0.0,0.3792230486869812
mlp,train,2021-12,country_de,country_vn,0.0,0.38945212960243225
mlp,train,2022-01,country_de,country_vn,0.0,0.4721556305885315
mlp,train,2022-02,country_de,country_vn,0.0,0.51368248462677
mlp,train,2022-03,country_de,country_vn,0.0,0.42484211921691895
mlp,train,2022-04,country_de,country_vn,0.0,0.3863084614276886
mlp,train,2022-05,country_de,country_vn,1.0,0.5639618039131165
mlp,train,2022-06,country_de,country_vn,0.0,0.563752293586731
mlp,train,2022-07,country_de,country_vn,1.0,0.425957053899765
mlp,train,2022-08,country_de,country_vn,1.0,0.4501848816871643
mlp,train,2022-09,country_de,country_vn,0.0,0.5087321400642395
mlp,train,2022-10,country_de,country_vn,0.0,0.5029969811439514
mlp,train,2022-11,country_de,country_vn,1.0,0.6480023860931396
mlp,train,2022-12,country_de,country_vn,1.0,0.5184133648872375
mlp,train,2021-12,country_fr,country_203,0.0,0.5619217157363892
mlp,train,2022-01,country_fr,country_203,0.0,0.6089226007461548
mlp,train,2022-02,country_fr,country_203,0.0,0.5938906669616699
mlp,train,2022-03,country_fr,country_203,0.0,0.5899274349212646
mlp,train,2022-04,country_fr,country_203,0.0,0.6299818754196167
mlp,train,2022-05,country_fr,country_203,0.0,0.6693224906921387
mlp,train,2022-06,country_fr,country_203,0.0,0.6086313128471375
mlp,train,2022-07,country_fr,country_203,0.0,0.6845756769180298
mlp,train,2022-08,country_fr,country_203,0.0,0.5586539506912231
mlp,train,2022-09,country_fr,country_203,0.0,0.5626837611198425
mlp,train,2022-10,country_fr,country_203,0.0,0.5860210657119751
mlp,train,2022-11,country_fr,country_203,0.0,0.5903358459472656
mlp,train,2022-12,country_fr,country_203,0.0,0.6441839337348938
mlp,train,2021-12,country_fr,country_344,0.0,0.512688934803009
mlp,train,2022-01,country_fr,country_344,0.0,0.5546879768371582
mlp,train,2022-02,country_fr,country_344,1.0,0.5877450108528137
mlp,train,2022-03,country_fr,country_344,1.0,0.5622167587280273
mlp,train,2022-04,country_fr,country_344,0.0,0.5560756921768188
mlp,train,2022-05,country_fr,country_344,0.0,0.5345674753189087
mlp,train,2022-06,country_fr,country_344,0.0,0.5278750061988831
mlp,train,2022-07,country_fr,country_344,0.0,0.5620531439781189
mlp,train,2022-08,country_fr,country_344,0.0,0.5984455943107605
mlp,train,2022-09,country_fr,country_344,0.0,0.5260241031646729
mlp,train,2022-10,country_fr,country_344,0.0,0.5978664755821228
mlp,train,2022-11,country_fr,country_344,0.0,0.5688741207122803
mlp,train,2022-12,country_fr,country_344,1.0,0.6024346947669983
mlp,train,2021-12,country_fr,country_372,1.0,0.7929549813270569
mlp,train,2022-01,country_fr,country_372,0.0,0.7082903385162354
mlp,train,2022-02,country_fr,country_372,0.0,0.6340903043746948
mlp,train,2022-03,country_fr,country_372,0.0,0.6174671053886414
mlp,train,2022-04,country_fr,country_372,0.0,0.6395293474197388
mlp,train,2022-05,country_fr,country_372,0.0,0.5801374912261963
mlp,train,2022-06,country_fr,country_372,0.0,0.6982777714729309
mlp,train,2022-07,country_fr,country_372,0.0,0.5827119946479797
mlp,train,2022-08,country_fr,country_372,0.0,0.5316302180290222
mlp,train,2022-09,country_fr,country_372,0.0,0.6123813390731812
mlp,train,2022-10,country_fr,country_372,0.0,0.7201269865036011
mlp,train,2022-11,country_fr,country_372,0.0,0.5550664663314819
mlp,train,2022-12,country_fr,country_372,0.0,0.6737731099128723
mlp,train,2021-12,country_fr,country_380,0.0,0.4923265874385834
mlp,train,2022-01,country_fr,country_380,0.0,0.49386271834373474
mlp,train,2022-02,country_fr,country_380,0.0,0.5528644323348999
mlp,train,2022-03,country_fr,country_380,0.0,0.4903157353401184
mlp,train,2022-04,country_fr,country_380,0.0,0.5810809135437012
mlp,train,2022-05,country_fr,country_380,0.0,0.4798172116279602
mlp,train,2022-06,country_fr,country_380,0.0,0.38743099570274353
mlp,train,2022-07,country_fr,country_380,0.0,0.44208207726478577
mlp,train,2022-08,country_fr,country_380,0.0,0.5556496977806091
mlp,train,2022-09,country_fr,country_380,0.0,0.496377557516098
mlp,train,2022-10,country_fr,country_380,0.0,0.4834638237953186
mlp,train,2022-11,country_fr,country_380,0.0,0.5087435245513916
mlp,train,2022-12,country_fr,country_380,0.0,0.6095807552337646
mlp,train,2021-12,country_fr,country_cn,0.0,0.3467254042625427
mlp,train,2022-01,country_fr,country_cn,1.0,0.38275572657585144
mlp,train,2022-02,country_fr,country_cn,0.0,0.5775929093360901
mlp,train,2022-03,country_fr,country_cn,0.0,0.3629061281681061
mlp,train,2022-04,country_fr,country_cn,0.0,0.3899524509906769
mlp,train,2022-05,country_fr,country_cn,0.0,0.4026525914669037
mlp,train,2022-06,country_fr,country_cn,0.0,0.33990851044654846
mlp,train,2022-07,country_fr,country_cn,0.0,0.33849087357521057
mlp,train,2022-08,country_fr,country_cn,0.0,0.3714473843574524
mlp,train,2022-09,country_fr,country_cn,0.0,0.33113399147987366
mlp,train,2022-10,country_fr,country_cn,0.0,0.381896048784256
mlp,train,2022-11,country_fr,country_cn,0.0,0.4097525477409363
mlp,train,2022-12,country_fr,country_cn,1.0,0.49614188075065613
mlp,train,2021-12,country_fr,country_de,0.0,0.3388366103172302
mlp,train,2022-01,country_fr,country_de,0.0,0.35465747117996216
mlp,train,2022-02,country_fr,country_de,0.0,0.3357411324977875
mlp,train,2022-03,country_fr,country_de,0.0,0.3284769654273987
mlp,train,2022-04,country_fr,country_de,0.0,0.33518338203430176
mlp,train,2022-05,country_fr,country_de,0.0,0.3313388228416443
mlp,train,2022-06,country_fr,country_de,0.0,0.31728118658065796
mlp,train,2022-07,country_fr,country_de,0.0,0.3279123306274414
mlp,train,2022-08,country_fr,country_de,0.0,0.3231804668903351
mlp,train,2022-09,country_fr,country_de,0.0,0.3572289049625397
mlp,train,2022-10,country_fr,country_de,0.0,0.3645436763763428
mlp,train,2022-11,country_fr,country_de,0.0,0.3289651870727539
mlp,train,2022-12,country_fr,country_de,1.0,0.5054330825805664
mlp,train,2021-12,country_fr,country_gb,1.0,0.49929800629615784
mlp,train,2022-01,country_fr,country_gb,1.0,0.3400570750236511
mlp,train,2022-02,country_fr,country_gb,1.0,0.31375423073768616
mlp,train,2022-03,country_fr,country_gb,1.0,0.3807583153247833
mlp,train,2022-04,country_fr,country_gb,1.0,0.37355002760887146
mlp,train,2022-05,country_fr,country_gb,0.0,0.43256130814552307
mlp,train,2022-06,country_fr,country_gb,1.0,0.3519419729709625
mlp,train,2022-07,country_fr,country_gb,1.0,0.4142830967903137
mlp,train,2022-08,country_fr,country_gb,0.0,0.41343870759010315
mlp,train,2022-09,country_fr,country_gb,1.0,0.5977792739868164
mlp,train,2022-10,country_fr,country_gb,0.0,0.6075664758682251
mlp,train,2022-11,country_fr,country_gb,0.0,0.3372384011745453
mlp,train,2022-12,country_fr,country_gb,0.0,0.5121974349021912
mlp,train,2021-12,country_fr,country_in,0.0,0.5725888609886169
mlp,train,2022-01,country_fr,country_in,0.0,0.37661007046699524
mlp,train,2022-02,country_fr,country_in,0.0,0.3752721846103668
mlp,train,2022-03,country_fr,country_in,0.0,0.37750861048698425
mlp,train,2022-04,country_fr,country_in,0.0,0.5076027512550354
mlp,train,2022-05,country_fr,country_in,1.0,0.676912784576416
mlp,train,2022-06,country_fr,country_in,0.0,0.6955483555793762
mlp,train,2022-07,country_fr,country_in,0.0,0.4139266610145569
mlp,train,2022-08,country_fr,country_in,0.0,0.3621760308742523
mlp,train,2022-09,country_fr,country_in,0.0,0.35986411571502686
mlp,train,2022-10,country_fr,country_in,0.0,0.575637698173523
mlp,train,2022-11,country_fr,country_in,0.0,0.6237391829490662
mlp,train,2022-12,country_fr,country_in,0.0,0.5705223679542542
mlp,train,2021-12,country_fr,country_jp,0.0,0.38021206855773926
mlp,train,2022-01,country_fr,country_jp,0.0,0.40162283182144165
mlp,train,2022-02,country_fr,country_jp,0.0,0.5187795758247375
mlp,train,2022-03,country_fr,country_jp,0.0,0.38791903853416443
mlp,train,2022-04,country_fr,country_jp,0.0,0.42787712812423706
mlp,train,2022-05,country_fr,country_jp,0.0,0.3632901608943939
mlp,train,2022-06,country_fr,country_jp,0.0,0.37267157435417175
mlp,train,2022-07,country_fr,country_jp,0.0,0.46532586216926575
mlp,train,2022-08,country_fr,country_jp,0.0,0.39921897649765015
mlp,train,2022-09,country_fr,country_jp,0.0,0.5004091262817383
mlp,train,2022-10,country_fr,country_jp,0.0,0.3923017978668213
mlp,train,2022-11,country_fr,country_jp,0.0,0.37283021211624146
mlp,train,2022-12,country_fr,country_jp,0.0,0.602348268032074
mlp,train,2021-12,country_fr,country_kr,0.0,0.38637807965278625
mlp,train,2022-01,country_fr,country_kr,0.0,0.48187848925590515
mlp,train,2022-02,country_fr,country_kr,0.0,0.4386504292488098
mlp,train,2022-03,country_fr,country_kr,1.0,0.3564598560333252
mlp,train,2022-04,country_fr,country_kr,1.0,0.3420359492301941
mlp,train,2022-05,country_fr,country_kr,0.0,0.36684802174568176
mlp,train,2022-06,country_fr,country_kr,0.0,0.3257230818271637
mlp,train,2022-07,country_fr,country_kr,0.0,0.31375256180763245
mlp,train,2022-08,country_fr,country_kr,0.0,0.3816312253475189
mlp,train,2022-09,country_fr,country_kr,0.0,0.3589865565299988
mlp,train,2022-10,country_fr,country_kr,0.0,0.4059756398200989
mlp,train,2022-11,country_fr,country_kr,0.0,0.5526101589202881
mlp,train,2022-12,country_fr,country_kr,0.0,0.5984012484550476
mlp,train,2021-12,country_fr,country_mx,0.0,0.4269397556781769
mlp,train,2022-01,country_fr,country_mx,1.0,0.6100889444351196
mlp,train,2022-02,country_fr,country_mx,1.0,0.4782871901988983
mlp,train,2022-03,country_fr,country_mx,0.0,0.5510959029197693
mlp,train,2022-04,country_fr,country_mx,0.0,0.45553937554359436
mlp,train,2022-05,country_fr,country_mx,0.0,0.5035253167152405
mlp,train,2022-06,country_fr,country_mx,0.0,0.4241313934326172
mlp,train,2022-07,country_fr,country_mx,1.0,0.4005345404148102
mlp,train,2022-08,country_fr,country_mx,0.0,0.4786168336868286
mlp,train,2022-09,country_fr,country_mx,0.0,0.4200253188610077
mlp,train,2022-10,country_fr,country_mx,0.0,0.4785209000110626
mlp,train,2022-11,country_fr,country_mx,1.0,0.5180821418762207
mlp,train,2022-12,country_fr,country_mx,0.0,0.7345426678657532
mlp,train,2021-12,country_fr,country_my,0.0,0.41914331912994385
mlp,train,2022-01,country_fr,country_my,0.0,0.46919772028923035
mlp,train,2022-02,country_fr,country_my,0.0,0.4995872676372528
mlp,train,2022-03,country_fr,country_my,0.0,0.3670148551464081
mlp,train,2022-04,country_fr,country_my,0.0,0.3637787401676178
mlp,train,2022-05,country_fr,country_my,0.0,0.45085427165031433
mlp,train,2022-06,country_fr,country_my,0.0,0.34372445940971375
mlp,train,2022-07,country_fr,country_my,0.0,0.39038923382759094
mlp,train,2022-08,country_fr,country_my,0.0,0.37885841727256775
mlp,train,2022-09,country_fr,country_my,0.0,0.43588724732398987
mlp,train,2022-10,country_fr,country_my,0.0,0.4547922611236572
mlp,train,2022-11,country_fr,country_my,0.0,0.3709130883216858
mlp,train,2022-12,country_fr,country_my,0.0,0.6149415373802185
mlp,train,2021-12,country_fr,country_ph,0.0,0.4365359842777252
mlp,train,2022-01,country_fr,country_ph,0.0,0.3692222833633423
mlp,train,2022-02,country_fr,country_ph,0.0,0.4643138647079468
mlp,train,2022-03,country_fr,country_ph,0.0,0.40316087007522583
mlp,train,2022-04,country_fr,country_ph,0.0,0.44823774695396423
mlp,train,2022-05,country_fr,country_ph,0.0,0.36870843172073364
mlp,train,2022-06,country_fr,country_ph,0.0,0.3528609871864319
mlp,train,2022-07,country_fr,country_ph,0.0,0.3505629301071167
mlp,train,2022-08,country_fr,country_ph,0.0,0.38440707325935364
mlp,train,2022-09,country_fr,country_ph,0.0,0.41319361329078674
mlp,train,2022-10,country_fr,country_ph,0.0,0.4570581614971161
mlp,train,2022-11,country_fr,country_ph,0.0,0.48043376207351685
mlp,train,2022-12,country_fr,country_ph,0.0,0.6482446193695068
mlp,train,2021-12,country_fr,country_sg,0.0,0.4179491400718689
mlp,train,2022-01,country_fr,country_sg,0.0,0.3135044276714325
mlp,train,2022-02,country_fr,country_sg,0.0,0.40150776505470276
mlp,train,2022-03,country_fr,country_sg,0.0,0.32838234305381775
mlp,train,2022-04,country_fr,country_sg,0.0,0.35999467968940735
mlp,train,2022-05,country_fr,country_sg,0.0,0.359742671251297
mlp,train,2022-06,country_fr,country_sg,0.0,0.33212873339653015
mlp,train,2022-07,country_fr,country_sg,0.0,0.3210977017879486
mlp,train,2022-08,country_fr,country_sg,0.0,0.3704911768436432
mlp,train,2022-09,country_fr,country_sg,0.0,0.5639822483062744
mlp,train,2022-10,country_fr,country_sg,0.0,0.5690549612045288
mlp,train,2022-11,country_fr,country_sg,0.0,0.3535311222076416
mlp,train,2022-12,country_fr,country_sg,0.0,0.47565048933029175
mlp,train,2021-12,country_fr,country_th,0.0,0.47131291031837463
mlp,train,2022-01,country_fr,country_th,0.0,0.35280928015708923
mlp,train,2022-02,country_fr,country_th,0.0,0.4562321901321411
mlp,train,2022-03,country_fr,country_th,0.0,0.40401995182037354
mlp,train,2022-04,country_fr,country_th,0.0,0.4271332919597626
mlp,train,2022-05,country_fr,country_th,0.0,0.36529654264450073
mlp,train,2022-06,country_fr,country_th,0.0,0.38772034645080566
mlp,train,2022-07,country_fr,country_th,0.0,0.3688623011112213
mlp,train,2022-08,country_fr,country_th,0.0,0.36610129475593567
mlp,train,2022-09,country_fr,country_th,0.0,0.47139352560043335
mlp,train,2022-10,country_fr,country_th,1.0,0.50784832239151
mlp,train,2022-11,country_fr,country_th,1.0,0.5802081823348999
mlp,train,2022-12,country_fr,country_th,1.0,0.6504262089729309
mlp,train,2021-12,country_fr,country_us,0.0,0.3530067503452301
mlp,train,2022-01,country_fr,country_us,0.0,0.42035430669784546
mlp,train,2022-02,country_fr,country_us,0.0,0.39835214614868164
mlp,train,2022-03,country_fr,country_us,0.0,0.314776211977005
mlp,train,2022-04,country_fr,country_us,0.0,0.34126779437065125
mlp,train,2022-05,country_fr,country_us,0.0,0.3350035548210144
mlp,train,2022-06,country_fr,country_us,0.0,0.3426113724708557
mlp,train,2022-07,country_fr,country_us,0.0,0.43574848771095276
mlp,train,2022-08,country_fr,country_us,0.0,0.4009043574333191
mlp,train,2022-09,country_fr,country_us,0.0,0.34381648898124695
mlp,train,2022-10,country_fr,country_us,0.0,0.3449563980102539
mlp,train,2022-11,country_fr,country_us,0.0,0.4135638177394867
mlp,train,2022-12,country_fr,country_us,0.0,0.5578445196151733
mlp,train,2021-12,country_fr,country_vn,0.0,0.5117753148078918
mlp,train,2022-01,country_fr,country_vn,1.0,0.575033962726593
mlp,train,2022-02,country_fr,country_vn,0.0,0.5819972157478333
mlp,train,2022-03,country_fr,country_vn,1.0,0.56236332654953
mlp,train,2022-04,country_fr,country_vn,0.0,0.6334806084632874
mlp,train,2022-05,country_fr,country_vn,0.0,0.6573674082756042
mlp,train,2022-06,country_fr,country_vn,0.0,0.6412900686264038
mlp,train,2022-07,country_fr,country_vn,0.0,0.6133217215538025
mlp,train,2022-08,country_fr,country_vn,0.0,0.536012589931488
mlp,train,2022-09,country_fr,country_vn,0.0,0.6370378732681274
mlp,train,2022-10,country_fr,country_vn,1.0,0.6433994770050049
mlp,train,2022-11,country_fr,country_vn,0.0,0.7354949116706848
mlp,train,2022-12,country_fr,country_vn,0.0,0.7084802389144897
mlp,train,2021-12,country_gb,country_203,0.0,0.6242719292640686
mlp,train,2022-01,country_gb,country_203,0.0,0.6378044486045837
mlp,train,2022-02,country_gb,country_203,0.0,0.6451321840286255
mlp,train,2022-03,country_gb,country_203,0.0,0.6038700938224792
mlp,train,2022-04,country_gb,country_203,0.0,0.6399527192115784
mlp,train,2022-05,country_gb,country_203,0.0,0.6475078463554382
mlp,train,2022-06,country_gb,country_203,1.0,0.5788860321044922
mlp,train,2022-07,country_gb,country_203,0.0,0.7026721239089966
mlp,train,2022-08,country_gb,country_203,0.0,0.6101044416427612
mlp,train,2022-09,country_gb,country_203,0.0,0.6251701712608337
mlp,train,2022-10,country_gb,country_203,0.0,0.6414783000946045
mlp,train,2022-11,country_gb,country_203,0.0,0.6047505736351013
mlp,train,2022-12,country_gb,country_203,0.0,0.583419144153595
mlp,train,2021-12,country_gb,country_344,0.0,0.5599321722984314
mlp,train,2022-01,country_gb,country_344,0.0,0.6119629144668579
mlp,train,2022-02,country_gb,country_344,0.0,0.648459255695343
mlp,train,2022-03,country_gb,country_344,0.0,0.5447139143943787
mlp,train,2022-04,country_gb,country_344,0.0,0.5480867028236389
mlp,train,2022-05,country_gb,country_344,0.0,0.5440832376480103
mlp,train,2022-06,country_gb,country_344,0.0,0.5341019630432129
mlp,train,2022-07,country_gb,country_344,0.0,0.5794755816459656
mlp,train,2022-08,country_gb,country_344,0.0,0.6112818121910095
mlp,train,2022-09,country_gb,country_344,0.0,0.6076646447181702
mlp,train,2022-10,country_gb,country_344,0.0,0.6752840280532837
mlp,train,2022-11,country_gb,country_344,0.0,0.5910728573799133
mlp,train,2022-12,country_gb,country_344,1.0,0.5442545413970947
mlp,train,2021-12,country_gb,country_372,0.0,0.7452215552330017
mlp,train,2022-01,country_gb,country_372,0.0,0.6021155118942261
mlp,train,2022-02,country_gb,country_372,0.0,0.5868377089500427
mlp,train,2022-03,country_gb,country_372,1.0,0.4211944341659546
mlp,train,2022-04,country_gb,country_372,0.0,0.6212636828422546
mlp,train,2022-05,country_gb,country_372,1.0,0.44262948632240295
mlp,train,2022-06,country_gb,country_372,1.0,0.6383203864097595
mlp,train,2022-07,country_gb,country_372,1.0,0.6156627535820007
mlp,train,2022-08,country_gb,country_372,1.0,0.5724313259124756
mlp,train,2022-09,country_gb,country_372,1.0,0.6470905542373657
mlp,train,2022-10,country_gb,country_372,1.0,0.7443885803222656
mlp,train,2022-11,country_gb,country_372,0.0,0.6007350087165833
mlp,train,2022-12,country_gb,country_372,1.0,0.5472372174263
mlp,train,2021-12,country_gb,country_380,0.0,0.6229454278945923
mlp,train,2022-01,country_gb,country_380,0.0,0.6438917517662048
mlp,train,2022-02,country_gb,country_380,0.0,0.6690362691879272
mlp,train,2022-03,country_gb,country_380,1.0,0.614374577999115
mlp,train,2022-04,country_gb,country_380,1.0,0.6951939463615417
mlp,train,2022-05,country_gb,country_380,0.0,0.6377589106559753
mlp,train,2022-06,country_gb,country_380,0.0,0.5246832966804504
mlp,train,2022-07,country_gb,country_380,1.0,0.5674638152122498
mlp,train,2022-08,country_gb,country_380,1.0,0.6736263632774353
mlp,train,2022-09,country_gb,country_380,1.0,0.657626748085022
mlp,train,2022-10,country_gb,country_380,0.0,0.6679538488388062
mlp,train,2022-11,country_gb,country_380,0.0,0.6296995282173157
mlp,train,2022-12,country_gb,country_380,0.0,0.6420347094535828
mlp,train,2021-12,country_gb,country_cn,0.0,0.43092045187950134
mlp,train,2022-01,country_gb,country_cn,1.0,0.4634298086166382
mlp,train,2022-02,country_gb,country_cn,0.0,0.607047975063324
mlp,train,2022-03,country_gb,country_cn,0.0,0.39753156900405884
mlp,train,2022-04,country_gb,country_cn,0.0,0.4467985928058624
mlp,train,2022-05,country_gb,country_cn,0.0,0.5002515316009521
mlp,train,2022-06,country_gb,country_cn,0.0,0.3881947100162506
mlp,train,2022-07,country_gb,country_cn,0.0,0.39077064394950867
mlp,train,2022-08,country_gb,country_cn,0.0,0.3911980986595154
mlp,train,2022-09,country_gb,country_cn,0.0,0.5078644752502441
mlp,train,2022-10,country_gb,country_cn,0.0,0.5847144722938538
mlp,train,2022-11,country_gb,country_cn,0.0,0.43815475702285767
mlp,train,2022-12,country_gb,country_cn,0.0,0.3737204372882843
mlp,train,2021-12,country_gb,country_de,0.0,0.42218196392059326
mlp,train,2022-01,country_gb,country_de,0.0,0.4402443468570709
mlp,train,2022-02,country_gb,country_de,0.0,0.46087080240249634
mlp,train,2022-03,country_gb,country_de,0.0,0.3670552670955658
mlp,train,2022-04,country_gb,country_de,0.0,0.3852387070655823
mlp,train,2022-05,country_gb,country_de,0.0,0.3867424726486206
mlp,train,2022-06,country_gb,country_de,0.0,0.37024393677711487
mlp,train,2022-07,country_gb,country_de,0.0,0.38590434193611145
mlp,train,2022-08,country_gb,country_de,0.0,0.3573789596557617
mlp,train,2022-09,country_gb,country_de,0.0,0.5590041875839233
mlp,train,2022-10,country_gb,country_de,0.0,0.5759587287902832
mlp,train,2022-11,country_gb,country_de,1.0,0.4049679934978485
mlp,train,2022-12,country_gb,country_de,0.0,0.421735554933548
mlp,train,2021-12,country_gb,country_fr,0.0,0.5689369440078735
mlp,train,2022-01,country_gb,country_fr,0.0,0.44769126176834106
mlp,train,2022-02,country_gb,country_fr,0.0,0.4737049639225006
mlp,train,2022-03,country_gb,country_fr,1.0,0.40017226338386536
mlp,train,2022-04,country_gb,country_fr,0.0,0.40757042169570923
mlp,train,2022-05,country_gb,country_fr,0.0,0.42524170875549316
mlp,train,2022-06,country_gb,country_fr,0.0,0.3930937945842743
mlp,train,2022-07,country_gb,country_fr,1.0,0.43791189789772034
mlp,train,2022-08,country_gb,country_fr,0.0,0.43656405806541443
mlp,train,2022-09,country_gb,country_fr,0.0,0.6228420734405518
mlp,train,2022-10,country_gb,country_fr,0.0,0.6277078986167908
mlp,train,2022-11,country_gb,country_fr,0.0,0.462321937084198
mlp,train,2022-12,country_gb,country_fr,0.0,0.5873367786407471
mlp,train,2021-12,country_gb,country_in,0.0,0.5895636677742004
mlp,train,2022-01,country_gb,country_in,0.0,0.41074123978614807
mlp,train,2022-02,country_gb,country_in,0.0,0.4844873547554016
mlp,train,2022-03,country_gb,country_in,0.0,0.2993987798690796
mlp,train,2022-04,country_gb,country_in,0.0,0.4402318298816681
mlp,train,2022-05,country_gb,country_in,0.0,0.666692852973938
mlp,train,2022-06,country_gb,country_in,0.0,0.6508887410163879
mlp,train,2022-07,country_gb,country_in,0.0,0.37910524010658264
mlp,train,2022-08,country_gb,country_in,0.0,0.34599560499191284
mlp,train,2022-09,country_gb,country_in,0.0,0.5047970414161682
mlp,train,2022-10,country_gb,country_in,0.0,0.6679012775421143
mlp,train,2022-11,country_gb,country_in,0.0,0.5533057451248169
mlp,train,2022-12,country_gb,country_in,1.0,0.3822609484195709
mlp,train,2021-12,country_gb,country_jp,0.0,0.4821266829967499
mlp,train,2022-01,country_gb,country_jp,0.0,0.507354736328125
mlp,train,2022-02,country_gb,country_jp,0.0,0.601793110370636
mlp,train,2022-03,country_gb,country_jp,0.0,0.427139550447464
mlp,train,2022-04,country_gb,country_jp,0.0,0.4820961356163025
mlp,train,2022-05,country_gb,country_jp,0.0,0.4180070757865906
mlp,train,2022-06,country_gb,country_jp,0.0,0.45303696393966675
mlp,train,2022-07,country_gb,country_jp,0.0,0.5386627316474915
mlp,train,2022-08,country_gb,country_jp,0.0,0.426598459482193
mlp,train,2022-09,country_gb,country_jp,0.0,0.6281816959381104
mlp,train,2022-10,country_gb,country_jp,0.0,0.5826196074485779
mlp,train,2022-11,country_gb,country_jp,0.0,0.43738529086112976
mlp,train,2022-12,country_gb,country_jp,0.0,0.4799642562866211
mlp,train,2021-12,country_gb,country_kr,0.0,0.5205917358398438
mlp,train,2022-01,country_gb,country_kr,0.0,0.6137213706970215
mlp,train,2022-02,country_gb,country_kr,0.0,0.6334559917449951
mlp,train,2022-03,country_gb,country_kr,0.0,0.49309587478637695
mlp,train,2022-04,country_gb,country_kr,0.0,0.4548894762992859
mlp,train,2022-05,country_gb,country_kr,1.0,0.5077192187309265
mlp,train,2022-06,country_gb,country_kr,0.0,0.46956512331962585
mlp,train,2022-07,country_gb,country_kr,0.0,0.44539791345596313
mlp,train,2022-08,country_gb,country_kr,0.0,0.5199938416481018
mlp,train,2022-09,country_gb,country_kr,1.0,0.6255483031272888
mlp,train,2022-10,country_gb,country_kr,1.0,0.6744993925094604
mlp,train,2022-11,country_gb,country_kr,0.0,0.6299105286598206
mlp,train,2022-12,country_gb,country_kr,1.0,0.5185065269470215
mlp,train,2021-12,country_gb,country_mx,0.0,0.4767061173915863
mlp,train,2022-01,country_gb,country_mx,0.0,0.6588628888130188
mlp,train,2022-02,country_gb,country_mx,0.0,0.6133731603622437
mlp,train,2022-03,country_gb,country_mx,0.0,0.5206901431083679
mlp,train,2022-04,country_gb,country_mx,0.0,0.4917319715023041
mlp,train,2022-05,country_gb,country_mx,0.0,0.5359985828399658
mlp,train,2022-06,country_gb,country_mx,0.0,0.4717261493206024
mlp,train,2022-07,country_gb,country_mx,0.0,0.46768710017204285
mlp,train,2022-08,country_gb,country_mx,0.0,0.4736807644367218
mlp,train,2022-09,country_gb,country_mx,0.0,0.6552716493606567
mlp,train,2022-10,country_gb,country_mx,0.0,0.674516499042511
mlp,train,2022-11,country_gb,country_mx,0.0,0.5923200249671936
mlp,train,2022-12,country_gb,country_mx,0.0,0.6406819224357605
mlp,train,2021-12,country_gb,country_my,0.0,0.5041442513465881
mlp,train,2022-01,country_gb,country_my,0.0,0.5805408954620361
mlp,train,2022-02,country_gb,country_my,0.0,0.5937342047691345
mlp,train,2022-03,country_gb,country_my,0.0,0.45329606533050537
mlp,train,2022-04,country_gb,country_my,0.0,0.38600075244903564
mlp,train,2022-05,country_gb,country_my,0.0,0.42689064145088196
mlp,train,2022-06,country_gb,country_my,0.0,0.43686652183532715
mlp,train,2022-07,country_gb,country_my,0.0,0.44710102677345276
mlp,train,2022-08,country_gb,country_my,0.0,0.3866714537143707
mlp,train,2022-09,country_gb,country_my,0.0,0.6063087582588196
mlp,train,2022-10,country_gb,country_my,0.0,0.593086838722229
mlp,train,2022-11,country_gb,country_my,0.0,0.40044283866882324
mlp,train,2022-12,country_gb,country_my,1.0,0.4842950403690338
mlp,train,2021-12,country_gb,country_ph,0.0,0.4828175902366638
mlp,train,2022-01,country_gb,country_ph,0.0,0.4417808949947357
mlp,train,2022-02,country_gb,country_ph,0.0,0.5459905862808228
mlp,train,2022-03,country_gb,country_ph,0.0,0.3993628919124603
mlp,train,2022-04,country_gb,country_ph,0.0,0.45123031735420227
mlp,train,2022-05,country_gb,country_ph,0.0,0.39279431104660034
mlp,train,2022-06,country_gb,country_ph,0.0,0.3857952356338501
mlp,train,2022-07,country_gb,country_ph,0.0,0.34725573658943176
mlp,train,2022-08,country_gb,country_ph,0.0,0.3529737591743469
mlp,train,2022-09,country_gb,country_ph,0.0,0.5404109358787537
mlp,train,2022-10,country_gb,country_ph,0.0,0.5543656945228577
mlp,train,2022-11,country_gb,country_ph,0.0,0.4492279589176178
mlp,train,2022-12,country_gb,country_ph,0.0,0.4970746636390686
mlp,train,2021-12,country_gb,country_sg,1.0,0.5285824537277222
mlp,train,2022-01,country_gb,country_sg,1.0,0.46466878056526184
mlp,train,2022-02,country_gb,country_sg,0.0,0.6013358235359192
mlp,train,2022-03,country_gb,country_sg,0.0,0.4105866253376007
mlp,train,2022-04,country_gb,country_sg,1.0,0.44991618394851685
mlp,train,2022-05,country_gb,country_sg,1.0,0.519163191318512
mlp,train,2022-06,country_gb,country_sg,0.0,0.463266521692276
mlp,train,2022-07,country_gb,country_sg,1.0,0.4197564721107483
mlp,train,2022-08,country_gb,country_sg,0.0,0.47185373306274414
mlp,train,2022-09,country_gb,country_sg,0.0,0.6903220415115356
mlp,train,2022-10,country_gb,country_sg,0.0,0.6954236626625061
mlp,train,2022-11,country_gb,country_sg,0.0,0.46466323733329773
mlp,train,2022-12,country_gb,country_sg,1.0,0.4387928247451782
mlp,train,2021-12,country_gb,country_th,0.0,0.47311675548553467
mlp,train,2022-01,country_gb,country_th,0.0,0.39394259452819824
mlp,train,2022-02,country_gb,country_th,0.0,0.489533394575119
mlp,train,2022-03,country_gb,country_th,0.0,0.3528529107570648
mlp,train,2022-04,country_gb,country_th,0.0,0.38228583335876465
mlp,train,2022-05,country_gb,country_th,0.0,0.36591705679893494
mlp,train,2022-06,country_gb,country_th,0.0,0.37064996361732483
mlp,train,2022-07,country_gb,country_th,0.0,0.33720672130584717
mlp,train,2022-08,country_gb,country_th,1.0,0.3342400789260864
mlp,train,2022-09,country_gb,country_th,1.0,0.5954154133796692
mlp,train,2022-10,country_gb,country_th,1.0,0.6303791999816895
mlp,train,2022-11,country_gb,country_th,1.0,0.5228378772735596
mlp,train,2022-12,country_gb,country_th,0.0,0.40337464213371277
mlp,train,2021-12,country_gb,country_us,0.0,0.37004703283309937
mlp,train,2022-01,country_gb,country_us,0.0,0.4564639627933502
mlp,train,2022-02,country_gb,country_us,0.0,0.4357881546020508
mlp,train,2022-03,country_gb,country_us,0.0,0.3054386377334595
mlp,train,2022-04,country_gb,country_us,0.0,0.32660427689552307
mlp,train,2022-05,country_gb,country_us,0.0,0.3429861068725586
mlp,train,2022-06,country_gb,country_us,0.0,0.33936363458633423
mlp,train,2022-07,country_gb,country_us,0.0,0.42628082633018494
mlp,train,2022-08,country_gb,country_us,0.0,0.379413902759552
mlp,train,2022-09,country_gb,country_us,0.0,0.4352571368217468
mlp,train,2022-10,country_gb,country_us,0.0,0.4498194754123688
mlp,train,2022-11,country_gb,country_us,0.0,0.41313138604164124
mlp,train,2022-12,country_gb,country_us,0.0,0.4061240255832672
mlp,train,2021-12,country_gb,country_vn,1.0,0.647947371006012
mlp,train,2022-01,country_gb,country_vn,1.0,0.7263665199279785
mlp,train,2022-02,country_gb,country_vn,1.0,0.7745760679244995
mlp,train,2022-03,country_gb,country_vn,1.0,0.7118668556213379
mlp,train,2022-04,country_gb,country_vn,1.0,0.7326496243476868
mlp,train,2022-05,country_gb,country_vn,1.0,0.751039981842041
mlp,train,2022-06,country_gb,country_vn,0.0,0.7338595986366272
mlp,train,2022-07,country_gb,country_vn,1.0,0.7195451259613037
mlp,train,2022-08,country_gb,country_vn,1.0,0.694500744342804
mlp,train,2022-09,country_gb,country_vn,1.0,0.7566701769828796
mlp,train,2022-10,country_gb,country_vn,0.0,0.7844430208206177
mlp,train,2022-11,country_gb,country_vn,0.0,0.7670423984527588
mlp,train,2022-12,country_gb,country_vn,0.0,0.7434825897216797
mlp,train,2021-12,country_in,country_203,0.0,0.726274311542511
mlp,train,2022-01,country_in,country_203,0.0,0.7261243462562561
mlp,train,2022-02,country_in,country_203,0.0,0.732818067073822
mlp,train,2022-03,country_in,country_203,0.0,0.7507786750793457
mlp,train,2022-04,country_in,country_203,0.0,0.7038969397544861
mlp,train,2022-05,country_in,country_203,0.0,0.818975031375885
mlp,train,2022-06,country_in,country_203,1.0,0.7898831367492676
mlp,train,2022-07,country_in,country_203,1.0,0.7964221239089966
mlp,train,2022-08,country_in,country_203,1.0,0.7540155053138733
mlp,train,2022-09,country_in,country_203,1.0,0.7438361644744873
mlp,train,2022-10,country_in,country_203,1.0,0.7668208479881287
mlp,train,2022-11,country_in,country_203,1.0,0.7554618716239929
mlp,train,2022-12,country_in,country_203,1.0,0.7302429676055908
mlp,train,2021-12,country_in,country_344,0.0,0.5847670435905457
mlp,train,2022-01,country_in,country_344,1.0,0.6117175221443176
mlp,train,2022-02,country_in,country_344,0.0,0.6469167470932007
mlp,train,2022-03,country_in,country_344,0.0,0.6337050795555115
mlp,train,2022-04,country_in,country_344,0.0,0.5653965473175049
mlp,train,2022-05,country_in,country_344,0.0,0.680231511592865
mlp,train,2022-06,country_in,country_344,0.0,0.6660941243171692
mlp,train,2022-07,country_in,country_344,0.0,0.5759298801422119
mlp,train,2022-08,country_in,country_344,0.0,0.6167962551116943
mlp,train,2022-09,country_in,country_344,0.0,0.5739505887031555
mlp,train,2022-10,country_in,country_344,0.0,0.6520978808403015
mlp,train,2022-11,country_in,country_344,1.0,0.6549109816551208
mlp,train,2022-12,country_in,country_344,1.0,0.5623195767402649
mlp,train,2021-12,country_in,country_372,1.0,0.8652841448783875
mlp,train,2022-01,country_in,country_372,0.0,0.8304327130317688
mlp,train,2022-02,country_in,country_372,1.0,0.7899696826934814
mlp,train,2022-03,country_in,country_372,0.0,0.82850581407547
mlp,train,2022-04,country_in,country_372,0.0,0.7754145860671997
mlp,train,2022-05,country_in,country_372,1.0,0.7312638759613037
mlp,train,2022-06,country_in,country_372,0.0,0.8839493989944458
mlp,train,2022-07,country_in,country_372,0.0,0.6630037426948547
mlp,train,2022-08,country_in,country_372,1.0,0.7710205316543579
mlp,train,2022-09,country_in,country_372,0.0,0.7701120972633362
mlp,train,2022-10,country_in,country_372,0.0,0.8240360021591187
mlp,train,2022-11,country_in,country_372,0.0,0.7816302180290222
mlp,train,2022-12,country_in,country_372,0.0,0.6365692019462585
mlp,train,2021-12,country_in,country_380,0.0,0.693784236907959
mlp,train,2022-01,country_in,country_380,1.0,0.7158560752868652
mlp,train,2022-02,country_in,country_380,0.0,0.7676745057106018
mlp,train,2022-03,country_in,country_380,0.0,0.7225765585899353
mlp,train,2022-04,country_in,country_380,1.0,0.7323415875434875
mlp,train,2022-05,country_in,country_380,0.0,0.7974008321762085
mlp,train,2022-06,country_in,country_380,1.0,0.7096132040023804
mlp,train,2022-07,country_in,country_380,1.0,0.705024778842926
mlp,train,2022-08,country_in,country_380,1.0,0.739436149597168
mlp,train,2022-09,country_in,country_380,1.0,0.7290252447128296
mlp,train,2022-10,country_in,country_380,0.0,0.7192270159721375
mlp,train,2022-11,country_in,country_380,0.0,0.7400741577148438
mlp,train,2022-12,country_in,country_380,0.0,0.7135185599327087
mlp,train,2021-12,country_in,country_cn,0.0,0.5100889801979065
mlp,train,2022-01,country_in,country_cn,0.0,0.5482546091079712
mlp,train,2022-02,country_in,country_cn,0.0,0.6210865378379822
mlp,train,2022-03,country_in,country_cn,0.0,0.5859326720237732
mlp,train,2022-04,country_in,country_cn,0.0,0.5563226938247681
mlp,train,2022-05,country_in,country_cn,0.0,0.7220850586891174
mlp,train,2022-06,country_in,country_cn,1.0,0.699076771736145
mlp,train,2022-07,country_in,country_cn,0.0,0.46666932106018066
mlp,train,2022-08,country_in,country_cn,0.0,0.4789128005504608
mlp,train,2022-09,country_in,country_cn,1.0,0.45335137844085693
mlp,train,2022-10,country_in,country_cn,1.0,0.6280202269554138
mlp,train,2022-11,country_in,country_cn,1.0,0.6685905456542969
mlp,train,2022-12,country_in,country_cn,1.0,0.42979833483695984
mlp,train,2021-12,country_in,country_de,0.0,0.4947451651096344
mlp,train,2022-01,country_in,country_de,0.0,0.5011229515075684
mlp,train,2022-02,country_in,country_de,0.0,0.49842581152915955
mlp,train,2022-03,country_in,country_de,0.0,0.5305203795433044
mlp,train,2022-04,country_in,country_de,0.0,0.48066017031669617
mlp,train,2022-05,country_in,country_de,0.0,0.6669814586639404
mlp,train,2022-06,country_in,country_de,0.0,0.6597651839256287
mlp,train,2022-07,country_in,country_de,0.0,0.428331196308136
mlp,train,2022-08,country_in,country_de,0.0,0.42091885209083557
mlp,train,2022-09,country_in,country_de,0.0,0.47089752554893494
mlp,train,2022-10,country_in,country_de,0.0,0.5999866127967834
mlp,train,2022-11,country_in,country_de,1.0,0.6099283695220947
mlp,train,2022-12,country_in,country_de,1.0,0.4617195725440979
mlp,train,2021-12,country_in,country_fr,0.0,0.6476797461509705
mlp,train,2022-01,country_in,country_fr,1.0,0.5511230826377869
mlp,train,2022-02,country_in,country_fr,1.0,0.5910339951515198
mlp,train,2022-03,country_in,country_fr,0.0,0.6128175854682922
mlp,train,2022-04,country_in,country_fr,0.0,0.48811808228492737
mlp,train,2022-05,country_in,country_fr,0.0,0.7080143690109253
mlp,train,2022-06,country_in,country_fr,0.0,0.7139760255813599
mlp,train,2022-07,country_in,country_fr,0.0,0.5320464372634888
mlp,train,2022-08,country_in,country_fr,0.0,0.536891520023346
mlp,train,2022-09,country_in,country_fr,0.0,0.5617337822914124
mlp,train,2022-10,country_in,country_fr,0.0,0.6415789127349854
mlp,train,2022-11,country_in,country_fr,0.0,0.6630951166152954
mlp,train,2022-12,country_in,country_fr,1.0,0.6584792137145996
mlp,train,2021-12,country_in,country_gb,0.0,0.646436333656311
mlp,train,2022-01,country_in,country_gb,0.0,0.4845333695411682
mlp,train,2022-02,country_in,country_gb,0.0,0.4642675518989563
mlp,train,2022-03,country_in,country_gb,0.0,0.5773290991783142
mlp,train,2022-04,country_in,country_gb,0.0,0.5111714005470276
mlp,train,2022-05,country_in,country_gb,0.0,0.7343047857284546
mlp,train,2022-06,country_in,country_gb,0.0,0.7124519348144531
mlp,train,2022-07,country_in,country_gb,0.0,0.5198500752449036
mlp,train,2022-08,country_in,country_gb,0.0,0.528131902217865
mlp,train,2022-09,country_in,country_gb,1.0,0.6104931235313416
mlp,train,2022-10,country_in,country_gb,1.0,0.7242189645767212
mlp,train,2022-11,country_in,country_gb,0.0,0.6141373515129089
mlp,train,2022-12,country_in,country_gb,0.0,0.4628984034061432
mlp,train,2021-12,country_in,country_jp,0.0,0.6405460834503174
mlp,train,2022-01,country_in,country_jp,0.0,0.666645884513855
mlp,train,2022-02,country_in,country_jp,0.0,0.669316291809082
mlp,train,2022-03,country_in,country_jp,0.0,0.6936461925506592
mlp,train,2022-04,country_in,country_jp,0.0,0.6671828627586365
mlp,train,2022-05,country_in,country_jp,0.0,0.7528921365737915
mlp,train,2022-06,country_in,country_jp,0.0,0.7455124258995056
mlp,train,2022-07,country_in,country_jp,0.0,0.6790801882743835
mlp,train,2022-08,country_in,country_jp,0.0,0.5927627086639404
mlp,train,2022-09,country_in,country_jp,0.0,0.7088372111320496
mlp,train,2022-10,country_in,country_jp,0.0,0.7061643600463867
mlp,train,2022-11,country_in,country_jp,0.0,0.6752969622612
mlp,train,2022-12,country_in,country_jp,0.0,0.6144315004348755
mlp,train,2021-12,country_in,country_kr,1.0,0.6293946504592896
mlp,train,2022-01,country_in,country_kr,1.0,0.6828107833862305
mlp,train,2022-02,country_in,country_kr,0.0,0.6726420521736145
mlp,train,2022-03,country_in,country_kr,0.0,0.6028344035148621
mlp,train,2022-04,country_in,country_kr,0.0,0.5328413844108582
mlp,train,2022-05,country_in,country_kr,1.0,0.7208783626556396
mlp,train,2022-06,country_in,country_kr,1.0,0.716182291507721
mlp,train,2022-07,country_in,country_kr,0.0,0.4984835088253021
mlp,train,2022-08,country_in,country_kr,1.0,0.5735661387443542
mlp,train,2022-09,country_in,country_kr,0.0,0.5464721918106079
mlp,train,2022-10,country_in,country_kr,1.0,0.6620163917541504
mlp,train,2022-11,country_in,country_kr,1.0,0.7356672883033752
mlp,train,2022-12,country_in,country_kr,0.0,0.6189382076263428
mlp,train,2021-12,country_in,country_mx,0.0,0.5804318189620972
mlp,train,2022-01,country_in,country_mx,0.0,0.687856912612915
mlp,train,2022-02,country_in,country_mx,0.0,0.6291866302490234
mlp,train,2022-03,country_in,country_mx,0.0,0.6791359186172485
mlp,train,2022-04,country_in,country_mx,0.0,0.5641219615936279
mlp,train,2022-05,country_in,country_mx,0.0,0.7333757281303406
mlp,train,2022-06,country_in,country_mx,0.0,0.7646769881248474
mlp,train,2022-07,country_in,country_mx,0.0,0.4940457344055176
mlp,train,2022-08,country_in,country_mx,0.0,0.570691704750061
mlp,train,2022-09,country_in,country_mx,0.0,0.547037661075592
mlp,train,2022-10,country_in,country_mx,0.0,0.6373937726020813
mlp,train,2022-11,country_in,country_mx,0.0,0.7107508778572083
mlp,train,2022-12,country_in,country_mx,0.0,0.671071469783783
mlp,train,2021-12,country_in,country_my,0.0,0.6137592792510986
mlp,train,2022-01,country_in,country_my,0.0,0.6237729787826538
mlp,train,2022-02,country_in,country_my,0.0,0.6882702112197876
mlp,train,2022-03,country_in,country_my,0.0,0.6649719476699829
mlp,train,2022-04,country_in,country_my,0.0,0.5186429023742676
mlp,train,2022-05,country_in,country_my,0.0,0.7248399257659912
mlp,train,2022-06,country_in,country_my,0.0,0.7076237797737122
mlp,train,2022-07,country_in,country_my,0.0,0.5613595247268677
mlp,train,2022-08,country_in,country_my,1.0,0.4686126112937927
mlp,train,2022-09,country_in,country_my,0.0,0.5680404901504517
mlp,train,2022-10,country_in,country_my,0.0,0.5765778422355652
mlp,train,2022-11,country_in,country_my,1.0,0.6783096194267273
mlp,train,2022-12,country_in,country_my,1.0,0.5903690457344055
mlp,train,2021-12,country_in,country_ph,1.0,0.7158171534538269
mlp,train,2022-01,country_in,country_ph,0.0,0.7599296569824219
mlp,train,2022-02,country_in,country_ph,1.0,0.6990511417388916
mlp,train,2022-03,country_in,country_ph,1.0,0.8118618726730347
mlp,train,2022-04,country_in,country_ph,0.0,0.7466065287590027
mlp,train,2022-05,country_in,country_ph,0.0,0.7817842960357666
mlp,train,2022-06,country_in,country_ph,0.0,0.7830978035926819
mlp,train,2022-07,country_in,country_ph,0.0,0.6045168042182922
mlp,train,2022-08,country_in,country_ph,0.0,0.6334879398345947
mlp,train,2022-09,country_in,country_ph,0.0,0.6894150376319885
mlp,train,2022-10,country_in,country_ph,1.0,0.6680412888526917
mlp,train,2022-11,country_in,country_ph,0.0,0.7956225275993347
mlp,train,2022-12,country_in,country_ph,1.0,0.7304375767707825
mlp,train,2021-12,country_in,country_sg,0.0,0.6004384756088257
mlp,train,2022-01,country_in,country_sg,0.0,0.5072168111801147
mlp,train,2022-02,country_in,country_sg,0.0,0.6011752486228943
mlp,train,2022-03,country_in,country_sg,0.0,0.5736679434776306
mlp,train,2022-04,country_in,country_sg,0.0,0.5820258259773254
mlp,train,2022-05,country_in,country_sg,0.0,0.7537569403648376
mlp,train,2022-06,country_in,country_sg,0.0,0.7089933753013611
mlp,train,2022-07,country_in,country_sg,0.0,0.4911384880542755
mlp,train,2022-08,country_in,country_sg,0.0,0.5100632309913635
mlp,train,2022-09,country_in,country_sg,0.0,0.6385047435760498
mlp,train,2022-10,country_in,country_sg,0.0,0.6963857412338257
mlp,train,2022-11,country_in,country_sg,1.0,0.641516387462616
mlp,train,2022-12,country_in,country_sg,0.0,0.4894992411136627
mlp,train,2021-12,country_in,country_th,1.0,0.6329761743545532
mlp,train,2022-01,country_in,country_th,0.0,0.626014232635498
mlp,train,2022-02,country_in,country_th,1.0,0.6426501870155334
mlp,train,2022-03,country_in,country_th,1.0,0.7010563611984253
mlp,train,2022-04,country_in,country_th,0.0,0.6614800691604614
mlp,train,2022-05,country_in,country_th,1.0,0.754477322101593
mlp,train,2022-06,country_in,country_th,1.0,0.7761083841323853
mlp,train,2022-07,country_in,country_th,0.0,0.6015836596488953
mlp,train,2022-08,country_in,country_th,1.0,0.6018019914627075
mlp,train,2022-09,country_in,country_th,0.0,0.6687602400779724
mlp,train,2022-10,country_in,country_th,0.0,0.7154045104980469
mlp,train,2022-11,country_in,country_th,0.0,0.7404457926750183
mlp,train,2022-12,country_in,country_th,0.0,0.5571684837341309
mlp,train,2021-12,country_in,country_us,1.0,0.42483025789260864
mlp,train,2022-01,country_in,country_us,1.0,0.49706798791885376
mlp,train,2022-02,country_in,country_us,1.0,0.47166624665260315
mlp,train,2022-03,country_in,country_us,1.0,0.40016230940818787
mlp,train,2022-04,country_in,country_us,1.0,0.40092211961746216
mlp,train,2022-05,country_in,country_us,1.0,0.5861619114875793
mlp,train,2022-06,country_in,country_us,0.0,0.6057189106941223
mlp,train,2022-07,country_in,country_us,0.0,0.4411684572696686
mlp,train,2022-08,country_in,country_us,0.0,0.40683513879776
mlp,train,2022-09,country_in,country_us,0.0,0.3256526291370392
mlp,train,2022-10,country_in,country_us,0.0,0.3934357166290283
mlp,train,2022-11,country_in,country_us,0.0,0.49693766236305237
mlp,train,2022-12,country_in,country_us,0.0,0.37569668889045715
mlp,train,2021-12,country_in,country_vn,1.0,0.537986159324646
mlp,train,2022-01,country_in,country_vn,1.0,0.6595364212989807
mlp,train,2022-02,country_in,country_vn,0.0,0.6821837425231934
mlp,train,2022-03,country_in,country_vn,1.0,0.567278265953064
mlp,train,2022-04,country_in,country_vn,0.0,0.606632649898529
mlp,train,2022-05,country_in,country_vn,1.0,0.7161136269569397
mlp,train,2022-06,country_in,country_vn,0.0,0.7420110702514648
mlp,train,2022-07,country_in,country_vn,1.0,0.6152310967445374
mlp,train,2022-08,country_in,country_vn,0.0,0.6057377457618713
mlp,train,2022-09,country_in,country_vn,0.0,0.6185789108276367
mlp,train,2022-10,country_in,country_vn,0.0,0.6553178429603577
mlp,train,2022-11,country_in,country_vn,1.0,0.7123954892158508
mlp,train,2022-12,country_in,country_vn,1.0,0.5931593775749207
mlp,train,2021-12,country_jp,country_203,0.0,0.5160226821899414
mlp,train,2022-01,country_jp,country_203,0.0,0.5127902626991272
mlp,train,2022-02,country_jp,country_203,0.0,0.5701636672019958
mlp,train,2022-03,country_jp,country_203,0.0,0.6120540499687195
mlp,train,2022-04,country_jp,country_203,0.0,0.5541207790374756
mlp,train,2022-05,country_jp,country_203,0.0,0.5826916694641113
mlp,train,2022-06,country_jp,country_203,0.0,0.5157604813575745
mlp,train,2022-07,country_jp,country_203,0.0,0.6482543349266052
mlp,train,2022-08,country_jp,country_203,0.0,0.5157697796821594
mlp,train,2022-09,country_jp,country_203,0.0,0.49730557203292847
mlp,train,2022-10,country_jp,country_203,0.0,0.4913750886917114
mlp,train,2022-11,country_jp,country_203,1.0,0.5071214437484741
mlp,train,2022-12,country_jp,country_203,0.0,0.5266883373260498
mlp,train,2021-12,country_jp,country_344,0.0,0.43321818113327026
mlp,train,2022-01,country_jp,country_344,0.0,0.468892365694046
mlp,train,2022-02,country_jp,country_344,0.0,0.5786238312721252
mlp,train,2022-03,country_jp,country_344,0.0,0.4431576430797577
mlp,train,2022-04,country_jp,country_344,0.0,0.4528582692146301
mlp,train,2022-05,country_jp,country_344,0.0,0.45833006501197815
mlp,train,2022-06,country_jp,country_344,0.0,0.44598597288131714
mlp,train,2022-07,country_jp,country_344,0.0,0.5007694363594055
mlp,train,2022-08,country_jp,country_344,0.0,0.5146363377571106
mlp,train,2022-09,country_jp,country_344,0.0,0.4615844190120697
mlp,train,2022-10,country_jp,country_344,0.0,0.49620333313941956
mlp,train,2022-11,country_jp,country_344,0.0,0.47807586193084717
mlp,train,2022-12,country_jp,country_344,1.0,0.4543086886405945
mlp,train,2021-12,country_jp,country_372,1.0,0.7407492995262146
mlp,train,2022-01,country_jp,country_372,0.0,0.6696519255638123
mlp,train,2022-02,country_jp,country_372,1.0,0.6437342762947083
mlp,train,2022-03,country_jp,country_372,1.0,0.551450252532959
mlp,train,2022-04,country_jp,country_372,1.0,0.6202661991119385
mlp,train,2022-05,country_jp,country_372,1.0,0.5605247616767883
mlp,train,2022-06,country_jp,country_372,0.0,0.7108277678489685
mlp,train,2022-07,country_jp,country_372,0.0,0.6103366613388062
mlp,train,2022-08,country_jp,country_372,0.0,0.5327311158180237
mlp,train,2022-09,country_jp,country_372,0.0,0.5779890418052673
mlp,train,2022-10,country_jp,country_372,0.0,0.6771847009658813
mlp,train,2022-11,country_jp,country_372,0.0,0.5791574120521545
mlp,train,2022-12,country_jp,country_372,0.0,0.5925025343894958
mlp,train,2021-12,country_jp,country_380,0.0,0.5879225134849548
mlp,train,2022-01,country_jp,country_380,1.0,0.5851715207099915
mlp,train,2022-02,country_jp,country_380,0.0,0.691236138343811
mlp,train,2022-03,country_jp,country_380,1.0,0.5769875049591064
mlp,train,2022-04,country_jp,country_380,1.0,0.6562860012054443
mlp,train,2022-05,country_jp,country_380,0.0,0.6129667162895203
mlp,train,2022-06,country_jp,country_380,0.0,0.5152812004089355
mlp,train,2022-07,country_jp,country_380,0.0,0.5565235614776611
mlp,train,2022-08,country_jp,country_380,0.0,0.6279413104057312
mlp,train,2022-09,country_jp,country_380,0.0,0.5891671180725098
mlp,train,2022-10,country_jp,country_380,0.0,0.571395218372345
mlp,train,2022-11,country_jp,country_380,0.0,0.5956329703330994
mlp,train,2022-12,country_jp,country_380,0.0,0.6299834847450256
mlp,train,2021-12,country_jp,country_cn,0.0,0.28381338715553284
mlp,train,2022-01,country_jp,country_cn,1.0,0.3170287311077118
mlp,train,2022-02,country_jp,country_cn,0.0,0.5875651240348816
mlp,train,2022-03,country_jp,country_cn,0.0,0.305359423160553
mlp,train,2022-04,country_jp,country_cn,1.0,0.3427746295928955
mlp,train,2022-05,country_jp,country_cn,0.0,0.3467957079410553
mlp,train,2022-06,country_jp,country_cn,0.0,0.29617464542388916
mlp,train,2022-07,country_jp,country_cn,0.0,0.3292965888977051
mlp,train,2022-08,country_jp,country_cn,0.0,0.3074984550476074
mlp,train,2022-09,country_jp,country_cn,0.0,0.29972776770591736
mlp,train,2022-10,country_jp,country_cn,0.0,0.30238428711891174
mlp,train,2022-11,country_jp,country_cn,0.0,0.34010404348373413
mlp,train,2022-12,country_jp,country_cn,0.0,0.3046639561653137
mlp,train,2021-12,country_jp,country_de,0.0,0.30957114696502686
mlp,train,2022-01,country_jp,country_de,0.0,0.32877618074417114
mlp,train,2022-02,country_jp,country_de,0.0,0.43041086196899414
mlp,train,2022-03,country_jp,country_de,0.0,0.29625678062438965
mlp,train,2022-04,country_jp,country_de,0.0,0.3168465793132782
mlp,train,2022-05,country_jp,country_de,0.0,0.3245266377925873
mlp,train,2022-06,country_jp,country_de,0.0,0.31054702401161194
mlp,train,2022-07,country_jp,country_de,0.0,0.3536544144153595
mlp,train,2022-08,country_jp,country_de,0.0,0.3011731505393982
mlp,train,2022-09,country_jp,country_de,0.0,0.36126187443733215
mlp,train,2022-10,country_jp,country_de,0.0,0.32075434923171997
mlp,train,2022-11,country_jp,country_de,0.0,0.315773606300354
mlp,train,2022-12,country_jp,country_de,0.0,0.36435291171073914
mlp,train,2021-12,country_jp,country_fr,0.0,0.4050917625427246
mlp,train,2022-01,country_jp,country_fr,0.0,0.33569058775901794
mlp,train,2022-02,country_jp,country_fr,0.0,0.48631665110588074
mlp,train,2022-03,country_jp,country_fr,0.0,0.32304105162620544
mlp,train,2022-04,country_jp,country_fr,0.0,0.32840514183044434
mlp,train,2022-05,country_jp,country_fr,0.0,0.34865567088127136
mlp,train,2022-06,country_jp,country_fr,0.0,0.3621293008327484
mlp,train,2022-07,country_jp,country_fr,0.0,0.42831337451934814
mlp,train,2022-08,country_jp,country_fr,1.0,0.3732503056526184
mlp,train,2022-09,country_jp,country_fr,0.0,0.4847828149795532
mlp,train,2022-10,country_jp,country_fr,0.0,0.3828146159648895
mlp,train,2022-11,country_jp,country_fr,1.0,0.37229421734809875
mlp,train,2022-12,country_jp,country_fr,1.0,0.606806218624115
mlp,train,2021-12,country_jp,country_gb,0.0,0.4406092166900635
mlp,train,2022-01,country_jp,country_gb,0.0,0.306057870388031
mlp,train,2022-02,country_jp,country_gb,0.0,0.3945179283618927
mlp,train,2022-03,country_jp,country_gb,0.0,0.3441706597805023
mlp,train,2022-04,country_jp,country_gb,0.0,0.3448336720466614
mlp,train,2022-05,country_jp,country_gb,0.0,0.40114474296569824
mlp,train,2022-06,country_jp,country_gb,0.0,0.3676699101924896
mlp,train,2022-07,country_jp,country_gb,0.0,0.4716249406337738
mlp,train,2022-08,country_jp,country_gb,0.0,0.37440717220306396
mlp,train,2022-09,country_jp,country_gb,0.0,0.6054567694664001
mlp,train,2022-10,country_jp,country_gb,0.0,0.5601499676704407
mlp,train,2022-11,country_jp,country_gb,0.0,0.32680660486221313
mlp,train,2022-12,country_jp,country_gb,0.0,0.36030903458595276
mlp,train,2021-12,country_jp,country_in,0.0,0.40859484672546387
mlp,train,2022-01,country_jp,country_in,0.0,0.28970563411712646
mlp,train,2022-02,country_jp,country_in,0.0,0.3927447199821472
mlp,train,2022-03,country_jp,country_in,0.0,0.2567070722579956
mlp,train,2022-04,country_jp,country_in,0.0,0.40186604857444763
mlp,train,2022-05,country_jp,country_in,0.0,0.61490398645401
mlp,train,2022-06,country_jp,country_in,0.0,0.6144130229949951
mlp,train,2022-07,country_jp,country_in,0.0,0.37237685918807983
mlp,train,2022-08,country_jp,country_in,0.0,0.29914796352386475
mlp,train,2022-09,country_jp,country_in,0.0,0.3261622190475464
mlp,train,2022-10,country_jp,country_in,0.0,0.458197683095932
mlp,train,2022-11,country_jp,country_in,0.0,0.5068453550338745
mlp,train,2022-12,country_jp,country_in,0.0,0.35273900628089905
mlp,train,2021-12,country_jp,country_kr,0.0,0.3192296624183655
mlp,train,2022-01,country_jp,country_kr,0.0,0.3986749053001404
mlp,train,2022-02,country_jp,country_kr,0.0,0.5306575298309326
mlp,train,2022-03,country_jp,country_kr,0.0,0.30819666385650635
mlp,train,2022-04,country_jp,country_kr,0.0,0.30186331272125244
mlp,train,2022-05,country_jp,country_kr,0.0,0.32690998911857605
mlp,train,2022-06,country_jp,country_kr,0.0,0.2947617471218109
mlp,train,2022-07,country_jp,country_kr,0.0,0.30993250012397766
mlp,train,2022-08,country_jp,country_kr,0.0,0.3315102458000183
mlp,train,2022-09,country_jp,country_kr,0.0,0.3287256360054016
mlp,train,2022-10,country_jp,country_kr,0.0,0.3217829465866089
mlp,train,2022-11,country_jp,country_kr,0.0,0.47377824783325195
mlp,train,2022-12,country_jp,country_kr,0.0,0.39407017827033997
mlp,train,2021-12,country_jp,country_mx,0.0,0.3168330192565918
mlp,train,2022-01,country_jp,country_mx,0.0,0.5046327710151672
mlp,train,2022-02,country_jp,country_mx,0.0,0.4803526699542999
mlp,train,2022-03,country_jp,country_mx,0.0,0.35704246163368225
mlp,train,2022-04,country_jp,country_mx,0.0,0.34455129504203796
mlp,train,2022-05,country_jp,country_mx,0.0,0.3617391288280487
mlp,train,2022-06,country_jp,country_mx,0.0,0.33968210220336914
mlp,train,2022-07,country_jp,country_mx,0.0,0.3511582911014557
mlp,train,2022-08,country_jp,country_mx,0.0,0.31872469186782837
mlp,train,2022-09,country_jp,country_mx,0.0,0.3702974319458008
mlp,train,2022-10,country_jp,country_mx,0.0,0.34978505969047546
mlp,train,2022-11,country_jp,country_mx,0.0,0.40185829997062683
mlp,train,2022-12,country_jp,country_mx,0.0,0.5536403059959412
mlp,train,2021-12,country_jp,country_my,0.0,0.32167044281959534
mlp,train,2022-01,country_jp,country_my,0.0,0.3334834575653076
mlp,train,2022-02,country_jp,country_my,0.0,0.5241734385490417
mlp,train,2022-03,country_jp,country_my,0.0,0.2983162999153137
mlp,train,2022-04,country_jp,country_my,0.0,0.2974390983581543
mlp,train,2022-05,country_jp,country_my,0.0,0.32160890102386475
mlp,train,2022-06,country_jp,country_my,0.0,0.3030129671096802
mlp,train,2022-07,country_jp,country_my,0.0,0.3661503195762634
mlp,train,2022-08,country_jp,country_my,0.0,0.30673059821128845
mlp,train,2022-09,country_jp,country_my,0.0,0.371622771024704
mlp,train,2022-10,country_jp,country_my,0.0,0.33635413646698
mlp,train,2022-11,country_jp,country_my,0.0,0.3014705181121826
mlp,train,2022-12,country_jp,country_my,0.0,0.41017231345176697
mlp,train,2021-12,country_jp,country_ph,0.0,0.3289429247379303
mlp,train,2022-01,country_jp,country_ph,0.0,0.3101106584072113
mlp,train,2022-02,country_jp,country_ph,0.0,0.5046928524971008
mlp,train,2022-03,country_jp,country_ph,0.0,0.3206982910633087
mlp,train,2022-04,country_jp,country_ph,0.0,0.3742016851902008
mlp,train,2022-05,country_jp,country_ph,0.0,0.32004401087760925
mlp,train,2022-06,country_jp,country_ph,0.0,0.3101032078266144
mlp,train,2022-07,country_jp,country_ph,0.0,0.3344142436981201
mlp,train,2022-08,country_jp,country_ph,0.0,0.3111823499202728
mlp,train,2022-09,country_jp,country_ph,0.0,0.3567684292793274
mlp,train,2022-10,country_jp,country_ph,0.0,0.3413393795490265
mlp,train,2022-11,country_jp,country_ph,1.0,0.39377087354660034
mlp,train,2022-12,country_jp,country_ph,0.0,0.5076854228973389
mlp,train,2021-12,country_jp,country_sg,0.0,0.3654231131076813
mlp,train,2022-01,country_jp,country_sg,0.0,0.28332218527793884
mlp,train,2022-02,country_jp,country_sg,0.0,0.48644202947616577
mlp,train,2022-03,country_jp,country_sg,0.0,0.29093143343925476
mlp,train,2022-04,country_jp,country_sg,0.0,0.3247837424278259
mlp,train,2022-05,country_jp,country_sg,0.0,0.3338868319988251
mlp,train,2022-06,country_jp,country_sg,0.0,0.3120393455028534
mlp,train,2022-07,country_jp,country_sg,0.0,0.33194947242736816
mlp,train,2022-08,country_jp,country_sg,0.0,0.33038753271102905
mlp,train,2022-09,country_jp,country_sg,0.0,0.5414817333221436
mlp,train,2022-10,country_jp,country_sg,0.0,0.5037580728530884
mlp,train,2022-11,country_jp,country_sg,1.0,0.3195592761039734
mlp,train,2022-12,country_jp,country_sg,1.0,0.3404885530471802
mlp,train,2021-12,country_jp,country_th,0.0,0.3350403308868408
mlp,train,2022-01,country_jp,country_th,0.0,0.28050026297569275
mlp,train,2022-02,country_jp,country_th,0.0,0.5049551725387573
mlp,train,2022-03,country_jp,country_th,0.0,0.29487380385398865
mlp,train,2022-04,country_jp,country_th,0.0,0.3291715383529663
mlp,train,2022-05,country_jp,country_th,0.0,0.3099643290042877
mlp,train,2022-06,country_jp,country_th,0.0,0.32230880856513977
mlp,train,2022-07,country_jp,country_th,0.0,0.3275846838951111
mlp,train,2022-08,country_jp,country_th,0.0,0.2944975197315216
mlp,train,2022-09,country_jp,country_th,0.0,0.3810843825340271
mlp,train,2022-10,country_jp,country_th,0.0,0.3630623519420624
mlp,train,2022-11,country_jp,country_th,0.0,0.4352998733520508
mlp,train,2022-12,country_jp,country_th,0.0,0.3928810656070709
mlp,train,2021-12,country_jp,country_us,0.0,0.2833614647388458
mlp,train,2022-01,country_jp,country_us,0.0,0.36592620611190796
mlp,train,2022-02,country_jp,country_us,0.0,0.41782695055007935
mlp,train,2022-03,country_jp,country_us,0.0,0.24736542999744415
mlp,train,2022-04,country_jp,country_us,0.0,0.286385178565979
mlp,train,2022-05,country_jp,country_us,0.0,0.2853500545024872
mlp,train,2022-06,country_jp,country_us,0.0,0.2930769920349121
mlp,train,2022-07,country_jp,country_us,0.0,0.4170824885368347
mlp,train,2022-08,country_jp,country_us,0.0,0.34155896306037903
mlp,train,2022-09,country_jp,country_us,0.0,0.30567672848701477
mlp,train,2022-10,country_jp,country_us,0.0,0.2756635844707489
mlp,train,2022-11,country_jp,country_us,0.0,0.3579484820365906
mlp,train,2022-12,country_jp,country_us,0.0,0.39418187737464905
mlp,train,2021-12,country_jp,country_vn,0.0,0.3140273094177246
mlp,train,2022-01,country_jp,country_vn,0.0,0.3433961272239685
mlp,train,2022-02,country_jp,country_vn,0.0,0.535912275314331
mlp,train,2022-03,country_jp,country_vn,0.0,0.31535980105400085
mlp,train,2022-04,country_jp,country_vn,0.0,0.35671937465667725
mlp,train,2022-05,country_jp,country_vn,0.0,0.40481293201446533
mlp,train,2022-06,country_jp,country_vn,0.0,0.41624587774276733
mlp,train,2022-07,country_jp,country_vn,0.0,0.4243643283843994
mlp,train,2022-08,country_jp,country_vn,0.0,0.3112606704235077
mlp,train,2022-09,country_jp,country_vn,0.0,0.42611512541770935
mlp,train,2022-10,country_jp,country_vn,1.0,0.3767990469932556
mlp,train,2022-11,country_jp,country_vn,0.0,0.5455338954925537
mlp,train,2022-12,country_jp,country_vn,0.0,0.4724752902984619
mlp,train,2021-12,country_kr,country_203,0.0,0.5546528697013855
mlp,train,2022-01,country_kr,country_203,1.0,0.5858215689659119
mlp,train,2022-02,country_kr,country_203,0.0,0.581501841545105
mlp,train,2022-03,country_kr,country_203,0.0,0.5038936734199524
mlp,train,2022-04,country_kr,country_203,0.0,0.5692594051361084
mlp,train,2022-05,country_kr,country_203,0.0,0.6033682823181152
mlp,train,2022-06,country_kr,country_203,0.0,0.5289685130119324
mlp,train,2022-07,country_kr,country_203,0.0,0.6262325644493103
mlp,train,2022-08,country_kr,country_203,0.0,0.5333406329154968
mlp,train,2022-09,country_kr,country_203,0.0,0.4728224575519562
mlp,train,2022-10,country_kr,country_203,0.0,0.5294286608695984
mlp,train,2022-11,country_kr,country_203,0.0,0.5657085180282593
mlp,train,2022-12,country_kr,country_203,0.0,0.5428528189659119
mlp,train,2021-12,country_kr,country_344,0.0,0.4130971133708954
mlp,train,2022-01,country_kr,country_344,1.0,0.48141542077064514
mlp,train,2022-02,country_kr,country_344,0.0,0.5446580648422241
mlp,train,2022-03,country_kr,country_344,0.0,0.42626938223838806
mlp,train,2022-04,country_kr,country_344,0.0,0.4440777003765106
mlp,train,2022-05,country_kr,country_344,1.0,0.4290250241756439
mlp,train,2022-06,country_kr,country_344,0.0,0.4413568377494812
mlp,train,2022-07,country_kr,country_344,1.0,0.47954627871513367
mlp,train,2022-08,country_kr,country_344,0.0,0.5026485919952393
mlp,train,2022-09,country_kr,country_344,0.0,0.41670751571655273
mlp,train,2022-10,country_kr,country_344,0.0,0.5144678354263306
mlp,train,2022-11,country_kr,country_344,1.0,0.5298686027526855
mlp,train,2022-12,country_kr,country_344,1.0,0.4548076093196869
mlp,train,2021-12,country_kr,country_372,0.0,0.7930329442024231
mlp,train,2022-01,country_kr,country_372,1.0,0.719929039478302
mlp,train,2022-02,country_kr,country_372,0.0,0.6888010501861572
mlp,train,2022-03,country_kr,country_372,0.0,0.5348852872848511
mlp,train,2022-04,country_kr,country_372,0.0,0.6316991448402405
mlp,train,2022-05,country_kr,country_372,0.0,0.5179702043533325
mlp,train,2022-06,country_kr,country_372,0.0,0.7208037972450256
mlp,train,2022-07,country_kr,country_372,1.0,0.6307329535484314
mlp,train,2022-08,country_kr,country_372,1.0,0.5881609320640564
mlp,train,2022-09,country_kr,country_372,1.0,0.6614603400230408
mlp,train,2022-10,country_kr,country_372,1.0,0.7325687408447266
mlp,train,2022-11,country_kr,country_372,0.0,0.6962640881538391
mlp,train,2022-12,country_kr,country_372,1.0,0.6528695225715637
mlp,train,2021-12,country_kr,country_380,0.0,0.6153956055641174
mlp,train,2022-01,country_kr,country_380,0.0,0.6242254972457886
mlp,train,2022-02,country_kr,country_380,1.0,0.6891190409660339
mlp,train,2022-03,country_kr,country_380,1.0,0.6715776324272156
mlp,train,2022-04,country_kr,country_380,1.0,0.7344408631324768
mlp,train,2022-05,country_kr,country_380,1.0,0.6890705823898315
mlp,train,2022-06,country_kr,country_380,0.0,0.563099205493927
mlp,train,2022-07,country_kr,country_380,0.0,0.5463954210281372
mlp,train,2022-08,country_kr,country_380,0.0,0.6570684909820557
mlp,train,2022-09,country_kr,country_380,0.0,0.5952640771865845
mlp,train,2022-10,country_kr,country_380,0.0,0.6132197380065918
mlp,train,2022-11,country_kr,country_380,0.0,0.6782238483428955
mlp,train,2022-12,country_kr,country_380,0.0,0.6574581265449524
mlp,train,2021-12,country_kr,country_cn,0.0,0.2665005922317505
mlp,train,2022-01,country_kr,country_cn,0.0,0.36413684487342834
mlp,train,2022-02,country_kr,country_cn,0.0,0.5479385852813721
mlp,train,2022-03,country_kr,country_cn,0.0,0.2882170081138611
mlp,train,2022-04,country_kr,country_cn,0.0,0.3166626989841461
mlp,train,2022-05,country_kr,country_cn,0.0,0.3184409439563751
mlp,train,2022-06,country_kr,country_cn,0.0,0.2856484651565552
mlp,train,2022-07,country_kr,country_cn,0.0,0.28732988238334656
mlp,train,2022-08,country_kr,country_cn,0.0,0.2851027250289917
mlp,train,2022-09,country_kr,country_cn,0.0,0.25534018874168396
mlp,train,2022-10,country_kr,country_cn,1.0,0.3344229459762573
mlp,train,2022-11,country_kr,country_cn,0.0,0.44166886806488037
mlp,train,2022-12,country_kr,country_cn,1.0,0.3232443034648895
mlp,train,2021-12,country_kr,country_de,0.0,0.3313709497451782
mlp,train,2022-01,country_kr,country_de,0.0,0.4277578592300415
mlp,train,2022-02,country_kr,country_de,0.0,0.4176320433616638
mlp,train,2022-03,country_kr,country_de,0.0,0.3079155385494232
mlp,train,2022-04,country_kr,country_de,0.0,0.31494563817977905
mlp,train,2022-05,country_kr,country_de,0.0,0.3176473081111908
mlp,train,2022-06,country_kr,country_de,0.0,0.31315919756889343
mlp,train,2022-07,country_kr,country_de,0.0,0.32779473066329956
mlp,train,2022-08,country_kr,country_de,0.0,0.2985943555831909
mlp,train,2022-09,country_kr,country_de,0.0,0.3234516680240631
mlp,train,2022-10,country_kr,country_de,0.0,0.3862188160419464
mlp,train,2022-11,country_kr,country_de,0.0,0.4627188742160797
mlp,train,2022-12,country_kr,country_de,0.0,0.41121023893356323
mlp,train,2021-12,country_kr,country_fr,0.0,0.4112946689128876
mlp,train,2022-01,country_kr,country_fr,0.0,0.43247559666633606
mlp,train,2022-02,country_kr,country_fr,0.0,0.4549533426761627
mlp,train,2022-03,country_kr,country_fr,0.0,0.32456856966018677
mlp,train,2022-04,country_kr,country_fr,0.0,0.3163704574108124
mlp,train,2022-05,country_kr,country_fr,0.0,0.3304169774055481
mlp,train,2022-06,country_kr,country_fr,0.0,0.3422408401966095
mlp,train,2022-07,country_kr,country_fr,0.0,0.3504045009613037
mlp,train,2022-08,country_kr,country_fr,0.0,0.34816795587539673
mlp,train,2022-09,country_kr,country_fr,0.0,0.38293179869651794
mlp,train,2022-10,country_kr,country_fr,0.0,0.43891456723213196
mlp,train,2022-11,country_kr,country_fr,0.0,0.5398944020271301
mlp,train,2022-12,country_kr,country_fr,0.0,0.60065758228302
mlp,train,2021-12,country_kr,country_gb,0.0,0.49889642000198364
mlp,train,2022-01,country_kr,country_gb,0.0,0.35817041993141174
mlp,train,2022-02,country_kr,country_gb,0.0,0.3478225767612457
mlp,train,2022-03,country_kr,country_gb,0.0,0.327581524848938
mlp,train,2022-04,country_kr,country_gb,0.0,0.33625149726867676
mlp,train,2022-05,country_kr,country_gb,0.0,0.3664132058620453
mlp,train,2022-06,country_kr,country_gb,0.0,0.3394913375377655
mlp,train,2022-07,country_kr,country_gb,0.0,0.3889921307563782
mlp,train,2022-08,country_kr,country_gb,1.0,0.35961705446243286
mlp,train,2022-09,country_kr,country_gb,0.0,0.5504519939422607
mlp,train,2022-10,country_kr,country_gb,0.0,0.5773446559906006
mlp,train,2022-11,country_kr,country_gb,0.0,0.43805792927742004
mlp,train,2022-12,country_kr,country_gb,1.0,0.38047176599502563
mlp,train,2021-12,country_kr,country_in,0.0,0.3786199390888214
mlp,train,2022-01,country_kr,country_in,0.0,0.311967134475708
mlp,train,2022-02,country_kr,country_in,0.0,0.32992035150527954
mlp,train,2022-03,country_kr,country_in,0.0,0.23719440400600433
mlp,train,2022-04,country_kr,country_in,0.0,0.34792423248291016
mlp,train,2022-05,country_kr,country_in,0.0,0.5861369371414185
mlp,train,2022-06,country_kr,country_in,0.0,0.5809874534606934
mlp,train,2022-07,country_kr,country_in,0.0,0.3056736886501312
mlp,train,2022-08,country_kr,country_in,0.0,0.26779982447624207
mlp,train,2022-09,country_kr,country_in,0.0,0.2704247534275055
mlp,train,2022-10,country_kr,country_in,0.0,0.4982781410217285
mlp,train,2022-11,country_kr,country_in,0.0,0.6017290949821472
mlp,train,2022-12,country_kr,country_in,0.0,0.35943639278411865
mlp,train,2021-12,country_kr,country_jp,0.0,0.3225078284740448
mlp,train,2022-01,country_kr,country_jp,0.0,0.4080190062522888
mlp,train,2022-02,country_kr,country_jp,0.0,0.5439159274101257
mlp,train,2022-03,country_kr,country_jp,0.0,0.3144814968109131
mlp,train,2022-04,country_kr,country_jp,0.0,0.34359458088874817
mlp,train,2022-05,country_kr,country_jp,0.0,0.2985875904560089
mlp,train,2022-06,country_kr,country_jp,0.0,0.3299599885940552
mlp,train,2022-07,country_kr,country_jp,0.0,0.390411913394928
mlp,train,2022-08,country_kr,country_jp,1.0,0.3202579617500305
mlp,train,2022-09,country_kr,country_jp,1.0,0.38807782530784607
mlp,train,2022-10,country_kr,country_jp,1.0,0.37184369564056396
mlp,train,2022-11,country_kr,country_jp,1.0,0.467147558927536
mlp,train,2022-12,country_kr,country_jp,1.0,0.4605852961540222
mlp,train,2021-12,country_kr,country_mx,1.0,0.3282501697540283
mlp,train,2022-01,country_kr,country_mx,0.0,0.5908396244049072
mlp,train,2022-02,country_kr,country_mx,0.0,0.42290234565734863
mlp,train,2022-03,country_kr,country_mx,0.0,0.3497181236743927
mlp,train,2022-04,country_kr,country_mx,0.0,0.31422436237335205
mlp,train,2022-05,country_kr,country_mx,0.0,0.3374905288219452
mlp,train,2022-06,country_kr,country_mx,0.0,0.30876776576042175
mlp,train,2022-07,country_kr,country_mx,0.0,0.2989678382873535
mlp,train,2022-08,country_kr,country_mx,0.0,0.3094983994960785
mlp,train,2022-09,country_kr,country_mx,0.0,0.2916085720062256
mlp,train,2022-10,country_kr,country_mx,0.0,0.3869759738445282
mlp,train,2022-11,country_kr,country_mx,0.0,0.5704084634780884
mlp,train,2022-12,country_kr,country_mx,0.0,0.5625324845314026
mlp,train,2021-12,country_kr,country_my,0.0,0.34191855788230896
mlp,train,2022-01,country_kr,country_my,0.0,0.43416959047317505
mlp,train,2022-02,country_kr,country_my,0.0,0.5163034200668335
mlp,train,2022-03,country_kr,country_my,0.0,0.30603501200675964
mlp,train,2022-04,country_kr,country_my,0.0,0.2997559607028961
mlp,train,2022-05,country_kr,country_my,0.0,0.31875139474868774
mlp,train,2022-06,country_kr,country_my,0.0,0.30666497349739075
mlp,train,2022-07,country_kr,country_my,0.0,0.34646546840667725
mlp,train,2022-08,country_kr,country_my,0.0,0.3090032637119293
mlp,train,2022-09,country_kr,country_my,0.0,0.335791677236557
mlp,train,2022-10,country_kr,country_my,0.0,0.40950191020965576
mlp,train,2022-11,country_kr,country_my,0.0,0.44511085748672485
mlp,train,2022-12,country_kr,country_my,0.0,0.46688902378082275
mlp,train,2021-12,country_kr,country_ph,0.0,0.3292028605937958
mlp,train,2022-01,country_kr,country_ph,0.0,0.3746904134750366
mlp,train,2022-02,country_kr,country_ph,0.0,0.46713724732398987
mlp,train,2022-03,country_kr,country_ph,0.0,0.31367775797843933
mlp,train,2022-04,country_kr,country_ph,0.0,0.3507598042488098
mlp,train,2022-05,country_kr,country_ph,0.0,0.29662564396858215
mlp,train,2022-06,country_kr,country_ph,0.0,0.2925284504890442
mlp,train,2022-07,country_kr,country_ph,1.0,0.29326847195625305
mlp,train,2022-08,country_kr,country_ph,1.0,0.29750484228134155
mlp,train,2022-09,country_kr,country_ph,1.0,0.31237179040908813
mlp,train,2022-10,country_kr,country_ph,1.0,0.3982011079788208
mlp,train,2022-11,country_kr,country_ph,1.0,0.5398769974708557
mlp,train,2022-12,country_kr,country_ph,1.0,0.5250864028930664
mlp,train,2021-12,country_kr,country_sg,0.0,0.34409990906715393
mlp,train,2022-01,country_kr,country_sg,0.0,0.3318275213241577
mlp,train,2022-02,country_kr,country_sg,0.0,0.43816089630126953
mlp,train,2022-03,country_kr,country_sg,0.0,0.27683025598526
mlp,train,2022-04,country_kr,country_sg,0.0,0.3026326596736908
mlp,train,2022-05,country_kr,country_sg,0.0,0.30888238549232483
mlp,train,2022-06,country_kr,country_sg,0.0,0.2992021143436432
mlp,train,2022-07,country_kr,country_sg,0.0,0.2917388379573822
mlp,train,2022-08,country_kr,country_sg,0.0,0.30629774928092957
mlp,train,2022-09,country_kr,country_sg,0.0,0.4859607517719269
mlp,train,2022-10,country_kr,country_sg,0.0,0.5388963222503662
mlp,train,2022-11,country_kr,country_sg,0.0,0.42763862013816833
mlp,train,2022-12,country_kr,country_sg,0.0,0.3521215319633484
mlp,train,2021-12,country_kr,country_th,0.0,0.35821422934532166
mlp,train,2022-01,country_kr,country_th,0.0,0.3459974229335785
mlp,train,2022-02,country_kr,country_th,0.0,0.4976847469806671
mlp,train,2022-03,country_kr,country_th,0.0,0.305869996547699
mlp,train,2022-04,country_kr,country_th,0.0,0.3281412124633789
mlp,train,2022-05,country_kr,country_th,0.0,0.3053109347820282
mlp,train,2022-06,country_kr,country_th,0.0,0.33137983083724976
mlp,train,2022-07,country_kr,country_th,0.0,0.3094960153102875
mlp,train,2022-08,country_kr,country_th,0.0,0.29549387097358704
mlp,train,2022-09,country_kr,country_th,0.0,0.3473246395587921
mlp,train,2022-10,country_kr,country_th,0.0,0.4449218511581421
mlp,train,2022-11,country_kr,country_th,1.0,0.5923265218734741
mlp,train,2022-12,country_kr,country_th,0.0,0.46557584404945374
mlp,train,2021-12,country_kr,country_us,0.0,0.27028563618659973
mlp,train,2022-01,country_kr,country_us,0.0,0.4164745509624481
mlp,train,2022-02,country_kr,country_us,0.0,0.3985814154148102
mlp,train,2022-03,country_kr,country_us,0.0,0.2379428893327713
mlp,train,2022-04,country_kr,country_us,0.0,0.27055469155311584
mlp,train,2022-05,country_kr,country_us,0.0,0.25964945554733276
mlp,train,2022-06,country_kr,country_us,0.0,0.27955493330955505
mlp,train,2022-07,country_kr,country_us,0.0,0.37867429852485657
mlp,train,2022-08,country_kr,country_us,0.0,0.31935763359069824
mlp,train,2022-09,country_kr,country_us,0.0,0.26071128249168396
mlp,train,2022-10,country_kr,country_us,0.0,0.2983623147010803
mlp,train,2022-11,country_kr,country_us,0.0,0.46436649560928345
mlp,train,2022-12,country_kr,country_us,0.0,0.4058385491371155
mlp,train,2021-12,country_kr,country_vn,0.0,0.3069177567958832
mlp,train,2022-01,country_kr,country_vn,0.0,0.40957003831863403
mlp,train,2022-02,country_kr,country_vn,0.0,0.4731155335903168
mlp,train,2022-03,country_kr,country_vn,0.0,0.2927227318286896
mlp,train,2022-04,country_kr,country_vn,0.0,0.32466787099838257
mlp,train,2022-05,country_kr,country_vn,0.0,0.38810276985168457
mlp,train,2022-06,country_kr,country_vn,0.0,0.3843075931072235
mlp,train,2022-07,country_kr,country_vn,0.0,0.35945266485214233
mlp,train,2022-08,country_kr,country_vn,0.0,0.2849503457546234
mlp,train,2022-09,country_kr,country_vn,0.0,0.34758713841438293
mlp,train,2022-10,country_kr,country_vn,1.0,0.41273367404937744
mlp,train,2022-11,country_kr,country_vn,0.0,0.5786706805229187
mlp,train,2022-12,country_kr,country_vn,1.0,0.4704970121383667
mlp,train,2021-12,country_mx,country_203,1.0,0.6327028870582581
mlp,train,2022-01,country_mx,country_203,1.0,0.6903220415115356
mlp,train,2022-02,country_mx,country_203,0.0,0.6516034007072449
mlp,train,2022-03,country_mx,country_203,1.0,0.6119046211242676
mlp,train,2022-04,country_mx,country_203,0.0,0.672885537147522
mlp,train,2022-05,country_mx,country_203,0.0,0.6801123023033142
mlp,train,2022-06,country_mx,country_203,0.0,0.6390424370765686
mlp,train,2022-07,country_mx,country_203,0.0,0.7106056809425354
mlp,train,2022-08,country_mx,country_203,0.0,0.6250092387199402
mlp,train,2022-09,country_mx,country_203,0.0,0.5874143838882446
mlp,train,2022-10,country_mx,country_203,0.0,0.6360930800437927
mlp,train,2022-11,country_mx,country_203,0.0,0.6339617967605591
mlp,train,2022-12,country_mx,country_203,0.0,0.665325403213501
mlp,train,2021-12,country_mx,country_344,0.0,0.5079507231712341
mlp,train,2022-01,country_mx,country_344,1.0,0.6051077842712402
mlp,train,2022-02,country_mx,country_344,1.0,0.5948115587234497
mlp,train,2022-03,country_mx,country_344,1.0,0.5161131620407104
mlp,train,2022-04,country_mx,country_344,1.0,0.518223762512207
mlp,train,2022-05,country_mx,country_344,0.0,0.5170594453811646
mlp,train,2022-06,country_mx,country_344,0.0,0.5126819014549255
mlp,train,2022-07,country_mx,country_344,0.0,0.563524603843689
mlp,train,2022-08,country_mx,country_344,0.0,0.5831524729728699
mlp,train,2022-09,country_mx,country_344,0.0,0.46257147192955017
mlp,train,2022-10,country_mx,country_344,1.0,0.5728333592414856
mlp,train,2022-11,country_mx,country_344,0.0,0.5898059010505676
mlp,train,2022-12,country_mx,country_344,1.0,0.5458606481552124
mlp,train,2021-12,country_mx,country_372,0.0,0.8214887976646423
mlp,train,2022-01,country_mx,country_372,0.0,0.7682063579559326
mlp,train,2022-02,country_mx,country_372,0.0,0.6936597228050232
mlp,train,2022-03,country_mx,country_372,0.0,0.6559032797813416
mlp,train,2022-04,country_mx,country_372,1.0,0.6767649054527283
mlp,train,2022-05,country_mx,country_372,0.0,0.7148481011390686
mlp,train,2022-06,country_mx,country_372,0.0,0.7296952605247498
mlp,train,2022-07,country_mx,country_372,0.0,0.6689417958259583
mlp,train,2022-08,country_mx,country_372,0.0,0.6126042008399963
mlp,train,2022-09,country_mx,country_372,1.0,0.6739816069602966
mlp,train,2022-10,country_mx,country_372,1.0,0.7471620440483093
mlp,train,2022-11,country_mx,country_372,0.0,0.70384681224823
mlp,train,2022-12,country_mx,country_372,1.0,0.7121607065200806
mlp,train,2021-12,country_mx,country_380,0.0,0.6739499568939209
mlp,train,2022-01,country_mx,country_380,1.0,0.6772857904434204
mlp,train,2022-02,country_mx,country_380,1.0,0.7153317332267761
mlp,train,2022-03,country_mx,country_380,0.0,0.6405314803123474
mlp,train,2022-04,country_mx,country_380,1.0,0.6316592693328857
mlp,train,2022-05,country_mx,country_380,1.0,0.7341863512992859
mlp,train,2022-06,country_mx,country_380,0.0,0.5852182507514954
mlp,train,2022-07,country_mx,country_380,0.0,0.5928888916969299
mlp,train,2022-08,country_mx,country_380,0.0,0.6831732988357544
mlp,train,2022-09,country_mx,country_380,0.0,0.6345294117927551
mlp,train,2022-10,country_mx,country_380,0.0,0.626014232635498
mlp,train,2022-11,country_mx,country_380,1.0,0.6678712368011475
mlp,train,2022-12,country_mx,country_380,0.0,0.7448862195014954
mlp,train,2021-12,country_mx,country_cn,0.0,0.31316789984703064
mlp,train,2022-01,country_mx,country_cn,0.0,0.4707907438278198
mlp,train,2022-02,country_mx,country_cn,0.0,0.5419642329216003
mlp,train,2022-03,country_mx,country_cn,0.0,0.3528849482536316
mlp,train,2022-04,country_mx,country_cn,0.0,0.3847486078739166
mlp,train,2022-05,country_mx,country_cn,0.0,0.3684643507003784
mlp,train,2022-06,country_mx,country_cn,1.0,0.3340495824813843
mlp,train,2022-07,country_mx,country_cn,0.0,0.33971577882766724
mlp,train,2022-08,country_mx,country_cn,0.0,0.3429442346096039
mlp,train,2022-09,country_mx,country_cn,0.0,0.29442816972732544
mlp,train,2022-10,country_mx,country_cn,0.0,0.3268217146396637
mlp,train,2022-11,country_mx,country_cn,0.0,0.45187851786613464
mlp,train,2022-12,country_mx,country_cn,0.0,0.4241480231285095
mlp,train,2021-12,country_mx,country_de,0.0,0.3469937741756439
mlp,train,2022-01,country_mx,country_de,0.0,0.5136500597000122
mlp,train,2022-02,country_mx,country_de,0.0,0.35374659299850464
mlp,train,2022-03,country_mx,country_de,0.0,0.3497990071773529
mlp,train,2022-04,country_mx,country_de,0.0,0.3594129681587219
mlp,train,2022-05,country_mx,country_de,0.0,0.34433817863464355
mlp,train,2022-06,country_mx,country_de,0.0,0.344970703125
mlp,train,2022-07,country_mx,country_de,0.0,0.36644402146339417
mlp,train,2022-08,country_mx,country_de,0.0,0.34570232033729553
mlp,train,2022-09,country_mx,country_de,0.0,0.36489108204841614
mlp,train,2022-10,country_mx,country_de,0.0,0.3598971962928772
mlp,train,2022-11,country_mx,country_de,0.0,0.4169032871723175
mlp,train,2022-12,country_mx,country_de,0.0,0.5419523119926453
mlp,train,2021-12,country_mx,country_fr,0.0,0.47753995656967163
mlp,train,2022-01,country_mx,country_fr,0.0,0.5359220504760742
mlp,train,2022-02,country_mx,country_fr,0.0,0.437780499458313
mlp,train,2022-03,country_mx,country_fr,0.0,0.44418513774871826
mlp,train,2022-04,country_mx,country_fr,0.0,0.38998696208000183
mlp,train,2022-05,country_mx,country_fr,0.0,0.43574053049087524
mlp,train,2022-06,country_mx,country_fr,1.0,0.40782684087753296
mlp,train,2022-07,country_mx,country_fr,0.0,0.5067925453186035
mlp,train,2022-08,country_mx,country_fr,0.0,0.4765825569629669
mlp,train,2022-09,country_mx,country_fr,0.0,0.4866960942745209
mlp,train,2022-10,country_mx,country_fr,0.0,0.4903085231781006
mlp,train,2022-11,country_mx,country_fr,0.0,0.5296773910522461
mlp,train,2022-12,country_mx,country_fr,0.0,0.6647635102272034
mlp,train,2021-12,country_mx,country_gb,0.0,0.50051349401474
mlp,train,2022-01,country_mx,country_gb,0.0,0.4531337022781372
mlp,train,2022-02,country_mx,country_gb,0.0,0.35613152384757996
mlp,train,2022-03,country_mx,country_gb,0.0,0.4271721839904785
mlp,train,2022-04,country_mx,country_gb,0.0,0.3889547884464264
mlp,train,2022-05,country_mx,country_gb,0.0,0.47604209184646606
mlp,train,2022-06,country_mx,country_gb,0.0,0.4120941758155823
mlp,train,2022-07,country_mx,country_gb,0.0,0.4658146798610687
mlp,train,2022-08,country_mx,country_gb,0.0,0.42896974086761475
mlp,train,2022-09,country_mx,country_gb,0.0,0.5949057936668396
mlp,train,2022-10,country_mx,country_gb,1.0,0.6039682626724243
mlp,train,2022-11,country_mx,country_gb,0.0,0.4425097107887268
mlp,train,2022-12,country_mx,country_gb,1.0,0.5298702120780945
mlp,train,2021-12,country_mx,country_in,1.0,0.6352056264877319
mlp,train,2022-01,country_mx,country_in,1.0,0.6055541038513184
mlp,train,2022-02,country_mx,country_in,0.0,0.5640408396720886
mlp,train,2022-03,country_mx,country_in,0.0,0.47453930974006653
mlp,train,2022-04,country_mx,country_in,1.0,0.5001820921897888
mlp,train,2022-05,country_mx,country_in,0.0,0.7693998217582703
mlp,train,2022-06,country_mx,country_in,0.0,0.7350432276725769
mlp,train,2022-07,country_mx,country_in,0.0,0.5207080841064453
mlp,train,2022-08,country_mx,country_in,0.0,0.4874812066555023
mlp,train,2022-09,country_mx,country_in,0.0,0.46761947870254517
mlp,train,2022-10,country_mx,country_in,0.0,0.6348678469657898
mlp,train,2022-11,country_mx,country_in,0.0,0.7035269737243652
mlp,train,2022-12,country_mx,country_in,0.0,0.644943118095398
mlp,train,2021-12,country_mx,country_jp,0.0,0.3748045265674591
mlp,train,2022-01,country_mx,country_jp,0.0,0.5716449022293091
mlp,train,2022-02,country_mx,country_jp,0.0,0.5025038719177246
mlp,train,2022-03,country_mx,country_jp,0.0,0.39752715826034546
mlp,train,2022-04,country_mx,country_jp,0.0,0.42939072847366333
mlp,train,2022-05,country_mx,country_jp,0.0,0.3465794324874878
mlp,train,2022-06,country_mx,country_jp,0.0,0.39119553565979004
mlp,train,2022-07,country_mx,country_jp,0.0,0.45938757061958313
mlp,train,2022-08,country_mx,country_jp,0.0,0.40185508131980896
mlp,train,2022-09,country_mx,country_jp,1.0,0.45695340633392334
mlp,train,2022-10,country_mx,country_jp,1.0,0.3747759759426117
mlp,train,2022-11,country_mx,country_jp,0.0,0.46356135606765747
mlp,train,2022-12,country_mx,country_jp,1.0,0.5885594487190247
mlp,train,2021-12,country_mx,country_kr,0.0,0.43121951818466187
mlp,train,2022-01,country_mx,country_kr,0.0,0.6330307126045227
mlp,train,2022-02,country_mx,country_kr,0.0,0.4933716654777527
mlp,train,2022-03,country_mx,country_kr,0.0,0.40740153193473816
mlp,train,2022-04,country_mx,country_kr,0.0,0.3727225959300995
mlp,train,2022-05,country_mx,country_kr,0.0,0.39678433537483215
mlp,train,2022-06,country_mx,country_kr,0.0,0.3492004871368408
mlp,train,2022-07,country_mx,country_kr,0.0,0.3729212284088135
mlp,train,2022-08,country_mx,country_kr,0.0,0.44430112838745117
mlp,train,2022-09,country_mx,country_kr,0.0,0.3886071443557739
mlp,train,2022-10,country_mx,country_kr,1.0,0.41785162687301636
mlp,train,2022-11,country_mx,country_kr,1.0,0.6311894655227661
mlp,train,2022-12,country_mx,country_kr,1.0,0.6337499022483826
mlp,train,2021-12,country_mx,country_my,0.0,0.4065653681755066
mlp,train,2022-01,country_mx,country_my,1.0,0.5945888161659241
mlp,train,2022-02,country_mx,country_my,0.0,0.6304516196250916
mlp,train,2022-03,country_mx,country_my,0.0,0.42425623536109924
mlp,train,2022-04,country_mx,country_my,0.0,0.3728974163532257
mlp,train,2022-05,country_mx,country_my,0.0,0.4773663580417633
mlp,train,2022-06,country_mx,country_my,0.0,0.37589842081069946
mlp,train,2022-07,country_mx,country_my,0.0,0.4992615282535553
mlp,train,2022-08,country_mx,country_my,1.0,0.39957237243652344
mlp,train,2022-09,country_mx,country_my,1.0,0.4292510747909546
mlp,train,2022-10,country_mx,country_my,1.0,0.45408734679222107
mlp,train,2022-11,country_mx,country_my,1.0,0.4907412827014923
mlp,train,2022-12,country_mx,country_my,0.0,0.6894432902336121
mlp,train,2021-12,country_mx,country_ph,0.0,0.5677827596664429
mlp,train,2022-01,country_mx,country_ph,0.0,0.6845245361328125
mlp,train,2022-02,country_mx,country_ph,0.0,0.5400571227073669
mlp,train,2022-03,country_mx,country_ph,0.0,0.5797873735427856
mlp,train,2022-04,country_mx,country_ph,0.0,0.6343940496444702
mlp,train,2022-05,country_mx,country_ph,0.0,0.5245083570480347
mlp,train,2022-06,country_mx,country_ph,0.0,0.4840351641178131
mlp,train,2022-07,country_mx,country_ph,0.0,0.47275519371032715
mlp,train,2022-08,country_mx,country_ph,0.0,0.49549633264541626
mlp,train,2022-09,country_mx,country_ph,0.0,0.49636244773864746
mlp,train,2022-10,country_mx,country_ph,0.0,0.5168671607971191
mlp,train,2022-11,country_mx,country_ph,0.0,0.6335673332214355
mlp,train,2022-12,country_mx,country_ph,0.0,0.7079522609710693
mlp,train,2021-12,country_mx,country_sg,0.0,0.4385981857776642
mlp,train,2022-01,country_mx,country_sg,1.0,0.48579010367393494
mlp,train,2022-02,country_mx,country_sg,0.0,0.4504203200340271
mlp,train,2022-03,country_mx,country_sg,0.0,0.3668830096721649
mlp,train,2022-04,country_mx,country_sg,0.0,0.3993876874446869
mlp,train,2022-05,country_mx,country_sg,0.0,0.40511202812194824
mlp,train,2022-06,country_mx,country_sg,0.0,0.37528854608535767
mlp,train,2022-07,country_mx,country_sg,0.0,0.38106489181518555
mlp,train,2022-08,country_mx,country_sg,0.0,0.41282036900520325
mlp,train,2022-09,country_mx,country_sg,0.0,0.5696507096290588
mlp,train,2022-10,country_mx,country_sg,0.0,0.5735036134719849
mlp,train,2022-11,country_mx,country_sg,0.0,0.4653695523738861
mlp,train,2022-12,country_mx,country_sg,0.0,0.5368891358375549
mlp,train,2021-12,country_mx,country_th,0.0,0.4799918234348297
mlp,train,2022-01,country_mx,country_th,0.0,0.5240947008132935
mlp,train,2022-02,country_mx,country_th,0.0,0.5184482336044312
mlp,train,2022-03,country_mx,country_th,0.0,0.41115501523017883
mlp,train,2022-04,country_mx,country_th,0.0,0.47027334570884705
mlp,train,2022-05,country_mx,country_th,0.0,0.3941730856895447
mlp,train,2022-06,country_mx,country_th,0.0,0.4466302692890167
mlp,train,2022-07,country_mx,country_th,0.0,0.4203830361366272
mlp,train,2022-08,country_mx,country_th,0.0,0.4241854250431061
mlp,train,2022-09,country_mx,country_th,0.0,0.4590502083301544
mlp,train,2022-10,country_mx,country_th,0.0,0.488552451133728
mlp,train,2022-11,country_mx,country_th,0.0,0.6210588812828064
mlp,train,2022-12,country_mx,country_th,0.0,0.6379902362823486
mlp,train,2021-12,country_mx,country_us,1.0,0.28983229398727417
mlp,train,2022-01,country_mx,country_us,0.0,0.4521208107471466
mlp,train,2022-02,country_mx,country_us,0.0,0.34479251503944397
mlp,train,2022-03,country_mx,country_us,0.0,0.25820907950401306
mlp,train,2022-04,country_mx,country_us,0.0,0.29102203249931335
mlp,train,2022-05,country_mx,country_us,0.0,0.2776138186454773
mlp,train,2022-06,country_mx,country_us,1.0,0.290191113948822
mlp,train,2022-07,country_mx,country_us,0.0,0.3925309479236603
mlp,train,2022-08,country_mx,country_us,0.0,0.33615586161613464
mlp,train,2022-09,country_mx,country_us,0.0,0.2758108079433441
mlp,train,2022-10,country_mx,country_us,0.0,0.27050867676734924
mlp,train,2022-11,country_mx,country_us,0.0,0.41119590401649475
mlp,train,2022-12,country_mx,country_us,0.0,0.4530688524246216
mlp,train,2021-12,country_mx,country_vn,0.0,0.38381144404411316
mlp,train,2022-01,country_mx,country_vn,0.0,0.5642933249473572
mlp,train,2022-02,country_mx,country_vn,0.0,0.49421292543411255
mlp,train,2022-03,country_mx,country_vn,0.0,0.4260139465332031
mlp,train,2022-04,country_mx,country_vn,0.0,0.41435590386390686
mlp,train,2022-05,country_mx,country_vn,0.0,0.5316046476364136
mlp,train,2022-06,country_mx,country_vn,0.0,0.491293340921402
mlp,train,2022-07,country_mx,country_vn,1.0,0.4725175201892853
mlp,train,2022-08,country_mx,country_vn,1.0,0.44250351190567017
mlp,train,2022-09,country_mx,country_vn,0.0,0.49076077342033386
mlp,train,2022-10,country_mx,country_vn,1.0,0.4577751159667969
mlp,train,2022-11,country_mx,country_vn,0.0,0.6737073063850403
mlp,train,2022-12,country_mx,country_vn,0.0,0.6311899423599243
mlp,train,2021-12,country_my,country_203,0.0,0.4435998499393463
mlp,train,2022-01,country_my,country_203,1.0,0.4996088743209839
mlp,train,2022-02,country_my,country_203,0.0,0.5272387266159058
mlp,train,2022-03,country_my,country_203,0.0,0.46303924918174744
mlp,train,2022-04,country_my,country_203,1.0,0.5272561311721802
mlp,train,2022-05,country_my,country_203,0.0,0.5826669335365295
mlp,train,2022-06,country_my,country_203,1.0,0.48702096939086914
mlp,train,2022-07,country_my,country_203,0.0,0.610444962978363
mlp,train,2022-08,country_my,country_203,0.0,0.4882921874523163
mlp,train,2022-09,country_my,country_203,0.0,0.44749516248703003
mlp,train,2022-10,country_my,country_203,0.0,0.4813360869884491
mlp,train,2022-11,country_my,country_203,0.0,0.46798986196517944
mlp,train,2022-12,country_my,country_203,0.0,0.49504780769348145
mlp,train,2021-12,country_my,country_344,0.0,0.4272303581237793
mlp,train,2022-01,country_my,country_344,0.0,0.46794888377189636
mlp,train,2022-02,country_my,country_344,0.0,0.541954517364502
mlp,train,2022-03,country_my,country_344,0.0,0.438993901014328
mlp,train,2022-04,country_my,country_344,0.0,0.45304301381111145
mlp,train,2022-05,country_my,country_344,0.0,0.44324880838394165
mlp,train,2022-06,country_my,country_344,0.0,0.44027242064476013
mlp,train,2022-07,country_my,country_344,0.0,0.47737374901771545
mlp,train,2022-08,country_my,country_344,0.0,0.4973148703575134
mlp,train,2022-09,country_my,country_344,0.0,0.4348115921020508
mlp,train,2022-10,country_my,country_344,0.0,0.5013206601142883
mlp,train,2022-11,country_my,country_344,0.0,0.4729059338569641
mlp,train,2022-12,country_my,country_344,1.0,0.4527190029621124
mlp,train,2021-12,country_my,country_372,1.0,0.7282553315162659
mlp,train,2022-01,country_my,country_372,1.0,0.643017590045929
mlp,train,2022-02,country_my,country_372,1.0,0.5987970232963562
mlp,train,2022-03,country_my,country_372,1.0,0.4800736904144287
mlp,train,2022-04,country_my,country_372,0.0,0.5593292713165283
mlp,train,2022-05,country_my,country_372,0.0,0.5200615525245667
mlp,train,2022-06,country_my,country_372,0.0,0.6554617881774902
mlp,train,2022-07,country_my,country_372,0.0,0.5272338390350342
mlp,train,2022-08,country_my,country_372,0.0,0.4548158049583435
mlp,train,2022-09,country_my,country_372,0.0,0.5333051085472107
mlp,train,2022-10,country_my,country_372,0.0,0.6517876386642456
mlp,train,2022-11,country_my,country_372,0.0,0.5189884305000305
mlp,train,2022-12,country_my,country_372,0.0,0.5133049488067627
mlp,train,2021-12,country_my,country_380,0.0,0.5809687972068787
mlp,train,2022-01,country_my,country_380,0.0,0.5710396766662598
mlp,train,2022-02,country_my,country_380,1.0,0.6752877831459045
mlp,train,2022-03,country_my,country_380,1.0,0.6030319333076477
mlp,train,2022-04,country_my,country_380,1.0,0.6973351240158081
mlp,train,2022-05,country_my,country_380,0.0,0.6398063898086548
mlp,train,2022-06,country_my,country_380,0.0,0.47203195095062256
mlp,train,2022-07,country_my,country_380,0.0,0.5212645530700684
mlp,train,2022-08,country_my,country_380,0.0,0.6166061162948608
mlp,train,2022-09,country_my,country_380,0.0,0.5744985938072205
mlp,train,2022-10,country_my,country_380,0.0,0.5686445236206055
mlp,train,2022-11,country_my,country_380,1.0,0.6016314625740051
mlp,train,2022-12,country_my,country_380,0.0,0.6422024965286255
mlp,train,2021-12,country_my,country_cn,0.0,0.27994367480278015
mlp,train,2022-01,country_my,country_cn,0.0,0.33559349179267883
mlp,train,2022-02,country_my,country_cn,0.0,0.5474397540092468
mlp,train,2022-03,country_my,country_cn,0.0,0.30335533618927
mlp,train,2022-04,country_my,country_cn,0.0,0.3345944583415985
mlp,train,2022-05,country_my,country_cn,0.0,0.3373664915561676
mlp,train,2022-06,country_my,country_cn,0.0,0.2910235822200775
mlp,train,2022-07,country_my,country_cn,0.0,0.3037891089916229
mlp,train,2022-08,country_my,country_cn,0.0,0.302196204662323
mlp,train,2022-09,country_my,country_cn,0.0,0.2901890277862549
mlp,train,2022-10,country_my,country_cn,0.0,0.32014867663383484
mlp,train,2022-11,country_my,country_cn,0.0,0.33854642510414124
mlp,train,2022-12,country_my,country_cn,1.0,0.32308557629585266
mlp,train,2021-12,country_my,country_de,0.0,0.29798874258995056
mlp,train,2022-01,country_my,country_de,0.0,0.33398228883743286
mlp,train,2022-02,country_my,country_de,0.0,0.3710532486438751
mlp,train,2022-03,country_my,country_de,0.0,0.28906866908073425
mlp,train,2022-04,country_my,country_de,0.0,0.29835614562034607
mlp,train,2022-05,country_my,country_de,0.0,0.31667548418045044
mlp,train,2022-06,country_my,country_de,0.0,0.288521945476532
mlp,train,2022-07,country_my,country_de,0.0,0.31168121099472046
mlp,train,2022-08,country_my,country_de,0.0,0.2856270968914032
mlp,train,2022-09,country_my,country_de,0.0,0.33836498856544495
mlp,train,2022-10,country_my,country_de,0.0,0.32910212874412537
mlp,train,2022-11,country_my,country_de,0.0,0.3034413754940033
mlp,train,2022-12,country_my,country_de,0.0,0.3698088526725769
mlp,train,2021-12,country_my,country_fr,0.0,0.39091822504997253
mlp,train,2022-01,country_my,country_fr,0.0,0.33323997259140015
mlp,train,2022-02,country_my,country_fr,0.0,0.4161091446876526
mlp,train,2022-03,country_my,country_fr,0.0,0.3071444630622864
mlp,train,2022-04,country_my,country_fr,0.0,0.3068964183330536
mlp,train,2022-05,country_my,country_fr,0.0,0.33727169036865234
mlp,train,2022-06,country_my,country_fr,0.0,0.3232429623603821
mlp,train,2022-07,country_my,country_fr,0.0,0.3454795777797699
mlp,train,2022-08,country_my,country_fr,0.0,0.33979475498199463
mlp,train,2022-09,country_my,country_fr,0.0,0.40415316820144653
mlp,train,2022-10,country_my,country_fr,0.0,0.38462886214256287
mlp,train,2022-11,country_my,country_fr,1.0,0.34564435482025146
mlp,train,2022-12,country_my,country_fr,0.0,0.5798636674880981
mlp,train,2021-12,country_my,country_gb,0.0,0.4372038245201111
mlp,train,2022-01,country_my,country_gb,0.0,0.2891426980495453
mlp,train,2022-02,country_my,country_gb,0.0,0.31426456570625305
mlp,train,2022-03,country_my,country_gb,0.0,0.3166666030883789
mlp,train,2022-04,country_my,country_gb,0.0,0.3060026168823242
mlp,train,2022-05,country_my,country_gb,0.0,0.38254570960998535
mlp,train,2022-06,country_my,country_gb,0.0,0.32322806119918823
mlp,train,2022-07,country_my,country_gb,0.0,0.36281368136405945
mlp,train,2022-08,country_my,country_gb,0.0,0.33344635367393494
mlp,train,2022-09,country_my,country_gb,1.0,0.5441664457321167
mlp,train,2022-10,country_my,country_gb,0.0,0.5644336938858032
mlp,train,2022-11,country_my,country_gb,0.0,0.30023327469825745
mlp,train,2022-12,country_my,country_gb,0.0,0.3471537232398987
mlp,train,2021-12,country_my,country_in,0.0,0.4548576772212982
mlp,train,2022-01,country_my,country_in,0.0,0.29699429869651794
mlp,train,2022-02,country_my,country_in,0.0,0.3550301492214203
mlp,train,2022-03,country_my,country_in,1.0,0.2685963809490204
mlp,train,2022-04,country_my,country_in,1.0,0.40219205617904663
mlp,train,2022-05,country_my,country_in,1.0,0.6506372094154358
mlp,train,2022-06,country_my,country_in,0.0,0.6309444904327393
mlp,train,2022-07,country_my,country_in,0.0,0.35506686568260193
mlp,train,2022-08,country_my,country_in,0.0,0.3135890066623688
mlp,train,2022-09,country_my,country_in,0.0,0.33971863985061646
mlp,train,2022-10,country_my,country_in,0.0,0.5277055501937866
mlp,train,2022-11,country_my,country_in,0.0,0.5068137049674988
mlp,train,2022-12,country_my,country_in,0.0,0.376699298620224
mlp,train,2021-12,country_my,country_jp,0.0,0.32247525453567505
mlp,train,2022-01,country_my,country_jp,0.0,0.35138678550720215
mlp,train,2022-02,country_my,country_jp,0.0,0.5430106520652771
mlp,train,2022-03,country_my,country_jp,0.0,0.3247282803058624
mlp,train,2022-04,country_my,country_jp,0.0,0.35208621621131897
mlp,train,2022-05,country_my,country_jp,0.0,0.3250666558742523
mlp,train,2022-06,country_my,country_jp,0.0,0.3306196928024292
mlp,train,2022-07,country_my,country_jp,0.0,0.3939039409160614
mlp,train,2022-08,country_my,country_jp,0.0,0.33367806673049927
mlp,train,2022-09,country_my,country_jp,1.0,0.42687761783599854
mlp,train,2022-10,country_my,country_jp,0.0,0.3406168520450592
mlp,train,2022-11,country_my,country_jp,0.0,0.32570019364356995
mlp,train,2022-12,country_my,country_jp,0.0,0.43833646178245544
mlp,train,2021-12,country_my,country_kr,0.0,0.33958423137664795
mlp,train,2022-01,country_my,country_kr,0.0,0.4602876603603363
mlp,train,2022-02,country_my,country_kr,0.0,0.5156555771827698
mlp,train,2022-03,country_my,country_kr,0.0,0.3232737183570862
mlp,train,2022-04,country_my,country_kr,0.0,0.3069087862968445
mlp,train,2022-05,country_my,country_kr,0.0,0.34556055068969727
mlp,train,2022-06,country_my,country_kr,0.0,0.3006494641304016
mlp,train,2022-07,country_my,country_kr,0.0,0.30247044563293457
mlp,train,2022-08,country_my,country_kr,0.0,0.3436529338359833
mlp,train,2022-09,country_my,country_kr,0.0,0.3436264395713806
mlp,train,2022-10,country_my,country_kr,0.0,0.3725419342517853
mlp,train,2022-11,country_my,country_kr,0.0,0.5010389685630798
mlp,train,2022-12,country_my,country_kr,0.0,0.4573606848716736
mlp,train,2021-12,country_my,country_mx,0.0,0.26833733916282654
mlp,train,2022-01,country_my,country_mx,0.0,0.45561063289642334
mlp,train,2022-02,country_my,country_mx,0.0,0.361301988363266
mlp,train,2022-03,country_my,country_mx,0.0,0.30661478638648987
mlp,train,2022-04,country_my,country_mx,0.0,0.2829674184322357
mlp,train,2022-05,country_my,country_mx,0.0,0.3103586733341217
mlp,train,2022-06,country_my,country_mx,0.0,0.27533382177352905
mlp,train,2022-07,country_my,country_mx,0.0,0.2730914056301117
mlp,train,2022-08,country_my,country_mx,0.0,0.26809248328208923
mlp,train,2022-09,country_my,country_mx,0.0,0.3017677366733551
mlp,train,2022-10,country_my,country_mx,0.0,0.3134925365447998
mlp,train,2022-11,country_my,country_mx,1.0,0.3352110683917999
mlp,train,2022-12,country_my,country_mx,1.0,0.5118769407272339
mlp,train,2021-12,country_my,country_ph,0.0,0.3567938804626465
mlp,train,2022-01,country_my,country_ph,0.0,0.35204869508743286
mlp,train,2022-02,country_my,country_ph,0.0,0.5268445611000061
mlp,train,2022-03,country_my,country_ph,0.0,0.3447303771972656
mlp,train,2022-04,country_my,country_ph,0.0,0.3945005536079407
mlp,train,2022-05,country_my,country_ph,0.0,0.34652018547058105
mlp,train,2022-06,country_my,country_ph,0.0,0.3128001093864441
mlp,train,2022-07,country_my,country_ph,0.0,0.32495221495628357
mlp,train,2022-08,country_my,country_ph,0.0,0.32127243280410767
mlp,train,2022-09,country_my,country_ph,0.0,0.36047157645225525
mlp,train,2022-10,country_my,country_ph,0.0,0.3805481195449829
mlp,train,2022-11,country_my,country_ph,0.0,0.4039543867111206
mlp,train,2022-12,country_my,country_ph,0.0,0.539374589920044
mlp,train,2021-12,country_my,country_sg,0.0,0.3520802855491638
mlp,train,2022-01,country_my,country_sg,0.0,0.28630661964416504
mlp,train,2022-02,country_my,country_sg,0.0,0.42189279198646545
mlp,train,2022-03,country_my,country_sg,0.0,0.27680906653404236
mlp,train,2022-04,country_my,country_sg,0.0,0.30273154377937317
mlp,train,2022-05,country_my,country_sg,0.0,0.3166935443878174
mlp,train,2022-06,country_my,country_sg,0.0,0.2948605716228485
mlp,train,2022-07,country_my,country_sg,0.0,0.29772162437438965
mlp,train,2022-08,country_my,country_sg,0.0,0.3148013651371002
mlp,train,2022-09,country_my,country_sg,1.0,0.509080171585083
mlp,train,2022-10,country_my,country_sg,0.0,0.5125440955162048
mlp,train,2022-11,country_my,country_sg,0.0,0.309532105922699
mlp,train,2022-12,country_my,country_sg,1.0,0.3398576080799103
mlp,train,2021-12,country_my,country_th,0.0,0.35782361030578613
mlp,train,2022-01,country_my,country_th,0.0,0.30307525396347046
mlp,train,2022-02,country_my,country_th,0.0,0.4877440333366394
mlp,train,2022-03,country_my,country_th,0.0,0.30934134125709534
mlp,train,2022-04,country_my,country_th,0.0,0.3336406350135803
mlp,train,2022-05,country_my,country_th,0.0,0.3293056786060333
mlp,train,2022-06,country_my,country_th,0.0,0.33211347460746765
mlp,train,2022-07,country_my,country_th,0.0,0.31078141927719116
mlp,train,2022-08,country_my,country_th,0.0,0.3005175292491913
mlp,train,2022-09,country_my,country_th,0.0,0.38676413893699646
mlp,train,2022-10,country_my,country_th,0.0,0.40564242005348206
mlp,train,2022-11,country_my,country_th,0.0,0.44370031356811523
mlp,train,2022-12,country_my,country_th,0.0,0.4356078803539276
mlp,train,2021-12,country_my,country_us,1.0,0.2576940059661865
mlp,train,2022-01,country_my,country_us,1.0,0.35521963238716125
mlp,train,2022-02,country_my,country_us,0.0,0.36305922269821167
mlp,train,2022-03,country_my,country_us,1.0,0.21597477793693542
mlp,train,2022-04,country_my,country_us,0.0,0.25216758251190186
mlp,train,2022-05,country_my,country_us,0.0,0.24041612446308136
mlp,train,2022-06,country_my,country_us,1.0,0.25350698828697205
mlp,train,2022-07,country_my,country_us,1.0,0.36450162529945374
mlp,train,2022-08,country_my,country_us,0.0,0.3102472424507141
mlp,train,2022-09,country_my,country_us,0.0,0.2670804560184479
mlp,train,2022-10,country_my,country_us,0.0,0.25897783041000366
mlp,train,2022-11,country_my,country_us,0.0,0.3311312198638916
mlp,train,2022-12,country_my,country_us,0.0,0.3742569386959076
mlp,train,2021-12,country_my,country_vn,0.0,0.34872913360595703
mlp,train,2022-01,country_my,country_vn,1.0,0.39969661831855774
mlp,train,2022-02,country_my,country_vn,0.0,0.5481387972831726
mlp,train,2022-03,country_my,country_vn,0.0,0.3563273847103119
mlp,train,2022-04,country_my,country_vn,0.0,0.3963795006275177
mlp,train,2022-05,country_my,country_vn,0.0,0.5008137822151184
mlp,train,2022-06,country_my,country_vn,0.0,0.44937053322792053
mlp,train,2022-07,country_my,country_vn,0.0,0.4251362681388855
mlp,train,2022-08,country_my,country_vn,1.0,0.34090930223464966
mlp,train,2022-09,country_my,country_vn,0.0,0.4250166118144989
mlp,train,2022-10,country_my,country_vn,0.0,0.4400213658809662
mlp,train,2022-11,country_my,country_vn,1.0,0.5750665068626404
mlp,train,2022-12,country_my,country_vn,0.0,0.53371262550354
mlp,train,2021-12,country_ph,country_203,0.0,0.5003258585929871
mlp,train,2022-01,country_ph,country_203,0.0,0.5385016202926636
mlp,train,2022-02,country_ph,country_203,0.0,0.5417296290397644
mlp,train,2022-03,country_ph,country_203,0.0,0.5045680999755859
mlp,train,2022-04,country_ph,country_203,0.0,0.5891053080558777
mlp,train,2022-05,country_ph,country_203,0.0,0.6006965041160583
mlp,train,2022-06,country_ph,country_203,0.0,0.5410765409469604
mlp,train,2022-07,country_ph,country_203,0.0,0.620352566242218
mlp,train,2022-08,country_ph,country_203,1.0,0.5363962054252625
mlp,train,2022-09,country_ph,country_203,0.0,0.5046089887619019
mlp,train,2022-10,country_ph,country_203,0.0,0.5370088815689087
mlp,train,2022-11,country_ph,country_203,1.0,0.5585951805114746
mlp,train,2022-12,country_ph,country_203,1.0,0.5911234617233276
mlp,train,2021-12,country_ph,country_344,0.0,0.43238285183906555
mlp,train,2022-01,country_ph,country_344,0.0,0.47160086035728455
mlp,train,2022-02,country_ph,country_344,0.0,0.540533721446991
mlp,train,2022-03,country_ph,country_344,0.0,0.4416646957397461
mlp,train,2022-04,country_ph,country_344,0.0,0.46051061153411865
mlp,train,2022-05,country_ph,country_344,0.0,0.45373573899269104
mlp,train,2022-06,country_ph,country_344,0.0,0.45431241393089294
mlp,train,2022-07,country_ph,country_344,0.0,0.4901811480522156
mlp,train,2022-08,country_ph,country_344,0.0,0.5087582468986511
mlp,train,2022-09,country_ph,country_344,0.0,0.42533963918685913
mlp,train,2022-10,country_ph,country_344,0.0,0.4932900369167328
mlp,train,2022-11,country_ph,country_344,0.0,0.5070592164993286
mlp,train,2022-12,country_ph,country_344,0.0,0.47260329127311707
mlp,train,2021-12,country_ph,country_372,0.0,0.7465285062789917
mlp,train,2022-01,country_ph,country_372,0.0,0.6540446281433105
mlp,train,2022-02,country_ph,country_372,0.0,0.6043585538864136
mlp,train,2022-03,country_ph,country_372,0.0,0.5163934230804443
mlp,train,2022-04,country_ph,country_372,0.0,0.5978919863700867
mlp,train,2022-05,country_ph,country_372,0.0,0.5199456810951233
mlp,train,2022-06,country_ph,country_372,0.0,0.676114559173584
mlp,train,2022-07,country_ph,country_372,0.0,0.5781455039978027
mlp,train,2022-08,country_ph,country_372,0.0,0.5143410563468933
mlp,train,2022-09,country_ph,country_372,0.0,0.5622369647026062
mlp,train,2022-10,country_ph,country_372,0.0,0.6763426065444946
mlp,train,2022-11,country_ph,country_372,1.0,0.5997883081436157
mlp,train,2022-12,country_ph,country_372,0.0,0.6161898970603943
mlp,train,2021-12,country_ph,country_380,0.0,0.5758001208305359
mlp,train,2022-01,country_ph,country_380,1.0,0.5884184837341309
mlp,train,2022-02,country_ph,country_380,1.0,0.7023787498474121
mlp,train,2022-03,country_ph,country_380,1.0,0.6323738098144531
mlp,train,2022-04,country_ph,country_380,1.0,0.752633810043335
mlp,train,2022-05,country_ph,country_380,0.0,0.7021684050559998
mlp,train,2022-06,country_ph,country_380,0.0,0.49512362480163574
mlp,train,2022-07,country_ph,country_380,1.0,0.5426653623580933
mlp,train,2022-08,country_ph,country_380,0.0,0.6518997550010681
mlp,train,2022-09,country_ph,country_380,0.0,0.5743930339813232
mlp,train,2022-10,country_ph,country_380,1.0,0.5912197232246399
mlp,train,2022-11,country_ph,country_380,1.0,0.655076801776886
mlp,train,2022-12,country_ph,country_380,0.0,0.687222421169281
mlp,train,2021-12,country_ph,country_cn,0.0,0.28765907883644104
mlp,train,2022-01,country_ph,country_cn,0.0,0.33527672290802
mlp,train,2022-02,country_ph,country_cn,0.0,0.5589209794998169
mlp,train,2022-03,country_ph,country_cn,0.0,0.3136966824531555
mlp,train,2022-04,country_ph,country_cn,0.0,0.37047678232192993
mlp,train,2022-05,country_ph,country_cn,0.0,0.3541688024997711
mlp,train,2022-06,country_ph,country_cn,0.0,0.31146806478500366
mlp,train,2022-07,country_ph,country_cn,0.0,0.3141041398048401
mlp,train,2022-08,country_ph,country_cn,0.0,0.31820347905158997
mlp,train,2022-09,country_ph,country_cn,0.0,0.27742546796798706
mlp,train,2022-10,country_ph,country_cn,0.0,0.32011598348617554
mlp,train,2022-11,country_ph,country_cn,0.0,0.43817582726478577
mlp,train,2022-12,country_ph,country_cn,1.0,0.38607078790664673
mlp,train,2021-12,country_ph,country_de,0.0,0.29523634910583496
mlp,train,2022-01,country_ph,country_de,0.0,0.3296864330768585
mlp,train,2022-02,country_ph,country_de,0.0,0.36191776394844055
mlp,train,2022-03,country_ph,country_de,0.0,0.2939470112323761
mlp,train,2022-04,country_ph,country_de,0.0,0.3272952139377594
mlp,train,2022-05,country_ph,country_de,0.0,0.31412166357040405
mlp,train,2022-06,country_ph,country_de,0.0,0.30563196539878845
mlp,train,2022-07,country_ph,country_de,0.0,0.31675130128860474
mlp,train,2022-08,country_ph,country_de,0.0,0.2962479889392853
mlp,train,2022-09,country_ph,country_de,0.0,0.31418466567993164
mlp,train,2022-10,country_ph,country_de,0.0,0.3237951099872589
mlp,train,2022-11,country_ph,country_de,0.0,0.37289759516716003
mlp,train,2022-12,country_ph,country_de,0.0,0.433051198720932
mlp,train,2021-12,country_ph,country_fr,0.0,0.39561766386032104
mlp,train,2022-01,country_ph,country_fr,0.0,0.3320106267929077
mlp,train,2022-02,country_ph,country_fr,0.0,0.40101519227027893
mlp,train,2022-03,country_ph,country_fr,0.0,0.31695523858070374
mlp,train,2022-04,country_ph,country_fr,0.0,0.3348306119441986
mlp,train,2022-05,country_ph,country_fr,0.0,0.3325699269771576
mlp,train,2022-06,country_ph,country_fr,0.0,0.34157097339630127
mlp,train,2022-07,country_ph,country_fr,0.0,0.3585059344768524
mlp,train,2022-08,country_ph,country_fr,0.0,0.3564469516277313
mlp,train,2022-09,country_ph,country_fr,0.0,0.3732910454273224
mlp,train,2022-10,country_ph,country_fr,0.0,0.3833449184894562
mlp,train,2022-11,country_ph,country_fr,0.0,0.445154070854187
mlp,train,2022-12,country_ph,country_fr,0.0,0.6178640723228455
mlp,train,2021-12,country_ph,country_gb,0.0,0.4392924904823303
mlp,train,2022-01,country_ph,country_gb,0.0,0.29001912474632263
mlp,train,2022-02,country_ph,country_gb,0.0,0.3242616653442383
mlp,train,2022-03,country_ph,country_gb,0.0,0.33009251952171326
mlp,train,2022-04,country_ph,country_gb,0.0,0.34759294986724854
mlp,train,2022-05,country_ph,country_gb,0.0,0.39477646350860596
mlp,train,2022-06,country_ph,country_gb,0.0,0.3421888053417206
mlp,train,2022-07,country_ph,country_gb,0.0,0.38826024532318115
mlp,train,2022-08,country_ph,country_gb,0.0,0.35576707124710083
mlp,train,2022-09,country_ph,country_gb,0.0,0.5426037311553955
mlp,train,2022-10,country_ph,country_gb,0.0,0.5713200569152832
mlp,train,2022-11,country_ph,country_gb,0.0,0.3761681914329529
mlp,train,2022-12,country_ph,country_gb,0.0,0.4182642102241516
mlp,train,2021-12,country_ph,country_in,0.0,0.4814804196357727
mlp,train,2022-01,country_ph,country_in,0.0,0.33033835887908936
mlp,train,2022-02,country_ph,country_in,0.0,0.3771371841430664
mlp,train,2022-03,country_ph,country_in,0.0,0.3083983063697815
mlp,train,2022-04,country_ph,country_in,0.0,0.48103535175323486
mlp,train,2022-05,country_ph,country_in,0.0,0.6408586502075195
mlp,train,2022-06,country_ph,country_in,0.0,0.6498952507972717
mlp,train,2022-07,country_ph,country_in,0.0,0.3658880889415741
mlp,train,2022-08,country_ph,country_in,0.0,0.3248339593410492
mlp,train,2022-09,country_ph,country_in,0.0,0.32697170972824097
mlp,train,2022-10,country_ph,country_in,0.0,0.5480177402496338
mlp,train,2022-11,country_ph,country_in,1.0,0.6166591644287109
mlp,train,2022-12,country_ph,country_in,0.0,0.529312789440155
mlp,train,2021-12,country_ph,country_jp,0.0,0.3184853494167328
mlp,train,2022-01,country_ph,country_jp,0.0,0.34905701875686646
mlp,train,2022-02,country_ph,country_jp,0.0,0.5417413115501404
mlp,train,2022-03,country_ph,country_jp,0.0,0.33122125267982483
mlp,train,2022-04,country_ph,country_jp,0.0,0.3834310472011566
mlp,train,2022-05,country_ph,country_jp,0.0,0.32068124413490295
mlp,train,2022-06,country_ph,country_jp,0.0,0.3469107747077942
mlp,train,2022-07,country_ph,country_jp,0.0,0.40775907039642334
mlp,train,2022-08,country_ph,country_jp,0.0,0.3442896008491516
mlp,train,2022-09,country_ph,country_jp,0.0,0.39880338311195374
mlp,train,2022-10,country_ph,country_jp,0.0,0.33267906308174133
mlp,train,2022-11,country_ph,country_jp,0.0,0.40760672092437744
mlp,train,2022-12,country_ph,country_jp,0.0,0.49244561791419983
mlp,train,2021-12,country_ph,country_kr,0.0,0.3429996371269226
mlp,train,2022-01,country_ph,country_kr,0.0,0.4560813307762146
mlp,train,2022-02,country_ph,country_kr,0.0,0.5246800780296326
mlp,train,2022-03,country_ph,country_kr,0.0,0.3324868083000183
mlp,train,2022-04,country_ph,country_kr,0.0,0.34046217799186707
mlp,train,2022-05,country_ph,country_kr,0.0,0.3501638174057007
mlp,train,2022-06,country_ph,country_kr,0.0,0.320414274930954
mlp,train,2022-07,country_ph,country_kr,0.0,0.31334877014160156
mlp,train,2022-08,country_ph,country_kr,0.0,0.3640047311782837
mlp,train,2022-09,country_ph,country_kr,0.0,0.32469746470451355
mlp,train,2022-10,country_ph,country_kr,0.0,0.3735954761505127
mlp,train,2022-11,country_ph,country_kr,0.0,0.5883442163467407
mlp,train,2022-12,country_ph,country_kr,0.0,0.5445458292961121
mlp,train,2021-12,country_ph,country_mx,0.0,0.2946113646030426
mlp,train,2022-01,country_ph,country_mx,0.0,0.49071523547172546
mlp,train,2022-02,country_ph,country_mx,0.0,0.39327096939086914
mlp,train,2022-03,country_ph,country_mx,0.0,0.36395153403282166
mlp,train,2022-04,country_ph,country_mx,0.0,0.35863950848579407
mlp,train,2022-05,country_ph,country_mx,0.0,0.35112088918685913
mlp,train,2022-06,country_ph,country_mx,0.0,0.31408175826072693
mlp,train,2022-07,country_ph,country_mx,0.0,0.3054628372192383
mlp,train,2022-08,country_ph,country_mx,0.0,0.31405341625213623
mlp,train,2022-09,country_ph,country_mx,0.0,0.302092045545578
mlp,train,2022-10,country_ph,country_mx,0.0,0.34859171509742737
mlp,train,2022-11,country_ph,country_mx,0.0,0.48926597833633423
mlp,train,2022-12,country_ph,country_mx,0.0,0.6122546792030334
mlp,train,2021-12,country_ph,country_my,0.0,0.33654242753982544
mlp,train,2022-01,country_ph,country_my,0.0,0.35865482687950134
mlp,train,2022-02,country_ph,country_my,0.0,0.5059343576431274
mlp,train,2022-03,country_ph,country_my,0.0,0.3112504482269287
mlp,train,2022-04,country_ph,country_my,0.0,0.3273828625679016
mlp,train,2022-05,country_ph,country_my,0.0,0.3319888114929199
mlp,train,2022-06,country_ph,country_my,0.0,0.3143686354160309
mlp,train,2022-07,country_ph,country_my,0.0,0.3609622120857239
mlp,train,2022-08,country_ph,country_my,0.0,0.32294806838035583
mlp,train,2022-09,country_ph,country_my,0.0,0.34640389680862427
mlp,train,2022-10,country_ph,country_my,0.0,0.36276504397392273
mlp,train,2022-11,country_ph,country_my,0.0,0.3855743408203125
mlp,train,2022-12,country_ph,country_my,0.0,0.5223211050033569
mlp,train,2021-12,country_ph,country_sg,0.0,0.3534390330314636
mlp,train,2022-01,country_ph,country_sg,0.0,0.2814364433288574
mlp,train,2022-02,country_ph,country_sg,0.0,0.42208269238471985
mlp,train,2022-03,country_ph,country_sg,0.0,0.2863501012325287
mlp,train,2022-04,country_ph,country_sg,0.0,0.33216795325279236
mlp,train,2022-05,country_ph,country_sg,0.0,0.324042946100235
mlp,train,2022-06,country_ph,country_sg,0.0,0.31147265434265137
mlp,train,2022-07,country_ph,country_sg,0.0,0.3012966811656952
mlp,train,2022-08,country_ph,country_sg,1.0,0.32985007762908936
mlp,train,2022-09,country_ph,country_sg,1.0,0.5161608457565308
mlp,train,2022-10,country_ph,country_sg,1.0,0.5311379432678223
mlp,train,2022-11,country_ph,country_sg,1.0,0.3999583423137665
mlp,train,2022-12,country_ph,country_sg,1.0,0.4124806821346283
mlp,train,2021-12,country_ph,country_th,0.0,0.3550333082675934
mlp,train,2022-01,country_ph,country_th,0.0,0.2957342267036438
mlp,train,2022-02,country_ph,country_th,0.0,0.4770604372024536
mlp,train,2022-03,country_ph,country_th,0.0,0.3112665116786957
mlp,train,2022-04,country_ph,country_th,0.0,0.3612772226333618
mlp,train,2022-05,country_ph,country_th,0.0,0.3220846354961395
mlp,train,2022-06,country_ph,country_th,0.0,0.34188657999038696
mlp,train,2022-07,country_ph,country_th,0.0,0.3173829913139343
mlp,train,2022-08,country_ph,country_th,0.0,0.3104427456855774
mlp,train,2022-09,country_ph,country_th,0.0,0.36208266019821167
mlp,train,2022-10,country_ph,country_th,0.0,0.40396589040756226
mlp,train,2022-11,country_ph,country_th,0.0,0.561038613319397
mlp,train,2022-12,country_ph,country_th,0.0,0.5246932506561279
mlp,train,2021-12,country_ph,country_us,0.0,0.28651732206344604
mlp,train,2022-01,country_ph,country_us,0.0,0.3734948933124542
mlp,train,2022-02,country_ph,country_us,0.0,0.3854552209377289
mlp,train,2022-03,country_ph,country_us,0.0,0.2561797797679901
mlp,train,2022-04,country_ph,country_us,0.0,0.2990296483039856
mlp,train,2022-05,country_ph,country_us,0.0,0.2803907096385956
mlp,train,2022-06,country_ph,country_us,0.0,0.29126057028770447
mlp,train,2022-07,country_ph,country_us,0.0,0.3793262839317322
mlp,train,2022-08,country_ph,country_us,0.0,0.3308308720588684
mlp,train,2022-09,country_ph,country_us,0.0,0.27706530690193176
mlp,train,2022-10,country_ph,country_us,0.0,0.2815350890159607
mlp,train,2022-11,country_ph,country_us,0.0,0.41770753264427185
mlp,train,2022-12,country_ph,country_us,0.0,0.4459679126739502
mlp,train,2021-12,country_ph,country_vn,0.0,0.33723536133766174
mlp,train,2022-01,country_ph,country_vn,0.0,0.40385398268699646
mlp,train,2022-02,country_ph,country_vn,0.0,0.5395640134811401
mlp,train,2022-03,country_ph,country_vn,0.0,0.36651545763015747
mlp,train,2022-04,country_ph,country_vn,0.0,0.4209086298942566
mlp,train,2022-05,country_ph,country_vn,0.0,0.49876898527145386
mlp,train,2022-06,country_ph,country_vn,0.0,0.4720958173274994
mlp,train,2022-07,country_ph,country_vn,0.0,0.44870230555534363
mlp,train,2022-08,country_ph,country_vn,0.0,0.35275402665138245
mlp,train,2022-09,country_ph,country_vn,0.0,0.42181679606437683
mlp,train,2022-10,country_ph,country_vn,0.0,0.44999033212661743
mlp,train,2022-11,country_ph,country_vn,0.0,0.6058494448661804
mlp,train,2022-12,country_ph,country_vn,0.0,0.5651578903198242
mlp,train,2021-12,country_sg,country_203,0.0,0.6746587753295898
mlp,train,2022-01,country_sg,country_203,0.0,0.5962441563606262
mlp,train,2022-02,country_sg,country_203,0.0,0.6136170625686646
mlp,train,2022-03,country_sg,country_203,0.0,0.5595694780349731
mlp,train,2022-04,country_sg,country_203,0.0,0.628990650177002
mlp,train,2022-05,country_sg,country_203,1.0,0.6636850237846375
mlp,train,2022-06,country_sg,country_203,1.0,0.6176318526268005
mlp,train,2022-07,country_sg,country_203,1.0,0.6820343136787415
mlp,train,2022-08,country_sg,country_203,0.0,0.6211348176002502
mlp,train,2022-09,country_sg,country_203,0.0,0.6098412275314331
mlp,train,2022-10,country_sg,country_203,0.0,0.6302560567855835
mlp,train,2022-11,country_sg,country_203,1.0,0.5905721783638
mlp,train,2022-12,country_sg,country_203,1.0,0.5903654098510742
mlp,train,2021-12,country_sg,country_344,0.0,0.46665680408477783
mlp,train,2022-01,country_sg,country_344,0.0,0.46185410022735596
mlp,train,2022-02,country_sg,country_344,0.0,0.5066255927085876
mlp,train,2022-03,country_sg,country_344,0.0,0.42407357692718506
mlp,train,2022-04,country_sg,country_344,0.0,0.42760536074638367
mlp,train,2022-05,country_sg,country_344,0.0,0.4237827658653259
mlp,train,2022-06,country_sg,country_344,0.0,0.4186212122440338
mlp,train,2022-07,country_sg,country_344,0.0,0.46913495659828186
mlp,train,2022-08,country_sg,country_344,0.0,0.4935186505317688
mlp,train,2022-09,country_sg,country_344,1.0,0.4689655303955078
mlp,train,2022-10,country_sg,country_344,1.0,0.5540422797203064
mlp,train,2022-11,country_sg,country_344,0.0,0.46442824602127075
mlp,train,2022-12,country_sg,country_344,1.0,0.40679794549942017
mlp,train,2021-12,country_sg,country_372,1.0,0.8028115034103394
mlp,train,2022-01,country_sg,country_372,0.0,0.7392997741699219
mlp,train,2022-02,country_sg,country_372,0.0,0.6584270596504211
mlp,train,2022-03,country_sg,country_372,1.0,0.5607817769050598
mlp,train,2022-04,country_sg,country_372,0.0,0.6213544607162476
mlp,train,2022-05,country_sg,country_372,0.0,0.5312603116035461
mlp,train,2022-06,country_sg,country_372,1.0,0.7086286544799805
mlp,train,2022-07,country_sg,country_372,0.0,0.6663163304328918
mlp,train,2022-08,country_sg,country_372,0.0,0.5148022174835205
mlp,train,2022-09,country_sg,country_372,1.0,0.6529426574707031
mlp,train,2022-10,country_sg,country_372,0.0,0.7885190844535828
mlp,train,2022-11,country_sg,country_372,0.0,0.649175763130188
mlp,train,2022-12,country_sg,country_372,0.0,0.5629791021347046
mlp,train,2021-12,country_sg,country_380,0.0,0.6419500708580017
mlp,train,2022-01,country_sg,country_380,1.0,0.5636616945266724
mlp,train,2022-02,country_sg,country_380,1.0,0.6756740212440491
mlp,train,2022-03,country_sg,country_380,1.0,0.6275598406791687
mlp,train,2022-04,country_sg,country_380,1.0,0.6677473783493042
mlp,train,2022-05,country_sg,country_380,0.0,0.6598493456840515
mlp,train,2022-06,country_sg,country_380,0.0,0.47190526127815247
mlp,train,2022-07,country_sg,country_380,0.0,0.5035425424575806
mlp,train,2022-08,country_sg,country_380,0.0,0.5799810290336609
mlp,train,2022-09,country_sg,country_380,0.0,0.6192934513092041
mlp,train,2022-10,country_sg,country_380,0.0,0.6120606064796448
mlp,train,2022-11,country_sg,country_380,0.0,0.5677364468574524
mlp,train,2022-12,country_sg,country_380,0.0,0.5543637871742249
mlp,train,2021-12,country_sg,country_cn,0.0,0.37994545698165894
mlp,train,2022-01,country_sg,country_cn,1.0,0.3457317650318146
mlp,train,2022-02,country_sg,country_cn,0.0,0.5656829476356506
mlp,train,2022-03,country_sg,country_cn,0.0,0.3222392797470093
mlp,train,2022-04,country_sg,country_cn,0.0,0.3481348156929016
mlp,train,2022-05,country_sg,country_cn,0.0,0.35888856649398804
mlp,train,2022-06,country_sg,country_cn,0.0,0.3078233301639557
mlp,train,2022-07,country_sg,country_cn,0.0,0.31160300970077515
mlp,train,2022-08,country_sg,country_cn,0.0,0.3281111717224121
mlp,train,2022-09,country_sg,country_cn,0.0,0.41149118542671204
mlp,train,2022-10,country_sg,country_cn,0.0,0.45872053503990173
mlp,train,2022-11,country_sg,country_cn,0.0,0.37135085463523865
mlp,train,2022-12,country_sg,country_cn,1.0,0.29303696751594543
mlp,train,2021-12,country_sg,country_de,0.0,0.4614318609237671
mlp,train,2022-01,country_sg,country_de,0.0,0.36389440298080444
mlp,train,2022-02,country_sg,country_de,0.0,0.40438583493232727
mlp,train,2022-03,country_sg,country_de,0.0,0.32337185740470886
mlp,train,2022-04,country_sg,country_de,0.0,0.3264000415802002
mlp,train,2022-05,country_sg,country_de,0.0,0.3407481014728546
mlp,train,2022-06,country_sg,country_de,0.0,0.32558363676071167
mlp,train,2022-07,country_sg,country_de,0.0,0.3413863480091095
mlp,train,2022-08,country_sg,country_de,0.0,0.32398706674575806
mlp,train,2022-09,country_sg,country_de,0.0,0.4975944757461548
mlp,train,2022-10,country_sg,country_de,0.0,0.5170998573303223
mlp,train,2022-11,country_sg,country_de,1.0,0.35185763239860535
mlp,train,2022-12,country_sg,country_de,0.0,0.36670929193496704
mlp,train,2021-12,country_sg,country_fr,0.0,0.5533111095428467
mlp,train,2022-01,country_sg,country_fr,0.0,0.35261452198028564
mlp,train,2022-02,country_sg,country_fr,0.0,0.4311770796775818
mlp,train,2022-03,country_sg,country_fr,0.0,0.3450523912906647
mlp,train,2022-04,country_sg,country_fr,0.0,0.32125070691108704
mlp,train,2022-05,country_sg,country_fr,1.0,0.3465750515460968
mlp,train,2022-06,country_sg,country_fr,0.0,0.3741057217121124
mlp,train,2022-07,country_sg,country_fr,0.0,0.3730737566947937
mlp,train,2022-08,country_sg,country_fr,1.0,0.4036562442779541
mlp,train,2022-09,country_sg,country_fr,0.0,0.593985378742218
mlp,train,2022-10,country_sg,country_fr,0.0,0.5884198546409607
mlp,train,2022-11,country_sg,country_fr,1.0,0.40667733550071716
mlp,train,2022-12,country_sg,country_fr,0.0,0.5735068917274475
mlp,train,2021-12,country_sg,country_gb,0.0,0.5939269661903381
mlp,train,2022-01,country_sg,country_gb,0.0,0.3481566607952118
mlp,train,2022-02,country_sg,country_gb,0.0,0.352475106716156
mlp,train,2022-03,country_sg,country_gb,0.0,0.38300326466560364
mlp,train,2022-04,country_sg,country_gb,0.0,0.35291895270347595
mlp,train,2022-05,country_sg,country_gb,0.0,0.4572417438030243
mlp,train,2022-06,country_sg,country_gb,0.0,0.3990645706653595
mlp,train,2022-07,country_sg,country_gb,0.0,0.43302077054977417
mlp,train,2022-08,country_sg,country_gb,0.0,0.3923501670360565
mlp,train,2022-09,country_sg,country_gb,0.0,0.6865839958190918
mlp,train,2022-10,country_sg,country_gb,0.0,0.699294924736023
mlp,train,2022-11,country_sg,country_gb,0.0,0.342090904712677
mlp,train,2022-12,country_sg,country_gb,0.0,0.3549034595489502
mlp,train,2021-12,country_sg,country_in,0.0,0.46798354387283325
mlp,train,2022-01,country_sg,country_in,0.0,0.26394858956336975
mlp,train,2022-02,country_sg,country_in,0.0,0.29905208945274353
mlp,train,2022-03,country_sg,country_in,0.0,0.2316405326128006
mlp,train,2022-04,country_sg,country_in,0.0,0.3487502932548523
mlp,train,2022-05,country_sg,country_in,0.0,0.599755048751831
mlp,train,2022-06,country_sg,country_in,0.0,0.5850376486778259
mlp,train,2022-07,country_sg,country_in,0.0,0.30240103602409363
mlp,train,2022-08,country_sg,country_in,0.0,0.280752956867218
mlp,train,2022-09,country_sg,country_in,0.0,0.40613099932670593
mlp,train,2022-10,country_sg,country_in,0.0,0.6006195545196533
mlp,train,2022-11,country_sg,country_in,0.0,0.49245011806488037
mlp,train,2022-12,country_sg,country_in,1.0,0.3024168014526367
mlp,train,2021-12,country_sg,country_jp,0.0,0.44870248436927795
mlp,train,2022-01,country_sg,country_jp,0.0,0.35259637236595154
mlp,train,2022-02,country_sg,country_jp,0.0,0.5322169065475464
mlp,train,2022-03,country_sg,country_jp,0.0,0.3384966552257538
mlp,train,2022-04,country_sg,country_jp,0.0,0.3516140580177307
mlp,train,2022-05,country_sg,country_jp,0.0,0.3162742853164673
mlp,train,2022-06,country_sg,country_jp,0.0,0.3380556106567383
mlp,train,2022-07,country_sg,country_jp,0.0,0.39592427015304565
mlp,train,2022-08,country_sg,country_jp,0.0,0.3492146134376526
mlp,train,2022-09,country_sg,country_jp,0.0,0.558896541595459
mlp,train,2022-10,country_sg,country_jp,0.0,0.49000293016433716
mlp,train,2022-11,country_sg,country_jp,0.0,0.33778950572013855
mlp,train,2022-12,country_sg,country_jp,0.0,0.38364383578300476
mlp,train,2021-12,country_sg,country_kr,0.0,0.4581870138645172
mlp,train,2022-01,country_sg,country_kr,0.0,0.4263972043991089
mlp,train,2022-02,country_sg,country_kr,0.0,0.47881799936294556
mlp,train,2022-03,country_sg,country_kr,0.0,0.32787182927131653
mlp,train,2022-04,country_sg,country_kr,0.0,0.2991708517074585
mlp,train,2022-05,country_sg,country_kr,0.0,0.33328694105148315
mlp,train,2022-06,country_sg,country_kr,0.0,0.2972020208835602
mlp,train,2022-07,country_sg,country_kr,0.0,0.29556626081466675
mlp,train,2022-08,country_sg,country_kr,0.0,0.34227821230888367
mlp,train,2022-09,country_sg,country_kr,0.0,0.4489038586616516
mlp,train,2022-10,country_sg,country_kr,1.0,0.5352783203125
mlp,train,2022-11,country_sg,country_kr,0.0,0.5238618850708008
mlp,train,2022-12,country_sg,country_kr,0.0,0.37027785181999207
mlp,train,2021-12,country_sg,country_mx,0.0,0.461584210395813
mlp,train,2022-01,country_sg,country_mx,0.0,0.4977148771286011
mlp,train,2022-02,country_sg,country_mx,0.0,0.38821396231651306
mlp,train,2022-03,country_sg,country_mx,0.0,0.3632126748561859
mlp,train,2022-04,country_sg,country_mx,0.0,0.3263620436191559
mlp,train,2022-05,country_sg,country_mx,0.0,0.3551354706287384
mlp,train,2022-06,country_sg,country_mx,0.0,0.3324698805809021
mlp,train,2022-07,country_sg,country_mx,0.0,0.31704387068748474
mlp,train,2022-08,country_sg,country_mx,0.0,0.3301424980163574
mlp,train,2022-09,country_sg,country_mx,0.0,0.542236864566803
mlp,train,2022-10,country_sg,country_mx,0.0,0.5639755129814148
mlp,train,2022-11,country_sg,country_mx,0.0,0.4202006161212921
mlp,train,2022-12,country_sg,country_mx,1.0,0.4925537407398224
mlp,train,2021-12,country_sg,country_my,0.0,0.41575488448143005
mlp,train,2022-01,country_sg,country_my,0.0,0.3384140729904175
mlp,train,2022-02,country_sg,country_my,0.0,0.45358705520629883
mlp,train,2022-03,country_sg,country_my,0.0,0.29499608278274536
mlp,train,2022-04,country_sg,country_my,0.0,0.2800983488559723
mlp,train,2022-05,country_sg,country_my,0.0,0.30799734592437744
mlp,train,2022-06,country_sg,country_my,0.0,0.28834640979766846
mlp,train,2022-07,country_sg,country_my,0.0,0.32753801345825195
mlp,train,2022-08,country_sg,country_my,1.0,0.3092330992221832
mlp,train,2022-09,country_sg,country_my,0.0,0.47385817766189575
mlp,train,2022-10,country_sg,country_my,0.0,0.47321122884750366
mlp,train,2022-11,country_sg,country_my,0.0,0.3054926097393036
mlp,train,2022-12,country_sg,country_my,1.0,0.36552223563194275
mlp,train,2021-12,country_sg,country_ph,0.0,0.44227930903434753
mlp,train,2022-01,country_sg,country_ph,0.0,0.32266828417778015
mlp,train,2022-02,country_sg,country_ph,0.0,0.46078240871429443
mlp,train,2022-03,country_sg,country_ph,0.0,0.3303413391113281
mlp,train,2022-04,country_sg,country_ph,0.0,0.36128872632980347
mlp,train,2022-05,country_sg,country_ph,0.0,0.3181758522987366
mlp,train,2022-06,country_sg,country_ph,0.0,0.3068622946739197
mlp,train,2022-07,country_sg,country_ph,0.0,0.3036837577819824
mlp,train,2022-08,country_sg,country_ph,0.0,0.31865137815475464
mlp,train,2022-09,country_sg,country_ph,0.0,0.45853719115257263
mlp,train,2022-10,country_sg,country_ph,0.0,0.499893456697464
mlp,train,2022-11,country_sg,country_ph,1.0,0.4081643223762512
mlp,train,2022-12,country_sg,country_ph,0.0,0.45134520530700684
mlp,train,2021-12,country_sg,country_th,0.0,0.473519504070282
mlp,train,2022-01,country_sg,country_th,0.0,0.3095414936542511
mlp,train,2022-02,country_sg,country_th,0.0,0.47810617089271545
mlp,train,2022-03,country_sg,country_th,0.0,0.31939250230789185
mlp,train,2022-04,country_sg,country_th,0.0,0.3327018618583679
mlp,train,2022-05,country_sg,country_th,0.0,0.3275637626647949
mlp,train,2022-06,country_sg,country_th,0.0,0.3383828401565552
mlp,train,2022-07,country_sg,country_th,0.0,0.31851860880851746
mlp,train,2022-08,country_sg,country_th,0.0,0.3175869286060333
mlp,train,2022-09,country_sg,country_th,0.0,0.5353403091430664
mlp,train,2022-10,country_sg,country_th,0.0,0.5700110793113708
mlp,train,2022-11,country_sg,country_th,1.0,0.4834498465061188
mlp,train,2022-12,country_sg,country_th,0.0,0.3802092671394348
mlp,train,2021-12,country_sg,country_us,1.0,0.4044163227081299
mlp,train,2022-01,country_sg,country_us,1.0,0.4011800289154053
mlp,train,2022-02,country_sg,country_us,1.0,0.4084656834602356
mlp,train,2022-03,country_sg,country_us,1.0,0.2792888581752777
mlp,train,2022-04,country_sg,country_us,0.0,0.3040738105773926
mlp,train,2022-05,country_sg,country_us,0.0,0.2975749373435974
mlp,train,2022-06,country_sg,country_us,0.0,0.30855679512023926
mlp,train,2022-07,country_sg,country_us,0.0,0.4016800820827484
mlp,train,2022-08,country_sg,country_us,0.0,0.3687116503715515
mlp,train,2022-09,country_sg,country_us,0.0,0.42931705713272095
mlp,train,2022-10,country_sg,country_us,0.0,0.42785128951072693
mlp,train,2022-11,country_sg,country_us,0.0,0.387646347284317
mlp,train,2022-12,country_sg,country_us,0.0,0.37708836793899536
mlp,train,2021-12,country_sg,country_vn,0.0,0.4857330024242401
mlp,train,2022-01,country_sg,country_vn,1.0,0.4260900914669037
mlp,train,2022-02,country_sg,country_vn,0.0,0.5592544674873352
mlp,train,2022-03,country_sg,country_vn,0.0,0.3816095292568207
mlp,train,2022-04,country_sg,country_vn,0.0,0.3664276599884033
mlp,train,2022-05,country_sg,country_vn,0.0,0.5019558668136597
mlp,train,2022-06,country_sg,country_vn,1.0,0.5099427103996277
mlp,train,2022-07,country_sg,country_vn,0.0,0.49118414521217346
mlp,train,2022-08,country_sg,country_vn,0.0,0.3891758620738983
mlp,train,2022-09,country_sg,country_vn,1.0,0.629207193851471
mlp,train,2022-10,country_sg,country_vn,1.0,0.6540038585662842
mlp,train,2022-11,country_sg,country_vn,1.0,0.6400837302207947
mlp,train,2022-12,country_sg,country_vn,1.0,0.5228633284568787
mlp,train,2021-12,country_th,country_203,0.0,0.5041823387145996
mlp,train,2022-01,country_th,country_203,0.0,0.5619196891784668
mlp,train,2022-02,country_th,country_203,0.0,0.5503621101379395
mlp,train,2022-03,country_th,country_203,0.0,0.534286618232727
mlp,train,2022-04,country_th,country_203,0.0,0.5701490640640259
mlp,train,2022-05,country_th,country_203,0.0,0.6018118262290955
mlp,train,2022-06,country_th,country_203,0.0,0.5234614610671997
mlp,train,2022-07,country_th,country_203,0.0,0.6351011395454407
mlp,train,2022-08,country_th,country_203,0.0,0.5363865494728088
mlp,train,2022-09,country_th,country_203,0.0,0.4945988357067108
mlp,train,2022-10,country_th,country_203,0.0,0.5386577248573303
mlp,train,2022-11,country_th,country_203,0.0,0.5780739188194275
mlp,train,2022-12,country_th,country_203,0.0,0.542930543422699
mlp,train,2021-12,country_th,country_344,0.0,0.44990605115890503
mlp,train,2022-01,country_th,country_344,1.0,0.4914066195487976
mlp,train,2022-02,country_th,country_344,0.0,0.5559532642364502
mlp,train,2022-03,country_th,country_344,0.0,0.4593653380870819
mlp,train,2022-04,country_th,country_344,0.0,0.4550730288028717
mlp,train,2022-05,country_th,country_344,0.0,0.45525673031806946
mlp,train,2022-06,country_th,country_344,0.0,0.4504680633544922
mlp,train,2022-07,country_th,country_344,0.0,0.4942631125450134
mlp,train,2022-08,country_th,country_344,0.0,0.5185886025428772
mlp,train,2022-09,country_th,country_344,0.0,0.4568674862384796
mlp,train,2022-10,country_th,country_344,0.0,0.5408093333244324
mlp,train,2022-11,country_th,country_344,1.0,0.5520181655883789
mlp,train,2022-12,country_th,country_344,1.0,0.4706660807132721
mlp,train,2021-12,country_th,country_372,0.0,0.7574666142463684
mlp,train,2022-01,country_th,country_372,0.0,0.640791118144989
mlp,train,2022-02,country_th,country_372,0.0,0.6161576509475708
mlp,train,2022-03,country_th,country_372,0.0,0.5694999098777771
mlp,train,2022-04,country_th,country_372,0.0,0.5955062508583069
mlp,train,2022-05,country_th,country_372,0.0,0.4838751256465912
mlp,train,2022-06,country_th,country_372,0.0,0.6890856623649597
mlp,train,2022-07,country_th,country_372,0.0,0.5590848326683044
mlp,train,2022-08,country_th,country_372,0.0,0.5116748213768005
mlp,train,2022-09,country_th,country_372,0.0,0.5624996423721313
mlp,train,2022-10,country_th,country_372,0.0,0.6912856101989746
mlp,train,2022-11,country_th,country_372,0.0,0.6111001372337341
mlp,train,2022-12,country_th,country_372,0.0,0.5765489935874939
mlp,train,2021-12,country_th,country_380,0.0,0.5849769711494446
mlp,train,2022-01,country_th,country_380,1.0,0.5897287130355835
mlp,train,2022-02,country_th,country_380,1.0,0.6582008004188538
mlp,train,2022-03,country_th,country_380,1.0,0.6150423288345337
mlp,train,2022-04,country_th,country_380,1.0,0.6772915124893188
mlp,train,2022-05,country_th,country_380,0.0,0.6039190888404846
mlp,train,2022-06,country_th,country_380,0.0,0.47828057408332825
mlp,train,2022-07,country_th,country_380,0.0,0.5278719067573547
mlp,train,2022-08,country_th,country_380,0.0,0.6219543814659119
mlp,train,2022-09,country_th,country_380,0.0,0.5588276982307434
mlp,train,2022-10,country_th,country_380,0.0,0.5809901356697083
mlp,train,2022-11,country_th,country_380,0.0,0.6448177099227905
mlp,train,2022-12,country_th,country_380,0.0,0.64505535364151
mlp,train,2021-12,country_th,country_cn,0.0,0.3048325479030609
mlp,train,2022-01,country_th,country_cn,0.0,0.3578425347805023
mlp,train,2022-02,country_th,country_cn,0.0,0.5541338324546814
mlp,train,2022-03,country_th,country_cn,0.0,0.33046311140060425
mlp,train,2022-04,country_th,country_cn,0.0,0.3463664650917053
mlp,train,2022-05,country_th,country_cn,0.0,0.3581354022026062
mlp,train,2022-06,country_th,country_cn,0.0,0.3104976415634155
mlp,train,2022-07,country_th,country_cn,0.0,0.31760144233703613
mlp,train,2022-08,country_th,country_cn,0.0,0.3261403441429138
mlp,train,2022-09,country_th,country_cn,0.0,0.3016563951969147
mlp,train,2022-10,country_th,country_cn,0.0,0.36805248260498047
mlp,train,2022-11,country_th,country_cn,0.0,0.47416454553604126
mlp,train,2022-12,country_th,country_cn,1.0,0.3488907516002655
mlp,train,2021-12,country_th,country_de,0.0,0.31222620606422424
mlp,train,2022-01,country_th,country_de,0.0,0.3430500626564026
mlp,train,2022-02,country_th,country_de,0.0,0.3665531873703003
mlp,train,2022-03,country_th,country_de,0.0,0.3125087320804596
mlp,train,2022-04,country_th,country_de,0.0,0.30220186710357666
mlp,train,2022-05,country_th,country_de,0.0,0.3144680857658386
mlp,train,2022-06,country_th,country_de,0.0,0.2989649772644043
mlp,train,2022-07,country_th,country_de,0.0,0.317661851644516
mlp,train,2022-08,country_th,country_de,0.0,0.30193111300468445
mlp,train,2022-09,country_th,country_de,0.0,0.3405475914478302
mlp,train,2022-10,country_th,country_de,0.0,0.37242254614830017
mlp,train,2022-11,country_th,country_de,0.0,0.4228927195072174
mlp,train,2022-12,country_th,country_de,0.0,0.3990742564201355
mlp,train,2021-12,country_th,country_fr,0.0,0.43785908818244934
mlp,train,2022-01,country_th,country_fr,0.0,0.3703744113445282
mlp,train,2022-02,country_th,country_fr,0.0,0.42905882000923157
mlp,train,2022-03,country_th,country_fr,0.0,0.3513268530368805
mlp,train,2022-04,country_th,country_fr,0.0,0.3234281837940216
mlp,train,2022-05,country_th,country_fr,0.0,0.34572261571884155
mlp,train,2022-06,country_th,country_fr,0.0,0.34533360600471497
mlp,train,2022-07,country_th,country_fr,0.0,0.3700155019760132
mlp,train,2022-08,country_th,country_fr,0.0,0.3708322048187256
mlp,train,2022-09,country_th,country_fr,0.0,0.43207553029060364
mlp,train,2022-10,country_th,country_fr,0.0,0.4637160301208496
mlp,train,2022-11,country_th,country_fr,0.0,0.5169638395309448
mlp,train,2022-12,country_th,country_fr,0.0,0.6055914759635925
mlp,train,2021-12,country_th,country_gb,0.0,0.45944181084632874
mlp,train,2022-01,country_th,country_gb,0.0,0.3187418580055237
mlp,train,2022-02,country_th,country_gb,0.0,0.3223557770252228
mlp,train,2022-03,country_th,country_gb,0.0,0.35071179270744324
mlp,train,2022-04,country_th,country_gb,0.0,0.31975430250167847
mlp,train,2022-05,country_th,country_gb,0.0,0.3869767487049103
mlp,train,2022-06,country_th,country_gb,0.0,0.3339937627315521
mlp,train,2022-07,country_th,country_gb,0.0,0.37978750467300415
mlp,train,2022-08,country_th,country_gb,0.0,0.35693129897117615
mlp,train,2022-09,country_th,country_gb,1.0,0.5686922073364258
mlp,train,2022-10,country_th,country_gb,0.0,0.6026536822319031
mlp,train,2022-11,country_th,country_gb,0.0,0.4304254353046417
mlp,train,2022-12,country_th,country_gb,0.0,0.36835750937461853
mlp,train,2021-12,country_th,country_in,1.0,0.49045494198799133
mlp,train,2022-01,country_th,country_in,1.0,0.3643878102302551
mlp,train,2022-02,country_th,country_in,0.0,0.3708769679069519
mlp,train,2022-03,country_th,country_in,1.0,0.3178686499595642
mlp,train,2022-04,country_th,country_in,1.0,0.4406174123287201
mlp,train,2022-05,country_th,country_in,0.0,0.6482316851615906
mlp,train,2022-06,country_th,country_in,0.0,0.6384153366088867
mlp,train,2022-07,country_th,country_in,0.0,0.33225762844085693
mlp,train,2022-08,country_th,country_in,0.0,0.3157409727573395
mlp,train,2022-09,country_th,country_in,0.0,0.32160845398902893
mlp,train,2022-10,country_th,country_in,0.0,0.5545555949211121
mlp,train,2022-11,country_th,country_in,0.0,0.5954083204269409
mlp,train,2022-12,country_th,country_in,0.0,0.3863335847854614
mlp,train,2021-12,country_th,country_jp,0.0,0.3327689468860626
mlp,train,2022-01,country_th,country_jp,0.0,0.36470159888267517
mlp,train,2022-02,country_th,country_jp,0.0,0.5318095088005066
mlp,train,2022-03,country_th,country_jp,0.0,0.3441576361656189
mlp,train,2022-04,country_th,country_jp,0.0,0.3521568179130554
mlp,train,2022-05,country_th,country_jp,0.0,0.31792131066322327
mlp,train,2022-06,country_th,country_jp,0.0,0.338788777589798
mlp,train,2022-07,country_th,country_jp,0.0,0.4029867649078369
mlp,train,2022-08,country_th,country_jp,0.0,0.3478931486606598
mlp,train,2022-09,country_th,country_jp,0.0,0.43088531494140625
mlp,train,2022-10,country_th,country_jp,0.0,0.3780227601528168
mlp,train,2022-11,country_th,country_jp,0.0,0.4447163939476013
mlp,train,2022-12,country_th,country_jp,0.0,0.4475814998149872
mlp,train,2021-12,country_th,country_kr,0.0,0.36102530360221863
mlp,train,2022-01,country_th,country_kr,0.0,0.45703935623168945
mlp,train,2022-02,country_th,country_kr,0.0,0.5179693698883057
mlp,train,2022-03,country_th,country_kr,0.0,0.34931105375289917
mlp,train,2022-04,country_th,country_kr,0.0,0.3127511143684387
mlp,train,2022-05,country_th,country_kr,0.0,0.35087817907333374
mlp,train,2022-06,country_th,country_kr,0.0,0.3136889636516571
mlp,train,2022-07,country_th,country_kr,0.0,0.31782594323158264
mlp,train,2022-08,country_th,country_kr,0.0,0.3678741753101349
mlp,train,2022-09,country_th,country_kr,0.0,0.3538569211959839
mlp,train,2022-10,country_th,country_kr,0.0,0.44093599915504456
mlp,train,2022-11,country_th,country_kr,0.0,0.6156104207038879
mlp,train,2022-12,country_th,country_kr,0.0,0.4902722239494324
mlp,train,2021-12,country_th,country_mx,0.0,0.31082215905189514
mlp,train,2022-01,country_th,country_mx,0.0,0.51149982213974
mlp,train,2022-02,country_th,country_mx,0.0,0.3930569589138031
mlp,train,2022-03,country_th,country_mx,0.0,0.3855791687965393
mlp,train,2022-04,country_th,country_mx,0.0,0.32596346735954285
mlp,train,2022-05,country_th,country_mx,0.0,0.34659644961357117
mlp,train,2022-06,country_th,country_mx,0.0,0.3148614764213562
mlp,train,2022-07,country_th,country_mx,0.0,0.31749528646469116
mlp,train,2022-08,country_th,country_mx,0.0,0.3306278586387634
mlp,train,2022-09,country_th,country_mx,0.0,0.3357318043708801
mlp,train,2022-10,country_th,country_mx,0.0,0.40007272362709045
mlp,train,2022-11,country_th,country_mx,0.0,0.5501369833946228
mlp,train,2022-12,country_th,country_mx,0.0,0.5707988142967224
mlp,train,2021-12,country_th,country_my,0.0,0.35610315203666687
mlp,train,2022-01,country_th,country_my,0.0,0.3878084123134613
mlp,train,2022-02,country_th,country_my,0.0,0.5420587658882141
mlp,train,2022-03,country_th,country_my,0.0,0.3330920338630676
mlp,train,2022-04,country_th,country_my,0.0,0.30653655529022217
mlp,train,2022-05,country_th,country_my,0.0,0.3314400017261505
mlp,train,2022-06,country_th,country_my,0.0,0.31487658619880676
mlp,train,2022-07,country_th,country_my,0.0,0.36115917563438416
mlp,train,2022-08,country_th,country_my,0.0,0.33024829626083374
mlp,train,2022-09,country_th,country_my,0.0,0.37526077032089233
mlp,train,2022-10,country_th,country_my,0.0,0.4269968569278717
mlp,train,2022-11,country_th,country_my,0.0,0.4436067044734955
mlp,train,2022-12,country_th,country_my,0.0,0.4863133728504181
mlp,train,2021-12,country_th,country_ph,0.0,0.3623359799385071
mlp,train,2022-01,country_th,country_ph,0.0,0.3500712215900421
mlp,train,2022-02,country_th,country_ph,0.0,0.4907695949077606
mlp,train,2022-03,country_th,country_ph,0.0,0.35697218775749207
mlp,train,2022-04,country_th,country_ph,0.0,0.38694262504577637
mlp,train,2022-05,country_th,country_ph,0.0,0.3311825394630432
mlp,train,2022-06,country_th,country_ph,0.0,0.3198716938495636
mlp,train,2022-07,country_th,country_ph,0.0,0.32392022013664246
mlp,train,2022-08,country_th,country_ph,0.0,0.33444246649742126
mlp,train,2022-09,country_th,country_ph,0.0,0.35886090993881226
mlp,train,2022-10,country_th,country_ph,0.0,0.4273546636104584
mlp,train,2022-11,country_th,country_ph,0.0,0.5652006268501282
mlp,train,2022-12,country_th,country_ph,0.0,0.5565944910049438
mlp,train,2021-12,country_th,country_sg,0.0,0.37737908959388733
mlp,train,2022-01,country_th,country_sg,0.0,0.3060203790664673
mlp,train,2022-02,country_th,country_sg,0.0,0.4305770993232727
mlp,train,2022-03,country_th,country_sg,0.0,0.3032718896865845
mlp,train,2022-04,country_th,country_sg,0.0,0.3117190897464752
mlp,train,2022-05,country_th,country_sg,0.0,0.33003002405166626
mlp,train,2022-06,country_th,country_sg,0.0,0.3114875853061676
mlp,train,2022-07,country_th,country_sg,0.0,0.3107058107852936
mlp,train,2022-08,country_th,country_sg,1.0,0.34066325426101685
mlp,train,2022-09,country_th,country_sg,1.0,0.5419858694076538
mlp,train,2022-10,country_th,country_sg,1.0,0.5625905990600586
mlp,train,2022-11,country_th,country_sg,1.0,0.4447883069515228
mlp,train,2022-12,country_th,country_sg,1.0,0.3753218352794647
mlp,train,2021-12,country_th,country_us,0.0,0.2900956869125366
mlp,train,2022-01,country_th,country_us,0.0,0.3753456175327301
mlp,train,2022-02,country_th,country_us,0.0,0.38379067182540894
mlp,train,2022-03,country_th,country_us,0.0,0.2479739636182785
mlp,train,2022-04,country_th,country_us,0.0,0.2697944641113281
mlp,train,2022-05,country_th,country_us,0.0,0.26603415608406067
mlp,train,2022-06,country_th,country_us,0.0,0.2818169593811035
mlp,train,2022-07,country_th,country_us,0.0,0.37942197918891907
mlp,train,2022-08,country_th,country_us,0.0,0.3321433961391449
mlp,train,2022-09,country_th,country_us,0.0,0.28443264961242676
mlp,train,2022-10,country_th,country_us,0.0,0.3009165823459625
mlp,train,2022-11,country_th,country_us,0.0,0.43154382705688477
mlp,train,2022-12,country_th,country_us,0.0,0.4032396078109741
mlp,train,2021-12,country_th,country_vn,0.0,0.3530080020427704
mlp,train,2022-01,country_th,country_vn,0.0,0.4246102273464203
mlp,train,2022-02,country_th,country_vn,0.0,0.5218522548675537
mlp,train,2022-03,country_th,country_vn,0.0,0.3847512900829315
mlp,train,2022-04,country_th,country_vn,0.0,0.3888179063796997
mlp,train,2022-05,country_th,country_vn,0.0,0.4788627326488495
mlp,train,2022-06,country_th,country_vn,0.0,0.4668361246585846
mlp,train,2022-07,country_th,country_vn,0.0,0.4553215801715851
mlp,train,2022-08,country_th,country_vn,0.0,0.3620661199092865
mlp,train,2022-09,country_th,country_vn,0.0,0.44864413142204285
mlp,train,2022-10,country_th,country_vn,0.0,0.49016594886779785
mlp,train,2022-11,country_th,country_vn,0.0,0.6700079441070557
mlp,train,2022-12,country_th,country_vn,0.0,0.5149312019348145
mlp,train,2021-12,country_tw,country_203,0.0,0.4790087342262268
mlp,train,2022-01,country_tw,country_203,0.0,0.5082780122756958
mlp,train,2022-02,country_tw,country_203,0.0,0.5006884336471558
mlp,train,2022-03,country_tw,country_203,0.0,0.4852074980735779
mlp,train,2022-04,country_tw,country_203,0.0,0.5535197257995605
mlp,train,2022-05,country_tw,country_203,0.0,0.5748878121376038
mlp,train,2022-06,country_tw,country_203,0.0,0.5125719904899597
mlp,train,2022-07,country_tw,country_203,0.0,0.6245459318161011
mlp,train,2022-08,country_tw,country_203,0.0,0.5133160948753357
mlp,train,2022-09,country_tw,country_203,0.0,0.47426560521125793
mlp,train,2022-10,country_tw,country_203,0.0,0.4861201047897339
mlp,train,2022-11,country_tw,country_203,1.0,0.4994264245033264
mlp,train,2022-12,country_tw,country_203,0.0,0.5039202570915222
mlp,train,2021-12,country_tw,country_344,0.0,0.400363028049469
mlp,train,2022-01,country_tw,country_344,0.0,0.43999168276786804
mlp,train,2022-02,country_tw,country_344,0.0,0.4797821044921875
mlp,train,2022-03,country_tw,country_344,0.0,0.4038349390029907
mlp,train,2022-04,country_tw,country_344,0.0,0.41675952076911926
mlp,train,2022-05,country_tw,country_344,0.0,0.4173229932785034
mlp,train,2022-06,country_tw,country_344,0.0,0.4071478843688965
mlp,train,2022-07,country_tw,country_344,0.0,0.4557216167449951
mlp,train,2022-08,country_tw,country_344,0.0,0.48990774154663086
mlp,train,2022-09,country_tw,country_344,1.0,0.3943935036659241
mlp,train,2022-10,country_tw,country_344,0.0,0.4725530743598938
mlp,train,2022-11,country_tw,country_344,0.0,0.45499202609062195
mlp,train,2022-12,country_tw,country_344,1.0,0.39985841512680054
mlp,train,2021-12,country_tw,country_372,0.0,0.7408359050750732
mlp,train,2022-01,country_tw,country_372,0.0,0.643868625164032
mlp,train,2022-02,country_tw,country_372,0.0,0.5680246353149414
mlp,train,2022-03,country_tw,country_372,0.0,0.48774826526641846
mlp,train,2022-04,country_tw,country_372,0.0,0.559795081615448
mlp,train,2022-05,country_tw,country_372,0.0,0.48385941982269287
mlp,train,2022-06,country_tw,country_372,0.0,0.6720849275588989
mlp,train,2022-07,country_tw,country_372,0.0,0.5469209551811218
mlp,train,2022-08,country_tw,country_372,0.0,0.47390300035476685
mlp,train,2022-09,country_tw,country_372,0.0,0.537163496017456
mlp,train,2022-10,country_tw,country_372,0.0,0.6421818137168884
mlp,train,2022-11,country_tw,country_372,0.0,0.5415268540382385
mlp,train,2022-12,country_tw,country_372,0.0,0.5117583274841309
mlp,train,2021-12,country_tw,country_380,0.0,0.5224753618240356
mlp,train,2022-01,country_tw,country_380,1.0,0.5336493849754333
mlp,train,2022-02,country_tw,country_380,1.0,0.6154422163963318
mlp,train,2022-03,country_tw,country_380,1.0,0.581415593624115
mlp,train,2022-04,country_tw,country_380,1.0,0.6618741750717163
mlp,train,2022-05,country_tw,country_380,0.0,0.5585443377494812
mlp,train,2022-06,country_tw,country_380,0.0,0.4523483216762543
mlp,train,2022-07,country_tw,country_380,0.0,0.4903233051300049
mlp,train,2022-08,country_tw,country_380,0.0,0.5750045776367188
mlp,train,2022-09,country_tw,country_380,0.0,0.5028834939002991
mlp,train,2022-10,country_tw,country_380,0.0,0.5105918049812317
mlp,train,2022-11,country_tw,country_380,0.0,0.5238864421844482
mlp,train,2022-12,country_tw,country_380,0.0,0.5853659510612488
mlp,train,2021-12,country_tw,country_cn,0.0,0.25530847907066345
mlp,train,2022-01,country_tw,country_cn,0.0,0.2905060052871704
mlp,train,2022-02,country_tw,country_cn,0.0,0.4618207514286041
mlp,train,2022-03,country_tw,country_cn,0.0,0.2786852717399597
mlp,train,2022-04,country_tw,country_cn,0.0,0.3013719320297241
mlp,train,2022-05,country_tw,country_cn,0.0,0.3138420283794403
mlp,train,2022-06,country_tw,country_cn,0.0,0.26848751306533813
mlp,train,2022-07,country_tw,country_cn,0.0,0.2715611755847931
mlp,train,2022-08,country_tw,country_cn,0.0,0.28512516617774963
mlp,train,2022-09,country_tw,country_cn,0.0,0.24366074800491333
mlp,train,2022-10,country_tw,country_cn,0.0,0.2779180705547333
mlp,train,2022-11,country_tw,country_cn,0.0,0.3142737150192261
mlp,train,2022-12,country_tw,country_cn,1.0,0.2548470199108124
mlp,train,2021-12,country_tw,country_de,0.0,0.2855207920074463
mlp,train,2022-01,country_tw,country_de,0.0,0.30643191933631897
mlp,train,2022-02,country_tw,country_de,0.0,0.2950810194015503
mlp,train,2022-03,country_tw,country_de,0.0,0.28096437454223633
mlp,train,2022-04,country_tw,country_de,0.0,0.2863037884235382
mlp,train,2022-05,country_tw,country_de,0.0,0.29771512746810913
mlp,train,2022-06,country_tw,country_de,0.0,0.27800458669662476
mlp,train,2022-07,country_tw,country_de,0.0,0.2941601872444153
mlp,train,2022-08,country_tw,country_de,0.0,0.2868726849555969
mlp,train,2022-09,country_tw,country_de,0.0,0.29738709330558777
mlp,train,2022-10,country_tw,country_de,0.0,0.3008589744567871
mlp,train,2022-11,country_tw,country_de,0.0,0.2959352433681488
mlp,train,2022-12,country_tw,country_de,0.0,0.3116990625858307
mlp,train,2021-12,country_tw,country_fr,0.0,0.36284834146499634
mlp,train,2022-01,country_tw,country_fr,0.0,0.30006143450737
mlp,train,2022-02,country_tw,country_fr,0.0,0.3133561611175537
mlp,train,2022-03,country_tw,country_fr,0.0,0.2938325107097626
mlp,train,2022-04,country_tw,country_fr,0.0,0.2847919166088104
mlp,train,2022-05,country_tw,country_fr,0.0,0.3067139685153961
mlp,train,2022-06,country_tw,country_fr,0.0,0.3037264943122864
mlp,train,2022-07,country_tw,country_fr,0.0,0.32297876477241516
mlp,train,2022-08,country_tw,country_fr,0.0,0.3372257351875305
mlp,train,2022-09,country_tw,country_fr,0.0,0.3467056453227997
mlp,train,2022-10,country_tw,country_fr,0.0,0.3510481119155884
mlp,train,2022-11,country_tw,country_fr,0.0,0.3340151309967041
mlp,train,2022-12,country_tw,country_fr,0.0,0.5238921046257019
mlp,train,2021-12,country_tw,country_gb,0.0,0.4023662507534027
mlp,train,2022-01,country_tw,country_gb,0.0,0.2713623344898224
mlp,train,2022-02,country_tw,country_gb,0.0,0.2639974355697632
mlp,train,2022-03,country_tw,country_gb,0.0,0.3102998733520508
mlp,train,2022-04,country_tw,country_gb,0.0,0.3009698987007141
mlp,train,2022-05,country_tw,country_gb,0.0,0.36861634254455566
mlp,train,2022-06,country_tw,country_gb,0.0,0.3080044388771057
mlp,train,2022-07,country_tw,country_gb,0.0,0.34938913583755493
mlp,train,2022-08,country_tw,country_gb,0.0,0.3369484841823578
mlp,train,2022-09,country_tw,country_gb,1.0,0.5187017917633057
mlp,train,2022-10,country_tw,country_gb,0.0,0.5238881707191467
mlp,train,2022-11,country_tw,country_gb,0.0,0.29599079489707947
mlp,train,2022-12,country_tw,country_gb,0.0,0.2959539294242859
mlp,train,2021-12,country_tw,country_in,0.0,0.404168039560318
mlp,train,2022-01,country_tw,country_in,0.0,0.2718808352947235
mlp,train,2022-02,country_tw,country_in,0.0,0.2770371437072754
mlp,train,2022-03,country_tw,country_in,0.0,0.2506650686264038
mlp,train,2022-04,country_tw,country_in,0.0,0.3653896152973175
mlp,train,2022-05,country_tw,country_in,0.0,0.5979933142662048
mlp,train,2022-06,country_tw,country_in,0.0,0.6063277721405029
mlp,train,2022-07,country_tw,country_in,0.0,0.30331772565841675
mlp,train,2022-08,country_tw,country_in,0.0,0.285260409116745
mlp,train,2022-09,country_tw,country_in,0.0,0.2744455635547638
mlp,train,2022-10,country_tw,country_in,0.0,0.4229065775871277
mlp,train,2022-11,country_tw,country_in,0.0,0.47457659244537354
mlp,train,2022-12,country_tw,country_in,0.0,0.2972773611545563
mlp,train,2021-12,country_tw,country_jp,0.0,0.2810402512550354
mlp,train,2022-01,country_tw,country_jp,0.0,0.299452543258667
mlp,train,2022-02,country_tw,country_jp,0.0,0.3909681439399719
mlp,train,2022-03,country_tw,country_jp,0.0,0.2917359173297882
mlp,train,2022-04,country_tw,country_jp,0.0,0.30973249673843384
mlp,train,2022-05,country_tw,country_jp,0.0,0.279595285654068
mlp,train,2022-06,country_tw,country_jp,0.0,0.29313257336616516
mlp,train,2022-07,country_tw,country_jp,0.0,0.3380553424358368
mlp,train,2022-08,country_tw,country_jp,0.0,0.3041552007198334
mlp,train,2022-09,country_tw,country_jp,0.0,0.3372913599014282
mlp,train,2022-10,country_tw,country_jp,0.0,0.2845068871974945
mlp,train,2022-11,country_tw,country_jp,0.0,0.28841543197631836
mlp,train,2022-12,country_tw,country_jp,0.0,0.32727840542793274
mlp,train,2021-12,country_tw,country_kr,0.0,0.301082044839859
mlp,train,2022-01,country_tw,country_kr,0.0,0.37055549025535583
mlp,train,2022-02,country_tw,country_kr,0.0,0.3644982576370239
mlp,train,2022-03,country_tw,country_kr,0.0,0.29070502519607544
mlp,train,2022-04,country_tw,country_kr,0.0,0.2712942361831665
mlp,train,2022-05,country_tw,country_kr,0.0,0.30257439613342285
mlp,train,2022-06,country_tw,country_kr,0.0,0.26549723744392395
mlp,train,2022-07,country_tw,country_kr,0.0,0.262526273727417
mlp,train,2022-08,country_tw,country_kr,0.0,0.3180044889450073
mlp,train,2022-09,country_tw,country_kr,0.0,0.27778929471969604
mlp,train,2022-10,country_tw,country_kr,0.0,0.3096292316913605
mlp,train,2022-11,country_tw,country_kr,0.0,0.45084598660469055
mlp,train,2022-12,country_tw,country_kr,1.0,0.3360844850540161
mlp,train,2021-12,country_tw,country_mx,0.0,0.27672451734542847
mlp,train,2022-01,country_tw,country_mx,0.0,0.4329886734485626
mlp,train,2022-02,country_tw,country_mx,0.0,0.2925483286380768
mlp,train,2022-03,country_tw,country_mx,0.0,0.31554731726646423
mlp,train,2022-04,country_tw,country_mx,0.0,0.28800827264785767
mlp,train,2022-05,country_tw,country_mx,0.0,0.3098295331001282
mlp,train,2022-06,country_tw,country_mx,0.0,0.2810007929801941
mlp,train,2022-07,country_tw,country_mx,0.0,0.27084583044052124
mlp,train,2022-08,country_tw,country_mx,0.0,0.285189151763916
mlp,train,2022-09,country_tw,country_mx,0.0,0.2717582583427429
mlp,train,2022-10,country_tw,country_mx,0.0,0.30430349707603455
mlp,train,2022-11,country_tw,country_mx,0.0,0.3476916551589966
mlp,train,2022-12,country_tw,country_mx,0.0,0.4453374147415161
mlp,train,2021-12,country_tw,country_my,0.0,0.30210965871810913
mlp,train,2022-01,country_tw,country_my,0.0,0.31428706645965576
mlp,train,2022-02,country_tw,country_my,0.0,0.3802134096622467
mlp,train,2022-03,country_tw,country_my,0.0,0.2801394462585449
mlp,train,2022-04,country_tw,country_my,0.0,0.27113473415374756
mlp,train,2022-05,country_tw,country_my,0.0,0.29664868116378784
mlp,train,2022-06,country_tw,country_my,0.0,0.2728029787540436
mlp,train,2022-07,country_tw,country_my,0.0,0.31039750576019287
mlp,train,2022-08,country_tw,country_my,0.0,0.29022714495658875
mlp,train,2022-09,country_tw,country_my,0.0,0.3015473783016205
mlp,train,2022-10,country_tw,country_my,0.0,0.3170780837535858
mlp,train,2022-11,country_tw,country_my,0.0,0.2850114405155182
mlp,train,2022-12,country_tw,country_my,0.0,0.3420824110507965
mlp,train,2021-12,country_tw,country_ph,0.0,0.31374892592430115
mlp,train,2022-01,country_tw,country_ph,0.0,0.2966063320636749
mlp,train,2022-02,country_tw,country_ph,0.0,0.3655441105365753
mlp,train,2022-03,country_tw,country_ph,0.0,0.30806976556777954
mlp,train,2022-04,country_tw,country_ph,0.0,0.3427228629589081
mlp,train,2022-05,country_tw,country_ph,0.0,0.29925644397735596
mlp,train,2022-06,country_tw,country_ph,0.0,0.28166455030441284
mlp,train,2022-07,country_tw,country_ph,0.0,0.282770037651062
mlp,train,2022-08,country_tw,country_ph,0.0,0.30260148644447327
mlp,train,2022-09,country_tw,country_ph,0.0,0.30137985944747925
mlp,train,2022-10,country_tw,country_ph,0.0,0.33033525943756104
mlp,train,2022-11,country_tw,country_ph,0.0,0.3690812289714813
mlp,train,2022-12,country_tw,country_ph,0.0,0.41690418124198914
mlp,train,2021-12,country_tw,country_sg,0.0,0.3238714933395386
mlp,train,2022-01,country_tw,country_sg,0.0,0.25158098340034485
mlp,train,2022-02,country_tw,country_sg,0.0,0.3217417597770691
mlp,train,2022-03,country_tw,country_sg,0.0,0.2593061625957489
mlp,train,2022-04,country_tw,country_sg,0.0,0.28187432885169983
mlp,train,2022-05,country_tw,country_sg,0.0,0.297506719827652
mlp,train,2022-06,country_tw,country_sg,0.0,0.27675020694732666
mlp,train,2022-07,country_tw,country_sg,0.0,0.27197858691215515
mlp,train,2022-08,country_tw,country_sg,1.0,0.30455729365348816
mlp,train,2022-09,country_tw,country_sg,0.0,0.4429141581058502
mlp,train,2022-10,country_tw,country_sg,1.0,0.4632555842399597
mlp,train,2022-11,country_tw,country_sg,1.0,0.2979321777820587
mlp,train,2022-12,country_tw,country_sg,1.0,0.2769607901573181
mlp,train,2021-12,country_tw,country_th,0.0,0.32033079862594604
mlp,train,2022-01,country_tw,country_th,0.0,0.263534814119339
mlp,train,2022-02,country_tw,country_th,0.0,0.35356783866882324
mlp,train,2022-03,country_tw,country_th,0.0,0.2844662070274353
mlp,train,2022-04,country_tw,country_th,0.0,0.301736056804657
mlp,train,2022-05,country_tw,country_th,0.0,0.2896350026130676
mlp,train,2022-06,country_tw,country_th,0.0,0.3015004098415375
mlp,train,2022-07,country_tw,country_th,0.0,0.27576059103012085
mlp,train,2022-08,country_tw,country_th,0.0,0.2865516245365143
mlp,train,2022-09,country_tw,country_th,0.0,0.3188517689704895
mlp,train,2022-10,country_tw,country_th,0.0,0.3467356860637665
mlp,train,2022-11,country_tw,country_th,0.0,0.4121619164943695
mlp,train,2022-12,country_tw,country_th,0.0,0.3396681547164917
mlp,train,2021-12,country_tw,country_us,0.0,0.2615494132041931
mlp,train,2022-01,country_tw,country_us,0.0,0.34054481983184814
mlp,train,2022-02,country_tw,country_us,0.0,0.313638836145401
mlp,train,2022-03,country_tw,country_us,0.0,0.22366978228092194
mlp,train,2022-04,country_tw,country_us,0.0,0.25250914692878723
mlp,train,2022-05,country_tw,country_us,0.0,0.2507209777832031
mlp,train,2022-06,country_tw,country_us,0.0,0.25795868039131165
mlp,train,2022-07,country_tw,country_us,0.0,0.34963202476501465
mlp,train,2022-08,country_tw,country_us,0.0,0.3151540458202362
mlp,train,2022-09,country_tw,country_us,0.0,0.24637193977832794
mlp,train,2022-10,country_tw,country_us,0.0,0.25322461128234863
mlp,train,2022-11,country_tw,country_us,0.0,0.33132368326187134
mlp,train,2022-12,country_tw,country_us,0.0,0.33031338453292847
mlp,train,2021-12,country_tw,country_vn,0.0,0.30850750207901
mlp,train,2022-01,country_tw,country_vn,0.0,0.3216298222541809
mlp,train,2022-02,country_tw,country_vn,0.0,0.3781563341617584
mlp,train,2022-03,country_tw,country_vn,0.0,0.2965715527534485
mlp,train,2022-04,country_tw,country_vn,0.0,0.3267222046852112
mlp,train,2022-05,country_tw,country_vn,0.0,0.41200289130210876
mlp,train,2022-06,country_tw,country_vn,0.0,0.3844810128211975
mlp,train,2022-07,country_tw,country_vn,0.0,0.3519776165485382
mlp,train,2022-08,country_tw,country_vn,0.0,0.3111932873725891
mlp,train,2022-09,country_tw,country_vn,0.0,0.3487626612186432
mlp,train,2022-10,country_tw,country_vn,0.0,0.36118370294570923
mlp,train,2022-11,country_tw,country_vn,0.0,0.5075255036354065
mlp,train,2022-12,country_tw,country_vn,0.0,0.3998618423938751
mlp,train,2021-12,country_us,country_203,0.0,0.6013066172599792
mlp,train,2022-01,country_us,country_203,0.0,0.6728342771530151
mlp,train,2022-02,country_us,country_203,0.0,0.6529848575592041
mlp,train,2022-03,country_us,country_203,0.0,0.6282340288162231
mlp,train,2022-04,country_us,country_203,0.0,0.644782304763794
mlp,train,2022-05,country_us,country_203,0.0,0.6996014714241028
mlp,train,2022-06,country_us,country_203,0.0,0.6373243927955627
mlp,train,2022-07,country_us,country_203,0.0,0.7229300141334534
mlp,train,2022-08,country_us,country_203,1.0,0.6239652037620544
mlp,train,2022-09,country_us,country_203,0.0,0.6032477021217346
mlp,train,2022-10,country_us,country_203,0.0,0.6087268590927124
mlp,train,2022-11,country_us,country_203,1.0,0.6235882639884949
mlp,train,2022-12,country_us,country_203,0.0,0.6249125003814697
mlp,train,2021-12,country_us,country_344,0.0,0.5322124361991882
mlp,train,2022-01,country_us,country_344,0.0,0.6284504532814026
mlp,train,2022-02,country_us,country_344,0.0,0.6346949338912964
mlp,train,2022-03,country_us,country_344,0.0,0.5756089091300964
mlp,train,2022-04,country_us,country_344,0.0,0.5814756751060486
mlp,train,2022-05,country_us,country_344,0.0,0.6035236120223999
mlp,train,2022-06,country_us,country_344,1.0,0.5825818777084351
mlp,train,2022-07,country_us,country_344,1.0,0.6384717226028442
mlp,train,2022-08,country_us,country_344,0.0,0.6235250234603882
mlp,train,2022-09,country_us,country_344,1.0,0.5534393787384033
mlp,train,2022-10,country_us,country_344,1.0,0.599888801574707
mlp,train,2022-11,country_us,country_344,1.0,0.6031765341758728
mlp,train,2022-12,country_us,country_344,0.0,0.5755372643470764
mlp,train,2021-12,country_us,country_372,1.0,0.7225860953330994
mlp,train,2022-01,country_us,country_372,0.0,0.693385660648346
mlp,train,2022-02,country_us,country_372,0.0,0.6352394819259644
mlp,train,2022-03,country_us,country_372,0.0,0.572059690952301
mlp,train,2022-04,country_us,country_372,0.0,0.603266179561615
mlp,train,2022-05,country_us,country_372,0.0,0.575386643409729
mlp,train,2022-06,country_us,country_372,0.0,0.6774494051933289
mlp,train,2022-07,country_us,country_372,0.0,0.6444571018218994
mlp,train,2022-08,country_us,country_372,0.0,0.5496238470077515
mlp,train,2022-09,country_us,country_372,0.0,0.5807263851165771
mlp,train,2022-10,country_us,country_372,0.0,0.6625363826751709
mlp,train,2022-11,country_us,country_372,0.0,0.5942079424858093
mlp,train,2022-12,country_us,country_372,0.0,0.599150538444519
mlp,train,2021-12,country_us,country_380,0.0,0.6114171743392944
mlp,train,2022-01,country_us,country_380,0.0,0.6780044436454773
mlp,train,2022-02,country_us,country_380,0.0,0.6918437480926514
mlp,train,2022-03,country_us,country_380,1.0,0.6707420945167542
mlp,train,2022-04,country_us,country_380,1.0,0.7043610215187073
mlp,train,2022-05,country_us,country_380,0.0,0.6908139586448669
mlp,train,2022-06,country_us,country_380,0.0,0.5708007216453552
mlp,train,2022-07,country_us,country_380,0.0,0.6525639891624451
mlp,train,2022-08,country_us,country_380,0.0,0.6798318028450012
mlp,train,2022-09,country_us,country_380,0.0,0.6212934255599976
mlp,train,2022-10,country_us,country_380,0.0,0.6221367716789246
mlp,train,2022-11,country_us,country_380,0.0,0.6458900570869446
mlp,train,2022-12,country_us,country_380,0.0,0.6549152731895447
mlp,train,2021-12,country_us,country_cn,0.0,0.3943076431751251
mlp,train,2022-01,country_us,country_cn,1.0,0.5976571440696716
mlp,train,2022-02,country_us,country_cn,0.0,0.6778533458709717
mlp,train,2022-03,country_us,country_cn,1.0,0.5219132900238037
mlp,train,2022-04,country_us,country_cn,0.0,0.5229030847549438
mlp,train,2022-05,country_us,country_cn,0.0,0.590356707572937
mlp,train,2022-06,country_us,country_cn,0.0,0.48645341396331787
mlp,train,2022-07,country_us,country_cn,0.0,0.5826126933097839
mlp,train,2022-08,country_us,country_cn,0.0,0.5186896920204163
mlp,train,2022-09,country_us,country_cn,0.0,0.41463589668273926
mlp,train,2022-10,country_us,country_cn,0.0,0.4726255238056183
mlp,train,2022-11,country_us,country_cn,0.0,0.5463014245033264
mlp,train,2022-12,country_us,country_cn,1.0,0.473702609539032
mlp,train,2021-12,country_us,country_de,0.0,0.40770503878593445
mlp,train,2022-01,country_us,country_de,0.0,0.6021234393119812
mlp,train,2022-02,country_us,country_de,0.0,0.5386965274810791
mlp,train,2022-03,country_us,country_de,0.0,0.48140737414360046
mlp,train,2022-04,country_us,country_de,0.0,0.4677116572856903
mlp,train,2022-05,country_us,country_de,0.0,0.544744610786438
mlp,train,2022-06,country_us,country_de,0.0,0.47466185688972473
mlp,train,2022-07,country_us,country_de,0.0,0.5996435284614563
mlp,train,2022-08,country_us,country_de,0.0,0.4839160442352295
mlp,train,2022-09,country_us,country_de,0.0,0.47624245285987854
mlp,train,2022-10,country_us,country_de,0.0,0.4810091555118561
mlp,train,2022-11,country_us,country_de,0.0,0.5093237161636353
mlp,train,2022-12,country_us,country_de,0.0,0.5379893779754639
mlp,train,2021-12,country_us,country_fr,0.0,0.5201742649078369
mlp,train,2022-01,country_us,country_fr,0.0,0.6079224348068237
mlp,train,2022-02,country_us,country_fr,0.0,0.5700397491455078
mlp,train,2022-03,country_us,country_fr,0.0,0.5128188729286194
mlp,train,2022-04,country_us,country_fr,0.0,0.4827709496021271
mlp,train,2022-05,country_us,country_fr,0.0,0.5509445667266846
mlp,train,2022-06,country_us,country_fr,1.0,0.5287157893180847
mlp,train,2022-07,country_us,country_fr,1.0,0.6424010396003723
mlp,train,2022-08,country_us,country_fr,1.0,0.5778674483299255
mlp,train,2022-09,country_us,country_fr,0.0,0.5423550009727478
mlp,train,2022-10,country_us,country_fr,0.0,0.5443557500839233
mlp,train,2022-11,country_us,country_fr,1.0,0.5756500959396362
mlp,train,2022-12,country_us,country_fr,0.0,0.6602240204811096
mlp,train,2021-12,country_us,country_gb,0.0,0.5241299867630005
mlp,train,2022-01,country_us,country_gb,0.0,0.4793412387371063
mlp,train,2022-02,country_us,country_gb,0.0,0.4026564955711365
mlp,train,2022-03,country_us,country_gb,0.0,0.5095890760421753
mlp,train,2022-04,country_us,country_gb,0.0,0.47395986318588257
mlp,train,2022-05,country_us,country_gb,0.0,0.6203100681304932
mlp,train,2022-06,country_us,country_gb,0.0,0.5109601616859436
mlp,train,2022-07,country_us,country_gb,0.0,0.6477112174034119
mlp,train,2022-08,country_us,country_gb,0.0,0.5340868830680847
mlp,train,2022-09,country_us,country_gb,1.0,0.6242185831069946
mlp,train,2022-10,country_us,country_gb,0.0,0.639022171497345
mlp,train,2022-11,country_us,country_gb,0.0,0.4919866621494293
mlp,train,2022-12,country_us,country_gb,0.0,0.49876323342323303
mlp,train,2021-12,country_us,country_in,0.0,0.5667131543159485
mlp,train,2022-01,country_us,country_in,0.0,0.5170266628265381
mlp,train,2022-02,country_us,country_in,0.0,0.5045983791351318
mlp,train,2022-03,country_us,country_in,0.0,0.374855637550354
mlp,train,2022-04,country_us,country_in,0.0,0.5822802186012268
mlp,train,2022-05,country_us,country_in,0.0,0.7239552140235901
mlp,train,2022-06,country_us,country_in,0.0,0.7152763605117798
mlp,train,2022-07,country_us,country_in,0.0,0.6352575421333313
mlp,train,2022-08,country_us,country_in,1.0,0.5067496299743652
mlp,train,2022-09,country_us,country_in,1.0,0.49187421798706055
mlp,train,2022-10,country_us,country_in,1.0,0.6406293511390686
mlp,train,2022-11,country_us,country_in,1.0,0.6831768751144409
mlp,train,2022-12,country_us,country_in,1.0,0.5852670669555664
mlp,train,2021-12,country_us,country_jp,0.0,0.4423045217990875
mlp,train,2022-01,country_us,country_jp,0.0,0.6117231249809265
mlp,train,2022-02,country_us,country_jp,0.0,0.6369388103485107
mlp,train,2022-03,country_us,country_jp,1.0,0.5451830625534058
mlp,train,2022-04,country_us,country_jp,0.0,0.5445094704627991
mlp,train,2022-05,country_us,country_jp,0.0,0.5478924512863159
mlp,train,2022-06,country_us,country_jp,0.0,0.5334135293960571
mlp,train,2022-07,country_us,country_jp,0.0,0.6449931859970093
mlp,train,2022-08,country_us,country_jp,0.0,0.5460351705551147
mlp,train,2022-09,country_us,country_jp,0.0,0.5509182214736938
mlp,train,2022-10,country_us,country_jp,1.0,0.4910541772842407
mlp,train,2022-11,country_us,country_jp,0.0,0.5340699553489685
mlp,train,2022-12,country_us,country_jp,0.0,0.586609959602356
mlp,train,2021-12,country_us,country_kr,1.0,0.4756164848804474
mlp,train,2022-01,country_us,country_kr,1.0,0.6682126522064209
mlp,train,2022-02,country_us,country_kr,1.0,0.6418711543083191
mlp,train,2022-03,country_us,country_kr,1.0,0.5604238510131836
mlp,train,2022-04,country_us,country_kr,0.0,0.5043493509292603
mlp,train,2022-05,country_us,country_kr,0.0,0.5912465453147888
mlp,train,2022-06,country_us,country_kr,0.0,0.4998563826084137
mlp,train,2022-07,country_us,country_kr,0.0,0.5832399129867554
mlp,train,2022-08,country_us,country_kr,0.0,0.5821589827537537
mlp,train,2022-09,country_us,country_kr,0.0,0.4893708825111389
mlp,train,2022-10,country_us,country_kr,0.0,0.5298758149147034
mlp,train,2022-11,country_us,country_kr,0.0,0.6522566676139832
mlp,train,2022-12,country_us,country_kr,0.0,0.6018868088722229
mlp,train,2021-12,country_us,country_mx,0.0,0.4542325735092163
mlp,train,2022-01,country_us,country_mx,0.0,0.7337824106216431
mlp,train,2022-02,country_us,country_mx,0.0,0.6417449712753296
mlp,train,2022-03,country_us,country_mx,0.0,0.5917547941207886
mlp,train,2022-04,country_us,country_mx,0.0,0.5567792057991028
mlp,train,2022-05,country_us,country_mx,0.0,0.6443310379981995
mlp,train,2022-06,country_us,country_mx,0.0,0.5663557052612305
mlp,train,2022-07,country_us,country_mx,0.0,0.6436869502067566
mlp,train,2022-08,country_us,country_mx,0.0,0.5755329132080078
mlp,train,2022-09,country_us,country_mx,0.0,0.4979046583175659
mlp,train,2022-10,country_us,country_mx,0.0,0.5522123575210571
mlp,train,2022-11,country_us,country_mx,0.0,0.654723048210144
mlp,train,2022-12,country_us,country_mx,1.0,0.6934403777122498
mlp,train,2021-12,country_us,country_my,0.0,0.43166589736938477
mlp,train,2022-01,country_us,country_my,0.0,0.5910684466362
mlp,train,2022-02,country_us,country_my,0.0,0.5872096419334412
mlp,train,2022-03,country_us,country_my,0.0,0.48568210005760193
mlp,train,2022-04,country_us,country_my,0.0,0.42957115173339844
mlp,train,2022-05,country_us,country_my,0.0,0.5015645027160645
mlp,train,2022-06,country_us,country_my,0.0,0.4573565423488617
mlp,train,2022-07,country_us,country_my,0.0,0.5787907242774963
mlp,train,2022-08,country_us,country_my,0.0,0.482331782579422
mlp,train,2022-09,country_us,country_my,0.0,0.45299574732780457
mlp,train,2022-10,country_us,country_my,0.0,0.4740557372570038
mlp,train,2022-11,country_us,country_my,1.0,0.4784965515136719
mlp,train,2022-12,country_us,country_my,1.0,0.6456665992736816
mlp,train,2021-12,country_us,country_ph,0.0,0.4753951132297516
mlp,train,2022-01,country_us,country_ph,0.0,0.6041427850723267
mlp,train,2022-02,country_us,country_ph,0.0,0.6215792894363403
mlp,train,2022-03,country_us,country_ph,0.0,0.5604941248893738
mlp,train,2022-04,country_us,country_ph,0.0,0.5593278408050537
mlp,train,2022-05,country_us,country_ph,0.0,0.5523095726966858
mlp,train,2022-06,country_us,country_ph,0.0,0.48682498931884766
mlp,train,2022-07,country_us,country_ph,0.0,0.5842419266700745
mlp,train,2022-08,country_us,country_ph,0.0,0.51474928855896
mlp,train,2022-09,country_us,country_ph,0.0,0.493854820728302
mlp,train,2022-10,country_us,country_ph,0.0,0.5074541568756104
mlp,train,2022-11,country_us,country_ph,0.0,0.6037688851356506
mlp,train,2022-12,country_us,country_ph,0.0,0.6295750737190247
mlp,train,2021-12,country_us,country_sg,1.0,0.4557304084300995
mlp,train,2022-01,country_us,country_sg,1.0,0.5905678868293762
mlp,train,2022-02,country_us,country_sg,0.0,0.6285911798477173
mlp,train,2022-03,country_us,country_sg,0.0,0.5193975567817688
mlp,train,2022-04,country_us,country_sg,0.0,0.5350547432899475
mlp,train,2022-05,country_us,country_sg,0.0,0.5970688462257385
mlp,train,2022-06,country_us,country_sg,0.0,0.5424747467041016
mlp,train,2022-07,country_us,country_sg,0.0,0.6097267270088196
mlp,train,2022-08,country_us,country_sg,1.0,0.5743434429168701
mlp,train,2022-09,country_us,country_sg,1.0,0.6298724412918091
mlp,train,2022-10,country_us,country_sg,0.0,0.6387500762939453
mlp,train,2022-11,country_us,country_sg,1.0,0.57880699634552
mlp,train,2022-12,country_us,country_sg,1.0,0.5545635223388672
mlp,train,2021-12,country_us,country_th,0.0,0.5061025023460388
mlp,train,2022-01,country_us,country_th,0.0,0.5712020993232727
mlp,train,2022-02,country_us,country_th,0.0,0.6339751482009888
mlp,train,2022-03,country_us,country_th,0.0,0.5393472909927368
mlp,train,2022-04,country_us,country_th,0.0,0.541632890701294
mlp,train,2022-05,country_us,country_th,0.0,0.5724685192108154
mlp,train,2022-06,country_us,country_th,0.0,0.5581241250038147
mlp,train,2022-07,country_us,country_th,0.0,0.6031306385993958
mlp,train,2022-08,country_us,country_th,0.0,0.5269635319709778
mlp,train,2022-09,country_us,country_th,0.0,0.5393884778022766
mlp,train,2022-10,country_us,country_th,1.0,0.57169508934021
mlp,train,2022-11,country_us,country_th,0.0,0.6471744179725647
mlp,train,2022-12,country_us,country_th,0.0,0.6005938053131104
mlp,train,2021-12,country_us,country_vn,1.0,0.46777254343032837
mlp,train,2022-01,country_us,country_vn,0.0,0.6952597498893738
mlp,train,2022-02,country_us,country_vn,0.0,0.6932448744773865
mlp,train,2022-03,country_us,country_vn,1.0,0.5198603272438049
mlp,train,2022-04,country_us,country_vn,0.0,0.6105306148529053
mlp,train,2022-05,country_us,country_vn,0.0,0.6909785270690918
mlp,train,2022-06,country_us,country_vn,1.0,0.664112389087677
mlp,train,2022-07,country_us,country_vn,1.0,0.6846725344657898
mlp,train,2022-08,country_us,country_vn,1.0,0.5563015341758728
mlp,train,2022-09,country_us,country_vn,0.0,0.6058400273323059
mlp,train,2022-10,country_us,country_vn,1.0,0.5859009623527527
mlp,train,2022-11,country_us,country_vn,1.0,0.7128026485443115
mlp,train,2022-12,country_us,country_vn,0.0,0.6285009384155273
mlp,train,2021-12,country_vn,country_203,1.0,0.4961356520652771
mlp,train,2022-01,country_vn,country_203,0.0,0.5575023889541626
mlp,train,2022-02,country_vn,country_203,0.0,0.5322468876838684
mlp,train,2022-03,country_vn,country_203,0.0,0.5526567101478577
mlp,train,2022-04,country_vn,country_203,0.0,0.5698200464248657
mlp,train,2022-05,country_vn,country_203,1.0,0.645338237285614
mlp,train,2022-06,country_vn,country_203,1.0,0.5896862149238586
mlp,train,2022-07,country_vn,country_203,1.0,0.661479651927948
mlp,train,2022-08,country_vn,country_203,0.0,0.5474199652671814
mlp,train,2022-09,country_vn,country_203,1.0,0.512788712978363
mlp,train,2022-10,country_vn,country_203,1.0,0.5621594190597534
mlp,train,2022-11,country_vn,country_203,0.0,0.6203590631484985
mlp,train,2022-12,country_vn,country_203,1.0,0.551996648311615
mlp,train,2021-12,country_vn,country_344,1.0,0.43827590346336365
mlp,train,2022-01,country_vn,country_344,1.0,0.4852696657180786
mlp,train,2022-02,country_vn,country_344,0.0,0.5556245446205139
mlp,train,2022-03,country_vn,country_344,1.0,0.45086798071861267
mlp,train,2022-04,country_vn,country_344,1.0,0.4628616273403168
mlp,train,2022-05,country_vn,country_344,0.0,0.48003271222114563
mlp,train,2022-06,country_vn,country_344,0.0,0.46784359216690063
mlp,train,2022-07,country_vn,country_344,0.0,0.494848370552063
mlp,train,2022-08,country_vn,country_344,0.0,0.5155569911003113
mlp,train,2022-09,country_vn,country_344,0.0,0.4465320408344269
mlp,train,2022-10,country_vn,country_344,1.0,0.5276063680648804
mlp,train,2022-11,country_vn,country_344,0.0,0.5703567266464233
mlp,train,2022-12,country_vn,country_344,0.0,0.4712549149990082
mlp,train,2021-12,country_vn,country_372,0.0,0.8310964703559875
mlp,train,2022-01,country_vn,country_372,0.0,0.7462992072105408
mlp,train,2022-02,country_vn,country_372,0.0,0.7456651926040649
mlp,train,2022-03,country_vn,country_372,0.0,0.6985682845115662
mlp,train,2022-04,country_vn,country_372,0.0,0.7302523851394653
mlp,train,2022-05,country_vn,country_372,0.0,0.7168442606925964
mlp,train,2022-06,country_vn,country_372,0.0,0.7952449321746826
mlp,train,2022-07,country_vn,country_372,1.0,0.7201022505760193
mlp,train,2022-08,country_vn,country_372,0.0,0.7421247363090515
mlp,train,2022-09,country_vn,country_372,0.0,0.6783567070960999
mlp,train,2022-10,country_vn,country_372,0.0,0.7689445614814758
mlp,train,2022-11,country_vn,country_372,0.0,0.7448038458824158
mlp,train,2022-12,country_vn,country_372,1.0,0.694004237651825
mlp,train,2021-12,country_vn,country_380,1.0,0.6752637624740601
mlp,train,2022-01,country_vn,country_380,1.0,0.7099176049232483
mlp,train,2022-02,country_vn,country_380,1.0,0.7701242566108704
mlp,train,2022-03,country_vn,country_380,0.0,0.7430464029312134
mlp,train,2022-04,country_vn,country_380,0.0,0.7179455757141113
mlp,train,2022-05,country_vn,country_380,0.0,0.671995222568512
mlp,train,2022-06,country_vn,country_380,0.0,0.6747914552688599
mlp,train,2022-07,country_vn,country_380,1.0,0.6688869595527649
mlp,train,2022-08,country_vn,country_380,0.0,0.7708154320716858
mlp,train,2022-09,country_vn,country_380,0.0,0.6876550316810608
mlp,train,2022-10,country_vn,country_380,0.0,0.6531530022621155
mlp,train,2022-11,country_vn,country_380,1.0,0.7089012265205383
mlp,train,2022-12,country_vn,country_380,0.0,0.7611411809921265
mlp,train,2021-12,country_vn,country_cn,1.0,0.27721965312957764
mlp,train,2022-01,country_vn,country_cn,1.0,0.3434826731681824
mlp,train,2022-02,country_vn,country_cn,0.0,0.558999240398407
mlp,train,2022-03,country_vn,country_cn,0.0,0.3121142089366913
mlp,train,2022-04,country_vn,country_cn,1.0,0.33576467633247375
mlp,train,2022-05,country_vn,country_cn,0.0,0.39376842975616455
mlp,train,2022-06,country_vn,country_cn,0.0,0.3312686085700989
mlp,train,2022-07,country_vn,country_cn,0.0,0.2956456243991852
mlp,train,2022-08,country_vn,country_cn,0.0,0.3151206970214844
mlp,train,2022-09,country_vn,country_cn,0.0,0.2891113758087158
mlp,train,2022-10,country_vn,country_cn,1.0,0.3541751205921173
mlp,train,2022-11,country_vn,country_cn,0.0,0.5018950700759888
mlp,train,2022-12,country_vn,country_cn,1.0,0.34735649824142456
mlp,train,2021-12,country_vn,country_de,0.0,0.32966265082359314
mlp,train,2022-01,country_vn,country_de,0.0,0.3902818560600281
mlp,train,2022-02,country_vn,country_de,0.0,0.4356204867362976
mlp,train,2022-03,country_vn,country_de,0.0,0.364371657371521
mlp,train,2022-04,country_vn,country_de,0.0,0.33927926421165466
mlp,train,2022-05,country_vn,country_de,0.0,0.40800654888153076
mlp,train,2022-06,country_vn,country_de,0.0,0.37692397832870483
mlp,train,2022-07,country_vn,country_de,0.0,0.356505811214447
mlp,train,2022-08,country_vn,country_de,0.0,0.32862043380737305
mlp,train,2022-09,country_vn,country_de,0.0,0.38872137665748596
mlp,train,2022-10,country_vn,country_de,0.0,0.43324407935142517
mlp,train,2022-11,country_vn,country_de,0.0,0.5035542249679565
mlp,train,2022-12,country_vn,country_de,0.0,0.4659545123577118
mlp,train,2021-12,country_vn,country_fr,0.0,0.5644962787628174
mlp,train,2022-01,country_vn,country_fr,0.0,0.4829367697238922
mlp,train,2022-02,country_vn,country_fr,0.0,0.557124674320221
mlp,train,2022-03,country_vn,country_fr,0.0,0.45193129777908325
mlp,train,2022-04,country_vn,country_fr,0.0,0.4244128465652466
mlp,train,2022-05,country_vn,country_fr,0.0,0.4614654779434204
mlp,train,2022-06,country_vn,country_fr,0.0,0.5099977850914001
mlp,train,2022-07,country_vn,country_fr,0.0,0.4782234728336334
mlp,train,2022-08,country_vn,country_fr,0.0,0.41575896739959717
mlp,train,2022-09,country_vn,country_fr,0.0,0.539779543876648
mlp,train,2022-10,country_vn,country_fr,0.0,0.5593432784080505
mlp,train,2022-11,country_vn,country_fr,0.0,0.5952679514884949
mlp,train,2022-12,country_vn,country_fr,1.0,0.657185435295105
mlp,train,2021-12,country_vn,country_gb,0.0,0.560500979423523
mlp,train,2022-01,country_vn,country_gb,0.0,0.3229706883430481
mlp,train,2022-02,country_vn,country_gb,0.0,0.36144721508026123
mlp,train,2022-03,country_vn,country_gb,0.0,0.41427016258239746
mlp,train,2022-04,country_vn,country_gb,0.0,0.41229408979415894
mlp,train,2022-05,country_vn,country_gb,0.0,0.5276929140090942
mlp,train,2022-06,country_vn,country_gb,0.0,0.4764803349971771
mlp,train,2022-07,country_vn,country_gb,0.0,0.43370380997657776
mlp,train,2022-08,country_vn,country_gb,0.0,0.38916510343551636
mlp,train,2022-09,country_vn,country_gb,0.0,0.6084473133087158
mlp,train,2022-10,country_vn,country_gb,0.0,0.6247290372848511
mlp,train,2022-11,country_vn,country_gb,0.0,0.49909183382987976
mlp,train,2022-12,country_vn,country_gb,0.0,0.41198086738586426
mlp,train,2021-12,country_vn,country_in,1.0,0.4265200197696686
mlp,train,2022-01,country_vn,country_in,0.0,0.32043564319610596
mlp,train,2022-02,country_vn,country_in,0.0,0.3535185158252716
mlp,train,2022-03,country_vn,country_in,0.0,0.3157941401004791
mlp,train,2022-04,country_vn,country_in,1.0,0.3831137418746948
mlp,train,2022-05,country_vn,country_in,0.0,0.6869942545890808
mlp,train,2022-06,country_vn,country_in,0.0,0.6600049138069153
mlp,train,2022-07,country_vn,country_in,0.0,0.3432224690914154
mlp,train,2022-08,country_vn,country_in,0.0,0.30275532603263855
mlp,train,2022-09,country_vn,country_in,0.0,0.3078460395336151
mlp,train,2022-10,country_vn,country_in,0.0,0.5415951609611511
mlp,train,2022-11,country_vn,country_in,0.0,0.6541317701339722
mlp,train,2022-12,country_vn,country_in,0.0,0.4014669358730316
mlp,train,2021-12,country_vn,country_jp,0.0,0.341121643781662
mlp,train,2022-01,country_vn,country_jp,0.0,0.3872649371623993
mlp,train,2022-02,country_vn,country_jp,0.0,0.5914679765701294
mlp,train,2022-03,country_vn,country_jp,0.0,0.40168383717536926
mlp,train,2022-04,country_vn,country_jp,0.0,0.40582141280174255
mlp,train,2022-05,country_vn,country_jp,0.0,0.3980170786380768
mlp,train,2022-06,country_vn,country_jp,0.0,0.42233121395111084
mlp,train,2022-07,country_vn,country_jp,0.0,0.4714292287826538
mlp,train,2022-08,country_vn,country_jp,1.0,0.3768226206302643
mlp,train,2022-09,country_vn,country_jp,1.0,0.5112992525100708
mlp,train,2022-10,country_vn,country_jp,1.0,0.44806113839149475
mlp,train,2022-11,country_vn,country_jp,1.0,0.5668022036552429
mlp,train,2022-12,country_vn,country_jp,1.0,0.5630191564559937
mlp,train,2021-12,country_vn,country_kr,0.0,0.3500702977180481
mlp,train,2022-01,country_vn,country_kr,0.0,0.5056094527244568
mlp,train,2022-02,country_vn,country_kr,0.0,0.545210063457489
mlp,train,2022-03,country_vn,country_kr,0.0,0.3799479603767395
mlp,train,2022-04,country_vn,country_kr,1.0,0.3290208578109741
mlp,train,2022-05,country_vn,country_kr,0.0,0.43523237109184265
mlp,train,2022-06,country_vn,country_kr,1.0,0.36231306195259094
mlp,train,2022-07,country_vn,country_kr,1.0,0.3296547532081604
mlp,train,2022-08,country_vn,country_kr,0.0,0.3799765110015869
mlp,train,2022-09,country_vn,country_kr,1.0,0.3648718297481537
mlp,train,2022-10,country_vn,country_kr,1.0,0.4813530445098877
mlp,train,2022-11,country_vn,country_kr,0.0,0.6625298261642456
mlp,train,2022-12,country_vn,country_kr,1.0,0.5248308777809143
mlp,train,2021-12,country_vn,country_mx,1.0,0.2828991711139679
mlp,train,2022-01,country_vn,country_mx,0.0,0.5072228312492371
mlp,train,2022-02,country_vn,country_mx,0.0,0.3763352334499359
mlp,train,2022-03,country_vn,country_mx,0.0,0.3746073246002197
mlp,train,2022-04,country_vn,country_mx,0.0,0.3180448114871979
mlp,train,2022-05,country_vn,country_mx,0.0,0.3963114023208618
mlp,train,2022-06,country_vn,country_mx,0.0,0.3605533540248871
mlp,train,2022-07,country_vn,country_mx,0.0,0.300563782453537
mlp,train,2022-08,country_vn,country_mx,0.0,0.2992924451828003
mlp,train,2022-09,country_vn,country_mx,0.0,0.3250526189804077
mlp,train,2022-10,country_vn,country_mx,0.0,0.37388792634010315
mlp,train,2022-11,country_vn,country_mx,1.0,0.5695745348930359
mlp,train,2022-12,country_vn,country_mx,0.0,0.5976330637931824
mlp,train,2021-12,country_vn,country_my,0.0,0.33653125166893005
mlp,train,2022-01,country_vn,country_my,0.0,0.37436148524284363
mlp,train,2022-02,country_vn,country_my,1.0,0.5560365319252014
mlp,train,2022-03,country_vn,country_my,0.0,0.3879963457584381
mlp,train,2022-04,country_vn,country_my,0.0,0.32129982113838196
mlp,train,2022-05,country_vn,country_my,0.0,0.3576299846172333
mlp,train,2022-06,country_vn,country_my,1.0,0.3456038236618042
mlp,train,2022-07,country_vn,country_my,0.0,0.36770761013031006
mlp,train,2022-08,country_vn,country_my,0.0,0.3264174163341522
mlp,train,2022-09,country_vn,country_my,0.0,0.37774768471717834
mlp,train,2022-10,country_vn,country_my,0.0,0.43184569478034973
mlp,train,2022-11,country_vn,country_my,0.0,0.48116204142570496
mlp,train,2022-12,country_vn,country_my,1.0,0.5081580281257629
mlp,train,2021-12,country_vn,country_ph,0.0,0.5380391478538513
mlp,train,2022-01,country_vn,country_ph,0.0,0.510800302028656
mlp,train,2022-02,country_vn,country_ph,0.0,0.6751353740692139
mlp,train,2022-03,country_vn,country_ph,1.0,0.6212522983551025
mlp,train,2022-04,country_vn,country_ph,1.0,0.6770955324172974
mlp,train,2022-05,country_vn,country_ph,0.0,0.6711915135383606
mlp,train,2022-06,country_vn,country_ph,0.0,0.6303125619888306
mlp,train,2022-07,country_vn,country_ph,0.0,0.5552228093147278
mlp,train,2022-08,country_vn,country_ph,0.0,0.5146183967590332
mlp,train,2022-09,country_vn,country_ph,0.0,0.6004088521003723
mlp,train,2022-10,country_vn,country_ph,0.0,0.6793228983879089
mlp,train,2022-11,country_vn,country_ph,0.0,0.7263848781585693
mlp,train,2022-12,country_vn,country_ph,1.0,0.7376771569252014
mlp,train,2021-12,country_vn,country_sg,0.0,0.4010135233402252
mlp,train,2022-01,country_vn,country_sg,1.0,0.32762059569358826
mlp,train,2022-02,country_vn,country_sg,0.0,0.54747474193573
mlp,train,2022-03,country_vn,country_sg,0.0,0.36435696482658386
mlp,train,2022-04,country_vn,country_sg,0.0,0.34485846757888794
mlp,train,2022-05,country_vn,country_sg,0.0,0.40487387776374817
mlp,train,2022-06,country_vn,country_sg,1.0,0.3898390829563141
mlp,train,2022-07,country_vn,country_sg,0.0,0.3635544776916504
mlp,train,2022-08,country_vn,country_sg,0.0,0.36599284410476685
mlp,train,2022-09,country_vn,country_sg,0.0,0.5859357118606567
mlp,train,2022-10,country_vn,country_sg,1.0,0.6147931814193726
mlp,train,2022-11,country_vn,country_sg,1.0,0.5655367970466614
mlp,train,2022-12,country_vn,country_sg,0.0,0.4539676606655121
mlp,train,2021-12,country_vn,country_th,0.0,0.3803226351737976
mlp,train,2022-01,country_vn,country_th,0.0,0.34007465839385986
mlp,train,2022-02,country_vn,country_th,0.0,0.5473783612251282
mlp,train,2022-03,country_vn,country_th,1.0,0.38056331872940063
mlp,train,2022-04,country_vn,country_th,0.0,0.4032180607318878
mlp,train,2022-05,country_vn,country_th,0.0,0.45377272367477417
mlp,train,2022-06,country_vn,country_th,0.0,0.43147173523902893
mlp,train,2022-07,country_vn,country_th,0.0,0.3713793456554413
mlp,train,2022-08,country_vn,country_th,0.0,0.3570680320262909
mlp,train,2022-09,country_vn,country_th,1.0,0.4640912413597107
mlp,train,2022-10,country_vn,country_th,1.0,0.5451192259788513
mlp,train,2022-11,country_vn,country_th,1.0,0.659117579460144
mlp,train,2022-12,country_vn,country_th,1.0,0.5603861212730408
mlp,train,2021-12,country_vn,country_us,1.0,0.26526448130607605
mlp,train,2022-01,country_vn,country_us,0.0,0.37543416023254395
mlp,train,2022-02,country_vn,country_us,0.0,0.37911179661750793
mlp,train,2022-03,country_vn,country_us,0.0,0.23981758952140808
mlp,train,2022-04,country_vn,country_us,0.0,0.2587655782699585
mlp,train,2022-05,country_vn,country_us,0.0,0.2837688624858856
mlp,train,2022-06,country_vn,country_us,1.0,0.29783710837364197
mlp,train,2022-07,country_vn,country_us,0.0,0.37507423758506775
mlp,train,2022-08,country_vn,country_us,0.0,0.31823697686195374
mlp,train,2022-09,country_vn,country_us,0.0,0.26914843916893005
mlp,train,2022-10,country_vn,country_us,0.0,0.28922128677368164
mlp,train,2022-11,country_vn,country_us,0.0,0.4733062982559204
mlp,train,2022-12,country_vn,country_us,0.0,0.40134286880493164
mlp,validation,2023-01,country_203,country_344,0.0,0.7809686064720154
mlp,validation,2023-02,country_203,country_344,0.0,0.8358175754547119
mlp,validation,2023-03,country_203,country_344,1.0,0.767833948135376
mlp,validation,2023-04,country_203,country_344,0.0,0.7957899570465088
mlp,validation,2023-05,country_203,country_344,0.0,0.7741144895553589
mlp,validation,2023-06,country_203,country_344,0.0,0.7444459795951843
mlp,validation,2023-07,country_203,country_344,1.0,0.7670885920524597
mlp,validation,2023-08,country_203,country_344,0.0,0.8210009336471558
mlp,validation,2023-09,country_203,country_344,0.0,0.781455397605896
mlp,validation,2023-10,country_203,country_344,0.0,0.7614704370498657
mlp,validation,2023-11,country_203,country_344,1.0,0.7650450468063354
mlp,validation,2023-12,country_203,country_344,1.0,0.7865501046180725
mlp,validation,2023-01,country_203,country_372,0.0,0.8175377249717712
mlp,validation,2023-02,country_203,country_372,0.0,0.8650569915771484
mlp,validation,2023-03,country_203,country_372,0.0,0.7590364217758179
mlp,validation,2023-04,country_203,country_372,0.0,0.8595272898674011
mlp,validation,2023-05,country_203,country_372,0.0,0.7688432931900024
mlp,validation,2023-06,country_203,country_372,0.0,0.763527512550354
mlp,validation,2023-07,country_203,country_372,0.0,0.7595188021659851
mlp,validation,2023-08,country_203,country_372,0.0,0.8282510042190552
mlp,validation,2023-09,country_203,country_372,0.0,0.8192151784896851
mlp,validation,2023-10,country_203,country_372,0.0,0.7867347002029419
mlp,validation,2023-11,country_203,country_372,0.0,0.7556620240211487
mlp,validation,2023-12,country_203,country_372,0.0,0.7660608291625977
mlp,validation,2023-01,country_203,country_380,1.0,0.6827839016914368
mlp,validation,2023-02,country_203,country_380,0.0,0.747576892375946
mlp,validation,2023-03,country_203,country_380,1.0,0.7014421820640564
mlp,validation,2023-04,country_203,country_380,1.0,0.7796832919120789
mlp,validation,2023-05,country_203,country_380,0.0,0.717166543006897
mlp,validation,2023-06,country_203,country_380,1.0,0.7084932327270508
mlp,validation,2023-07,country_203,country_380,1.0,0.7434004545211792
mlp,validation,2023-08,country_203,country_380,0.0,0.8126409649848938
mlp,validation,2023-09,country_203,country_380,0.0,0.725814938545227
mlp,validation,2023-10,country_203,country_380,0.0,0.7029876708984375
mlp,validation,2023-11,country_203,country_380,0.0,0.7458478808403015
mlp,validation,2023-12,country_203,country_380,0.0,0.7532704472541809
mlp,validation,2023-01,country_203,country_cn,0.0,0.762995183467865
mlp,validation,2023-02,country_203,country_cn,0.0,0.7755867838859558
mlp,validation,2023-03,country_203,country_cn,0.0,0.6517030000686646
mlp,validation,2023-04,country_203,country_cn,0.0,0.7178204655647278
mlp,validation,2023-05,country_203,country_cn,0.0,0.6940642595291138
mlp,validation,2023-06,country_203,country_cn,0.0,0.6813474297523499
mlp,validation,2023-07,country_203,country_cn,0.0,0.6820424795150757
mlp,validation,2023-08,country_203,country_cn,0.0,0.7186453938484192
mlp,validation,2023-09,country_203,country_cn,0.0,0.6937509775161743
mlp,validation,2023-10,country_203,country_cn,0.0,0.677416205406189
mlp,validation,2023-11,country_203,country_cn,1.0,0.6567695140838623
mlp,validation,2023-12,country_203,country_cn,0.0,0.6778329610824585
mlp,validation,2023-01,country_203,country_de,0.0,0.5964971780776978
mlp,validation,2023-02,country_203,country_de,0.0,0.7128166556358337
mlp,validation,2023-03,country_203,country_de,0.0,0.5898892283439636
mlp,validation,2023-04,country_203,country_de,0.0,0.6901711225509644
mlp,validation,2023-05,country_203,country_de,1.0,0.6273698806762695
mlp,validation,2023-06,country_203,country_de,1.0,0.6438621878623962
mlp,validation,2023-07,country_203,country_de,1.0,0.6671975255012512
mlp,validation,2023-08,country_203,country_de,1.0,0.7044080495834351
mlp,validation,2023-09,country_203,country_de,1.0,0.6926409006118774
mlp,validation,2023-10,country_203,country_de,1.0,0.6861428618431091
mlp,validation,2023-11,country_203,country_de,1.0,0.6956271529197693
mlp,validation,2023-12,country_203,country_de,1.0,0.7195969223976135
mlp,validation,2023-01,country_203,country_fr,0.0,0.6400275230407715
mlp,validation,2023-02,country_203,country_fr,0.0,0.7672513127326965
mlp,validation,2023-03,country_203,country_fr,0.0,0.687221109867096
mlp,validation,2023-04,country_203,country_fr,0.0,0.730801522731781
mlp,validation,2023-05,country_203,country_fr,0.0,0.7166903018951416
mlp,validation,2023-06,country_203,country_fr,0.0,0.6439900398254395
mlp,validation,2023-07,country_203,country_fr,0.0,0.7413979172706604
mlp,validation,2023-08,country_203,country_fr,1.0,0.7851837277412415
mlp,validation,2023-09,country_203,country_fr,0.0,0.745941162109375
mlp,validation,2023-10,country_203,country_fr,1.0,0.6811442971229553
mlp,validation,2023-11,country_203,country_fr,0.0,0.7305925488471985
mlp,validation,2023-12,country_203,country_fr,0.0,0.713802695274353
mlp,validation,2023-01,country_203,country_gb,0.0,0.7273515462875366
mlp,validation,2023-02,country_203,country_gb,0.0,0.7995229959487915
mlp,validation,2023-03,country_203,country_gb,0.0,0.713403046131134
mlp,validation,2023-04,country_203,country_gb,0.0,0.758647084236145
mlp,validation,2023-05,country_203,country_gb,0.0,0.7331204414367676
mlp,validation,2023-06,country_203,country_gb,0.0,0.7145951390266418
mlp,validation,2023-07,country_203,country_gb,0.0,0.6979023814201355
mlp,validation,2023-08,country_203,country_gb,0.0,0.7941890358924866
mlp,validation,2023-09,country_203,country_gb,0.0,0.7600299119949341
mlp,validation,2023-10,country_203,country_gb,0.0,0.7169452905654907
mlp,validation,2023-11,country_203,country_gb,0.0,0.7223027944564819
mlp,validation,2023-12,country_203,country_gb,0.0,0.7128987312316895
mlp,validation,2023-01,country_203,country_in,0.0,0.7840136885643005
mlp,validation,2023-02,country_203,country_in,1.0,0.8245064616203308
mlp,validation,2023-03,country_203,country_in,0.0,0.7931728363037109
mlp,validation,2023-04,country_203,country_in,0.0,0.8090049028396606
mlp,validation,2023-05,country_203,country_in,1.0,0.7756862640380859
mlp,validation,2023-06,country_203,country_in,0.0,0.7862769365310669
mlp,validation,2023-07,country_203,country_in,0.0,0.7971373796463013
mlp,validation,2023-08,country_203,country_in,1.0,0.7946001887321472
mlp,validation,2023-09,country_203,country_in,1.0,0.8241662383079529
mlp,validation,2023-10,country_203,country_in,1.0,0.8229166269302368
mlp,validation,2023-11,country_203,country_in,0.0,0.8778430819511414
mlp,validation,2023-12,country_203,country_in,1.0,0.7786217927932739
mlp,validation,2023-01,country_203,country_jp,1.0,0.7372507452964783
mlp,validation,2023-02,country_203,country_jp,0.0,0.7936677932739258
mlp,validation,2023-03,country_203,country_jp,0.0,0.7291590571403503
mlp,validation,2023-04,country_203,country_jp,0.0,0.7316516637802124
mlp,validation,2023-05,country_203,country_jp,0.0,0.7329907417297363
mlp,validation,2023-06,country_203,country_jp,0.0,0.7584050893783569
mlp,validation,2023-07,country_203,country_jp,0.0,0.700499951839447
mlp,validation,2023-08,country_203,country_jp,0.0,0.7790751457214355
mlp,validation,2023-09,country_203,country_jp,0.0,0.7616407871246338
mlp,validation,2023-10,country_203,country_jp,0.0,0.694769024848938
mlp,validation,2023-11,country_203,country_jp,0.0,0.6977209448814392
mlp,validation,2023-12,country_203,country_jp,0.0,0.7046448588371277
mlp,validation,2023-01,country_203,country_kr,0.0,0.7850980162620544
mlp,validation,2023-02,country_203,country_kr,0.0,0.8236536979675293
mlp,validation,2023-03,country_203,country_kr,1.0,0.7533737421035767
mlp,validation,2023-04,country_203,country_kr,0.0,0.8495822548866272
mlp,validation,2023-05,country_203,country_kr,0.0,0.7764186263084412
mlp,validation,2023-06,country_203,country_kr,1.0,0.7522802352905273
mlp,validation,2023-07,country_203,country_kr,0.0,0.8218501210212708
mlp,validation,2023-08,country_203,country_kr,0.0,0.8125116229057312
mlp,validation,2023-09,country_203,country_kr,0.0,0.7782065868377686
mlp,validation,2023-10,country_203,country_kr,0.0,0.7778159976005554
mlp,validation,2023-11,country_203,country_kr,1.0,0.7781593799591064
mlp,validation,2023-12,country_203,country_kr,0.0,0.7991513013839722
mlp,validation,2023-01,country_203,country_mx,0.0,0.7901231050491333
mlp,validation,2023-02,country_203,country_mx,0.0,0.819618284702301
mlp,validation,2023-03,country_203,country_mx,0.0,0.7095639705657959
mlp,validation,2023-04,country_203,country_mx,0.0,0.7747864723205566
mlp,validation,2023-05,country_203,country_mx,0.0,0.766581118106842
mlp,validation,2023-06,country_203,country_mx,0.0,0.6760939955711365
mlp,validation,2023-07,country_203,country_mx,0.0,0.7568286657333374
mlp,validation,2023-08,country_203,country_mx,1.0,0.7768499255180359
mlp,validation,2023-09,country_203,country_mx,1.0,0.7864651083946228
mlp,validation,2023-10,country_203,country_mx,1.0,0.7665401697158813
mlp,validation,2023-11,country_203,country_mx,0.0,0.7661724090576172
mlp,validation,2023-12,country_203,country_mx,0.0,0.7946475744247437
mlp,validation,2023-01,country_203,country_my,0.0,0.7107577919960022
mlp,validation,2023-02,country_203,country_my,0.0,0.7509955763816833
mlp,validation,2023-03,country_203,country_my,1.0,0.6752147674560547
mlp,validation,2023-04,country_203,country_my,1.0,0.7579870820045471
mlp,validation,2023-05,country_203,country_my,1.0,0.6991748809814453
mlp,validation,2023-06,country_203,country_my,0.0,0.7218694686889648
mlp,validation,2023-07,country_203,country_my,1.0,0.6696395874023438
mlp,validation,2023-08,country_203,country_my,1.0,0.7607511281967163
mlp,validation,2023-09,country_203,country_my,1.0,0.7142398357391357
mlp,validation,2023-10,country_203,country_my,1.0,0.6987440586090088
mlp,validation,2023-11,country_203,country_my,1.0,0.6890557408332825
mlp,validation,2023-12,country_203,country_my,1.0,0.7020778656005859
mlp,validation,2023-01,country_203,country_ph,0.0,0.6842101216316223
mlp,validation,2023-02,country_203,country_ph,0.0,0.7767720222473145
mlp,validation,2023-03,country_203,country_ph,0.0,0.6989148855209351
mlp,validation,2023-04,country_203,country_ph,0.0,0.7420765161514282
mlp,validation,2023-05,country_203,country_ph,0.0,0.6790003776550293
mlp,validation,2023-06,country_203,country_ph,0.0,0.7074630856513977
mlp,validation,2023-07,country_203,country_ph,0.0,0.6997619867324829
mlp,validation,2023-08,country_203,country_ph,0.0,0.7457103729248047
mlp,validation,2023-09,country_203,country_ph,0.0,0.7221009731292725
mlp,validation,2023-10,country_203,country_ph,0.0,0.7010392546653748
mlp,validation,2023-11,country_203,country_ph,1.0,0.7002682089805603
mlp,validation,2023-12,country_203,country_ph,0.0,0.695749044418335
mlp,validation,2023-01,country_203,country_sg,0.0,0.7626727223396301
mlp,validation,2023-02,country_203,country_sg,0.0,0.8192083239555359
mlp,validation,2023-03,country_203,country_sg,0.0,0.7086485624313354
mlp,validation,2023-04,country_203,country_sg,0.0,0.7422191500663757
mlp,validation,2023-05,country_203,country_sg,1.0,0.7183944582939148
mlp,validation,2023-06,country_203,country_sg,0.0,0.7370955944061279
mlp,validation,2023-07,country_203,country_sg,0.0,0.705268919467926
mlp,validation,2023-08,country_203,country_sg,0.0,0.768436849117279
mlp,validation,2023-09,country_203,country_sg,0.0,0.7360785007476807
mlp,validation,2023-10,country_203,country_sg,0.0,0.7325633764266968
mlp,validation,2023-11,country_203,country_sg,0.0,0.7242434024810791
mlp,validation,2023-12,country_203,country_sg,1.0,0.7036753296852112
mlp,validation,2023-01,country_203,country_th,0.0,0.7974349856376648
mlp,validation,2023-02,country_203,country_th,0.0,0.8474821448326111
mlp,validation,2023-03,country_203,country_th,0.0,0.7866737842559814
mlp,validation,2023-04,country_203,country_th,0.0,0.8053280115127563
mlp,validation,2023-05,country_203,country_th,0.0,0.8019979000091553
mlp,validation,2023-06,country_203,country_th,0.0,0.7643542885780334
mlp,validation,2023-07,country_203,country_th,0.0,0.7852569818496704
mlp,validation,2023-08,country_203,country_th,0.0,0.7932954430580139
mlp,validation,2023-09,country_203,country_th,0.0,0.7915108799934387
mlp,validation,2023-10,country_203,country_th,1.0,0.7916807532310486
mlp,validation,2023-11,country_203,country_th,0.0,0.7872611284255981
mlp,validation,2023-12,country_203,country_th,1.0,0.7943798303604126
mlp,validation,2023-01,country_203,country_us,0.0,0.5545558333396912
mlp,validation,2023-02,country_203,country_us,0.0,0.7879786491394043
mlp,validation,2023-03,country_203,country_us,1.0,0.5249755382537842
mlp,validation,2023-04,country_203,country_us,0.0,0.7668030858039856
mlp,validation,2023-05,country_203,country_us,1.0,0.5621325373649597
mlp,validation,2023-06,country_203,country_us,0.0,0.5833737850189209
mlp,validation,2023-07,country_203,country_us,0.0,0.5497526526451111
mlp,validation,2023-08,country_203,country_us,0.0,0.6349055171012878
mlp,validation,2023-09,country_203,country_us,1.0,0.5580069422721863
mlp,validation,2023-10,country_203,country_us,0.0,0.5903050303459167
mlp,validation,2023-11,country_203,country_us,0.0,0.6383926868438721
mlp,validation,2023-12,country_203,country_us,1.0,0.6146600842475891
mlp,validation,2023-01,country_203,country_vn,0.0,0.7424461245536804
mlp,validation,2023-02,country_203,country_vn,0.0,0.8021969795227051
mlp,validation,2023-03,country_203,country_vn,0.0,0.7518482208251953
mlp,validation,2023-04,country_203,country_vn,0.0,0.8026156425476074
mlp,validation,2023-05,country_203,country_vn,0.0,0.8164038062095642
mlp,validation,2023-06,country_203,country_vn,1.0,0.7478897571563721
mlp,validation,2023-07,country_203,country_vn,0.0,0.7746363878250122
mlp,validation,2023-08,country_203,country_vn,1.0,0.8364837765693665
mlp,validation,2023-09,country_203,country_vn,1.0,0.7870570421218872
mlp,validation,2023-10,country_203,country_vn,0.0,0.7779721617698669
mlp,validation,2023-11,country_203,country_vn,0.0,0.7541497349739075
mlp,validation,2023-01,country_344,country_203,1.0,0.7687801718711853
mlp,validation,2023-02,country_344,country_203,1.0,0.8397470712661743
mlp,validation,2023-03,country_344,country_203,1.0,0.8156017661094666
mlp,validation,2023-04,country_344,country_203,1.0,0.8413336277008057
mlp,validation,2023-05,country_344,country_203,1.0,0.7934638857841492
mlp,validation,2023-06,country_344,country_203,1.0,0.8034548759460449
mlp,validation,2023-07,country_344,country_203,1.0,0.8006935119628906
mlp,validation,2023-08,country_344,country_203,1.0,0.8268707394599915
mlp,validation,2023-09,country_344,country_203,1.0,0.8172129392623901
mlp,validation,2023-10,country_344,country_203,1.0,0.8272218108177185
mlp,validation,2023-11,country_344,country_203,1.0,0.8201600313186646
mlp,validation,2023-12,country_344,country_203,1.0,0.8383318781852722
mlp,validation,2023-01,country_344,country_372,1.0,0.8590406775474548
mlp,validation,2023-02,country_344,country_372,0.0,0.8819404244422913
mlp,validation,2023-03,country_344,country_372,1.0,0.8149725794792175
mlp,validation,2023-04,country_344,country_372,1.0,0.8761368989944458
mlp,validation,2023-05,country_344,country_372,0.0,0.8143938779830933
mlp,validation,2023-06,country_344,country_372,0.0,0.8222560882568359
mlp,validation,2023-07,country_344,country_372,1.0,0.7583046555519104
mlp,validation,2023-08,country_344,country_372,0.0,0.8225610256195068
mlp,validation,2023-09,country_344,country_372,1.0,0.8240261077880859
mlp,validation,2023-10,country_344,country_372,0.0,0.8630709648132324
mlp,validation,2023-11,country_344,country_372,1.0,0.8118513822555542
mlp,validation,2023-12,country_344,country_372,1.0,0.8752781748771667
mlp,validation,2023-01,country_344,country_380,0.0,0.7607784271240234
mlp,validation,2023-02,country_344,country_380,0.0,0.7602638006210327
mlp,validation,2023-03,country_344,country_380,1.0,0.7904582023620605
mlp,validation,2023-04,country_344,country_380,0.0,0.7863395810127258
mlp,validation,2023-05,country_344,country_380,1.0,0.750343918800354
mlp,validation,2023-06,country_344,country_380,0.0,0.7825729250907898
mlp,validation,2023-07,country_344,country_380,0.0,0.767892062664032
mlp,validation,2023-08,country_344,country_380,1.0,0.807754397392273
mlp,validation,2023-09,country_344,country_380,1.0,0.7805424928665161
mlp,validation,2023-10,country_344,country_380,1.0,0.7645072937011719
mlp,validation,2023-11,country_344,country_380,1.0,0.7813358902931213
mlp,validation,2023-12,country_344,country_380,1.0,0.8236346244812012
mlp,validation,2023-01,country_344,country_cn,0.0,0.7947494983673096
mlp,validation,2023-02,country_344,country_cn,0.0,0.7544542551040649
mlp,validation,2023-03,country_344,country_cn,1.0,0.6953964829444885
mlp,validation,2023-04,country_344,country_cn,1.0,0.7176355123519897
mlp,validation,2023-05,country_344,country_cn,1.0,0.6864900588989258
mlp,validation,2023-06,country_344,country_cn,1.0,0.726921021938324
mlp,validation,2023-07,country_344,country_cn,1.0,0.681395947933197
mlp,validation,2023-08,country_344,country_cn,0.0,0.690278172492981
mlp,validation,2023-09,country_344,country_cn,0.0,0.6530734896659851
mlp,validation,2023-10,country_344,country_cn,0.0,0.6682101488113403
mlp,validation,2023-11,country_344,country_cn,0.0,0.6061320304870605
mlp,validation,2023-12,country_344,country_cn,1.0,0.6560404300689697
mlp,validation,2023-01,country_344,country_de,1.0,0.7085322141647339
mlp,validation,2023-02,country_344,country_de,1.0,0.7225884199142456
mlp,validation,2023-03,country_344,country_de,1.0,0.7066228985786438
mlp,validation,2023-04,country_344,country_de,1.0,0.6699362397193909
mlp,validation,2023-05,country_344,country_de,1.0,0.6829771995544434
mlp,validation,2023-06,country_344,country_de,1.0,0.7188836932182312
mlp,validation,2023-07,country_344,country_de,1.0,0.6989859342575073
mlp,validation,2023-08,country_344,country_de,1.0,0.6786419153213501
mlp,validation,2023-09,country_344,country_de,1.0,0.719377338886261
mlp,validation,2023-10,country_344,country_de,1.0,0.7041738629341125
mlp,validation,2023-11,country_344,country_de,1.0,0.7320825457572937
mlp,validation,2023-12,country_344,country_de,1.0,0.7479366660118103
mlp,validation,2023-01,country_344,country_fr,1.0,0.7241499423980713
mlp,validation,2023-02,country_344,country_fr,0.0,0.7681030035018921
mlp,validation,2023-03,country_344,country_fr,1.0,0.72443026304245
mlp,validation,2023-04,country_344,country_fr,0.0,0.7344098687171936
mlp,validation,2023-05,country_344,country_fr,1.0,0.6931297183036804
mlp,validation,2023-06,country_344,country_fr,1.0,0.6966946125030518
mlp,validation,2023-07,country_344,country_fr,1.0,0.7544891238212585
mlp,validation,2023-08,country_344,country_fr,1.0,0.7784146666526794
mlp,validation,2023-09,country_344,country_fr,1.0,0.7572720050811768
mlp,validation,2023-10,country_344,country_fr,1.0,0.7336230278015137
mlp,validation,2023-11,country_344,country_fr,1.0,0.7490853667259216
mlp,validation,2023-12,country_344,country_fr,0.0,0.7748246192932129
mlp,validation,2023-01,country_344,country_gb,1.0,0.703834593296051
mlp,validation,2023-02,country_344,country_gb,1.0,0.7207044959068298
mlp,validation,2023-03,country_344,country_gb,1.0,0.6516757011413574
mlp,validation,2023-04,country_344,country_gb,1.0,0.6566035747528076
mlp,validation,2023-05,country_344,country_gb,1.0,0.6384649872779846
mlp,validation,2023-06,country_344,country_gb,1.0,0.7022102475166321
mlp,validation,2023-07,country_344,country_gb,1.0,0.6482494473457336
mlp,validation,2023-08,country_344,country_gb,1.0,0.7154132127761841
mlp,validation,2023-09,country_344,country_gb,1.0,0.7345670461654663
mlp,validation,2023-10,country_344,country_gb,1.0,0.6511436700820923
mlp,validation,2023-11,country_344,country_gb,1.0,0.6957095265388489
mlp,validation,2023-12,country_344,country_gb,0.0,0.6992909908294678
mlp,validation,2023-01,country_344,country_in,1.0,0.6877282857894897
mlp,validation,2023-02,country_344,country_in,1.0,0.6826023459434509
mlp,validation,2023-03,country_344,country_in,1.0,0.6216811537742615
mlp,validation,2023-04,country_344,country_in,1.0,0.6687023639678955
mlp,validation,2023-05,country_344,country_in,1.0,0.5757896304130554
mlp,validation,2023-06,country_344,country_in,1.0,0.5828948616981506
mlp,validation,2023-07,country_344,country_in,1.0,0.6139944791793823
mlp,validation,2023-08,country_344,country_in,1.0,0.6525671482086182
mlp,validation,2023-09,country_344,country_in,0.0,0.6404864192008972
mlp,validation,2023-10,country_344,country_in,1.0,0.6163821816444397
mlp,validation,2023-11,country_344,country_in,1.0,0.6606591939926147
mlp,validation,2023-12,country_344,country_in,0.0,0.6463266611099243
mlp,validation,2023-01,country_344,country_jp,1.0,0.7722123861312866
mlp,validation,2023-02,country_344,country_jp,1.0,0.7528393864631653
mlp,validation,2023-03,country_344,country_jp,1.0,0.7590565085411072
mlp,validation,2023-04,country_344,country_jp,1.0,0.7540441751480103
mlp,validation,2023-05,country_344,country_jp,1.0,0.7418779730796814
mlp,validation,2023-06,country_344,country_jp,1.0,0.7976306080818176
mlp,validation,2023-07,country_344,country_jp,1.0,0.7406646013259888
mlp,validation,2023-08,country_344,country_jp,1.0,0.7635505795478821
mlp,validation,2023-09,country_344,country_jp,1.0,0.7911956906318665
mlp,validation,2023-10,country_344,country_jp,1.0,0.7480028867721558
mlp,validation,2023-11,country_344,country_jp,1.0,0.7420741319656372
mlp,validation,2023-12,country_344,country_jp,1.0,0.784869909286499
mlp,validation,2023-01,country_344,country_kr,1.0,0.6787310242652893
mlp,validation,2023-02,country_344,country_kr,0.0,0.6870741844177246
mlp,validation,2023-03,country_344,country_kr,0.0,0.5964798927307129
mlp,validation,2023-04,country_344,country_kr,1.0,0.6450940370559692
mlp,validation,2023-05,country_344,country_kr,1.0,0.5723980069160461
mlp,validation,2023-06,country_344,country_kr,0.0,0.6021004319190979
mlp,validation,2023-07,country_344,country_kr,0.0,0.5402145385742188
mlp,validation,2023-08,country_344,country_kr,0.0,0.5372991561889648
mlp,validation,2023-09,country_344,country_kr,0.0,0.5874567627906799
mlp,validation,2023-10,country_344,country_kr,0.0,0.5230740904808044
mlp,validation,2023-11,country_344,country_kr,0.0,0.5261621475219727
mlp,validation,2023-12,country_344,country_kr,0.0,0.6000150442123413
mlp,validation,2023-01,country_344,country_mx,0.0,0.7819570302963257
mlp,validation,2023-02,country_344,country_mx,0.0,0.7571689486503601
mlp,validation,2023-03,country_344,country_mx,0.0,0.720602810382843
mlp,validation,2023-04,country_344,country_mx,0.0,0.7141488194465637
mlp,validation,2023-05,country_344,country_mx,1.0,0.6967132091522217
mlp,validation,2023-06,country_344,country_mx,1.0,0.7325572967529297
mlp,validation,2023-07,country_344,country_mx,0.0,0.7453998923301697
mlp,validation,2023-08,country_344,country_mx,0.0,0.6797853112220764
mlp,validation,2023-09,country_344,country_mx,1.0,0.726280152797699
mlp,validation,2023-10,country_344,country_mx,0.0,0.7080573439598083
mlp,validation,2023-11,country_344,country_mx,1.0,0.6751673221588135
mlp,validation,2023-12,country_344,country_mx,1.0,0.7720077037811279
mlp,validation,2023-01,country_344,country_my,1.0,0.6741402745246887
mlp,validation,2023-02,country_344,country_my,0.0,0.6687191128730774
mlp,validation,2023-03,country_344,country_my,1.0,0.5963131785392761
mlp,validation,2023-04,country_344,country_my,1.0,0.6264169216156006
mlp,validation,2023-05,country_344,country_my,1.0,0.5828206539154053
mlp,validation,2023-06,country_344,country_my,0.0,0.6443209648132324
mlp,validation,2023-07,country_344,country_my,0.0,0.5467721819877625
mlp,validation,2023-08,country_344,country_my,0.0,0.5370199084281921
mlp,validation,2023-09,country_344,country_my,0.0,0.5092259645462036
mlp,validation,2023-10,country_344,country_my,0.0,0.5604048371315002
mlp,validation,2023-11,country_344,country_my,0.0,0.5121062994003296
mlp,validation,2023-12,country_344,country_my,0.0,0.5160249471664429
mlp,validation,2023-01,country_344,country_ph,1.0,0.6536362171173096
mlp,validation,2023-02,country_344,country_ph,1.0,0.6732389330863953
mlp,validation,2023-03,country_344,country_ph,0.0,0.6216427087783813
mlp,validation,2023-04,country_344,country_ph,0.0,0.6111342906951904
mlp,validation,2023-05,country_344,country_ph,0.0,0.5463734269142151
mlp,validation,2023-06,country_344,country_ph,1.0,0.6288681030273438
mlp,validation,2023-07,country_344,country_ph,0.0,0.6016156673431396
mlp,validation,2023-08,country_344,country_ph,1.0,0.5662886500358582
mlp,validation,2023-09,country_344,country_ph,1.0,0.6318023800849915
mlp,validation,2023-10,country_344,country_ph,1.0,0.6123263239860535
mlp,validation,2023-11,country_344,country_ph,1.0,0.6099115610122681
mlp,validation,2023-12,country_344,country_ph,0.0,0.5801265835762024
mlp,validation,2023-01,country_344,country_sg,1.0,0.7920462489128113
mlp,validation,2023-02,country_344,country_sg,0.0,0.7671840786933899
mlp,validation,2023-03,country_344,country_sg,1.0,0.6616483330726624
mlp,validation,2023-04,country_344,country_sg,1.0,0.6600548028945923
mlp,validation,2023-05,country_344,country_sg,1.0,0.6822894811630249
mlp,validation,2023-06,country_344,country_sg,0.0,0.7073326110839844
mlp,validation,2023-07,country_344,country_sg,1.0,0.5999276041984558
mlp,validation,2023-08,country_344,country_sg,0.0,0.6655214428901672
mlp,validation,2023-09,country_344,country_sg,1.0,0.6707457304000854
mlp,validation,2023-10,country_344,country_sg,1.0,0.7232360243797302
mlp,validation,2023-11,country_344,country_sg,1.0,0.7077952027320862
mlp,validation,2023-12,country_344,country_sg,0.0,0.7060630321502686
mlp,validation,2023-01,country_344,country_th,1.0,0.6982295513153076
mlp,validation,2023-02,country_344,country_th,1.0,0.7311471700668335
mlp,validation,2023-03,country_344,country_th,1.0,0.7105716466903687
mlp,validation,2023-04,country_344,country_th,1.0,0.7320664525032043
mlp,validation,2023-05,country_344,country_th,1.0,0.6815398335456848
mlp,validation,2023-06,country_344,country_th,1.0,0.7306992411613464
mlp,validation,2023-07,country_344,country_th,0.0,0.6814361214637756
mlp,validation,2023-08,country_344,country_th,0.0,0.6913902163505554
mlp,validation,2023-09,country_344,country_th,0.0,0.706637978553772
mlp,validation,2023-10,country_344,country_th,0.0,0.6725179553031921
mlp,validation,2023-11,country_344,country_th,1.0,0.6654833555221558
mlp,validation,2023-12,country_344,country_th,0.0,0.7413859963417053
mlp,validation,2023-01,country_344,country_us,1.0,0.6348938941955566
mlp,validation,2023-02,country_344,country_us,1.0,0.7141660451889038
mlp,validation,2023-03,country_344,country_us,1.0,0.5683176517486572
mlp,validation,2023-04,country_344,country_us,1.0,0.5977079272270203
mlp,validation,2023-05,country_344,country_us,1.0,0.5744532346725464
mlp,validation,2023-06,country_344,country_us,1.0,0.5786463618278503
mlp,validation,2023-07,country_344,country_us,1.0,0.5581566095352173
mlp,validation,2023-08,country_344,country_us,1.0,0.5759732723236084
mlp,validation,2023-09,country_344,country_us,0.0,0.593318521976471
mlp,validation,2023-10,country_344,country_us,1.0,0.5300350785255432
mlp,validation,2023-11,country_344,country_us,0.0,0.6366254687309265
mlp,validation,2023-12,country_344,country_us,1.0,0.5748242735862732
mlp,validation,2023-01,country_344,country_vn,0.0,0.6310803294181824
mlp,validation,2023-02,country_344,country_vn,0.0,0.6640306115150452
mlp,validation,2023-03,country_344,country_vn,0.0,0.6704206466674805
mlp,validation,2023-04,country_344,country_vn,1.0,0.6697271466255188
mlp,validation,2023-05,country_344,country_vn,1.0,0.6694056987762451
mlp,validation,2023-06,country_344,country_vn,1.0,0.6995907425880432
mlp,validation,2023-07,country_344,country_vn,1.0,0.6459393501281738
mlp,validation,2023-08,country_344,country_vn,1.0,0.6980934739112854
mlp,validation,2023-09,country_344,country_vn,1.0,0.7619779109954834
mlp,validation,2023-10,country_344,country_vn,1.0,0.7448807954788208
mlp,validation,2023-11,country_344,country_vn,1.0,0.7373020052909851
mlp,validation,2023-01,country_372,country_203,0.0,0.789928138256073
mlp,validation,2023-02,country_372,country_203,0.0,0.8671258091926575
mlp,validation,2023-03,country_372,country_203,1.0,0.7463204264640808
mlp,validation,2023-04,country_372,country_203,0.0,0.8671543002128601
mlp,validation,2023-05,country_372,country_203,0.0,0.7314799427986145
mlp,validation,2023-06,country_372,country_203,0.0,0.7871100306510925
mlp,validation,2023-07,country_372,country_203,0.0,0.7508177161216736
mlp,validation,2023-08,country_372,country_203,0.0,0.7519183158874512
mlp,validation,2023-09,country_372,country_203,0.0,0.7565077543258667
mlp,validation,2023-10,country_372,country_203,0.0,0.7712177634239197
mlp,validation,2023-11,country_372,country_203,1.0,0.8042008876800537
mlp,validation,2023-12,country_372,country_203,1.0,0.7710921764373779
mlp,validation,2023-01,country_372,country_344,1.0,0.8384829759597778
mlp,validation,2023-02,country_372,country_344,1.0,0.8619930744171143
mlp,validation,2023-03,country_372,country_344,0.0,0.8130448460578918
mlp,validation,2023-04,country_372,country_344,1.0,0.7973872423171997
mlp,validation,2023-05,country_372,country_344,1.0,0.7877091765403748
mlp,validation,2023-06,country_372,country_344,1.0,0.8248152732849121
mlp,validation,2023-07,country_372,country_344,0.0,0.7828946113586426
mlp,validation,2023-08,country_372,country_344,1.0,0.7764851450920105
mlp,validation,2023-09,country_372,country_344,1.0,0.8106195330619812
mlp,validation,2023-10,country_372,country_344,1.0,0.8264230489730835
mlp,validation,2023-11,country_372,country_344,1.0,0.8500984311103821
mlp,validation,2023-12,country_372,country_344,1.0,0.8001572489738464
mlp,validation,2023-01,country_372,country_380,0.0,0.7981128096580505
mlp,validation,2023-02,country_372,country_380,0.0,0.7591363787651062
mlp,validation,2023-03,country_372,country_380,1.0,0.7451176047325134
mlp,validation,2023-04,country_372,country_380,0.0,0.8386769890785217
mlp,validation,2023-05,country_372,country_380,0.0,0.7333124876022339
mlp,validation,2023-06,country_372,country_380,1.0,0.8007033467292786
mlp,validation,2023-07,country_372,country_380,0.0,0.799955427646637
mlp,validation,2023-08,country_372,country_380,1.0,0.8167188763618469
mlp,validation,2023-09,country_372,country_380,0.0,0.8126899600028992
mlp,validation,2023-10,country_372,country_380,0.0,0.7590476870536804
mlp,validation,2023-11,country_372,country_380,1.0,0.8214612603187561
mlp,validation,2023-12,country_372,country_380,1.0,0.8187179565429688
mlp,validation,2023-01,country_372,country_cn,1.0,0.7909237146377563
mlp,validation,2023-02,country_372,country_cn,1.0,0.751660168170929
mlp,validation,2023-03,country_372,country_cn,1.0,0.4437268078327179
mlp,validation,2023-04,country_372,country_cn,0.0,0.6426973938941956
mlp,validation,2023-05,country_372,country_cn,0.0,0.4761092960834503
mlp,validation,2023-06,country_372,country_cn,0.0,0.5788737535476685
mlp,validation,2023-07,country_372,country_cn,0.0,0.48150086402893066
mlp,validation,2023-08,country_372,country_cn,0.0,0.5550025105476379
mlp,validation,2023-09,country_372,country_cn,0.0,0.6124944686889648
mlp,validation,2023-10,country_372,country_cn,0.0,0.5652720928192139
mlp,validation,2023-11,country_372,country_cn,0.0,0.5963305234909058
mlp,validation,2023-12,country_372,country_cn,0.0,0.4835472106933594
mlp,validation,2023-01,country_372,country_de,0.0,0.6909005641937256
mlp,validation,2023-02,country_372,country_de,0.0,0.7080138325691223
mlp,validation,2023-03,country_372,country_de,0.0,0.5153963565826416
mlp,validation,2023-04,country_372,country_de,0.0,0.6732053160667419
mlp,validation,2023-05,country_372,country_de,0.0,0.5047866702079773
mlp,validation,2023-06,country_372,country_de,1.0,0.6375263929367065
mlp,validation,2023-07,country_372,country_de,0.0,0.6274213194847107
mlp,validation,2023-08,country_372,country_de,0.0,0.5859350562095642
mlp,validation,2023-09,country_372,country_de,1.0,0.6784247159957886
mlp,validation,2023-10,country_372,country_de,0.0,0.673351526260376
mlp,validation,2023-11,country_372,country_de,1.0,0.6923220753669739
mlp,validation,2023-12,country_372,country_de,1.0,0.6666221022605896
mlp,validation,2023-01,country_372,country_fr,0.0,0.7757738828659058
mlp,validation,2023-02,country_372,country_fr,0.0,0.7940667867660522
mlp,validation,2023-03,country_372,country_fr,0.0,0.6940425634384155
mlp,validation,2023-04,country_372,country_fr,0.0,0.7676463723182678
mlp,validation,2023-05,country_372,country_fr,0.0,0.6994176506996155
mlp,validation,2023-06,country_372,country_fr,1.0,0.7172482013702393
mlp,validation,2023-07,country_372,country_fr,1.0,0.7475809454917908
mlp,validation,2023-08,country_372,country_fr,0.0,0.7827838659286499
mlp,validation,2023-09,country_372,country_fr,1.0,0.785696268081665
mlp,validation,2023-10,country_372,country_fr,1.0,0.7451605796813965
mlp,validation,2023-11,country_372,country_fr,0.0,0.7887334823608398
mlp,validation,2023-12,country_372,country_fr,1.0,0.728718101978302
mlp,validation,2023-01,country_372,country_gb,1.0,0.7963359951972961
mlp,validation,2023-02,country_372,country_gb,1.0,0.8450102806091309
mlp,validation,2023-03,country_372,country_gb,1.0,0.7408496141433716
mlp,validation,2023-04,country_372,country_gb,0.0,0.808928370475769
mlp,validation,2023-05,country_372,country_gb,0.0,0.7261068820953369
mlp,validation,2023-06,country_372,country_gb,0.0,0.7605627179145813
mlp,validation,2023-07,country_372,country_gb,0.0,0.699303925037384
mlp,validation,2023-08,country_372,country_gb,1.0,0.7705152630805969
mlp,validation,2023-09,country_372,country_gb,0.0,0.8148906826972961
mlp,validation,2023-10,country_372,country_gb,1.0,0.7568509578704834
mlp,validation,2023-11,country_372,country_gb,1.0,0.8207628130912781
mlp,validation,2023-12,country_372,country_gb,1.0,0.756483256816864
mlp,validation,2023-01,country_372,country_in,1.0,0.8431341648101807
mlp,validation,2023-02,country_372,country_in,1.0,0.8481271862983704
mlp,validation,2023-03,country_372,country_in,1.0,0.8131670951843262
mlp,validation,2023-04,country_372,country_in,1.0,0.8552080392837524
mlp,validation,2023-05,country_372,country_in,1.0,0.8097021579742432
mlp,validation,2023-06,country_372,country_in,1.0,0.8308167457580566
mlp,validation,2023-07,country_372,country_in,1.0,0.8271607756614685
mlp,validation,2023-08,country_372,country_in,1.0,0.855534553527832
mlp,validation,2023-09,country_372,country_in,1.0,0.8561630845069885
mlp,validation,2023-10,country_372,country_in,1.0,0.8665844798088074
mlp,validation,2023-11,country_372,country_in,0.0,0.8927420973777771
mlp,validation,2023-12,country_372,country_in,0.0,0.8095261454582214
mlp,validation,2023-01,country_372,country_jp,0.0,0.7480471134185791
mlp,validation,2023-02,country_372,country_jp,0.0,0.7387869954109192
mlp,validation,2023-03,country_372,country_jp,0.0,0.6252685785293579
mlp,validation,2023-04,country_372,country_jp,0.0,0.6821054220199585
mlp,validation,2023-05,country_372,country_jp,1.0,0.5885233283042908
mlp,validation,2023-06,country_372,country_jp,0.0,0.7291754484176636
mlp,validation,2023-07,country_372,country_jp,0.0,0.6327095627784729
mlp,validation,2023-08,country_372,country_jp,0.0,0.6923041939735413
mlp,validation,2023-09,country_372,country_jp,0.0,0.7293474078178406
mlp,validation,2023-10,country_372,country_jp,0.0,0.6587141752243042
mlp,validation,2023-11,country_372,country_jp,0.0,0.6724841594696045
mlp,validation,2023-12,country_372,country_jp,0.0,0.6128133535385132
mlp,validation,2023-01,country_372,country_kr,0.0,0.8261522650718689
mlp,validation,2023-02,country_372,country_kr,0.0,0.8137607574462891
mlp,validation,2023-03,country_372,country_kr,1.0,0.742784321308136
mlp,validation,2023-04,country_372,country_kr,0.0,0.8343038558959961
mlp,validation,2023-05,country_372,country_kr,1.0,0.7015783786773682
mlp,validation,2023-06,country_372,country_kr,0.0,0.7965652346611023
mlp,validation,2023-07,country_372,country_kr,0.0,0.740517795085907
mlp,validation,2023-08,country_372,country_kr,0.0,0.7405595779418945
mlp,validation,2023-09,country_372,country_kr,1.0,0.7830784320831299
mlp,validation,2023-10,country_372,country_kr,1.0,0.7893939018249512
mlp,validation,2023-11,country_372,country_kr,1.0,0.8193143606185913
mlp,validation,2023-12,country_372,country_kr,1.0,0.7812462449073792
mlp,validation,2023-01,country_372,country_mx,0.0,0.866743803024292
mlp,validation,2023-02,country_372,country_mx,0.0,0.8709071278572083
mlp,validation,2023-03,country_372,country_mx,0.0,0.7738595604896545
mlp,validation,2023-04,country_372,country_mx,1.0,0.8469633460044861
mlp,validation,2023-05,country_372,country_mx,0.0,0.815741240978241
mlp,validation,2023-06,country_372,country_mx,0.0,0.8324552774429321
mlp,validation,2023-07,country_372,country_mx,0.0,0.8362861275672913
mlp,validation,2023-08,country_372,country_mx,0.0,0.8381702899932861
mlp,validation,2023-09,country_372,country_mx,0.0,0.8214225769042969
mlp,validation,2023-10,country_372,country_mx,0.0,0.7537162899971008
mlp,validation,2023-11,country_372,country_mx,0.0,0.7390760779380798
mlp,validation,2023-12,country_372,country_mx,0.0,0.7405623197555542
mlp,validation,2023-01,country_372,country_my,1.0,0.7291963696479797
mlp,validation,2023-02,country_372,country_my,0.0,0.703265905380249
mlp,validation,2023-03,country_372,country_my,0.0,0.46831563115119934
mlp,validation,2023-04,country_372,country_my,0.0,0.6793404817581177
mlp,validation,2023-05,country_372,country_my,0.0,0.48099440336227417
mlp,validation,2023-06,country_372,country_my,0.0,0.6357181668281555
mlp,validation,2023-07,country_372,country_my,0.0,0.5080333948135376
mlp,validation,2023-08,country_372,country_my,0.0,0.55889493227005
mlp,validation,2023-09,country_372,country_my,0.0,0.6042448282241821
mlp,validation,2023-10,country_372,country_my,0.0,0.5783492922782898
mlp,validation,2023-11,country_372,country_my,0.0,0.5825722813606262
mlp,validation,2023-12,country_372,country_my,0.0,0.5058242678642273
mlp,validation,2023-01,country_372,country_ph,0.0,0.7733637690544128
mlp,validation,2023-02,country_372,country_ph,0.0,0.7858384251594543
mlp,validation,2023-03,country_372,country_ph,0.0,0.6828339695930481
mlp,validation,2023-04,country_372,country_ph,0.0,0.7594302892684937
mlp,validation,2023-05,country_372,country_ph,0.0,0.6444397568702698
mlp,validation,2023-06,country_372,country_ph,0.0,0.7328196167945862
mlp,validation,2023-07,country_372,country_ph,0.0,0.6875790953636169
mlp,validation,2023-08,country_372,country_ph,0.0,0.7025688290596008
mlp,validation,2023-09,country_372,country_ph,0.0,0.7489961385726929
mlp,validation,2023-10,country_372,country_ph,0.0,0.7216703295707703
mlp,validation,2023-11,country_372,country_ph,1.0,0.7583673596382141
mlp,validation,2023-12,country_372,country_ph,1.0,0.6809667944908142
mlp,validation,2023-01,country_372,country_sg,0.0,0.8580493330955505
mlp,validation,2023-02,country_372,country_sg,0.0,0.8601243495941162
mlp,validation,2023-03,country_372,country_sg,1.0,0.7541916370391846
mlp,validation,2023-04,country_372,country_sg,0.0,0.8102366924285889
mlp,validation,2023-05,country_372,country_sg,0.0,0.7332150936126709
mlp,validation,2023-06,country_372,country_sg,1.0,0.7861396074295044
mlp,validation,2023-07,country_372,country_sg,0.0,0.7426711916923523
mlp,validation,2023-08,country_372,country_sg,0.0,0.746957540512085
mlp,validation,2023-09,country_372,country_sg,0.0,0.7715920209884644
mlp,validation,2023-10,country_372,country_sg,0.0,0.7676595449447632
mlp,validation,2023-11,country_372,country_sg,0.0,0.8005756139755249
mlp,validation,2023-12,country_372,country_sg,1.0,0.7337679266929626
mlp,validation,2023-01,country_372,country_th,0.0,0.8644213080406189
mlp,validation,2023-02,country_372,country_th,1.0,0.8862308859825134
mlp,validation,2023-03,country_372,country_th,0.0,0.8683730959892273
mlp,validation,2023-04,country_372,country_th,0.0,0.8752617239952087
mlp,validation,2023-05,country_372,country_th,0.0,0.8285828828811646
mlp,validation,2023-06,country_372,country_th,0.0,0.8597477674484253
mlp,validation,2023-07,country_372,country_th,0.0,0.812053382396698
mlp,validation,2023-08,country_372,country_th,0.0,0.8310839533805847
mlp,validation,2023-09,country_372,country_th,0.0,0.8495370745658875
mlp,validation,2023-10,country_372,country_th,0.0,0.8132603168487549
mlp,validation,2023-11,country_372,country_th,0.0,0.8315263986587524
mlp,validation,2023-12,country_372,country_th,0.0,0.7453017234802246
mlp,validation,2023-01,country_372,country_us,0.0,0.6760258078575134
mlp,validation,2023-02,country_372,country_us,0.0,0.7029100656509399
mlp,validation,2023-03,country_372,country_us,0.0,0.3497580289840698
mlp,validation,2023-04,country_372,country_us,1.0,0.6694698333740234
mlp,validation,2023-05,country_372,country_us,0.0,0.37493425607681274
mlp,validation,2023-06,country_372,country_us,1.0,0.4596540331840515
mlp,validation,2023-07,country_372,country_us,1.0,0.3869287669658661
mlp,validation,2023-08,country_372,country_us,0.0,0.48611992597579956
mlp,validation,2023-09,country_372,country_us,0.0,0.620685338973999
mlp,validation,2023-10,country_372,country_us,0.0,0.5017622113227844
mlp,validation,2023-11,country_372,country_us,0.0,0.5278408527374268
mlp,validation,2023-12,country_372,country_us,0.0,0.45280468463897705
mlp,validation,2023-01,country_372,country_vn,1.0,0.702643096446991
mlp,validation,2023-02,country_372,country_vn,0.0,0.7497857809066772
mlp,validation,2023-03,country_372,country_vn,0.0,0.5914547443389893
mlp,validation,2023-04,country_372,country_vn,1.0,0.7700347304344177
mlp,validation,2023-05,country_372,country_vn,0.0,0.6669408082962036
mlp,validation,2023-06,country_372,country_vn,0.0,0.6580049991607666
mlp,validation,2023-07,country_372,country_vn,0.0,0.5740343332290649
mlp,validation,2023-08,country_372,country_vn,0.0,0.6291594505310059
mlp,validation,2023-09,country_372,country_vn,0.0,0.6665821075439453
mlp,validation,2023-10,country_372,country_vn,0.0,0.6477674841880798
mlp,validation,2023-11,country_372,country_vn,0.0,0.6743040680885315
mlp,validation,2023-01,country_380,country_203,1.0,0.7508028149604797
mlp,validation,2023-02,country_380,country_203,0.0,0.8154160976409912
mlp,validation,2023-03,country_380,country_203,0.0,0.7703496217727661
mlp,validation,2023-04,country_380,country_203,0.0,0.8014636039733887
mlp,validation,2023-05,country_380,country_203,0.0,0.7246977686882019
mlp,validation,2023-06,country_380,country_203,0.0,0.7556814551353455
mlp,validation,2023-07,country_380,country_203,0.0,0.7554305791854858
mlp,validation,2023-08,country_380,country_203,0.0,0.7612032890319824
mlp,validation,2023-09,country_380,country_203,1.0,0.7523019909858704
mlp,validation,2023-10,country_380,country_203,0.0,0.7694655060768127
mlp,validation,2023-11,country_380,country_203,1.0,0.7735787034034729
mlp,validation,2023-12,country_380,country_203,0.0,0.7979180216789246
mlp,validation,2023-01,country_380,country_344,0.0,0.7125396728515625
mlp,validation,2023-02,country_380,country_344,0.0,0.7301248908042908
mlp,validation,2023-03,country_380,country_344,0.0,0.7065847516059875
mlp,validation,2023-04,country_380,country_344,0.0,0.6817317008972168
mlp,validation,2023-05,country_380,country_344,0.0,0.6733366250991821
mlp,validation,2023-06,country_380,country_344,0.0,0.6897186636924744
mlp,validation,2023-07,country_380,country_344,1.0,0.6789777278900146
mlp,validation,2023-08,country_380,country_344,1.0,0.7626925706863403
mlp,validation,2023-09,country_380,country_344,1.0,0.7292772531509399
mlp,validation,2023-10,country_380,country_344,0.0,0.672370433807373
mlp,validation,2023-11,country_380,country_344,0.0,0.672899067401886
mlp,validation,2023-12,country_380,country_344,0.0,0.7047201991081238
mlp,validation,2023-01,country_380,country_372,0.0,0.8053908348083496
mlp,validation,2023-02,country_380,country_372,1.0,0.8105489015579224
mlp,validation,2023-03,country_380,country_372,1.0,0.8134840726852417
mlp,validation,2023-04,country_380,country_372,1.0,0.8532822728157043
mlp,validation,2023-05,country_380,country_372,1.0,0.784261167049408
mlp,validation,2023-06,country_380,country_372,1.0,0.7956536412239075
mlp,validation,2023-07,country_380,country_372,0.0,0.8077890276908875
mlp,validation,2023-08,country_380,country_372,0.0,0.8411738872528076
mlp,validation,2023-09,country_380,country_372,0.0,0.8103346824645996
mlp,validation,2023-10,country_380,country_372,0.0,0.780505359172821
mlp,validation,2023-11,country_380,country_372,1.0,0.7808662056922913
mlp,validation,2023-12,country_380,country_372,1.0,0.8283566832542419
mlp,validation,2023-01,country_380,country_cn,0.0,0.7019793391227722
mlp,validation,2023-02,country_380,country_cn,0.0,0.6680265069007874
mlp,validation,2023-03,country_380,country_cn,0.0,0.5575721263885498
mlp,validation,2023-04,country_380,country_cn,0.0,0.607848584651947
mlp,validation,2023-05,country_380,country_cn,0.0,0.5620601773262024
mlp,validation,2023-06,country_380,country_cn,0.0,0.6142846941947937
mlp,validation,2023-07,country_380,country_cn,0.0,0.6369811296463013
mlp,validation,2023-08,country_380,country_cn,0.0,0.6827304363250732
mlp,validation,2023-09,country_380,country_cn,0.0,0.5591777563095093
mlp,validation,2023-10,country_380,country_cn,0.0,0.5705647468566895
mlp,validation,2023-11,country_380,country_cn,0.0,0.6381303071975708
mlp,validation,2023-12,country_380,country_cn,0.0,0.6654977202415466
mlp,validation,2023-01,country_380,country_de,0.0,0.6285493969917297
mlp,validation,2023-02,country_380,country_de,0.0,0.6868827939033508
mlp,validation,2023-03,country_380,country_de,0.0,0.6487367153167725
mlp,validation,2023-04,country_380,country_de,0.0,0.6573128700256348
mlp,validation,2023-05,country_380,country_de,0.0,0.6087473630905151
mlp,validation,2023-06,country_380,country_de,0.0,0.6848233342170715
mlp,validation,2023-07,country_380,country_de,1.0,0.6930809617042542
mlp,validation,2023-08,country_380,country_de,0.0,0.7324848771095276
mlp,validation,2023-09,country_380,country_de,1.0,0.6620901226997375
mlp,validation,2023-10,country_380,country_de,1.0,0.6752263903617859
mlp,validation,2023-11,country_380,country_de,0.0,0.7189264893531799
mlp,validation,2023-12,country_380,country_de,0.0,0.7620217204093933
mlp,validation,2023-01,country_380,country_fr,0.0,0.6613685488700867
mlp,validation,2023-02,country_380,country_fr,0.0,0.7087225914001465
mlp,validation,2023-03,country_380,country_fr,0.0,0.6365169882774353
mlp,validation,2023-04,country_380,country_fr,0.0,0.6884507536888123
mlp,validation,2023-05,country_380,country_fr,0.0,0.6340733766555786
mlp,validation,2023-06,country_380,country_fr,0.0,0.6610745787620544
mlp,validation,2023-07,country_380,country_fr,0.0,0.72833251953125
mlp,validation,2023-08,country_380,country_fr,1.0,0.8028895854949951
mlp,validation,2023-09,country_380,country_fr,1.0,0.69868004322052
mlp,validation,2023-10,country_380,country_fr,0.0,0.6577959060668945
mlp,validation,2023-11,country_380,country_fr,0.0,0.7213457226753235
mlp,validation,2023-12,country_380,country_fr,0.0,0.7515914440155029
mlp,validation,2023-01,country_380,country_gb,0.0,0.697481095790863
mlp,validation,2023-02,country_380,country_gb,0.0,0.7479308247566223
mlp,validation,2023-03,country_380,country_gb,0.0,0.6999289393424988
mlp,validation,2023-04,country_380,country_gb,0.0,0.7177339792251587
mlp,validation,2023-05,country_380,country_gb,0.0,0.6753067970275879
mlp,validation,2023-06,country_380,country_gb,0.0,0.7025701999664307
mlp,validation,2023-07,country_380,country_gb,0.0,0.7261902093887329
mlp,validation,2023-08,country_380,country_gb,0.0,0.7987785935401917
mlp,validation,2023-09,country_380,country_gb,0.0,0.7323353886604309
mlp,validation,2023-10,country_380,country_gb,0.0,0.6849268078804016
mlp,validation,2023-11,country_380,country_gb,0.0,0.7333993911743164
mlp,validation,2023-12,country_380,country_gb,0.0,0.7495682835578918
mlp,validation,2023-01,country_380,country_in,0.0,0.7647194862365723
mlp,validation,2023-02,country_380,country_in,0.0,0.7620195150375366
mlp,validation,2023-03,country_380,country_in,0.0,0.7501158714294434
mlp,validation,2023-04,country_380,country_in,1.0,0.7424556016921997
mlp,validation,2023-05,country_380,country_in,0.0,0.7453005909919739
mlp,validation,2023-06,country_380,country_in,1.0,0.7642292380332947
mlp,validation,2023-07,country_380,country_in,0.0,0.7925257086753845
mlp,validation,2023-08,country_380,country_in,1.0,0.7946011424064636
mlp,validation,2023-09,country_380,country_in,0.0,0.7571311593055725
mlp,validation,2023-10,country_380,country_in,0.0,0.7423065900802612
mlp,validation,2023-11,country_380,country_in,0.0,0.784709095954895
mlp,validation,2023-12,country_380,country_in,1.0,0.7856075763702393
mlp,validation,2023-01,country_380,country_jp,0.0,0.6890988945960999
mlp,validation,2023-02,country_380,country_jp,1.0,0.6811437606811523
mlp,validation,2023-03,country_380,country_jp,0.0,0.695115864276886
mlp,validation,2023-04,country_380,country_jp,1.0,0.6832762956619263
mlp,validation,2023-05,country_380,country_jp,0.0,0.6480345129966736
mlp,validation,2023-06,country_380,country_jp,0.0,0.7217443585395813
mlp,validation,2023-07,country_380,country_jp,0.0,0.6943439245223999
mlp,validation,2023-08,country_380,country_jp,0.0,0.7616024613380432
mlp,validation,2023-09,country_380,country_jp,0.0,0.6862860321998596
mlp,validation,2023-10,country_380,country_jp,1.0,0.6282622814178467
mlp,validation,2023-11,country_380,country_jp,1.0,0.7013285160064697
mlp,validation,2023-12,country_380,country_jp,0.0,0.7316915392875671
mlp,validation,2023-01,country_380,country_kr,0.0,0.7620101571083069
mlp,validation,2023-02,country_380,country_kr,0.0,0.7336721420288086
mlp,validation,2023-03,country_380,country_kr,1.0,0.7518571019172668
mlp,validation,2023-04,country_380,country_kr,0.0,0.7736413478851318
mlp,validation,2023-05,country_380,country_kr,1.0,0.7212899327278137
mlp,validation,2023-06,country_380,country_kr,0.0,0.7548210620880127
mlp,validation,2023-07,country_380,country_kr,1.0,0.7505324482917786
mlp,validation,2023-08,country_380,country_kr,1.0,0.7991715669631958
mlp,validation,2023-09,country_380,country_kr,0.0,0.7452772855758667
mlp,validation,2023-10,country_380,country_kr,0.0,0.7221015691757202
mlp,validation,2023-11,country_380,country_kr,0.0,0.7397018671035767
mlp,validation,2023-12,country_380,country_kr,0.0,0.7840317487716675
mlp,validation,2023-01,country_380,country_mx,1.0,0.7940464615821838
mlp,validation,2023-02,country_380,country_mx,0.0,0.7797821760177612
mlp,validation,2023-03,country_380,country_mx,0.0,0.7249665260314941
mlp,validation,2023-04,country_380,country_mx,0.0,0.7696449160575867
mlp,validation,2023-05,country_380,country_mx,1.0,0.7276363372802734
mlp,validation,2023-06,country_380,country_mx,0.0,0.7763908505439758
mlp,validation,2023-07,country_380,country_mx,0.0,0.7845708727836609
mlp,validation,2023-08,country_380,country_mx,0.0,0.8125965595245361
mlp,validation,2023-09,country_380,country_mx,1.0,0.7542696595191956
mlp,validation,2023-10,country_380,country_mx,1.0,0.748600423336029
mlp,validation,2023-11,country_380,country_mx,1.0,0.7814054489135742
mlp,validation,2023-12,country_380,country_mx,1.0,0.8368728756904602
mlp,validation,2023-01,country_380,country_my,1.0,0.6351019740104675
mlp,validation,2023-02,country_380,country_my,1.0,0.6606743335723877
mlp,validation,2023-03,country_380,country_my,1.0,0.6615201830863953
mlp,validation,2023-04,country_380,country_my,1.0,0.7011091113090515
mlp,validation,2023-05,country_380,country_my,1.0,0.6252307295799255
mlp,validation,2023-06,country_380,country_my,1.0,0.7097607254981995
mlp,validation,2023-07,country_380,country_my,1.0,0.7023018002510071
mlp,validation,2023-08,country_380,country_my,1.0,0.7390863299369812
mlp,validation,2023-09,country_380,country_my,1.0,0.634541392326355
mlp,validation,2023-10,country_380,country_my,0.0,0.6699872016906738
mlp,validation,2023-11,country_380,country_my,0.0,0.6938744187355042
mlp,validation,2023-12,country_380,country_my,1.0,0.731207013130188
mlp,validation,2023-01,country_380,country_ph,0.0,0.6360108852386475
mlp,validation,2023-02,country_380,country_ph,0.0,0.662912130355835
mlp,validation,2023-03,country_380,country_ph,0.0,0.6328452229499817
mlp,validation,2023-04,country_380,country_ph,0.0,0.6705808043479919
mlp,validation,2023-05,country_380,country_ph,1.0,0.5857812762260437
mlp,validation,2023-06,country_380,country_ph,0.0,0.7018491625785828
mlp,validation,2023-07,country_380,country_ph,0.0,0.6828093528747559
mlp,validation,2023-08,country_380,country_ph,0.0,0.717792272567749
mlp,validation,2023-09,country_380,country_ph,1.0,0.6364449262619019
mlp,validation,2023-10,country_380,country_ph,0.0,0.6669102311134338
mlp,validation,2023-11,country_380,country_ph,0.0,0.6970869302749634
mlp,validation,2023-12,country_380,country_ph,0.0,0.7047173976898193
mlp,validation,2023-01,country_380,country_sg,0.0,0.6881168484687805
mlp,validation,2023-02,country_380,country_sg,0.0,0.6954997777938843
mlp,validation,2023-03,country_380,country_sg,0.0,0.5721698999404907
mlp,validation,2023-04,country_380,country_sg,0.0,0.5979891419410706
mlp,validation,2023-05,country_380,country_sg,0.0,0.5677943825721741
mlp,validation,2023-06,country_380,country_sg,0.0,0.6031244993209839
mlp,validation,2023-07,country_380,country_sg,0.0,0.6090105772018433
mlp,validation,2023-08,country_380,country_sg,0.0,0.6542884707450867
mlp,validation,2023-09,country_380,country_sg,0.0,0.5240512490272522
mlp,validation,2023-10,country_380,country_sg,0.0,0.5959470272064209
mlp,validation,2023-11,country_380,country_sg,0.0,0.6624581217765808
mlp,validation,2023-12,country_380,country_sg,0.0,0.659175455570221
mlp,validation,2023-01,country_380,country_th,0.0,0.6825636029243469
mlp,validation,2023-02,country_380,country_th,0.0,0.7282105684280396
mlp,validation,2023-03,country_380,country_th,0.0,0.6732507944107056
mlp,validation,2023-04,country_380,country_th,0.0,0.695813000202179
mlp,validation,2023-05,country_380,country_th,0.0,0.6203964948654175
mlp,validation,2023-06,country_380,country_th,0.0,0.7069345116615295
mlp,validation,2023-07,country_380,country_th,0.0,0.6941503286361694
mlp,validation,2023-08,country_380,country_th,0.0,0.7509496212005615
mlp,validation,2023-09,country_380,country_th,0.0,0.6498392820358276
mlp,validation,2023-10,country_380,country_th,0.0,0.6718159317970276
mlp,validation,2023-11,country_380,country_th,0.0,0.7094060778617859
mlp,validation,2023-12,country_380,country_th,0.0,0.7432909607887268
mlp,validation,2023-01,country_380,country_us,0.0,0.4362350106239319
mlp,validation,2023-02,country_380,country_us,0.0,0.49421390891075134
mlp,validation,2023-03,country_380,country_us,0.0,0.4206714928150177
mlp,validation,2023-04,country_380,country_us,0.0,0.5257759094238281
mlp,validation,2023-05,country_380,country_us,0.0,0.4106917381286621
mlp,validation,2023-06,country_380,country_us,0.0,0.5200246572494507
mlp,validation,2023-07,country_380,country_us,0.0,0.5255186557769775
mlp,validation,2023-08,country_380,country_us,0.0,0.6737563014030457
mlp,validation,2023-09,country_380,country_us,1.0,0.4302794635295868
mlp,validation,2023-10,country_380,country_us,0.0,0.4350407123565674
mlp,validation,2023-11,country_380,country_us,0.0,0.5983030200004578
mlp,validation,2023-12,country_380,country_us,0.0,0.6713809370994568
mlp,validation,2023-01,country_380,country_vn,1.0,0.7586054801940918
mlp,validation,2023-02,country_380,country_vn,0.0,0.8107207417488098
mlp,validation,2023-03,country_380,country_vn,1.0,0.7798200249671936
mlp,validation,2023-04,country_380,country_vn,0.0,0.8015081882476807
mlp,validation,2023-05,country_380,country_vn,1.0,0.7735230326652527
mlp,validation,2023-06,country_380,country_vn,0.0,0.789336621761322
mlp,validation,2023-07,country_380,country_vn,0.0,0.7795182466506958
mlp,validation,2023-08,country_380,country_vn,0.0,0.7814965844154358
mlp,validation,2023-09,country_380,country_vn,0.0,0.7919413447380066
mlp,validation,2023-10,country_380,country_vn,0.0,0.7487800121307373
mlp,validation,2023-11,country_380,country_vn,1.0,0.7585564255714417
mlp,validation,2023-09,country_50,country_344,1.0,0.8649818897247314
mlp,validation,2023-10,country_50,country_344,0.0,0.8472927808761597
mlp,validation,2023-11,country_50,country_344,1.0,0.8058729767799377
mlp,validation,2023-12,country_50,country_344,0.0,0.8555013537406921
mlp,validation,2023-10,country_50,country_cn,1.0,0.8261110782623291
mlp,validation,2023-11,country_50,country_cn,1.0,0.8480857610702515
mlp,validation,2023-12,country_50,country_cn,0.0,0.8546046614646912
mlp,validation,2023-01,country_50,country_de,0.0,0.8529987335205078
mlp,validation,2023-02,country_50,country_de,0.0,0.8611487746238708
mlp,validation,2023-03,country_50,country_de,1.0,0.8587866425514221
mlp,validation,2023-06,country_50,country_de,0.0,0.9258792996406555
mlp,validation,2023-08,country_50,country_de,0.0,0.8606761693954468
mlp,validation,2023-10,country_50,country_de,0.0,0.8729665279388428
mlp,validation,2023-12,country_50,country_de,0.0,0.8835815191268921
mlp,validation,2023-09,country_50,country_fr,0.0,0.9070682525634766
mlp,validation,2023-01,country_50,country_jp,0.0,0.8440409898757935
mlp,validation,2023-02,country_50,country_jp,0.0,0.8332496285438538
mlp,validation,2023-03,country_50,country_jp,0.0,0.8271055817604065
mlp,validation,2023-04,country_50,country_jp,1.0,0.8115957975387573
mlp,validation,2023-05,country_50,country_jp,0.0,0.8195189237594604
mlp,validation,2023-06,country_50,country_jp,1.0,0.8548759818077087
mlp,validation,2023-07,country_50,country_jp,1.0,0.8389555811882019
mlp,validation,2023-08,country_50,country_jp,1.0,0.8495228290557861
mlp,validation,2023-09,country_50,country_jp,1.0,0.8559426665306091
mlp,validation,2023-11,country_50,country_jp,1.0,0.838356614112854
mlp,validation,2023-12,country_50,country_jp,1.0,0.8398767113685608
mlp,validation,2023-01,country_50,country_my,0.0,0.865932822227478
mlp,validation,2023-02,country_50,country_my,0.0,0.8645806312561035
mlp,validation,2023-03,country_50,country_my,1.0,0.8336510062217712
mlp,validation,2023-04,country_50,country_my,1.0,0.8673765063285828
mlp,validation,2023-05,country_50,country_my,1.0,0.8554648756980896
mlp,validation,2023-06,country_50,country_my,1.0,0.8742964863777161
mlp,validation,2023-07,country_50,country_my,1.0,0.8722544312477112
mlp,validation,2023-08,country_50,country_my,0.0,0.8594099879264832
mlp,validation,2023-09,country_50,country_my,0.0,0.8523621559143066
mlp,validation,2023-10,country_50,country_my,1.0,0.8464731574058533
mlp,validation,2023-11,country_50,country_my,1.0,0.8814877867698669
mlp,validation,2023-01,country_50,country_sg,1.0,0.8692719340324402
mlp,validation,2023-02,country_50,country_sg,1.0,0.9487574696540833
mlp,validation,2023-03,country_50,country_sg,1.0,0.9256309270858765
mlp,validation,2023-04,country_50,country_sg,1.0,0.9233337640762329
mlp,validation,2023-05,country_50,country_sg,1.0,0.9375299215316772
mlp,validation,2023-06,country_50,country_sg,1.0,0.9293249845504761
mlp,validation,2023-07,country_50,country_sg,1.0,0.9308058023452759
mlp,validation,2023-08,country_50,country_sg,1.0,0.9341452121734619
mlp,validation,2023-09,country_50,country_sg,0.0,0.9319009780883789
mlp,validation,2023-10,country_50,country_sg,0.0,0.9333912134170532
mlp,validation,2023-11,country_50,country_sg,1.0,0.9355005025863647
mlp,validation,2023-12,country_50,country_sg,1.0,0.9347241520881653
mlp,validation,2023-09,country_50,country_us,0.0,0.5400498509407043
mlp,validation,2023-10,country_50,country_us,0.0,0.5557999014854431
mlp,validation,2023-11,country_50,country_us,1.0,0.6318026185035706
mlp,validation,2023-12,country_50,country_us,1.0,0.7409767508506775
mlp,validation,2023-01,country_cn,country_203,1.0,0.5815485119819641
mlp,validation,2023-02,country_cn,country_203,0.0,0.6898241639137268
mlp,validation,2023-03,country_cn,country_203,1.0,0.4675532877445221
mlp,validation,2023-04,country_cn,country_203,0.0,0.5934264063835144
mlp,validation,2023-05,country_cn,country_203,0.0,0.4633646309375763
mlp,validation,2023-06,country_cn,country_203,1.0,0.4644237756729126
mlp,validation,2023-07,country_cn,country_203,0.0,0.46307310461997986
mlp,validation,2023-08,country_cn,country_203,0.0,0.3799075484275818
mlp,validation,2023-09,country_cn,country_203,1.0,0.4446724057197571
mlp,validation,2023-10,country_cn,country_203,0.0,0.5095275640487671
mlp,validation,2023-11,country_cn,country_203,0.0,0.4947790801525116
mlp,validation,2023-12,country_cn,country_203,1.0,0.49843505024909973
mlp,validation,2023-01,country_cn,country_344,1.0,0.6279444098472595
mlp,validation,2023-02,country_cn,country_344,0.0,0.5950640439987183
mlp,validation,2023-03,country_cn,country_344,0.0,0.36876380443573
mlp,validation,2023-04,country_cn,country_344,0.0,0.4066605269908905
mlp,validation,2023-05,country_cn,country_344,0.0,0.46095508337020874
mlp,validation,2023-06,country_cn,country_344,0.0,0.40905871987342834
mlp,validation,2023-07,country_cn,country_344,0.0,0.42820483446121216
mlp,validation,2023-08,country_cn,country_344,0.0,0.4213167726993561
mlp,validation,2023-09,country_cn,country_344,0.0,0.40419578552246094
mlp,validation,2023-10,country_cn,country_344,0.0,0.4180299937725067
mlp,validation,2023-11,country_cn,country_344,0.0,0.4247516989707947
mlp,validation,2023-12,country_cn,country_344,0.0,0.40233972668647766
mlp,validation,2023-01,country_cn,country_372,0.0,0.7873332500457764
mlp,validation,2023-02,country_cn,country_372,0.0,0.7490720152854919
mlp,validation,2023-03,country_cn,country_372,0.0,0.4987734854221344
mlp,validation,2023-04,country_cn,country_372,0.0,0.6716737151145935
mlp,validation,2023-05,country_cn,country_372,1.0,0.5037370920181274
mlp,validation,2023-06,country_cn,country_372,0.0,0.4646137058734894
mlp,validation,2023-07,country_cn,country_372,0.0,0.48602721095085144
mlp,validation,2023-08,country_cn,country_372,0.0,0.555773913860321
mlp,validation,2023-09,country_cn,country_372,0.0,0.6355400681495667
mlp,validation,2023-10,country_cn,country_372,0.0,0.5933772921562195
mlp,validation,2023-11,country_cn,country_372,0.0,0.37378576397895813
mlp,validation,2023-12,country_cn,country_372,0.0,0.5172560214996338
mlp,validation,2023-01,country_cn,country_380,0.0,0.5714799761772156
mlp,validation,2023-02,country_cn,country_380,0.0,0.5073954463005066
mlp,validation,2023-03,country_cn,country_380,0.0,0.4614408612251282
mlp,validation,2023-04,country_cn,country_380,0.0,0.5314104557037354
mlp,validation,2023-05,country_cn,country_380,0.0,0.47269004583358765
mlp,validation,2023-06,country_cn,country_380,0.0,0.5200803875923157
mlp,validation,2023-07,country_cn,country_380,1.0,0.5431069135665894
mlp,validation,2023-08,country_cn,country_380,1.0,0.6234005689620972
mlp,validation,2023-09,country_cn,country_380,0.0,0.46875160932540894
mlp,validation,2023-10,country_cn,country_380,1.0,0.4758014976978302
mlp,validation,2023-11,country_cn,country_380,1.0,0.5569785833358765
mlp,validation,2023-12,country_cn,country_380,1.0,0.6201234459877014
mlp,validation,2023-01,country_cn,country_de,0.0,0.47049084305763245
mlp,validation,2023-02,country_cn,country_de,0.0,0.45889660716056824
mlp,validation,2023-03,country_cn,country_de,0.0,0.32879534363746643
mlp,validation,2023-04,country_cn,country_de,0.0,0.308776319026947
mlp,validation,2023-05,country_cn,country_de,0.0,0.3044791519641876
mlp,validation,2023-06,country_cn,country_de,0.0,0.3416929841041565
mlp,validation,2023-07,country_cn,country_de,1.0,0.35207298398017883
mlp,validation,2023-08,country_cn,country_de,1.0,0.30963996052742004
mlp,validation,2023-09,country_cn,country_de,1.0,0.35467445850372314
mlp,validation,2023-10,country_cn,country_de,1.0,0.3738907277584076
mlp,validation,2023-11,country_cn,country_de,1.0,0.42345935106277466
mlp,validation,2023-12,country_cn,country_de,1.0,0.4655272364616394
mlp,validation,2023-01,country_cn,country_fr,0.0,0.5387622714042664
mlp,validation,2023-02,country_cn,country_fr,0.0,0.5394762754440308
mlp,validation,2023-03,country_cn,country_fr,0.0,0.3341310918331146
mlp,validation,2023-04,country_cn,country_fr,0.0,0.32137641310691833
mlp,validation,2023-05,country_cn,country_fr,0.0,0.33272871375083923
mlp,validation,2023-06,country_cn,country_fr,0.0,0.3032415211200714
mlp,validation,2023-07,country_cn,country_fr,1.0,0.48773789405822754
mlp,validation,2023-08,country_cn,country_fr,1.0,0.5550864338874817
mlp,validation,2023-09,country_cn,country_fr,1.0,0.43777593970298767
mlp,validation,2023-10,country_cn,country_fr,1.0,0.3145349621772766
mlp,validation,2023-11,country_cn,country_fr,1.0,0.4589371681213379
mlp,validation,2023-12,country_cn,country_fr,1.0,0.4212617576122284
mlp,validation,2023-01,country_cn,country_gb,0.0,0.5239710807800293
mlp,validation,2023-02,country_cn,country_gb,0.0,0.5765800476074219
mlp,validation,2023-03,country_cn,country_gb,0.0,0.34470248222351074
mlp,validation,2023-04,country_cn,country_gb,0.0,0.3645736277103424
mlp,validation,2023-05,country_cn,country_gb,0.0,0.3258277475833893
mlp,validation,2023-06,country_cn,country_gb,0.0,0.3577733337879181
mlp,validation,2023-07,country_cn,country_gb,1.0,0.33787888288497925
mlp,validation,2023-08,country_cn,country_gb,1.0,0.4786253869533539
mlp,validation,2023-09,country_cn,country_gb,0.0,0.47197073698043823
mlp,validation,2023-10,country_cn,country_gb,1.0,0.29391616582870483
mlp,validation,2023-11,country_cn,country_gb,1.0,0.4077761471271515
mlp,validation,2023-12,country_cn,country_gb,1.0,0.3511798679828644
mlp,validation,2023-01,country_cn,country_in,0.0,0.4596896469593048
mlp,validation,2023-02,country_cn,country_in,0.0,0.40107670426368713
mlp,validation,2023-03,country_cn,country_in,0.0,0.26433712244033813
mlp,validation,2023-04,country_cn,country_in,0.0,0.2785003185272217
mlp,validation,2023-05,country_cn,country_in,0.0,0.2893213927745819
mlp,validation,2023-06,country_cn,country_in,0.0,0.2975327670574188
mlp,validation,2023-07,country_cn,country_in,0.0,0.2523755133152008
mlp,validation,2023-08,country_cn,country_in,0.0,0.2555945813655853
mlp,validation,2023-09,country_cn,country_in,0.0,0.27173927426338196
mlp,validation,2023-10,country_cn,country_in,0.0,0.3054153323173523
mlp,validation,2023-11,country_cn,country_in,0.0,0.3388274312019348
mlp,validation,2023-12,country_cn,country_in,0.0,0.2527964413166046
mlp,validation,2023-01,country_cn,country_jp,1.0,0.5667936205863953
mlp,validation,2023-02,country_cn,country_jp,1.0,0.4819716215133667
mlp,validation,2023-03,country_cn,country_jp,1.0,0.3931606709957123
mlp,validation,2023-04,country_cn,country_jp,1.0,0.32604366540908813
mlp,validation,2023-05,country_cn,country_jp,1.0,0.3241423964500427
mlp,validation,2023-06,country_cn,country_jp,1.0,0.4897441864013672
mlp,validation,2023-07,country_cn,country_jp,1.0,0.34442463517189026
mlp,validation,2023-08,country_cn,country_jp,0.0,0.4171624481678009
mlp,validation,2023-09,country_cn,country_jp,0.0,0.41689783334732056
mlp,validation,2023-10,country_cn,country_jp,0.0,0.3065095543861389
mlp,validation,2023-11,country_cn,country_jp,0.0,0.30537644028663635
mlp,validation,2023-12,country_cn,country_jp,0.0,0.2983485460281372
mlp,validation,2023-01,country_cn,country_kr,1.0,0.5263515114784241
mlp,validation,2023-02,country_cn,country_kr,1.0,0.4722069501876831
mlp,validation,2023-03,country_cn,country_kr,1.0,0.3144768178462982
mlp,validation,2023-04,country_cn,country_kr,0.0,0.38949596881866455
mlp,validation,2023-05,country_cn,country_kr,0.0,0.3044024407863617
mlp,validation,2023-06,country_cn,country_kr,0.0,0.31169554591178894
mlp,validation,2023-07,country_cn,country_kr,0.0,0.29415056109428406
mlp,validation,2023-08,country_cn,country_kr,0.0,0.28863492608070374
mlp,validation,2023-09,country_cn,country_kr,0.0,0.31729644536972046
mlp,validation,2023-10,country_cn,country_kr,0.0,0.2858058214187622
mlp,validation,2023-11,country_cn,country_kr,0.0,0.3106606900691986
mlp,validation,2023-12,country_cn,country_kr,0.0,0.3130408227443695
mlp,validation,2023-01,country_cn,country_mx,1.0,0.6593506932258606
mlp,validation,2023-02,country_cn,country_mx,0.0,0.5398238897323608
mlp,validation,2023-03,country_cn,country_mx,0.0,0.2956927716732025
mlp,validation,2023-04,country_cn,country_mx,0.0,0.26281508803367615
mlp,validation,2023-05,country_cn,country_mx,0.0,0.3324502110481262
mlp,validation,2023-06,country_cn,country_mx,1.0,0.2964930236339569
mlp,validation,2023-07,country_cn,country_mx,0.0,0.3601379990577698
mlp,validation,2023-08,country_cn,country_mx,0.0,0.29308128356933594
mlp,validation,2023-09,country_cn,country_mx,0.0,0.3465125858783722
mlp,validation,2023-10,country_cn,country_mx,0.0,0.30840596556663513
mlp,validation,2023-11,country_cn,country_mx,1.0,0.2847096621990204
mlp,validation,2023-12,country_cn,country_mx,1.0,0.4410533607006073
mlp,validation,2023-01,country_cn,country_my,0.0,0.5880482792854309
mlp,validation,2023-02,country_cn,country_my,0.0,0.4867646396160126
mlp,validation,2023-03,country_cn,country_my,0.0,0.3170720040798187
mlp,validation,2023-04,country_cn,country_my,1.0,0.35183966159820557
mlp,validation,2023-05,country_cn,country_my,1.0,0.32304754853248596
mlp,validation,2023-06,country_cn,country_my,1.0,0.4085938334465027
mlp,validation,2023-07,country_cn,country_my,0.0,0.3171343207359314
mlp,validation,2023-08,country_cn,country_my,0.0,0.2953253984451294
mlp,validation,2023-09,country_cn,country_my,0.0,0.29268503189086914
mlp,validation,2023-10,country_cn,country_my,0.0,0.31250378489494324
mlp,validation,2023-11,country_cn,country_my,0.0,0.2915972173213959
mlp,validation,2023-12,country_cn,country_my,0.0,0.2970625162124634
mlp,validation,2023-01,country_cn,country_ph,1.0,0.5924412608146667
mlp,validation,2023-02,country_cn,country_ph,1.0,0.5509762763977051
mlp,validation,2023-03,country_cn,country_ph,0.0,0.37885886430740356
mlp,validation,2023-04,country_cn,country_ph,0.0,0.3743235468864441
mlp,validation,2023-05,country_cn,country_ph,1.0,0.3290916383266449
mlp,validation,2023-06,country_cn,country_ph,0.0,0.41369375586509705
mlp,validation,2023-07,country_cn,country_ph,1.0,0.3723825216293335
mlp,validation,2023-08,country_cn,country_ph,0.0,0.34812015295028687
mlp,validation,2023-09,country_cn,country_ph,0.0,0.37748983502388
mlp,validation,2023-10,country_cn,country_ph,0.0,0.3668076992034912
mlp,validation,2023-11,country_cn,country_ph,0.0,0.3947511613368988
mlp,validation,2023-12,country_cn,country_ph,0.0,0.30679160356521606
mlp,validation,2023-01,country_cn,country_sg,1.0,0.7016259431838989
mlp,validation,2023-02,country_cn,country_sg,0.0,0.6403249502182007
mlp,validation,2023-03,country_cn,country_sg,1.0,0.32606780529022217
mlp,validation,2023-04,country_cn,country_sg,1.0,0.288935124874115
mlp,validation,2023-05,country_cn,country_sg,0.0,0.37173211574554443
mlp,validation,2023-06,country_cn,country_sg,0.0,0.3346632719039917
mlp,validation,2023-07,country_cn,country_sg,0.0,0.2884703278541565
mlp,validation,2023-08,country_cn,country_sg,0.0,0.3163401484489441
mlp,validation,2023-09,country_cn,country_sg,0.0,0.29930511116981506
mlp,validation,2023-10,country_cn,country_sg,0.0,0.3702491521835327
mlp,validation,2023-11,country_cn,country_sg,0.0,0.41723641753196716
mlp,validation,2023-12,country_cn,country_sg,0.0,0.31765174865722656
mlp,validation,2023-01,country_cn,country_th,0.0,0.4508994519710541
mlp,validation,2023-02,country_cn,country_th,0.0,0.5198028683662415
mlp,validation,2023-03,country_cn,country_th,0.0,0.33193328976631165
mlp,validation,2023-04,country_cn,country_th,0.0,0.32534313201904297
mlp,validation,2023-05,country_cn,country_th,0.0,0.30663880705833435
mlp,validation,2023-06,country_cn,country_th,0.0,0.3861021399497986
mlp,validation,2023-07,country_cn,country_th,0.0,0.29795578122138977
mlp,validation,2023-08,country_cn,country_th,0.0,0.34626221656799316
mlp,validation,2023-09,country_cn,country_th,0.0,0.31804296374320984
mlp,validation,2023-10,country_cn,country_th,0.0,0.28993216156959534
mlp,validation,2023-11,country_cn,country_th,1.0,0.31213316321372986
mlp,validation,2023-12,country_cn,country_th,0.0,0.3372925817966461
mlp,validation,2023-01,country_cn,country_us,1.0,0.5156348943710327
mlp,validation,2023-02,country_cn,country_us,0.0,0.45173609256744385
mlp,validation,2023-03,country_cn,country_us,0.0,0.29096654057502747
mlp,validation,2023-04,country_cn,country_us,0.0,0.31976452469825745
mlp,validation,2023-05,country_cn,country_us,0.0,0.29161739349365234
mlp,validation,2023-06,country_cn,country_us,0.0,0.30949869751930237
mlp,validation,2023-07,country_cn,country_us,0.0,0.29177388548851013
mlp,validation,2023-08,country_cn,country_us,0.0,0.3077024817466736
mlp,validation,2023-09,country_cn,country_us,1.0,0.3059464395046234
mlp,validation,2023-10,country_cn,country_us,1.0,0.29699164628982544
mlp,validation,2023-11,country_cn,country_us,1.0,0.33970001339912415
mlp,validation,2023-12,country_cn,country_us,1.0,0.3254806697368622
mlp,validation,2023-01,country_cn,country_vn,0.0,0.49385109543800354
mlp,validation,2023-02,country_cn,country_vn,0.0,0.4781455099582672
mlp,validation,2023-03,country_cn,country_vn,1.0,0.35655707120895386
mlp,validation,2023-04,country_cn,country_vn,0.0,0.43826740980148315
mlp,validation,2023-05,country_cn,country_vn,0.0,0.45051512122154236
mlp,validation,2023-06,country_cn,country_vn,0.0,0.33482038974761963
mlp,validation,2023-07,country_cn,country_vn,0.0,0.31294286251068115
mlp,validation,2023-08,country_cn,country_vn,0.0,0.3136114776134491
mlp,validation,2023-09,country_cn,country_vn,0.0,0.3089665174484253
mlp,validation,2023-10,country_cn,country_vn,0.0,0.33023902773857117
mlp,validation,2023-11,country_cn,country_vn,0.0,0.31128010153770447
mlp,validation,2023-01,country_de,country_203,0.0,0.4829595685005188
mlp,validation,2023-02,country_de,country_203,0.0,0.6510514616966248
mlp,validation,2023-03,country_de,country_203,0.0,0.4767295718193054
mlp,validation,2023-04,country_de,country_203,0.0,0.6190757751464844
mlp,validation,2023-05,country_de,country_203,0.0,0.4771447777748108
mlp,validation,2023-06,country_de,country_203,0.0,0.4945676922798157
mlp,validation,2023-07,country_de,country_203,0.0,0.5002657771110535
mlp,validation,2023-08,country_de,country_203,0.0,0.41215816140174866
mlp,validation,2023-09,country_de,country_203,0.0,0.49420464038848877
mlp,validation,2023-10,country_de,country_203,0.0,0.583429753780365
mlp,validation,2023-11,country_de,country_203,1.0,0.5884169340133667
mlp,validation,2023-12,country_de,country_203,0.0,0.6174205541610718
mlp,validation,2023-01,country_de,country_344,0.0,0.5821038484573364
mlp,validation,2023-02,country_de,country_344,0.0,0.605826199054718
mlp,validation,2023-03,country_de,country_344,0.0,0.4224884510040283
mlp,validation,2023-04,country_de,country_344,0.0,0.4598279893398285
mlp,validation,2023-05,country_de,country_344,0.0,0.5041289329528809
mlp,validation,2023-06,country_de,country_344,0.0,0.47846749424934387
mlp,validation,2023-07,country_de,country_344,0.0,0.49928635358810425
mlp,validation,2023-08,country_de,country_344,0.0,0.4819900095462799
mlp,validation,2023-09,country_de,country_344,0.0,0.4908362925052643
mlp,validation,2023-10,country_de,country_344,0.0,0.5244191884994507
mlp,validation,2023-11,country_de,country_344,0.0,0.5488781332969666
mlp,validation,2023-12,country_de,country_344,0.0,0.5403618216514587
mlp,validation,2023-01,country_de,country_372,1.0,0.7072389721870422
mlp,validation,2023-02,country_de,country_372,0.0,0.7381241321563721
mlp,validation,2023-03,country_de,country_372,1.0,0.5377230644226074
mlp,validation,2023-04,country_de,country_372,1.0,0.7155784964561462
mlp,validation,2023-05,country_de,country_372,1.0,0.5167039632797241
mlp,validation,2023-06,country_de,country_372,0.0,0.5340529680252075
mlp,validation,2023-07,country_de,country_372,1.0,0.5735040307044983
mlp,validation,2023-08,country_de,country_372,0.0,0.6441174149513245
mlp,validation,2023-09,country_de,country_372,0.0,0.7063862681388855
mlp,validation,2023-10,country_de,country_372,1.0,0.6835211515426636
mlp,validation,2023-11,country_de,country_372,0.0,0.5526506304740906
mlp,validation,2023-12,country_de,country_372,0.0,0.6700159907341003
mlp,validation,2023-01,country_de,country_380,0.0,0.46558836102485657
mlp,validation,2023-02,country_de,country_380,0.0,0.4623441696166992
mlp,validation,2023-03,country_de,country_380,0.0,0.45455193519592285
mlp,validation,2023-04,country_de,country_380,0.0,0.5300339460372925
mlp,validation,2023-05,country_de,country_380,0.0,0.460585355758667
mlp,validation,2023-06,country_de,country_380,0.0,0.5391178131103516
mlp,validation,2023-07,country_de,country_380,1.0,0.566881000995636
mlp,validation,2023-08,country_de,country_380,0.0,0.6353219747543335
mlp,validation,2023-09,country_de,country_380,0.0,0.48672354221343994
mlp,validation,2023-10,country_de,country_380,1.0,0.5227115750312805
mlp,validation,2023-11,country_de,country_380,1.0,0.6152483820915222
mlp,validation,2023-12,country_de,country_380,0.0,0.6923814415931702
mlp,validation,2023-01,country_de,country_cn,1.0,0.5860185623168945
mlp,validation,2023-02,country_de,country_cn,1.0,0.5500354766845703
mlp,validation,2023-03,country_de,country_cn,1.0,0.29238206148147583
mlp,validation,2023-04,country_de,country_cn,0.0,0.3070959150791168
mlp,validation,2023-05,country_de,country_cn,0.0,0.34593430161476135
mlp,validation,2023-06,country_de,country_cn,0.0,0.3198951184749603
mlp,validation,2023-07,country_de,country_cn,0.0,0.3427104651927948
mlp,validation,2023-08,country_de,country_cn,0.0,0.32855692505836487
mlp,validation,2023-09,country_de,country_cn,0.0,0.35952386260032654
mlp,validation,2023-10,country_de,country_cn,0.0,0.39957761764526367
mlp,validation,2023-11,country_de,country_cn,0.0,0.4230577051639557
mlp,validation,2023-12,country_de,country_cn,0.0,0.45254063606262207
mlp,validation,2023-01,country_de,country_fr,0.0,0.37514758110046387
mlp,validation,2023-02,country_de,country_fr,0.0,0.5123937129974365
mlp,validation,2023-03,country_de,country_fr,0.0,0.3153904974460602
mlp,validation,2023-04,country_de,country_fr,0.0,0.32278940081596375
mlp,validation,2023-05,country_de,country_fr,0.0,0.33873170614242554
mlp,validation,2023-06,country_de,country_fr,0.0,0.32820674777030945
mlp,validation,2023-07,country_de,country_fr,0.0,0.5628843307495117
mlp,validation,2023-08,country_de,country_fr,0.0,0.5799175500869751
mlp,validation,2023-09,country_de,country_fr,0.0,0.5334713459014893
mlp,validation,2023-10,country_de,country_fr,0.0,0.4212127923965454
mlp,validation,2023-11,country_de,country_fr,0.0,0.5812684893608093
mlp,validation,2023-12,country_de,country_fr,0.0,0.575329601764679
mlp,validation,2023-01,country_de,country_gb,0.0,0.39620697498321533
mlp,validation,2023-02,country_de,country_gb,0.0,0.574171781539917
mlp,validation,2023-03,country_de,country_gb,0.0,0.36448636651039124
mlp,validation,2023-04,country_de,country_gb,0.0,0.4138605296611786
mlp,validation,2023-05,country_de,country_gb,0.0,0.3573801815509796
mlp,validation,2023-06,country_de,country_gb,0.0,0.45963650941848755
mlp,validation,2023-07,country_de,country_gb,0.0,0.4550710618495941
mlp,validation,2023-08,country_de,country_gb,0.0,0.5613709092140198
mlp,validation,2023-09,country_de,country_gb,0.0,0.5854029655456543
mlp,validation,2023-10,country_de,country_gb,0.0,0.4162041246891022
mlp,validation,2023-11,country_de,country_gb,0.0,0.6021431088447571
mlp,validation,2023-12,country_de,country_gb,0.0,0.57806795835495
mlp,validation,2023-01,country_de,country_in,1.0,0.35552915930747986
mlp,validation,2023-02,country_de,country_in,1.0,0.3903985023498535
mlp,validation,2023-03,country_de,country_in,1.0,0.33407801389694214
mlp,validation,2023-04,country_de,country_in,0.0,0.34228256344795227
mlp,validation,2023-05,country_de,country_in,1.0,0.3484410047531128
mlp,validation,2023-06,country_de,country_in,0.0,0.4168745279312134
mlp,validation,2023-07,country_de,country_in,0.0,0.3556426167488098
mlp,validation,2023-08,country_de,country_in,0.0,0.33454495668411255
mlp,validation,2023-09,country_de,country_in,0.0,0.4128269851207733
mlp,validation,2023-10,country_de,country_in,0.0,0.5455302596092224
mlp,validation,2023-11,country_de,country_in,0.0,0.6152576208114624
mlp,validation,2023-12,country_de,country_in,0.0,0.494180828332901
mlp,validation,2023-01,country_de,country_jp,0.0,0.4923067092895508
mlp,validation,2023-02,country_de,country_jp,0.0,0.46246662735939026
mlp,validation,2023-03,country_de,country_jp,0.0,0.3920377790927887
mlp,validation,2023-04,country_de,country_jp,0.0,0.3314785063266754
mlp,validation,2023-05,country_de,country_jp,0.0,0.3388355076313019
mlp,validation,2023-06,country_de,country_jp,0.0,0.5740132331848145
mlp,validation,2023-07,country_de,country_jp,0.0,0.4198480248451233
mlp,validation,2023-08,country_de,country_jp,0.0,0.4833534061908722
mlp,validation,2023-09,country_de,country_jp,1.0,0.5393394827842712
mlp,validation,2023-10,country_de,country_jp,1.0,0.4263249337673187
mlp,validation,2023-11,country_de,country_jp,0.0,0.4537339508533478
mlp,validation,2023-12,country_de,country_jp,1.0,0.46451666951179504
mlp,validation,2023-01,country_de,country_kr,0.0,0.4481833279132843
mlp,validation,2023-02,country_de,country_kr,1.0,0.4810899794101715
mlp,validation,2023-03,country_de,country_kr,1.0,0.32911649346351624
mlp,validation,2023-04,country_de,country_kr,0.0,0.4452412724494934
mlp,validation,2023-05,country_de,country_kr,0.0,0.3363266885280609
mlp,validation,2023-06,country_de,country_kr,0.0,0.3675695061683655
mlp,validation,2023-07,country_de,country_kr,0.0,0.3640933334827423
mlp,validation,2023-08,country_de,country_kr,0.0,0.3395534157752991
mlp,validation,2023-09,country_de,country_kr,0.0,0.4160270392894745
mlp,validation,2023-10,country_de,country_kr,0.0,0.40256786346435547
mlp,validation,2023-11,country_de,country_kr,0.0,0.4838152825832367
mlp,validation,2023-12,country_de,country_kr,0.0,0.5077775716781616
mlp,validation,2023-01,country_de,country_mx,0.0,0.5357763171195984
mlp,validation,2023-02,country_de,country_mx,0.0,0.4920990765094757
mlp,validation,2023-03,country_de,country_mx,0.0,0.32392600178718567
mlp,validation,2023-04,country_de,country_mx,0.0,0.3018108010292053
mlp,validation,2023-05,country_de,country_mx,0.0,0.3795695900917053
mlp,validation,2023-06,country_de,country_mx,0.0,0.3627839982509613
mlp,validation,2023-07,country_de,country_mx,0.0,0.494937926530838
mlp,validation,2023-08,country_de,country_mx,0.0,0.3535051643848419
mlp,validation,2023-09,country_de,country_mx,0.0,0.4970929026603699
mlp,validation,2023-10,country_de,country_mx,0.0,0.4780886173248291
mlp,validation,2023-11,country_de,country_mx,1.0,0.4870396852493286
mlp,validation,2023-12,country_de,country_mx,0.0,0.6670493483543396
mlp,validation,2023-01,country_de,country_my,0.0,0.48107296228408813
mlp,validation,2023-02,country_de,country_my,0.0,0.47810181975364685
mlp,validation,2023-03,country_de,country_my,0.0,0.3129444420337677
mlp,validation,2023-04,country_de,country_my,0.0,0.3787388205528259
mlp,validation,2023-05,country_de,country_my,0.0,0.33676230907440186
mlp,validation,2023-06,country_de,country_my,0.0,0.4693293571472168
mlp,validation,2023-07,country_de,country_my,0.0,0.3718073070049286
mlp,validation,2023-08,country_de,country_my,0.0,0.3257247507572174
mlp,validation,2023-09,country_de,country_my,0.0,0.35392171144485474
mlp,validation,2023-10,country_de,country_my,0.0,0.4281568229198456
mlp,validation,2023-11,country_de,country_my,0.0,0.4359438717365265
mlp,validation,2023-12,country_de,country_my,0.0,0.47953876852989197
mlp,validation,2023-01,country_de,country_ph,0.0,0.4362257122993469
mlp,validation,2023-02,country_de,country_ph,0.0,0.5203434228897095
mlp,validation,2023-03,country_de,country_ph,0.0,0.35507214069366455
mlp,validation,2023-04,country_de,country_ph,0.0,0.39192259311676025
mlp,validation,2023-05,country_de,country_ph,0.0,0.3348006308078766
mlp,validation,2023-06,country_de,country_ph,0.0,0.4953475594520569
mlp,validation,2023-07,country_de,country_ph,0.0,0.46527692675590515
mlp,validation,2023-08,country_de,country_ph,0.0,0.3835288882255554
mlp,validation,2023-09,country_de,country_ph,0.0,0.4799767732620239
mlp,validation,2023-10,country_de,country_ph,0.0,0.5159761309623718
mlp,validation,2023-11,country_de,country_ph,0.0,0.5643865466117859
mlp,validation,2023-12,country_de,country_ph,0.0,0.5140021443367004
mlp,validation,2023-01,country_de,country_sg,0.0,0.6124314665794373
mlp,validation,2023-02,country_de,country_sg,0.0,0.6251803040504456
mlp,validation,2023-03,country_de,country_sg,0.0,0.3231533169746399
mlp,validation,2023-04,country_de,country_sg,0.0,0.29770052433013916
mlp,validation,2023-05,country_de,country_sg,0.0,0.39141660928726196
mlp,validation,2023-06,country_de,country_sg,0.0,0.370478093624115
mlp,validation,2023-07,country_de,country_sg,0.0,0.33707761764526367
mlp,validation,2023-08,country_de,country_sg,0.0,0.34610310196876526
mlp,validation,2023-09,country_de,country_sg,0.0,0.36121857166290283
mlp,validation,2023-10,country_de,country_sg,0.0,0.5061326622962952
mlp,validation,2023-11,country_de,country_sg,0.0,0.5752780437469482
mlp,validation,2023-12,country_de,country_sg,0.0,0.5056365132331848
mlp,validation,2023-01,country_de,country_th,0.0,0.3277011513710022
mlp,validation,2023-02,country_de,country_th,0.0,0.5343232750892639
mlp,validation,2023-03,country_de,country_th,0.0,0.32809188961982727
mlp,validation,2023-04,country_de,country_th,0.0,0.35326558351516724
mlp,validation,2023-05,country_de,country_th,0.0,0.3257097601890564
mlp,validation,2023-06,country_de,country_th,0.0,0.4694165587425232
mlp,validation,2023-07,country_de,country_th,0.0,0.3475225567817688
mlp,validation,2023-08,country_de,country_th,0.0,0.3954174816608429
mlp,validation,2023-09,country_de,country_th,0.0,0.413368284702301
mlp,validation,2023-10,country_de,country_th,1.0,0.39373260736465454
mlp,validation,2023-11,country_de,country_th,0.0,0.4939407706260681
mlp,validation,2023-12,country_de,country_th,0.0,0.5615196824073792
mlp,validation,2023-01,country_de,country_us,0.0,0.33878636360168457
mlp,validation,2023-02,country_de,country_us,0.0,0.3899569809436798
mlp,validation,2023-03,country_de,country_us,0.0,0.3034747242927551
mlp,validation,2023-04,country_de,country_us,0.0,0.3380429148674011
mlp,validation,2023-05,country_de,country_us,0.0,0.3011839687824249
mlp,validation,2023-06,country_de,country_us,0.0,0.34099581837654114
mlp,validation,2023-07,country_de,country_us,0.0,0.33746084570884705
mlp,validation,2023-08,country_de,country_us,0.0,0.33380037546157837
mlp,validation,2023-09,country_de,country_us,0.0,0.35393399000167847
mlp,validation,2023-10,country_de,country_us,0.0,0.3672555387020111
mlp,validation,2023-11,country_de,country_us,0.0,0.4281105101108551
mlp,validation,2023-12,country_de,country_us,0.0,0.4542117416858673
mlp,validation,2023-01,country_de,country_vn,1.0,0.4166177213191986
mlp,validation,2023-02,country_de,country_vn,0.0,0.579461932182312
mlp,validation,2023-03,country_de,country_vn,0.0,0.42432019114494324
mlp,validation,2023-04,country_de,country_vn,0.0,0.6048862338066101
mlp,validation,2023-05,country_de,country_vn,0.0,0.5525909662246704
mlp,validation,2023-06,country_de,country_vn,0.0,0.48583826422691345
mlp,validation,2023-07,country_de,country_vn,0.0,0.4270630478858948
mlp,validation,2023-08,country_de,country_vn,0.0,0.4697301983833313
mlp,validation,2023-09,country_de,country_vn,0.0,0.487405925989151
mlp,validation,2023-10,country_de,country_vn,1.0,0.5267544984817505
mlp,validation,2023-11,country_de,country_vn,1.0,0.569046676158905
mlp,validation,2023-01,country_fr,country_203,0.0,0.603127121925354
mlp,validation,2023-02,country_fr,country_203,0.0,0.7399906516075134
mlp,validation,2023-03,country_fr,country_203,0.0,0.6053460836410522
mlp,validation,2023-04,country_fr,country_203,0.0,0.6785337328910828
mlp,validation,2023-05,country_fr,country_203,1.0,0.5960118174552917
mlp,validation,2023-06,country_fr,country_203,1.0,0.6094245910644531
mlp,validation,2023-07,country_fr,country_203,0.0,0.6647925972938538
mlp,validation,2023-08,country_fr,country_203,0.0,0.6119364500045776
mlp,validation,2023-09,country_fr,country_203,0.0,0.6094493865966797
mlp,validation,2023-10,country_fr,country_203,1.0,0.6299868822097778
mlp,validation,2023-11,country_fr,country_203,1.0,0.6720748543739319
mlp,validation,2023-12,country_fr,country_203,0.0,0.6632435917854309
mlp,validation,2023-01,country_fr,country_344,1.0,0.6497065424919128
mlp,validation,2023-02,country_fr,country_344,0.0,0.6808709502220154
mlp,validation,2023-03,country_fr,country_344,0.0,0.526138424873352
mlp,validation,2023-04,country_fr,country_344,0.0,0.5360238552093506
mlp,validation,2023-05,country_fr,country_344,0.0,0.5728564858436584
mlp,validation,2023-06,country_fr,country_344,0.0,0.5342719554901123
mlp,validation,2023-07,country_fr,country_344,1.0,0.610175371170044
mlp,validation,2023-08,country_fr,country_344,1.0,0.662529706954956
mlp,validation,2023-09,country_fr,country_344,0.0,0.587102472782135
mlp,validation,2023-10,country_fr,country_344,0.0,0.5120164155960083
mlp,validation,2023-11,country_fr,country_344,0.0,0.5785965919494629
mlp,validation,2023-12,country_fr,country_344,0.0,0.5462444424629211
mlp,validation,2023-01,country_fr,country_372,0.0,0.7130922079086304
mlp,validation,2023-02,country_fr,country_372,0.0,0.7683488130569458
mlp,validation,2023-03,country_fr,country_372,0.0,0.6040287613868713
mlp,validation,2023-04,country_fr,country_372,0.0,0.7507953643798828
mlp,validation,2023-05,country_fr,country_372,0.0,0.6078274250030518
mlp,validation,2023-06,country_fr,country_372,0.0,0.5343643426895142
mlp,validation,2023-07,country_fr,country_372,0.0,0.635821521282196
mlp,validation,2023-08,country_fr,country_372,0.0,0.7420057058334351
mlp,validation,2023-09,country_fr,country_372,0.0,0.7410643100738525
mlp,validation,2023-10,country_fr,country_372,1.0,0.6526716351509094
mlp,validation,2023-11,country_fr,country_372,1.0,0.5838307738304138
mlp,validation,2023-12,country_fr,country_372,1.0,0.6204104423522949
mlp,validation,2023-01,country_fr,country_380,0.0,0.4899856448173523
mlp,validation,2023-02,country_fr,country_380,0.0,0.5027865767478943
mlp,validation,2023-03,country_fr,country_380,0.0,0.4810864329338074
mlp,validation,2023-04,country_fr,country_380,0.0,0.5556262731552124
mlp,validation,2023-05,country_fr,country_380,0.0,0.48395371437072754
mlp,validation,2023-06,country_fr,country_380,1.0,0.5461529493331909
mlp,validation,2023-07,country_fr,country_380,1.0,0.6609300971031189
mlp,validation,2023-08,country_fr,country_380,1.0,0.7620581984519958
mlp,validation,2023-09,country_fr,country_380,1.0,0.5352054834365845
mlp,validation,2023-10,country_fr,country_380,1.0,0.4992637038230896
mlp,validation,2023-11,country_fr,country_380,1.0,0.6371964812278748
mlp,validation,2023-12,country_fr,country_380,0.0,0.6716700196266174
mlp,validation,2023-01,country_fr,country_cn,1.0,0.6218574643135071
mlp,validation,2023-02,country_fr,country_cn,0.0,0.6013250350952148
mlp,validation,2023-03,country_fr,country_cn,0.0,0.3236605226993561
mlp,validation,2023-04,country_fr,country_cn,0.0,0.32714104652404785
mlp,validation,2023-05,country_fr,country_cn,0.0,0.3599179685115814
mlp,validation,2023-06,country_fr,country_cn,0.0,0.33478668332099915
mlp,validation,2023-07,country_fr,country_cn,0.0,0.48780596256256104
mlp,validation,2023-08,country_fr,country_cn,0.0,0.5556567907333374
mlp,validation,2023-09,country_fr,country_cn,0.0,0.40967661142349243
mlp,validation,2023-10,country_fr,country_cn,0.0,0.33421382308006287
mlp,validation,2023-11,country_fr,country_cn,0.0,0.4369669258594513
mlp,validation,2023-12,country_fr,country_cn,0.0,0.4033409655094147
mlp,validation,2023-01,country_fr,country_de,1.0,0.40166646242141724
mlp,validation,2023-02,country_fr,country_de,1.0,0.542290985584259
mlp,validation,2023-03,country_fr,country_de,1.0,0.38863906264305115
mlp,validation,2023-04,country_fr,country_de,1.0,0.3697698712348938
mlp,validation,2023-05,country_fr,country_de,1.0,0.35586845874786377
mlp,validation,2023-06,country_fr,country_de,1.0,0.4185691475868225
mlp,validation,2023-07,country_fr,country_de,0.0,0.594197154045105
mlp,validation,2023-08,country_fr,country_de,0.0,0.6138453483581543
mlp,validation,2023-09,country_fr,country_de,0.0,0.558764636516571
mlp,validation,2023-10,country_fr,country_de,0.0,0.45116060972213745
mlp,validation,2023-11,country_fr,country_de,0.0,0.6143807172775269
mlp,validation,2023-12,country_fr,country_de,0.0,0.6158900856971741
mlp,validation,2023-01,country_fr,country_gb,0.0,0.44522055983543396
mlp,validation,2023-02,country_fr,country_gb,0.0,0.6135692596435547
mlp,validation,2023-03,country_fr,country_gb,0.0,0.4012050926685333
mlp,validation,2023-04,country_fr,country_gb,0.0,0.4361570179462433
mlp,validation,2023-05,country_fr,country_gb,0.0,0.3835301101207733
mlp,validation,2023-06,country_fr,country_gb,0.0,0.42516177892684937
mlp,validation,2023-07,country_fr,country_gb,1.0,0.605129063129425
mlp,validation,2023-08,country_fr,country_gb,0.0,0.719154417514801
mlp,validation,2023-09,country_fr,country_gb,0.0,0.6369363069534302
mlp,validation,2023-10,country_fr,country_gb,0.0,0.346174418926239
mlp,validation,2023-11,country_fr,country_gb,0.0,0.6208433508872986
mlp,validation,2023-12,country_fr,country_gb,0.0,0.5367893576622009
mlp,validation,2023-01,country_fr,country_in,1.0,0.4149787425994873
mlp,validation,2023-02,country_fr,country_in,0.0,0.5570441484451294
mlp,validation,2023-03,country_fr,country_in,0.0,0.38234856724739075
mlp,validation,2023-04,country_fr,country_in,0.0,0.39595329761505127
mlp,validation,2023-05,country_fr,country_in,0.0,0.4060128927230835
mlp,validation,2023-06,country_fr,country_in,0.0,0.41991153359413147
mlp,validation,2023-07,country_fr,country_in,0.0,0.5239059329032898
mlp,validation,2023-08,country_fr,country_in,0.0,0.6104762554168701
mlp,validation,2023-09,country_fr,country_in,1.0,0.4921063482761383
mlp,validation,2023-10,country_fr,country_in,0.0,0.45904847979545593
mlp,validation,2023-11,country_fr,country_in,0.0,0.6383703351020813
mlp,validation,2023-12,country_fr,country_in,1.0,0.4483840763568878
mlp,validation,2023-01,country_fr,country_jp,1.0,0.5497029423713684
mlp,validation,2023-02,country_fr,country_jp,0.0,0.5683034062385559
mlp,validation,2023-03,country_fr,country_jp,0.0,0.4353696405887604
mlp,validation,2023-04,country_fr,country_jp,0.0,0.3737451434135437
mlp,validation,2023-05,country_fr,country_jp,0.0,0.3639252483844757
mlp,validation,2023-06,country_fr,country_jp,0.0,0.568446159362793
mlp,validation,2023-07,country_fr,country_jp,0.0,0.5830631852149963
mlp,validation,2023-08,country_fr,country_jp,0.0,0.6689167618751526
mlp,validation,2023-09,country_fr,country_jp,0.0,0.6006589531898499
mlp,validation,2023-10,country_fr,country_jp,0.0,0.35409384965896606
mlp,validation,2023-11,country_fr,country_jp,0.0,0.47304248809814453
mlp,validation,2023-12,country_fr,country_jp,0.0,0.4291771948337555
mlp,validation,2023-01,country_fr,country_kr,0.0,0.48754173517227173
mlp,validation,2023-02,country_fr,country_kr,0.0,0.5551109910011292
mlp,validation,2023-03,country_fr,country_kr,0.0,0.3560928702354431
mlp,validation,2023-04,country_fr,country_kr,0.0,0.48137199878692627
mlp,validation,2023-05,country_fr,country_kr,0.0,0.33416083455085754
mlp,validation,2023-06,country_fr,country_kr,0.0,0.3681187033653259
mlp,validation,2023-07,country_fr,country_kr,0.0,0.5163481831550598
mlp,validation,2023-08,country_fr,country_kr,0.0,0.5746009945869446
mlp,validation,2023-09,country_fr,country_kr,0.0,0.4839615523815155
mlp,validation,2023-10,country_fr,country_kr,0.0,0.33041903376579285
mlp,validation,2023-11,country_fr,country_kr,0.0,0.5009945034980774
mlp,validation,2023-12,country_fr,country_kr,0.0,0.46414244174957275
mlp,validation,2023-01,country_fr,country_mx,1.0,0.6369008421897888
mlp,validation,2023-02,country_fr,country_mx,1.0,0.665119469165802
mlp,validation,2023-03,country_fr,country_mx,0.0,0.5175687074661255
mlp,validation,2023-04,country_fr,country_mx,0.0,0.388778418302536
mlp,validation,2023-05,country_fr,country_mx,0.0,0.4495689570903778
mlp,validation,2023-06,country_fr,country_mx,0.0,0.425296425819397
mlp,validation,2023-07,country_fr,country_mx,0.0,0.6720584034919739
mlp,validation,2023-08,country_fr,country_mx,1.0,0.6858705282211304
mlp,validation,2023-09,country_fr,country_mx,0.0,0.6552935242652893
mlp,validation,2023-10,country_fr,country_mx,0.0,0.4579865038394928
mlp,validation,2023-11,country_fr,country_mx,0.0,0.5632166862487793
mlp,validation,2023-12,country_fr,country_mx,1.0,0.6738376617431641
mlp,validation,2023-01,country_fr,country_my,0.0,0.5553299784660339
mlp,validation,2023-02,country_fr,country_my,1.0,0.5763072967529297
mlp,validation,2023-03,country_fr,country_my,1.0,0.4199160635471344
mlp,validation,2023-04,country_fr,country_my,1.0,0.44855326414108276
mlp,validation,2023-05,country_fr,country_my,1.0,0.38908886909484863
mlp,validation,2023-06,country_fr,country_my,1.0,0.5359335541725159
mlp,validation,2023-07,country_fr,country_my,1.0,0.6027485132217407
mlp,validation,2023-08,country_fr,country_my,1.0,0.6230129599571228
mlp,validation,2023-09,country_fr,country_my,0.0,0.4956689476966858
mlp,validation,2023-10,country_fr,country_my,0.0,0.40550971031188965
mlp,validation,2023-11,country_fr,country_my,1.0,0.5349711179733276
mlp,validation,2023-12,country_fr,country_my,0.0,0.5281011462211609
mlp,validation,2023-01,country_fr,country_ph,0.0,0.5002230405807495
mlp,validation,2023-02,country_fr,country_ph,0.0,0.5990158915519714
mlp,validation,2023-03,country_fr,country_ph,0.0,0.4051775634288788
mlp,validation,2023-04,country_fr,country_ph,0.0,0.42974144220352173
mlp,validation,2023-05,country_fr,country_ph,0.0,0.3722447454929352
mlp,validation,2023-06,country_fr,country_ph,0.0,0.481924831867218
mlp,validation,2023-07,country_fr,country_ph,0.0,0.6072733402252197
mlp,validation,2023-08,country_fr,country_ph,0.0,0.6390672922134399
mlp,validation,2023-09,country_fr,country_ph,0.0,0.5775613188743591
mlp,validation,2023-10,country_fr,country_ph,1.0,0.4165991544723511
mlp,validation,2023-11,country_fr,country_ph,1.0,0.6123042702674866
mlp,validation,2023-12,country_fr,country_ph,0.0,0.49286743998527527
mlp,validation,2023-01,country_fr,country_sg,0.0,0.6192327737808228
mlp,validation,2023-02,country_fr,country_sg,0.0,0.6469985842704773
mlp,validation,2023-03,country_fr,country_sg,0.0,0.34333670139312744
mlp,validation,2023-04,country_fr,country_sg,0.0,0.3041181266307831
mlp,validation,2023-05,country_fr,country_sg,0.0,0.38545432686805725
mlp,validation,2023-06,country_fr,country_sg,0.0,0.36334285140037537
mlp,validation,2023-07,country_fr,country_sg,0.0,0.4556269645690918
mlp,validation,2023-08,country_fr,country_sg,0.0,0.5324086546897888
mlp,validation,2023-09,country_fr,country_sg,0.0,0.40728530287742615
mlp,validation,2023-10,country_fr,country_sg,0.0,0.40796133875846863
mlp,validation,2023-11,country_fr,country_sg,0.0,0.5655660033226013
mlp,validation,2023-12,country_fr,country_sg,0.0,0.44129571318626404
mlp,validation,2023-01,country_fr,country_th,0.0,0.3885578513145447
mlp,validation,2023-02,country_fr,country_th,0.0,0.6167771220207214
mlp,validation,2023-03,country_fr,country_th,1.0,0.41649726033210754
mlp,validation,2023-04,country_fr,country_th,1.0,0.4141859710216522
mlp,validation,2023-05,country_fr,country_th,1.0,0.4098554253578186
mlp,validation,2023-06,country_fr,country_th,1.0,0.5112571716308594
mlp,validation,2023-07,country_fr,country_th,0.0,0.6003028154373169
mlp,validation,2023-08,country_fr,country_th,1.0,0.682356595993042
mlp,validation,2023-09,country_fr,country_th,0.0,0.5750223398208618
mlp,validation,2023-10,country_fr,country_th,0.0,0.36632615327835083
mlp,validation,2023-11,country_fr,country_th,0.0,0.5813833475112915
mlp,validation,2023-12,country_fr,country_th,0.0,0.5752046704292297
mlp,validation,2023-01,country_fr,country_us,0.0,0.38782840967178345
mlp,validation,2023-02,country_fr,country_us,0.0,0.44963064789772034
mlp,validation,2023-03,country_fr,country_us,0.0,0.3437294363975525
mlp,validation,2023-04,country_fr,country_us,0.0,0.3743932247161865
mlp,validation,2023-05,country_fr,country_us,0.0,0.3470953106880188
mlp,validation,2023-06,country_fr,country_us,1.0,0.37072861194610596
mlp,validation,2023-07,country_fr,country_us,0.0,0.47090059518814087
mlp,validation,2023-08,country_fr,country_us,0.0,0.5534579157829285
mlp,validation,2023-09,country_fr,country_us,0.0,0.422897070646286
mlp,validation,2023-10,country_fr,country_us,0.0,0.35759371519088745
mlp,validation,2023-11,country_fr,country_us,0.0,0.4784567356109619
mlp,validation,2023-12,country_fr,country_us,1.0,0.43506625294685364
mlp,validation,2023-01,country_fr,country_vn,0.0,0.5483955144882202
mlp,validation,2023-02,country_fr,country_vn,0.0,0.647778332233429
mlp,validation,2023-03,country_fr,country_vn,0.0,0.5631202459335327
mlp,validation,2023-04,country_fr,country_vn,0.0,0.6234576106071472
mlp,validation,2023-05,country_fr,country_vn,0.0,0.6147838234901428
mlp,validation,2023-06,country_fr,country_vn,0.0,0.547059953212738
mlp,validation,2023-07,country_fr,country_vn,0.0,0.6653741002082825
mlp,validation,2023-08,country_fr,country_vn,0.0,0.6486153602600098
mlp,validation,2023-09,country_fr,country_vn,0.0,0.5789026618003845
mlp,validation,2023-10,country_fr,country_vn,0.0,0.561674177646637
mlp,validation,2023-11,country_fr,country_vn,0.0,0.6164016723632812
mlp,validation,2023-01,country_gb,country_203,0.0,0.5844686627388
mlp,validation,2023-02,country_gb,country_203,1.0,0.7524787187576294
mlp,validation,2023-03,country_gb,country_203,1.0,0.6016803979873657
mlp,validation,2023-04,country_gb,country_203,1.0,0.733535885810852
mlp,validation,2023-05,country_gb,country_203,1.0,0.6030166149139404
mlp,validation,2023-06,country_gb,country_203,0.0,0.6231414079666138
mlp,validation,2023-07,country_gb,country_203,1.0,0.6083433032035828
mlp,validation,2023-08,country_gb,country_203,1.0,0.6213595867156982
mlp,validation,2023-09,country_gb,country_203,1.0,0.6564565896987915
mlp,validation,2023-10,country_gb,country_203,0.0,0.653356671333313
mlp,validation,2023-11,country_gb,country_203,0.0,0.6686736345291138
mlp,validation,2023-12,country_gb,country_203,0.0,0.650823175907135
mlp,validation,2023-01,country_gb,country_344,0.0,0.6448056101799011
mlp,validation,2023-02,country_gb,country_344,0.0,0.7024226784706116
mlp,validation,2023-03,country_gb,country_344,0.0,0.5145052671432495
mlp,validation,2023-04,country_gb,country_344,1.0,0.5662022233009338
mlp,validation,2023-05,country_gb,country_344,0.0,0.6005947589874268
mlp,validation,2023-06,country_gb,country_344,0.0,0.5636266469955444
mlp,validation,2023-07,country_gb,country_344,1.0,0.5407304167747498
mlp,validation,2023-08,country_gb,country_344,0.0,0.6254012584686279
mlp,validation,2023-09,country_gb,country_344,1.0,0.6078750491142273
mlp,validation,2023-10,country_gb,country_344,1.0,0.5714449882507324
mlp,validation,2023-11,country_gb,country_344,0.0,0.6036847829818726
mlp,validation,2023-12,country_gb,country_344,0.0,0.5547322034835815
mlp,validation,2023-01,country_gb,country_372,0.0,0.7283357381820679
mlp,validation,2023-02,country_gb,country_372,0.0,0.7859514355659485
mlp,validation,2023-03,country_gb,country_372,0.0,0.5874595046043396
mlp,validation,2023-04,country_gb,country_372,0.0,0.7423503994941711
mlp,validation,2023-05,country_gb,country_372,0.0,0.5746778249740601
mlp,validation,2023-06,country_gb,country_372,0.0,0.522310197353363
mlp,validation,2023-07,country_gb,country_372,0.0,0.5679212808609009
mlp,validation,2023-08,country_gb,country_372,0.0,0.7044763565063477
mlp,validation,2023-09,country_gb,country_372,0.0,0.7516403794288635
mlp,validation,2023-10,country_gb,country_372,0.0,0.6451014876365662
mlp,validation,2023-11,country_gb,country_372,0.0,0.5376068949699402
mlp,validation,2023-12,country_gb,country_372,0.0,0.5926296710968018
mlp,validation,2023-01,country_gb,country_380,0.0,0.6164259910583496
mlp,validation,2023-02,country_gb,country_380,0.0,0.6448060274124146
mlp,validation,2023-03,country_gb,country_380,0.0,0.5895764231681824
mlp,validation,2023-04,country_gb,country_380,0.0,0.686755895614624
mlp,validation,2023-05,country_gb,country_380,0.0,0.6031085848808289
mlp,validation,2023-06,country_gb,country_380,0.0,0.6651508212089539
mlp,validation,2023-07,country_gb,country_380,1.0,0.6784607172012329
mlp,validation,2023-08,country_gb,country_380,0.0,0.7938050031661987
mlp,validation,2023-09,country_gb,country_380,0.0,0.6573657989501953
mlp,validation,2023-10,country_gb,country_380,0.0,0.6260419487953186
mlp,validation,2023-11,country_gb,country_380,1.0,0.6929554343223572
mlp,validation,2023-12,country_gb,country_380,1.0,0.7257229089736938
mlp,validation,2023-01,country_gb,country_cn,0.0,0.6397069692611694
mlp,validation,2023-02,country_gb,country_cn,0.0,0.6558957099914551
mlp,validation,2023-03,country_gb,country_cn,0.0,0.3286501467227936
mlp,validation,2023-04,country_gb,country_cn,0.0,0.41199803352355957
mlp,validation,2023-05,country_gb,country_cn,0.0,0.40160518884658813
mlp,validation,2023-06,country_gb,country_cn,0.0,0.3820245563983917
mlp,validation,2023-07,country_gb,country_cn,0.0,0.38592466711997986
mlp,validation,2023-08,country_gb,country_cn,0.0,0.5538383722305298
mlp,validation,2023-09,country_gb,country_cn,0.0,0.5324220061302185
mlp,validation,2023-10,country_gb,country_cn,0.0,0.38183972239494324
mlp,validation,2023-11,country_gb,country_cn,0.0,0.4608454406261444
mlp,validation,2023-12,country_gb,country_cn,0.0,0.39505428075790405
mlp,validation,2023-01,country_gb,country_de,0.0,0.42528849840164185
mlp,validation,2023-02,country_gb,country_de,0.0,0.5998814702033997
mlp,validation,2023-03,country_gb,country_de,1.0,0.37412044405937195
mlp,validation,2023-04,country_gb,country_de,0.0,0.473062127828598
mlp,validation,2023-05,country_gb,country_de,0.0,0.37701311707496643
mlp,validation,2023-06,country_gb,country_de,0.0,0.49265798926353455
mlp,validation,2023-07,country_gb,country_de,1.0,0.5124120116233826
mlp,validation,2023-08,country_gb,country_de,0.0,0.5945196747779846
mlp,validation,2023-09,country_gb,country_de,0.0,0.6235508322715759
mlp,validation,2023-10,country_gb,country_de,0.0,0.44392549991607666
mlp,validation,2023-11,country_gb,country_de,0.0,0.5846455693244934
mlp,validation,2023-12,country_gb,country_de,0.0,0.5778615474700928
mlp,validation,2023-01,country_gb,country_fr,0.0,0.4716945290565491
mlp,validation,2023-02,country_gb,country_fr,0.0,0.6323082447052002
mlp,validation,2023-03,country_gb,country_fr,0.0,0.3644022047519684
mlp,validation,2023-04,country_gb,country_fr,0.0,0.47618547081947327
mlp,validation,2023-05,country_gb,country_fr,0.0,0.4266536831855774
mlp,validation,2023-06,country_gb,country_fr,0.0,0.3848261535167694
mlp,validation,2023-07,country_gb,country_fr,0.0,0.6183468103408813
mlp,validation,2023-08,country_gb,country_fr,0.0,0.7147036194801331
mlp,validation,2023-09,country_gb,country_fr,0.0,0.6522043347358704
mlp,validation,2023-10,country_gb,country_fr,0.0,0.4063330590724945
mlp,validation,2023-11,country_gb,country_fr,0.0,0.6264608502388
mlp,validation,2023-12,country_gb,country_fr,1.0,0.5671544671058655
mlp,validation,2023-01,country_gb,country_in,1.0,0.47117218375205994
mlp,validation,2023-02,country_gb,country_in,1.0,0.5812771916389465
mlp,validation,2023-03,country_gb,country_in,1.0,0.35240429639816284
mlp,validation,2023-04,country_gb,country_in,1.0,0.5190434455871582
mlp,validation,2023-05,country_gb,country_in,1.0,0.4420291483402252
mlp,validation,2023-06,country_gb,country_in,1.0,0.500827431678772
mlp,validation,2023-07,country_gb,country_in,0.0,0.39460477232933044
mlp,validation,2023-08,country_gb,country_in,1.0,0.5473195910453796
mlp,validation,2023-09,country_gb,country_in,0.0,0.6084125638008118
mlp,validation,2023-10,country_gb,country_in,0.0,0.48133665323257446
mlp,validation,2023-11,country_gb,country_in,0.0,0.6485620141029358
mlp,validation,2023-12,country_gb,country_in,0.0,0.38109999895095825
mlp,validation,2023-01,country_gb,country_jp,0.0,0.5960843563079834
mlp,validation,2023-02,country_gb,country_jp,0.0,0.628893256187439
mlp,validation,2023-03,country_gb,country_jp,0.0,0.49921533465385437
mlp,validation,2023-04,country_gb,country_jp,0.0,0.5009780526161194
mlp,validation,2023-05,country_gb,country_jp,0.0,0.4121280014514923
mlp,validation,2023-06,country_gb,country_jp,0.0,0.6243209838867188
mlp,validation,2023-07,country_gb,country_jp,0.0,0.4915863275527954
mlp,validation,2023-08,country_gb,country_jp,0.0,0.6571003794670105
mlp,validation,2023-09,country_gb,country_jp,0.0,0.6520655155181885
mlp,validation,2023-10,country_gb,country_jp,0.0,0.4232594072818756
mlp,validation,2023-11,country_gb,country_jp,0.0,0.5073594450950623
mlp,validation,2023-12,country_gb,country_jp,0.0,0.410152792930603
mlp,validation,2023-01,country_gb,country_kr,1.0,0.6292154788970947
mlp,validation,2023-02,country_gb,country_kr,0.0,0.685090184211731
mlp,validation,2023-03,country_gb,country_kr,1.0,0.4528292715549469
mlp,validation,2023-04,country_gb,country_kr,0.0,0.6509203910827637
mlp,validation,2023-05,country_gb,country_kr,1.0,0.4769313335418701
mlp,validation,2023-06,country_gb,country_kr,0.0,0.5756270885467529
mlp,validation,2023-07,country_gb,country_kr,0.0,0.49969911575317383
mlp,validation,2023-08,country_gb,country_kr,0.0,0.6432635188102722
mlp,validation,2023-09,country_gb,country_kr,0.0,0.6568041443824768
mlp,validation,2023-10,country_gb,country_kr,0.0,0.47649112343788147
mlp,validation,2023-11,country_gb,country_kr,0.0,0.6130886077880859
mlp,validation,2023-12,country_gb,country_kr,1.0,0.5577306747436523
mlp,validation,2023-01,country_gb,country_mx,0.0,0.6685880422592163
mlp,validation,2023-02,country_gb,country_mx,0.0,0.695228636264801
mlp,validation,2023-03,country_gb,country_mx,0.0,0.41295748949050903
mlp,validation,2023-04,country_gb,country_mx,0.0,0.46648460626602173
mlp,validation,2023-05,country_gb,country_mx,0.0,0.5282971858978271
mlp,validation,2023-06,country_gb,country_mx,0.0,0.5114876627922058
mlp,validation,2023-07,country_gb,country_mx,0.0,0.5994809865951538
mlp,validation,2023-08,country_gb,country_mx,1.0,0.6738567352294922
mlp,validation,2023-09,country_gb,country_mx,1.0,0.7202776670455933
mlp,validation,2023-10,country_gb,country_mx,1.0,0.5554407238960266
mlp,validation,2023-11,country_gb,country_mx,1.0,0.6086211204528809
mlp,validation,2023-12,country_gb,country_mx,1.0,0.6892244219779968
mlp,validation,2023-01,country_gb,country_my,0.0,0.5911163091659546
mlp,validation,2023-02,country_gb,country_my,0.0,0.6258277297019958
mlp,validation,2023-03,country_gb,country_my,0.0,0.3744962811470032
mlp,validation,2023-04,country_gb,country_my,1.0,0.5635486841201782
mlp,validation,2023-05,country_gb,country_my,0.0,0.4203856885433197
mlp,validation,2023-06,country_gb,country_my,0.0,0.5898243188858032
mlp,validation,2023-07,country_gb,country_my,0.0,0.46085554361343384
mlp,validation,2023-08,country_gb,country_my,0.0,0.5445516705513
mlp,validation,2023-09,country_gb,country_my,1.0,0.5033385753631592
mlp,validation,2023-10,country_gb,country_my,1.0,0.4554559588432312
mlp,validation,2023-11,country_gb,country_my,1.0,0.5219416618347168
mlp,validation,2023-12,country_gb,country_my,0.0,0.45944643020629883
mlp,validation,2023-01,country_gb,country_ph,1.0,0.48299190402030945
mlp,validation,2023-02,country_gb,country_ph,0.0,0.6112094521522522
mlp,validation,2023-03,country_gb,country_ph,1.0,0.3826802968978882
mlp,validation,2023-04,country_gb,country_ph,1.0,0.5239754319190979
mlp,validation,2023-05,country_gb,country_ph,1.0,0.3665417730808258
mlp,validation,2023-06,country_gb,country_ph,1.0,0.5266053080558777
mlp,validation,2023-07,country_gb,country_ph,1.0,0.4949825704097748
mlp,validation,2023-08,country_gb,country_ph,1.0,0.5746613144874573
mlp,validation,2023-09,country_gb,country_ph,0.0,0.5951873660087585
mlp,validation,2023-10,country_gb,country_ph,0.0,0.4402913749217987
mlp,validation,2023-11,country_gb,country_ph,0.0,0.5728197693824768
mlp,validation,2023-12,country_gb,country_ph,1.0,0.40487098693847656
mlp,validation,2023-01,country_gb,country_sg,0.0,0.6768946647644043
mlp,validation,2023-02,country_gb,country_sg,0.0,0.7154987454414368
mlp,validation,2023-03,country_gb,country_sg,0.0,0.4184888005256653
mlp,validation,2023-04,country_gb,country_sg,0.0,0.46744540333747864
mlp,validation,2023-05,country_gb,country_sg,0.0,0.5092640519142151
mlp,validation,2023-06,country_gb,country_sg,0.0,0.4934498071670532
mlp,validation,2023-07,country_gb,country_sg,0.0,0.4257919490337372
mlp,validation,2023-08,country_gb,country_sg,1.0,0.6014760136604309
mlp,validation,2023-09,country_gb,country_sg,0.0,0.5871068835258484
mlp,validation,2023-10,country_gb,country_sg,1.0,0.5400895476341248
mlp,validation,2023-11,country_gb,country_sg,0.0,0.6376133561134338
mlp,validation,2023-12,country_gb,country_sg,0.0,0.5045932531356812
mlp,validation,2023-01,country_gb,country_th,0.0,0.35334548354148865
mlp,validation,2023-02,country_gb,country_th,1.0,0.6148349642753601
mlp,validation,2023-03,country_gb,country_th,1.0,0.3533758819103241
mlp,validation,2023-04,country_gb,country_th,0.0,0.47138530015945435
mlp,validation,2023-05,country_gb,country_th,0.0,0.34868210554122925
mlp,validation,2023-06,country_gb,country_th,1.0,0.5179247856140137
mlp,validation,2023-07,country_gb,country_th,0.0,0.38040488958358765
mlp,validation,2023-08,country_gb,country_th,1.0,0.6063437461853027
mlp,validation,2023-09,country_gb,country_th,0.0,0.5890265703201294
mlp,validation,2023-10,country_gb,country_th,0.0,0.3545510470867157
mlp,validation,2023-11,country_gb,country_th,1.0,0.4666075110435486
mlp,validation,2023-12,country_gb,country_th,0.0,0.4638865888118744
mlp,validation,2023-01,country_gb,country_us,0.0,0.37300175428390503
mlp,validation,2023-02,country_gb,country_us,0.0,0.4787886142730713
mlp,validation,2023-03,country_gb,country_us,0.0,0.328907310962677
mlp,validation,2023-04,country_gb,country_us,0.0,0.3921068608760834
mlp,validation,2023-05,country_gb,country_us,0.0,0.33798733353614807
mlp,validation,2023-06,country_gb,country_us,0.0,0.3730083107948303
mlp,validation,2023-07,country_gb,country_us,0.0,0.35955238342285156
mlp,validation,2023-08,country_gb,country_us,1.0,0.45960497856140137
mlp,validation,2023-09,country_gb,country_us,1.0,0.45789650082588196
mlp,validation,2023-10,country_gb,country_us,1.0,0.35423117876052856
mlp,validation,2023-11,country_gb,country_us,1.0,0.4380093514919281
mlp,validation,2023-12,country_gb,country_us,1.0,0.391270250082016
mlp,validation,2023-01,country_gb,country_vn,0.0,0.6981830596923828
mlp,validation,2023-02,country_gb,country_vn,1.0,0.7521089911460876
mlp,validation,2023-03,country_gb,country_vn,1.0,0.7102371454238892
mlp,validation,2023-04,country_gb,country_vn,1.0,0.778836190700531
mlp,validation,2023-05,country_gb,country_vn,0.0,0.7384024858474731
mlp,validation,2023-06,country_gb,country_vn,0.0,0.7079956531524658
mlp,validation,2023-07,country_gb,country_vn,0.0,0.685931921005249
mlp,validation,2023-08,country_gb,country_vn,0.0,0.7140265107154846
mlp,validation,2023-09,country_gb,country_vn,0.0,0.7357872724533081
mlp,validation,2023-10,country_gb,country_vn,0.0,0.6925978660583496
mlp,validation,2023-11,country_gb,country_vn,0.0,0.6779348254203796
mlp,validation,2023-01,country_in,country_203,1.0,0.7710880041122437
mlp,validation,2023-02,country_in,country_203,0.0,0.8094835877418518
mlp,validation,2023-03,country_in,country_203,0.0,0.7525767087936401
mlp,validation,2023-04,country_in,country_203,0.0,0.7829790115356445
mlp,validation,2023-05,country_in,country_203,0.0,0.7026048302650452
mlp,validation,2023-06,country_in,country_203,1.0,0.7236136198043823
mlp,validation,2023-07,country_in,country_203,0.0,0.763410747051239
mlp,validation,2023-08,country_in,country_203,0.0,0.7180010080337524
mlp,validation,2023-09,country_in,country_203,1.0,0.7217934131622314
mlp,validation,2023-10,country_in,country_203,0.0,0.7686994075775146
mlp,validation,2023-11,country_in,country_203,1.0,0.6965906620025635
mlp,validation,2023-12,country_in,country_203,1.0,0.7817555665969849
mlp,validation,2023-01,country_in,country_344,0.0,0.6558012366294861
mlp,validation,2023-02,country_in,country_344,1.0,0.6465727686882019
mlp,validation,2023-03,country_in,country_344,0.0,0.6005129218101501
mlp,validation,2023-04,country_in,country_344,1.0,0.5716795325279236
mlp,validation,2023-05,country_in,country_344,1.0,0.601857602596283
mlp,validation,2023-06,country_in,country_344,0.0,0.5651967525482178
mlp,validation,2023-07,country_in,country_344,1.0,0.5779768228530884
mlp,validation,2023-08,country_in,country_344,0.0,0.5948209166526794
mlp,validation,2023-09,country_in,country_344,0.0,0.565046489238739
mlp,validation,2023-10,country_in,country_344,0.0,0.5673044919967651
mlp,validation,2023-11,country_in,country_344,1.0,0.5843905210494995
mlp,validation,2023-12,country_in,country_344,1.0,0.5870360136032104
mlp,validation,2023-01,country_in,country_372,0.0,0.7705214023590088
mlp,validation,2023-02,country_in,country_372,0.0,0.7741324305534363
mlp,validation,2023-03,country_in,country_372,1.0,0.6732765436172485
mlp,validation,2023-04,country_in,country_372,1.0,0.8067137598991394
mlp,validation,2023-05,country_in,country_372,0.0,0.7512458562850952
mlp,validation,2023-06,country_in,country_372,0.0,0.7118918299674988
mlp,validation,2023-07,country_in,country_372,0.0,0.6498613357543945
mlp,validation,2023-08,country_in,country_372,0.0,0.6930460333824158
mlp,validation,2023-09,country_in,country_372,0.0,0.7212456464767456
mlp,validation,2023-10,country_in,country_372,0.0,0.6991806626319885
mlp,validation,2023-11,country_in,country_372,0.0,0.5831037163734436
mlp,validation,2023-12,country_in,country_372,0.0,0.6689044833183289
mlp,validation,2023-01,country_in,country_380,0.0,0.7131696939468384
mlp,validation,2023-02,country_in,country_380,0.0,0.6808806657791138
mlp,validation,2023-03,country_in,country_380,0.0,0.6787031292915344
mlp,validation,2023-04,country_in,country_380,0.0,0.7257128953933716
mlp,validation,2023-05,country_in,country_380,0.0,0.6693478226661682
mlp,validation,2023-06,country_in,country_380,0.0,0.7247553467750549
mlp,validation,2023-07,country_in,country_380,0.0,0.730731189250946
mlp,validation,2023-08,country_in,country_380,0.0,0.7737559080123901
mlp,validation,2023-09,country_in,country_380,0.0,0.6946187615394592
mlp,validation,2023-10,country_in,country_380,1.0,0.6947243809700012
mlp,validation,2023-11,country_in,country_380,1.0,0.7735868096351624
mlp,validation,2023-12,country_in,country_380,0.0,0.7864066958427429
mlp,validation,2023-01,country_in,country_cn,1.0,0.6682565808296204
mlp,validation,2023-02,country_in,country_cn,0.0,0.6126387715339661
mlp,validation,2023-03,country_in,country_cn,1.0,0.4740375280380249
mlp,validation,2023-04,country_in,country_cn,1.0,0.4675312936306
mlp,validation,2023-05,country_in,country_cn,0.0,0.49672791361808777
mlp,validation,2023-06,country_in,country_cn,0.0,0.4474885165691376
mlp,validation,2023-07,country_in,country_cn,0.0,0.4817460775375366
mlp,validation,2023-08,country_in,country_cn,0.0,0.4853701591491699
mlp,validation,2023-09,country_in,country_cn,1.0,0.44318193197250366
mlp,validation,2023-10,country_in,country_cn,1.0,0.5304111242294312
mlp,validation,2023-11,country_in,country_cn,0.0,0.560700535774231
mlp,validation,2023-12,country_in,country_cn,0.0,0.47717875242233276
mlp,validation,2023-01,country_in,country_de,0.0,0.4544205069541931
mlp,validation,2023-02,country_in,country_de,0.0,0.49682870507240295
mlp,validation,2023-03,country_in,country_de,0.0,0.5032614469528198
mlp,validation,2023-04,country_in,country_de,0.0,0.4533523619174957
mlp,validation,2023-05,country_in,country_de,0.0,0.4298095703125
mlp,validation,2023-06,country_in,country_de,0.0,0.5056432485580444
mlp,validation,2023-07,country_in,country_de,0.0,0.5327086448669434
mlp,validation,2023-08,country_in,country_de,0.0,0.4747762978076935
mlp,validation,2023-09,country_in,country_de,1.0,0.50823575258255
mlp,validation,2023-10,country_in,country_de,1.0,0.5940883159637451
mlp,validation,2023-11,country_in,country_de,0.0,0.6458415985107422
mlp,validation,2023-12,country_in,country_de,0.0,0.5921620726585388
mlp,validation,2023-01,country_in,country_fr,1.0,0.5710657238960266
mlp,validation,2023-02,country_in,country_fr,1.0,0.639239490032196
mlp,validation,2023-03,country_in,country_fr,0.0,0.5512703657150269
mlp,validation,2023-04,country_in,country_fr,0.0,0.5057228803634644
mlp,validation,2023-05,country_in,country_fr,1.0,0.5269802212715149
mlp,validation,2023-06,country_in,country_fr,1.0,0.4832476079463959
mlp,validation,2023-07,country_in,country_fr,1.0,0.6809080243110657
mlp,validation,2023-08,country_in,country_fr,1.0,0.7187705636024475
mlp,validation,2023-09,country_in,country_fr,1.0,0.6414538025856018
mlp,validation,2023-10,country_in,country_fr,0.0,0.5621696710586548
mlp,validation,2023-11,country_in,country_fr,1.0,0.6732848882675171
mlp,validation,2023-12,country_in,country_fr,1.0,0.625905454158783
mlp,validation,2023-01,country_in,country_gb,1.0,0.5065116286277771
mlp,validation,2023-02,country_in,country_gb,0.0,0.623261034488678
mlp,validation,2023-03,country_in,country_gb,0.0,0.5214501619338989
mlp,validation,2023-04,country_in,country_gb,1.0,0.5448364615440369
mlp,validation,2023-05,country_in,country_gb,0.0,0.4980485737323761
mlp,validation,2023-06,country_in,country_gb,0.0,0.5341084599494934
mlp,validation,2023-07,country_in,country_gb,0.0,0.5259968042373657
mlp,validation,2023-08,country_in,country_gb,0.0,0.6193843483924866
mlp,validation,2023-09,country_in,country_gb,1.0,0.6201782822608948
mlp,validation,2023-10,country_in,country_gb,0.0,0.502047061920166
mlp,validation,2023-11,country_in,country_gb,0.0,0.6442468166351318
mlp,validation,2023-12,country_in,country_gb,0.0,0.5172128677368164
mlp,validation,2023-01,country_in,country_jp,1.0,0.6186153292655945
mlp,validation,2023-02,country_in,country_jp,0.0,0.6789143085479736
mlp,validation,2023-03,country_in,country_jp,0.0,0.5980668067932129
mlp,validation,2023-04,country_in,country_jp,0.0,0.5533467531204224
mlp,validation,2023-05,country_in,country_jp,1.0,0.5221456289291382
mlp,validation,2023-06,country_in,country_jp,1.0,0.7456766963005066
mlp,validation,2023-07,country_in,country_jp,0.0,0.6358031034469604
mlp,validation,2023-08,country_in,country_jp,1.0,0.6335315704345703
mlp,validation,2023-09,country_in,country_jp,0.0,0.7042980194091797
mlp,validation,2023-10,country_in,country_jp,1.0,0.5624658465385437
mlp,validation,2023-11,country_in,country_jp,1.0,0.653702437877655
mlp,validation,2023-12,country_in,country_jp,1.0,0.6003156900405884
mlp,validation,2023-01,country_in,country_kr,0.0,0.566024899482727
mlp,validation,2023-02,country_in,country_kr,1.0,0.5804693102836609
mlp,validation,2023-03,country_in,country_kr,0.0,0.6190075278282166
mlp,validation,2023-04,country_in,country_kr,0.0,0.6210229396820068
mlp,validation,2023-05,country_in,country_kr,1.0,0.4978119432926178
mlp,validation,2023-06,country_in,country_kr,0.0,0.6183954477310181
mlp,validation,2023-07,country_in,country_kr,1.0,0.5588620901107788
mlp,validation,2023-08,country_in,country_kr,1.0,0.5881498456001282
mlp,validation,2023-09,country_in,country_kr,0.0,0.5669015049934387
mlp,validation,2023-10,country_in,country_kr,0.0,0.5326212644577026
mlp,validation,2023-11,country_in,country_kr,0.0,0.6082946062088013
mlp,validation,2023-12,country_in,country_kr,0.0,0.5608797073364258
mlp,validation,2023-01,country_in,country_mx,0.0,0.6695441007614136
mlp,validation,2023-02,country_in,country_mx,0.0,0.5941470861434937
mlp,validation,2023-03,country_in,country_mx,0.0,0.5445346236228943
mlp,validation,2023-04,country_in,country_mx,1.0,0.49409008026123047
mlp,validation,2023-05,country_in,country_mx,1.0,0.5541277527809143
mlp,validation,2023-06,country_in,country_mx,0.0,0.5208789706230164
mlp,validation,2023-07,country_in,country_mx,0.0,0.6314288973808289
mlp,validation,2023-08,country_in,country_mx,1.0,0.5510339736938477
mlp,validation,2023-09,country_in,country_mx,1.0,0.6202823519706726
mlp,validation,2023-10,country_in,country_mx,0.0,0.6054893136024475
mlp,validation,2023-11,country_in,country_mx,1.0,0.5410639643669128
mlp,validation,2023-12,country_in,country_mx,1.0,0.6739098429679871
mlp,validation,2023-01,country_in,country_my,1.0,0.6502044796943665
mlp,validation,2023-02,country_in,country_my,0.0,0.6077643632888794
mlp,validation,2023-03,country_in,country_my,0.0,0.48412978649139404
mlp,validation,2023-04,country_in,country_my,0.0,0.5345662832260132
mlp,validation,2023-05,country_in,country_my,0.0,0.40569138526916504
mlp,validation,2023-06,country_in,country_my,0.0,0.5750811696052551
mlp,validation,2023-07,country_in,country_my,0.0,0.5092891454696655
mlp,validation,2023-08,country_in,country_my,0.0,0.49280884861946106
mlp,validation,2023-09,country_in,country_my,0.0,0.4330100417137146
mlp,validation,2023-10,country_in,country_my,1.0,0.5101252794265747
mlp,validation,2023-11,country_in,country_my,1.0,0.5790508389472961
mlp,validation,2023-12,country_in,country_my,0.0,0.5179636478424072
mlp,validation,2023-01,country_in,country_ph,1.0,0.7267934679985046
mlp,validation,2023-02,country_in,country_ph,0.0,0.7224797606468201
mlp,validation,2023-03,country_in,country_ph,1.0,0.6653915047645569
mlp,validation,2023-04,country_in,country_ph,0.0,0.6798803210258484
mlp,validation,2023-05,country_in,country_ph,0.0,0.46728578209877014
mlp,validation,2023-06,country_in,country_ph,0.0,0.6382001042366028
mlp,validation,2023-07,country_in,country_ph,1.0,0.6092292666435242
mlp,validation,2023-08,country_in,country_ph,1.0,0.7524446249008179
mlp,validation,2023-09,country_in,country_ph,1.0,0.7119035124778748
mlp,validation,2023-10,country_in,country_ph,1.0,0.7273800373077393
mlp,validation,2023-11,country_in,country_ph,1.0,0.7866993546485901
mlp,validation,2023-12,country_in,country_ph,1.0,0.6942254304885864
mlp,validation,2023-01,country_in,country_sg,1.0,0.6819736957550049
mlp,validation,2023-02,country_in,country_sg,0.0,0.682621955871582
mlp,validation,2023-03,country_in,country_sg,0.0,0.5285711288452148
mlp,validation,2023-04,country_in,country_sg,1.0,0.4237979054450989
mlp,validation,2023-05,country_in,country_sg,0.0,0.573462188243866
mlp,validation,2023-06,country_in,country_sg,0.0,0.5273836255073547
mlp,validation,2023-07,country_in,country_sg,0.0,0.45820969343185425
mlp,validation,2023-08,country_in,country_sg,0.0,0.5319115519523621
mlp,validation,2023-09,country_in,country_sg,1.0,0.43984901905059814
mlp,validation,2023-10,country_in,country_sg,1.0,0.619909942150116
mlp,validation,2023-11,country_in,country_sg,0.0,0.6576865911483765
mlp,validation,2023-12,country_in,country_sg,0.0,0.47617584466934204
mlp,validation,2023-01,country_in,country_th,0.0,0.5463754534721375
mlp,validation,2023-02,country_in,country_th,0.0,0.6049336791038513
mlp,validation,2023-03,country_in,country_th,0.0,0.5850748419761658
mlp,validation,2023-04,country_in,country_th,0.0,0.6018023490905762
mlp,validation,2023-05,country_in,country_th,0.0,0.48507872223854065
mlp,validation,2023-06,country_in,country_th,0.0,0.5574526786804199
mlp,validation,2023-07,country_in,country_th,0.0,0.5563509464263916
mlp,validation,2023-08,country_in,country_th,0.0,0.5677399039268494
mlp,validation,2023-09,country_in,country_th,0.0,0.44422098994255066
mlp,validation,2023-10,country_in,country_th,0.0,0.4281215965747833
mlp,validation,2023-11,country_in,country_th,1.0,0.4817083477973938
mlp,validation,2023-12,country_in,country_th,0.0,0.591330885887146
mlp,validation,2023-01,country_in,country_us,0.0,0.32409194111824036
mlp,validation,2023-02,country_in,country_us,0.0,0.3479953706264496
mlp,validation,2023-03,country_in,country_us,0.0,0.30406442284584045
mlp,validation,2023-04,country_in,country_us,0.0,0.3295444846153259
mlp,validation,2023-05,country_in,country_us,0.0,0.2897849977016449
mlp,validation,2023-06,country_in,country_us,0.0,0.3107004165649414
mlp,validation,2023-07,country_in,country_us,0.0,0.30725619196891785
mlp,validation,2023-08,country_in,country_us,0.0,0.32838526368141174
mlp,validation,2023-09,country_in,country_us,0.0,0.3103471100330353
mlp,validation,2023-10,country_in,country_us,1.0,0.31600433588027954
mlp,validation,2023-11,country_in,country_us,1.0,0.3952251970767975
mlp,validation,2023-12,country_in,country_us,1.0,0.33263543248176575
mlp,validation,2023-01,country_in,country_vn,0.0,0.6176316738128662
mlp,validation,2023-02,country_in,country_vn,0.0,0.5518810749053955
mlp,validation,2023-03,country_in,country_vn,0.0,0.6379532814025879
mlp,validation,2023-04,country_in,country_vn,0.0,0.613621711730957
mlp,validation,2023-05,country_in,country_vn,0.0,0.5768797397613525
mlp,validation,2023-06,country_in,country_vn,0.0,0.46405720710754395
mlp,validation,2023-07,country_in,country_vn,0.0,0.486316978931427
mlp,validation,2023-08,country_in,country_vn,1.0,0.538264274597168
mlp,validation,2023-09,country_in,country_vn,1.0,0.5229945778846741
mlp,validation,2023-10,country_in,country_vn,1.0,0.5968369245529175
mlp,validation,2023-11,country_in,country_vn,0.0,0.580090343952179
mlp,validation,2023-01,country_jp,country_203,1.0,0.5711489319801331
mlp,validation,2023-02,country_jp,country_203,0.0,0.6812851428985596
mlp,validation,2023-03,country_jp,country_203,0.0,0.5369077920913696
mlp,validation,2023-04,country_jp,country_203,0.0,0.6418081521987915
mlp,validation,2023-05,country_jp,country_203,0.0,0.5214606523513794
mlp,validation,2023-06,country_jp,country_203,0.0,0.6050505042076111
mlp,validation,2023-07,country_jp,country_203,0.0,0.5164720416069031
mlp,validation,2023-08,country_jp,country_203,1.0,0.5151776075363159
mlp,validation,2023-09,country_jp,country_203,1.0,0.5521631240844727
mlp,validation,2023-10,country_jp,country_203,1.0,0.5748661160469055
mlp,validation,2023-11,country_jp,country_203,1.0,0.5728110074996948
mlp,validation,2023-12,country_jp,country_203,0.0,0.5755501985549927
mlp,validation,2023-01,country_jp,country_344,1.0,0.5911688804626465
mlp,validation,2023-02,country_jp,country_344,0.0,0.5831397175788879
mlp,validation,2023-03,country_jp,country_344,0.0,0.42970260977745056
mlp,validation,2023-04,country_jp,country_344,0.0,0.431570440530777
mlp,validation,2023-05,country_jp,country_344,0.0,0.4841332733631134
mlp,validation,2023-06,country_jp,country_344,0.0,0.49767035245895386
mlp,validation,2023-07,country_jp,country_344,0.0,0.4556458592414856
mlp,validation,2023-08,country_jp,country_344,0.0,0.4866732656955719
mlp,validation,2023-09,country_jp,country_344,0.0,0.4700772762298584
mlp,validation,2023-10,country_jp,country_344,0.0,0.45599716901779175
mlp,validation,2023-11,country_jp,country_344,0.0,0.4609362781047821
mlp,validation,2023-12,country_jp,country_344,0.0,0.4420301616191864
mlp,validation,2023-01,country_jp,country_372,1.0,0.752488911151886
mlp,validation,2023-02,country_jp,country_372,1.0,0.7568646669387817
mlp,validation,2023-03,country_jp,country_372,1.0,0.6316774487495422
mlp,validation,2023-04,country_jp,country_372,1.0,0.7507244944572449
mlp,validation,2023-05,country_jp,country_372,1.0,0.5941128134727478
mlp,validation,2023-06,country_jp,country_372,1.0,0.6317421197891235
mlp,validation,2023-07,country_jp,country_372,1.0,0.6292494535446167
mlp,validation,2023-08,country_jp,country_372,1.0,0.719264805316925
mlp,validation,2023-09,country_jp,country_372,0.0,0.7618879675865173
mlp,validation,2023-10,country_jp,country_372,0.0,0.6894168257713318
mlp,validation,2023-11,country_jp,country_372,0.0,0.560592770576477
mlp,validation,2023-12,country_jp,country_372,0.0,0.5947191715240479
mlp,validation,2023-01,country_jp,country_380,0.0,0.6077857613563538
mlp,validation,2023-02,country_jp,country_380,0.0,0.5713951587677002
mlp,validation,2023-03,country_jp,country_380,0.0,0.5669465065002441
mlp,validation,2023-04,country_jp,country_380,0.0,0.6405541300773621
mlp,validation,2023-05,country_jp,country_380,0.0,0.5853810906410217
mlp,validation,2023-06,country_jp,country_380,1.0,0.6980276703834534
mlp,validation,2023-07,country_jp,country_380,1.0,0.6555180549621582
mlp,validation,2023-08,country_jp,country_380,0.0,0.7499608397483826
mlp,validation,2023-09,country_jp,country_380,0.0,0.6196202635765076
mlp,validation,2023-10,country_jp,country_380,1.0,0.5991223454475403
mlp,validation,2023-11,country_jp,country_380,1.0,0.6595578789710999
mlp,validation,2023-12,country_jp,country_380,0.0,0.6979848742485046
mlp,validation,2023-01,country_jp,country_cn,0.0,0.5946007966995239
mlp,validation,2023-02,country_jp,country_cn,0.0,0.492818683385849
mlp,validation,2023-03,country_jp,country_cn,0.0,0.2784421741962433
mlp,validation,2023-04,country_jp,country_cn,0.0,0.2803690433502197
mlp,validation,2023-05,country_jp,country_cn,0.0,0.31355947256088257
mlp,validation,2023-06,country_jp,country_cn,0.0,0.37846076488494873
mlp,validation,2023-07,country_jp,country_cn,0.0,0.2925870716571808
mlp,validation,2023-08,country_jp,country_cn,0.0,0.3631966710090637
mlp,validation,2023-09,country_jp,country_cn,0.0,0.34274178743362427
mlp,validation,2023-10,country_jp,country_cn,0.0,0.291582852602005
mlp,validation,2023-11,country_jp,country_cn,0.0,0.2878088653087616
mlp,validation,2023-12,country_jp,country_cn,0.0,0.2874312400817871
mlp,validation,2023-01,country_jp,country_de,0.0,0.4172661602497101
mlp,validation,2023-02,country_jp,country_de,0.0,0.4309549927711487
mlp,validation,2023-03,country_jp,country_de,0.0,0.34140241146087646
mlp,validation,2023-04,country_jp,country_de,0.0,0.3209071457386017
mlp,validation,2023-05,country_jp,country_de,0.0,0.31295353174209595
mlp,validation,2023-06,country_jp,country_de,0.0,0.5004474520683289
mlp,validation,2023-07,country_jp,country_de,0.0,0.39333489537239075
mlp,validation,2023-08,country_jp,country_de,0.0,0.4265083074569702
mlp,validation,2023-09,country_jp,country_de,0.0,0.47439730167388916
mlp,validation,2023-10,country_jp,country_de,0.0,0.4002614915370941
mlp,validation,2023-11,country_jp,country_de,0.0,0.4483495354652405
mlp,validation,2023-12,country_jp,country_de,0.0,0.4932456910610199
mlp,validation,2023-01,country_jp,country_fr,0.0,0.5138433575630188
mlp,validation,2023-02,country_jp,country_fr,0.0,0.5536597371101379
mlp,validation,2023-03,country_jp,country_fr,0.0,0.3535871207714081
mlp,validation,2023-04,country_jp,country_fr,0.0,0.33826661109924316
mlp,validation,2023-05,country_jp,country_fr,0.0,0.3599792718887329
mlp,validation,2023-06,country_jp,country_fr,1.0,0.4938800632953644
mlp,validation,2023-07,country_jp,country_fr,1.0,0.5891392230987549
mlp,validation,2023-08,country_jp,country_fr,1.0,0.6719903349876404
mlp,validation,2023-09,country_jp,country_fr,0.0,0.5992969870567322
mlp,validation,2023-10,country_jp,country_fr,1.0,0.35242483019828796
mlp,validation,2023-11,country_jp,country_fr,1.0,0.528244137763977
mlp,validation,2023-12,country_jp,country_fr,0.0,0.4753992557525635
mlp,validation,2023-01,country_jp,country_gb,0.0,0.5181767344474792
mlp,validation,2023-02,country_jp,country_gb,0.0,0.5916364789009094
mlp,validation,2023-03,country_jp,country_gb,0.0,0.42110368609428406
mlp,validation,2023-04,country_jp,country_gb,0.0,0.4185086786746979
mlp,validation,2023-05,country_jp,country_gb,0.0,0.3646756112575531
mlp,validation,2023-06,country_jp,country_gb,0.0,0.5794270634651184
mlp,validation,2023-07,country_jp,country_gb,0.0,0.419782429933548
mlp,validation,2023-08,country_jp,country_gb,0.0,0.6288346648216248
mlp,validation,2023-09,country_jp,country_gb,0.0,0.6130493879318237
mlp,validation,2023-10,country_jp,country_gb,0.0,0.3440590500831604
mlp,validation,2023-11,country_jp,country_gb,0.0,0.46659669280052185
mlp,validation,2023-12,country_jp,country_gb,0.0,0.3975614309310913
mlp,validation,2023-01,country_jp,country_in,0.0,0.3909754157066345
mlp,validation,2023-02,country_jp,country_in,0.0,0.3450978994369507
mlp,validation,2023-03,country_jp,country_in,0.0,0.29098403453826904
mlp,validation,2023-04,country_jp,country_in,0.0,0.30200067162513733
mlp,validation,2023-05,country_jp,country_in,0.0,0.31270039081573486
mlp,validation,2023-06,country_jp,country_in,0.0,0.5065258741378784
mlp,validation,2023-07,country_jp,country_in,0.0,0.28833070397377014
mlp,validation,2023-08,country_jp,country_in,0.0,0.3587862551212311
mlp,validation,2023-09,country_jp,country_in,0.0,0.3755742311477661
mlp,validation,2023-10,country_jp,country_in,0.0,0.3464977741241455
mlp,validation,2023-11,country_jp,country_in,0.0,0.39113324880599976
mlp,validation,2023-12,country_jp,country_in,0.0,0.2954697906970978
mlp,validation,2023-01,country_jp,country_kr,0.0,0.46060022711753845
mlp,validation,2023-02,country_jp,country_kr,0.0,0.42863959074020386
mlp,validation,2023-03,country_jp,country_kr,1.0,0.3243444859981537
mlp,validation,2023-04,country_jp,country_kr,1.0,0.3946933150291443
mlp,validation,2023-05,country_jp,country_kr,0.0,0.30766206979751587
mlp,validation,2023-06,country_jp,country_kr,1.0,0.42105811834335327
mlp,validation,2023-07,country_jp,country_kr,0.0,0.3152483403682709
mlp,validation,2023-08,country_jp,country_kr,0.0,0.37877947092056274
mlp,validation,2023-09,country_jp,country_kr,0.0,0.399078369140625
mlp,validation,2023-10,country_jp,country_kr,0.0,0.2956770956516266
mlp,validation,2023-11,country_jp,country_kr,0.0,0.32184651494026184
mlp,validation,2023-12,country_jp,country_kr,0.0,0.3288772702217102
mlp,validation,2023-01,country_jp,country_mx,0.0,0.6154941320419312
mlp,validation,2023-02,country_jp,country_mx,0.0,0.4737568497657776
mlp,validation,2023-03,country_jp,country_mx,0.0,0.3398160934448242
mlp,validation,2023-04,country_jp,country_mx,0.0,0.29638370871543884
mlp,validation,2023-05,country_jp,country_mx,0.0,0.35356757044792175
mlp,validation,2023-06,country_jp,country_mx,0.0,0.5080694556236267
mlp,validation,2023-07,country_jp,country_mx,0.0,0.4342973530292511
mlp,validation,2023-08,country_jp,country_mx,0.0,0.4432152807712555
mlp,validation,2023-09,country_jp,country_mx,0.0,0.5208462476730347
mlp,validation,2023-10,country_jp,country_mx,0.0,0.34229955077171326
mlp,validation,2023-11,country_jp,country_mx,0.0,0.32755205035209656
mlp,validation,2023-12,country_jp,country_mx,0.0,0.4971115291118622
mlp,validation,2023-01,country_jp,country_my,0.0,0.5177114605903625
mlp,validation,2023-02,country_jp,country_my,0.0,0.4415012300014496
mlp,validation,2023-03,country_jp,country_my,1.0,0.3158313035964966
mlp,validation,2023-04,country_jp,country_my,0.0,0.3611546456813812
mlp,validation,2023-05,country_jp,country_my,0.0,0.31378012895584106
mlp,validation,2023-06,country_jp,country_my,1.0,0.5333066582679749
mlp,validation,2023-07,country_jp,country_my,0.0,0.33519700169563293
mlp,validation,2023-08,country_jp,country_my,0.0,0.3881848454475403
mlp,validation,2023-09,country_jp,country_my,0.0,0.3575513958930969
mlp,validation,2023-10,country_jp,country_my,0.0,0.3242832124233246
mlp,validation,2023-11,country_jp,country_my,0.0,0.3007962107658386
mlp,validation,2023-12,country_jp,country_my,0.0,0.31453368067741394
mlp,validation,2023-01,country_jp,country_ph,0.0,0.4974638819694519
mlp,validation,2023-02,country_jp,country_ph,0.0,0.4837649464607239
mlp,validation,2023-03,country_jp,country_ph,0.0,0.36728009581565857
mlp,validation,2023-04,country_jp,country_ph,0.0,0.36210834980010986
mlp,validation,2023-05,country_jp,country_ph,0.0,0.3133990168571472
mlp,validation,2023-06,country_jp,country_ph,0.0,0.5609973669052124
mlp,validation,2023-07,country_jp,country_ph,0.0,0.3889049291610718
mlp,validation,2023-08,country_jp,country_ph,0.0,0.4387108087539673
mlp,validation,2023-09,country_jp,country_ph,0.0,0.4637918472290039
mlp,validation,2023-10,country_jp,country_ph,0.0,0.3660636842250824
mlp,validation,2023-11,country_jp,country_ph,0.0,0.401653915643692
mlp,validation,2023-12,country_jp,country_ph,0.0,0.32318493723869324
mlp,validation,2023-01,country_jp,country_sg,1.0,0.6449245810508728
mlp,validation,2023-02,country_jp,country_sg,0.0,0.608302652835846
mlp,validation,2023-03,country_jp,country_sg,1.0,0.3211750090122223
mlp,validation,2023-04,country_jp,country_sg,1.0,0.2831753194332123
mlp,validation,2023-05,country_jp,country_sg,0.0,0.36119723320007324
mlp,validation,2023-06,country_jp,country_sg,0.0,0.42404842376708984
mlp,validation,2023-07,country_jp,country_sg,0.0,0.299866646528244
mlp,validation,2023-08,country_jp,country_sg,0.0,0.40930885076522827
mlp,validation,2023-09,country_jp,country_sg,0.0,0.3636757731437683
mlp,validation,2023-10,country_jp,country_sg,0.0,0.3764079809188843
mlp,validation,2023-11,country_jp,country_sg,0.0,0.42320096492767334
mlp,validation,2023-12,country_jp,country_sg,0.0,0.3261803984642029
mlp,validation,2023-01,country_jp,country_th,0.0,0.3607715666294098
mlp,validation,2023-02,country_jp,country_th,0.0,0.4676428735256195
mlp,validation,2023-03,country_jp,country_th,0.0,0.31910020112991333
mlp,validation,2023-04,country_jp,country_th,0.0,0.319364070892334
mlp,validation,2023-05,country_jp,country_th,0.0,0.3030550181865692
mlp,validation,2023-06,country_jp,country_th,0.0,0.5277518033981323
mlp,validation,2023-07,country_jp,country_th,0.0,0.30676141381263733
mlp,validation,2023-08,country_jp,country_th,0.0,0.45655152201652527
mlp,validation,2023-09,country_jp,country_th,0.0,0.39360812306404114
mlp,validation,2023-10,country_jp,country_th,0.0,0.2899574935436249
mlp,validation,2023-11,country_jp,country_th,0.0,0.3146079480648041
mlp,validation,2023-12,country_jp,country_th,0.0,0.34358036518096924
mlp,validation,2023-01,country_jp,country_us,0.0,0.37592950463294983
mlp,validation,2023-02,country_jp,country_us,0.0,0.378004789352417
mlp,validation,2023-03,country_jp,country_us,0.0,0.3000546395778656
mlp,validation,2023-04,country_jp,country_us,0.0,0.32363325357437134
mlp,validation,2023-05,country_jp,country_us,0.0,0.29046401381492615
mlp,validation,2023-06,country_jp,country_us,0.0,0.41649073362350464
mlp,validation,2023-07,country_jp,country_us,0.0,0.3049854040145874
mlp,validation,2023-08,country_jp,country_us,0.0,0.3766946494579315
mlp,validation,2023-09,country_jp,country_us,0.0,0.36330342292785645
mlp,validation,2023-10,country_jp,country_us,0.0,0.29667243361473083
mlp,validation,2023-11,country_jp,country_us,0.0,0.3400347828865051
mlp,validation,2023-12,country_jp,country_us,1.0,0.3212171196937561
mlp,validation,2023-01,country_jp,country_vn,0.0,0.39202749729156494
mlp,validation,2023-02,country_jp,country_vn,1.0,0.41209936141967773
mlp,validation,2023-03,country_jp,country_vn,1.0,0.4011858403682709
mlp,validation,2023-04,country_jp,country_vn,1.0,0.43915078043937683
mlp,validation,2023-05,country_jp,country_vn,0.0,0.45611608028411865
mlp,validation,2023-06,country_jp,country_vn,0.0,0.42472589015960693
mlp,validation,2023-07,country_jp,country_vn,0.0,0.3465820550918579
mlp,validation,2023-08,country_jp,country_vn,0.0,0.39295461773872375
mlp,validation,2023-09,country_jp,country_vn,0.0,0.40452080965042114
mlp,validation,2023-10,country_jp,country_vn,0.0,0.33475494384765625
mlp,validation,2023-11,country_jp,country_vn,0.0,0.31748199462890625
mlp,validation,2023-01,country_kr,country_203,0.0,0.5576233863830566
mlp,validation,2023-02,country_kr,country_203,0.0,0.6883334517478943
mlp,validation,2023-03,country_kr,country_203,1.0,0.5146009922027588
mlp,validation,2023-04,country_kr,country_203,1.0,0.6995640397071838
mlp,validation,2023-05,country_kr,country_203,0.0,0.5115321278572083
mlp,validation,2023-06,country_kr,country_203,0.0,0.5230274796485901
mlp,validation,2023-07,country_kr,country_203,0.0,0.5112231373786926
mlp,validation,2023-08,country_kr,country_203,1.0,0.44995754957199097
mlp,validation,2023-09,country_kr,country_203,0.0,0.5243650674819946
mlp,validation,2023-10,country_kr,country_203,0.0,0.5504150986671448
mlp,validation,2023-11,country_kr,country_203,0.0,0.5711306929588318
mlp,validation,2023-12,country_kr,country_203,0.0,0.552376389503479
mlp,validation,2023-01,country_kr,country_344,1.0,0.5813571214675903
mlp,validation,2023-02,country_kr,country_344,1.0,0.5849012136459351
mlp,validation,2023-03,country_kr,country_344,1.0,0.3862481713294983
mlp,validation,2023-04,country_kr,country_344,1.0,0.45450013875961304
mlp,validation,2023-05,country_kr,country_344,0.0,0.4687618613243103
mlp,validation,2023-06,country_kr,country_344,0.0,0.41966545581817627
mlp,validation,2023-07,country_kr,country_344,0.0,0.4464585483074188
mlp,validation,2023-08,country_kr,country_344,0.0,0.4432464838027954
mlp,validation,2023-09,country_kr,country_344,0.0,0.4248056709766388
mlp,validation,2023-10,country_kr,country_344,0.0,0.4396483302116394
mlp,validation,2023-11,country_kr,country_344,0.0,0.4414619207382202
mlp,validation,2023-12,country_kr,country_344,0.0,0.4196905791759491
mlp,validation,2023-01,country_kr,country_372,1.0,0.7856147885322571
mlp,validation,2023-02,country_kr,country_372,0.0,0.7946381568908691
mlp,validation,2023-03,country_kr,country_372,0.0,0.6423912644386292
mlp,validation,2023-04,country_kr,country_372,0.0,0.7936831712722778
mlp,validation,2023-05,country_kr,country_372,1.0,0.6536505222320557
mlp,validation,2023-06,country_kr,country_372,0.0,0.6503227949142456
mlp,validation,2023-07,country_kr,country_372,0.0,0.6261968612670898
mlp,validation,2023-08,country_kr,country_372,0.0,0.681442141532898
mlp,validation,2023-09,country_kr,country_372,1.0,0.7534031867980957
mlp,validation,2023-10,country_kr,country_372,0.0,0.7232469916343689
mlp,validation,2023-11,country_kr,country_372,1.0,0.5720683932304382
mlp,validation,2023-12,country_kr,country_372,1.0,0.6894665956497192
mlp,validation,2023-01,country_kr,country_380,0.0,0.5973555445671082
mlp,validation,2023-02,country_kr,country_380,0.0,0.5914114117622375
mlp,validation,2023-03,country_kr,country_380,0.0,0.5779794454574585
mlp,validation,2023-04,country_kr,country_380,1.0,0.6674627065658569
mlp,validation,2023-05,country_kr,country_380,1.0,0.5888871550559998
mlp,validation,2023-06,country_kr,country_380,0.0,0.6665289402008057
mlp,validation,2023-07,country_kr,country_380,0.0,0.6472759246826172
mlp,validation,2023-08,country_kr,country_380,1.0,0.7087676525115967
mlp,validation,2023-09,country_kr,country_380,1.0,0.6066576838493347
mlp,validation,2023-10,country_kr,country_380,0.0,0.6207349896430969
mlp,validation,2023-11,country_kr,country_380,1.0,0.6607159972190857
mlp,validation,2023-12,country_kr,country_380,0.0,0.7234933376312256
mlp,validation,2023-01,country_kr,country_cn,1.0,0.5704469084739685
mlp,validation,2023-02,country_kr,country_cn,0.0,0.47851088643074036
mlp,validation,2023-03,country_kr,country_cn,1.0,0.24800005555152893
mlp,validation,2023-04,country_kr,country_cn,1.0,0.30431827902793884
mlp,validation,2023-05,country_kr,country_cn,0.0,0.29717734456062317
mlp,validation,2023-06,country_kr,country_cn,0.0,0.26233208179473877
mlp,validation,2023-07,country_kr,country_cn,0.0,0.27152785658836365
mlp,validation,2023-08,country_kr,country_cn,0.0,0.2775104343891144
mlp,validation,2023-09,country_kr,country_cn,0.0,0.2744435966014862
mlp,validation,2023-10,country_kr,country_cn,0.0,0.2790905833244324
mlp,validation,2023-11,country_kr,country_cn,0.0,0.276885449886322
mlp,validation,2023-12,country_kr,country_cn,0.0,0.268807053565979
mlp,validation,2023-01,country_kr,country_de,0.0,0.40159842371940613
mlp,validation,2023-02,country_kr,country_de,0.0,0.4507606029510498
mlp,validation,2023-03,country_kr,country_de,0.0,0.31295472383499146
mlp,validation,2023-04,country_kr,country_de,0.0,0.37563657760620117
mlp,validation,2023-05,country_kr,country_de,0.0,0.3073805272579193
mlp,validation,2023-06,country_kr,country_de,0.0,0.3499780297279358
mlp,validation,2023-07,country_kr,country_de,0.0,0.37153151631355286
mlp,validation,2023-08,country_kr,country_de,0.0,0.3258748948574066
mlp,validation,2023-09,country_kr,country_de,0.0,0.3842698037624359
mlp,validation,2023-10,country_kr,country_de,0.0,0.3942060172557831
mlp,validation,2023-11,country_kr,country_de,0.0,0.4656831622123718
mlp,validation,2023-12,country_kr,country_de,0.0,0.49928125739097595
mlp,validation,2023-01,country_kr,country_fr,0.0,0.44400638341903687
mlp,validation,2023-02,country_kr,country_fr,0.0,0.5431421399116516
mlp,validation,2023-03,country_kr,country_fr,0.0,0.31350791454315186
mlp,validation,2023-04,country_kr,country_fr,0.0,0.3675411641597748
mlp,validation,2023-05,country_kr,country_fr,0.0,0.33102309703826904
mlp,validation,2023-06,country_kr,country_fr,0.0,0.29766711592674255
mlp,validation,2023-07,country_kr,country_fr,0.0,0.5292107462882996
mlp,validation,2023-08,country_kr,country_fr,0.0,0.5805138349533081
mlp,validation,2023-09,country_kr,country_fr,0.0,0.4860791265964508
mlp,validation,2023-10,country_kr,country_fr,1.0,0.3291270136833191
mlp,validation,2023-11,country_kr,country_fr,1.0,0.5224170088768005
mlp,validation,2023-12,country_kr,country_fr,0.0,0.472091406583786
mlp,validation,2023-01,country_kr,country_gb,0.0,0.48358824849128723
mlp,validation,2023-02,country_kr,country_gb,0.0,0.5917001962661743
mlp,validation,2023-03,country_kr,country_gb,0.0,0.3515615165233612
mlp,validation,2023-04,country_kr,country_gb,0.0,0.5045297741889954
mlp,validation,2023-05,country_kr,country_gb,0.0,0.33472752571105957
mlp,validation,2023-06,country_kr,country_gb,0.0,0.3818238079547882
mlp,validation,2023-07,country_kr,country_gb,0.0,0.3610364496707916
mlp,validation,2023-08,country_kr,country_gb,0.0,0.5246561169624329
mlp,validation,2023-09,country_kr,country_gb,0.0,0.5240236520767212
mlp,validation,2023-10,country_kr,country_gb,0.0,0.32586002349853516
mlp,validation,2023-11,country_kr,country_gb,0.0,0.46684613823890686
mlp,validation,2023-12,country_kr,country_gb,0.0,0.3638414144515991
mlp,validation,2023-01,country_kr,country_in,0.0,0.3508364260196686
mlp,validation,2023-02,country_kr,country_in,0.0,0.3363821506500244
mlp,validation,2023-03,country_kr,country_in,0.0,0.25240200757980347
mlp,validation,2023-04,country_kr,country_in,0.0,0.32969826459884644
mlp,validation,2023-05,country_kr,country_in,1.0,0.298615962266922
mlp,validation,2023-06,country_kr,country_in,0.0,0.3118276000022888
mlp,validation,2023-07,country_kr,country_in,0.0,0.26743727922439575
mlp,validation,2023-08,country_kr,country_in,0.0,0.27256083488464355
mlp,validation,2023-09,country_kr,country_in,0.0,0.29112473130226135
mlp,validation,2023-10,country_kr,country_in,0.0,0.3339305818080902
mlp,validation,2023-11,country_kr,country_in,0.0,0.37851783633232117
mlp,validation,2023-12,country_kr,country_in,0.0,0.26821449398994446
mlp,validation,2023-01,country_kr,country_jp,1.0,0.5300350189208984
mlp,validation,2023-02,country_kr,country_jp,1.0,0.45351219177246094
mlp,validation,2023-03,country_kr,country_jp,0.0,0.3728036880493164
mlp,validation,2023-04,country_kr,country_jp,0.0,0.37113943696022034
mlp,validation,2023-05,country_kr,country_jp,0.0,0.3136221468448639
mlp,validation,2023-06,country_kr,country_jp,0.0,0.5193188190460205
mlp,validation,2023-07,country_kr,country_jp,0.0,0.34872177243232727
mlp,validation,2023-08,country_kr,country_jp,1.0,0.4282883405685425
mlp,validation,2023-09,country_kr,country_jp,0.0,0.45072126388549805
mlp,validation,2023-10,country_kr,country_jp,0.0,0.31367620825767517
mlp,validation,2023-11,country_kr,country_jp,0.0,0.3194657266139984
mlp,validation,2023-12,country_kr,country_jp,0.0,0.3059263527393341
mlp,validation,2023-01,country_kr,country_mx,0.0,0.5619338154792786
mlp,validation,2023-02,country_kr,country_mx,0.0,0.45723554491996765
mlp,validation,2023-03,country_kr,country_mx,0.0,0.28179606795310974
mlp,validation,2023-04,country_kr,country_mx,0.0,0.3251168727874756
mlp,validation,2023-05,country_kr,country_mx,0.0,0.3246881365776062
mlp,validation,2023-06,country_kr,country_mx,0.0,0.29996466636657715
mlp,validation,2023-07,country_kr,country_mx,0.0,0.37268558144569397
mlp,validation,2023-08,country_kr,country_mx,0.0,0.30327698588371277
mlp,validation,2023-09,country_kr,country_mx,0.0,0.3874334394931793
mlp,validation,2023-10,country_kr,country_mx,0.0,0.3290778398513794
mlp,validation,2023-11,country_kr,country_mx,0.0,0.3037586510181427
mlp,validation,2023-12,country_kr,country_mx,1.0,0.4750165641307831
mlp,validation,2023-01,country_kr,country_my,0.0,0.5283824801445007
mlp,validation,2023-02,country_kr,country_my,0.0,0.4647553861141205
mlp,validation,2023-03,country_kr,country_my,1.0,0.29892298579216003
mlp,validation,2023-04,country_kr,country_my,0.0,0.4468390643596649
mlp,validation,2023-05,country_kr,country_my,0.0,0.32095032930374146
mlp,validation,2023-06,country_kr,country_my,1.0,0.413755863904953
mlp,validation,2023-07,country_kr,country_my,0.0,0.3280147910118103
mlp,validation,2023-08,country_kr,country_my,0.0,0.307461678981781
mlp,validation,2023-09,country_kr,country_my,0.0,0.3032189905643463
mlp,validation,2023-10,country_kr,country_my,0.0,0.32330408692359924
mlp,validation,2023-11,country_kr,country_my,0.0,0.3067937195301056
mlp,validation,2023-12,country_kr,country_my,1.0,0.3108198344707489
mlp,validation,2023-01,country_kr,country_ph,1.0,0.48114025592803955
mlp,validation,2023-02,country_kr,country_ph,1.0,0.4842098355293274
mlp,validation,2023-03,country_kr,country_ph,1.0,0.3244406282901764
mlp,validation,2023-04,country_kr,country_ph,0.0,0.4193207919597626
mlp,validation,2023-05,country_kr,country_ph,1.0,0.3024824559688568
mlp,validation,2023-06,country_kr,country_ph,1.0,0.39791426062583923
mlp,validation,2023-07,country_kr,country_ph,0.0,0.3705090284347534
mlp,validation,2023-08,country_kr,country_ph,1.0,0.33765801787376404
mlp,validation,2023-09,country_kr,country_ph,0.0,0.3774944841861725
mlp,validation,2023-10,country_kr,country_ph,1.0,0.3651825487613678
mlp,validation,2023-11,country_kr,country_ph,0.0,0.40314212441444397
mlp,validation,2023-12,country_kr,country_ph,0.0,0.3142964541912079
mlp,validation,2023-01,country_kr,country_th,1.0,0.3594760596752167
mlp,validation,2023-02,country_kr,country_th,1.0,0.505715012550354
mlp,validation,2023-03,country_kr,country_th,0.0,0.3027524948120117
mlp,validation,2023-04,country_kr,country_th,1.0,0.38952362537384033
mlp,validation,2023-05,country_kr,country_th,0.0,0.3086583614349365
mlp,validation,2023-06,country_kr,country_th,0.0,0.38347163796424866
mlp,validation,2023-07,country_kr,country_th,0.0,0.3004895746707916
mlp,validation,2023-08,country_kr,country_th,0.0,0.3636844754219055
mlp,validation,2023-09,country_kr,country_th,0.0,0.32835906744003296
mlp,validation,2023-10,country_kr,country_th,0.0,0.29923319816589355
mlp,validation,2023-11,country_kr,country_th,0.0,0.32657575607299805
mlp,validation,2023-12,country_kr,country_th,0.0,0.34524059295654297
mlp,validation,2023-01,country_kr,country_us,0.0,0.35695716738700867
mlp,validation,2023-02,country_kr,country_us,0.0,0.37471628189086914
mlp,validation,2023-03,country_kr,country_us,1.0,0.2698928117752075
mlp,validation,2023-04,country_kr,country_us,1.0,0.34927085041999817
mlp,validation,2023-05,country_kr,country_us,0.0,0.2734857499599457
mlp,validation,2023-06,country_kr,country_us,0.0,0.29582059383392334
mlp,validation,2023-07,country_kr,country_us,0.0,0.2817341089248657
mlp,validation,2023-08,country_kr,country_us,1.0,0.3000835180282593
mlp,validation,2023-09,country_kr,country_us,0.0,0.30744343996047974
mlp,validation,2023-10,country_kr,country_us,1.0,0.2853522002696991
mlp,validation,2023-11,country_kr,country_us,1.0,0.34480568766593933
mlp,validation,2023-12,country_kr,country_us,1.0,0.3198576271533966
mlp,validation,2023-01,country_kr,country_vn,1.0,0.3754485547542572
mlp,validation,2023-02,country_kr,country_vn,0.0,0.41024845838546753
mlp,validation,2023-03,country_kr,country_vn,1.0,0.31923502683639526
mlp,validation,2023-04,country_kr,country_vn,1.0,0.4640596807003021
mlp,validation,2023-05,country_kr,country_vn,1.0,0.423220157623291
mlp,validation,2023-06,country_kr,country_vn,1.0,0.31029012799263
mlp,validation,2023-07,country_kr,country_vn,0.0,0.30311211943626404
mlp,validation,2023-08,country_kr,country_vn,0.0,0.3057970404624939
mlp,validation,2023-09,country_kr,country_vn,0.0,0.30377674102783203
mlp,validation,2023-10,country_kr,country_vn,0.0,0.3245970606803894
mlp,validation,2023-11,country_kr,country_vn,0.0,0.30877113342285156
mlp,validation,2023-01,country_mx,country_203,0.0,0.6622920632362366
mlp,validation,2023-02,country_mx,country_203,0.0,0.7419713735580444
mlp,validation,2023-03,country_mx,country_203,0.0,0.6103074550628662
mlp,validation,2023-04,country_mx,country_203,0.0,0.710176944732666
mlp,validation,2023-05,country_mx,country_203,1.0,0.6075311899185181
mlp,validation,2023-06,country_mx,country_203,1.0,0.6414412260055542
mlp,validation,2023-07,country_mx,country_203,1.0,0.6605662703514099
mlp,validation,2023-08,country_mx,country_203,0.0,0.5651628971099854
mlp,validation,2023-09,country_mx,country_203,0.0,0.6086722016334534
mlp,validation,2023-10,country_mx,country_203,1.0,0.6651403307914734
mlp,validation,2023-11,country_mx,country_203,1.0,0.7028272151947021
mlp,validation,2023-12,country_mx,country_203,1.0,0.7201172113418579
mlp,validation,2023-01,country_mx,country_344,1.0,0.6857602596282959
mlp,validation,2023-02,country_mx,country_344,1.0,0.6604679226875305
mlp,validation,2023-03,country_mx,country_344,1.0,0.4901251792907715
mlp,validation,2023-04,country_mx,country_344,1.0,0.5846713781356812
mlp,validation,2023-05,country_mx,country_344,1.0,0.5600965023040771
mlp,validation,2023-06,country_mx,country_344,0.0,0.5407460927963257
mlp,validation,2023-07,country_mx,country_344,0.0,0.5688217878341675
mlp,validation,2023-08,country_mx,country_344,0.0,0.5290239453315735
mlp,validation,2023-09,country_mx,country_344,0.0,0.5447461009025574
mlp,validation,2023-10,country_mx,country_344,1.0,0.5401110649108887
mlp,validation,2023-11,country_mx,country_344,0.0,0.5622857213020325
mlp,validation,2023-12,country_mx,country_344,0.0,0.5711144804954529
mlp,validation,2023-01,country_mx,country_372,1.0,0.8258965611457825
mlp,validation,2023-02,country_mx,country_372,1.0,0.8261079788208008
mlp,validation,2023-03,country_mx,country_372,1.0,0.701834499835968
mlp,validation,2023-04,country_mx,country_372,1.0,0.8073117136955261
mlp,validation,2023-05,country_mx,country_372,1.0,0.7124955058097839
mlp,validation,2023-06,country_mx,country_372,0.0,0.7184571623802185
mlp,validation,2023-07,country_mx,country_372,0.0,0.6777580976486206
mlp,validation,2023-08,country_mx,country_372,0.0,0.7234185338020325
mlp,validation,2023-09,country_mx,country_372,0.0,0.7771849036216736
mlp,validation,2023-10,country_mx,country_372,1.0,0.756419837474823
mlp,validation,2023-11,country_mx,country_372,1.0,0.6830124258995056
mlp,validation,2023-12,country_mx,country_372,0.0,0.7593221068382263
mlp,validation,2023-01,country_mx,country_380,0.0,0.6635928153991699
mlp,validation,2023-02,country_mx,country_380,0.0,0.6293114423751831
mlp,validation,2023-03,country_mx,country_380,0.0,0.6140575408935547
mlp,validation,2023-04,country_mx,country_380,0.0,0.6844331622123718
mlp,validation,2023-05,country_mx,country_380,0.0,0.6330393552780151
mlp,validation,2023-06,country_mx,country_380,1.0,0.6753650307655334
mlp,validation,2023-07,country_mx,country_380,1.0,0.7309490442276001
mlp,validation,2023-08,country_mx,country_380,0.0,0.7561562061309814
mlp,validation,2023-09,country_mx,country_380,0.0,0.6529603600502014
mlp,validation,2023-10,country_mx,country_380,1.0,0.6368201971054077
mlp,validation,2023-11,country_mx,country_380,0.0,0.7287506461143494
mlp,validation,2023-12,country_mx,country_380,0.0,0.7670263051986694
mlp,validation,2023-01,country_mx,country_cn,1.0,0.6453210115432739
mlp,validation,2023-02,country_mx,country_cn,1.0,0.554887056350708
mlp,validation,2023-03,country_mx,country_cn,0.0,0.29126229882240295
mlp,validation,2023-04,country_mx,country_cn,0.0,0.34801948070526123
mlp,validation,2023-05,country_mx,country_cn,0.0,0.3388732373714447
mlp,validation,2023-06,country_mx,country_cn,0.0,0.30924585461616516
mlp,validation,2023-07,country_mx,country_cn,0.0,0.3649829030036926
mlp,validation,2023-08,country_mx,country_cn,0.0,0.32090476155281067
mlp,validation,2023-09,country_mx,country_cn,0.0,0.353745698928833
mlp,validation,2023-10,country_mx,country_cn,0.0,0.32438915967941284
mlp,validation,2023-11,country_mx,country_cn,0.0,0.31721073389053345
mlp,validation,2023-12,country_mx,country_cn,0.0,0.40901321172714233
mlp,validation,2023-01,country_mx,country_de,0.0,0.505048930644989
mlp,validation,2023-02,country_mx,country_de,0.0,0.507987916469574
mlp,validation,2023-03,country_mx,country_de,0.0,0.35929906368255615
mlp,validation,2023-04,country_mx,country_de,0.0,0.41998887062072754
mlp,validation,2023-05,country_mx,country_de,1.0,0.3413335084915161
mlp,validation,2023-06,country_mx,country_de,0.0,0.409280002117157
mlp,validation,2023-07,country_mx,country_de,0.0,0.5261207222938538
mlp,validation,2023-08,country_mx,country_de,1.0,0.3903926908969879
mlp,validation,2023-09,country_mx,country_de,0.0,0.5321288108825684
mlp,validation,2023-10,country_mx,country_de,1.0,0.47674083709716797
mlp,validation,2023-11,country_mx,country_de,1.0,0.5095388889312744
mlp,validation,2023-12,country_mx,country_de,1.0,0.6418379545211792
mlp,validation,2023-01,country_mx,country_fr,0.0,0.6318681240081787
mlp,validation,2023-02,country_mx,country_fr,0.0,0.6231401562690735
mlp,validation,2023-03,country_mx,country_fr,1.0,0.37614214420318604
mlp,validation,2023-04,country_mx,country_fr,0.0,0.4991583824157715
mlp,validation,2023-05,country_mx,country_fr,0.0,0.44163021445274353
mlp,validation,2023-06,country_mx,country_fr,1.0,0.38788333535194397
mlp,validation,2023-07,country_mx,country_fr,1.0,0.6700534224510193
mlp,validation,2023-08,country_mx,country_fr,1.0,0.664309024810791
mlp,validation,2023-09,country_mx,country_fr,0.0,0.645757257938385
mlp,validation,2023-10,country_mx,country_fr,1.0,0.45237547159194946
mlp,validation,2023-11,country_mx,country_fr,1.0,0.6090548634529114
mlp,validation,2023-12,country_mx,country_fr,0.0,0.6719284057617188
mlp,validation,2023-01,country_mx,country_gb,1.0,0.612357497215271
mlp,validation,2023-02,country_mx,country_gb,0.0,0.639638364315033
mlp,validation,2023-03,country_mx,country_gb,0.0,0.43231308460235596
mlp,validation,2023-04,country_mx,country_gb,1.0,0.4936022162437439
mlp,validation,2023-05,country_mx,country_gb,1.0,0.422058641910553
mlp,validation,2023-06,country_mx,country_gb,0.0,0.48625439405441284
mlp,validation,2023-07,country_mx,country_gb,0.0,0.5532731413841248
mlp,validation,2023-08,country_mx,country_gb,1.0,0.6032766103744507
mlp,validation,2023-09,country_mx,country_gb,1.0,0.6585890054702759
mlp,validation,2023-10,country_mx,country_gb,1.0,0.41766107082366943
mlp,validation,2023-11,country_mx,country_gb,1.0,0.5561044216156006
mlp,validation,2023-12,country_mx,country_gb,1.0,0.6393554210662842
mlp,validation,2023-01,country_mx,country_in,0.0,0.45457762479782104
mlp,validation,2023-02,country_mx,country_in,0.0,0.37769800424575806
mlp,validation,2023-03,country_mx,country_in,0.0,0.29627522826194763
mlp,validation,2023-04,country_mx,country_in,0.0,0.38837701082229614
mlp,validation,2023-05,country_mx,country_in,0.0,0.326536625623703
mlp,validation,2023-06,country_mx,country_in,0.0,0.35563284158706665
mlp,validation,2023-07,country_mx,country_in,0.0,0.3604757785797119
mlp,validation,2023-08,country_mx,country_in,0.0,0.31818440556526184
mlp,validation,2023-09,country_mx,country_in,1.0,0.38834935426712036
mlp,validation,2023-10,country_mx,country_in,0.0,0.418512225151062
mlp,validation,2023-11,country_mx,country_in,0.0,0.403616338968277
mlp,validation,2023-12,country_mx,country_in,0.0,0.40770968794822693
mlp,validation,2023-01,country_mx,country_jp,1.0,0.6223876476287842
mlp,validation,2023-02,country_mx,country_jp,1.0,0.5507168173789978
mlp,validation,2023-03,country_mx,country_jp,1.0,0.46104201674461365
mlp,validation,2023-04,country_mx,country_jp,1.0,0.4520246386528015
mlp,validation,2023-05,country_mx,country_jp,1.0,0.3704206943511963
mlp,validation,2023-06,country_mx,country_jp,0.0,0.5806787014007568
mlp,validation,2023-07,country_mx,country_jp,1.0,0.5227255821228027
mlp,validation,2023-08,country_mx,country_jp,0.0,0.5337147116661072
mlp,validation,2023-09,country_mx,country_jp,0.0,0.5970538854598999
mlp,validation,2023-10,country_mx,country_jp,1.0,0.3938216269016266
mlp,validation,2023-11,country_mx,country_jp,0.0,0.3921600580215454
mlp,validation,2023-12,country_mx,country_jp,1.0,0.5063452124595642
mlp,validation,2023-01,country_mx,country_kr,0.0,0.6332111358642578
mlp,validation,2023-02,country_mx,country_kr,1.0,0.5802149772644043
mlp,validation,2023-03,country_mx,country_kr,1.0,0.3964027762413025
mlp,validation,2023-04,country_mx,country_kr,0.0,0.5653259754180908
mlp,validation,2023-05,country_mx,country_kr,0.0,0.38065844774246216
mlp,validation,2023-06,country_mx,country_kr,0.0,0.4129292070865631
mlp,validation,2023-07,country_mx,country_kr,1.0,0.47925207018852234
mlp,validation,2023-08,country_mx,country_kr,1.0,0.418256014585495
mlp,validation,2023-09,country_mx,country_kr,1.0,0.5332963466644287
mlp,validation,2023-10,country_mx,country_kr,1.0,0.42135244607925415
mlp,validation,2023-11,country_mx,country_kr,1.0,0.4410392642021179
mlp,validation,2023-12,country_mx,country_kr,1.0,0.5984224677085876
mlp,validation,2023-01,country_mx,country_my,1.0,0.651807963848114
mlp,validation,2023-02,country_mx,country_my,0.0,0.6222449541091919
mlp,validation,2023-03,country_mx,country_my,1.0,0.3419463336467743
mlp,validation,2023-04,country_mx,country_my,1.0,0.5595130324363708
mlp,validation,2023-05,country_mx,country_my,1.0,0.42983314394950867
mlp,validation,2023-06,country_mx,country_my,1.0,0.5760229825973511
mlp,validation,2023-07,country_mx,country_my,0.0,0.5488025546073914
mlp,validation,2023-08,country_mx,country_my,0.0,0.42016181349754333
mlp,validation,2023-09,country_mx,country_my,0.0,0.46613559126853943
mlp,validation,2023-10,country_mx,country_my,0.0,0.40254366397857666
mlp,validation,2023-11,country_mx,country_my,1.0,0.4016895890235901
mlp,validation,2023-12,country_mx,country_my,1.0,0.6151849627494812
mlp,validation,2023-01,country_mx,country_ph,0.0,0.6896376013755798
mlp,validation,2023-02,country_mx,country_ph,0.0,0.6198818683624268
mlp,validation,2023-03,country_mx,country_ph,1.0,0.45909541845321655
mlp,validation,2023-04,country_mx,country_ph,0.0,0.6179730892181396
mlp,validation,2023-05,country_mx,country_ph,0.0,0.4277395009994507
mlp,validation,2023-06,country_mx,country_ph,0.0,0.5709893107414246
mlp,validation,2023-07,country_mx,country_ph,0.0,0.6223935484886169
mlp,validation,2023-08,country_mx,country_ph,1.0,0.5028037428855896
mlp,validation,2023-09,country_mx,country_ph,0.0,0.6235994100570679
mlp,validation,2023-10,country_mx,country_ph,1.0,0.4956571161746979
mlp,validation,2023-11,country_mx,country_ph,0.0,0.6250083446502686
mlp,validation,2023-12,country_mx,country_ph,1.0,0.6200771331787109
mlp,validation,2023-01,country_mx,country_sg,0.0,0.7021843791007996
mlp,validation,2023-02,country_mx,country_sg,0.0,0.6620121598243713
mlp,validation,2023-03,country_mx,country_sg,0.0,0.34688007831573486
mlp,validation,2023-04,country_mx,country_sg,0.0,0.387037992477417
mlp,validation,2023-05,country_mx,country_sg,0.0,0.42035725712776184
mlp,validation,2023-06,country_mx,country_sg,0.0,0.38138946890830994
mlp,validation,2023-07,country_mx,country_sg,1.0,0.40483716130256653
mlp,validation,2023-08,country_mx,country_sg,1.0,0.3925763666629791
mlp,validation,2023-09,country_mx,country_sg,0.0,0.42703333497047424
mlp,validation,2023-10,country_mx,country_sg,1.0,0.4757179021835327
mlp,validation,2023-11,country_mx,country_sg,1.0,0.5254969596862793
mlp,validation,2023-12,country_mx,country_sg,0.0,0.5535385012626648
mlp,validation,2023-01,country_mx,country_th,0.0,0.5174643993377686
mlp,validation,2023-02,country_mx,country_th,0.0,0.6110139489173889
mlp,validation,2023-03,country_mx,country_th,0.0,0.3954317569732666
mlp,validation,2023-04,country_mx,country_th,0.0,0.4740106463432312
mlp,validation,2023-05,country_mx,country_th,0.0,0.3770090341567993
mlp,validation,2023-06,country_mx,country_th,1.0,0.5084713697433472
mlp,validation,2023-07,country_mx,country_th,0.0,0.484942764043808
mlp,validation,2023-08,country_mx,country_th,0.0,0.4802483320236206
mlp,validation,2023-09,country_mx,country_th,0.0,0.4871028661727905
mlp,validation,2023-10,country_mx,country_th,0.0,0.3947143256664276
mlp,validation,2023-11,country_mx,country_th,0.0,0.40590986609458923
mlp,validation,2023-12,country_mx,country_th,1.0,0.58437579870224
mlp,validation,2023-01,country_mx,country_us,1.0,0.3985389173030853
mlp,validation,2023-02,country_mx,country_us,0.0,0.39112040400505066
mlp,validation,2023-03,country_mx,country_us,1.0,0.2803390324115753
mlp,validation,2023-04,country_mx,country_us,0.0,0.3534204363822937
mlp,validation,2023-05,country_mx,country_us,0.0,0.28391578793525696
mlp,validation,2023-06,country_mx,country_us,0.0,0.3053450286388397
mlp,validation,2023-07,country_mx,country_us,0.0,0.3441586196422577
mlp,validation,2023-08,country_mx,country_us,0.0,0.31263890862464905
mlp,validation,2023-09,country_mx,country_us,0.0,0.3490106463432312
mlp,validation,2023-10,country_mx,country_us,0.0,0.29868200421333313
mlp,validation,2023-11,country_mx,country_us,0.0,0.3392006754875183
mlp,validation,2023-12,country_mx,country_us,0.0,0.3989400863647461
mlp,validation,2023-01,country_mx,country_vn,1.0,0.5528923273086548
mlp,validation,2023-02,country_mx,country_vn,1.0,0.5338063836097717
mlp,validation,2023-03,country_mx,country_vn,1.0,0.43322256207466125
mlp,validation,2023-04,country_mx,country_vn,0.0,0.5508070588111877
mlp,validation,2023-05,country_mx,country_vn,0.0,0.5346198678016663
mlp,validation,2023-06,country_mx,country_vn,0.0,0.3936060965061188
mlp,validation,2023-07,country_mx,country_vn,0.0,0.43317079544067383
mlp,validation,2023-08,country_mx,country_vn,0.0,0.38267141580581665
mlp,validation,2023-09,country_mx,country_vn,0.0,0.42651212215423584
mlp,validation,2023-10,country_mx,country_vn,0.0,0.4037933349609375
mlp,validation,2023-11,country_mx,country_vn,0.0,0.36796337366104126
mlp,validation,2023-01,country_my,country_203,1.0,0.5488415360450745
mlp,validation,2023-02,country_my,country_203,0.0,0.6761842966079712
mlp,validation,2023-03,country_my,country_203,1.0,0.48783785104751587
mlp,validation,2023-04,country_my,country_203,0.0,0.6448652744293213
mlp,validation,2023-05,country_my,country_203,1.0,0.4713362157344818
mlp,validation,2023-06,country_my,country_203,0.0,0.5347740650177002
mlp,validation,2023-07,country_my,country_203,0.0,0.47201016545295715
mlp,validation,2023-08,country_my,country_203,0.0,0.40251049399375916
mlp,validation,2023-09,country_my,country_203,0.0,0.4692882001399994
mlp,validation,2023-10,country_my,country_203,0.0,0.5249732732772827
mlp,validation,2023-11,country_my,country_203,0.0,0.5119915008544922
mlp,validation,2023-12,country_my,country_203,0.0,0.5220053195953369
mlp,validation,2023-01,country_my,country_344,1.0,0.600750207901001
mlp,validation,2023-02,country_my,country_344,0.0,0.5740298628807068
mlp,validation,2023-03,country_my,country_344,0.0,0.38556787371635437
mlp,validation,2023-04,country_my,country_344,0.0,0.4476088583469391
mlp,validation,2023-05,country_my,country_344,0.0,0.4770798683166504
mlp,validation,2023-06,country_my,country_344,0.0,0.45957913994789124
mlp,validation,2023-07,country_my,country_344,1.0,0.4440755844116211
mlp,validation,2023-08,country_my,country_344,0.0,0.4517430365085602
mlp,validation,2023-09,country_my,country_344,0.0,0.42440131306648254
mlp,validation,2023-10,country_my,country_344,0.0,0.43770214915275574
mlp,validation,2023-11,country_my,country_344,0.0,0.4468950629234314
mlp,validation,2023-12,country_my,country_344,0.0,0.4378744661808014
mlp,validation,2023-01,country_my,country_372,1.0,0.7470903396606445
mlp,validation,2023-02,country_my,country_372,0.0,0.7447634339332581
mlp,validation,2023-03,country_my,country_372,1.0,0.5562483668327332
mlp,validation,2023-04,country_my,country_372,0.0,0.7363682389259338
mlp,validation,2023-05,country_my,country_372,0.0,0.5500033497810364
mlp,validation,2023-06,country_my,country_372,0.0,0.5366389751434326
mlp,validation,2023-07,country_my,country_372,1.0,0.5482226014137268
mlp,validation,2023-08,country_my,country_372,0.0,0.6339238882064819
mlp,validation,2023-09,country_my,country_372,0.0,0.6745928525924683
mlp,validation,2023-10,country_my,country_372,0.0,0.6490952968597412
mlp,validation,2023-11,country_my,country_372,0.0,0.45324021577835083
mlp,validation,2023-12,country_my,country_372,0.0,0.5819223523139954
mlp,validation,2023-01,country_my,country_380,0.0,0.6216607689857483
mlp,validation,2023-02,country_my,country_380,0.0,0.5750309824943542
mlp,validation,2023-03,country_my,country_380,0.0,0.5696954131126404
mlp,validation,2023-04,country_my,country_380,0.0,0.6541393995285034
mlp,validation,2023-05,country_my,country_380,0.0,0.5773042440414429
mlp,validation,2023-06,country_my,country_380,1.0,0.664885938167572
mlp,validation,2023-07,country_my,country_380,1.0,0.6541494131088257
mlp,validation,2023-08,country_my,country_380,0.0,0.7198108434677124
mlp,validation,2023-09,country_my,country_380,1.0,0.5909978151321411
mlp,validation,2023-10,country_my,country_380,1.0,0.6081328988075256
mlp,validation,2023-11,country_my,country_380,1.0,0.6614112257957458
mlp,validation,2023-12,country_my,country_380,0.0,0.7197911143302917
mlp,validation,2023-01,country_my,country_cn,1.0,0.5982390642166138
mlp,validation,2023-02,country_my,country_cn,0.0,0.4877834916114807
mlp,validation,2023-03,country_my,country_cn,1.0,0.2618836462497711
mlp,validation,2023-04,country_my,country_cn,1.0,0.3133348524570465
mlp,validation,2023-05,country_my,country_cn,0.0,0.3228241801261902
mlp,validation,2023-06,country_my,country_cn,0.0,0.32578763365745544
mlp,validation,2023-07,country_my,country_cn,0.0,0.284542977809906
mlp,validation,2023-08,country_my,country_cn,0.0,0.29228368401527405
mlp,validation,2023-09,country_my,country_cn,0.0,0.2903236150741577
mlp,validation,2023-10,country_my,country_cn,0.0,0.2844831049442291
mlp,validation,2023-11,country_my,country_cn,0.0,0.28482693433761597
mlp,validation,2023-12,country_my,country_cn,0.0,0.28843098878860474
mlp,validation,2023-01,country_my,country_de,0.0,0.4213782250881195
mlp,validation,2023-02,country_my,country_de,0.0,0.4084247350692749
mlp,validation,2023-03,country_my,country_de,0.0,0.3053992986679077
mlp,validation,2023-04,country_my,country_de,0.0,0.3497812747955322
mlp,validation,2023-05,country_my,country_de,0.0,0.30800867080688477
mlp,validation,2023-06,country_my,country_de,0.0,0.4127236306667328
mlp,validation,2023-07,country_my,country_de,0.0,0.35894328355789185
mlp,validation,2023-08,country_my,country_de,0.0,0.31367531418800354
mlp,validation,2023-09,country_my,country_de,0.0,0.36458620429039
mlp,validation,2023-10,country_my,country_de,0.0,0.3740854859352112
mlp,validation,2023-11,country_my,country_de,0.0,0.4302237331867218
mlp,validation,2023-12,country_my,country_de,0.0,0.48623523116111755
mlp,validation,2023-01,country_my,country_fr,0.0,0.4813424050807953
mlp,validation,2023-02,country_my,country_fr,1.0,0.5118266940116882
mlp,validation,2023-03,country_my,country_fr,1.0,0.3156694769859314
mlp,validation,2023-04,country_my,country_fr,0.0,0.3642207980155945
mlp,validation,2023-05,country_my,country_fr,0.0,0.3441937267780304
mlp,validation,2023-06,country_my,country_fr,1.0,0.36225882172584534
mlp,validation,2023-07,country_my,country_fr,1.0,0.5321168303489685
mlp,validation,2023-08,country_my,country_fr,1.0,0.5695514678955078
mlp,validation,2023-09,country_my,country_fr,1.0,0.4570283889770508
mlp,validation,2023-10,country_my,country_fr,1.0,0.3221995532512665
mlp,validation,2023-11,country_my,country_fr,1.0,0.4891544282436371
mlp,validation,2023-12,country_my,country_fr,1.0,0.45647552609443665
mlp,validation,2023-01,country_my,country_gb,1.0,0.4805118143558502
mlp,validation,2023-02,country_my,country_gb,0.0,0.5674363374710083
mlp,validation,2023-03,country_my,country_gb,0.0,0.3437982201576233
mlp,validation,2023-04,country_my,country_gb,0.0,0.4397526979446411
mlp,validation,2023-05,country_my,country_gb,0.0,0.34014806151390076
mlp,validation,2023-06,country_my,country_gb,0.0,0.4717199504375458
mlp,validation,2023-07,country_my,country_gb,1.0,0.35675132274627686
mlp,validation,2023-08,country_my,country_gb,1.0,0.5106707811355591
mlp,validation,2023-09,country_my,country_gb,0.0,0.4976100027561188
mlp,validation,2023-10,country_my,country_gb,1.0,0.3054833710193634
mlp,validation,2023-11,country_my,country_gb,1.0,0.42854398488998413
mlp,validation,2023-12,country_my,country_gb,0.0,0.3852982521057129
mlp,validation,2023-01,country_my,country_in,0.0,0.4111824631690979
mlp,validation,2023-02,country_my,country_in,0.0,0.3459053635597229
mlp,validation,2023-03,country_my,country_in,0.0,0.2679949700832367
mlp,validation,2023-04,country_my,country_in,0.0,0.32870933413505554
mlp,validation,2023-05,country_my,country_in,0.0,0.3158683776855469
mlp,validation,2023-06,country_my,country_in,0.0,0.3909000754356384
mlp,validation,2023-07,country_my,country_in,0.0,0.27914145588874817
mlp,validation,2023-08,country_my,country_in,0.0,0.28689447045326233
mlp,validation,2023-09,country_my,country_in,0.0,0.30497992038726807
mlp,validation,2023-10,country_my,country_in,0.0,0.3402324616909027
mlp,validation,2023-11,country_my,country_in,0.0,0.3841301202774048
mlp,validation,2023-12,country_my,country_in,0.0,0.2917441427707672
mlp,validation,2023-01,country_my,country_jp,1.0,0.5455089211463928
mlp,validation,2023-02,country_my,country_jp,0.0,0.453779011964798
mlp,validation,2023-03,country_my,country_jp,0.0,0.38076040148735046
mlp,validation,2023-04,country_my,country_jp,0.0,0.3641192615032196
mlp,validation,2023-05,country_my,country_jp,0.0,0.3306021988391876
mlp,validation,2023-06,country_my,country_jp,0.0,0.5780677795410156
mlp,validation,2023-07,country_my,country_jp,0.0,0.35619086027145386
mlp,validation,2023-08,country_my,country_jp,0.0,0.4309810400009155
mlp,validation,2023-09,country_my,country_jp,0.0,0.43467289209365845
mlp,validation,2023-10,country_my,country_jp,0.0,0.3098721206188202
mlp,validation,2023-11,country_my,country_jp,0.0,0.3131139278411865
mlp,validation,2023-12,country_my,country_jp,0.0,0.31377747654914856
mlp,validation,2023-01,country_my,country_kr,0.0,0.5259100198745728
mlp,validation,2023-02,country_my,country_kr,0.0,0.4652600586414337
mlp,validation,2023-03,country_my,country_kr,0.0,0.3122158944606781
mlp,validation,2023-04,country_my,country_kr,0.0,0.46625638008117676
mlp,validation,2023-05,country_my,country_kr,0.0,0.3253796100616455
mlp,validation,2023-06,country_my,country_kr,0.0,0.39210158586502075
mlp,validation,2023-07,country_my,country_kr,0.0,0.31996145844459534
mlp,validation,2023-08,country_my,country_kr,0.0,0.31150156259536743
mlp,validation,2023-09,country_my,country_kr,0.0,0.3456333875656128
mlp,validation,2023-10,country_my,country_kr,0.0,0.30285167694091797
mlp,validation,2023-11,country_my,country_kr,0.0,0.3386353850364685
mlp,validation,2023-12,country_my,country_kr,0.0,0.3533351421356201
mlp,validation,2023-01,country_my,country_mx,1.0,0.5581931471824646
mlp,validation,2023-02,country_my,country_mx,1.0,0.4107259213924408
mlp,validation,2023-03,country_my,country_mx,0.0,0.26140716671943665
mlp,validation,2023-04,country_my,country_mx,1.0,0.2813718914985657
mlp,validation,2023-05,country_my,country_mx,0.0,0.31765279173851013
mlp,validation,2023-06,country_my,country_mx,0.0,0.34394562244415283
mlp,validation,2023-07,country_my,country_mx,0.0,0.35261619091033936
mlp,validation,2023-08,country_my,country_mx,1.0,0.27712297439575195
mlp,validation,2023-09,country_my,country_mx,1.0,0.3466465175151825
mlp,validation,2023-10,country_my,country_mx,0.0,0.29576346278190613
mlp,validation,2023-11,country_my,country_mx,0.0,0.2750961482524872
mlp,validation,2023-12,country_my,country_mx,1.0,0.43901917338371277
mlp,validation,2023-01,country_my,country_ph,0.0,0.5379643440246582
mlp,validation,2023-02,country_my,country_ph,0.0,0.5058779716491699
mlp,validation,2023-03,country_my,country_ph,0.0,0.34433218836784363
mlp,validation,2023-04,country_my,country_ph,0.0,0.4218788146972656
mlp,validation,2023-05,country_my,country_ph,0.0,0.3288394808769226
mlp,validation,2023-06,country_my,country_ph,0.0,0.5152222514152527
mlp,validation,2023-07,country_my,country_ph,0.0,0.3842327892780304
mlp,validation,2023-08,country_my,country_ph,0.0,0.35159286856651306
mlp,validation,2023-09,country_my,country_ph,0.0,0.383941113948822
mlp,validation,2023-10,country_my,country_ph,1.0,0.37154942750930786
mlp,validation,2023-11,country_my,country_ph,1.0,0.4189680218696594
mlp,validation,2023-12,country_my,country_ph,0.0,0.3431866466999054
mlp,validation,2023-01,country_my,country_sg,0.0,0.6333637833595276
mlp,validation,2023-02,country_my,country_sg,1.0,0.5819576382637024
mlp,validation,2023-03,country_my,country_sg,1.0,0.2892530560493469
mlp,validation,2023-04,country_my,country_sg,1.0,0.30357077717781067
mlp,validation,2023-05,country_my,country_sg,0.0,0.3539823889732361
mlp,validation,2023-06,country_my,country_sg,1.0,0.3689613938331604
mlp,validation,2023-07,country_my,country_sg,0.0,0.28118759393692017
mlp,validation,2023-08,country_my,country_sg,0.0,0.30852577090263367
mlp,validation,2023-09,country_my,country_sg,0.0,0.2941038906574249
mlp,validation,2023-10,country_my,country_sg,0.0,0.35302498936653137
mlp,validation,2023-11,country_my,country_sg,0.0,0.4080900549888611
mlp,validation,2023-12,country_my,country_sg,0.0,0.31961262226104736
mlp,validation,2023-01,country_my,country_th,1.0,0.4036868214607239
mlp,validation,2023-02,country_my,country_th,0.0,0.4990985095500946
mlp,validation,2023-03,country_my,country_th,0.0,0.2952847182750702
mlp,validation,2023-04,country_my,country_th,0.0,0.3737983703613281
mlp,validation,2023-05,country_my,country_th,0.0,0.310393363237381
mlp,validation,2023-06,country_my,country_th,0.0,0.48692548274993896
mlp,validation,2023-07,country_my,country_th,0.0,0.3072364032268524
mlp,validation,2023-08,country_my,country_th,0.0,0.36403992772102356
mlp,validation,2023-09,country_my,country_th,0.0,0.3311900198459625
mlp,validation,2023-10,country_my,country_th,0.0,0.29235997796058655
mlp,validation,2023-11,country_my,country_th,0.0,0.3253161907196045
mlp,validation,2023-12,country_my,country_th,0.0,0.35464581847190857
mlp,validation,2023-01,country_my,country_us,1.0,0.36435914039611816
mlp,validation,2023-02,country_my,country_us,0.0,0.34573930501937866
mlp,validation,2023-03,country_my,country_us,0.0,0.24720171093940735
mlp,validation,2023-04,country_my,country_us,0.0,0.32435572147369385
mlp,validation,2023-05,country_my,country_us,0.0,0.26258355379104614
mlp,validation,2023-06,country_my,country_us,0.0,0.3270377814769745
mlp,validation,2023-07,country_my,country_us,0.0,0.2641318440437317
mlp,validation,2023-08,country_my,country_us,0.0,0.28342798352241516
mlp,validation,2023-09,country_my,country_us,0.0,0.27673161029815674
mlp,validation,2023-10,country_my,country_us,0.0,0.25820493698120117
mlp,validation,2023-11,country_my,country_us,0.0,0.31611886620521545
mlp,validation,2023-12,country_my,country_us,0.0,0.30080440640449524
mlp,validation,2023-01,country_my,country_vn,1.0,0.4426572024822235
mlp,validation,2023-02,country_my,country_vn,1.0,0.47327920794487
mlp,validation,2023-03,country_my,country_vn,1.0,0.3682474195957184
mlp,validation,2023-04,country_my,country_vn,1.0,0.5234081745147705
mlp,validation,2023-05,country_my,country_vn,1.0,0.5352506637573242
mlp,validation,2023-06,country_my,country_vn,0.0,0.46661093831062317
mlp,validation,2023-07,country_my,country_vn,0.0,0.37437984347343445
mlp,validation,2023-08,country_my,country_vn,0.0,0.38611507415771484
mlp,validation,2023-09,country_my,country_vn,0.0,0.3796617090702057
mlp,validation,2023-10,country_my,country_vn,0.0,0.3793862760066986
mlp,validation,2023-11,country_my,country_vn,0.0,0.34267789125442505
mlp,validation,2023-01,country_ph,country_203,0.0,0.5855075120925903
mlp,validation,2023-02,country_ph,country_203,0.0,0.7085886001586914
mlp,validation,2023-03,country_ph,country_203,0.0,0.5280125141143799
mlp,validation,2023-04,country_ph,country_203,0.0,0.6755129098892212
mlp,validation,2023-05,country_ph,country_203,0.0,0.5251052975654602
mlp,validation,2023-06,country_ph,country_203,0.0,0.5794059634208679
mlp,validation,2023-07,country_ph,country_203,0.0,0.5499378442764282
mlp,validation,2023-08,country_ph,country_203,1.0,0.4908868968486786
mlp,validation,2023-09,country_ph,country_203,1.0,0.5481948852539062
mlp,validation,2023-10,country_ph,country_203,1.0,0.6190140843391418
mlp,validation,2023-11,country_ph,country_203,1.0,0.6169247031211853
mlp,validation,2023-12,country_ph,country_203,0.0,0.5894395112991333
mlp,validation,2023-01,country_ph,country_344,0.0,0.5837231874465942
mlp,validation,2023-02,country_ph,country_344,0.0,0.5929734706878662
mlp,validation,2023-03,country_ph,country_344,0.0,0.3999611735343933
mlp,validation,2023-04,country_ph,country_344,0.0,0.45040860772132874
mlp,validation,2023-05,country_ph,country_344,0.0,0.48033881187438965
mlp,validation,2023-06,country_ph,country_344,0.0,0.47149038314819336
mlp,validation,2023-07,country_ph,country_344,0.0,0.46192383766174316
mlp,validation,2023-08,country_ph,country_344,1.0,0.4494507908821106
mlp,validation,2023-09,country_ph,country_344,1.0,0.4576612710952759
mlp,validation,2023-10,country_ph,country_344,0.0,0.46616026759147644
mlp,validation,2023-11,country_ph,country_344,0.0,0.4723535478115082
mlp,validation,2023-12,country_ph,country_344,1.0,0.44367924332618713
mlp,validation,2023-01,country_ph,country_372,1.0,0.7446902990341187
mlp,validation,2023-02,country_ph,country_372,1.0,0.7631211876869202
mlp,validation,2023-03,country_ph,country_372,1.0,0.5973742604255676
mlp,validation,2023-04,country_ph,country_372,0.0,0.7436825037002563
mlp,validation,2023-05,country_ph,country_372,1.0,0.5785913467407227
mlp,validation,2023-06,country_ph,country_372,0.0,0.5856940746307373
mlp,validation,2023-07,country_ph,country_372,0.0,0.6015185117721558
mlp,validation,2023-08,country_ph,country_372,0.0,0.651801347732544
mlp,validation,2023-09,country_ph,country_372,1.0,0.7235824465751648
mlp,validation,2023-10,country_ph,country_372,0.0,0.6918877959251404
mlp,validation,2023-11,country_ph,country_372,0.0,0.4970783591270447
mlp,validation,2023-12,country_ph,country_372,0.0,0.5630596280097961
mlp,validation,2023-01,country_ph,country_380,0.0,0.624031126499176
mlp,validation,2023-02,country_ph,country_380,0.0,0.6049553751945496
mlp,validation,2023-03,country_ph,country_380,1.0,0.5882273316383362
mlp,validation,2023-04,country_ph,country_380,1.0,0.6792044043540955
mlp,validation,2023-05,country_ph,country_380,1.0,0.6103203892707825
mlp,validation,2023-06,country_ph,country_380,1.0,0.6880204081535339
mlp,validation,2023-07,country_ph,country_380,1.0,0.6906145811080933
mlp,validation,2023-08,country_ph,country_380,1.0,0.7414836287498474
mlp,validation,2023-09,country_ph,country_380,0.0,0.629653811454773
mlp,validation,2023-10,country_ph,country_380,1.0,0.6357297301292419
mlp,validation,2023-11,country_ph,country_380,0.0,0.7080695033073425
mlp,validation,2023-12,country_ph,country_380,0.0,0.712929904460907
mlp,validation,2023-01,country_ph,country_cn,1.0,0.6010474562644958
mlp,validation,2023-02,country_ph,country_cn,0.0,0.5402005314826965
mlp,validation,2023-03,country_ph,country_cn,0.0,0.2718559205532074
mlp,validation,2023-04,country_ph,country_cn,1.0,0.30848726630210876
mlp,validation,2023-05,country_ph,country_cn,0.0,0.327531635761261
mlp,validation,2023-06,country_ph,country_cn,0.0,0.3532862961292267
mlp,validation,2023-07,country_ph,country_cn,0.0,0.32447168231010437
mlp,validation,2023-08,country_ph,country_cn,0.0,0.3076167404651642
mlp,validation,2023-09,country_ph,country_cn,0.0,0.3272108733654022
mlp,validation,2023-10,country_ph,country_cn,0.0,0.3363564908504486
mlp,validation,2023-11,country_ph,country_cn,0.0,0.33949270844459534
mlp,validation,2023-12,country_ph,country_cn,0.0,0.2965460419654846
mlp,validation,2023-01,country_ph,country_de,0.0,0.3973066210746765
mlp,validation,2023-02,country_ph,country_de,0.0,0.4504082500934601
mlp,validation,2023-03,country_ph,country_de,0.0,0.31259751319885254
mlp,validation,2023-04,country_ph,country_de,0.0,0.33784765005111694
mlp,validation,2023-05,country_ph,country_de,0.0,0.3077242076396942
mlp,validation,2023-06,country_ph,country_de,0.0,0.4367484748363495
mlp,validation,2023-07,country_ph,country_de,0.0,0.4060955345630646
mlp,validation,2023-08,country_ph,country_de,0.0,0.3284812867641449
mlp,validation,2023-09,country_ph,country_de,0.0,0.4187246859073639
mlp,validation,2023-10,country_ph,country_de,0.0,0.46030107140541077
mlp,validation,2023-11,country_ph,country_de,1.0,0.5125864744186401
mlp,validation,2023-12,country_ph,country_de,0.0,0.4856777787208557
mlp,validation,2023-01,country_ph,country_fr,1.0,0.4685823917388916
mlp,validation,2023-02,country_ph,country_fr,0.0,0.5645182728767395
mlp,validation,2023-03,country_ph,country_fr,0.0,0.31896278262138367
mlp,validation,2023-04,country_ph,country_fr,1.0,0.35189929604530334
mlp,validation,2023-05,country_ph,country_fr,0.0,0.3491729199886322
mlp,validation,2023-06,country_ph,country_fr,0.0,0.3933762013912201
mlp,validation,2023-07,country_ph,country_fr,1.0,0.5775171518325806
mlp,validation,2023-08,country_ph,country_fr,1.0,0.6021326780319214
mlp,validation,2023-09,country_ph,country_fr,0.0,0.5450465679168701
mlp,validation,2023-10,country_ph,country_fr,0.0,0.3816613256931305
mlp,validation,2023-11,country_ph,country_fr,1.0,0.5654124021530151
mlp,validation,2023-12,country_ph,country_fr,0.0,0.46591916680336
mlp,validation,2023-01,country_ph,country_gb,0.0,0.47056668996810913
mlp,validation,2023-02,country_ph,country_gb,0.0,0.5959984660148621
mlp,validation,2023-03,country_ph,country_gb,0.0,0.3634755313396454
mlp,validation,2023-04,country_ph,country_gb,0.0,0.4510066509246826
mlp,validation,2023-05,country_ph,country_gb,0.0,0.3486846387386322
mlp,validation,2023-06,country_ph,country_gb,0.0,0.500023365020752
mlp,validation,2023-07,country_ph,country_gb,0.0,0.42733046412467957
mlp,validation,2023-08,country_ph,country_gb,1.0,0.5556449890136719
mlp,validation,2023-09,country_ph,country_gb,0.0,0.576367974281311
mlp,validation,2023-10,country_ph,country_gb,1.0,0.3652837872505188
mlp,validation,2023-11,country_ph,country_gb,1.0,0.5494513511657715
mlp,validation,2023-12,country_ph,country_gb,1.0,0.38930705189704895
mlp,validation,2023-01,country_ph,country_in,0.0,0.4191473126411438
mlp,validation,2023-02,country_ph,country_in,0.0,0.4120854437351227
mlp,validation,2023-03,country_ph,country_in,0.0,0.3001045286655426
mlp,validation,2023-04,country_ph,country_in,0.0,0.34407222270965576
mlp,validation,2023-05,country_ph,country_in,0.0,0.3368758261203766
mlp,validation,2023-06,country_ph,country_in,0.0,0.47491705417633057
mlp,validation,2023-07,country_ph,country_in,0.0,0.33076047897338867
mlp,validation,2023-08,country_ph,country_in,0.0,0.31318753957748413
mlp,validation,2023-09,country_ph,country_in,0.0,0.3653446435928345
mlp,validation,2023-10,country_ph,country_in,0.0,0.431100457906723
mlp,validation,2023-11,country_ph,country_in,0.0,0.5135928988456726
mlp,validation,2023-12,country_ph,country_in,0.0,0.3017200529575348
mlp,validation,2023-01,country_ph,country_jp,0.0,0.521562933921814
mlp,validation,2023-02,country_ph,country_jp,0.0,0.48233598470687866
mlp,validation,2023-03,country_ph,country_jp,0.0,0.39056891202926636
mlp,validation,2023-04,country_ph,country_jp,0.0,0.35156959295272827
mlp,validation,2023-05,country_ph,country_jp,0.0,0.3253765404224396
mlp,validation,2023-06,country_ph,country_jp,0.0,0.5747464895248413
mlp,validation,2023-07,country_ph,country_jp,0.0,0.4053974747657776
mlp,validation,2023-08,country_ph,country_jp,0.0,0.463561087846756
mlp,validation,2023-09,country_ph,country_jp,0.0,0.5001249313354492
mlp,validation,2023-10,country_ph,country_jp,0.0,0.36076709628105164
mlp,validation,2023-11,country_ph,country_jp,0.0,0.36702796816825867
mlp,validation,2023-12,country_ph,country_jp,0.0,0.31323695182800293
mlp,validation,2023-01,country_ph,country_kr,0.0,0.5318581461906433
mlp,validation,2023-02,country_ph,country_kr,0.0,0.524544894695282
mlp,validation,2023-03,country_ph,country_kr,0.0,0.32568395137786865
mlp,validation,2023-04,country_ph,country_kr,0.0,0.47554951906204224
mlp,validation,2023-05,country_ph,country_kr,0.0,0.33150845766067505
mlp,validation,2023-06,country_ph,country_kr,0.0,0.4258912205696106
mlp,validation,2023-07,country_ph,country_kr,0.0,0.3592069149017334
mlp,validation,2023-08,country_ph,country_kr,1.0,0.33308079838752747
mlp,validation,2023-09,country_ph,country_kr,0.0,0.40244874358177185
mlp,validation,2023-10,country_ph,country_kr,0.0,0.35866183042526245
mlp,validation,2023-11,country_ph,country_kr,0.0,0.414603590965271
mlp,validation,2023-12,country_ph,country_kr,0.0,0.35603126883506775
mlp,validation,2023-01,country_ph,country_mx,0.0,0.5894683003425598
mlp,validation,2023-02,country_ph,country_mx,0.0,0.5059389472007751
mlp,validation,2023-03,country_ph,country_mx,0.0,0.29822996258735657
mlp,validation,2023-04,country_ph,country_mx,0.0,0.30023735761642456
mlp,validation,2023-05,country_ph,country_mx,0.0,0.34891775250434875
mlp,validation,2023-06,country_ph,country_mx,0.0,0.4042382836341858
mlp,validation,2023-07,country_ph,country_mx,0.0,0.461213082075119
mlp,validation,2023-08,country_ph,country_mx,0.0,0.32555699348449707
mlp,validation,2023-09,country_ph,country_mx,0.0,0.4609721899032593
mlp,validation,2023-10,country_ph,country_mx,0.0,0.39930570125579834
mlp,validation,2023-11,country_ph,country_mx,1.0,0.37276411056518555
mlp,validation,2023-12,country_ph,country_mx,1.0,0.49121004343032837
mlp,validation,2023-01,country_ph,country_my,0.0,0.5461281538009644
mlp,validation,2023-02,country_ph,country_my,0.0,0.49480772018432617
mlp,validation,2023-03,country_ph,country_my,1.0,0.31296396255493164
mlp,validation,2023-04,country_ph,country_my,1.0,0.41929545998573303
mlp,validation,2023-05,country_ph,country_my,1.0,0.34264642000198364
mlp,validation,2023-06,country_ph,country_my,1.0,0.5416780114173889
mlp,validation,2023-07,country_ph,country_my,1.0,0.3777376115322113
mlp,validation,2023-08,country_ph,country_my,0.0,0.3257637619972229
mlp,validation,2023-09,country_ph,country_my,1.0,0.34240150451660156
mlp,validation,2023-10,country_ph,country_my,0.0,0.38613036274909973
mlp,validation,2023-11,country_ph,country_my,0.0,0.38042253255844116
mlp,validation,2023-12,country_ph,country_my,0.0,0.33531007170677185
mlp,validation,2023-01,country_ph,country_sg,1.0,0.6300399899482727
mlp,validation,2023-02,country_ph,country_sg,0.0,0.6248729228973389
mlp,validation,2023-03,country_ph,country_sg,0.0,0.3022320568561554
mlp,validation,2023-04,country_ph,country_sg,0.0,0.30169808864593506
mlp,validation,2023-05,country_ph,country_sg,0.0,0.36454880237579346
mlp,validation,2023-06,country_ph,country_sg,0.0,0.41005849838256836
mlp,validation,2023-07,country_ph,country_sg,0.0,0.3211940824985504
mlp,validation,2023-08,country_ph,country_sg,0.0,0.3278968036174774
mlp,validation,2023-09,country_ph,country_sg,0.0,0.33362796902656555
mlp,validation,2023-10,country_ph,country_sg,1.0,0.4290977120399475
mlp,validation,2023-11,country_ph,country_sg,1.0,0.5021992921829224
mlp,validation,2023-12,country_ph,country_sg,1.0,0.3308465778827667
mlp,validation,2023-01,country_ph,country_th,0.0,0.37596604228019714
mlp,validation,2023-02,country_ph,country_th,0.0,0.5456501841545105
mlp,validation,2023-03,country_ph,country_th,0.0,0.31552770733833313
mlp,validation,2023-04,country_ph,country_th,0.0,0.3708774447441101
mlp,validation,2023-05,country_ph,country_th,0.0,0.3206881582736969
mlp,validation,2023-06,country_ph,country_th,0.0,0.5308396816253662
mlp,validation,2023-07,country_ph,country_th,0.0,0.3451126515865326
mlp,validation,2023-08,country_ph,country_th,0.0,0.39113497734069824
mlp,validation,2023-09,country_ph,country_th,0.0,0.3820151388645172
mlp,validation,2023-10,country_ph,country_th,0.0,0.3417002260684967
mlp,validation,2023-11,country_ph,country_th,0.0,0.38458865880966187
mlp,validation,2023-12,country_ph,country_th,0.0,0.3668293356895447
mlp,validation,2023-01,country_ph,country_us,0.0,0.3739698827266693
mlp,validation,2023-02,country_ph,country_us,0.0,0.3980453610420227
mlp,validation,2023-03,country_ph,country_us,0.0,0.2923552691936493
mlp,validation,2023-04,country_ph,country_us,0.0,0.3436219096183777
mlp,validation,2023-05,country_ph,country_us,0.0,0.291672021150589
mlp,validation,2023-06,country_ph,country_us,0.0,0.3743378520011902
mlp,validation,2023-07,country_ph,country_us,0.0,0.3248783051967621
mlp,validation,2023-08,country_ph,country_us,0.0,0.3261227011680603
mlp,validation,2023-09,country_ph,country_us,0.0,0.3403690755367279
mlp,validation,2023-10,country_ph,country_us,1.0,0.33133551478385925
mlp,validation,2023-11,country_ph,country_us,1.0,0.3875601589679718
mlp,validation,2023-12,country_ph,country_us,1.0,0.3282891511917114
mlp,validation,2023-01,country_ph,country_vn,0.0,0.43383681774139404
mlp,validation,2023-02,country_ph,country_vn,1.0,0.5107203125953674
mlp,validation,2023-03,country_ph,country_vn,0.0,0.3764974772930145
mlp,validation,2023-04,country_ph,country_vn,1.0,0.5283746719360352
mlp,validation,2023-05,country_ph,country_vn,1.0,0.5150235295295715
mlp,validation,2023-06,country_ph,country_vn,0.0,0.457025945186615
mlp,validation,2023-07,country_ph,country_vn,0.0,0.37485232949256897
mlp,validation,2023-08,country_ph,country_vn,0.0,0.34853509068489075
mlp,validation,2023-09,country_ph,country_vn,0.0,0.3709433674812317
mlp,validation,2023-10,country_ph,country_vn,0.0,0.41237905621528625
mlp,validation,2023-11,country_ph,country_vn,0.0,0.39891988039016724
mlp,validation,2023-01,country_sg,country_203,0.0,0.774500846862793
mlp,validation,2023-02,country_sg,country_203,0.0,0.7945393323898315
mlp,validation,2023-03,country_sg,country_203,0.0,0.5834313631057739
mlp,validation,2023-04,country_sg,country_203,0.0,0.6797803640365601
mlp,validation,2023-05,country_sg,country_203,1.0,0.5935420989990234
mlp,validation,2023-06,country_sg,country_203,1.0,0.6302276253700256
mlp,validation,2023-07,country_sg,country_203,1.0,0.5999773740768433
mlp,validation,2023-08,country_sg,country_203,1.0,0.5854410529136658
mlp,validation,2023-09,country_sg,country_203,0.0,0.6230006217956543
mlp,validation,2023-10,country_sg,country_203,0.0,0.6468791961669922
mlp,validation,2023-11,country_sg,country_203,1.0,0.6683889627456665
mlp,validation,2023-12,country_sg,country_203,1.0,0.6859602928161621
mlp,validation,2023-01,country_sg,country_344,1.0,0.6825991272926331
mlp,validation,2023-02,country_sg,country_344,1.0,0.6502964496612549
mlp,validation,2023-03,country_sg,country_344,1.0,0.37067991495132446
mlp,validation,2023-04,country_sg,country_344,1.0,0.4124579131603241
mlp,validation,2023-05,country_sg,country_344,0.0,0.47108304500579834
mlp,validation,2023-06,country_sg,country_344,0.0,0.4117223024368286
mlp,validation,2023-07,country_sg,country_344,0.0,0.44064638018608093
mlp,validation,2023-08,country_sg,country_344,0.0,0.4264511466026306
mlp,validation,2023-09,country_sg,country_344,0.0,0.4126226305961609
mlp,validation,2023-10,country_sg,country_344,0.0,0.4417158365249634
mlp,validation,2023-11,country_sg,country_344,0.0,0.4588174521923065
mlp,validation,2023-12,country_sg,country_344,0.0,0.4279162883758545
mlp,validation,2023-01,country_sg,country_372,0.0,0.8661679625511169
mlp,validation,2023-02,country_sg,country_372,1.0,0.8434491753578186
mlp,validation,2023-03,country_sg,country_372,1.0,0.6689402461051941
mlp,validation,2023-04,country_sg,country_372,0.0,0.7907481789588928
mlp,validation,2023-05,country_sg,country_372,0.0,0.6468833088874817
mlp,validation,2023-06,country_sg,country_372,1.0,0.6377561092376709
mlp,validation,2023-07,country_sg,country_372,1.0,0.6657776236534119
mlp,validation,2023-08,country_sg,country_372,1.0,0.72510826587677
mlp,validation,2023-09,country_sg,country_372,1.0,0.768246054649353
mlp,validation,2023-10,country_sg,country_372,0.0,0.7451501488685608
mlp,validation,2023-11,country_sg,country_372,1.0,0.5974828004837036
mlp,validation,2023-12,country_sg,country_372,0.0,0.7035451531410217
mlp,validation,2023-01,country_sg,country_380,0.0,0.7451461553573608
mlp,validation,2023-02,country_sg,country_380,0.0,0.6476324200630188
mlp,validation,2023-03,country_sg,country_380,0.0,0.5601015686988831
mlp,validation,2023-04,country_sg,country_380,0.0,0.6139751076698303
mlp,validation,2023-05,country_sg,country_380,1.0,0.5701191425323486
mlp,validation,2023-06,country_sg,country_380,1.0,0.6289612650871277
mlp,validation,2023-07,country_sg,country_380,1.0,0.6322452425956726
mlp,validation,2023-08,country_sg,country_380,1.0,0.7087685465812683
mlp,validation,2023-09,country_sg,country_380,1.0,0.5686508417129517
mlp,validation,2023-10,country_sg,country_380,0.0,0.5900194048881531
mlp,validation,2023-11,country_sg,country_380,0.0,0.6810057163238525
mlp,validation,2023-12,country_sg,country_380,0.0,0.664854884147644
mlp,validation,2023-01,country_sg,country_cn,1.0,0.7276142835617065
mlp,validation,2023-02,country_sg,country_cn,1.0,0.6388295888900757
mlp,validation,2023-03,country_sg,country_cn,0.0,0.2825363576412201
mlp,validation,2023-04,country_sg,country_cn,1.0,0.30167272686958313
mlp,validation,2023-05,country_sg,country_cn,0.0,0.36285021901130676
mlp,validation,2023-06,country_sg,country_cn,0.0,0.2889516055583954
mlp,validation,2023-07,country_sg,country_cn,0.0,0.3019542396068573
mlp,validation,2023-08,country_sg,country_cn,0.0,0.30043017864227295
mlp,validation,2023-09,country_sg,country_cn,0.0,0.3010169267654419
mlp,validation,2023-10,country_sg,country_cn,0.0,0.3264172375202179
mlp,validation,2023-11,country_sg,country_cn,0.0,0.37823379039764404
mlp,validation,2023-12,country_sg,country_cn,0.0,0.3149033486843109
mlp,validation,2023-01,country_sg,country_de,0.0,0.6546870470046997
mlp,validation,2023-02,country_sg,country_de,0.0,0.6211193203926086
mlp,validation,2023-03,country_sg,country_de,0.0,0.35619792342185974
mlp,validation,2023-04,country_sg,country_de,1.0,0.3612785041332245
mlp,validation,2023-05,country_sg,country_de,0.0,0.3753429353237152
mlp,validation,2023-06,country_sg,country_de,0.0,0.39552438259124756
mlp,validation,2023-07,country_sg,country_de,0.0,0.4090993404388428
mlp,validation,2023-08,country_sg,country_de,0.0,0.36159539222717285
mlp,validation,2023-09,country_sg,country_de,0.0,0.4092458188533783
mlp,validation,2023-10,country_sg,country_de,0.0,0.5024665594100952
mlp,validation,2023-11,country_sg,country_de,0.0,0.5956053137779236
mlp,validation,2023-12,country_sg,country_de,0.0,0.5644001960754395
mlp,validation,2023-01,country_sg,country_fr,0.0,0.67275071144104
mlp,validation,2023-02,country_sg,country_fr,1.0,0.6793239712715149
mlp,validation,2023-03,country_sg,country_fr,0.0,0.3832922875881195
mlp,validation,2023-04,country_sg,country_fr,0.0,0.3535233438014984
mlp,validation,2023-05,country_sg,country_fr,1.0,0.41490188241004944
mlp,validation,2023-06,country_sg,country_fr,0.0,0.3536324203014374
mlp,validation,2023-07,country_sg,country_fr,0.0,0.5622668266296387
mlp,validation,2023-08,country_sg,country_fr,0.0,0.6117900609970093
mlp,validation,2023-09,country_sg,country_fr,0.0,0.5008506178855896
mlp,validation,2023-10,country_sg,country_fr,0.0,0.40683549642562866
mlp,validation,2023-11,country_sg,country_fr,0.0,0.6256811022758484
mlp,validation,2023-12,country_sg,country_fr,0.0,0.5179165005683899
mlp,validation,2023-01,country_sg,country_gb,0.0,0.7188184261322021
mlp,validation,2023-02,country_sg,country_gb,0.0,0.7166053652763367
mlp,validation,2023-03,country_sg,country_gb,0.0,0.41023051738739014
mlp,validation,2023-04,country_sg,country_gb,0.0,0.451904833316803
mlp,validation,2023-05,country_sg,country_gb,0.0,0.4451383352279663
mlp,validation,2023-06,country_sg,country_gb,1.0,0.46433502435684204
mlp,validation,2023-07,country_sg,country_gb,0.0,0.4286285936832428
mlp,validation,2023-08,country_sg,country_gb,1.0,0.591616153717041
mlp,validation,2023-09,country_sg,country_gb,0.0,0.5768263339996338
mlp,validation,2023-10,country_sg,country_gb,0.0,0.3997993767261505
mlp,validation,2023-11,country_sg,country_gb,0.0,0.6257566213607788
mlp,validation,2023-12,country_sg,country_gb,0.0,0.4728909730911255
mlp,validation,2023-01,country_sg,country_in,1.0,0.6418440937995911
mlp,validation,2023-02,country_sg,country_in,1.0,0.5648242235183716
mlp,validation,2023-03,country_sg,country_in,1.0,0.30493032932281494
mlp,validation,2023-04,country_sg,country_in,1.0,0.3169703483581543
mlp,validation,2023-05,country_sg,country_in,1.0,0.35207268595695496
mlp,validation,2023-06,country_sg,country_in,1.0,0.33318668603897095
mlp,validation,2023-07,country_sg,country_in,0.0,0.2918746769428253
mlp,validation,2023-08,country_sg,country_in,0.0,0.2944585978984833
mlp,validation,2023-09,country_sg,country_in,0.0,0.31518882513046265
mlp,validation,2023-10,country_sg,country_in,0.0,0.3983553946018219
mlp,validation,2023-11,country_sg,country_in,0.0,0.5277243852615356
mlp,validation,2023-12,country_sg,country_in,0.0,0.3109133541584015
mlp,validation,2023-01,country_sg,country_jp,0.0,0.6704102754592896
mlp,validation,2023-02,country_sg,country_jp,0.0,0.6003140807151794
mlp,validation,2023-03,country_sg,country_jp,0.0,0.38833948969841003
mlp,validation,2023-04,country_sg,country_jp,0.0,0.3397267162799835
mlp,validation,2023-05,country_sg,country_jp,0.0,0.3548203110694885
mlp,validation,2023-06,country_sg,country_jp,0.0,0.5319197177886963
mlp,validation,2023-07,country_sg,country_jp,0.0,0.3648691177368164
mlp,validation,2023-08,country_sg,country_jp,0.0,0.43721553683280945
mlp,validation,2023-09,country_sg,country_jp,0.0,0.4418783485889435
mlp,validation,2023-10,country_sg,country_jp,0.0,0.35065868496894836
mlp,validation,2023-11,country_sg,country_jp,0.0,0.413033127784729
mlp,validation,2023-12,country_sg,country_jp,0.0,0.3283962905406952
mlp,validation,2023-01,country_sg,country_kr,0.0,0.6641876697540283
mlp,validation,2023-02,country_sg,country_kr,1.0,0.5916106700897217
mlp,validation,2023-03,country_sg,country_kr,0.0,0.32021382451057434
mlp,validation,2023-04,country_sg,country_kr,1.0,0.42197686433792114
mlp,validation,2023-05,country_sg,country_kr,0.0,0.35155025124549866
mlp,validation,2023-06,country_sg,country_kr,0.0,0.3155623972415924
mlp,validation,2023-07,country_sg,country_kr,0.0,0.31266647577285767
mlp,validation,2023-08,country_sg,country_kr,0.0,0.29800236225128174
mlp,validation,2023-09,country_sg,country_kr,0.0,0.3334413170814514
mlp,validation,2023-10,country_sg,country_kr,0.0,0.33046793937683105
mlp,validation,2023-11,country_sg,country_kr,1.0,0.42878806591033936
mlp,validation,2023-12,country_sg,country_kr,0.0,0.36281827092170715
mlp,validation,2023-01,country_sg,country_mx,0.0,0.7661614418029785
mlp,validation,2023-02,country_sg,country_mx,0.0,0.6615522503852844
mlp,validation,2023-03,country_sg,country_mx,0.0,0.31512442231178284
mlp,validation,2023-04,country_sg,country_mx,0.0,0.29443880915641785
mlp,validation,2023-05,country_sg,country_mx,0.0,0.3885039687156677
mlp,validation,2023-06,country_sg,country_mx,0.0,0.3308374285697937
mlp,validation,2023-07,country_sg,country_mx,0.0,0.40004733204841614
mlp,validation,2023-08,country_sg,country_mx,0.0,0.32758310437202454
mlp,validation,2023-09,country_sg,country_mx,1.0,0.4012162685394287
mlp,validation,2023-10,country_sg,country_mx,0.0,0.40410566329956055
mlp,validation,2023-11,country_sg,country_mx,0.0,0.426920622587204
mlp,validation,2023-12,country_sg,country_mx,0.0,0.5142515897750854
mlp,validation,2023-01,country_sg,country_my,0.0,0.6555570960044861
mlp,validation,2023-02,country_sg,country_my,0.0,0.5512598156929016
mlp,validation,2023-03,country_sg,country_my,0.0,0.29245585203170776
mlp,validation,2023-04,country_sg,country_my,0.0,0.35264429450035095
mlp,validation,2023-05,country_sg,country_my,0.0,0.33740487694740295
mlp,validation,2023-06,country_sg,country_my,0.0,0.38825926184654236
mlp,validation,2023-07,country_sg,country_my,0.0,0.31402161717414856
mlp,validation,2023-08,country_sg,country_my,0.0,0.2906244397163391
mlp,validation,2023-09,country_sg,country_my,0.0,0.2888008654117584
mlp,validation,2023-10,country_sg,country_my,0.0,0.3387203812599182
mlp,validation,2023-11,country_sg,country_my,0.0,0.3786373436450958
mlp,validation,2023-12,country_sg,country_my,0.0,0.3193266987800598
mlp,validation,2023-01,country_sg,country_ph,0.0,0.6550564169883728
mlp,validation,2023-02,country_sg,country_ph,1.0,0.6095083355903625
mlp,validation,2023-03,country_sg,country_ph,0.0,0.3467801809310913
mlp,validation,2023-04,country_sg,country_ph,0.0,0.3760218918323517
mlp,validation,2023-05,country_sg,country_ph,1.0,0.3472091257572174
mlp,validation,2023-06,country_sg,country_ph,0.0,0.40890708565711975
mlp,validation,2023-07,country_sg,country_ph,1.0,0.3852897584438324
mlp,validation,2023-08,country_sg,country_ph,0.0,0.34422048926353455
mlp,validation,2023-09,country_sg,country_ph,0.0,0.3789962828159332
mlp,validation,2023-10,country_sg,country_ph,1.0,0.4198281466960907
mlp,validation,2023-11,country_sg,country_ph,1.0,0.5226892828941345
mlp,validation,2023-12,country_sg,country_ph,0.0,0.3443608283996582
mlp,validation,2023-01,country_sg,country_th,0.0,0.6103625297546387
mlp,validation,2023-02,country_sg,country_th,0.0,0.6308075785636902
mlp,validation,2023-03,country_sg,country_th,0.0,0.32469820976257324
mlp,validation,2023-04,country_sg,country_th,0.0,0.34492093324661255
mlp,validation,2023-05,country_sg,country_th,0.0,0.3441289961338043
mlp,validation,2023-06,country_sg,country_th,0.0,0.4031393826007843
mlp,validation,2023-07,country_sg,country_th,0.0,0.3138957619667053
mlp,validation,2023-08,country_sg,country_th,0.0,0.3698712885379791
mlp,validation,2023-09,country_sg,country_th,0.0,0.33537861704826355
mlp,validation,2023-10,country_sg,country_th,1.0,0.3267466425895691
mlp,validation,2023-11,country_sg,country_th,1.0,0.44106996059417725
mlp,validation,2023-12,country_sg,country_th,0.0,0.38652175664901733
mlp,validation,2023-01,country_sg,country_us,0.0,0.6185306310653687
mlp,validation,2023-02,country_sg,country_us,0.0,0.5573639273643494
mlp,validation,2023-03,country_sg,country_us,0.0,0.3038654029369354
mlp,validation,2023-04,country_sg,country_us,0.0,0.34070703387260437
mlp,validation,2023-05,country_sg,country_us,0.0,0.32415851950645447
mlp,validation,2023-06,country_sg,country_us,0.0,0.32761630415916443
mlp,validation,2023-07,country_sg,country_us,0.0,0.3081415295600891
mlp,validation,2023-08,country_sg,country_us,0.0,0.3297109603881836
mlp,validation,2023-09,country_sg,country_us,1.0,0.32113873958587646
mlp,validation,2023-10,country_sg,country_us,1.0,0.34215450286865234
mlp,validation,2023-11,country_sg,country_us,1.0,0.4391394257545471
mlp,validation,2023-12,country_sg,country_us,1.0,0.3730531632900238
mlp,validation,2023-01,country_sg,country_vn,1.0,0.6764634251594543
mlp,validation,2023-02,country_sg,country_vn,0.0,0.6508291363716125
mlp,validation,2023-03,country_sg,country_vn,0.0,0.47569212317466736
mlp,validation,2023-04,country_sg,country_vn,1.0,0.5307501554489136
mlp,validation,2023-05,country_sg,country_vn,0.0,0.6181924939155579
mlp,validation,2023-06,country_sg,country_vn,0.0,0.46876731514930725
mlp,validation,2023-07,country_sg,country_vn,0.0,0.3645341694355011
mlp,validation,2023-08,country_sg,country_vn,0.0,0.3706003427505493
mlp,validation,2023-09,country_sg,country_vn,0.0,0.37286022305488586
mlp,validation,2023-10,country_sg,country_vn,0.0,0.4368668794631958
mlp,validation,2023-11,country_sg,country_vn,0.0,0.4974527955055237
mlp,validation,2023-01,country_th,country_203,0.0,0.5396109223365784
mlp,validation,2023-02,country_th,country_203,0.0,0.7059029340744019
mlp,validation,2023-03,country_th,country_203,0.0,0.5301908850669861
mlp,validation,2023-04,country_th,country_203,0.0,0.6575580835342407
mlp,validation,2023-05,country_th,country_203,0.0,0.5199534893035889
mlp,validation,2023-06,country_th,country_203,1.0,0.5634738206863403
mlp,validation,2023-07,country_th,country_203,0.0,0.5256519913673401
mlp,validation,2023-08,country_th,country_203,0.0,0.4783867299556732
mlp,validation,2023-09,country_th,country_203,1.0,0.5107627511024475
mlp,validation,2023-10,country_th,country_203,1.0,0.5975059866905212
mlp,validation,2023-11,country_th,country_203,1.0,0.5723247528076172
mlp,validation,2023-12,country_th,country_203,1.0,0.5808746218681335
mlp,validation,2023-01,country_th,country_344,1.0,0.5620781183242798
mlp,validation,2023-02,country_th,country_344,1.0,0.6079074144363403
mlp,validation,2023-03,country_th,country_344,0.0,0.41150549054145813
mlp,validation,2023-04,country_th,country_344,0.0,0.44929561018943787
mlp,validation,2023-05,country_th,country_344,0.0,0.49070292711257935
mlp,validation,2023-06,country_th,country_344,0.0,0.47773629426956177
mlp,validation,2023-07,country_th,country_344,0.0,0.46764224767684937
mlp,validation,2023-08,country_th,country_344,0.0,0.47570404410362244
mlp,validation,2023-09,country_th,country_344,0.0,0.44567230343818665
mlp,validation,2023-10,country_th,country_344,0.0,0.4705784022808075
mlp,validation,2023-11,country_th,country_344,0.0,0.46233949065208435
mlp,validation,2023-12,country_th,country_344,0.0,0.45781418681144714
mlp,validation,2023-01,country_th,country_372,0.0,0.7202820777893066
mlp,validation,2023-02,country_th,country_372,0.0,0.7596317529678345
mlp,validation,2023-03,country_th,country_372,0.0,0.5795285701751709
mlp,validation,2023-04,country_th,country_372,0.0,0.7250452041625977
mlp,validation,2023-05,country_th,country_372,0.0,0.5849045515060425
mlp,validation,2023-06,country_th,country_372,0.0,0.562027096748352
mlp,validation,2023-07,country_th,country_372,0.0,0.5560469627380371
mlp,validation,2023-08,country_th,country_372,0.0,0.6577871441841125
mlp,validation,2023-09,country_th,country_372,0.0,0.6998394131660461
mlp,validation,2023-10,country_th,country_372,0.0,0.6646479964256287
mlp,validation,2023-11,country_th,country_372,1.0,0.5046252608299255
mlp,validation,2023-12,country_th,country_372,1.0,0.6223267316818237
mlp,validation,2023-01,country_th,country_380,0.0,0.5911992192268372
mlp,validation,2023-02,country_th,country_380,0.0,0.5828796625137329
mlp,validation,2023-03,country_th,country_380,1.0,0.5720104575157166
mlp,validation,2023-04,country_th,country_380,0.0,0.6434385180473328
mlp,validation,2023-05,country_th,country_380,0.0,0.5804122090339661
mlp,validation,2023-06,country_th,country_380,0.0,0.6595770120620728
mlp,validation,2023-07,country_th,country_380,1.0,0.6388640999794006
mlp,validation,2023-08,country_th,country_380,0.0,0.7271250486373901
mlp,validation,2023-09,country_th,country_380,1.0,0.5649453401565552
mlp,validation,2023-10,country_th,country_380,1.0,0.6014556884765625
mlp,validation,2023-11,country_th,country_380,1.0,0.6534416675567627
mlp,validation,2023-12,country_th,country_380,0.0,0.7127130031585693
mlp,validation,2023-01,country_th,country_cn,0.0,0.5488793849945068
mlp,validation,2023-02,country_th,country_cn,0.0,0.5331642031669617
mlp,validation,2023-03,country_th,country_cn,0.0,0.2802363336086273
mlp,validation,2023-04,country_th,country_cn,1.0,0.3049659729003906
mlp,validation,2023-05,country_th,country_cn,0.0,0.3318668603897095
mlp,validation,2023-06,country_th,country_cn,0.0,0.33960312604904175
mlp,validation,2023-07,country_th,country_cn,0.0,0.30307736992836
mlp,validation,2023-08,country_th,country_cn,0.0,0.3454221785068512
mlp,validation,2023-09,country_th,country_cn,0.0,0.3037104904651642
mlp,validation,2023-10,country_th,country_cn,0.0,0.3157900273799896
mlp,validation,2023-11,country_th,country_cn,0.0,0.30049341917037964
mlp,validation,2023-12,country_th,country_cn,0.0,0.3130684792995453
mlp,validation,2023-01,country_th,country_de,0.0,0.3361735939979553
mlp,validation,2023-02,country_th,country_de,0.0,0.44904422760009766
mlp,validation,2023-03,country_th,country_de,0.0,0.3173486292362213
mlp,validation,2023-04,country_th,country_de,0.0,0.3344823122024536
mlp,validation,2023-05,country_th,country_de,0.0,0.30920669436454773
mlp,validation,2023-06,country_th,country_de,0.0,0.4169192910194397
mlp,validation,2023-07,country_th,country_de,0.0,0.37760552763938904
mlp,validation,2023-08,country_th,country_de,0.0,0.3704769015312195
mlp,validation,2023-09,country_th,country_de,0.0,0.38111624121665955
mlp,validation,2023-10,country_th,country_de,0.0,0.40031182765960693
mlp,validation,2023-11,country_th,country_de,0.0,0.44385889172554016
mlp,validation,2023-12,country_th,country_de,0.0,0.5138948559761047
mlp,validation,2023-01,country_th,country_fr,0.0,0.3905838429927826
mlp,validation,2023-02,country_th,country_fr,0.0,0.5736443400382996
mlp,validation,2023-03,country_th,country_fr,0.0,0.3362073600292206
mlp,validation,2023-04,country_th,country_fr,0.0,0.35381707549095154
mlp,validation,2023-05,country_th,country_fr,0.0,0.35954928398132324
mlp,validation,2023-06,country_th,country_fr,0.0,0.37784630060195923
mlp,validation,2023-07,country_th,country_fr,0.0,0.540841281414032
mlp,validation,2023-08,country_th,country_fr,0.0,0.6291372776031494
mlp,validation,2023-09,country_th,country_fr,0.0,0.4909537136554718
mlp,validation,2023-10,country_th,country_fr,0.0,0.3569905459880829
mlp,validation,2023-11,country_th,country_fr,1.0,0.5071262717247009
mlp,validation,2023-12,country_th,country_fr,0.0,0.5010216236114502
mlp,validation,2023-01,country_th,country_gb,0.0,0.36796650290489197
mlp,validation,2023-02,country_th,country_gb,0.0,0.588884711265564
mlp,validation,2023-03,country_th,country_gb,0.0,0.3523157835006714
mlp,validation,2023-04,country_th,country_gb,0.0,0.4147697985172272
mlp,validation,2023-05,country_th,country_gb,0.0,0.34397435188293457
mlp,validation,2023-06,country_th,country_gb,0.0,0.47126689553260803
mlp,validation,2023-07,country_th,country_gb,0.0,0.3744908571243286
mlp,validation,2023-08,country_th,country_gb,1.0,0.5722162127494812
mlp,validation,2023-09,country_th,country_gb,0.0,0.5269728899002075
mlp,validation,2023-10,country_th,country_gb,1.0,0.3296376168727875
mlp,validation,2023-11,country_th,country_gb,1.0,0.4600152373313904
mlp,validation,2023-12,country_th,country_gb,1.0,0.4207070767879486
mlp,validation,2023-01,country_th,country_in,0.0,0.321614533662796
mlp,validation,2023-02,country_th,country_in,0.0,0.3889959752559662
mlp,validation,2023-03,country_th,country_in,0.0,0.28240281343460083
mlp,validation,2023-04,country_th,country_in,0.0,0.3203522861003876
mlp,validation,2023-05,country_th,country_in,0.0,0.31964752078056335
mlp,validation,2023-06,country_th,country_in,1.0,0.3996606171131134
mlp,validation,2023-07,country_th,country_in,1.0,0.30085521936416626
mlp,validation,2023-08,country_th,country_in,0.0,0.3356470465660095
mlp,validation,2023-09,country_th,country_in,1.0,0.32180139422416687
mlp,validation,2023-10,country_th,country_in,1.0,0.36478736996650696
mlp,validation,2023-11,country_th,country_in,0.0,0.41820022463798523
mlp,validation,2023-12,country_th,country_in,0.0,0.3093239665031433
mlp,validation,2023-01,country_th,country_jp,0.0,0.4530312716960907
mlp,validation,2023-02,country_th,country_jp,0.0,0.4711271822452545
mlp,validation,2023-03,country_th,country_jp,0.0,0.38777071237564087
mlp,validation,2023-04,country_th,country_jp,0.0,0.3434213697910309
mlp,validation,2023-05,country_th,country_jp,0.0,0.3225637376308441
mlp,validation,2023-06,country_th,country_jp,0.0,0.5759451985359192
mlp,validation,2023-07,country_th,country_jp,0.0,0.36465567350387573
mlp,validation,2023-08,country_th,country_jp,0.0,0.5016974210739136
mlp,validation,2023-09,country_th,country_jp,0.0,0.4474412500858307
mlp,validation,2023-10,country_th,country_jp,0.0,0.3305015563964844
mlp,validation,2023-11,country_th,country_jp,0.0,0.31364724040031433
mlp,validation,2023-12,country_th,country_jp,0.0,0.32252630591392517
mlp,validation,2023-01,country_th,country_kr,0.0,0.43183210492134094
mlp,validation,2023-02,country_th,country_kr,0.0,0.5127202868461609
mlp,validation,2023-03,country_th,country_kr,0.0,0.33121830224990845
mlp,validation,2023-04,country_th,country_kr,0.0,0.46360766887664795
mlp,validation,2023-05,country_th,country_kr,0.0,0.3349224925041199
mlp,validation,2023-06,country_th,country_kr,0.0,0.40257135033607483
mlp,validation,2023-07,country_th,country_kr,0.0,0.3364220857620239
mlp,validation,2023-08,country_th,country_kr,0.0,0.3686007261276245
mlp,validation,2023-09,country_th,country_kr,0.0,0.36673703789711
mlp,validation,2023-10,country_th,country_kr,0.0,0.33498308062553406
mlp,validation,2023-11,country_th,country_kr,0.0,0.35107699036598206
mlp,validation,2023-12,country_th,country_kr,0.0,0.36730149388313293
mlp,validation,2023-01,country_th,country_mx,0.0,0.5180895328521729
mlp,validation,2023-02,country_th,country_mx,0.0,0.496545672416687
mlp,validation,2023-03,country_th,country_mx,0.0,0.3037339746952057
mlp,validation,2023-04,country_th,country_mx,0.0,0.29312998056411743
mlp,validation,2023-05,country_th,country_mx,0.0,0.3506394326686859
mlp,validation,2023-06,country_th,country_mx,0.0,0.3811454176902771
mlp,validation,2023-07,country_th,country_mx,0.0,0.40572112798690796
mlp,validation,2023-08,country_th,country_mx,0.0,0.37771883606910706
mlp,validation,2023-09,country_th,country_mx,0.0,0.40106046199798584
mlp,validation,2023-10,country_th,country_mx,0.0,0.3623560070991516
mlp,validation,2023-11,country_th,country_mx,0.0,0.3167326748371124
mlp,validation,2023-12,country_th,country_mx,1.0,0.5118395686149597
mlp,validation,2023-01,country_th,country_my,1.0,0.4601326286792755
mlp,validation,2023-02,country_th,country_my,0.0,0.5125535130500793
mlp,validation,2023-03,country_th,country_my,1.0,0.3210671842098236
mlp,validation,2023-04,country_th,country_my,1.0,0.41454407572746277
mlp,validation,2023-05,country_th,country_my,1.0,0.34656745195388794
mlp,validation,2023-06,country_th,country_my,1.0,0.5291176438331604
mlp,validation,2023-07,country_th,country_my,1.0,0.35297733545303345
mlp,validation,2023-08,country_th,country_my,0.0,0.36988550424575806
mlp,validation,2023-09,country_th,country_my,0.0,0.32095152139663696
mlp,validation,2023-10,country_th,country_my,0.0,0.3634099066257477
mlp,validation,2023-11,country_th,country_my,0.0,0.3233736753463745
mlp,validation,2023-12,country_th,country_my,0.0,0.3555617332458496
mlp,validation,2023-01,country_th,country_ph,0.0,0.41100141406059265
mlp,validation,2023-02,country_th,country_ph,0.0,0.5491546392440796
mlp,validation,2023-03,country_th,country_ph,1.0,0.35434088110923767
mlp,validation,2023-04,country_th,country_ph,0.0,0.4125833809375763
mlp,validation,2023-05,country_th,country_ph,0.0,0.32740068435668945
mlp,validation,2023-06,country_th,country_ph,0.0,0.5230088829994202
mlp,validation,2023-07,country_th,country_ph,0.0,0.40461891889572144
mlp,validation,2023-08,country_th,country_ph,0.0,0.4171071946620941
mlp,validation,2023-09,country_th,country_ph,1.0,0.4114488959312439
mlp,validation,2023-10,country_th,country_ph,1.0,0.3970327079296112
mlp,validation,2023-11,country_th,country_ph,0.0,0.4316469132900238
mlp,validation,2023-12,country_th,country_ph,0.0,0.35282447934150696
mlp,validation,2023-01,country_th,country_sg,1.0,0.5879140496253967
mlp,validation,2023-02,country_th,country_sg,1.0,0.6256550550460815
mlp,validation,2023-03,country_th,country_sg,1.0,0.310987651348114
mlp,validation,2023-04,country_th,country_sg,0.0,0.3002185523509979
mlp,validation,2023-05,country_th,country_sg,0.0,0.3696250915527344
mlp,validation,2023-06,country_th,country_sg,0.0,0.38789328932762146
mlp,validation,2023-07,country_th,country_sg,0.0,0.29799216985702515
mlp,validation,2023-08,country_th,country_sg,0.0,0.36849862337112427
mlp,validation,2023-09,country_th,country_sg,0.0,0.30940893292427063
mlp,validation,2023-10,country_th,country_sg,1.0,0.40499794483184814
mlp,validation,2023-11,country_th,country_sg,1.0,0.4380226135253906
mlp,validation,2023-12,country_th,country_sg,1.0,0.34934380650520325
mlp,validation,2023-01,country_th,country_us,0.0,0.3013799488544464
mlp,validation,2023-02,country_th,country_us,0.0,0.37844985723495483
mlp,validation,2023-03,country_th,country_us,0.0,0.2630651891231537
mlp,validation,2023-04,country_th,country_us,0.0,0.3152422308921814
mlp,validation,2023-05,country_th,country_us,0.0,0.26554012298583984
mlp,validation,2023-06,country_th,country_us,0.0,0.33339548110961914
mlp,validation,2023-07,country_th,country_us,0.0,0.2800125479698181
mlp,validation,2023-08,country_th,country_us,0.0,0.3305060565471649
mlp,validation,2023-09,country_th,country_us,0.0,0.29547539353370667
mlp,validation,2023-10,country_th,country_us,0.0,0.27719953656196594
mlp,validation,2023-11,country_th,country_us,1.0,0.32599470019340515
mlp,validation,2023-12,country_th,country_us,0.0,0.32522398233413696
mlp,validation,2023-01,country_th,country_vn,0.0,0.36116454005241394
mlp,validation,2023-02,country_th,country_vn,0.0,0.48009639978408813
mlp,validation,2023-03,country_th,country_vn,0.0,0.36377981305122375
mlp,validation,2023-04,country_th,country_vn,0.0,0.522678554058075
mlp,validation,2023-05,country_th,country_vn,0.0,0.4801340401172638
mlp,validation,2023-06,country_th,country_vn,0.0,0.4476374685764313
mlp,validation,2023-07,country_th,country_vn,0.0,0.3398899734020233
mlp,validation,2023-08,country_th,country_vn,1.0,0.4204992949962616
mlp,validation,2023-09,country_th,country_vn,0.0,0.3764018416404724
mlp,validation,2023-10,country_th,country_vn,1.0,0.4240073561668396
mlp,validation,2023-11,country_th,country_vn,1.0,0.3458521068096161
mlp,validation,2023-01,country_tw,country_203,1.0,0.503444254398346
mlp,validation,2023-02,country_tw,country_203,0.0,0.6531359553337097
mlp,validation,2023-03,country_tw,country_203,1.0,0.519616961479187
mlp,validation,2023-04,country_tw,country_203,1.0,0.6498228907585144
mlp,validation,2023-05,country_tw,country_203,0.0,0.5066641569137573
mlp,validation,2023-06,country_tw,country_203,1.0,0.5180016160011292
mlp,validation,2023-07,country_tw,country_203,0.0,0.5303805470466614
mlp,validation,2023-08,country_tw,country_203,1.0,0.45740434527397156
mlp,validation,2023-09,country_tw,country_203,0.0,0.5213523507118225
mlp,validation,2023-10,country_tw,country_203,1.0,0.5742174983024597
mlp,validation,2023-11,country_tw,country_203,1.0,0.5619065165519714
mlp,validation,2023-12,country_tw,country_203,0.0,0.5744307041168213
mlp,validation,2023-01,country_tw,country_344,1.0,0.5163918137550354
mlp,validation,2023-02,country_tw,country_344,0.0,0.5258700847625732
mlp,validation,2023-03,country_tw,country_344,0.0,0.36807122826576233
mlp,validation,2023-04,country_tw,country_344,0.0,0.3959634006023407
mlp,validation,2023-05,country_tw,country_344,0.0,0.4484418034553528
mlp,validation,2023-06,country_tw,country_344,0.0,0.3998144865036011
mlp,validation,2023-07,country_tw,country_344,0.0,0.4167637825012207
mlp,validation,2023-08,country_tw,country_344,0.0,0.4152414798736572
mlp,validation,2023-09,country_tw,country_344,0.0,0.39482688903808594
mlp,validation,2023-10,country_tw,country_344,0.0,0.4155360758304596
mlp,validation,2023-11,country_tw,country_344,0.0,0.4283667206764221
mlp,validation,2023-12,country_tw,country_344,1.0,0.4050087034702301
mlp,validation,2023-01,country_tw,country_372,0.0,0.6977047324180603
mlp,validation,2023-02,country_tw,country_372,1.0,0.7025658488273621
mlp,validation,2023-03,country_tw,country_372,1.0,0.553806722164154
mlp,validation,2023-04,country_tw,country_372,0.0,0.7168503999710083
mlp,validation,2023-05,country_tw,country_372,0.0,0.5387156009674072
mlp,validation,2023-06,country_tw,country_372,0.0,0.5035191178321838
mlp,validation,2023-07,country_tw,country_372,1.0,0.545640766620636
mlp,validation,2023-08,country_tw,country_372,0.0,0.6373693346977234
mlp,validation,2023-09,country_tw,country_372,0.0,0.6936832070350647
mlp,validation,2023-10,country_tw,country_372,0.0,0.6452641487121582
mlp,validation,2023-11,country_tw,country_372,1.0,0.4680156707763672
mlp,validation,2023-12,country_tw,country_372,1.0,0.5340173244476318
mlp,validation,2023-01,country_tw,country_380,0.0,0.5121448040008545
mlp,validation,2023-02,country_tw,country_380,0.0,0.5191909670829773
mlp,validation,2023-03,country_tw,country_380,1.0,0.5346260666847229
mlp,validation,2023-04,country_tw,country_380,1.0,0.6043696999549866
mlp,validation,2023-05,country_tw,country_380,0.0,0.5458883047103882
mlp,validation,2023-06,country_tw,country_380,1.0,0.5979921221733093
mlp,validation,2023-07,country_tw,country_380,1.0,0.6272565722465515
mlp,validation,2023-08,country_tw,country_380,1.0,0.6782991886138916
mlp,validation,2023-09,country_tw,country_380,1.0,0.544754147529602
mlp,validation,2023-10,country_tw,country_380,1.0,0.5717566609382629
mlp,validation,2023-11,country_tw,country_380,1.0,0.6443765759468079
mlp,validation,2023-12,country_tw,country_380,0.0,0.6961624026298523
mlp,validation,2023-01,country_tw,country_cn,1.0,0.5082047581672668
mlp,validation,2023-02,country_tw,country_cn,0.0,0.4062079191207886
mlp,validation,2023-03,country_tw,country_cn,0.0,0.22815965116024017
mlp,validation,2023-04,country_tw,country_cn,0.0,0.25746843218803406
mlp,validation,2023-05,country_tw,country_cn,0.0,0.2830817699432373
mlp,validation,2023-06,country_tw,country_cn,0.0,0.2531302571296692
mlp,validation,2023-07,country_tw,country_cn,0.0,0.25803571939468384
mlp,validation,2023-08,country_tw,country_cn,0.0,0.26332899928092957
mlp,validation,2023-09,country_tw,country_cn,0.0,0.2547513246536255
mlp,validation,2023-10,country_tw,country_cn,0.0,0.2624210715293884
mlp,validation,2023-11,country_tw,country_cn,0.0,0.26113423705101013
mlp,validation,2023-12,country_tw,country_cn,0.0,0.2582639753818512
mlp,validation,2023-01,country_tw,country_de,0.0,0.304516077041626
mlp,validation,2023-02,country_tw,country_de,0.0,0.34343647956848145
mlp,validation,2023-03,country_tw,country_de,0.0,0.2877040505409241
mlp,validation,2023-04,country_tw,country_de,0.0,0.30236488580703735
mlp,validation,2023-05,country_tw,country_de,0.0,0.28573086857795715
mlp,validation,2023-06,country_tw,country_de,0.0,0.3275715112686157
mlp,validation,2023-07,country_tw,country_de,0.0,0.3410138189792633
mlp,validation,2023-08,country_tw,country_de,0.0,0.3028828799724579
mlp,validation,2023-09,country_tw,country_de,0.0,0.34414899349212646
mlp,validation,2023-10,country_tw,country_de,0.0,0.36494219303131104
mlp,validation,2023-11,country_tw,country_de,1.0,0.42080166935920715
mlp,validation,2023-12,country_tw,country_de,0.0,0.45554855465888977
mlp,validation,2023-01,country_tw,country_fr,0.0,0.33950433135032654
mlp,validation,2023-02,country_tw,country_fr,0.0,0.4171300232410431
mlp,validation,2023-03,country_tw,country_fr,0.0,0.2820635139942169
mlp,validation,2023-04,country_tw,country_fr,0.0,0.30501654744148254
mlp,validation,2023-05,country_tw,country_fr,0.0,0.31100600957870483
mlp,validation,2023-06,country_tw,country_fr,0.0,0.2785559296607971
mlp,validation,2023-07,country_tw,country_fr,0.0,0.499803751707077
mlp,validation,2023-08,country_tw,country_fr,0.0,0.5678111910820007
mlp,validation,2023-09,country_tw,country_fr,0.0,0.4323571026325226
mlp,validation,2023-10,country_tw,country_fr,0.0,0.30378106236457825
mlp,validation,2023-11,country_tw,country_fr,0.0,0.45028501749038696
mlp,validation,2023-12,country_tw,country_fr,0.0,0.39972013235092163
mlp,validation,2023-01,country_tw,country_gb,0.0,0.34549251198768616
mlp,validation,2023-02,country_tw,country_gb,0.0,0.4800584614276886
mlp,validation,2023-03,country_tw,country_gb,0.0,0.3234942853450775
mlp,validation,2023-04,country_tw,country_gb,0.0,0.3724672794342041
mlp,validation,2023-05,country_tw,country_gb,0.0,0.3172251284122467
mlp,validation,2023-06,country_tw,country_gb,0.0,0.3497370779514313
mlp,validation,2023-07,country_tw,country_gb,0.0,0.34875521063804626
mlp,validation,2023-08,country_tw,country_gb,0.0,0.5070833563804626
mlp,validation,2023-09,country_tw,country_gb,0.0,0.4904561936855316
mlp,validation,2023-10,country_tw,country_gb,0.0,0.297773540019989
mlp,validation,2023-11,country_tw,country_gb,0.0,0.4112178385257721
mlp,validation,2023-12,country_tw,country_gb,0.0,0.35075515508651733
mlp,validation,2023-01,country_tw,country_in,0.0,0.2812264859676361
mlp,validation,2023-02,country_tw,country_in,0.0,0.27830708026885986
mlp,validation,2023-03,country_tw,country_in,0.0,0.243812695145607
mlp,validation,2023-04,country_tw,country_in,0.0,0.2795403301715851
mlp,validation,2023-05,country_tw,country_in,0.0,0.2846371531486511
mlp,validation,2023-06,country_tw,country_in,0.0,0.3003263473510742
mlp,validation,2023-07,country_tw,country_in,0.0,0.2568775415420532
mlp,validation,2023-08,country_tw,country_in,0.0,0.25987187027931213
mlp,validation,2023-09,country_tw,country_in,0.0,0.2768179774284363
mlp,validation,2023-10,country_tw,country_in,0.0,0.317859947681427
mlp,validation,2023-11,country_tw,country_in,0.0,0.356764018535614
mlp,validation,2023-12,country_tw,country_in,0.0,0.2627299726009369
mlp,validation,2023-01,country_tw,country_jp,0.0,0.38072824478149414
mlp,validation,2023-02,country_tw,country_jp,0.0,0.3299677073955536
mlp,validation,2023-03,country_tw,country_jp,0.0,0.3230053186416626
mlp,validation,2023-04,country_tw,country_jp,0.0,0.28748005628585815
mlp,validation,2023-05,country_tw,country_jp,1.0,0.27923914790153503
mlp,validation,2023-06,country_tw,country_jp,0.0,0.46251150965690613
mlp,validation,2023-07,country_tw,country_jp,0.0,0.3093043565750122
mlp,validation,2023-08,country_tw,country_jp,1.0,0.3725587725639343
mlp,validation,2023-09,country_tw,country_jp,0.0,0.37003400921821594
mlp,validation,2023-10,country_tw,country_jp,0.0,0.2782006859779358
mlp,validation,2023-11,country_tw,country_jp,0.0,0.27937206625938416
mlp,validation,2023-12,country_tw,country_jp,1.0,0.26994654536247253
mlp,validation,2023-01,country_tw,country_kr,0.0,0.3618348240852356
mlp,validation,2023-02,country_tw,country_kr,0.0,0.35032743215560913
mlp,validation,2023-03,country_tw,country_kr,0.0,0.268970787525177
mlp,validation,2023-04,country_tw,country_kr,0.0,0.3691329061985016
mlp,validation,2023-05,country_tw,country_kr,0.0,0.28115129470825195
mlp,validation,2023-06,country_tw,country_kr,0.0,0.295259952545166
mlp,validation,2023-07,country_tw,country_kr,0.0,0.28218361735343933
mlp,validation,2023-08,country_tw,country_kr,0.0,0.27804139256477356
mlp,validation,2023-09,country_tw,country_kr,0.0,0.3006671965122223
mlp,validation,2023-10,country_tw,country_kr,0.0,0.2767620384693146
mlp,validation,2023-11,country_tw,country_kr,0.0,0.3051992952823639
mlp,validation,2023-12,country_tw,country_kr,0.0,0.3059968948364258
mlp,validation,2023-01,country_tw,country_mx,0.0,0.4409678280353546
mlp,validation,2023-02,country_tw,country_mx,0.0,0.3475061357021332
mlp,validation,2023-03,country_tw,country_mx,0.0,0.2689646780490875
mlp,validation,2023-04,country_tw,country_mx,0.0,0.2520284950733185
mlp,validation,2023-05,country_tw,country_mx,0.0,0.29997676610946655
mlp,validation,2023-06,country_tw,country_mx,0.0,0.27690598368644714
mlp,validation,2023-07,country_tw,country_mx,0.0,0.35061997175216675
mlp,validation,2023-08,country_tw,country_mx,0.0,0.280509889125824
mlp,validation,2023-09,country_tw,country_mx,0.0,0.34137940406799316
mlp,validation,2023-10,country_tw,country_mx,0.0,0.29790034890174866
mlp,validation,2023-11,country_tw,country_mx,0.0,0.2763535976409912
mlp,validation,2023-12,country_tw,country_mx,0.0,0.4274280369281769
mlp,validation,2023-01,country_tw,country_my,0.0,0.3963947594165802
mlp,validation,2023-02,country_tw,country_my,0.0,0.36154016852378845
mlp,validation,2023-03,country_tw,country_my,0.0,0.2681308388710022
mlp,validation,2023-04,country_tw,country_my,0.0,0.33181577920913696
mlp,validation,2023-05,country_tw,country_my,1.0,0.2928011119365692
mlp,validation,2023-06,country_tw,country_my,1.0,0.37394431233406067
mlp,validation,2023-07,country_tw,country_my,0.0,0.30049553513526917
mlp,validation,2023-08,country_tw,country_my,0.0,0.28288325667381287
mlp,validation,2023-09,country_tw,country_my,0.0,0.27353066205978394
mlp,validation,2023-10,country_tw,country_my,0.0,0.30117660760879517
mlp,validation,2023-11,country_tw,country_my,0.0,0.2835276126861572
mlp,validation,2023-12,country_tw,country_my,0.0,0.2901453673839569
mlp,validation,2023-01,country_tw,country_ph,0.0,0.3680315613746643
mlp,validation,2023-02,country_tw,country_ph,0.0,0.3871225118637085
mlp,validation,2023-03,country_tw,country_ph,1.0,0.3087996244430542
mlp,validation,2023-04,country_tw,country_ph,0.0,0.34611719846725464
mlp,validation,2023-05,country_tw,country_ph,1.0,0.29270413517951965
mlp,validation,2023-06,country_tw,country_ph,1.0,0.3831731379032135
mlp,validation,2023-07,country_tw,country_ph,1.0,0.3524768650531769
mlp,validation,2023-08,country_tw,country_ph,1.0,0.3264094591140747
mlp,validation,2023-09,country_tw,country_ph,1.0,0.353927344083786
mlp,validation,2023-10,country_tw,country_ph,1.0,0.35136088728904724
mlp,validation,2023-11,country_tw,country_ph,1.0,0.3848513960838318
mlp,validation,2023-12,country_tw,country_ph,1.0,0.3082638680934906
mlp,validation,2023-01,country_tw,country_sg,1.0,0.56734699010849
mlp,validation,2023-02,country_tw,country_sg,0.0,0.5346801280975342
mlp,validation,2023-03,country_tw,country_sg,0.0,0.26280760765075684
mlp,validation,2023-04,country_tw,country_sg,0.0,0.25398313999176025
mlp,validation,2023-05,country_tw,country_sg,0.0,0.32067763805389404
mlp,validation,2023-06,country_tw,country_sg,0.0,0.29594048857688904
mlp,validation,2023-07,country_tw,country_sg,0.0,0.2583387494087219
mlp,validation,2023-08,country_tw,country_sg,0.0,0.28670093417167664
mlp,validation,2023-09,country_tw,country_sg,0.0,0.2625022232532501
mlp,validation,2023-10,country_tw,country_sg,0.0,0.33341431617736816
mlp,validation,2023-11,country_tw,country_sg,0.0,0.3784559965133667
mlp,validation,2023-12,country_tw,country_sg,0.0,0.28987595438957214
mlp,validation,2023-01,country_tw,country_th,0.0,0.2762494683265686
mlp,validation,2023-02,country_tw,country_th,0.0,0.3841169774532318
mlp,validation,2023-03,country_tw,country_th,0.0,0.2724955976009369
mlp,validation,2023-04,country_tw,country_th,0.0,0.30386409163475037
mlp,validation,2023-05,country_tw,country_th,1.0,0.278704971075058
mlp,validation,2023-06,country_tw,country_th,0.0,0.362721711397171
mlp,validation,2023-07,country_tw,country_th,0.0,0.27195510268211365
mlp,validation,2023-08,country_tw,country_th,0.0,0.3272359371185303
mlp,validation,2023-09,country_tw,country_th,0.0,0.291286826133728
mlp,validation,2023-10,country_tw,country_th,0.0,0.26430124044418335
mlp,validation,2023-11,country_tw,country_th,0.0,0.29748913645744324
mlp,validation,2023-12,country_tw,country_th,0.0,0.3129523992538452
mlp,validation,2023-01,country_tw,country_us,0.0,0.2881450653076172
mlp,validation,2023-02,country_tw,country_us,0.0,0.31166860461235046
mlp,validation,2023-03,country_tw,country_us,0.0,0.25113192200660706
mlp,validation,2023-04,country_tw,country_us,0.0,0.2921752333641052
mlp,validation,2023-05,country_tw,country_us,0.0,0.2546722888946533
mlp,validation,2023-06,country_tw,country_us,0.0,0.2820601165294647
mlp,validation,2023-07,country_tw,country_us,0.0,0.2655608355998993
mlp,validation,2023-08,country_tw,country_us,0.0,0.2866270840167999
mlp,validation,2023-09,country_tw,country_us,0.0,0.2757302522659302
mlp,validation,2023-10,country_tw,country_us,0.0,0.26293516159057617
mlp,validation,2023-11,country_tw,country_us,0.0,0.31320977210998535
mlp,validation,2023-12,country_tw,country_us,0.0,0.29825469851493835
mlp,validation,2023-01,country_tw,country_vn,0.0,0.31798461079597473
mlp,validation,2023-02,country_tw,country_vn,0.0,0.36443573236465454
mlp,validation,2023-03,country_tw,country_vn,0.0,0.31243622303009033
mlp,validation,2023-04,country_tw,country_vn,0.0,0.4264353811740875
mlp,validation,2023-05,country_tw,country_vn,0.0,0.4194619953632355
mlp,validation,2023-06,country_tw,country_vn,0.0,0.3337841331958771
mlp,validation,2023-07,country_tw,country_vn,0.0,0.29716354608535767
mlp,validation,2023-08,country_tw,country_vn,0.0,0.3040970265865326
mlp,validation,2023-09,country_tw,country_vn,0.0,0.29503166675567627
mlp,validation,2023-10,country_tw,country_vn,0.0,0.31838446855545044
mlp,validation,2023-11,country_tw,country_vn,0.0,0.3088500201702118
mlp,validation,2023-01,country_us,country_203,0.0,0.6515109539031982
mlp,validation,2023-02,country_us,country_203,0.0,0.7351086139678955
mlp,validation,2023-03,country_us,country_203,0.0,0.7055870890617371
mlp,validation,2023-04,country_us,country_203,0.0,0.7453871369361877
mlp,validation,2023-05,country_us,country_203,0.0,0.6445212960243225
mlp,validation,2023-06,country_us,country_203,0.0,0.6671109795570374
mlp,validation,2023-07,country_us,country_203,0.0,0.640135645866394
mlp,validation,2023-08,country_us,country_203,1.0,0.6420828104019165
mlp,validation,2023-09,country_us,country_203,1.0,0.6537778377532959
mlp,validation,2023-10,country_us,country_203,0.0,0.701224684715271
mlp,validation,2023-11,country_us,country_203,1.0,0.6798177361488342
mlp,validation,2023-12,country_us,country_203,1.0,0.6533318161964417
mlp,validation,2023-01,country_us,country_344,1.0,0.649889349937439
mlp,validation,2023-02,country_us,country_344,0.0,0.6530416011810303
mlp,validation,2023-03,country_us,country_344,0.0,0.6224926710128784
mlp,validation,2023-04,country_us,country_344,0.0,0.6240013837814331
mlp,validation,2023-05,country_us,country_344,0.0,0.6160515546798706
mlp,validation,2023-06,country_us,country_344,0.0,0.5907644033432007
mlp,validation,2023-07,country_us,country_344,0.0,0.5936788320541382
mlp,validation,2023-08,country_us,country_344,0.0,0.6170250773429871
mlp,validation,2023-09,country_us,country_344,0.0,0.588690459728241
mlp,validation,2023-10,country_us,country_344,0.0,0.6018171906471252
mlp,validation,2023-11,country_us,country_344,0.0,0.6127355098724365
mlp,validation,2023-12,country_us,country_344,0.0,0.5727938413619995
mlp,validation,2023-01,country_us,country_372,0.0,0.7205438017845154
mlp,validation,2023-02,country_us,country_372,1.0,0.7340920567512512
mlp,validation,2023-03,country_us,country_372,1.0,0.6873523592948914
mlp,validation,2023-04,country_us,country_372,0.0,0.7702800631523132
mlp,validation,2023-05,country_us,country_372,0.0,0.6304547786712646
mlp,validation,2023-06,country_us,country_372,0.0,0.5776474475860596
mlp,validation,2023-07,country_us,country_372,1.0,0.6162068247795105
mlp,validation,2023-08,country_us,country_372,1.0,0.6810344457626343
mlp,validation,2023-09,country_us,country_372,1.0,0.7147694230079651
mlp,validation,2023-10,country_us,country_372,1.0,0.7016578912734985
mlp,validation,2023-11,country_us,country_372,1.0,0.5960478186607361
mlp,validation,2023-12,country_us,country_372,1.0,0.6312427520751953
mlp,validation,2023-01,country_us,country_380,0.0,0.6483408212661743
mlp,validation,2023-02,country_us,country_380,0.0,0.6448046565055847
mlp,validation,2023-03,country_us,country_380,1.0,0.7044363617897034
mlp,validation,2023-04,country_us,country_380,1.0,0.7240376472473145
mlp,validation,2023-05,country_us,country_380,0.0,0.670077383518219
mlp,validation,2023-06,country_us,country_380,0.0,0.6913274526596069
mlp,validation,2023-07,country_us,country_380,1.0,0.6980196833610535
mlp,validation,2023-08,country_us,country_380,0.0,0.7720378637313843
mlp,validation,2023-09,country_us,country_380,0.0,0.6565180420875549
mlp,validation,2023-10,country_us,country_380,0.0,0.6793470978736877
mlp,validation,2023-11,country_us,country_380,0.0,0.7122675180435181
mlp,validation,2023-12,country_us,country_380,0.0,0.7261747121810913
mlp,validation,2023-01,country_us,country_cn,1.0,0.6708159446716309
mlp,validation,2023-02,country_us,country_cn,1.0,0.6347998976707458
mlp,validation,2023-03,country_us,country_cn,1.0,0.5667254328727722
mlp,validation,2023-04,country_us,country_cn,1.0,0.5560898780822754
mlp,validation,2023-05,country_us,country_cn,1.0,0.5411086082458496
mlp,validation,2023-06,country_us,country_cn,0.0,0.490885466337204
mlp,validation,2023-07,country_us,country_cn,0.0,0.48095762729644775
mlp,validation,2023-08,country_us,country_cn,0.0,0.5482520461082458
mlp,validation,2023-09,country_us,country_cn,0.0,0.49605685472488403
mlp,validation,2023-10,country_us,country_cn,0.0,0.5145528316497803
mlp,validation,2023-11,country_us,country_cn,0.0,0.5416265726089478
mlp,validation,2023-12,country_us,country_cn,0.0,0.46061384677886963
mlp,validation,2023-01,country_us,country_de,0.0,0.5362125635147095
mlp,validation,2023-02,country_us,country_de,0.0,0.5870718359947205
mlp,validation,2023-03,country_us,country_de,0.0,0.6446105241775513
mlp,validation,2023-04,country_us,country_de,0.0,0.6098023056983948
mlp,validation,2023-05,country_us,country_de,0.0,0.5216531753540039
mlp,validation,2023-06,country_us,country_de,0.0,0.5780287384986877
mlp,validation,2023-07,country_us,country_de,0.0,0.5843043923377991
mlp,validation,2023-08,country_us,country_de,0.0,0.5873677730560303
mlp,validation,2023-09,country_us,country_de,1.0,0.590679407119751
mlp,validation,2023-10,country_us,country_de,1.0,0.6200546622276306
mlp,validation,2023-11,country_us,country_de,1.0,0.6657704710960388
mlp,validation,2023-12,country_us,country_de,1.0,0.6523030400276184
mlp,validation,2023-01,country_us,country_fr,1.0,0.5749878287315369
mlp,validation,2023-02,country_us,country_fr,1.0,0.6334505081176758
mlp,validation,2023-03,country_us,country_fr,1.0,0.6504228115081787
mlp,validation,2023-04,country_us,country_fr,0.0,0.6409509181976318
mlp,validation,2023-05,country_us,country_fr,1.0,0.5833814144134521
mlp,validation,2023-06,country_us,country_fr,1.0,0.5618042945861816
mlp,validation,2023-07,country_us,country_fr,1.0,0.6841946244239807
mlp,validation,2023-08,country_us,country_fr,1.0,0.7265013456344604
mlp,validation,2023-09,country_us,country_fr,0.0,0.6751970648765564
mlp,validation,2023-10,country_us,country_fr,0.0,0.5691837072372437
mlp,validation,2023-11,country_us,country_fr,0.0,0.699193000793457
mlp,validation,2023-12,country_us,country_fr,0.0,0.6427568197250366
mlp,validation,2023-01,country_us,country_gb,0.0,0.5622967481613159
mlp,validation,2023-02,country_us,country_gb,0.0,0.6574223637580872
mlp,validation,2023-03,country_us,country_gb,0.0,0.6479578614234924
mlp,validation,2023-04,country_us,country_gb,0.0,0.6377896666526794
mlp,validation,2023-05,country_us,country_gb,0.0,0.5552003979682922
mlp,validation,2023-06,country_us,country_gb,1.0,0.5926684737205505
mlp,validation,2023-07,country_us,country_gb,0.0,0.5672063231468201
mlp,validation,2023-08,country_us,country_gb,1.0,0.6958091259002686
mlp,validation,2023-09,country_us,country_gb,0.0,0.6685881614685059
mlp,validation,2023-10,country_us,country_gb,0.0,0.5262845158576965
mlp,validation,2023-11,country_us,country_gb,0.0,0.6576824188232422
mlp,validation,2023-12,country_us,country_gb,0.0,0.5657916069030762
mlp,validation,2023-01,country_us,country_in,1.0,0.6013844609260559
mlp,validation,2023-02,country_us,country_in,1.0,0.6058927178382874
mlp,validation,2023-03,country_us,country_in,1.0,0.6406378149986267
mlp,validation,2023-04,country_us,country_in,1.0,0.6541225910186768
mlp,validation,2023-05,country_us,country_in,1.0,0.6180784702301025
mlp,validation,2023-06,country_us,country_in,0.0,0.6314123272895813
mlp,validation,2023-07,country_us,country_in,1.0,0.53525310754776
mlp,validation,2023-08,country_us,country_in,1.0,0.6377239227294922
mlp,validation,2023-09,country_us,country_in,0.0,0.6123298406600952
mlp,validation,2023-10,country_us,country_in,0.0,0.6484668850898743
mlp,validation,2023-11,country_us,country_in,0.0,0.7016593217849731
mlp,validation,2023-12,country_us,country_in,0.0,0.5463300943374634
mlp,validation,2023-01,country_us,country_jp,1.0,0.6272348165512085
mlp,validation,2023-02,country_us,country_jp,0.0,0.5938300490379333
mlp,validation,2023-03,country_us,country_jp,0.0,0.683255136013031
mlp,validation,2023-04,country_us,country_jp,0.0,0.616637647151947
mlp,validation,2023-05,country_us,country_jp,0.0,0.5339462161064148
mlp,validation,2023-06,country_us,country_jp,0.0,0.66164630651474
mlp,validation,2023-07,country_us,country_jp,0.0,0.5614061951637268
mlp,validation,2023-08,country_us,country_jp,0.0,0.6538119912147522
mlp,validation,2023-09,country_us,country_jp,0.0,0.6288893818855286
mlp,validation,2023-10,country_us,country_jp,1.0,0.5456172227859497
mlp,validation,2023-11,country_us,country_jp,0.0,0.575330376625061
mlp,validation,2023-12,country_us,country_jp,0.0,0.4757871627807617
mlp,validation,2023-01,country_us,country_kr,0.0,0.6262195706367493
mlp,validation,2023-02,country_us,country_kr,1.0,0.6199066042900085
mlp,validation,2023-03,country_us,country_kr,0.0,0.669895589351654
mlp,validation,2023-04,country_us,country_kr,0.0,0.6827828884124756
mlp,validation,2023-05,country_us,country_kr,0.0,0.5632455945014954
mlp,validation,2023-06,country_us,country_kr,0.0,0.5755785703659058
mlp,validation,2023-07,country_us,country_kr,0.0,0.5353325009346008
mlp,validation,2023-08,country_us,country_kr,0.0,0.587189257144928
mlp,validation,2023-09,country_us,country_kr,0.0,0.5478522777557373
mlp,validation,2023-10,country_us,country_kr,0.0,0.525114119052887
mlp,validation,2023-11,country_us,country_kr,0.0,0.6096463203430176
mlp,validation,2023-12,country_us,country_kr,0.0,0.549403190612793
mlp,validation,2023-01,country_us,country_mx,0.0,0.7083960175514221
mlp,validation,2023-02,country_us,country_mx,0.0,0.6600231528282166
mlp,validation,2023-03,country_us,country_mx,0.0,0.684999942779541
mlp,validation,2023-04,country_us,country_mx,0.0,0.6162672638893127
mlp,validation,2023-05,country_us,country_mx,0.0,0.6342695951461792
mlp,validation,2023-06,country_us,country_mx,0.0,0.5916072130203247
mlp,validation,2023-07,country_us,country_mx,0.0,0.6490241289138794
mlp,validation,2023-08,country_us,country_mx,0.0,0.6405537724494934
mlp,validation,2023-09,country_us,country_mx,0.0,0.6588509678840637
mlp,validation,2023-10,country_us,country_mx,0.0,0.6325621604919434
mlp,validation,2023-11,country_us,country_mx,0.0,0.6339756846427917
mlp,validation,2023-12,country_us,country_mx,0.0,0.6854193210601807
mlp,validation,2023-01,country_us,country_my,1.0,0.5985574722290039
mlp,validation,2023-02,country_us,country_my,1.0,0.5912458300590515
mlp,validation,2023-03,country_us,country_my,1.0,0.6002581715583801
mlp,validation,2023-04,country_us,country_my,1.0,0.6332806944847107
mlp,validation,2023-05,country_us,country_my,1.0,0.5122608542442322
mlp,validation,2023-06,country_us,country_my,0.0,0.6007038950920105
mlp,validation,2023-07,country_us,country_my,0.0,0.512320339679718
mlp,validation,2023-08,country_us,country_my,0.0,0.5582542419433594
mlp,validation,2023-09,country_us,country_my,0.0,0.47717154026031494
mlp,validation,2023-10,country_us,country_my,0.0,0.5180867910385132
mlp,validation,2023-11,country_us,country_my,0.0,0.5233955979347229
mlp,validation,2023-12,country_us,country_my,0.0,0.4597024619579315
mlp,validation,2023-01,country_us,country_ph,0.0,0.581135630607605
mlp,validation,2023-02,country_us,country_ph,0.0,0.5971671938896179
mlp,validation,2023-03,country_us,country_ph,0.0,0.659705400466919
mlp,validation,2023-04,country_us,country_ph,0.0,0.6412266492843628
mlp,validation,2023-05,country_us,country_ph,0.0,0.521206259727478
mlp,validation,2023-06,country_us,country_ph,0.0,0.6114959716796875
mlp,validation,2023-07,country_us,country_ph,0.0,0.5841863751411438
mlp,validation,2023-08,country_us,country_ph,0.0,0.6089056134223938
mlp,validation,2023-09,country_us,country_ph,0.0,0.5962578058242798
mlp,validation,2023-10,country_us,country_ph,0.0,0.5919957160949707
mlp,validation,2023-11,country_us,country_ph,0.0,0.6375435590744019
mlp,validation,2023-12,country_us,country_ph,0.0,0.5046845078468323
mlp,validation,2023-01,country_us,country_sg,1.0,0.6835816502571106
mlp,validation,2023-02,country_us,country_sg,0.0,0.6980227828025818
mlp,validation,2023-03,country_us,country_sg,0.0,0.6513893604278564
mlp,validation,2023-04,country_us,country_sg,1.0,0.5977212190628052
mlp,validation,2023-05,country_us,country_sg,0.0,0.62469482421875
mlp,validation,2023-06,country_us,country_sg,0.0,0.5917486548423767
mlp,validation,2023-07,country_us,country_sg,0.0,0.521268367767334
mlp,validation,2023-08,country_us,country_sg,0.0,0.6278219819068909
mlp,validation,2023-09,country_us,country_sg,0.0,0.5535773038864136
mlp,validation,2023-10,country_us,country_sg,0.0,0.6430939435958862
mlp,validation,2023-11,country_us,country_sg,1.0,0.6742748022079468
mlp,validation,2023-12,country_us,country_sg,1.0,0.5573931932449341
mlp,validation,2023-01,country_us,country_th,1.0,0.5305281281471252
mlp,validation,2023-02,country_us,country_th,0.0,0.6376233100891113
mlp,validation,2023-03,country_us,country_th,0.0,0.6615133285522461
mlp,validation,2023-04,country_us,country_th,0.0,0.6413209438323975
mlp,validation,2023-05,country_us,country_th,0.0,0.5556342601776123
mlp,validation,2023-06,country_us,country_th,0.0,0.6335113644599915
mlp,validation,2023-07,country_us,country_th,0.0,0.5317041277885437
mlp,validation,2023-08,country_us,country_th,0.0,0.6416047215461731
mlp,validation,2023-09,country_us,country_th,0.0,0.5737693309783936
mlp,validation,2023-10,country_us,country_th,0.0,0.5404080152511597
mlp,validation,2023-11,country_us,country_th,0.0,0.5970906019210815
mlp,validation,2023-12,country_us,country_th,0.0,0.5634530782699585
mlp,validation,2023-01,country_us,country_vn,1.0,0.5904468297958374
mlp,validation,2023-02,country_us,country_vn,0.0,0.6302170753479004
mlp,validation,2023-03,country_us,country_vn,0.0,0.7277678847312927
mlp,validation,2023-04,country_us,country_vn,0.0,0.6772825121879578
mlp,validation,2023-05,country_us,country_vn,0.0,0.646757960319519
mlp,validation,2023-06,country_us,country_vn,0.0,0.5853155851364136
mlp,validation,2023-07,country_us,country_vn,0.0,0.5457941889762878
mlp,validation,2023-08,country_us,country_vn,0.0,0.6202520132064819
mlp,validation,2023-09,country_us,country_vn,0.0,0.5592960715293884
mlp,validation,2023-10,country_us,country_vn,0.0,0.6096034049987793
mlp,validation,2023-11,country_us,country_vn,0.0,0.6050558090209961
mlp,validation,2023-01,country_vn,country_203,1.0,0.5659106969833374
mlp,validation,2023-02,country_vn,country_203,0.0,0.6926846504211426
mlp,validation,2023-03,country_vn,country_203,0.0,0.534246563911438
mlp,validation,2023-04,country_vn,country_203,0.0,0.710053563117981
mlp,validation,2023-05,country_vn,country_203,0.0,0.5692137479782104
mlp,validation,2023-06,country_vn,country_203,0.0,0.5586584210395813
mlp,validation,2023-07,country_vn,country_203,0.0,0.553581178188324
mlp,validation,2023-08,country_vn,country_203,0.0,0.4762569069862366
mlp,validation,2023-09,country_vn,country_203,0.0,0.5158277750015259
mlp,validation,2023-10,country_vn,country_203,0.0,0.5452346801757812
mlp,validation,2023-11,country_vn,country_203,0.0,0.5490255355834961
mlp,validation,2023-12,country_vn,country_203,0.0,0.5320932865142822
mlp,validation,2023-01,country_vn,country_344,0.0,0.5516576766967773
mlp,validation,2023-02,country_vn,country_344,0.0,0.579533576965332
mlp,validation,2023-03,country_vn,country_344,1.0,0.39746949076652527
mlp,validation,2023-04,country_vn,country_344,0.0,0.4803892970085144
mlp,validation,2023-05,country_vn,country_344,0.0,0.5126982927322388
mlp,validation,2023-06,country_vn,country_344,0.0,0.43178871273994446
mlp,validation,2023-07,country_vn,country_344,0.0,0.45701393485069275
mlp,validation,2023-08,country_vn,country_344,0.0,0.45029139518737793
mlp,validation,2023-09,country_vn,country_344,0.0,0.4288795590400696
mlp,validation,2023-10,country_vn,country_344,0.0,0.44127947092056274
mlp,validation,2023-11,country_vn,country_344,0.0,0.44849225878715515
mlp,validation,2023-12,country_vn,country_344,1.0,0.4372100234031677
mlp,validation,2023-01,country_vn,country_372,1.0,0.8163584470748901
mlp,validation,2023-02,country_vn,country_372,0.0,0.8337038159370422
mlp,validation,2023-03,country_vn,country_372,1.0,0.7181769013404846
mlp,validation,2023-04,country_vn,country_372,0.0,0.8539322018623352
mlp,validation,2023-05,country_vn,country_372,0.0,0.6719235181808472
mlp,validation,2023-06,country_vn,country_372,1.0,0.7137017846107483
mlp,validation,2023-07,country_vn,country_372,0.0,0.7655453085899353
mlp,validation,2023-08,country_vn,country_372,0.0,0.7488889694213867
mlp,validation,2023-09,country_vn,country_372,0.0,0.7562187910079956
mlp,validation,2023-10,country_vn,country_372,0.0,0.7544266581535339
mlp,validation,2023-11,country_vn,country_372,0.0,0.5291360020637512
mlp,validation,2023-12,country_vn,country_372,0.0,0.6069417595863342
mlp,validation,2023-01,country_vn,country_380,0.0,0.6518336534500122
mlp,validation,2023-02,country_vn,country_380,0.0,0.6396633386611938
mlp,validation,2023-03,country_vn,country_380,0.0,0.6925119757652283
mlp,validation,2023-04,country_vn,country_380,1.0,0.7201853394508362
mlp,validation,2023-05,country_vn,country_380,1.0,0.7185834050178528
mlp,validation,2023-06,country_vn,country_380,0.0,0.7557080984115601
mlp,validation,2023-07,country_vn,country_380,0.0,0.7257314920425415
mlp,validation,2023-08,country_vn,country_380,1.0,0.7714919447898865
mlp,validation,2023-09,country_vn,country_380,0.0,0.7064847946166992
mlp,validation,2023-10,country_vn,country_380,1.0,0.6675665378570557
mlp,validation,2023-11,country_vn,country_380,0.0,0.7337124943733215
mlp,validation,2023-12,country_vn,country_380,0.0,0.7539416551589966
mlp,validation,2023-01,country_vn,country_cn,1.0,0.5491741895675659
mlp,validation,2023-02,country_vn,country_cn,0.0,0.5093855261802673
mlp,validation,2023-03,country_vn,country_cn,1.0,0.2533247768878937
mlp,validation,2023-04,country_vn,country_cn,0.0,0.3422926962375641
mlp,validation,2023-05,country_vn,country_cn,0.0,0.3862023949623108
mlp,validation,2023-06,country_vn,country_cn,0.0,0.2802339196205139
mlp,validation,2023-07,country_vn,country_cn,0.0,0.29634881019592285
mlp,validation,2023-08,country_vn,country_cn,0.0,0.2957642078399658
mlp,validation,2023-09,country_vn,country_cn,0.0,0.291484534740448
mlp,validation,2023-10,country_vn,country_cn,0.0,0.2866256535053253
mlp,validation,2023-11,country_vn,country_cn,0.0,0.28674736618995667
mlp,validation,2023-12,country_vn,country_cn,1.0,0.28499865531921387
mlp,validation,2023-01,country_vn,country_de,1.0,0.3649326264858246
mlp,validation,2023-02,country_vn,country_de,0.0,0.49733009934425354
mlp,validation,2023-03,country_vn,country_de,0.0,0.34962794184684753
mlp,validation,2023-04,country_vn,country_de,0.0,0.455929160118103
mlp,validation,2023-05,country_vn,country_de,0.0,0.44745808839797974
mlp,validation,2023-06,country_vn,country_de,0.0,0.4145553410053253
mlp,validation,2023-07,country_vn,country_de,0.0,0.437666654586792
mlp,validation,2023-08,country_vn,country_de,1.0,0.3868443965911865
mlp,validation,2023-09,country_vn,country_de,0.0,0.4274292290210724
mlp,validation,2023-10,country_vn,country_de,1.0,0.4531393349170685
mlp,validation,2023-11,country_vn,country_de,0.0,0.5179965496063232
mlp,validation,2023-12,country_vn,country_de,1.0,0.5215793251991272
mlp,validation,2023-01,country_vn,country_fr,0.0,0.49070748686790466
mlp,validation,2023-02,country_vn,country_fr,1.0,0.592203676700592
mlp,validation,2023-03,country_vn,country_fr,0.0,0.4328366816043854
mlp,validation,2023-04,country_vn,country_fr,0.0,0.5444199442863464
mlp,validation,2023-05,country_vn,country_fr,0.0,0.5335779786109924
mlp,validation,2023-06,country_vn,country_fr,0.0,0.4177558124065399
mlp,validation,2023-07,country_vn,country_fr,0.0,0.6073006391525269
mlp,validation,2023-08,country_vn,country_fr,0.0,0.6516680717468262
mlp,validation,2023-09,country_vn,country_fr,0.0,0.6015118360519409
mlp,validation,2023-10,country_vn,country_fr,0.0,0.3987630605697632
mlp,validation,2023-11,country_vn,country_fr,0.0,0.5733118057250977
mlp,validation,2023-12,country_vn,country_fr,0.0,0.5237752199172974
mlp,validation,2023-01,country_vn,country_gb,1.0,0.4088411331176758
mlp,validation,2023-02,country_vn,country_gb,0.0,0.6097383499145508
mlp,validation,2023-03,country_vn,country_gb,0.0,0.4011051058769226
mlp,validation,2023-04,country_vn,country_gb,0.0,0.5745290517807007
mlp,validation,2023-05,country_vn,country_gb,0.0,0.5136232972145081
mlp,validation,2023-06,country_vn,country_gb,0.0,0.4419427812099457
mlp,validation,2023-07,country_vn,country_gb,0.0,0.4156772494316101
mlp,validation,2023-08,country_vn,country_gb,0.0,0.5709486603736877
mlp,validation,2023-09,country_vn,country_gb,0.0,0.5480439066886902
mlp,validation,2023-10,country_vn,country_gb,0.0,0.33517542481422424
mlp,validation,2023-11,country_vn,country_gb,0.0,0.483956515789032
mlp,validation,2023-12,country_vn,country_gb,0.0,0.39864856004714966
mlp,validation,2023-01,country_vn,country_in,0.0,0.31236839294433594
mlp,validation,2023-02,country_vn,country_in,0.0,0.3455398976802826
mlp,validation,2023-03,country_vn,country_in,0.0,0.26904430985450745
mlp,validation,2023-04,country_vn,country_in,0.0,0.3577501177787781
mlp,validation,2023-05,country_vn,country_in,0.0,0.3914550244808197
mlp,validation,2023-06,country_vn,country_in,0.0,0.3220178782939911
mlp,validation,2023-07,country_vn,country_in,0.0,0.2951837182044983
mlp,validation,2023-08,country_vn,country_in,0.0,0.2921784520149231
mlp,validation,2023-09,country_vn,country_in,0.0,0.3050521910190582
mlp,validation,2023-10,country_vn,country_in,0.0,0.3360286056995392
mlp,validation,2023-11,country_vn,country_in,0.0,0.3710419833660126
mlp,validation,2023-12,country_vn,country_in,0.0,0.28791770339012146
mlp,validation,2023-01,country_vn,country_jp,1.0,0.5430041551589966
mlp,validation,2023-02,country_vn,country_jp,1.0,0.5286900997161865
mlp,validation,2023-03,country_vn,country_jp,1.0,0.45331281423568726
mlp,validation,2023-04,country_vn,country_jp,0.0,0.5105922818183899
mlp,validation,2023-05,country_vn,country_jp,1.0,0.4993104934692383
mlp,validation,2023-06,country_vn,country_jp,1.0,0.6022772789001465
mlp,validation,2023-07,country_vn,country_jp,0.0,0.46932101249694824
mlp,validation,2023-08,country_vn,country_jp,0.0,0.5354901552200317
mlp,validation,2023-09,country_vn,country_jp,0.0,0.527623176574707
mlp,validation,2023-10,country_vn,country_jp,0.0,0.37020477652549744
mlp,validation,2023-11,country_vn,country_jp,0.0,0.3617054522037506
mlp,validation,2023-12,country_vn,country_jp,0.0,0.348634272813797
mlp,validation,2023-01,country_vn,country_kr,0.0,0.46495741605758667
mlp,validation,2023-02,country_vn,country_kr,0.0,0.5015962719917297
mlp,validation,2023-03,country_vn,country_kr,0.0,0.3357919454574585
mlp,validation,2023-04,country_vn,country_kr,0.0,0.5560244917869568
mlp,validation,2023-05,country_vn,country_kr,0.0,0.4615984261035919
mlp,validation,2023-06,country_vn,country_kr,0.0,0.3765436112880707
mlp,validation,2023-07,country_vn,country_kr,0.0,0.36545300483703613
mlp,validation,2023-08,country_vn,country_kr,0.0,0.35650238394737244
mlp,validation,2023-09,country_vn,country_kr,0.0,0.38723018765449524
mlp,validation,2023-10,country_vn,country_kr,0.0,0.3254117965698242
mlp,validation,2023-11,country_vn,country_kr,0.0,0.36100393533706665
mlp,validation,2023-12,country_vn,country_kr,0.0,0.36806589365005493
mlp,validation,2023-01,country_vn,country_mx,1.0,0.4615691602230072
mlp,validation,2023-02,country_vn,country_mx,0.0,0.44560837745666504
mlp,validation,2023-03,country_vn,country_mx,0.0,0.28157439827919006
mlp,validation,2023-04,country_vn,country_mx,0.0,0.32335296273231506
mlp,validation,2023-05,country_vn,country_mx,0.0,0.4327305853366852
mlp,validation,2023-06,country_vn,country_mx,0.0,0.311052531003952
mlp,validation,2023-07,country_vn,country_mx,0.0,0.3971632719039917
mlp,validation,2023-08,country_vn,country_mx,0.0,0.32328370213508606
mlp,validation,2023-09,country_vn,country_mx,0.0,0.38498756289482117
mlp,validation,2023-10,country_vn,country_mx,0.0,0.3070729076862335
mlp,validation,2023-11,country_vn,country_mx,0.0,0.28425055742263794
mlp,validation,2023-12,country_vn,country_mx,0.0,0.450721800327301
mlp,validation,2023-01,country_vn,country_my,0.0,0.47935521602630615
mlp,validation,2023-02,country_vn,country_my,0.0,0.4863094091415405
mlp,validation,2023-03,country_vn,country_my,0.0,0.31645089387893677
mlp,validation,2023-04,country_vn,country_my,0.0,0.49330535531044006
mlp,validation,2023-05,country_vn,country_my,1.0,0.42927971482276917
mlp,validation,2023-06,country_vn,country_my,0.0,0.4497644603252411
mlp,validation,2023-07,country_vn,country_my,0.0,0.3505094647407532
mlp,validation,2023-08,country_vn,country_my,0.0,0.33393022418022156
mlp,validation,2023-09,country_vn,country_my,0.0,0.33013519644737244
mlp,validation,2023-10,country_vn,country_my,0.0,0.3324163258075714
mlp,validation,2023-11,country_vn,country_my,1.0,0.3190124034881592
mlp,validation,2023-12,country_vn,country_my,1.0,0.34526875615119934
mlp,validation,2023-01,country_vn,country_ph,0.0,0.6437152624130249
mlp,validation,2023-02,country_vn,country_ph,0.0,0.6588760018348694
mlp,validation,2023-03,country_vn,country_ph,0.0,0.5774511694908142
mlp,validation,2023-04,country_vn,country_ph,0.0,0.658444344997406
mlp,validation,2023-05,country_vn,country_ph,0.0,0.6481239199638367
mlp,validation,2023-06,country_vn,country_ph,0.0,0.6640238761901855
mlp,validation,2023-07,country_vn,country_ph,0.0,0.6649894714355469
mlp,validation,2023-08,country_vn,country_ph,0.0,0.5725356340408325
mlp,validation,2023-09,country_vn,country_ph,0.0,0.6261076331138611
mlp,validation,2023-10,country_vn,country_ph,0.0,0.58744877576828
mlp,validation,2023-11,country_vn,country_ph,0.0,0.6197509765625
mlp,validation,2023-12,country_vn,country_ph,1.0,0.5025203824043274
mlp,validation,2023-01,country_vn,country_sg,1.0,0.6410425305366516
mlp,validation,2023-02,country_vn,country_sg,0.0,0.6432625651359558
mlp,validation,2023-03,country_vn,country_sg,0.0,0.34221333265304565
mlp,validation,2023-04,country_vn,country_sg,0.0,0.4288664162158966
mlp,validation,2023-05,country_vn,country_sg,0.0,0.550670862197876
mlp,validation,2023-06,country_vn,country_sg,0.0,0.39005228877067566
mlp,validation,2023-07,country_vn,country_sg,0.0,0.3601987063884735
mlp,validation,2023-08,country_vn,country_sg,0.0,0.3712848424911499
mlp,validation,2023-09,country_vn,country_sg,0.0,0.344135046005249
mlp,validation,2023-10,country_vn,country_sg,0.0,0.42483454942703247
mlp,validation,2023-11,country_vn,country_sg,0.0,0.48539936542510986
mlp,validation,2023-12,country_vn,country_sg,0.0,0.3637537658214569
mlp,validation,2023-01,country_vn,country_th,0.0,0.3584376275539398
mlp,validation,2023-02,country_vn,country_th,0.0,0.5673923492431641
mlp,validation,2023-03,country_vn,country_th,0.0,0.35027191042900085
mlp,validation,2023-04,country_vn,country_th,0.0,0.4692980647087097
mlp,validation,2023-05,country_vn,country_th,0.0,0.4322482943534851
mlp,validation,2023-06,country_vn,country_th,0.0,0.41693976521492004
mlp,validation,2023-07,country_vn,country_th,0.0,0.340219646692276
mlp,validation,2023-08,country_vn,country_th,0.0,0.3853655755519867
mlp,validation,2023-09,country_vn,country_th,0.0,0.35057297348976135
mlp,validation,2023-10,country_vn,country_th,0.0,0.30620265007019043
mlp,validation,2023-11,country_vn,country_th,0.0,0.3270930349826813
mlp,validation,2023-12,country_vn,country_th,0.0,0.3641408681869507
mlp,validation,2023-01,country_vn,country_us,0.0,0.29453232884407043
mlp,validation,2023-02,country_vn,country_us,0.0,0.3508635461330414
mlp,validation,2023-03,country_vn,country_us,0.0,0.25180619955062866
mlp,validation,2023-04,country_vn,country_us,0.0,0.34655341506004333
mlp,validation,2023-05,country_vn,country_us,0.0,0.3161826729774475
mlp,validation,2023-06,country_vn,country_us,0.0,0.28509044647216797
mlp,validation,2023-07,country_vn,country_us,0.0,0.27068182826042175
mlp,validation,2023-08,country_vn,country_us,1.0,0.29411420226097107
mlp,validation,2023-09,country_vn,country_us,0.0,0.2921741306781769
mlp,validation,2023-10,country_vn,country_us,0.0,0.26501598954200745
mlp,validation,2023-11,country_vn,country_us,0.0,0.3231956958770752
mlp,validation,2023-12,country_vn,country_us,0.0,0.30648335814476013
mlp,test,2024-01,country_203,country_344,1.0,0.7855541706085205
mlp,test,2024-02,country_203,country_344,0.0,0.8098129630088806
mlp,test,2024-03,country_203,country_344,0.0,0.7759746313095093
mlp,test,2024-04,country_203,country_344,0.0,0.7452173233032227
mlp,test,2024-05,country_203,country_344,0.0,0.7669864892959595
mlp,test,2024-06,country_203,country_344,0.0,0.7645857930183411
mlp,test,2024-07,country_203,country_344,0.0,0.761475145816803
mlp,test,2024-08,country_203,country_344,0.0,0.7594685554504395
mlp,test,2024-09,country_203,country_344,0.0,0.7658581137657166
mlp,test,2024-10,country_203,country_344,0.0,0.7115940451622009
mlp,test,2024-11,country_203,country_344,0.0,0.7369951009750366
mlp,test,2024-01,country_203,country_372,1.0,0.745642900466919
mlp,test,2024-02,country_203,country_372,1.0,0.8194272518157959
mlp,test,2024-03,country_203,country_372,1.0,0.8019023537635803
mlp,test,2024-04,country_203,country_372,1.0,0.8160254955291748
mlp,test,2024-05,country_203,country_372,1.0,0.7808086276054382
mlp,test,2024-06,country_203,country_372,1.0,0.8049830198287964
mlp,test,2024-07,country_203,country_372,1.0,0.8340091109275818
mlp,test,2024-08,country_203,country_372,1.0,0.8726652264595032
mlp,test,2024-09,country_203,country_372,1.0,0.8605022430419922
mlp,test,2024-10,country_203,country_372,1.0,0.8530872464179993
mlp,test,2024-11,country_203,country_372,1.0,0.8414486050605774
mlp,test,2024-01,country_203,country_380,1.0,0.7071253061294556
mlp,test,2024-02,country_203,country_380,1.0,0.7194663882255554
mlp,test,2024-03,country_203,country_380,0.0,0.7402738928794861
mlp,test,2024-04,country_203,country_380,1.0,0.7113093733787537
mlp,test,2024-05,country_203,country_380,1.0,0.7370415925979614
mlp,test,2024-06,country_203,country_380,0.0,0.754230260848999
mlp,test,2024-07,country_203,country_380,1.0,0.7299593687057495
mlp,test,2024-08,country_203,country_380,0.0,0.7769669890403748
mlp,test,2024-09,country_203,country_380,1.0,0.7352789640426636
mlp,test,2024-10,country_203,country_380,1.0,0.7640904188156128
mlp,test,2024-11,country_203,country_380,1.0,0.7196277379989624
mlp,test,2024-01,country_203,country_cn,0.0,0.7015523910522461
mlp,test,2024-02,country_203,country_cn,0.0,0.7315447926521301
mlp,test,2024-03,country_203,country_cn,0.0,0.6550644636154175
mlp,test,2024-04,country_203,country_cn,0.0,0.6675720810890198
mlp,test,2024-05,country_203,country_cn,0.0,0.6552534103393555
mlp,test,2024-06,country_203,country_cn,0.0,0.6521958112716675
mlp,test,2024-07,country_203,country_cn,1.0,0.7118492722511292
mlp,test,2024-08,country_203,country_cn,1.0,0.6743068695068359
mlp,test,2024-09,country_203,country_cn,0.0,0.713320255279541
mlp,test,2024-10,country_203,country_cn,1.0,0.6892580389976501
mlp,test,2024-11,country_203,country_cn,0.0,0.6652786135673523
mlp,test,2024-01,country_203,country_de,1.0,0.6420329213142395
mlp,test,2024-02,country_203,country_de,1.0,0.7014470100402832
mlp,test,2024-03,country_203,country_de,0.0,0.6775566339492798
mlp,test,2024-04,country_203,country_de,1.0,0.6542161703109741
mlp,test,2024-05,country_203,country_de,0.0,0.6785054206848145
mlp,test,2024-06,country_203,country_de,1.0,0.649124264717102
mlp,test,2024-07,country_203,country_de,1.0,0.7035361528396606
mlp,test,2024-08,country_203,country_de,0.0,0.6859720349311829
mlp,test,2024-09,country_203,country_de,0.0,0.6743532419204712
mlp,test,2024-10,country_203,country_de,0.0,0.6920801401138306
mlp,test,2024-11,country_203,country_de,0.0,0.6882524490356445
mlp,test,2024-01,country_203,country_fr,0.0,0.6846264004707336
mlp,test,2024-02,country_203,country_fr,0.0,0.7231491804122925
mlp,test,2024-03,country_203,country_fr,1.0,0.717444896697998
mlp,test,2024-04,country_203,country_fr,1.0,0.7152112126350403
mlp,test,2024-05,country_203,country_fr,1.0,0.7288867831230164
mlp,test,2024-06,country_203,country_fr,1.0,0.7147631645202637
mlp,test,2024-07,country_203,country_fr,1.0,0.7725360989570618
mlp,test,2024-08,country_203,country_fr,1.0,0.7493366599082947
mlp,test,2024-09,country_203,country_fr,1.0,0.7530249953269958
mlp,test,2024-10,country_203,country_fr,1.0,0.7469052672386169
mlp,test,2024-11,country_203,country_fr,1.0,0.7406548261642456
mlp,test,2024-01,country_203,country_gb,0.0,0.6983608603477478
mlp,test,2024-02,country_203,country_gb,0.0,0.7121078968048096
mlp,test,2024-03,country_203,country_gb,0.0,0.7469233870506287
mlp,test,2024-04,country_203,country_gb,0.0,0.7273212671279907
mlp,test,2024-05,country_203,country_gb,0.0,0.7181808352470398
mlp,test,2024-06,country_203,country_gb,0.0,0.7027549147605896
mlp,test,2024-07,country_203,country_gb,1.0,0.724595308303833
mlp,test,2024-08,country_203,country_gb,1.0,0.7176156640052795
mlp,test,2024-09,country_203,country_gb,0.0,0.749077320098877
mlp,test,2024-10,country_203,country_gb,0.0,0.7289168834686279
mlp,test,2024-11,country_203,country_gb,0.0,0.702008843421936
mlp,test,2024-01,country_203,country_in,0.0,0.8300536274909973
mlp,test,2024-02,country_203,country_in,0.0,0.8218202590942383
mlp,test,2024-03,country_203,country_in,0.0,0.7750840187072754
mlp,test,2024-04,country_203,country_in,1.0,0.8237354755401611
mlp,test,2024-05,country_203,country_in,0.0,0.8064143657684326
mlp,test,2024-06,country_203,country_in,0.0,0.7738409638404846
mlp,test,2024-07,country_203,country_in,1.0,0.8134972453117371
mlp,test,2024-08,country_203,country_in,0.0,0.8162030577659607
mlp,test,2024-09,country_203,country_in,0.0,0.8216854333877563
mlp,test,2024-10,country_203,country_in,0.0,0.8149427175521851
mlp,test,2024-11,country_203,country_in,0.0,0.8026701807975769
mlp,test,2024-01,country_203,country_jp,0.0,0.7483947277069092
mlp,test,2024-02,country_203,country_jp,0.0,0.7714033722877502
mlp,test,2024-03,country_203,country_jp,0.0,0.7261633276939392
mlp,test,2024-04,country_203,country_jp,0.0,0.7071917057037354
mlp,test,2024-05,country_203,country_jp,0.0,0.7069203853607178
mlp,test,2024-06,country_203,country_jp,0.0,0.6760499477386475
mlp,test,2024-07,country_203,country_jp,0.0,0.7283846735954285
mlp,test,2024-08,country_203,country_jp,1.0,0.6915370225906372
mlp,test,2024-09,country_203,country_jp,0.0,0.7441781163215637
mlp,test,2024-10,country_203,country_jp,0.0,0.7061610221862793
mlp,test,2024-11,country_203,country_jp,1.0,0.705518364906311
mlp,test,2024-01,country_203,country_kr,1.0,0.7740816473960876
mlp,test,2024-02,country_203,country_kr,0.0,0.7892945408821106
mlp,test,2024-03,country_203,country_kr,0.0,0.7788607478141785
mlp,test,2024-04,country_203,country_kr,0.0,0.7729734778404236
mlp,test,2024-05,country_203,country_kr,1.0,0.7552055716514587
mlp,test,2024-06,country_203,country_kr,0.0,0.8092183470726013
mlp,test,2024-07,country_203,country_kr,0.0,0.7991387248039246
mlp,test,2024-08,country_203,country_kr,1.0,0.7671633958816528
mlp,test,2024-09,country_203,country_kr,1.0,0.8243827223777771
mlp,test,2024-10,country_203,country_kr,0.0,0.8008530139923096
mlp,test,2024-11,country_203,country_kr,0.0,0.7816975116729736
mlp,test,2024-01,country_203,country_mx,1.0,0.7813520431518555
mlp,test,2024-02,country_203,country_mx,1.0,0.7790576815605164
mlp,test,2024-03,country_203,country_mx,1.0,0.8119596242904663
mlp,test,2024-04,country_203,country_mx,0.0,0.7902392745018005
mlp,test,2024-05,country_203,country_mx,1.0,0.7518768906593323
mlp,test,2024-06,country_203,country_mx,1.0,0.7631420493125916
mlp,test,2024-07,country_203,country_mx,0.0,0.7955666780471802
mlp,test,2024-08,country_203,country_mx,1.0,0.7479022145271301
mlp,test,2024-09,country_203,country_mx,0.0,0.7905583381652832
mlp,test,2024-10,country_203,country_mx,0.0,0.7822927236557007
mlp,test,2024-11,country_203,country_mx,0.0,0.7923076748847961
mlp,test,2024-01,country_203,country_my,1.0,0.7345840930938721
mlp,test,2024-02,country_203,country_my,0.0,0.742828905582428
mlp,test,2024-03,country_203,country_my,1.0,0.6774625778198242
mlp,test,2024-04,country_203,country_my,1.0,0.7153882384300232
mlp,test,2024-05,country_203,country_my,1.0,0.729203999042511
mlp,test,2024-06,country_203,country_my,0.0,0.7099566459655762
mlp,test,2024-07,country_203,country_my,0.0,0.731508195400238
mlp,test,2024-08,country_203,country_my,0.0,0.6683332920074463
mlp,test,2024-09,country_203,country_my,0.0,0.7257949113845825
mlp,test,2024-10,country_203,country_my,0.0,0.7158412933349609
mlp,test,2024-11,country_203,country_my,0.0,0.685364305973053
mlp,test,2024-01,country_203,country_ph,1.0,0.6906616687774658
mlp,test,2024-02,country_203,country_ph,0.0,0.7100961208343506
mlp,test,2024-03,country_203,country_ph,0.0,0.7017590999603271
mlp,test,2024-04,country_203,country_ph,0.0,0.6784530282020569
mlp,test,2024-05,country_203,country_ph,0.0,0.6810465455055237
mlp,test,2024-06,country_203,country_ph,0.0,0.6610777974128723
mlp,test,2024-07,country_203,country_ph,0.0,0.719441831111908
mlp,test,2024-08,country_203,country_ph,0.0,0.6734886765480042
mlp,test,2024-09,country_203,country_ph,1.0,0.7091465592384338
mlp,test,2024-10,country_203,country_ph,0.0,0.708005428314209
mlp,test,2024-11,country_203,country_ph,1.0,0.6915807127952576
mlp,test,2024-01,country_203,country_sg,0.0,0.7159307599067688
mlp,test,2024-02,country_203,country_sg,0.0,0.7151854038238525
mlp,test,2024-03,country_203,country_sg,0.0,0.7356899380683899
mlp,test,2024-04,country_203,country_sg,0.0,0.7012636065483093
mlp,test,2024-05,country_203,country_sg,0.0,0.7128273248672485
mlp,test,2024-06,country_203,country_sg,0.0,0.7150170803070068
mlp,test,2024-07,country_203,country_sg,0.0,0.733376681804657
mlp,test,2024-08,country_203,country_sg,0.0,0.7217702269554138
mlp,test,2024-09,country_203,country_sg,0.0,0.7380700707435608
mlp,test,2024-10,country_203,country_sg,0.0,0.723932683467865
mlp,test,2024-11,country_203,country_sg,1.0,0.7126957178115845
mlp,test,2024-01,country_203,country_th,1.0,0.8074731826782227
mlp,test,2024-02,country_203,country_th,1.0,0.8086211085319519
mlp,test,2024-03,country_203,country_th,0.0,0.8162547945976257
mlp,test,2024-04,country_203,country_th,0.0,0.7964611053466797
mlp,test,2024-05,country_203,country_th,0.0,0.7968791127204895
mlp,test,2024-06,country_203,country_th,0.0,0.8206655979156494
mlp,test,2024-07,country_203,country_th,0.0,0.809319019317627
mlp,test,2024-08,country_203,country_th,0.0,0.8195257186889648
mlp,test,2024-09,country_203,country_th,0.0,0.7860766649246216
mlp,test,2024-10,country_203,country_th,0.0,0.7776734232902527
mlp,test,2024-11,country_203,country_th,0.0,0.807543158531189
mlp,test,2024-01,country_203,country_us,0.0,0.5609385967254639
mlp,test,2024-02,country_203,country_us,0.0,0.6176751255989075
mlp,test,2024-03,country_203,country_us,1.0,0.5473856925964355
mlp,test,2024-04,country_203,country_us,0.0,0.5885829925537109
mlp,test,2024-05,country_203,country_us,1.0,0.5161226987838745
mlp,test,2024-06,country_203,country_us,0.0,0.5649458169937134
mlp,test,2024-07,country_203,country_us,0.0,0.5538233518600464
mlp,test,2024-08,country_203,country_us,0.0,0.5549401044845581
mlp,test,2024-09,country_203,country_us,0.0,0.5335439443588257
mlp,test,2024-10,country_203,country_us,1.0,0.6898875832557678
mlp,test,2024-11,country_203,country_us,1.0,0.69265216588974
mlp,test,2024-01,country_344,country_203,0.0,0.8107861876487732
mlp,test,2024-02,country_344,country_203,0.0,0.7970062494277954
mlp,test,2024-03,country_344,country_203,0.0,0.8243659138679504
mlp,test,2024-04,country_344,country_203,0.0,0.7880920767784119
mlp,test,2024-05,country_344,country_203,0.0,0.7593150734901428
mlp,test,2024-06,country_344,country_203,0.0,0.7663599252700806
mlp,test,2024-07,country_344,country_203,0.0,0.765443742275238
mlp,test,2024-08,country_344,country_203,1.0,0.7600624561309814
mlp,test,2024-09,country_344,country_203,0.0,0.8239874839782715
mlp,test,2024-10,country_344,country_203,1.0,0.7862802743911743
mlp,test,2024-11,country_344,country_203,1.0,0.8183091282844543
mlp,test,2024-01,country_344,country_372,1.0,0.820716381072998
mlp,test,2024-02,country_344,country_372,0.0,0.8802012801170349
mlp,test,2024-03,country_344,country_372,0.0,0.8256078362464905
mlp,test,2024-04,country_344,country_372,0.0,0.8051770925521851
mlp,test,2024-05,country_344,country_372,0.0,0.8021910190582275
mlp,test,2024-06,country_344,country_372,0.0,0.7579737901687622
mlp,test,2024-07,country_344,country_372,0.0,0.7902158498764038
mlp,test,2024-08,country_344,country_372,1.0,0.8103978633880615
mlp,test,2024-09,country_344,country_372,1.0,0.8385618329048157
mlp,test,2024-10,country_344,country_372,0.0,0.8150641322135925
mlp,test,2024-11,country_344,country_372,1.0,0.7751800417900085
mlp,test,2024-01,country_344,country_380,1.0,0.7661893963813782
mlp,test,2024-02,country_344,country_380,0.0,0.7864241600036621
mlp,test,2024-03,country_344,country_380,0.0,0.786051332950592
mlp,test,2024-04,country_344,country_380,1.0,0.7684389352798462
mlp,test,2024-05,country_344,country_380,1.0,0.7800918221473694
mlp,test,2024-06,country_344,country_380,0.0,0.7993876934051514
mlp,test,2024-07,country_344,country_380,1.0,0.7546377182006836
mlp,test,2024-08,country_344,country_380,0.0,0.8200170397758484
mlp,test,2024-09,country_344,country_380,1.0,0.7728181481361389
mlp,test,2024-10,country_344,country_380,0.0,0.7848169207572937
mlp,test,2024-11,country_344,country_380,0.0,0.7527081370353699
mlp,test,2024-01,country_344,country_cn,0.0,0.7173701524734497
mlp,test,2024-02,country_344,country_cn,0.0,0.7770742177963257
mlp,test,2024-03,country_344,country_cn,1.0,0.694382905960083
mlp,test,2024-04,country_344,country_cn,0.0,0.7090478539466858
mlp,test,2024-05,country_344,country_cn,0.0,0.6644068360328674
mlp,test,2024-06,country_344,country_cn,1.0,0.7002283334732056
mlp,test,2024-07,country_344,country_cn,1.0,0.7046160101890564
mlp,test,2024-08,country_344,country_cn,1.0,0.706048846244812
mlp,test,2024-09,country_344,country_cn,1.0,0.7219233512878418
mlp,test,2024-10,country_344,country_cn,1.0,0.7125579118728638
mlp,test,2024-11,country_344,country_cn,0.0,0.7128474116325378
mlp,test,2024-01,country_344,country_de,1.0,0.7027201056480408
mlp,test,2024-02,country_344,country_de,1.0,0.7621773481369019
mlp,test,2024-03,country_344,country_de,1.0,0.7260785698890686
mlp,test,2024-04,country_344,country_de,0.0,0.7150508165359497
mlp,test,2024-05,country_344,country_de,0.0,0.6895521283149719
mlp,test,2024-06,country_344,country_de,0.0,0.6929494738578796
mlp,test,2024-07,country_344,country_de,0.0,0.6603084802627563
mlp,test,2024-08,country_344,country_de,0.0,0.7090610861778259
mlp,test,2024-09,country_344,country_de,1.0,0.6947383284568787
mlp,test,2024-10,country_344,country_de,0.0,0.6941462755203247
mlp,test,2024-11,country_344,country_de,1.0,0.7274231910705566
mlp,test,2024-01,country_344,country_fr,0.0,0.7259714603424072
mlp,test,2024-02,country_344,country_fr,0.0,0.7474364042282104
mlp,test,2024-03,country_344,country_fr,1.0,0.7507478594779968
mlp,test,2024-04,country_344,country_fr,0.0,0.7463763952255249
mlp,test,2024-05,country_344,country_fr,0.0,0.7223617434501648
mlp,test,2024-06,country_344,country_fr,0.0,0.7254084348678589
mlp,test,2024-07,country_344,country_fr,0.0,0.7593500018119812
mlp,test,2024-08,country_344,country_fr,1.0,0.7497970461845398
mlp,test,2024-09,country_344,country_fr,0.0,0.7499805092811584
mlp,test,2024-10,country_344,country_fr,0.0,0.7246423959732056
mlp,test,2024-11,country_344,country_fr,0.0,0.7331756949424744
mlp,test,2024-01,country_344,country_gb,1.0,0.6735131740570068
mlp,test,2024-02,country_344,country_gb,0.0,0.7340171933174133
mlp,test,2024-03,country_344,country_gb,0.0,0.7296746373176575
mlp,test,2024-04,country_344,country_gb,1.0,0.6658459305763245
mlp,test,2024-05,country_344,country_gb,1.0,0.7205045223236084
mlp,test,2024-06,country_344,country_gb,0.0,0.703380823135376
mlp,test,2024-07,country_344,country_gb,1.0,0.6768551468849182
mlp,test,2024-08,country_344,country_gb,0.0,0.6915640234947205
mlp,test,2024-09,country_344,country_gb,0.0,0.6802093982696533
mlp,test,2024-10,country_344,country_gb,0.0,0.681669294834137
mlp,test,2024-11,country_344,country_gb,1.0,0.668499231338501
mlp,test,2024-01,country_344,country_in,0.0,0.6161185503005981
mlp,test,2024-02,country_344,country_in,1.0,0.6931590437889099
mlp,test,2024-03,country_344,country_in,0.0,0.7013728022575378
mlp,test,2024-04,country_344,country_in,0.0,0.6786890625953674
mlp,test,2024-05,country_344,country_in,0.0,0.6605461239814758
mlp,test,2024-06,country_344,country_in,0.0,0.6189837455749512
mlp,test,2024-07,country_344,country_in,0.0,0.5596327185630798
mlp,test,2024-08,country_344,country_in,0.0,0.5413410663604736
mlp,test,2024-09,country_344,country_in,0.0,0.6278637647628784
mlp,test,2024-10,country_344,country_in,0.0,0.6865521669387817
mlp,test,2024-11,country_344,country_in,0.0,0.6187658905982971
mlp,test,2024-01,country_344,country_jp,1.0,0.8156964182853699
mlp,test,2024-02,country_344,country_jp,1.0,0.8245720267295837
mlp,test,2024-03,country_344,country_jp,1.0,0.7979670763015747
mlp,test,2024-04,country_344,country_jp,1.0,0.7851734757423401
mlp,test,2024-05,country_344,country_jp,1.0,0.7668619751930237
mlp,test,2024-06,country_344,country_jp,0.0,0.7725378274917603
mlp,test,2024-07,country_344,country_jp,1.0,0.7526710033416748
mlp,test,2024-08,country_344,country_jp,0.0,0.7712695598602295
mlp,test,2024-09,country_344,country_jp,0.0,0.7751275897026062
mlp,test,2024-10,country_344,country_jp,0.0,0.7597162127494812
mlp,test,2024-11,country_344,country_jp,0.0,0.7732396125793457
mlp,test,2024-01,country_344,country_kr,0.0,0.5685705542564392
mlp,test,2024-02,country_344,country_kr,0.0,0.620254397392273
mlp,test,2024-03,country_344,country_kr,0.0,0.58444744348526
mlp,test,2024-04,country_344,country_kr,1.0,0.5419543385505676
mlp,test,2024-05,country_344,country_kr,1.0,0.5563114285469055
mlp,test,2024-06,country_344,country_kr,1.0,0.6603711843490601
mlp,test,2024-07,country_344,country_kr,1.0,0.5986606478691101
mlp,test,2024-08,country_344,country_kr,1.0,0.5516145825386047
mlp,test,2024-09,country_344,country_kr,1.0,0.5957115292549133
mlp,test,2024-10,country_344,country_kr,0.0,0.5947299003601074
mlp,test,2024-11,country_344,country_kr,0.0,0.610691249370575
mlp,test,2024-01,country_344,country_mx,1.0,0.7550041675567627
mlp,test,2024-02,country_344,country_mx,0.0,0.7552585005760193
mlp,test,2024-03,country_344,country_mx,1.0,0.7410940527915955
mlp,test,2024-04,country_344,country_mx,1.0,0.710684597492218
mlp,test,2024-05,country_344,country_mx,0.0,0.7172741889953613
mlp,test,2024-06,country_344,country_mx,1.0,0.6399084329605103
mlp,test,2024-07,country_344,country_mx,0.0,0.6994451880455017
mlp,test,2024-08,country_344,country_mx,1.0,0.6836110949516296
mlp,test,2024-09,country_344,country_mx,0.0,0.7139686346054077
mlp,test,2024-10,country_344,country_mx,0.0,0.7035661935806274
mlp,test,2024-11,country_344,country_mx,1.0,0.752779483795166
mlp,test,2024-01,country_344,country_my,0.0,0.5826733708381653
mlp,test,2024-02,country_344,country_my,1.0,0.6534364223480225
mlp,test,2024-03,country_344,country_my,0.0,0.5768948197364807
mlp,test,2024-04,country_344,country_my,0.0,0.5280673503875732
mlp,test,2024-05,country_344,country_my,0.0,0.5616188049316406
mlp,test,2024-06,country_344,country_my,0.0,0.5429884791374207
mlp,test,2024-07,country_344,country_my,0.0,0.47648143768310547
mlp,test,2024-08,country_344,country_my,0.0,0.4748380184173584
mlp,test,2024-09,country_344,country_my,0.0,0.493064284324646
mlp,test,2024-10,country_344,country_my,1.0,0.5072451233863831
mlp,test,2024-11,country_344,country_my,0.0,0.5452800393104553
mlp,test,2024-01,country_344,country_ph,1.0,0.6158024072647095
mlp,test,2024-02,country_344,country_ph,0.0,0.6820341348648071
mlp,test,2024-03,country_344,country_ph,0.0,0.6011422872543335
mlp,test,2024-04,country_344,country_ph,1.0,0.5748717784881592
mlp,test,2024-05,country_344,country_ph,1.0,0.5980258584022522
mlp,test,2024-06,country_344,country_ph,0.0,0.5601359009742737
mlp,test,2024-07,country_344,country_ph,1.0,0.5553469657897949
mlp,test,2024-08,country_344,country_ph,0.0,0.5732069611549377
mlp,test,2024-09,country_344,country_ph,0.0,0.596106231212616
mlp,test,2024-10,country_344,country_ph,1.0,0.5195351243019104
mlp,test,2024-11,country_344,country_ph,0.0,0.6099033951759338
mlp,test,2024-01,country_344,country_sg,1.0,0.6607191562652588
mlp,test,2024-02,country_344,country_sg,0.0,0.7261257171630859
mlp,test,2024-03,country_344,country_sg,0.0,0.6978083252906799
mlp,test,2024-04,country_344,country_sg,1.0,0.6895216107368469
mlp,test,2024-05,country_344,country_sg,1.0,0.6811052560806274
mlp,test,2024-06,country_344,country_sg,0.0,0.7035779356956482
mlp,test,2024-07,country_344,country_sg,0.0,0.6719945669174194
mlp,test,2024-08,country_344,country_sg,0.0,0.6869512796401978
mlp,test,2024-09,country_344,country_sg,0.0,0.670316219329834
mlp,test,2024-10,country_344,country_sg,1.0,0.6527957320213318
mlp,test,2024-11,country_344,country_sg,0.0,0.6962794065475464
mlp,test,2024-01,country_344,country_th,1.0,0.6407200694084167
mlp,test,2024-02,country_344,country_th,0.0,0.7380921244621277
mlp,test,2024-03,country_344,country_th,1.0,0.66591876745224
mlp,test,2024-04,country_344,country_th,0.0,0.7271011471748352
mlp,test,2024-05,country_344,country_th,1.0,0.6806573867797852
mlp,test,2024-06,country_344,country_th,1.0,0.7470440864562988
mlp,test,2024-07,country_344,country_th,0.0,0.7046980261802673
mlp,test,2024-08,country_344,country_th,1.0,0.7263208627700806
mlp,test,2024-09,country_344,country_th,1.0,0.7010735273361206
mlp,test,2024-10,country_344,country_th,0.0,0.7186902165412903
mlp,test,2024-11,country_344,country_th,1.0,0.7464575171470642
mlp,test,2024-01,country_344,country_us,1.0,0.6477891206741333
mlp,test,2024-02,country_344,country_us,1.0,0.7356182336807251
mlp,test,2024-03,country_344,country_us,0.0,0.6614904403686523
mlp,test,2024-04,country_344,country_us,1.0,0.5119883418083191
mlp,test,2024-05,country_344,country_us,0.0,0.6108863949775696
mlp,test,2024-06,country_344,country_us,1.0,0.5307716131210327
mlp,test,2024-07,country_344,country_us,0.0,0.567380428314209
mlp,test,2024-08,country_344,country_us,0.0,0.6343023777008057
mlp,test,2024-09,country_344,country_us,0.0,0.555080235004425
mlp,test,2024-10,country_344,country_us,0.0,0.65593022108078
mlp,test,2024-11,country_344,country_us,0.0,0.6821038722991943
mlp,test,2024-01,country_372,country_203,0.0,0.733629047870636
mlp,test,2024-02,country_372,country_203,0.0,0.7974705100059509
mlp,test,2024-03,country_372,country_203,0.0,0.7342165112495422
mlp,test,2024-04,country_372,country_203,0.0,0.7608278393745422
mlp,test,2024-05,country_372,country_203,0.0,0.7872309684753418
mlp,test,2024-06,country_372,country_203,0.0,0.7222944498062134
mlp,test,2024-07,country_372,country_203,1.0,0.7389885783195496
mlp,test,2024-08,country_372,country_203,1.0,0.7979830503463745
mlp,test,2024-09,country_372,country_203,0.0,0.7663419246673584
mlp,test,2024-10,country_372,country_203,1.0,0.7698327898979187
mlp,test,2024-11,country_372,country_203,1.0,0.8402367830276489
mlp,test,2024-01,country_372,country_344,0.0,0.8097895383834839
mlp,test,2024-02,country_372,country_344,0.0,0.8326695561408997
mlp,test,2024-03,country_372,country_344,0.0,0.7928770184516907
mlp,test,2024-04,country_372,country_344,0.0,0.7831373810768127
mlp,test,2024-05,country_372,country_344,0.0,0.8399508595466614
mlp,test,2024-06,country_372,country_344,0.0,0.7739949822425842
mlp,test,2024-07,country_372,country_344,0.0,0.7347618937492371
mlp,test,2024-08,country_372,country_344,0.0,0.8146601915359497
mlp,test,2024-09,country_372,country_344,0.0,0.79930579662323
mlp,test,2024-10,country_372,country_344,1.0,0.7472627758979797
mlp,test,2024-11,country_372,country_344,1.0,0.8523050546646118
mlp,test,2024-01,country_372,country_380,0.0,0.7656049132347107
mlp,test,2024-02,country_372,country_380,1.0,0.7954009771347046
mlp,test,2024-03,country_372,country_380,1.0,0.7800626158714294
mlp,test,2024-04,country_372,country_380,1.0,0.7832494378089905
mlp,test,2024-05,country_372,country_380,1.0,0.8326851725578308
mlp,test,2024-06,country_372,country_380,1.0,0.8207205533981323
mlp,test,2024-07,country_372,country_380,1.0,0.772175133228302
mlp,test,2024-08,country_372,country_380,1.0,0.8860764503479004
mlp,test,2024-09,country_372,country_380,1.0,0.8070478439331055
mlp,test,2024-10,country_372,country_380,0.0,0.80881267786026
mlp,test,2024-11,country_372,country_380,1.0,0.8277094960212708
mlp,test,2024-01,country_372,country_cn,0.0,0.5056502223014832
mlp,test,2024-02,country_372,country_cn,0.0,0.7471441030502319
mlp,test,2024-03,country_372,country_cn,0.0,0.4587777554988861
mlp,test,2024-04,country_372,country_cn,0.0,0.5134398341178894
mlp,test,2024-05,country_372,country_cn,0.0,0.5893085598945618
mlp,test,2024-06,country_372,country_cn,0.0,0.476911723613739
mlp,test,2024-07,country_372,country_cn,0.0,0.4627632796764374
mlp,test,2024-08,country_372,country_cn,1.0,0.6321911215782166
mlp,test,2024-09,country_372,country_cn,0.0,0.5956230163574219
mlp,test,2024-10,country_372,country_cn,0.0,0.5346825122833252
mlp,test,2024-11,country_372,country_cn,1.0,0.6054943203926086
mlp,test,2024-01,country_372,country_de,1.0,0.5469366908073425
mlp,test,2024-02,country_372,country_de,1.0,0.7438030242919922
mlp,test,2024-03,country_372,country_de,1.0,0.615868866443634
mlp,test,2024-04,country_372,country_de,1.0,0.5979442596435547
mlp,test,2024-05,country_372,country_de,1.0,0.6907660961151123
mlp,test,2024-06,country_372,country_de,0.0,0.600498378276825
mlp,test,2024-07,country_372,country_de,1.0,0.5197917819023132
mlp,test,2024-08,country_372,country_de,0.0,0.7760549783706665
mlp,test,2024-09,country_372,country_de,1.0,0.6476605534553528
mlp,test,2024-10,country_372,country_de,1.0,0.6559735536575317
mlp,test,2024-11,country_372,country_de,0.0,0.7466939091682434
mlp,test,2024-01,country_372,country_fr,1.0,0.7001591920852661
mlp,test,2024-02,country_372,country_fr,0.0,0.7996458411216736
mlp,test,2024-03,country_372,country_fr,0.0,0.7310027480125427
mlp,test,2024-04,country_372,country_fr,0.0,0.732816219329834
mlp,test,2024-05,country_372,country_fr,0.0,0.7559998035430908
mlp,test,2024-06,country_372,country_fr,0.0,0.7281118035316467
mlp,test,2024-07,country_372,country_fr,1.0,0.7339463829994202
mlp,test,2024-08,country_372,country_fr,1.0,0.8313784003257751
mlp,test,2024-09,country_372,country_fr,1.0,0.7574151158332825
mlp,test,2024-10,country_372,country_fr,1.0,0.7818142175674438
mlp,test,2024-11,country_372,country_fr,1.0,0.809377133846283
mlp,test,2024-01,country_372,country_gb,0.0,0.7369282841682434
mlp,test,2024-02,country_372,country_gb,0.0,0.8006775975227356
mlp,test,2024-03,country_372,country_gb,0.0,0.7517973184585571
mlp,test,2024-04,country_372,country_gb,0.0,0.7437887787818909
mlp,test,2024-05,country_372,country_gb,1.0,0.7876157760620117
mlp,test,2024-06,country_372,country_gb,0.0,0.7618963122367859
mlp,test,2024-07,country_372,country_gb,0.0,0.7383449673652649
mlp,test,2024-08,country_372,country_gb,1.0,0.7784152030944824
mlp,test,2024-09,country_372,country_gb,0.0,0.7803623676300049
mlp,test,2024-10,country_372,country_gb,0.0,0.7497431039810181
mlp,test,2024-11,country_372,country_gb,0.0,0.7799798250198364
mlp,test,2024-01,country_372,country_in,0.0,0.827944815158844
mlp,test,2024-02,country_372,country_in,0.0,0.8594473004341125
mlp,test,2024-03,country_372,country_in,0.0,0.8174805641174316
mlp,test,2024-04,country_372,country_in,1.0,0.8369368314743042
mlp,test,2024-05,country_372,country_in,0.0,0.9021614789962769
mlp,test,2024-06,country_372,country_in,0.0,0.8115196228027344
mlp,test,2024-07,country_372,country_in,0.0,0.7511109709739685
mlp,test,2024-08,country_372,country_in,0.0,0.8147323131561279
mlp,test,2024-09,country_372,country_in,0.0,0.7774407863616943
mlp,test,2024-10,country_372,country_in,0.0,0.8241773247718811
mlp,test,2024-11,country_372,country_in,0.0,0.8413644433021545
mlp,test,2024-01,country_372,country_jp,1.0,0.6859537959098816
mlp,test,2024-02,country_372,country_jp,0.0,0.7924949526786804
mlp,test,2024-03,country_372,country_jp,1.0,0.6234580278396606
mlp,test,2024-04,country_372,country_jp,1.0,0.6826770901679993
mlp,test,2024-05,country_372,country_jp,0.0,0.7119101285934448
mlp,test,2024-06,country_372,country_jp,1.0,0.6103442907333374
mlp,test,2024-07,country_372,country_jp,1.0,0.6233222484588623
mlp,test,2024-08,country_372,country_jp,0.0,0.7243906259536743
mlp,test,2024-09,country_372,country_jp,1.0,0.6718139052391052
mlp,test,2024-10,country_372,country_jp,0.0,0.6820018887519836
mlp,test,2024-11,country_372,country_jp,0.0,0.7388418316841125
mlp,test,2024-01,country_372,country_kr,1.0,0.7652199864387512
mlp,test,2024-02,country_372,country_kr,1.0,0.8084437251091003
mlp,test,2024-03,country_372,country_kr,0.0,0.7837852835655212
mlp,test,2024-04,country_372,country_kr,1.0,0.7615248560905457
mlp,test,2024-05,country_372,country_kr,0.0,0.8097800016403198
mlp,test,2024-06,country_372,country_kr,0.0,0.7920346260070801
mlp,test,2024-07,country_372,country_kr,1.0,0.7739859223365784
mlp,test,2024-08,country_372,country_kr,0.0,0.8253006339073181
mlp,test,2024-09,country_372,country_kr,0.0,0.7649354338645935
mlp,test,2024-10,country_372,country_kr,0.0,0.7428940534591675
mlp,test,2024-11,country_372,country_kr,0.0,0.8320334553718567
mlp,test,2024-01,country_372,country_mx,0.0,0.7300704717636108
mlp,test,2024-02,country_372,country_mx,0.0,0.745384931564331
mlp,test,2024-03,country_372,country_mx,0.0,0.6945059299468994
mlp,test,2024-04,country_372,country_mx,0.0,0.6829147338867188
mlp,test,2024-05,country_372,country_mx,0.0,0.7682690024375916
mlp,test,2024-06,country_372,country_mx,0.0,0.7116893529891968
mlp,test,2024-07,country_372,country_mx,0.0,0.6765773892402649
mlp,test,2024-08,country_372,country_mx,1.0,0.7840203642845154
mlp,test,2024-09,country_372,country_mx,1.0,0.7684582471847534
mlp,test,2024-10,country_372,country_mx,1.0,0.7473688721656799
mlp,test,2024-11,country_372,country_mx,1.0,0.8324952721595764
mlp,test,2024-01,country_372,country_my,0.0,0.46720853447914124
mlp,test,2024-02,country_372,country_my,0.0,0.6531412601470947
mlp,test,2024-03,country_372,country_my,0.0,0.4600338041782379
mlp,test,2024-04,country_372,country_my,0.0,0.48933401703834534
mlp,test,2024-05,country_372,country_my,0.0,0.5877900123596191
mlp,test,2024-06,country_372,country_my,0.0,0.4586608111858368
mlp,test,2024-07,country_372,country_my,0.0,0.40679365396499634
mlp,test,2024-08,country_372,country_my,0.0,0.5872341990470886
mlp,test,2024-09,country_372,country_my,0.0,0.6361199617385864
mlp,test,2024-10,country_372,country_my,0.0,0.5136155486106873
mlp,test,2024-11,country_372,country_my,0.0,0.6014675498008728
mlp,test,2024-01,country_372,country_ph,1.0,0.7055782079696655
mlp,test,2024-02,country_372,country_ph,1.0,0.7831925749778748
mlp,test,2024-03,country_372,country_ph,0.0,0.7025668025016785
mlp,test,2024-04,country_372,country_ph,0.0,0.7270856499671936
mlp,test,2024-05,country_372,country_ph,0.0,0.7404412031173706
mlp,test,2024-06,country_372,country_ph,0.0,0.6854507923126221
mlp,test,2024-07,country_372,country_ph,0.0,0.7060239911079407
mlp,test,2024-08,country_372,country_ph,0.0,0.7600007057189941
mlp,test,2024-09,country_372,country_ph,0.0,0.7457944750785828
mlp,test,2024-10,country_372,country_ph,0.0,0.7066807150840759
mlp,test,2024-11,country_372,country_ph,0.0,0.7727208137512207
mlp,test,2024-01,country_372,country_sg,1.0,0.7625016570091248
mlp,test,2024-02,country_372,country_sg,1.0,0.7944969534873962
mlp,test,2024-03,country_372,country_sg,0.0,0.7757201194763184
mlp,test,2024-04,country_372,country_sg,0.0,0.7711698412895203
mlp,test,2024-05,country_372,country_sg,1.0,0.7755635380744934
mlp,test,2024-06,country_372,country_sg,1.0,0.7911707758903503
mlp,test,2024-07,country_372,country_sg,0.0,0.7484515309333801
mlp,test,2024-08,country_372,country_sg,0.0,0.8017442226409912
mlp,test,2024-09,country_372,country_sg,0.0,0.7794299125671387
mlp,test,2024-10,country_372,country_sg,0.0,0.7820416688919067
mlp,test,2024-11,country_372,country_sg,0.0,0.801203191280365
mlp,test,2024-01,country_372,country_th,0.0,0.7597476243972778
mlp,test,2024-02,country_372,country_th,0.0,0.7817726135253906
mlp,test,2024-03,country_372,country_th,0.0,0.708954393863678
mlp,test,2024-04,country_372,country_th,0.0,0.7790018320083618
mlp,test,2024-05,country_372,country_th,0.0,0.7843137383460999
mlp,test,2024-06,country_372,country_th,0.0,0.7654963731765747
mlp,test,2024-07,country_372,country_th,0.0,0.7333728671073914
mlp,test,2024-08,country_372,country_th,0.0,0.8440378904342651
mlp,test,2024-09,country_372,country_th,0.0,0.765060305595398
mlp,test,2024-10,country_372,country_th,0.0,0.7405422329902649
mlp,test,2024-11,country_372,country_th,1.0,0.8099986910820007
mlp,test,2024-01,country_372,country_us,1.0,0.3841814398765564
mlp,test,2024-02,country_372,country_us,0.0,0.6781542301177979
mlp,test,2024-03,country_372,country_us,0.0,0.3856068551540375
mlp,test,2024-04,country_372,country_us,0.0,0.39069250226020813
mlp,test,2024-05,country_372,country_us,0.0,0.465147465467453
mlp,test,2024-06,country_372,country_us,0.0,0.36764296889305115
mlp,test,2024-07,country_372,country_us,0.0,0.3733694553375244
mlp,test,2024-08,country_372,country_us,0.0,0.6995646357536316
mlp,test,2024-09,country_372,country_us,0.0,0.5288293957710266
mlp,test,2024-10,country_372,country_us,0.0,0.5543137192726135
mlp,test,2024-11,country_372,country_us,0.0,0.5633249282836914
mlp,test,2024-01,country_380,country_203,0.0,0.7628922462463379
mlp,test,2024-02,country_380,country_203,0.0,0.7632865905761719
mlp,test,2024-03,country_380,country_203,0.0,0.7684614062309265
mlp,test,2024-04,country_380,country_203,0.0,0.7586976289749146
mlp,test,2024-05,country_380,country_203,0.0,0.7452736496925354
mlp,test,2024-06,country_380,country_203,0.0,0.7521131634712219
mlp,test,2024-07,country_380,country_203,1.0,0.7610712647438049
mlp,test,2024-08,country_380,country_203,0.0,0.7855725288391113
mlp,test,2024-09,country_380,country_203,0.0,0.7602641582489014
mlp,test,2024-10,country_380,country_203,1.0,0.7641124129295349
mlp,test,2024-11,country_380,country_203,1.0,0.7621486783027649
mlp,test,2024-01,country_380,country_344,0.0,0.6712841987609863
mlp,test,2024-02,country_380,country_344,0.0,0.6877672672271729
mlp,test,2024-03,country_380,country_344,0.0,0.6861887574195862
mlp,test,2024-04,country_380,country_344,0.0,0.6478030681610107
mlp,test,2024-05,country_380,country_344,0.0,0.6558780074119568
mlp,test,2024-06,country_380,country_344,0.0,0.6748207211494446
mlp,test,2024-07,country_380,country_344,0.0,0.6552850604057312
mlp,test,2024-08,country_380,country_344,0.0,0.7098455429077148
mlp,test,2024-09,country_380,country_344,0.0,0.6621723175048828
mlp,test,2024-10,country_380,country_344,0.0,0.665693461894989
mlp,test,2024-11,country_380,country_344,0.0,0.6505856513977051
mlp,test,2024-01,country_380,country_372,1.0,0.7802090644836426
mlp,test,2024-02,country_380,country_372,0.0,0.82860267162323
mlp,test,2024-03,country_380,country_372,0.0,0.792095422744751
mlp,test,2024-04,country_380,country_372,0.0,0.7883372902870178
mlp,test,2024-05,country_380,country_372,0.0,0.7934622764587402
mlp,test,2024-06,country_380,country_372,0.0,0.7979490160942078
mlp,test,2024-07,country_380,country_372,1.0,0.7771650552749634
mlp,test,2024-08,country_380,country_372,0.0,0.8774824738502502
mlp,test,2024-09,country_380,country_372,0.0,0.8088718056678772
mlp,test,2024-10,country_380,country_372,0.0,0.7860612273216248
mlp,test,2024-11,country_380,country_372,1.0,0.7820051908493042
mlp,test,2024-01,country_380,country_cn,0.0,0.601980984210968
mlp,test,2024-02,country_380,country_cn,0.0,0.6802108883857727
mlp,test,2024-03,country_380,country_cn,0.0,0.5592712759971619
mlp,test,2024-04,country_380,country_cn,0.0,0.5598697662353516
mlp,test,2024-05,country_380,country_cn,0.0,0.5797045230865479
mlp,test,2024-06,country_380,country_cn,0.0,0.630264163017273
mlp,test,2024-07,country_380,country_cn,0.0,0.5733294486999512
mlp,test,2024-08,country_380,country_cn,0.0,0.663124680519104
mlp,test,2024-09,country_380,country_cn,0.0,0.5714346170425415
mlp,test,2024-10,country_380,country_cn,0.0,0.6173686385154724
mlp,test,2024-11,country_380,country_cn,0.0,0.5312396287918091
mlp,test,2024-01,country_380,country_de,0.0,0.6260411739349365
mlp,test,2024-02,country_380,country_de,0.0,0.6752235293388367
mlp,test,2024-03,country_380,country_de,0.0,0.6522759795188904
mlp,test,2024-04,country_380,country_de,0.0,0.6337178349494934
mlp,test,2024-05,country_380,country_de,0.0,0.6703618764877319
mlp,test,2024-06,country_380,country_de,0.0,0.6784948706626892
mlp,test,2024-07,country_380,country_de,0.0,0.6233022809028625
mlp,test,2024-08,country_380,country_de,0.0,0.7487131953239441
mlp,test,2024-09,country_380,country_de,1.0,0.59702068567276
mlp,test,2024-10,country_380,country_de,0.0,0.6959660053253174
mlp,test,2024-11,country_380,country_de,0.0,0.6604130268096924
mlp,test,2024-01,country_380,country_fr,1.0,0.6121189594268799
mlp,test,2024-02,country_380,country_fr,0.0,0.6868552565574646
mlp,test,2024-03,country_380,country_fr,0.0,0.6685714721679688
mlp,test,2024-04,country_380,country_fr,1.0,0.607353925704956
mlp,test,2024-05,country_380,country_fr,1.0,0.672195315361023
mlp,test,2024-06,country_380,country_fr,1.0,0.7053347229957581
mlp,test,2024-07,country_380,country_fr,1.0,0.7127562165260315
mlp,test,2024-08,country_380,country_fr,1.0,0.7778732776641846
mlp,test,2024-09,country_380,country_fr,0.0,0.6854594945907593
mlp,test,2024-10,country_380,country_fr,1.0,0.695060133934021
mlp,test,2024-11,country_380,country_fr,1.0,0.6750267744064331
mlp,test,2024-01,country_380,country_gb,0.0,0.6823269724845886
mlp,test,2024-02,country_380,country_gb,0.0,0.6983615159988403
mlp,test,2024-03,country_380,country_gb,0.0,0.7072874307632446
mlp,test,2024-04,country_380,country_gb,0.0,0.6743536591529846
mlp,test,2024-05,country_380,country_gb,0.0,0.7142979502677917
mlp,test,2024-06,country_380,country_gb,1.0,0.7206305265426636
mlp,test,2024-07,country_380,country_gb,1.0,0.6986910700798035
mlp,test,2024-08,country_380,country_gb,1.0,0.7610575556755066
mlp,test,2024-09,country_380,country_gb,0.0,0.7138636708259583
mlp,test,2024-10,country_380,country_gb,0.0,0.7235662937164307
mlp,test,2024-11,country_380,country_gb,1.0,0.6769354343414307
mlp,test,2024-01,country_380,country_in,0.0,0.7690317630767822
mlp,test,2024-02,country_380,country_in,1.0,0.7353286147117615
mlp,test,2024-03,country_380,country_in,0.0,0.7871038317680359
mlp,test,2024-04,country_380,country_in,0.0,0.7697152495384216
mlp,test,2024-05,country_380,country_in,1.0,0.7577289342880249
mlp,test,2024-06,country_380,country_in,0.0,0.7781446576118469
mlp,test,2024-07,country_380,country_in,0.0,0.7285164594650269
mlp,test,2024-08,country_380,country_in,0.0,0.809339165687561
mlp,test,2024-09,country_380,country_in,0.0,0.7926591038703918
mlp,test,2024-10,country_380,country_in,0.0,0.818783164024353
mlp,test,2024-11,country_380,country_in,1.0,0.7333723306655884
mlp,test,2024-01,country_380,country_jp,0.0,0.7115594744682312
mlp,test,2024-02,country_380,country_jp,0.0,0.7222985625267029
mlp,test,2024-03,country_380,country_jp,0.0,0.6601014733314514
mlp,test,2024-04,country_380,country_jp,0.0,0.6783356666564941
mlp,test,2024-05,country_380,country_jp,1.0,0.6732540726661682
mlp,test,2024-06,country_380,country_jp,0.0,0.7009327411651611
mlp,test,2024-07,country_380,country_jp,0.0,0.6362406611442566
mlp,test,2024-08,country_380,country_jp,1.0,0.7229788303375244
mlp,test,2024-09,country_380,country_jp,0.0,0.6862388253211975
mlp,test,2024-10,country_380,country_jp,0.0,0.6842654943466187
mlp,test,2024-11,country_380,country_jp,0.0,0.6726667881011963
mlp,test,2024-01,country_380,country_kr,0.0,0.7488619089126587
mlp,test,2024-02,country_380,country_kr,1.0,0.7367417812347412
mlp,test,2024-03,country_380,country_kr,0.0,0.7776033878326416
mlp,test,2024-04,country_380,country_kr,0.0,0.7388991713523865
mlp,test,2024-05,country_380,country_kr,0.0,0.7149893641471863
mlp,test,2024-06,country_380,country_kr,0.0,0.7296205163002014
mlp,test,2024-07,country_380,country_kr,0.0,0.6932992935180664
mlp,test,2024-08,country_380,country_kr,0.0,0.7393832206726074
mlp,test,2024-09,country_380,country_kr,0.0,0.6323119401931763
mlp,test,2024-10,country_380,country_kr,0.0,0.6915311813354492
mlp,test,2024-11,country_380,country_kr,0.0,0.7194395065307617
mlp,test,2024-01,country_380,country_mx,0.0,0.7860515117645264
mlp,test,2024-02,country_380,country_mx,0.0,0.7334545254707336
mlp,test,2024-03,country_380,country_mx,0.0,0.7598555088043213
mlp,test,2024-04,country_380,country_mx,0.0,0.7288414239883423
mlp,test,2024-05,country_380,country_mx,1.0,0.7484105825424194
mlp,test,2024-06,country_380,country_mx,0.0,0.7870678305625916
mlp,test,2024-07,country_380,country_mx,0.0,0.7225688099861145
mlp,test,2024-08,country_380,country_mx,0.0,0.7990826368331909
mlp,test,2024-09,country_380,country_mx,0.0,0.7319765090942383
mlp,test,2024-10,country_380,country_mx,1.0,0.7638132572174072
mlp,test,2024-11,country_380,country_mx,1.0,0.786293625831604
mlp,test,2024-01,country_380,country_my,0.0,0.6574371457099915
mlp,test,2024-02,country_380,country_my,0.0,0.6742278337478638
mlp,test,2024-03,country_380,country_my,0.0,0.6395981311798096
mlp,test,2024-04,country_380,country_my,0.0,0.6250565052032471
mlp,test,2024-05,country_380,country_my,0.0,0.6860900521278381
mlp,test,2024-06,country_380,country_my,0.0,0.7039570808410645
mlp,test,2024-07,country_380,country_my,1.0,0.6441972851753235
mlp,test,2024-08,country_380,country_my,1.0,0.7767211198806763
mlp,test,2024-09,country_380,country_my,1.0,0.6948515176773071
mlp,test,2024-10,country_380,country_my,1.0,0.7145096659660339
mlp,test,2024-11,country_380,country_my,0.0,0.6706262230873108
mlp,test,2024-01,country_380,country_ph,0.0,0.6247998476028442
mlp,test,2024-02,country_380,country_ph,0.0,0.6369116902351379
mlp,test,2024-03,country_380,country_ph,0.0,0.6304162740707397
mlp,test,2024-04,country_380,country_ph,0.0,0.6025553941726685
mlp,test,2024-05,country_380,country_ph,0.0,0.616683304309845
mlp,test,2024-06,country_380,country_ph,0.0,0.6580557823181152
mlp,test,2024-07,country_380,country_ph,0.0,0.5922843217849731
mlp,test,2024-08,country_380,country_ph,0.0,0.6862825751304626
mlp,test,2024-09,country_380,country_ph,0.0,0.6305596232414246
mlp,test,2024-10,country_380,country_ph,0.0,0.6567633152008057
mlp,test,2024-11,country_380,country_ph,1.0,0.620842695236206
mlp,test,2024-01,country_380,country_sg,0.0,0.5005395412445068
mlp,test,2024-02,country_380,country_sg,0.0,0.5154011249542236
mlp,test,2024-03,country_380,country_sg,0.0,0.5559396147727966
mlp,test,2024-04,country_380,country_sg,0.0,0.5450294017791748
mlp,test,2024-05,country_380,country_sg,0.0,0.5873405933380127
mlp,test,2024-06,country_380,country_sg,0.0,0.6111695766448975
mlp,test,2024-07,country_380,country_sg,0.0,0.5601785182952881
mlp,test,2024-08,country_380,country_sg,0.0,0.6619728803634644
mlp,test,2024-09,country_380,country_sg,1.0,0.5658470392227173
mlp,test,2024-10,country_380,country_sg,0.0,0.6063275933265686
mlp,test,2024-11,country_380,country_sg,0.0,0.5624864101409912
mlp,test,2024-01,country_380,country_th,0.0,0.6513826251029968
mlp,test,2024-02,country_380,country_th,1.0,0.6664624214172363
mlp,test,2024-03,country_380,country_th,0.0,0.6701385378837585
mlp,test,2024-04,country_380,country_th,0.0,0.6811088919639587
mlp,test,2024-05,country_380,country_th,0.0,0.6478144526481628
mlp,test,2024-06,country_380,country_th,0.0,0.7524062991142273
mlp,test,2024-07,country_380,country_th,0.0,0.6586547493934631
mlp,test,2024-08,country_380,country_th,0.0,0.8004299998283386
mlp,test,2024-09,country_380,country_th,0.0,0.6410460472106934
mlp,test,2024-10,country_380,country_th,0.0,0.7005237340927124
mlp,test,2024-11,country_380,country_th,0.0,0.7265110015869141
mlp,test,2024-01,country_380,country_us,0.0,0.43525469303131104
mlp,test,2024-02,country_380,country_us,0.0,0.48057979345321655
mlp,test,2024-03,country_380,country_us,0.0,0.4327951967716217
mlp,test,2024-04,country_380,country_us,0.0,0.41574713587760925
mlp,test,2024-05,country_380,country_us,0.0,0.46975061297416687
mlp,test,2024-06,country_380,country_us,0.0,0.49649283289909363
mlp,test,2024-07,country_380,country_us,0.0,0.4242575466632843
mlp,test,2024-08,country_380,country_us,0.0,0.7036293745040894
mlp,test,2024-09,country_380,country_us,0.0,0.41898366808891296
mlp,test,2024-10,country_380,country_us,0.0,0.5958226323127747
mlp,test,2024-11,country_380,country_us,0.0,0.5160579681396484
mlp,test,2024-01,country_50,country_344,0.0,0.8184601068496704
mlp,test,2024-02,country_50,country_344,1.0,0.8251778483390808
mlp,test,2024-05,country_50,country_344,1.0,0.8722720742225647
mlp,test,2024-06,country_50,country_344,1.0,0.872099757194519
mlp,test,2024-07,country_50,country_344,1.0,0.8464739918708801
mlp,test,2024-08,country_50,country_344,0.0,0.8733566403388977
mlp,test,2024-09,country_50,country_344,1.0,0.8077899813652039
mlp,test,2024-01,country_50,country_cn,1.0,0.8474906086921692
mlp,test,2024-02,country_50,country_cn,1.0,0.9261330962181091
mlp,test,2024-03,country_50,country_cn,1.0,0.8512387275695801
mlp,test,2024-05,country_50,country_cn,1.0,0.8964210748672485
mlp,test,2024-07,country_50,country_cn,1.0,0.9394985437393188
mlp,test,2024-11,country_50,country_cn,1.0,0.8771820068359375
mlp,test,2024-01,country_50,country_de,1.0,0.8593329191207886
mlp,test,2024-03,country_50,country_de,0.0,0.9120444059371948
mlp,test,2024-05,country_50,country_de,0.0,0.8354407548904419
mlp,test,2024-07,country_50,country_de,1.0,0.8316094875335693
mlp,test,2024-08,country_50,country_de,1.0,0.9450659155845642
mlp,test,2024-09,country_50,country_de,1.0,0.8850157856941223
mlp,test,2024-11,country_50,country_de,1.0,0.9421850442886353
mlp,test,2024-01,country_50,country_fr,1.0,0.9017704725265503
mlp,test,2024-01,country_50,country_jp,1.0,0.864831268787384
mlp,test,2024-02,country_50,country_jp,1.0,0.8908878564834595
mlp,test,2024-03,country_50,country_jp,1.0,0.8513209223747253
mlp,test,2024-04,country_50,country_jp,1.0,0.8504123091697693
mlp,test,2024-05,country_50,country_jp,1.0,0.8547935485839844
mlp,test,2024-06,country_50,country_jp,0.0,0.8487898707389832
mlp,test,2024-07,country_50,country_jp,0.0,0.8458892703056335
mlp,test,2024-08,country_50,country_jp,0.0,0.8397654891014099
mlp,test,2024-09,country_50,country_jp,0.0,0.8526427745819092
mlp,test,2024-10,country_50,country_jp,0.0,0.8153015375137329
mlp,test,2024-11,country_50,country_jp,0.0,0.8326316475868225
mlp,test,2024-06,country_50,country_my,1.0,0.9108439683914185
mlp,test,2024-09,country_50,country_my,1.0,0.9474714398384094
mlp,test,2024-10,country_50,country_my,0.0,0.8666132092475891
mlp,test,2024-11,country_50,country_my,0.0,0.8529011607170105
mlp,test,2024-01,country_50,country_sg,0.0,0.9295752644538879
mlp,test,2024-02,country_50,country_sg,0.0,0.9311925172805786
mlp,test,2024-03,country_50,country_sg,0.0,0.931177020072937
mlp,test,2024-04,country_50,country_sg,0.0,0.9336093664169312
mlp,test,2024-05,country_50,country_sg,0.0,0.9349967837333679
mlp,test,2024-06,country_50,country_sg,0.0,0.9300211071968079
mlp,test,2024-09,country_50,country_sg,0.0,0.9247452020645142
mlp,test,2024-11,country_50,country_sg,0.0,0.9314709901809692
mlp,test,2024-01,country_50,country_us,0.0,0.6654458045959473
mlp,test,2024-04,country_50,country_us,1.0,0.5882309675216675
mlp,test,2024-05,country_50,country_us,0.0,0.7606261968612671
mlp,test,2024-06,country_50,country_us,0.0,0.5955153703689575
mlp,test,2024-07,country_50,country_us,0.0,0.5589173436164856
mlp,test,2024-08,country_50,country_us,0.0,0.590977668762207
mlp,test,2024-09,country_50,country_us,1.0,0.584014892578125
mlp,test,2024-10,country_50,country_us,0.0,0.6805053353309631
mlp,test,2024-11,country_50,country_us,0.0,0.6523541808128357
mlp,test,2024-01,country_cn,country_203,0.0,0.4855899512767792
mlp,test,2024-02,country_cn,country_203,0.0,0.5997828245162964
mlp,test,2024-03,country_cn,country_203,0.0,0.45596545934677124
mlp,test,2024-04,country_cn,country_203,1.0,0.49966108798980713
mlp,test,2024-05,country_cn,country_203,0.0,0.49105948209762573
mlp,test,2024-06,country_cn,country_203,0.0,0.48081499338150024
mlp,test,2024-07,country_cn,country_203,0.0,0.4322340488433838
mlp,test,2024-08,country_cn,country_203,0.0,0.4656673073768616
mlp,test,2024-09,country_cn,country_203,1.0,0.444394588470459
mlp,test,2024-10,country_cn,country_203,0.0,0.5304033756256104
mlp,test,2024-11,country_cn,country_203,0.0,0.49492308497428894
mlp,test,2024-01,country_cn,country_344,1.0,0.4821585416793823
mlp,test,2024-02,country_cn,country_344,0.0,0.6162947416305542
mlp,test,2024-03,country_cn,country_344,0.0,0.39483800530433655
mlp,test,2024-04,country_cn,country_344,0.0,0.4086519479751587
mlp,test,2024-05,country_cn,country_344,0.0,0.4607657492160797
mlp,test,2024-06,country_cn,country_344,0.0,0.40992119908332825
mlp,test,2024-07,country_cn,country_344,0.0,0.4219912886619568
mlp,test,2024-08,country_cn,country_344,0.0,0.4209475517272949
mlp,test,2024-09,country_cn,country_344,0.0,0.4135453999042511
mlp,test,2024-10,country_cn,country_344,0.0,0.4186890125274658
mlp,test,2024-11,country_cn,country_344,0.0,0.4218849241733551
mlp,test,2024-01,country_cn,country_372,1.0,0.5234116315841675
mlp,test,2024-02,country_cn,country_372,1.0,0.7581403851509094
mlp,test,2024-03,country_cn,country_372,1.0,0.4957844913005829
mlp,test,2024-04,country_cn,country_372,0.0,0.4886767864227295
mlp,test,2024-05,country_cn,country_372,0.0,0.4243850111961365
mlp,test,2024-06,country_cn,country_372,0.0,0.48076456785202026
mlp,test,2024-07,country_cn,country_372,0.0,0.4811468720436096
mlp,test,2024-08,country_cn,country_372,0.0,0.6541407704353333
mlp,test,2024-09,country_cn,country_372,0.0,0.6057709455490112
mlp,test,2024-10,country_cn,country_372,0.0,0.5616399049758911
mlp,test,2024-11,country_cn,country_372,1.0,0.3866719901561737
mlp,test,2024-01,country_cn,country_380,1.0,0.5094034671783447
mlp,test,2024-02,country_cn,country_380,1.0,0.5980938076972961
mlp,test,2024-03,country_cn,country_380,1.0,0.47162917256355286
mlp,test,2024-04,country_cn,country_380,0.0,0.47074294090270996
mlp,test,2024-05,country_cn,country_380,1.0,0.5045914649963379
mlp,test,2024-06,country_cn,country_380,0.0,0.559268057346344
mlp,test,2024-07,country_cn,country_380,0.0,0.4726884961128235
mlp,test,2024-08,country_cn,country_380,0.0,0.6164206862449646
mlp,test,2024-09,country_cn,country_380,0.0,0.47080981731414795
mlp,test,2024-10,country_cn,country_380,0.0,0.5413105487823486
mlp,test,2024-11,country_cn,country_380,0.0,0.48354220390319824
mlp,test,2024-01,country_cn,country_de,1.0,0.3464864194393158
mlp,test,2024-02,country_cn,country_de,1.0,0.5635699033737183
mlp,test,2024-03,country_cn,country_de,0.0,0.30068790912628174
mlp,test,2024-04,country_cn,country_de,0.0,0.3096918761730194
mlp,test,2024-05,country_cn,country_de,0.0,0.3318677544593811
mlp,test,2024-06,country_cn,country_de,0.0,0.31390443444252014
mlp,test,2024-07,country_cn,country_de,0.0,0.3068679869174957
mlp,test,2024-08,country_cn,country_de,0.0,0.37092459201812744
mlp,test,2024-09,country_cn,country_de,0.0,0.30129265785217285
mlp,test,2024-10,country_cn,country_de,0.0,0.31008830666542053
mlp,test,2024-11,country_cn,country_de,1.0,0.4203127324581146
mlp,test,2024-01,country_cn,country_fr,1.0,0.35501012206077576
mlp,test,2024-02,country_cn,country_fr,0.0,0.5654584765434265
mlp,test,2024-03,country_cn,country_fr,0.0,0.36672642827033997
mlp,test,2024-04,country_cn,country_fr,0.0,0.30373725295066833
mlp,test,2024-05,country_cn,country_fr,0.0,0.32373353838920593
mlp,test,2024-06,country_cn,country_fr,0.0,0.3188402056694031
mlp,test,2024-07,country_cn,country_fr,0.0,0.4797075688838959
mlp,test,2024-08,country_cn,country_fr,0.0,0.44786518812179565
mlp,test,2024-09,country_cn,country_fr,0.0,0.32721948623657227
mlp,test,2024-10,country_cn,country_fr,0.0,0.3589385151863098
mlp,test,2024-11,country_cn,country_fr,1.0,0.3725709319114685
mlp,test,2024-01,country_cn,country_gb,1.0,0.40219059586524963
mlp,test,2024-02,country_cn,country_gb,0.0,0.5425839424133301
mlp,test,2024-03,country_cn,country_gb,0.0,0.404118150472641
mlp,test,2024-04,country_cn,country_gb,1.0,0.3118222653865814
mlp,test,2024-05,country_cn,country_gb,0.0,0.41978394985198975
mlp,test,2024-06,country_cn,country_gb,0.0,0.3192532956600189
mlp,test,2024-07,country_cn,country_gb,0.0,0.3589562773704529
mlp,test,2024-08,country_cn,country_gb,0.0,0.32034528255462646
mlp,test,2024-09,country_cn,country_gb,0.0,0.32641085982322693
mlp,test,2024-10,country_cn,country_gb,0.0,0.3822563588619232
mlp,test,2024-11,country_cn,country_gb,1.0,0.35136526823043823
mlp,test,2024-01,country_cn,country_in,0.0,0.27240127325057983
mlp,test,2024-02,country_cn,country_in,0.0,0.5202257633209229
mlp,test,2024-03,country_cn,country_in,0.0,0.34518399834632874
mlp,test,2024-04,country_cn,country_in,0.0,0.3660728633403778
mlp,test,2024-05,country_cn,country_in,0.0,0.35297128558158875
mlp,test,2024-06,country_cn,country_in,0.0,0.29401305317878723
mlp,test,2024-07,country_cn,country_in,0.0,0.24563992023468018
mlp,test,2024-08,country_cn,country_in,0.0,0.23523172736167908
mlp,test,2024-09,country_cn,country_in,0.0,0.33820024132728577
mlp,test,2024-10,country_cn,country_in,0.0,0.40005263686180115
mlp,test,2024-11,country_cn,country_in,0.0,0.3245503604412079
mlp,test,2024-01,country_cn,country_jp,1.0,0.5461443066596985
mlp,test,2024-02,country_cn,country_jp,0.0,0.6558898091316223
mlp,test,2024-03,country_cn,country_jp,0.0,0.30761459469795227
mlp,test,2024-04,country_cn,country_jp,0.0,0.35263147950172424
mlp,test,2024-05,country_cn,country_jp,0.0,0.33831384778022766
mlp,test,2024-06,country_cn,country_jp,0.0,0.31775611639022827
mlp,test,2024-07,country_cn,country_jp,0.0,0.3105400800704956
mlp,test,2024-08,country_cn,country_jp,0.0,0.3218610882759094
mlp,test,2024-09,country_cn,country_jp,0.0,0.30491146445274353
mlp,test,2024-10,country_cn,country_jp,0.0,0.3359748125076294
mlp,test,2024-11,country_cn,country_jp,0.0,0.4072834253311157
mlp,test,2024-01,country_cn,country_kr,0.0,0.33652186393737793
mlp,test,2024-02,country_cn,country_kr,0.0,0.42084622383117676
mlp,test,2024-03,country_cn,country_kr,0.0,0.3033675253391266
mlp,test,2024-04,country_cn,country_kr,0.0,0.30498242378234863
mlp,test,2024-05,country_cn,country_kr,0.0,0.2815593183040619
mlp,test,2024-06,country_cn,country_kr,0.0,0.37543097138404846
mlp,test,2024-07,country_cn,country_kr,0.0,0.31354010105133057
mlp,test,2024-08,country_cn,country_kr,0.0,0.2882872521877289
mlp,test,2024-09,country_cn,country_kr,0.0,0.29218998551368713
mlp,test,2024-10,country_cn,country_kr,0.0,0.28535857796669006
mlp,test,2024-11,country_cn,country_kr,0.0,0.3418443202972412
mlp,test,2024-01,country_cn,country_mx,1.0,0.497372567653656
mlp,test,2024-02,country_cn,country_mx,0.0,0.5197434425354004
mlp,test,2024-03,country_cn,country_mx,0.0,0.3290349543094635
mlp,test,2024-04,country_cn,country_mx,0.0,0.26762470602989197
mlp,test,2024-05,country_cn,country_mx,0.0,0.2996245324611664
mlp,test,2024-06,country_cn,country_mx,0.0,0.2862173914909363
mlp,test,2024-07,country_cn,country_mx,0.0,0.268234521150589
mlp,test,2024-08,country_cn,country_mx,0.0,0.2892560660839081
mlp,test,2024-09,country_cn,country_mx,0.0,0.28827032446861267
mlp,test,2024-10,country_cn,country_mx,0.0,0.2779639661312103
mlp,test,2024-11,country_cn,country_mx,0.0,0.43079644441604614
mlp,test,2024-01,country_cn,country_my,0.0,0.3623793423175812
mlp,test,2024-02,country_cn,country_my,0.0,0.5062378644943237
mlp,test,2024-03,country_cn,country_my,0.0,0.28719618916511536
mlp,test,2024-04,country_cn,country_my,0.0,0.29308900237083435
mlp,test,2024-05,country_cn,country_my,0.0,0.30703726410865784
mlp,test,2024-06,country_cn,country_my,0.0,0.28991708159446716
mlp,test,2024-07,country_cn,country_my,0.0,0.27052274346351624
mlp,test,2024-08,country_cn,country_my,0.0,0.2569907605648041
mlp,test,2024-09,country_cn,country_my,0.0,0.30189934372901917
mlp,test,2024-10,country_cn,country_my,0.0,0.2840122580528259
mlp,test,2024-11,country_cn,country_my,0.0,0.31266364455223083
mlp,test,2024-01,country_cn,country_ph,0.0,0.39647310972213745
mlp,test,2024-02,country_cn,country_ph,0.0,0.5491160154342651
mlp,test,2024-03,country_cn,country_ph,0.0,0.32610175013542175
mlp,test,2024-04,country_cn,country_ph,0.0,0.3311155438423157
mlp,test,2024-05,country_cn,country_ph,0.0,0.29925715923309326
mlp,test,2024-06,country_cn,country_ph,0.0,0.29484444856643677
mlp,test,2024-07,country_cn,country_ph,0.0,0.30349528789520264
mlp,test,2024-08,country_cn,country_ph,0.0,0.29962244629859924
mlp,test,2024-09,country_cn,country_ph,0.0,0.33483976125717163
mlp,test,2024-10,country_cn,country_ph,0.0,0.2854008972644806
mlp,test,2024-11,country_cn,country_ph,0.0,0.3530343770980835
mlp,test,2024-01,country_cn,country_sg,0.0,0.31417223811149597
mlp,test,2024-02,country_cn,country_sg,0.0,0.4315279424190521
mlp,test,2024-03,country_cn,country_sg,0.0,0.3095085918903351
mlp,test,2024-04,country_cn,country_sg,0.0,0.3117552399635315
mlp,test,2024-05,country_cn,country_sg,0.0,0.3277074694633484
mlp,test,2024-06,country_cn,country_sg,0.0,0.3325198292732239
mlp,test,2024-07,country_cn,country_sg,0.0,0.340640664100647
mlp,test,2024-08,country_cn,country_sg,0.0,0.3370492458343506
mlp,test,2024-09,country_cn,country_sg,0.0,0.31137987971305847
mlp,test,2024-10,country_cn,country_sg,0.0,0.29273179173469543
mlp,test,2024-11,country_cn,country_sg,0.0,0.3475014269351959
mlp,test,2024-01,country_cn,country_th,0.0,0.3176157474517822
mlp,test,2024-02,country_cn,country_th,0.0,0.45659947395324707
mlp,test,2024-03,country_cn,country_th,0.0,0.2662647068500519
mlp,test,2024-04,country_cn,country_th,0.0,0.36287495493888855
mlp,test,2024-05,country_cn,country_th,0.0,0.26533567905426025
mlp,test,2024-06,country_cn,country_th,0.0,0.4650242030620575
mlp,test,2024-07,country_cn,country_th,0.0,0.2975742816925049
mlp,test,2024-08,country_cn,country_th,0.0,0.5025691390037537
mlp,test,2024-09,country_cn,country_th,0.0,0.2896711528301239
mlp,test,2024-10,country_cn,country_th,0.0,0.2871793508529663
mlp,test,2024-11,country_cn,country_th,0.0,0.5093936920166016
mlp,test,2024-01,country_cn,country_us,1.0,0.34734195470809937
mlp,test,2024-02,country_cn,country_us,0.0,0.49822190403938293
mlp,test,2024-03,country_cn,country_us,1.0,0.284085750579834
mlp,test,2024-04,country_cn,country_us,0.0,0.28753721714019775
mlp,test,2024-05,country_cn,country_us,0.0,0.28792914748191833
mlp,test,2024-06,country_cn,country_us,0.0,0.2771450877189636
mlp,test,2024-07,country_cn,country_us,0.0,0.30160704255104065
mlp,test,2024-08,country_cn,country_us,0.0,0.3536423146724701
mlp,test,2024-09,country_cn,country_us,0.0,0.2843380868434906
mlp,test,2024-10,country_cn,country_us,0.0,0.37256550788879395
mlp,test,2024-11,country_cn,country_us,0.0,0.3815629780292511
mlp,test,2024-01,country_de,country_203,0.0,0.4755248427391052
mlp,test,2024-02,country_de,country_203,0.0,0.5896376371383667
mlp,test,2024-03,country_de,country_203,0.0,0.4712652266025543
mlp,test,2024-04,country_de,country_203,0.0,0.5389649868011475
mlp,test,2024-05,country_de,country_203,0.0,0.5177909731864929
mlp,test,2024-06,country_de,country_203,0.0,0.5012838244438171
mlp,test,2024-07,country_de,country_203,0.0,0.4570687413215637
mlp,test,2024-08,country_de,country_203,0.0,0.5376952290534973
mlp,test,2024-09,country_de,country_203,0.0,0.46705901622772217
mlp,test,2024-10,country_de,country_203,0.0,0.572478711605072
mlp,test,2024-11,country_de,country_203,1.0,0.5691971182823181
mlp,test,2024-01,country_de,country_344,0.0,0.5230554938316345
mlp,test,2024-02,country_de,country_344,0.0,0.6485586762428284
mlp,test,2024-03,country_de,country_344,0.0,0.45213934779167175
mlp,test,2024-04,country_de,country_344,0.0,0.4789831340312958
mlp,test,2024-05,country_de,country_344,0.0,0.5209518074989319
mlp,test,2024-06,country_de,country_344,0.0,0.47370216250419617
mlp,test,2024-07,country_de,country_344,0.0,0.47836190462112427
mlp,test,2024-08,country_de,country_344,0.0,0.5322677493095398
mlp,test,2024-09,country_de,country_344,0.0,0.4740404188632965
mlp,test,2024-10,country_de,country_344,0.0,0.4971398711204529
mlp,test,2024-11,country_de,country_344,0.0,0.5197691321372986
mlp,test,2024-01,country_de,country_372,0.0,0.554744303226471
mlp,test,2024-02,country_de,country_372,0.0,0.7298699617385864
mlp,test,2024-03,country_de,country_372,0.0,0.5125164985656738
mlp,test,2024-04,country_de,country_372,0.0,0.5123026967048645
mlp,test,2024-05,country_de,country_372,0.0,0.4732959270477295
mlp,test,2024-06,country_de,country_372,0.0,0.5267583131790161
mlp,test,2024-07,country_de,country_372,0.0,0.5107458829879761
mlp,test,2024-08,country_de,country_372,1.0,0.7218195199966431
mlp,test,2024-09,country_de,country_372,0.0,0.6449596285820007
mlp,test,2024-10,country_de,country_372,0.0,0.6087946891784668
mlp,test,2024-11,country_de,country_372,1.0,0.48669666051864624
mlp,test,2024-01,country_de,country_380,0.0,0.4637959599494934
mlp,test,2024-02,country_de,country_380,0.0,0.531175434589386
mlp,test,2024-03,country_de,country_380,0.0,0.4552304446697235
mlp,test,2024-04,country_de,country_380,1.0,0.47115465998649597
mlp,test,2024-05,country_de,country_380,0.0,0.5130654573440552
mlp,test,2024-06,country_de,country_380,0.0,0.5470951199531555
mlp,test,2024-07,country_de,country_380,1.0,0.4665702283382416
mlp,test,2024-08,country_de,country_380,0.0,0.6653382182121277
mlp,test,2024-09,country_de,country_380,0.0,0.46356791257858276
mlp,test,2024-10,country_de,country_380,0.0,0.5526682138442993
mlp,test,2024-11,country_de,country_380,0.0,0.5088434815406799
mlp,test,2024-01,country_de,country_cn,0.0,0.38980066776275635
mlp,test,2024-02,country_de,country_cn,0.0,0.6250646114349365
mlp,test,2024-03,country_de,country_cn,0.0,0.3156428337097168
mlp,test,2024-04,country_de,country_cn,0.0,0.33596134185791016
mlp,test,2024-05,country_de,country_cn,0.0,0.33679622411727905
mlp,test,2024-06,country_de,country_cn,0.0,0.32211267948150635
mlp,test,2024-07,country_de,country_cn,0.0,0.3181569576263428
mlp,test,2024-08,country_de,country_cn,0.0,0.3928111493587494
mlp,test,2024-09,country_de,country_cn,0.0,0.3193466067314148
mlp,test,2024-10,country_de,country_cn,0.0,0.3499785363674164
mlp,test,2024-11,country_de,country_cn,0.0,0.40654808282852173
mlp,test,2024-01,country_de,country_fr,0.0,0.31807711720466614
mlp,test,2024-02,country_de,country_fr,0.0,0.5556758642196655
mlp,test,2024-03,country_de,country_fr,0.0,0.3812040090560913
mlp,test,2024-04,country_de,country_fr,0.0,0.3347209095954895
mlp,test,2024-05,country_de,country_fr,0.0,0.3485886752605438
mlp,test,2024-06,country_de,country_fr,0.0,0.3255311846733093
mlp,test,2024-07,country_de,country_fr,0.0,0.521101176738739
mlp,test,2024-08,country_de,country_fr,0.0,0.565203070640564
mlp,test,2024-09,country_de,country_fr,0.0,0.33857840299606323
mlp,test,2024-10,country_de,country_fr,1.0,0.4318907558917999
mlp,test,2024-11,country_de,country_fr,1.0,0.493439644575119
mlp,test,2024-01,country_de,country_gb,0.0,0.37741830945014954
mlp,test,2024-02,country_de,country_gb,0.0,0.5654822587966919
mlp,test,2024-03,country_de,country_gb,0.0,0.46519771218299866
mlp,test,2024-04,country_de,country_gb,0.0,0.369365930557251
mlp,test,2024-05,country_de,country_gb,0.0,0.5117533802986145
mlp,test,2024-06,country_de,country_gb,1.0,0.35419684648513794
mlp,test,2024-07,country_de,country_gb,1.0,0.42027562856674194
mlp,test,2024-08,country_de,country_gb,1.0,0.48014959692955017
mlp,test,2024-09,country_de,country_gb,0.0,0.38069891929626465
mlp,test,2024-10,country_de,country_gb,0.0,0.4795949161052704
mlp,test,2024-11,country_de,country_gb,1.0,0.5019095540046692
mlp,test,2024-01,country_de,country_in,0.0,0.31245213747024536
mlp,test,2024-02,country_de,country_in,0.0,0.6198450922966003
mlp,test,2024-03,country_de,country_in,0.0,0.43864473700523376
mlp,test,2024-04,country_de,country_in,0.0,0.5136531591415405
mlp,test,2024-05,country_de,country_in,1.0,0.4747602343559265
mlp,test,2024-06,country_de,country_in,0.0,0.38895660638809204
mlp,test,2024-07,country_de,country_in,0.0,0.33314794301986694
mlp,test,2024-08,country_de,country_in,0.0,0.4122183918952942
mlp,test,2024-09,country_de,country_in,0.0,0.5041795372962952
mlp,test,2024-10,country_de,country_in,0.0,0.579289972782135
mlp,test,2024-11,country_de,country_in,1.0,0.5752027034759521
mlp,test,2024-01,country_de,country_jp,0.0,0.5623748898506165
mlp,test,2024-02,country_de,country_jp,0.0,0.6613398790359497
mlp,test,2024-03,country_de,country_jp,0.0,0.3296215832233429
mlp,test,2024-04,country_de,country_jp,0.0,0.4087565839290619
mlp,test,2024-05,country_de,country_jp,0.0,0.37934109568595886
mlp,test,2024-06,country_de,country_jp,0.0,0.3354994058609009
mlp,test,2024-07,country_de,country_jp,0.0,0.32479262351989746
mlp,test,2024-08,country_de,country_jp,0.0,0.44044268131256104
mlp,test,2024-09,country_de,country_jp,0.0,0.32505297660827637
mlp,test,2024-10,country_de,country_jp,0.0,0.41013532876968384
mlp,test,2024-11,country_de,country_jp,0.0,0.5348694920539856
mlp,test,2024-01,country_de,country_kr,0.0,0.3293680250644684
mlp,test,2024-02,country_de,country_kr,0.0,0.4503655731678009
mlp,test,2024-03,country_de,country_kr,0.0,0.34343284368515015
mlp,test,2024-04,country_de,country_kr,0.0,0.36384400725364685
mlp,test,2024-05,country_de,country_kr,1.0,0.3296401798725128
mlp,test,2024-06,country_de,country_kr,0.0,0.4364404082298279
mlp,test,2024-07,country_de,country_kr,1.0,0.3521076440811157
mlp,test,2024-08,country_de,country_kr,1.0,0.419974684715271
mlp,test,2024-09,country_de,country_kr,1.0,0.33365386724472046
mlp,test,2024-10,country_de,country_kr,1.0,0.3640505373477936
mlp,test,2024-11,country_de,country_kr,1.0,0.4998055398464203
mlp,test,2024-01,country_de,country_mx,0.0,0.47613632678985596
mlp,test,2024-02,country_de,country_mx,0.0,0.4691665470600128
mlp,test,2024-03,country_de,country_mx,0.0,0.3816942572593689
mlp,test,2024-04,country_de,country_mx,0.0,0.3234815299510956
mlp,test,2024-05,country_de,country_mx,1.0,0.35317137837409973
mlp,test,2024-06,country_de,country_mx,0.0,0.3392404615879059
mlp,test,2024-07,country_de,country_mx,0.0,0.310506135225296
mlp,test,2024-08,country_de,country_mx,0.0,0.45150455832481384
mlp,test,2024-09,country_de,country_mx,0.0,0.34362950921058655
mlp,test,2024-10,country_de,country_mx,0.0,0.36400455236434937
mlp,test,2024-11,country_de,country_mx,0.0,0.6007418036460876
mlp,test,2024-01,country_de,country_my,0.0,0.3446081876754761
mlp,test,2024-02,country_de,country_my,0.0,0.5323284864425659
mlp,test,2024-03,country_de,country_my,0.0,0.31294116377830505
mlp,test,2024-04,country_de,country_my,0.0,0.33887994289398193
mlp,test,2024-05,country_de,country_my,0.0,0.34154993295669556
mlp,test,2024-06,country_de,country_my,0.0,0.3120301365852356
mlp,test,2024-07,country_de,country_my,0.0,0.2867834270000458
mlp,test,2024-08,country_de,country_my,0.0,0.33212554454803467
mlp,test,2024-09,country_de,country_my,0.0,0.3292189836502075
mlp,test,2024-10,country_de,country_my,0.0,0.3403495252132416
mlp,test,2024-11,country_de,country_my,1.0,0.44170942902565
mlp,test,2024-01,country_de,country_ph,0.0,0.36990150809288025
mlp,test,2024-02,country_de,country_ph,0.0,0.5736104846000671
mlp,test,2024-03,country_de,country_ph,0.0,0.35037070512771606
mlp,test,2024-04,country_de,country_ph,0.0,0.3848625123500824
mlp,test,2024-05,country_de,country_ph,0.0,0.3324412703514099
mlp,test,2024-06,country_de,country_ph,0.0,0.31615346670150757
mlp,test,2024-07,country_de,country_ph,0.0,0.3207460045814514
mlp,test,2024-08,country_de,country_ph,0.0,0.39983588457107544
mlp,test,2024-09,country_de,country_ph,0.0,0.3695853352546692
mlp,test,2024-10,country_de,country_ph,0.0,0.3444572687149048
mlp,test,2024-11,country_de,country_ph,0.0,0.4994661509990692
mlp,test,2024-01,country_de,country_sg,1.0,0.29730120301246643
mlp,test,2024-02,country_de,country_sg,0.0,0.4224991798400879
mlp,test,2024-03,country_de,country_sg,0.0,0.3332466781139374
mlp,test,2024-04,country_de,country_sg,0.0,0.35425153374671936
mlp,test,2024-05,country_de,country_sg,0.0,0.36705639958381653
mlp,test,2024-06,country_de,country_sg,0.0,0.35570546984672546
mlp,test,2024-07,country_de,country_sg,0.0,0.3703937530517578
mlp,test,2024-08,country_de,country_sg,0.0,0.4671142101287842
mlp,test,2024-09,country_de,country_sg,0.0,0.33668455481529236
mlp,test,2024-10,country_de,country_sg,1.0,0.3464912474155426
mlp,test,2024-11,country_de,country_sg,0.0,0.4950568675994873
mlp,test,2024-01,country_de,country_th,0.0,0.30417677760124207
mlp,test,2024-02,country_de,country_th,1.0,0.4874442219734192
mlp,test,2024-03,country_de,country_th,1.0,0.3068598806858063
mlp,test,2024-04,country_de,country_th,1.0,0.444602370262146
mlp,test,2024-05,country_de,country_th,1.0,0.30716389417648315
mlp,test,2024-06,country_de,country_th,0.0,0.5342901349067688
mlp,test,2024-07,country_de,country_th,0.0,0.31953737139701843
mlp,test,2024-08,country_de,country_th,1.0,0.6361600160598755
mlp,test,2024-09,country_de,country_th,0.0,0.325676828622818
mlp,test,2024-10,country_de,country_th,0.0,0.34806740283966064
mlp,test,2024-11,country_de,country_th,0.0,0.6297035813331604
mlp,test,2024-01,country_de,country_us,0.0,0.32205331325531006
mlp,test,2024-02,country_de,country_us,0.0,0.4285428822040558
mlp,test,2024-03,country_de,country_us,0.0,0.3016935884952545
mlp,test,2024-04,country_de,country_us,0.0,0.3092130124568939
mlp,test,2024-05,country_de,country_us,0.0,0.314572811126709
mlp,test,2024-06,country_de,country_us,0.0,0.2896425426006317
mlp,test,2024-07,country_de,country_us,0.0,0.3141865134239197
mlp,test,2024-08,country_de,country_us,0.0,0.4138862192630768
mlp,test,2024-09,country_de,country_us,0.0,0.2972632050514221
mlp,test,2024-10,country_de,country_us,0.0,0.3984224200248718
mlp,test,2024-11,country_de,country_us,0.0,0.45319801568984985
mlp,test,2024-01,country_fr,country_203,0.0,0.5897501707077026
mlp,test,2024-02,country_fr,country_203,0.0,0.6586652398109436
mlp,test,2024-03,country_fr,country_203,1.0,0.5838793516159058
mlp,test,2024-04,country_fr,country_203,0.0,0.6499613523483276
mlp,test,2024-05,country_fr,country_203,0.0,0.6082515120506287
mlp,test,2024-06,country_fr,country_203,0.0,0.6227909326553345
mlp,test,2024-07,country_fr,country_203,0.0,0.5925719738006592
mlp,test,2024-08,country_fr,country_203,0.0,0.6378893256187439
mlp,test,2024-09,country_fr,country_203,0.0,0.5739453434944153
mlp,test,2024-10,country_fr,country_203,1.0,0.6489053964614868
mlp,test,2024-11,country_fr,country_203,1.0,0.6384626626968384
mlp,test,2024-01,country_fr,country_344,0.0,0.5795659422874451
mlp,test,2024-02,country_fr,country_344,0.0,0.66241055727005
mlp,test,2024-03,country_fr,country_344,0.0,0.4999013841152191
mlp,test,2024-04,country_fr,country_344,0.0,0.5182240605354309
mlp,test,2024-05,country_fr,country_344,0.0,0.534380316734314
mlp,test,2024-06,country_fr,country_344,0.0,0.5055145621299744
mlp,test,2024-07,country_fr,country_344,0.0,0.6015029549598694
mlp,test,2024-08,country_fr,country_344,0.0,0.5910773277282715
mlp,test,2024-09,country_fr,country_344,0.0,0.5152605175971985
mlp,test,2024-10,country_fr,country_344,0.0,0.537721574306488
mlp,test,2024-11,country_fr,country_344,0.0,0.521776556968689
mlp,test,2024-01,country_fr,country_372,1.0,0.6423330307006836
mlp,test,2024-02,country_fr,country_372,1.0,0.7648963928222656
mlp,test,2024-03,country_fr,country_372,1.0,0.6401242017745972
mlp,test,2024-04,country_fr,country_372,1.0,0.6192219257354736
mlp,test,2024-05,country_fr,country_372,0.0,0.6075974106788635
mlp,test,2024-06,country_fr,country_372,0.0,0.5851403474807739
mlp,test,2024-07,country_fr,country_372,1.0,0.6617583632469177
mlp,test,2024-08,country_fr,country_372,0.0,0.7845495939254761
mlp,test,2024-09,country_fr,country_372,0.0,0.6837741136550903
mlp,test,2024-10,country_fr,country_372,0.0,0.6732959151268005
mlp,test,2024-11,country_fr,country_372,1.0,0.5283627510070801
mlp,test,2024-01,country_fr,country_380,1.0,0.48862794041633606
mlp,test,2024-02,country_fr,country_380,0.0,0.5481383800506592
mlp,test,2024-03,country_fr,country_380,0.0,0.4885428547859192
mlp,test,2024-04,country_fr,country_380,0.0,0.48872676491737366
mlp,test,2024-05,country_fr,country_380,1.0,0.5221927762031555
mlp,test,2024-06,country_fr,country_380,0.0,0.5779469609260559
mlp,test,2024-07,country_fr,country_380,1.0,0.5610148906707764
mlp,test,2024-08,country_fr,country_380,0.0,0.7034632563591003
mlp,test,2024-09,country_fr,country_380,1.0,0.47967031598091125
mlp,test,2024-10,country_fr,country_380,0.0,0.5922895669937134
mlp,test,2024-11,country_fr,country_380,0.0,0.5049535036087036
mlp,test,2024-01,country_fr,country_cn,1.0,0.40722396969795227
mlp,test,2024-02,country_fr,country_cn,0.0,0.6277429461479187
mlp,test,2024-03,country_fr,country_cn,0.0,0.3540329337120056
mlp,test,2024-04,country_fr,country_cn,0.0,0.34555405378341675
mlp,test,2024-05,country_fr,country_cn,0.0,0.34129688143730164
mlp,test,2024-06,country_fr,country_cn,0.0,0.34507620334625244
mlp,test,2024-07,country_fr,country_cn,0.0,0.46678271889686584
mlp,test,2024-08,country_fr,country_cn,0.0,0.458625853061676
mlp,test,2024-09,country_fr,country_cn,0.0,0.33043530583381653
mlp,test,2024-10,country_fr,country_cn,0.0,0.37210384011268616
mlp,test,2024-11,country_fr,country_cn,0.0,0.36611077189445496
mlp,test,2024-01,country_fr,country_de,0.0,0.3594534397125244
mlp,test,2024-02,country_fr,country_de,0.0,0.5903803706169128
mlp,test,2024-03,country_fr,country_de,0.0,0.3739044666290283
mlp,test,2024-04,country_fr,country_de,0.0,0.37108659744262695
mlp,test,2024-05,country_fr,country_de,0.0,0.38794004917144775
mlp,test,2024-06,country_fr,country_de,0.0,0.36687368154525757
mlp,test,2024-07,country_fr,country_de,0.0,0.5200015902519226
mlp,test,2024-08,country_fr,country_de,0.0,0.5916813015937805
mlp,test,2024-09,country_fr,country_de,0.0,0.3476976454257965
mlp,test,2024-10,country_fr,country_de,0.0,0.42927637696266174
mlp,test,2024-11,country_fr,country_de,0.0,0.5380359888076782
mlp,test,2024-01,country_fr,country_gb,0.0,0.3900102376937866
mlp,test,2024-02,country_fr,country_gb,0.0,0.5667400360107422
mlp,test,2024-03,country_fr,country_gb,0.0,0.5420175790786743
mlp,test,2024-04,country_fr,country_gb,0.0,0.38001564145088196
mlp,test,2024-05,country_fr,country_gb,0.0,0.4905743896961212
mlp,test,2024-06,country_fr,country_gb,0.0,0.3797101676464081
mlp,test,2024-07,country_fr,country_gb,0.0,0.6006088852882385
mlp,test,2024-08,country_fr,country_gb,1.0,0.5101099610328674
mlp,test,2024-09,country_fr,country_gb,0.0,0.3965475559234619
mlp,test,2024-10,country_fr,country_gb,0.0,0.5129019021987915
mlp,test,2024-11,country_fr,country_gb,0.0,0.43194958567619324
mlp,test,2024-01,country_fr,country_in,0.0,0.4099308252334595
mlp,test,2024-02,country_fr,country_in,0.0,0.6305810809135437
mlp,test,2024-03,country_fr,country_in,0.0,0.5626806616783142
mlp,test,2024-04,country_fr,country_in,1.0,0.5380488038063049
mlp,test,2024-05,country_fr,country_in,1.0,0.5329123139381409
mlp,test,2024-06,country_fr,country_in,1.0,0.43553265929222107
mlp,test,2024-07,country_fr,country_in,0.0,0.5981512069702148
mlp,test,2024-08,country_fr,country_in,0.0,0.5027044415473938
mlp,test,2024-09,country_fr,country_in,0.0,0.5763896703720093
mlp,test,2024-10,country_fr,country_in,1.0,0.6149371266365051
mlp,test,2024-11,country_fr,country_in,0.0,0.5404226779937744
mlp,test,2024-01,country_fr,country_jp,1.0,0.5770887136459351
mlp,test,2024-02,country_fr,country_jp,0.0,0.6715519428253174
mlp,test,2024-03,country_fr,country_jp,0.0,0.37230411171913147
mlp,test,2024-04,country_fr,country_jp,0.0,0.427334725856781
mlp,test,2024-05,country_fr,country_jp,1.0,0.3939758539199829
mlp,test,2024-06,country_fr,country_jp,0.0,0.3726229667663574
mlp,test,2024-07,country_fr,country_jp,0.0,0.4998477101325989
mlp,test,2024-08,country_fr,country_jp,0.0,0.5267766714096069
mlp,test,2024-09,country_fr,country_jp,0.0,0.3484901189804077
mlp,test,2024-10,country_fr,country_jp,1.0,0.4687682092189789
mlp,test,2024-11,country_fr,country_jp,0.0,0.5300800800323486
mlp,test,2024-01,country_fr,country_kr,0.0,0.34585219621658325
mlp,test,2024-02,country_fr,country_kr,0.0,0.4110889434814453
mlp,test,2024-03,country_fr,country_kr,0.0,0.37831202149391174
mlp,test,2024-04,country_fr,country_kr,1.0,0.3649279773235321
mlp,test,2024-05,country_fr,country_kr,1.0,0.3271690905094147
mlp,test,2024-06,country_fr,country_kr,1.0,0.45907357335090637
mlp,test,2024-07,country_fr,country_kr,0.0,0.5303806662559509
mlp,test,2024-08,country_fr,country_kr,0.0,0.48853549361228943
mlp,test,2024-09,country_fr,country_kr,0.0,0.33674854040145874
mlp,test,2024-10,country_fr,country_kr,0.0,0.36674246191978455
mlp,test,2024-11,country_fr,country_kr,0.0,0.4313526451587677
mlp,test,2024-01,country_fr,country_mx,0.0,0.5919650793075562
mlp,test,2024-02,country_fr,country_mx,0.0,0.47794604301452637
mlp,test,2024-03,country_fr,country_mx,0.0,0.49246734380722046
mlp,test,2024-04,country_fr,country_mx,1.0,0.39232325553894043
mlp,test,2024-05,country_fr,country_mx,0.0,0.44493845105171204
mlp,test,2024-06,country_fr,country_mx,0.0,0.416452556848526
mlp,test,2024-07,country_fr,country_mx,0.0,0.5383395552635193
mlp,test,2024-08,country_fr,country_mx,0.0,0.5534985661506653
mlp,test,2024-09,country_fr,country_mx,0.0,0.4007042944431305
mlp,test,2024-10,country_fr,country_mx,0.0,0.4337296783924103
mlp,test,2024-11,country_fr,country_mx,1.0,0.5804018378257751
mlp,test,2024-01,country_fr,country_my,0.0,0.40694913268089294
mlp,test,2024-02,country_fr,country_my,0.0,0.5798380970954895
mlp,test,2024-03,country_fr,country_my,0.0,0.4047260582447052
mlp,test,2024-04,country_fr,country_my,0.0,0.3934900462627411
mlp,test,2024-05,country_fr,country_my,0.0,0.39883315563201904
mlp,test,2024-06,country_fr,country_my,0.0,0.3684711456298828
mlp,test,2024-07,country_fr,country_my,0.0,0.4949668347835541
mlp,test,2024-08,country_fr,country_my,0.0,0.4127408564090729
mlp,test,2024-09,country_fr,country_my,0.0,0.38426128029823303
mlp,test,2024-10,country_fr,country_my,0.0,0.4031014144420624
mlp,test,2024-11,country_fr,country_my,1.0,0.4381093680858612
mlp,test,2024-01,country_fr,country_ph,0.0,0.40875208377838135
mlp,test,2024-02,country_fr,country_ph,1.0,0.5694620609283447
mlp,test,2024-03,country_fr,country_ph,0.0,0.4376336336135864
mlp,test,2024-04,country_fr,country_ph,0.0,0.3905797600746155
mlp,test,2024-05,country_fr,country_ph,0.0,0.35601115226745605
mlp,test,2024-06,country_fr,country_ph,0.0,0.34511277079582214
mlp,test,2024-07,country_fr,country_ph,1.0,0.5156584978103638
mlp,test,2024-08,country_fr,country_ph,1.0,0.528056800365448
mlp,test,2024-09,country_fr,country_ph,1.0,0.41419750452041626
mlp,test,2024-10,country_fr,country_ph,1.0,0.3990449607372284
mlp,test,2024-11,country_fr,country_ph,1.0,0.4860507547855377
mlp,test,2024-01,country_fr,country_sg,1.0,0.3071414530277252
mlp,test,2024-02,country_fr,country_sg,0.0,0.36966797709465027
mlp,test,2024-03,country_fr,country_sg,0.0,0.3529476225376129
mlp,test,2024-04,country_fr,country_sg,0.0,0.34720221161842346
mlp,test,2024-05,country_fr,country_sg,0.0,0.346548467874527
mlp,test,2024-06,country_fr,country_sg,0.0,0.3541451692581177
mlp,test,2024-07,country_fr,country_sg,0.0,0.5078067183494568
mlp,test,2024-08,country_fr,country_sg,0.0,0.48938414454460144
mlp,test,2024-09,country_fr,country_sg,0.0,0.33198264241218567
mlp,test,2024-10,country_fr,country_sg,0.0,0.34786662459373474
mlp,test,2024-11,country_fr,country_sg,0.0,0.40216824412345886
mlp,test,2024-01,country_fr,country_th,0.0,0.37733858823776245
mlp,test,2024-02,country_fr,country_th,0.0,0.5157788991928101
mlp,test,2024-03,country_fr,country_th,0.0,0.35094738006591797
mlp,test,2024-04,country_fr,country_th,0.0,0.4658249318599701
mlp,test,2024-05,country_fr,country_th,0.0,0.3383926749229431
mlp,test,2024-06,country_fr,country_th,0.0,0.5789021849632263
mlp,test,2024-07,country_fr,country_th,0.0,0.541710376739502
mlp,test,2024-08,country_fr,country_th,0.0,0.6935310959815979
mlp,test,2024-09,country_fr,country_th,0.0,0.3507709801197052
mlp,test,2024-10,country_fr,country_th,0.0,0.3881940543651581
mlp,test,2024-11,country_fr,country_th,0.0,0.6285005211830139
mlp,test,2024-01,country_fr,country_us,1.0,0.3746185302734375
mlp,test,2024-02,country_fr,country_us,0.0,0.45276495814323425
mlp,test,2024-03,country_fr,country_us,1.0,0.36502742767333984
mlp,test,2024-04,country_fr,country_us,0.0,0.3547511100769043
mlp,test,2024-05,country_fr,country_us,0.0,0.3527413308620453
mlp,test,2024-06,country_fr,country_us,0.0,0.33031517267227173
mlp,test,2024-07,country_fr,country_us,0.0,0.45266610383987427
mlp,test,2024-08,country_fr,country_us,0.0,0.4804142415523529
mlp,test,2024-09,country_fr,country_us,0.0,0.3341023921966553
mlp,test,2024-10,country_fr,country_us,0.0,0.4341917037963867
mlp,test,2024-11,country_fr,country_us,0.0,0.4343465566635132
mlp,test,2024-01,country_gb,country_203,0.0,0.6109867691993713
mlp,test,2024-02,country_gb,country_203,1.0,0.6458009481430054
mlp,test,2024-03,country_gb,country_203,0.0,0.6517798900604248
mlp,test,2024-04,country_gb,country_203,0.0,0.6076667904853821
mlp,test,2024-05,country_gb,country_203,1.0,0.6440396904945374
mlp,test,2024-06,country_gb,country_203,1.0,0.6487539410591125
mlp,test,2024-07,country_gb,country_203,0.0,0.6317071318626404
mlp,test,2024-08,country_gb,country_203,0.0,0.5825114250183105
mlp,test,2024-09,country_gb,country_203,0.0,0.6133515238761902
mlp,test,2024-10,country_gb,country_203,1.0,0.6806147694587708
mlp,test,2024-11,country_gb,country_203,1.0,0.6568539142608643
mlp,test,2024-01,country_gb,country_344,1.0,0.6052533984184265
mlp,test,2024-02,country_gb,country_344,0.0,0.6772052645683289
mlp,test,2024-03,country_gb,country_344,0.0,0.5658867955207825
mlp,test,2024-04,country_gb,country_344,0.0,0.5351376533508301
mlp,test,2024-05,country_gb,country_344,0.0,0.595558226108551
mlp,test,2024-06,country_gb,country_344,0.0,0.520193338394165
mlp,test,2024-07,country_gb,country_344,0.0,0.5574729442596436
mlp,test,2024-08,country_gb,country_344,0.0,0.5227861404418945
mlp,test,2024-09,country_gb,country_344,0.0,0.5272901058197021
mlp,test,2024-10,country_gb,country_344,0.0,0.5524091720581055
mlp,test,2024-11,country_gb,country_344,1.0,0.5211583375930786
mlp,test,2024-01,country_gb,country_372,0.0,0.5630457997322083
mlp,test,2024-02,country_gb,country_372,0.0,0.7204263806343079
mlp,test,2024-03,country_gb,country_372,1.0,0.6005229353904724
mlp,test,2024-04,country_gb,country_372,1.0,0.5900975465774536
mlp,test,2024-05,country_gb,country_372,0.0,0.5612704753875732
mlp,test,2024-06,country_gb,country_372,0.0,0.568323016166687
mlp,test,2024-07,country_gb,country_372,0.0,0.6001905202865601
mlp,test,2024-08,country_gb,country_372,0.0,0.7179579138755798
mlp,test,2024-09,country_gb,country_372,1.0,0.6708648204803467
mlp,test,2024-10,country_gb,country_372,1.0,0.6725389957427979
mlp,test,2024-11,country_gb,country_372,1.0,0.5147950053215027
mlp,test,2024-01,country_gb,country_380,0.0,0.625039279460907
mlp,test,2024-02,country_gb,country_380,0.0,0.6348863244056702
mlp,test,2024-03,country_gb,country_380,0.0,0.6205624938011169
mlp,test,2024-04,country_gb,country_380,0.0,0.6011661887168884
mlp,test,2024-05,country_gb,country_380,0.0,0.6600663661956787
mlp,test,2024-06,country_gb,country_380,0.0,0.674930989742279
mlp,test,2024-07,country_gb,country_380,1.0,0.6301937103271484
mlp,test,2024-08,country_gb,country_380,0.0,0.7251570820808411
mlp,test,2024-09,country_gb,country_380,0.0,0.5800540447235107
mlp,test,2024-10,country_gb,country_380,0.0,0.6791809797286987
mlp,test,2024-11,country_gb,country_380,0.0,0.6033228635787964
mlp,test,2024-01,country_gb,country_cn,0.0,0.5087133646011353
mlp,test,2024-02,country_gb,country_cn,1.0,0.6458007097244263
mlp,test,2024-03,country_gb,country_cn,0.0,0.4767265319824219
mlp,test,2024-04,country_gb,country_cn,0.0,0.38783779740333557
mlp,test,2024-05,country_gb,country_cn,0.0,0.4862721562385559
mlp,test,2024-06,country_gb,country_cn,0.0,0.3906862735748291
mlp,test,2024-07,country_gb,country_cn,0.0,0.44159045815467834
mlp,test,2024-08,country_gb,country_cn,0.0,0.3678717017173767
mlp,test,2024-09,country_gb,country_cn,0.0,0.37405288219451904
mlp,test,2024-10,country_gb,country_cn,1.0,0.4698807895183563
mlp,test,2024-11,country_gb,country_cn,0.0,0.4090409278869629
mlp,test,2024-01,country_gb,country_de,0.0,0.36042797565460205
mlp,test,2024-02,country_gb,country_de,0.0,0.5755288600921631
mlp,test,2024-03,country_gb,country_de,0.0,0.4395325183868408
mlp,test,2024-04,country_gb,country_de,0.0,0.3585549294948578
mlp,test,2024-05,country_gb,country_de,0.0,0.4945625066757202
mlp,test,2024-06,country_gb,country_de,0.0,0.36633408069610596
mlp,test,2024-07,country_gb,country_de,0.0,0.4165131747722626
mlp,test,2024-08,country_gb,country_de,0.0,0.439664751291275
mlp,test,2024-09,country_gb,country_de,0.0,0.3474442660808563
mlp,test,2024-10,country_gb,country_de,0.0,0.45787161588668823
mlp,test,2024-11,country_gb,country_de,1.0,0.5263971090316772
mlp,test,2024-01,country_gb,country_fr,0.0,0.41168075799942017
mlp,test,2024-02,country_gb,country_fr,1.0,0.5985067486763
mlp,test,2024-03,country_gb,country_fr,1.0,0.5834358334541321
mlp,test,2024-04,country_gb,country_fr,1.0,0.41495925188064575
mlp,test,2024-05,country_gb,country_fr,0.0,0.5386815071105957
mlp,test,2024-06,country_gb,country_fr,1.0,0.4191410541534424
mlp,test,2024-07,country_gb,country_fr,1.0,0.6420413255691528
mlp,test,2024-08,country_gb,country_fr,0.0,0.5756844282150269
mlp,test,2024-09,country_gb,country_fr,0.0,0.4228932559490204
mlp,test,2024-10,country_gb,country_fr,0.0,0.56822669506073
mlp,test,2024-11,country_gb,country_fr,0.0,0.48325225710868835
mlp,test,2024-01,country_gb,country_in,0.0,0.39954543113708496
mlp,test,2024-02,country_gb,country_in,0.0,0.6396417021751404
mlp,test,2024-03,country_gb,country_in,0.0,0.6374014019966125
mlp,test,2024-04,country_gb,country_in,0.0,0.5941595435142517
mlp,test,2024-05,country_gb,country_in,0.0,0.6390700340270996
mlp,test,2024-06,country_gb,country_in,0.0,0.4691663086414337
mlp,test,2024-07,country_gb,country_in,0.0,0.4467649459838867
mlp,test,2024-08,country_gb,country_in,1.0,0.39139026403427124
mlp,test,2024-09,country_gb,country_in,0.0,0.624816358089447
mlp,test,2024-10,country_gb,country_in,1.0,0.6549121737480164
mlp,test,2024-11,country_gb,country_in,1.0,0.54396653175354
mlp,test,2024-01,country_gb,country_jp,1.0,0.626533031463623
mlp,test,2024-02,country_gb,country_jp,0.0,0.6810335516929626
mlp,test,2024-03,country_gb,country_jp,0.0,0.4913236200809479
mlp,test,2024-04,country_gb,country_jp,0.0,0.4808878004550934
mlp,test,2024-05,country_gb,country_jp,0.0,0.5467390418052673
mlp,test,2024-06,country_gb,country_jp,0.0,0.4056520164012909
mlp,test,2024-07,country_gb,country_jp,0.0,0.45661094784736633
mlp,test,2024-08,country_gb,country_jp,0.0,0.41635826230049133
mlp,test,2024-09,country_gb,country_jp,1.0,0.3671794533729553
mlp,test,2024-10,country_gb,country_jp,0.0,0.5759909749031067
mlp,test,2024-11,country_gb,country_jp,1.0,0.5538835525512695
mlp,test,2024-01,country_gb,country_kr,0.0,0.5279945731163025
mlp,test,2024-02,country_gb,country_kr,0.0,0.5810120701789856
mlp,test,2024-03,country_gb,country_kr,0.0,0.6082683801651001
mlp,test,2024-04,country_gb,country_kr,1.0,0.5350577235221863
mlp,test,2024-05,country_gb,country_kr,0.0,0.6207137703895569
mlp,test,2024-06,country_gb,country_kr,0.0,0.6070648431777954
mlp,test,2024-07,country_gb,country_kr,0.0,0.5868058800697327
mlp,test,2024-08,country_gb,country_kr,1.0,0.48673245310783386
mlp,test,2024-09,country_gb,country_kr,1.0,0.5350412130355835
mlp,test,2024-10,country_gb,country_kr,1.0,0.5864107608795166
mlp,test,2024-11,country_gb,country_kr,0.0,0.6022851467132568
mlp,test,2024-01,country_gb,country_mx,1.0,0.6745548844337463
mlp,test,2024-02,country_gb,country_mx,1.0,0.5878862142562866
mlp,test,2024-03,country_gb,country_mx,1.0,0.675903856754303
mlp,test,2024-04,country_gb,country_mx,0.0,0.5261927247047424
mlp,test,2024-05,country_gb,country_mx,1.0,0.6049116253852844
mlp,test,2024-06,country_gb,country_mx,1.0,0.5607023239135742
mlp,test,2024-07,country_gb,country_mx,0.0,0.5738020539283752
mlp,test,2024-08,country_gb,country_mx,0.0,0.49208319187164307
mlp,test,2024-09,country_gb,country_mx,0.0,0.5309585928916931
mlp,test,2024-10,country_gb,country_mx,0.0,0.5854237079620361
mlp,test,2024-11,country_gb,country_mx,1.0,0.6639882922172546
mlp,test,2024-01,country_gb,country_my,0.0,0.4673445224761963
mlp,test,2024-02,country_gb,country_my,1.0,0.5868768095970154
mlp,test,2024-03,country_gb,country_my,0.0,0.5225725173950195
mlp,test,2024-04,country_gb,country_my,1.0,0.40707454085350037
mlp,test,2024-05,country_gb,country_my,1.0,0.5462325811386108
mlp,test,2024-06,country_gb,country_my,1.0,0.43892931938171387
mlp,test,2024-07,country_gb,country_my,1.0,0.4149559438228607
mlp,test,2024-08,country_gb,country_my,0.0,0.4166770875453949
mlp,test,2024-09,country_gb,country_my,1.0,0.4079861342906952
mlp,test,2024-10,country_gb,country_my,1.0,0.4861522614955902
mlp,test,2024-11,country_gb,country_my,0.0,0.47452980279922485
mlp,test,2024-01,country_gb,country_ph,0.0,0.44908443093299866
mlp,test,2024-02,country_gb,country_ph,0.0,0.5635581016540527
mlp,test,2024-03,country_gb,country_ph,0.0,0.5025269985198975
mlp,test,2024-04,country_gb,country_ph,0.0,0.397579163312912
mlp,test,2024-05,country_gb,country_ph,1.0,0.4404362142086029
mlp,test,2024-06,country_gb,country_ph,0.0,0.36907559633255005
mlp,test,2024-07,country_gb,country_ph,0.0,0.3985232412815094
mlp,test,2024-08,country_gb,country_ph,0.0,0.35533303022384644
mlp,test,2024-09,country_gb,country_ph,0.0,0.4085575342178345
mlp,test,2024-10,country_gb,country_ph,1.0,0.4142743945121765
mlp,test,2024-11,country_gb,country_ph,1.0,0.4641055762767792
mlp,test,2024-01,country_gb,country_sg,0.0,0.3912939131259918
mlp,test,2024-02,country_gb,country_sg,0.0,0.4954102337360382
mlp,test,2024-03,country_gb,country_sg,0.0,0.5145570039749146
mlp,test,2024-04,country_gb,country_sg,0.0,0.47145599126815796
mlp,test,2024-05,country_gb,country_sg,0.0,0.5880375504493713
mlp,test,2024-06,country_gb,country_sg,1.0,0.48626160621643066
mlp,test,2024-07,country_gb,country_sg,1.0,0.5903892517089844
mlp,test,2024-08,country_gb,country_sg,1.0,0.5348412394523621
mlp,test,2024-09,country_gb,country_sg,1.0,0.4558526277542114
mlp,test,2024-10,country_gb,country_sg,1.0,0.5394425392150879
mlp,test,2024-11,country_gb,country_sg,1.0,0.5870082974433899
mlp,test,2024-01,country_gb,country_th,0.0,0.34620919823646545
mlp,test,2024-02,country_gb,country_th,0.0,0.4628182649612427
mlp,test,2024-03,country_gb,country_th,0.0,0.3647375702857971
mlp,test,2024-04,country_gb,country_th,0.0,0.43701669573783875
mlp,test,2024-05,country_gb,country_th,1.0,0.3626166582107544
mlp,test,2024-06,country_gb,country_th,0.0,0.5724590420722961
mlp,test,2024-07,country_gb,country_th,0.0,0.3810766339302063
mlp,test,2024-08,country_gb,country_th,0.0,0.5919951796531677
mlp,test,2024-09,country_gb,country_th,0.0,0.3363437354564667
mlp,test,2024-10,country_gb,country_th,0.0,0.4045037627220154
mlp,test,2024-11,country_gb,country_th,0.0,0.597007155418396
mlp,test,2024-01,country_gb,country_us,1.0,0.36875930428504944
mlp,test,2024-02,country_gb,country_us,0.0,0.4256865382194519
mlp,test,2024-03,country_gb,country_us,0.0,0.3873695433139801
mlp,test,2024-04,country_gb,country_us,1.0,0.34471580386161804
mlp,test,2024-05,country_gb,country_us,0.0,0.3989706039428711
mlp,test,2024-06,country_gb,country_us,0.0,0.34476616978645325
mlp,test,2024-07,country_gb,country_us,0.0,0.38969895243644714
mlp,test,2024-08,country_gb,country_us,0.0,0.40282320976257324
mlp,test,2024-09,country_gb,country_us,1.0,0.34208181500434875
mlp,test,2024-10,country_gb,country_us,0.0,0.4647456109523773
mlp,test,2024-11,country_gb,country_us,0.0,0.4283645749092102
mlp,test,2024-01,country_in,country_203,0.0,0.7621012330055237
mlp,test,2024-02,country_in,country_203,0.0,0.7580650448799133
mlp,test,2024-03,country_in,country_203,0.0,0.7376258969306946
mlp,test,2024-04,country_in,country_203,1.0,0.7614502310752869
mlp,test,2024-05,country_in,country_203,1.0,0.7769082188606262
mlp,test,2024-06,country_in,country_203,0.0,0.7525802850723267
mlp,test,2024-07,country_in,country_203,0.0,0.726327657699585
mlp,test,2024-08,country_in,country_203,0.0,0.7273430824279785
mlp,test,2024-09,country_in,country_203,0.0,0.7108128666877747
mlp,test,2024-10,country_in,country_203,0.0,0.7654173374176025
mlp,test,2024-11,country_in,country_203,0.0,0.7211548089981079
mlp,test,2024-01,country_in,country_344,0.0,0.6297256946563721
mlp,test,2024-02,country_in,country_344,0.0,0.6719555258750916
mlp,test,2024-03,country_in,country_344,0.0,0.5543588995933533
mlp,test,2024-04,country_in,country_344,0.0,0.5911839008331299
mlp,test,2024-05,country_in,country_344,1.0,0.6136425733566284
mlp,test,2024-06,country_in,country_344,0.0,0.5713086724281311
mlp,test,2024-07,country_in,country_344,0.0,0.5749508738517761
mlp,test,2024-08,country_in,country_344,0.0,0.5756370425224304
mlp,test,2024-09,country_in,country_344,0.0,0.5815718173980713
mlp,test,2024-10,country_in,country_344,0.0,0.6126121282577515
mlp,test,2024-11,country_in,country_344,1.0,0.556105375289917
mlp,test,2024-01,country_in,country_372,0.0,0.6472939848899841
mlp,test,2024-02,country_in,country_372,1.0,0.7611879706382751
mlp,test,2024-03,country_in,country_372,1.0,0.6720040440559387
mlp,test,2024-04,country_in,country_372,0.0,0.6697956919670105
mlp,test,2024-05,country_in,country_372,0.0,0.5905999541282654
mlp,test,2024-06,country_in,country_372,0.0,0.6074839234352112
mlp,test,2024-07,country_in,country_372,1.0,0.6493552923202515
mlp,test,2024-08,country_in,country_372,1.0,0.7776963710784912
mlp,test,2024-09,country_in,country_372,1.0,0.7361351847648621
mlp,test,2024-10,country_in,country_372,0.0,0.7490519285202026
mlp,test,2024-11,country_in,country_372,1.0,0.5450541377067566
mlp,test,2024-01,country_in,country_380,1.0,0.7002680897712708
mlp,test,2024-02,country_in,country_380,0.0,0.730711817741394
mlp,test,2024-03,country_in,country_380,0.0,0.684431254863739
mlp,test,2024-04,country_in,country_380,1.0,0.687344491481781
mlp,test,2024-05,country_in,country_380,1.0,0.7363137006759644
mlp,test,2024-06,country_in,country_380,1.0,0.7518917322158813
mlp,test,2024-07,country_in,country_380,0.0,0.7305629253387451
mlp,test,2024-08,country_in,country_380,0.0,0.7722893357276917
mlp,test,2024-09,country_in,country_380,1.0,0.7277688384056091
mlp,test,2024-10,country_in,country_380,0.0,0.775290846824646
mlp,test,2024-11,country_in,country_380,0.0,0.7276244759559631
mlp,test,2024-01,country_in,country_cn,1.0,0.5880959630012512
mlp,test,2024-02,country_in,country_cn,0.0,0.7061423659324646
mlp,test,2024-03,country_in,country_cn,0.0,0.5456259250640869
mlp,test,2024-04,country_in,country_cn,0.0,0.5702552199363708
mlp,test,2024-05,country_in,country_cn,0.0,0.5840494632720947
mlp,test,2024-06,country_in,country_cn,0.0,0.49985066056251526
mlp,test,2024-07,country_in,country_cn,0.0,0.5027243494987488
mlp,test,2024-08,country_in,country_cn,0.0,0.5032452344894409
mlp,test,2024-09,country_in,country_cn,1.0,0.5685520172119141
mlp,test,2024-10,country_in,country_cn,0.0,0.6267275810241699
mlp,test,2024-11,country_in,country_cn,0.0,0.5322685241699219
mlp,test,2024-01,country_in,country_de,0.0,0.4781273305416107
mlp,test,2024-02,country_in,country_de,0.0,0.6479641199111938
mlp,test,2024-03,country_in,country_de,1.0,0.5243232846260071
mlp,test,2024-04,country_in,country_de,0.0,0.5983791351318359
mlp,test,2024-05,country_in,country_de,1.0,0.5922027826309204
mlp,test,2024-06,country_in,country_de,1.0,0.4915863275527954
mlp,test,2024-07,country_in,country_de,1.0,0.48917901515960693
mlp,test,2024-08,country_in,country_de,1.0,0.5706230401992798
mlp,test,2024-09,country_in,country_de,1.0,0.5831974148750305
mlp,test,2024-10,country_in,country_de,1.0,0.6400399208068848
mlp,test,2024-11,country_in,country_de,1.0,0.6521018147468567
mlp,test,2024-01,country_in,country_fr,0.0,0.5927841067314148
mlp,test,2024-02,country_in,country_fr,0.0,0.6958094835281372
mlp,test,2024-03,country_in,country_fr,0.0,0.6247255802154541
mlp,test,2024-04,country_in,country_fr,0.0,0.6026450395584106
mlp,test,2024-05,country_in,country_fr,0.0,0.5942036509513855
mlp,test,2024-06,country_in,country_fr,0.0,0.5312654972076416
mlp,test,2024-07,country_in,country_fr,0.0,0.6524400115013123
mlp,test,2024-08,country_in,country_fr,0.0,0.6171373128890991
mlp,test,2024-09,country_in,country_fr,1.0,0.6266411542892456
mlp,test,2024-10,country_in,country_fr,0.0,0.7115592956542969
mlp,test,2024-11,country_in,country_fr,1.0,0.60297030210495
mlp,test,2024-01,country_in,country_gb,0.0,0.5190865397453308
mlp,test,2024-02,country_in,country_gb,0.0,0.6282222867012024
mlp,test,2024-03,country_in,country_gb,0.0,0.6254684925079346
mlp,test,2024-04,country_in,country_gb,0.0,0.552831768989563
mlp,test,2024-05,country_in,country_gb,0.0,0.6504149436950684
mlp,test,2024-06,country_in,country_gb,0.0,0.4594673812389374
mlp,test,2024-07,country_in,country_gb,0.0,0.5133070945739746
mlp,test,2024-08,country_in,country_gb,0.0,0.4919654428958893
mlp,test,2024-09,country_in,country_gb,1.0,0.5904365181922913
mlp,test,2024-10,country_in,country_gb,0.0,0.679955780506134
mlp,test,2024-11,country_in,country_gb,0.0,0.5466384291648865
mlp,test,2024-01,country_in,country_jp,0.0,0.680192768573761
mlp,test,2024-02,country_in,country_jp,1.0,0.7556403279304504
mlp,test,2024-03,country_in,country_jp,1.0,0.6593360304832458
mlp,test,2024-04,country_in,country_jp,0.0,0.6738823652267456
mlp,test,2024-05,country_in,country_jp,1.0,0.6651214361190796
mlp,test,2024-06,country_in,country_jp,0.0,0.6185778379440308
mlp,test,2024-07,country_in,country_jp,1.0,0.5976423025131226
mlp,test,2024-08,country_in,country_jp,0.0,0.6754249334335327
mlp,test,2024-09,country_in,country_jp,1.0,0.566253662109375
mlp,test,2024-10,country_in,country_jp,1.0,0.733852207660675
mlp,test,2024-11,country_in,country_jp,1.0,0.7310476303100586
mlp,test,2024-01,country_in,country_kr,0.0,0.4740837812423706
mlp,test,2024-02,country_in,country_kr,1.0,0.49272409081459045
mlp,test,2024-03,country_in,country_kr,0.0,0.617008626461029
mlp,test,2024-04,country_in,country_kr,1.0,0.5575768947601318
mlp,test,2024-05,country_in,country_kr,0.0,0.647371232509613
mlp,test,2024-06,country_in,country_kr,0.0,0.5306359529495239
mlp,test,2024-07,country_in,country_kr,1.0,0.5603394508361816
mlp,test,2024-08,country_in,country_kr,1.0,0.6045706868171692
mlp,test,2024-09,country_in,country_kr,0.0,0.6230182647705078
mlp,test,2024-10,country_in,country_kr,1.0,0.5379799008369446
mlp,test,2024-11,country_in,country_kr,1.0,0.6487399339675903
mlp,test,2024-01,country_in,country_mx,0.0,0.6735722422599792
mlp,test,2024-02,country_in,country_mx,1.0,0.6149111390113831
mlp,test,2024-03,country_in,country_mx,0.0,0.6630704998970032
mlp,test,2024-04,country_in,country_mx,0.0,0.5775460004806519
mlp,test,2024-05,country_in,country_mx,0.0,0.6126239895820618
mlp,test,2024-06,country_in,country_mx,0.0,0.5155898928642273
mlp,test,2024-07,country_in,country_mx,0.0,0.5546495318412781
mlp,test,2024-08,country_in,country_mx,0.0,0.5918393731117249
mlp,test,2024-09,country_in,country_mx,0.0,0.5739008188247681
mlp,test,2024-10,country_in,country_mx,0.0,0.6256866455078125
mlp,test,2024-11,country_in,country_mx,1.0,0.68137127161026
mlp,test,2024-01,country_in,country_my,1.0,0.5007108449935913
mlp,test,2024-02,country_in,country_my,0.0,0.6651521921157837
mlp,test,2024-03,country_in,country_my,0.0,0.5368740558624268
mlp,test,2024-04,country_in,country_my,0.0,0.5578240156173706
mlp,test,2024-05,country_in,country_my,0.0,0.5232836008071899
mlp,test,2024-06,country_in,country_my,0.0,0.4321630597114563
mlp,test,2024-07,country_in,country_my,0.0,0.4625314772129059
mlp,test,2024-08,country_in,country_my,0.0,0.44231316447257996
mlp,test,2024-09,country_in,country_my,0.0,0.5467914938926697
mlp,test,2024-10,country_in,country_my,0.0,0.5825706124305725
mlp,test,2024-11,country_in,country_my,0.0,0.516618549823761
mlp,test,2024-01,country_in,country_ph,0.0,0.7425330281257629
mlp,test,2024-02,country_in,country_ph,1.0,0.7146990895271301
mlp,test,2024-03,country_in,country_ph,1.0,0.7422019243240356
mlp,test,2024-04,country_in,country_ph,1.0,0.7507918477058411
mlp,test,2024-05,country_in,country_ph,1.0,0.7527987957000732
mlp,test,2024-06,country_in,country_ph,0.0,0.6896203756332397
mlp,test,2024-07,country_in,country_ph,0.0,0.6886500716209412
mlp,test,2024-08,country_in,country_ph,0.0,0.6831531524658203
mlp,test,2024-09,country_in,country_ph,1.0,0.7385343909263611
mlp,test,2024-10,country_in,country_ph,0.0,0.7543416619300842
mlp,test,2024-11,country_in,country_ph,0.0,0.6222726702690125
mlp,test,2024-01,country_in,country_sg,0.0,0.4801732301712036
mlp,test,2024-02,country_in,country_sg,0.0,0.5018118619918823
mlp,test,2024-03,country_in,country_sg,0.0,0.5212316513061523
mlp,test,2024-04,country_in,country_sg,0.0,0.5447045564651489
mlp,test,2024-05,country_in,country_sg,0.0,0.589739978313446
mlp,test,2024-06,country_in,country_sg,1.0,0.5102882981300354
mlp,test,2024-07,country_in,country_sg,0.0,0.583925724029541
mlp,test,2024-08,country_in,country_sg,0.0,0.5092072486877441
mlp,test,2024-09,country_in,country_sg,1.0,0.5572071671485901
mlp,test,2024-10,country_in,country_sg,1.0,0.5931044816970825
mlp,test,2024-11,country_in,country_sg,1.0,0.6295748949050903
mlp,test,2024-01,country_in,country_th,1.0,0.49399375915527344
mlp,test,2024-02,country_in,country_th,1.0,0.6719905734062195
mlp,test,2024-03,country_in,country_th,0.0,0.5480351448059082
mlp,test,2024-04,country_in,country_th,1.0,0.6222814917564392
mlp,test,2024-05,country_in,country_th,1.0,0.5160088539123535
mlp,test,2024-06,country_in,country_th,1.0,0.6900104284286499
mlp,test,2024-07,country_in,country_th,0.0,0.573251485824585
mlp,test,2024-08,country_in,country_th,1.0,0.6351271867752075
mlp,test,2024-09,country_in,country_th,1.0,0.6796262860298157
mlp,test,2024-10,country_in,country_th,1.0,0.6404299736022949
mlp,test,2024-11,country_in,country_th,1.0,0.7073556780815125
mlp,test,2024-01,country_in,country_us,1.0,0.33643022179603577
mlp,test,2024-02,country_in,country_us,0.0,0.41080746054649353
mlp,test,2024-03,country_in,country_us,0.0,0.3310181796550751
mlp,test,2024-04,country_in,country_us,0.0,0.3434750437736511
mlp,test,2024-05,country_in,country_us,0.0,0.3225322365760803
mlp,test,2024-06,country_in,country_us,0.0,0.28487592935562134
mlp,test,2024-07,country_in,country_us,0.0,0.3160667419433594
mlp,test,2024-08,country_in,country_us,0.0,0.3655551075935364
mlp,test,2024-09,country_in,country_us,1.0,0.35093891620635986
mlp,test,2024-10,country_in,country_us,1.0,0.47651705145835876
mlp,test,2024-11,country_in,country_us,1.0,0.4200165867805481
mlp,test,2024-01,country_jp,country_203,1.0,0.6193175315856934
mlp,test,2024-02,country_jp,country_203,0.0,0.6845617890357971
mlp,test,2024-03,country_jp,country_203,1.0,0.5378093719482422
mlp,test,2024-04,country_jp,country_203,1.0,0.5833269953727722
mlp,test,2024-05,country_jp,country_203,0.0,0.5555746555328369
mlp,test,2024-06,country_jp,country_203,1.0,0.5316633582115173
mlp,test,2024-07,country_jp,country_203,0.0,0.5441491007804871
mlp,test,2024-08,country_jp,country_203,0.0,0.5294550657272339
mlp,test,2024-09,country_jp,country_203,0.0,0.557087779045105
mlp,test,2024-10,country_jp,country_203,0.0,0.5962788462638855
mlp,test,2024-11,country_jp,country_203,0.0,0.5972731113433838
mlp,test,2024-01,country_jp,country_344,0.0,0.5782588124275208
mlp,test,2024-02,country_jp,country_344,0.0,0.6687774658203125
mlp,test,2024-03,country_jp,country_344,0.0,0.42048007249832153
mlp,test,2024-04,country_jp,country_344,0.0,0.44130825996398926
mlp,test,2024-05,country_jp,country_344,0.0,0.48096963763237
mlp,test,2024-06,country_jp,country_344,0.0,0.44497188925743103
mlp,test,2024-07,country_jp,country_344,0.0,0.4624803960323334
mlp,test,2024-08,country_jp,country_344,0.0,0.4465947151184082
mlp,test,2024-09,country_jp,country_344,0.0,0.4496886432170868
mlp,test,2024-10,country_jp,country_344,0.0,0.4521186351776123
mlp,test,2024-11,country_jp,country_344,0.0,0.4634348750114441
mlp,test,2024-01,country_jp,country_372,0.0,0.6856371760368347
mlp,test,2024-02,country_jp,country_372,0.0,0.8122434020042419
mlp,test,2024-03,country_jp,country_372,0.0,0.6193150877952576
mlp,test,2024-04,country_jp,country_372,0.0,0.6039519309997559
mlp,test,2024-05,country_jp,country_372,1.0,0.5529501438140869
mlp,test,2024-06,country_jp,country_372,0.0,0.5743042230606079
mlp,test,2024-07,country_jp,country_372,0.0,0.6195010542869568
mlp,test,2024-08,country_jp,country_372,0.0,0.7321529388427734
mlp,test,2024-09,country_jp,country_372,0.0,0.7042599320411682
mlp,test,2024-10,country_jp,country_372,0.0,0.6641167998313904
mlp,test,2024-11,country_jp,country_372,0.0,0.5465754866600037
mlp,test,2024-01,country_jp,country_380,0.0,0.6560201048851013
mlp,test,2024-02,country_jp,country_380,0.0,0.6937872767448425
mlp,test,2024-03,country_jp,country_380,0.0,0.6012589931488037
mlp,test,2024-04,country_jp,country_380,1.0,0.5726070404052734
mlp,test,2024-05,country_jp,country_380,0.0,0.6165844798088074
mlp,test,2024-06,country_jp,country_380,1.0,0.6149767637252808
mlp,test,2024-07,country_jp,country_380,1.0,0.6068086624145508
mlp,test,2024-08,country_jp,country_380,0.0,0.7077587842941284
mlp,test,2024-09,country_jp,country_380,0.0,0.6158406138420105
mlp,test,2024-10,country_jp,country_380,1.0,0.6498994827270508
mlp,test,2024-11,country_jp,country_380,1.0,0.6230098605155945
mlp,test,2024-01,country_jp,country_cn,1.0,0.4805462658405304
mlp,test,2024-02,country_jp,country_cn,0.0,0.6379278302192688
mlp,test,2024-03,country_jp,country_cn,0.0,0.29328787326812744
mlp,test,2024-04,country_jp,country_cn,0.0,0.2930893301963806
mlp,test,2024-05,country_jp,country_cn,0.0,0.30094677209854126
mlp,test,2024-06,country_jp,country_cn,0.0,0.29938820004463196
mlp,test,2024-07,country_jp,country_cn,0.0,0.2993990182876587
mlp,test,2024-08,country_jp,country_cn,0.0,0.28347039222717285
mlp,test,2024-09,country_jp,country_cn,0.0,0.3036358952522278
mlp,test,2024-10,country_jp,country_cn,0.0,0.3029837906360626
mlp,test,2024-11,country_jp,country_cn,0.0,0.3330770432949066
mlp,test,2024-01,country_jp,country_de,0.0,0.4803423285484314
mlp,test,2024-02,country_jp,country_de,0.0,0.6314607262611389
mlp,test,2024-03,country_jp,country_de,0.0,0.32693350315093994
mlp,test,2024-04,country_jp,country_de,0.0,0.33792492747306824
mlp,test,2024-05,country_jp,country_de,0.0,0.3586278259754181
mlp,test,2024-06,country_jp,country_de,0.0,0.3297826051712036
mlp,test,2024-07,country_jp,country_de,0.0,0.33114150166511536
mlp,test,2024-08,country_jp,country_de,0.0,0.3952210545539856
mlp,test,2024-09,country_jp,country_de,0.0,0.33900898694992065
mlp,test,2024-10,country_jp,country_de,0.0,0.34970059990882874
mlp,test,2024-11,country_jp,country_de,1.0,0.5160513520240784
mlp,test,2024-01,country_jp,country_fr,1.0,0.523313045501709
mlp,test,2024-02,country_jp,country_fr,0.0,0.670074999332428
mlp,test,2024-03,country_jp,country_fr,0.0,0.4257315695285797
mlp,test,2024-04,country_jp,country_fr,0.0,0.3459431231021881
mlp,test,2024-05,country_jp,country_fr,1.0,0.3606010675430298
mlp,test,2024-06,country_jp,country_fr,1.0,0.36196884512901306
mlp,test,2024-07,country_jp,country_fr,0.0,0.5525210499763489
mlp,test,2024-08,country_jp,country_fr,0.0,0.5168026089668274
mlp,test,2024-09,country_jp,country_fr,1.0,0.42045915126800537
mlp,test,2024-10,country_jp,country_fr,0.0,0.4649435877799988
mlp,test,2024-11,country_jp,country_fr,1.0,0.5087307095527649
mlp,test,2024-01,country_jp,country_gb,1.0,0.6039465665817261
mlp,test,2024-02,country_jp,country_gb,1.0,0.6674374341964722
mlp,test,2024-03,country_jp,country_gb,0.0,0.48274990916252136
mlp,test,2024-04,country_jp,country_gb,1.0,0.3683691918849945
mlp,test,2024-05,country_jp,country_gb,0.0,0.513908326625824
mlp,test,2024-06,country_jp,country_gb,0.0,0.37187084555625916
mlp,test,2024-07,country_jp,country_gb,0.0,0.419123113155365
mlp,test,2024-08,country_jp,country_gb,0.0,0.37023839354515076
mlp,test,2024-09,country_jp,country_gb,0.0,0.40697595477104187
mlp,test,2024-10,country_jp,country_gb,0.0,0.469820111989975
mlp,test,2024-11,country_jp,country_gb,0.0,0.47273555397987366
mlp,test,2024-01,country_jp,country_in,0.0,0.4156690537929535
mlp,test,2024-02,country_jp,country_in,0.0,0.6249979734420776
mlp,test,2024-03,country_jp,country_in,0.0,0.3921153247356415
mlp,test,2024-04,country_jp,country_in,1.0,0.44200751185417175
mlp,test,2024-05,country_jp,country_in,0.0,0.41870707273483276
mlp,test,2024-06,country_jp,country_in,0.0,0.33268171548843384
mlp,test,2024-07,country_jp,country_in,0.0,0.29639697074890137
mlp,test,2024-08,country_jp,country_in,1.0,0.276719331741333
mlp,test,2024-09,country_jp,country_in,0.0,0.4562474191188812
mlp,test,2024-10,country_jp,country_in,0.0,0.5059024691581726
mlp,test,2024-11,country_jp,country_in,0.0,0.4459570050239563
mlp,test,2024-01,country_jp,country_kr,0.0,0.44032150506973267
mlp,test,2024-02,country_jp,country_kr,0.0,0.48881569504737854
mlp,test,2024-03,country_jp,country_kr,0.0,0.3228391706943512
mlp,test,2024-04,country_jp,country_kr,0.0,0.3176673650741577
mlp,test,2024-05,country_jp,country_kr,1.0,0.2988566756248474
mlp,test,2024-06,country_jp,country_kr,0.0,0.40072259306907654
mlp,test,2024-07,country_jp,country_kr,0.0,0.3259458541870117
mlp,test,2024-08,country_jp,country_kr,0.0,0.2932209074497223
mlp,test,2024-09,country_jp,country_kr,0.0,0.3157634735107422
mlp,test,2024-10,country_jp,country_kr,0.0,0.30414673686027527
mlp,test,2024-11,country_jp,country_kr,0.0,0.3895428776741028
mlp,test,2024-01,country_jp,country_mx,0.0,0.6476013660430908
mlp,test,2024-02,country_jp,country_mx,0.0,0.590933620929718
mlp,test,2024-03,country_jp,country_mx,0.0,0.3814986050128937
mlp,test,2024-04,country_jp,country_mx,0.0,0.2966552674770355
mlp,test,2024-05,country_jp,country_mx,0.0,0.3275120258331299
mlp,test,2024-06,country_jp,country_mx,0.0,0.314929336309433
mlp,test,2024-07,country_jp,country_mx,0.0,0.3139106035232544
mlp,test,2024-08,country_jp,country_mx,0.0,0.3204553425312042
mlp,test,2024-09,country_jp,country_mx,0.0,0.3595331907272339
mlp,test,2024-10,country_jp,country_mx,0.0,0.32701700925827026
mlp,test,2024-11,country_jp,country_mx,0.0,0.5377652645111084
mlp,test,2024-01,country_jp,country_my,0.0,0.47670865058898926
mlp,test,2024-02,country_jp,country_my,0.0,0.5490666031837463
mlp,test,2024-03,country_jp,country_my,0.0,0.312059611082077
mlp,test,2024-04,country_jp,country_my,0.0,0.3070398271083832
mlp,test,2024-05,country_jp,country_my,0.0,0.32194581627845764
mlp,test,2024-06,country_jp,country_my,0.0,0.30228763818740845
mlp,test,2024-07,country_jp,country_my,0.0,0.28846725821495056
mlp,test,2024-08,country_jp,country_my,0.0,0.2584746181964874
mlp,test,2024-09,country_jp,country_my,0.0,0.3401343524456024
mlp,test,2024-10,country_jp,country_my,0.0,0.3068426847457886
mlp,test,2024-11,country_jp,country_my,0.0,0.38131657242774963
mlp,test,2024-01,country_jp,country_ph,0.0,0.5003846287727356
mlp,test,2024-02,country_jp,country_ph,0.0,0.5947490930557251
mlp,test,2024-03,country_jp,country_ph,0.0,0.3394474387168884
mlp,test,2024-04,country_jp,country_ph,1.0,0.3420095443725586
mlp,test,2024-05,country_jp,country_ph,0.0,0.3107426166534424
mlp,test,2024-06,country_jp,country_ph,0.0,0.3011750876903534
mlp,test,2024-07,country_jp,country_ph,0.0,0.3160896599292755
mlp,test,2024-08,country_jp,country_ph,0.0,0.2937774956226349
mlp,test,2024-09,country_jp,country_ph,0.0,0.36059290170669556
mlp,test,2024-10,country_jp,country_ph,0.0,0.3022993505001068
mlp,test,2024-11,country_jp,country_ph,0.0,0.4109506905078888
mlp,test,2024-01,country_jp,country_sg,1.0,0.4148406982421875
mlp,test,2024-02,country_jp,country_sg,0.0,0.4722459018230438
mlp,test,2024-03,country_jp,country_sg,0.0,0.322235107421875
mlp,test,2024-04,country_jp,country_sg,0.0,0.31626489758491516
mlp,test,2024-05,country_jp,country_sg,1.0,0.3328057825565338
mlp,test,2024-06,country_jp,country_sg,1.0,0.340877503156662
mlp,test,2024-07,country_jp,country_sg,0.0,0.35449403524398804
mlp,test,2024-08,country_jp,country_sg,0.0,0.33890554308891296
mlp,test,2024-09,country_jp,country_sg,0.0,0.3410950005054474
mlp,test,2024-10,country_jp,country_sg,0.0,0.30567607283592224
mlp,test,2024-11,country_jp,country_sg,0.0,0.3947505056858063
mlp,test,2024-01,country_jp,country_th,0.0,0.42172732949256897
mlp,test,2024-02,country_jp,country_th,0.0,0.5160723924636841
mlp,test,2024-03,country_jp,country_th,0.0,0.28499507904052734
mlp,test,2024-04,country_jp,country_th,0.0,0.3729526698589325
mlp,test,2024-05,country_jp,country_th,0.0,0.26268234848976135
mlp,test,2024-06,country_jp,country_th,0.0,0.47926992177963257
mlp,test,2024-07,country_jp,country_th,0.0,0.3083100914955139
mlp,test,2024-08,country_jp,country_th,0.0,0.5214550495147705
mlp,test,2024-09,country_jp,country_th,0.0,0.31878694891929626
mlp,test,2024-10,country_jp,country_th,0.0,0.30215850472450256
mlp,test,2024-11,country_jp,country_th,0.0,0.5654570460319519
mlp,test,2024-01,country_jp,country_us,0.0,0.44856783747673035
mlp,test,2024-02,country_jp,country_us,0.0,0.531956672668457
mlp,test,2024-03,country_jp,country_us,0.0,0.294095903635025
mlp,test,2024-04,country_jp,country_us,0.0,0.2932196259498596
mlp,test,2024-05,country_jp,country_us,0.0,0.2961719334125519
mlp,test,2024-06,country_jp,country_us,0.0,0.2825334370136261
mlp,test,2024-07,country_jp,country_us,0.0,0.3070518672466278
mlp,test,2024-08,country_jp,country_us,0.0,0.34907782077789307
mlp,test,2024-09,country_jp,country_us,0.0,0.2897064983844757
mlp,test,2024-10,country_jp,country_us,0.0,0.3809278905391693
mlp,test,2024-11,country_jp,country_us,0.0,0.41868069767951965
mlp,test,2024-01,country_kr,country_203,0.0,0.5083880424499512
mlp,test,2024-02,country_kr,country_203,0.0,0.5433468222618103
mlp,test,2024-03,country_kr,country_203,0.0,0.5219838619232178
mlp,test,2024-04,country_kr,country_203,0.0,0.5644763112068176
mlp,test,2024-05,country_kr,country_203,0.0,0.5467240810394287
mlp,test,2024-06,country_kr,country_203,0.0,0.5789732933044434
mlp,test,2024-07,country_kr,country_203,1.0,0.5081706047058105
mlp,test,2024-08,country_kr,country_203,0.0,0.526999831199646
mlp,test,2024-09,country_kr,country_203,0.0,0.5139671564102173
mlp,test,2024-10,country_kr,country_203,1.0,0.582322359085083
mlp,test,2024-11,country_kr,country_203,0.0,0.5676810145378113
mlp,test,2024-01,country_kr,country_344,0.0,0.4837237596511841
mlp,test,2024-02,country_kr,country_344,0.0,0.5365155339241028
mlp,test,2024-03,country_kr,country_344,0.0,0.40423980355262756
mlp,test,2024-04,country_kr,country_344,0.0,0.4189065992832184
mlp,test,2024-05,country_kr,country_344,0.0,0.4709939658641815
mlp,test,2024-06,country_kr,country_344,0.0,0.45259571075439453
mlp,test,2024-07,country_kr,country_344,0.0,0.43537676334381104
mlp,test,2024-08,country_kr,country_344,0.0,0.4407847821712494
mlp,test,2024-09,country_kr,country_344,0.0,0.43275973200798035
mlp,test,2024-10,country_kr,country_344,0.0,0.4451788365840912
mlp,test,2024-11,country_kr,country_344,0.0,0.4207829535007477
mlp,test,2024-01,country_kr,country_372,0.0,0.6708914637565613
mlp,test,2024-02,country_kr,country_372,0.0,0.7385101914405823
mlp,test,2024-03,country_kr,country_372,1.0,0.6603180766105652
mlp,test,2024-04,country_kr,country_372,1.0,0.6638390421867371
mlp,test,2024-05,country_kr,country_372,0.0,0.5976543426513672
mlp,test,2024-06,country_kr,country_372,0.0,0.6687836647033691
mlp,test,2024-07,country_kr,country_372,0.0,0.537369430065155
mlp,test,2024-08,country_kr,country_372,0.0,0.7370458245277405
mlp,test,2024-09,country_kr,country_372,0.0,0.7240824103355408
mlp,test,2024-10,country_kr,country_372,0.0,0.6870999336242676
mlp,test,2024-11,country_kr,country_372,0.0,0.5690491795539856
mlp,test,2024-01,country_kr,country_380,0.0,0.5866519212722778
mlp,test,2024-02,country_kr,country_380,1.0,0.6051284074783325
mlp,test,2024-03,country_kr,country_380,1.0,0.6092941164970398
mlp,test,2024-04,country_kr,country_380,1.0,0.6059893369674683
mlp,test,2024-05,country_kr,country_380,0.0,0.6437291502952576
mlp,test,2024-06,country_kr,country_380,0.0,0.7025318741798401
mlp,test,2024-07,country_kr,country_380,0.0,0.613288164138794
mlp,test,2024-08,country_kr,country_380,1.0,0.7077141404151917
mlp,test,2024-09,country_kr,country_380,1.0,0.617978036403656
mlp,test,2024-10,country_kr,country_380,0.0,0.6680209636688232
mlp,test,2024-11,country_kr,country_380,1.0,0.5745025873184204
mlp,test,2024-01,country_kr,country_cn,0.0,0.3235202729701996
mlp,test,2024-02,country_kr,country_cn,0.0,0.4757578372955322
mlp,test,2024-03,country_kr,country_cn,0.0,0.2661762237548828
mlp,test,2024-04,country_kr,country_cn,0.0,0.27101388573646545
mlp,test,2024-05,country_kr,country_cn,0.0,0.27711668610572815
mlp,test,2024-06,country_kr,country_cn,0.0,0.34115612506866455
mlp,test,2024-07,country_kr,country_cn,0.0,0.2712930142879486
mlp,test,2024-08,country_kr,country_cn,0.0,0.27132877707481384
mlp,test,2024-09,country_kr,country_cn,0.0,0.2776976227760315
mlp,test,2024-10,country_kr,country_cn,0.0,0.2781217694282532
mlp,test,2024-11,country_kr,country_cn,0.0,0.2694976329803467
mlp,test,2024-01,country_kr,country_de,1.0,0.31347793340682983
mlp,test,2024-02,country_kr,country_de,0.0,0.4362906813621521
mlp,test,2024-03,country_kr,country_de,0.0,0.30693548917770386
mlp,test,2024-04,country_kr,country_de,0.0,0.3236028552055359
mlp,test,2024-05,country_kr,country_de,0.0,0.35298192501068115
mlp,test,2024-06,country_kr,country_de,0.0,0.410127192735672
mlp,test,2024-07,country_kr,country_de,0.0,0.3146440088748932
mlp,test,2024-08,country_kr,country_de,0.0,0.3876363933086395
mlp,test,2024-09,country_kr,country_de,0.0,0.3117595911026001
mlp,test,2024-10,country_kr,country_de,0.0,0.3269506096839905
mlp,test,2024-11,country_kr,country_de,0.0,0.4348493218421936
mlp,test,2024-01,country_kr,country_fr,1.0,0.3165972828865051
mlp,test,2024-02,country_kr,country_fr,1.0,0.4514942467212677
mlp,test,2024-03,country_kr,country_fr,1.0,0.3808998167514801
mlp,test,2024-04,country_kr,country_fr,1.0,0.3232061564922333
mlp,test,2024-05,country_kr,country_fr,1.0,0.3584459722042084
mlp,test,2024-06,country_kr,country_fr,1.0,0.4652278423309326
mlp,test,2024-07,country_kr,country_fr,1.0,0.5466374158859253
mlp,test,2024-08,country_kr,country_fr,1.0,0.49353519082069397
mlp,test,2024-09,country_kr,country_fr,1.0,0.3627816140651703
mlp,test,2024-10,country_kr,country_fr,1.0,0.4028874337673187
mlp,test,2024-11,country_kr,country_fr,0.0,0.42209190130233765
mlp,test,2024-01,country_kr,country_gb,0.0,0.358588308095932
mlp,test,2024-02,country_kr,country_gb,1.0,0.40417155623435974
mlp,test,2024-03,country_kr,country_gb,0.0,0.45683321356773376
mlp,test,2024-04,country_kr,country_gb,0.0,0.32824164628982544
mlp,test,2024-05,country_kr,country_gb,1.0,0.43616047501564026
mlp,test,2024-06,country_kr,country_gb,1.0,0.44139817357063293
mlp,test,2024-07,country_kr,country_gb,0.0,0.3971213400363922
mlp,test,2024-08,country_kr,country_gb,0.0,0.3488258719444275
mlp,test,2024-09,country_kr,country_gb,0.0,0.35437554121017456
mlp,test,2024-10,country_kr,country_gb,0.0,0.4001540243625641
mlp,test,2024-11,country_kr,country_gb,1.0,0.3697393536567688
mlp,test,2024-01,country_kr,country_in,0.0,0.25973325967788696
mlp,test,2024-02,country_kr,country_in,0.0,0.3811441957950592
mlp,test,2024-03,country_kr,country_in,0.0,0.3580523431301117
mlp,test,2024-04,country_kr,country_in,0.0,0.38143712282180786
mlp,test,2024-05,country_kr,country_in,0.0,0.369622141122818
mlp,test,2024-06,country_kr,country_in,0.0,0.3911287188529968
mlp,test,2024-07,country_kr,country_in,0.0,0.26483890414237976
mlp,test,2024-08,country_kr,country_in,0.0,0.25292590260505676
mlp,test,2024-09,country_kr,country_in,0.0,0.37007972598075867
mlp,test,2024-10,country_kr,country_in,0.0,0.4301896095275879
mlp,test,2024-11,country_kr,country_in,1.0,0.32759425044059753
mlp,test,2024-01,country_kr,country_jp,1.0,0.5358470678329468
mlp,test,2024-02,country_kr,country_jp,0.0,0.5790145993232727
mlp,test,2024-03,country_kr,country_jp,1.0,0.30680277943611145
mlp,test,2024-04,country_kr,country_jp,1.0,0.3525061309337616
mlp,test,2024-05,country_kr,country_jp,0.0,0.3514052629470825
mlp,test,2024-06,country_kr,country_jp,1.0,0.40752172470092773
mlp,test,2024-07,country_kr,country_jp,0.0,0.31511902809143066
mlp,test,2024-08,country_kr,country_jp,0.0,0.32579436898231506
mlp,test,2024-09,country_kr,country_jp,1.0,0.3014286160469055
mlp,test,2024-10,country_kr,country_jp,0.0,0.35247763991355896
mlp,test,2024-11,country_kr,country_jp,0.0,0.4066426753997803
mlp,test,2024-01,country_kr,country_mx,0.0,0.4310065507888794
mlp,test,2024-02,country_kr,country_mx,0.0,0.29229214787483215
mlp,test,2024-03,country_kr,country_mx,0.0,0.34185364842414856
mlp,test,2024-04,country_kr,country_mx,0.0,0.2816859483718872
mlp,test,2024-05,country_kr,country_mx,0.0,0.3034707307815552
mlp,test,2024-06,country_kr,country_mx,0.0,0.38514620065689087
mlp,test,2024-07,country_kr,country_mx,0.0,0.2810198664665222
mlp,test,2024-08,country_kr,country_mx,0.0,0.29462361335754395
mlp,test,2024-09,country_kr,country_mx,0.0,0.29228630661964417
mlp,test,2024-10,country_kr,country_mx,0.0,0.29702654480934143
mlp,test,2024-11,country_kr,country_mx,0.0,0.41458579897880554
mlp,test,2024-01,country_kr,country_my,0.0,0.3321865200996399
mlp,test,2024-02,country_kr,country_my,0.0,0.3632912337779999
mlp,test,2024-03,country_kr,country_my,1.0,0.30007630586624146
mlp,test,2024-04,country_kr,country_my,0.0,0.30695125460624695
mlp,test,2024-05,country_kr,country_my,0.0,0.31896892189979553
mlp,test,2024-06,country_kr,country_my,0.0,0.3757150173187256
mlp,test,2024-07,country_kr,country_my,0.0,0.27629366517066956
mlp,test,2024-08,country_kr,country_my,0.0,0.26191332936286926
mlp,test,2024-09,country_kr,country_my,0.0,0.31120797991752625
mlp,test,2024-10,country_kr,country_my,0.0,0.28911545872688293
mlp,test,2024-11,country_kr,country_my,0.0,0.3204598128795624
mlp,test,2024-01,country_kr,country_ph,0.0,0.33592504262924194
mlp,test,2024-02,country_kr,country_ph,0.0,0.3847809433937073
mlp,test,2024-03,country_kr,country_ph,0.0,0.32190755009651184
mlp,test,2024-04,country_kr,country_ph,0.0,0.3251701593399048
mlp,test,2024-05,country_kr,country_ph,0.0,0.29440364241600037
mlp,test,2024-06,country_kr,country_ph,0.0,0.3628173768520355
mlp,test,2024-07,country_kr,country_ph,0.0,0.2934626638889313
mlp,test,2024-08,country_kr,country_ph,0.0,0.28822213411331177
mlp,test,2024-09,country_kr,country_ph,0.0,0.32549265027046204
mlp,test,2024-10,country_kr,country_ph,0.0,0.28753405809402466
mlp,test,2024-11,country_kr,country_ph,0.0,0.3431548476219177
mlp,test,2024-01,country_kr,country_sg,0.0,0.2659904956817627
mlp,test,2024-02,country_kr,country_sg,0.0,0.27420124411582947
mlp,test,2024-03,country_kr,country_sg,0.0,0.29283013939857483
mlp,test,2024-04,country_kr,country_sg,0.0,0.2938123941421509
mlp,test,2024-05,country_kr,country_sg,0.0,0.3138536214828491
mlp,test,2024-06,country_kr,country_sg,0.0,0.39075493812561035
mlp,test,2024-07,country_kr,country_sg,0.0,0.31891578435897827
mlp,test,2024-08,country_kr,country_sg,0.0,0.3254554867744446
mlp,test,2024-09,country_kr,country_sg,0.0,0.29904863238334656
mlp,test,2024-10,country_kr,country_sg,0.0,0.2844867408275604
mlp,test,2024-11,country_kr,country_sg,0.0,0.3234712779521942
mlp,test,2024-01,country_kr,country_th,0.0,0.28433525562286377
mlp,test,2024-02,country_kr,country_th,0.0,0.3192862272262573
mlp,test,2024-03,country_kr,country_th,0.0,0.271063894033432
mlp,test,2024-04,country_kr,country_th,0.0,0.36260566115379333
mlp,test,2024-05,country_kr,country_th,0.0,0.2668967545032501
mlp,test,2024-06,country_kr,country_th,0.0,0.5744338631629944
mlp,test,2024-07,country_kr,country_th,0.0,0.29518479108810425
mlp,test,2024-08,country_kr,country_th,0.0,0.5255066752433777
mlp,test,2024-09,country_kr,country_th,0.0,0.2914716303348541
mlp,test,2024-10,country_kr,country_th,0.0,0.2869962751865387
mlp,test,2024-11,country_kr,country_th,1.0,0.5217721462249756
mlp,test,2024-01,country_kr,country_us,1.0,0.30645209550857544
mlp,test,2024-02,country_kr,country_us,0.0,0.3411616384983063
mlp,test,2024-03,country_kr,country_us,0.0,0.27430036664009094
mlp,test,2024-04,country_kr,country_us,0.0,0.2705225646495819
mlp,test,2024-05,country_kr,country_us,0.0,0.27866092324256897
mlp,test,2024-06,country_kr,country_us,0.0,0.33575624227523804
mlp,test,2024-07,country_kr,country_us,0.0,0.2945760190486908
mlp,test,2024-08,country_kr,country_us,0.0,0.3462144136428833
mlp,test,2024-09,country_kr,country_us,0.0,0.27741947770118713
mlp,test,2024-10,country_kr,country_us,0.0,0.36809220910072327
mlp,test,2024-11,country_kr,country_us,0.0,0.35859379172325134
mlp,test,2024-01,country_mx,country_203,0.0,0.6883583664894104
mlp,test,2024-02,country_mx,country_203,1.0,0.6582931280136108
mlp,test,2024-03,country_mx,country_203,0.0,0.6809910535812378
mlp,test,2024-04,country_mx,country_203,0.0,0.6242842078208923
mlp,test,2024-05,country_mx,country_203,1.0,0.633060872554779
mlp,test,2024-06,country_mx,country_203,0.0,0.6647998690605164
mlp,test,2024-07,country_mx,country_203,0.0,0.6361992359161377
mlp,test,2024-08,country_mx,country_203,0.0,0.6360970735549927
mlp,test,2024-09,country_mx,country_203,0.0,0.6422881484031677
mlp,test,2024-10,country_mx,country_203,0.0,0.6729629039764404
mlp,test,2024-11,country_mx,country_203,1.0,0.6844314336776733
mlp,test,2024-01,country_mx,country_344,1.0,0.6303970813751221
mlp,test,2024-02,country_mx,country_344,0.0,0.6438122987747192
mlp,test,2024-03,country_mx,country_344,0.0,0.5086127519607544
mlp,test,2024-04,country_mx,country_344,0.0,0.5413661003112793
mlp,test,2024-05,country_mx,country_344,0.0,0.5442482829093933
mlp,test,2024-06,country_mx,country_344,0.0,0.5166334509849548
mlp,test,2024-07,country_mx,country_344,0.0,0.5267797112464905
mlp,test,2024-08,country_mx,country_344,0.0,0.5143786668777466
mlp,test,2024-09,country_mx,country_344,0.0,0.5124418139457703
mlp,test,2024-10,country_mx,country_344,0.0,0.5249009132385254
mlp,test,2024-11,country_mx,country_344,0.0,0.5418770909309387
mlp,test,2024-01,country_mx,country_372,0.0,0.723557710647583
mlp,test,2024-02,country_mx,country_372,0.0,0.7761473655700684
mlp,test,2024-03,country_mx,country_372,0.0,0.6966474056243896
mlp,test,2024-04,country_mx,country_372,1.0,0.6987403035163879
mlp,test,2024-05,country_mx,country_372,0.0,0.6785251498222351
mlp,test,2024-06,country_mx,country_372,1.0,0.661709725856781
mlp,test,2024-07,country_mx,country_372,0.0,0.7033935189247131
mlp,test,2024-08,country_mx,country_372,0.0,0.7537473440170288
mlp,test,2024-09,country_mx,country_372,0.0,0.727363646030426
mlp,test,2024-10,country_mx,country_372,0.0,0.708769679069519
mlp,test,2024-11,country_mx,country_372,0.0,0.6195213794708252
mlp,test,2024-01,country_mx,country_380,1.0,0.6575434803962708
mlp,test,2024-02,country_mx,country_380,1.0,0.6479473114013672
mlp,test,2024-03,country_mx,country_380,1.0,0.6444589495658875
mlp,test,2024-04,country_mx,country_380,0.0,0.6474262475967407
mlp,test,2024-05,country_mx,country_380,1.0,0.6399440765380859
mlp,test,2024-06,country_mx,country_380,1.0,0.7041179537773132
mlp,test,2024-07,country_mx,country_380,1.0,0.6508663296699524
mlp,test,2024-08,country_mx,country_380,0.0,0.7464264631271362
mlp,test,2024-09,country_mx,country_380,1.0,0.617901086807251
mlp,test,2024-10,country_mx,country_380,0.0,0.6983544230461121
mlp,test,2024-11,country_mx,country_380,1.0,0.6649705171585083
mlp,test,2024-01,country_mx,country_cn,1.0,0.4891541302204132
mlp,test,2024-02,country_mx,country_cn,0.0,0.54292231798172
mlp,test,2024-03,country_mx,country_cn,1.0,0.35369905829429626
mlp,test,2024-04,country_mx,country_cn,0.0,0.33721524477005005
mlp,test,2024-05,country_mx,country_cn,0.0,0.3240598440170288
mlp,test,2024-06,country_mx,country_cn,0.0,0.3344152271747589
mlp,test,2024-07,country_mx,country_cn,0.0,0.33097541332244873
mlp,test,2024-08,country_mx,country_cn,0.0,0.31419292092323303
mlp,test,2024-09,country_mx,country_cn,0.0,0.3224450349807739
mlp,test,2024-10,country_mx,country_cn,0.0,0.3233046233654022
mlp,test,2024-11,country_mx,country_cn,1.0,0.3807961940765381
mlp,test,2024-01,country_mx,country_de,1.0,0.49050164222717285
mlp,test,2024-02,country_mx,country_de,1.0,0.5037210583686829
mlp,test,2024-03,country_mx,country_de,0.0,0.42098915576934814
mlp,test,2024-04,country_mx,country_de,1.0,0.3742679953575134
mlp,test,2024-05,country_mx,country_de,1.0,0.4098464548587799
mlp,test,2024-06,country_mx,country_de,0.0,0.391845703125
mlp,test,2024-07,country_mx,country_de,1.0,0.3832651972770691
mlp,test,2024-08,country_mx,country_de,0.0,0.46199241280555725
mlp,test,2024-09,country_mx,country_de,0.0,0.3584308326244354
mlp,test,2024-10,country_mx,country_de,0.0,0.3762251138687134
mlp,test,2024-11,country_mx,country_de,0.0,0.591393232345581
mlp,test,2024-01,country_mx,country_fr,0.0,0.5501025319099426
mlp,test,2024-02,country_mx,country_fr,0.0,0.5810037851333618
mlp,test,2024-03,country_mx,country_fr,0.0,0.5764012336730957
mlp,test,2024-04,country_mx,country_fr,0.0,0.4461000859737396
mlp,test,2024-05,country_mx,country_fr,0.0,0.46264198422431946
mlp,test,2024-06,country_mx,country_fr,1.0,0.4614418148994446
mlp,test,2024-07,country_mx,country_fr,1.0,0.6081388592720032
mlp,test,2024-08,country_mx,country_fr,0.0,0.6054101586341858
mlp,test,2024-09,country_mx,country_fr,0.0,0.45642155408859253
mlp,test,2024-10,country_mx,country_fr,1.0,0.5045031309127808
mlp,test,2024-11,country_mx,country_fr,0.0,0.6226306557655334
mlp,test,2024-01,country_mx,country_gb,1.0,0.5906987190246582
mlp,test,2024-02,country_mx,country_gb,0.0,0.5314643383026123
mlp,test,2024-03,country_mx,country_gb,1.0,0.607289731502533
mlp,test,2024-04,country_mx,country_gb,1.0,0.48430386185646057
mlp,test,2024-05,country_mx,country_gb,0.0,0.6088431477546692
mlp,test,2024-06,country_mx,country_gb,0.0,0.464933842420578
mlp,test,2024-07,country_mx,country_gb,0.0,0.5021861791610718
mlp,test,2024-08,country_mx,country_gb,0.0,0.460226446390152
mlp,test,2024-09,country_mx,country_gb,0.0,0.4707964062690735
mlp,test,2024-10,country_mx,country_gb,0.0,0.5343219637870789
mlp,test,2024-11,country_mx,country_gb,0.0,0.5794478058815002
mlp,test,2024-01,country_mx,country_in,0.0,0.35927730798721313
mlp,test,2024-02,country_mx,country_in,0.0,0.4260367751121521
mlp,test,2024-03,country_mx,country_in,0.0,0.4814096689224243
mlp,test,2024-04,country_mx,country_in,0.0,0.43634742498397827
mlp,test,2024-05,country_mx,country_in,0.0,0.408721923828125
mlp,test,2024-06,country_mx,country_in,0.0,0.34830349683761597
mlp,test,2024-07,country_mx,country_in,1.0,0.31348004937171936
mlp,test,2024-08,country_mx,country_in,0.0,0.3007753789424896
mlp,test,2024-09,country_mx,country_in,0.0,0.43670833110809326
mlp,test,2024-10,country_mx,country_in,0.0,0.4718536138534546
mlp,test,2024-11,country_mx,country_in,0.0,0.4737395644187927
mlp,test,2024-01,country_mx,country_jp,1.0,0.6751442551612854
mlp,test,2024-02,country_mx,country_jp,1.0,0.6396777033805847
mlp,test,2024-03,country_mx,country_jp,0.0,0.43737831711769104
mlp,test,2024-04,country_mx,country_jp,0.0,0.4370781183242798
mlp,test,2024-05,country_mx,country_jp,0.0,0.41246122121810913
mlp,test,2024-06,country_mx,country_jp,1.0,0.38722532987594604
mlp,test,2024-07,country_mx,country_jp,0.0,0.4116968512535095
mlp,test,2024-08,country_mx,country_jp,1.0,0.3838343024253845
mlp,test,2024-09,country_mx,country_jp,0.0,0.3884427547454834
mlp,test,2024-10,country_mx,country_jp,1.0,0.434859961271286
mlp,test,2024-11,country_mx,country_jp,0.0,0.6044653654098511
mlp,test,2024-01,country_mx,country_kr,0.0,0.5438494086265564
mlp,test,2024-02,country_mx,country_kr,0.0,0.4050668478012085
mlp,test,2024-03,country_mx,country_kr,1.0,0.48310354351997375
mlp,test,2024-04,country_mx,country_kr,0.0,0.4607393741607666
mlp,test,2024-05,country_mx,country_kr,0.0,0.3763095736503601
mlp,test,2024-06,country_mx,country_kr,0.0,0.520703136920929
mlp,test,2024-07,country_mx,country_kr,0.0,0.47376134991645813
mlp,test,2024-08,country_mx,country_kr,0.0,0.3918699026107788
mlp,test,2024-09,country_mx,country_kr,0.0,0.4003862738609314
mlp,test,2024-10,country_mx,country_kr,0.0,0.40384259819984436
mlp,test,2024-11,country_mx,country_kr,0.0,0.5575950145721436
mlp,test,2024-01,country_mx,country_my,0.0,0.6064733862876892
mlp,test,2024-02,country_mx,country_my,0.0,0.425904244184494
mlp,test,2024-03,country_mx,country_my,0.0,0.44786834716796875
mlp,test,2024-04,country_mx,country_my,0.0,0.40317580103874207
mlp,test,2024-05,country_mx,country_my,0.0,0.3686906695365906
mlp,test,2024-06,country_mx,country_my,0.0,0.3628603219985962
mlp,test,2024-07,country_mx,country_my,1.0,0.338620126247406
mlp,test,2024-08,country_mx,country_my,0.0,0.34777626395225525
mlp,test,2024-09,country_mx,country_my,0.0,0.3579326868057251
mlp,test,2024-10,country_mx,country_my,0.0,0.3630259931087494
mlp,test,2024-11,country_mx,country_my,0.0,0.49862661957740784
mlp,test,2024-01,country_mx,country_ph,0.0,0.64711594581604
mlp,test,2024-02,country_mx,country_ph,1.0,0.5560512542724609
mlp,test,2024-03,country_mx,country_ph,1.0,0.5517553687095642
mlp,test,2024-04,country_mx,country_ph,1.0,0.5258637070655823
mlp,test,2024-05,country_mx,country_ph,1.0,0.5073608160018921
mlp,test,2024-06,country_mx,country_ph,1.0,0.48152968287467957
mlp,test,2024-07,country_mx,country_ph,0.0,0.5938909649848938
mlp,test,2024-08,country_mx,country_ph,0.0,0.4628904461860657
mlp,test,2024-09,country_mx,country_ph,1.0,0.5119925141334534
mlp,test,2024-10,country_mx,country_ph,0.0,0.5036460757255554
mlp,test,2024-11,country_mx,country_ph,0.0,0.6358783841133118
mlp,test,2024-01,country_mx,country_sg,1.0,0.40569007396698
mlp,test,2024-02,country_mx,country_sg,1.0,0.35300421714782715
mlp,test,2024-03,country_mx,country_sg,0.0,0.42258596420288086
mlp,test,2024-04,country_mx,country_sg,0.0,0.38529106974601746
mlp,test,2024-05,country_mx,country_sg,0.0,0.3951627314090729
mlp,test,2024-06,country_mx,country_sg,1.0,0.4093089997768402
mlp,test,2024-07,country_mx,country_sg,0.0,0.43186402320861816
mlp,test,2024-08,country_mx,country_sg,1.0,0.4181117117404938
mlp,test,2024-09,country_mx,country_sg,0.0,0.3850718140602112
mlp,test,2024-10,country_mx,country_sg,0.0,0.3743346035480499
mlp,test,2024-11,country_mx,country_sg,0.0,0.5429906845092773
mlp,test,2024-01,country_mx,country_th,0.0,0.48238706588745117
mlp,test,2024-02,country_mx,country_th,0.0,0.3850506842136383
mlp,test,2024-03,country_mx,country_th,1.0,0.3869922459125519
mlp,test,2024-04,country_mx,country_th,0.0,0.4831269085407257
mlp,test,2024-05,country_mx,country_th,1.0,0.3612595200538635
mlp,test,2024-06,country_mx,country_th,0.0,0.6007198095321655
mlp,test,2024-07,country_mx,country_th,0.0,0.4168608784675598
mlp,test,2024-08,country_mx,country_th,0.0,0.6188092827796936
mlp,test,2024-09,country_mx,country_th,0.0,0.3863808512687683
mlp,test,2024-10,country_mx,country_th,0.0,0.40917468070983887
mlp,test,2024-11,country_mx,country_th,0.0,0.6462172269821167
mlp,test,2024-01,country_mx,country_us,0.0,0.3758394718170166
mlp,test,2024-02,country_mx,country_us,0.0,0.3516879081726074
mlp,test,2024-03,country_mx,country_us,1.0,0.3181401491165161
mlp,test,2024-04,country_mx,country_us,0.0,0.30121204257011414
mlp,test,2024-05,country_mx,country_us,0.0,0.2877892255783081
mlp,test,2024-06,country_mx,country_us,1.0,0.2840193212032318
mlp,test,2024-07,country_mx,country_us,1.0,0.3164614737033844
mlp,test,2024-08,country_mx,country_us,0.0,0.3554004430770874
mlp,test,2024-09,country_mx,country_us,0.0,0.28390783071517944
mlp,test,2024-10,country_mx,country_us,1.0,0.37994584441185
mlp,test,2024-11,country_mx,country_us,0.0,0.4245710074901581
mlp,test,2024-01,country_my,country_203,0.0,0.4770849645137787
mlp,test,2024-02,country_my,country_203,0.0,0.5498689413070679
mlp,test,2024-03,country_my,country_203,0.0,0.4579368531703949
mlp,test,2024-04,country_my,country_203,1.0,0.5184573531150818
mlp,test,2024-05,country_my,country_203,1.0,0.5133329033851624
mlp,test,2024-06,country_my,country_203,0.0,0.5092371702194214
mlp,test,2024-07,country_my,country_203,0.0,0.4693305194377899
mlp,test,2024-08,country_my,country_203,0.0,0.5317818522453308
mlp,test,2024-09,country_my,country_203,0.0,0.4602580964565277
mlp,test,2024-10,country_my,country_203,0.0,0.544126033782959
mlp,test,2024-11,country_my,country_203,0.0,0.5280866026878357
mlp,test,2024-01,country_my,country_344,1.0,0.49782198667526245
mlp,test,2024-02,country_my,country_344,0.0,0.5804708003997803
mlp,test,2024-03,country_my,country_344,0.0,0.4140729308128357
mlp,test,2024-04,country_my,country_344,0.0,0.43576541543006897
mlp,test,2024-05,country_my,country_344,0.0,0.4744943380355835
mlp,test,2024-06,country_my,country_344,0.0,0.4389117658138275
mlp,test,2024-07,country_my,country_344,0.0,0.45950639247894287
mlp,test,2024-08,country_my,country_344,0.0,0.46324479579925537
mlp,test,2024-09,country_my,country_344,0.0,0.43816283345222473
mlp,test,2024-10,country_my,country_344,0.0,0.44581231474876404
mlp,test,2024-11,country_my,country_344,0.0,0.446355402469635
mlp,test,2024-01,country_my,country_372,1.0,0.5588197708129883
mlp,test,2024-02,country_my,country_372,0.0,0.7300907373428345
mlp,test,2024-03,country_my,country_372,0.0,0.5207947492599487
mlp,test,2024-04,country_my,country_372,0.0,0.5342704653739929
mlp,test,2024-05,country_my,country_372,0.0,0.48960721492767334
mlp,test,2024-06,country_my,country_372,1.0,0.5524672865867615
mlp,test,2024-07,country_my,country_372,1.0,0.5948633551597595
mlp,test,2024-08,country_my,country_372,0.0,0.7213349342346191
mlp,test,2024-09,country_my,country_372,0.0,0.6489750146865845
mlp,test,2024-10,country_my,country_372,1.0,0.6126019954681396
mlp,test,2024-11,country_my,country_372,1.0,0.4768849313259125
mlp,test,2024-01,country_my,country_380,1.0,0.5916459560394287
mlp,test,2024-02,country_my,country_380,0.0,0.6273061633110046
mlp,test,2024-03,country_my,country_380,0.0,0.5727538466453552
mlp,test,2024-04,country_my,country_380,0.0,0.5936815142631531
mlp,test,2024-05,country_my,country_380,0.0,0.6324979662895203
mlp,test,2024-06,country_my,country_380,0.0,0.6601852178573608
mlp,test,2024-07,country_my,country_380,1.0,0.6122567653656006
mlp,test,2024-08,country_my,country_380,0.0,0.7304786443710327
mlp,test,2024-09,country_my,country_380,1.0,0.5829435586929321
mlp,test,2024-10,country_my,country_380,0.0,0.6546767354011536
mlp,test,2024-11,country_my,country_380,1.0,0.6056386232376099
mlp,test,2024-01,country_my,country_cn,1.0,0.36130064725875854
mlp,test,2024-02,country_my,country_cn,0.0,0.5341007113456726
mlp,test,2024-03,country_my,country_cn,0.0,0.28565698862075806
mlp,test,2024-04,country_my,country_cn,0.0,0.291414350271225
mlp,test,2024-05,country_my,country_cn,0.0,0.2927568554878235
mlp,test,2024-06,country_my,country_cn,0.0,0.296983927488327
mlp,test,2024-07,country_my,country_cn,0.0,0.30933070182800293
mlp,test,2024-08,country_my,country_cn,0.0,0.3197990953922272
mlp,test,2024-09,country_my,country_cn,0.0,0.29046204686164856
mlp,test,2024-10,country_my,country_cn,0.0,0.2940165400505066
mlp,test,2024-11,country_my,country_cn,0.0,0.31245771050453186
mlp,test,2024-01,country_my,country_de,0.0,0.31678712368011475
mlp,test,2024-02,country_my,country_de,0.0,0.49121925234794617
mlp,test,2024-03,country_my,country_de,0.0,0.2989775836467743
mlp,test,2024-04,country_my,country_de,0.0,0.31185245513916016
mlp,test,2024-05,country_my,country_de,0.0,0.32860907912254333
mlp,test,2024-06,country_my,country_de,0.0,0.31539663672447205
mlp,test,2024-07,country_my,country_de,0.0,0.3293764293193817
mlp,test,2024-08,country_my,country_de,0.0,0.3924451768398285
mlp,test,2024-09,country_my,country_de,0.0,0.3061995208263397
mlp,test,2024-10,country_my,country_de,0.0,0.31483379006385803
mlp,test,2024-11,country_my,country_de,0.0,0.4507767856121063
mlp,test,2024-01,country_my,country_fr,0.0,0.3363359272480011
mlp,test,2024-02,country_my,country_fr,0.0,0.516663134098053
mlp,test,2024-03,country_my,country_fr,1.0,0.3890427350997925
mlp,test,2024-04,country_my,country_fr,1.0,0.32238367199897766
mlp,test,2024-05,country_my,country_fr,1.0,0.3420964777469635
mlp,test,2024-06,country_my,country_fr,1.0,0.3395504057407379
mlp,test,2024-07,country_my,country_fr,0.0,0.5063036680221558
mlp,test,2024-08,country_my,country_fr,1.0,0.47692403197288513
mlp,test,2024-09,country_my,country_fr,1.0,0.3567526042461395
mlp,test,2024-10,country_my,country_fr,1.0,0.3917323350906372
mlp,test,2024-11,country_my,country_fr,1.0,0.4321911036968231
mlp,test,2024-01,country_my,country_gb,1.0,0.37137889862060547
mlp,test,2024-02,country_my,country_gb,1.0,0.47891372442245483
mlp,test,2024-03,country_my,country_gb,1.0,0.43533629179000854
mlp,test,2024-04,country_my,country_gb,1.0,0.33845677971839905
mlp,test,2024-05,country_my,country_gb,0.0,0.43407320976257324
mlp,test,2024-06,country_my,country_gb,0.0,0.34124553203582764
mlp,test,2024-07,country_my,country_gb,0.0,0.39222732186317444
mlp,test,2024-08,country_my,country_gb,0.0,0.41232919692993164
mlp,test,2024-09,country_my,country_gb,0.0,0.3584420084953308
mlp,test,2024-10,country_my,country_gb,0.0,0.4045211672782898
mlp,test,2024-11,country_my,country_gb,0.0,0.3913872539997101
mlp,test,2024-01,country_my,country_in,1.0,0.2862188518047333
mlp,test,2024-02,country_my,country_in,1.0,0.4920591115951538
mlp,test,2024-03,country_my,country_in,1.0,0.39930328726768494
mlp,test,2024-04,country_my,country_in,1.0,0.4200899004936218
mlp,test,2024-05,country_my,country_in,1.0,0.39713209867477417
mlp,test,2024-06,country_my,country_in,1.0,0.3350219428539276
mlp,test,2024-07,country_my,country_in,1.0,0.3130027949810028
mlp,test,2024-08,country_my,country_in,0.0,0.3673192262649536
mlp,test,2024-09,country_my,country_in,0.0,0.42960041761398315
mlp,test,2024-10,country_my,country_in,0.0,0.4574439823627472
mlp,test,2024-11,country_my,country_in,0.0,0.4070930778980255
mlp,test,2024-01,country_my,country_jp,0.0,0.5510709285736084
mlp,test,2024-02,country_my,country_jp,0.0,0.6116352677345276
mlp,test,2024-03,country_my,country_jp,0.0,0.3107123374938965
mlp,test,2024-04,country_my,country_jp,0.0,0.3571494221687317
mlp,test,2024-05,country_my,country_jp,0.0,0.33973127603530884
mlp,test,2024-06,country_my,country_jp,0.0,0.32285767793655396
mlp,test,2024-07,country_my,country_jp,0.0,0.3352772891521454
mlp,test,2024-08,country_my,country_jp,0.0,0.38616305589675903
mlp,test,2024-09,country_my,country_jp,0.0,0.30803734064102173
mlp,test,2024-10,country_my,country_jp,0.0,0.3518501818180084
mlp,test,2024-11,country_my,country_jp,0.0,0.4416109323501587
mlp,test,2024-01,country_my,country_kr,0.0,0.33311834931373596
mlp,test,2024-02,country_my,country_kr,0.0,0.3670906126499176
mlp,test,2024-03,country_my,country_kr,0.0,0.33200502395629883
mlp,test,2024-04,country_my,country_kr,0.0,0.33293041586875916
mlp,test,2024-05,country_my,country_kr,0.0,0.30482786893844604
mlp,test,2024-06,country_my,country_kr,0.0,0.4190705418586731
mlp,test,2024-07,country_my,country_kr,0.0,0.3687168061733246
mlp,test,2024-08,country_my,country_kr,0.0,0.37350085377693176
mlp,test,2024-09,country_my,country_kr,0.0,0.3185866177082062
mlp,test,2024-10,country_my,country_kr,0.0,0.31556016206741333
mlp,test,2024-11,country_my,country_kr,0.0,0.3934953510761261
mlp,test,2024-01,country_my,country_mx,0.0,0.4194941520690918
mlp,test,2024-02,country_my,country_mx,1.0,0.3201322555541992
mlp,test,2024-03,country_my,country_mx,0.0,0.3216554522514343
mlp,test,2024-04,country_my,country_mx,0.0,0.25379061698913574
mlp,test,2024-05,country_my,country_mx,0.0,0.27988022565841675
mlp,test,2024-06,country_my,country_mx,0.0,0.27015164494514465
mlp,test,2024-07,country_my,country_mx,0.0,0.2709522545337677
mlp,test,2024-08,country_my,country_mx,0.0,0.33848410844802856
mlp,test,2024-09,country_my,country_mx,0.0,0.28424540162086487
mlp,test,2024-10,country_my,country_mx,1.0,0.2756148874759674
mlp,test,2024-11,country_my,country_mx,1.0,0.4320063292980194
mlp,test,2024-01,country_my,country_ph,1.0,0.3764306604862213
mlp,test,2024-02,country_my,country_ph,1.0,0.4920487105846405
mlp,test,2024-03,country_my,country_ph,1.0,0.3456338942050934
mlp,test,2024-04,country_my,country_ph,0.0,0.3556411862373352
mlp,test,2024-05,country_my,country_ph,0.0,0.31336477398872375
mlp,test,2024-06,country_my,country_ph,0.0,0.31177541613578796
mlp,test,2024-07,country_my,country_ph,0.0,0.3444676995277405
mlp,test,2024-08,country_my,country_ph,0.0,0.38320425152778625
mlp,test,2024-09,country_my,country_ph,0.0,0.36750632524490356
mlp,test,2024-10,country_my,country_ph,0.0,0.30491840839385986
mlp,test,2024-11,country_my,country_ph,0.0,0.4021877944469452
mlp,test,2024-01,country_my,country_sg,0.0,0.27924439311027527
mlp,test,2024-02,country_my,country_sg,0.0,0.3218831717967987
mlp,test,2024-03,country_my,country_sg,0.0,0.29777705669403076
mlp,test,2024-04,country_my,country_sg,0.0,0.29993876814842224
mlp,test,2024-05,country_my,country_sg,0.0,0.307781457901001
mlp,test,2024-06,country_my,country_sg,0.0,0.3228435516357422
mlp,test,2024-07,country_my,country_sg,0.0,0.35332414507865906
mlp,test,2024-08,country_my,country_sg,0.0,0.3737132251262665
mlp,test,2024-09,country_my,country_sg,0.0,0.30662375688552856
mlp,test,2024-10,country_my,country_sg,0.0,0.28793153166770935
mlp,test,2024-11,country_my,country_sg,0.0,0.35804226994514465
mlp,test,2024-01,country_my,country_th,0.0,0.30103805661201477
mlp,test,2024-02,country_my,country_th,0.0,0.3764026463031769
mlp,test,2024-03,country_my,country_th,0.0,0.2674734890460968
mlp,test,2024-04,country_my,country_th,0.0,0.37678268551826477
mlp,test,2024-05,country_my,country_th,0.0,0.2696986496448517
mlp,test,2024-06,country_my,country_th,0.0,0.47512760758399963
mlp,test,2024-07,country_my,country_th,0.0,0.3264789283275604
mlp,test,2024-08,country_my,country_th,0.0,0.49134939908981323
mlp,test,2024-09,country_my,country_th,0.0,0.30318206548690796
mlp,test,2024-10,country_my,country_th,0.0,0.3034301996231079
mlp,test,2024-11,country_my,country_th,0.0,0.5428910851478577
mlp,test,2024-01,country_my,country_us,1.0,0.29745814204216003
mlp,test,2024-02,country_my,country_us,0.0,0.35792919993400574
mlp,test,2024-03,country_my,country_us,0.0,0.25145411491394043
mlp,test,2024-04,country_my,country_us,0.0,0.24554406106472015
mlp,test,2024-05,country_my,country_us,0.0,0.25590670108795166
mlp,test,2024-06,country_my,country_us,0.0,0.2487581968307495
mlp,test,2024-07,country_my,country_us,1.0,0.2736809253692627
mlp,test,2024-08,country_my,country_us,0.0,0.3437407910823822
mlp,test,2024-09,country_my,country_us,0.0,0.2560146152973175
mlp,test,2024-10,country_my,country_us,1.0,0.3440275490283966
mlp,test,2024-11,country_my,country_us,0.0,0.37075135111808777
mlp,test,2024-01,country_ph,country_203,1.0,0.5444448590278625
mlp,test,2024-02,country_ph,country_203,0.0,0.6260843873023987
mlp,test,2024-03,country_ph,country_203,0.0,0.5407828092575073
mlp,test,2024-04,country_ph,country_203,0.0,0.5914149880409241
mlp,test,2024-05,country_ph,country_203,0.0,0.5910065770149231
mlp,test,2024-06,country_ph,country_203,0.0,0.5766395926475525
mlp,test,2024-07,country_ph,country_203,0.0,0.565069854259491
mlp,test,2024-08,country_ph,country_203,0.0,0.566857635974884
mlp,test,2024-09,country_ph,country_203,0.0,0.5360437035560608
mlp,test,2024-10,country_ph,country_203,0.0,0.6079686284065247
mlp,test,2024-11,country_ph,country_203,0.0,0.5908410549163818
mlp,test,2024-01,country_ph,country_344,1.0,0.5003955364227295
mlp,test,2024-02,country_ph,country_344,0.0,0.5974375009536743
mlp,test,2024-03,country_ph,country_344,1.0,0.43615204095840454
mlp,test,2024-04,country_ph,country_344,0.0,0.4527509808540344
mlp,test,2024-05,country_ph,country_344,0.0,0.4889300465583801
mlp,test,2024-06,country_ph,country_344,0.0,0.45468389987945557
mlp,test,2024-07,country_ph,country_344,0.0,0.4690367579460144
mlp,test,2024-08,country_ph,country_344,0.0,0.4651615619659424
mlp,test,2024-09,country_ph,country_344,0.0,0.45073696970939636
mlp,test,2024-10,country_ph,country_344,0.0,0.46607014536857605
mlp,test,2024-11,country_ph,country_344,0.0,0.45782437920570374
mlp,test,2024-01,country_ph,country_372,0.0,0.5653044581413269
mlp,test,2024-02,country_ph,country_372,0.0,0.6996682286262512
mlp,test,2024-03,country_ph,country_372,0.0,0.5179808735847473
mlp,test,2024-04,country_ph,country_372,1.0,0.5153911709785461
mlp,test,2024-05,country_ph,country_372,1.0,0.49111029505729675
mlp,test,2024-06,country_ph,country_372,0.0,0.5871767997741699
mlp,test,2024-07,country_ph,country_372,0.0,0.6005821824073792
mlp,test,2024-08,country_ph,country_372,1.0,0.7223838567733765
mlp,test,2024-09,country_ph,country_372,0.0,0.6908602118492126
mlp,test,2024-10,country_ph,country_372,0.0,0.6456251740455627
mlp,test,2024-11,country_ph,country_372,0.0,0.473838210105896
mlp,test,2024-01,country_ph,country_380,1.0,0.5799444913864136
mlp,test,2024-02,country_ph,country_380,1.0,0.6611853241920471
mlp,test,2024-03,country_ph,country_380,1.0,0.6153691411018372
mlp,test,2024-04,country_ph,country_380,1.0,0.6308385133743286
mlp,test,2024-05,country_ph,country_380,1.0,0.66712886095047
mlp,test,2024-06,country_ph,country_380,1.0,0.6811380982398987
mlp,test,2024-07,country_ph,country_380,1.0,0.6486089825630188
mlp,test,2024-08,country_ph,country_380,0.0,0.735569953918457
mlp,test,2024-09,country_ph,country_380,0.0,0.6251251101493835
mlp,test,2024-10,country_ph,country_380,1.0,0.6760427951812744
mlp,test,2024-11,country_ph,country_380,0.0,0.6464977264404297
mlp,test,2024-01,country_ph,country_cn,1.0,0.36388078331947327
mlp,test,2024-02,country_ph,country_cn,0.0,0.576586902141571
mlp,test,2024-03,country_ph,country_cn,0.0,0.3106772005558014
mlp,test,2024-04,country_ph,country_cn,0.0,0.3191617429256439
mlp,test,2024-05,country_ph,country_cn,0.0,0.31611332297325134
mlp,test,2024-06,country_ph,country_cn,0.0,0.3192199766635895
mlp,test,2024-07,country_ph,country_cn,0.0,0.3160302937030792
mlp,test,2024-08,country_ph,country_cn,0.0,0.3078981339931488
mlp,test,2024-09,country_ph,country_cn,0.0,0.31593751907348633
mlp,test,2024-10,country_ph,country_cn,0.0,0.31479915976524353
mlp,test,2024-11,country_ph,country_cn,0.0,0.33149224519729614
mlp,test,2024-01,country_ph,country_de,1.0,0.31358620524406433
mlp,test,2024-02,country_ph,country_de,0.0,0.5257934331893921
mlp,test,2024-03,country_ph,country_de,1.0,0.32027366757392883
mlp,test,2024-04,country_ph,country_de,0.0,0.3427884578704834
mlp,test,2024-05,country_ph,country_de,0.0,0.3524043560028076
mlp,test,2024-06,country_ph,country_de,0.0,0.33207038044929504
mlp,test,2024-07,country_ph,country_de,0.0,0.33127203583717346
mlp,test,2024-08,country_ph,country_de,0.0,0.3909613788127899
mlp,test,2024-09,country_ph,country_de,0.0,0.3225629925727844
mlp,test,2024-10,country_ph,country_de,0.0,0.32975414395332336
mlp,test,2024-11,country_ph,country_de,0.0,0.47237053513526917
mlp,test,2024-01,country_ph,country_fr,1.0,0.3323017358779907
mlp,test,2024-02,country_ph,country_fr,1.0,0.5677639842033386
mlp,test,2024-03,country_ph,country_fr,1.0,0.43932008743286133
mlp,test,2024-04,country_ph,country_fr,1.0,0.3631156384944916
mlp,test,2024-05,country_ph,country_fr,1.0,0.3931734561920166
mlp,test,2024-06,country_ph,country_fr,1.0,0.36772778630256653
mlp,test,2024-07,country_ph,country_fr,1.0,0.5427694916725159
mlp,test,2024-08,country_ph,country_fr,1.0,0.5211532115936279
mlp,test,2024-09,country_ph,country_fr,1.0,0.38424843549728394
mlp,test,2024-10,country_ph,country_fr,1.0,0.4243217408657074
mlp,test,2024-11,country_ph,country_fr,0.0,0.47268232703208923
mlp,test,2024-01,country_ph,country_gb,1.0,0.3810654282569885
mlp,test,2024-02,country_ph,country_gb,1.0,0.5324938893318176
mlp,test,2024-03,country_ph,country_gb,0.0,0.48985224962234497
mlp,test,2024-04,country_ph,country_gb,1.0,0.36656251549720764
mlp,test,2024-05,country_ph,country_gb,0.0,0.4708738327026367
mlp,test,2024-06,country_ph,country_gb,0.0,0.3650064170360565
mlp,test,2024-07,country_ph,country_gb,1.0,0.403312623500824
mlp,test,2024-08,country_ph,country_gb,0.0,0.3701530396938324
mlp,test,2024-09,country_ph,country_gb,0.0,0.39022234082221985
mlp,test,2024-10,country_ph,country_gb,0.0,0.4299008846282959
mlp,test,2024-11,country_ph,country_gb,0.0,0.4303779602050781
mlp,test,2024-01,country_ph,country_in,0.0,0.3046005368232727
mlp,test,2024-02,country_ph,country_in,0.0,0.5653679966926575
mlp,test,2024-03,country_ph,country_in,0.0,0.44139179587364197
mlp,test,2024-04,country_ph,country_in,1.0,0.4813469350337982
mlp,test,2024-05,country_ph,country_in,0.0,0.4288256764411926
mlp,test,2024-06,country_ph,country_in,0.0,0.3610323965549469
mlp,test,2024-07,country_ph,country_in,1.0,0.3625861704349518
mlp,test,2024-08,country_ph,country_in,1.0,0.33541515469551086
mlp,test,2024-09,country_ph,country_in,0.0,0.47471344470977783
mlp,test,2024-10,country_ph,country_in,0.0,0.47772911190986633
mlp,test,2024-11,country_ph,country_in,0.0,0.4348524808883667
mlp,test,2024-01,country_ph,country_jp,0.0,0.5503936409950256
mlp,test,2024-02,country_ph,country_jp,0.0,0.6155824065208435
mlp,test,2024-03,country_ph,country_jp,0.0,0.32950276136398315
mlp,test,2024-04,country_ph,country_jp,0.0,0.39417216181755066
mlp,test,2024-05,country_ph,country_jp,0.0,0.3600141704082489
mlp,test,2024-06,country_ph,country_jp,0.0,0.3386504650115967
mlp,test,2024-07,country_ph,country_jp,0.0,0.3414638936519623
mlp,test,2024-08,country_ph,country_jp,0.0,0.3435709476470947
mlp,test,2024-09,country_ph,country_jp,0.0,0.32211384177207947
mlp,test,2024-10,country_ph,country_jp,0.0,0.37131547927856445
mlp,test,2024-11,country_ph,country_jp,0.0,0.4595673680305481
mlp,test,2024-01,country_ph,country_kr,1.0,0.32945919036865234
mlp,test,2024-02,country_ph,country_kr,0.0,0.40672698616981506
mlp,test,2024-03,country_ph,country_kr,0.0,0.35771265625953674
mlp,test,2024-04,country_ph,country_kr,0.0,0.36338362097740173
mlp,test,2024-05,country_ph,country_kr,0.0,0.3250027894973755
mlp,test,2024-06,country_ph,country_kr,0.0,0.445322722196579
mlp,test,2024-07,country_ph,country_kr,0.0,0.37560829520225525
mlp,test,2024-08,country_ph,country_kr,0.0,0.3397045135498047
mlp,test,2024-09,country_ph,country_kr,0.0,0.3423316776752472
mlp,test,2024-10,country_ph,country_kr,0.0,0.33669254183769226
mlp,test,2024-11,country_ph,country_kr,0.0,0.41603943705558777
mlp,test,2024-01,country_ph,country_mx,1.0,0.47004246711730957
mlp,test,2024-02,country_ph,country_mx,1.0,0.3912650942802429
mlp,test,2024-03,country_ph,country_mx,0.0,0.3832147717475891
mlp,test,2024-04,country_ph,country_mx,0.0,0.30662572383880615
mlp,test,2024-05,country_ph,country_mx,1.0,0.34276682138442993
mlp,test,2024-06,country_ph,country_mx,0.0,0.3323545753955841
mlp,test,2024-07,country_ph,country_mx,0.0,0.32461997866630554
mlp,test,2024-08,country_ph,country_mx,0.0,0.3411073684692383
mlp,test,2024-09,country_ph,country_mx,0.0,0.3339804410934448
mlp,test,2024-10,country_ph,country_mx,0.0,0.3300923705101013
mlp,test,2024-11,country_ph,country_mx,0.0,0.5037416219711304
mlp,test,2024-01,country_ph,country_my,1.0,0.34887295961380005
mlp,test,2024-02,country_ph,country_my,1.0,0.4933909475803375
mlp,test,2024-03,country_ph,country_my,0.0,0.33625099062919617
mlp,test,2024-04,country_ph,country_my,0.0,0.3422914147377014
mlp,test,2024-05,country_ph,country_my,0.0,0.3478859066963196
mlp,test,2024-06,country_ph,country_my,0.0,0.33260107040405273
mlp,test,2024-07,country_ph,country_my,0.0,0.31333792209625244
mlp,test,2024-08,country_ph,country_my,0.0,0.29250308871269226
mlp,test,2024-09,country_ph,country_my,0.0,0.3533509373664856
mlp,test,2024-10,country_ph,country_my,0.0,0.32811734080314636
mlp,test,2024-11,country_ph,country_my,0.0,0.3842619061470032
mlp,test,2024-01,country_ph,country_sg,1.0,0.28772440552711487
mlp,test,2024-02,country_ph,country_sg,0.0,0.35581785440444946
mlp,test,2024-03,country_ph,country_sg,1.0,0.32584062218666077
mlp,test,2024-04,country_ph,country_sg,1.0,0.3378315269947052
mlp,test,2024-05,country_ph,country_sg,0.0,0.34499576687812805
mlp,test,2024-06,country_ph,country_sg,0.0,0.35357537865638733
mlp,test,2024-07,country_ph,country_sg,0.0,0.3693810999393463
mlp,test,2024-08,country_ph,country_sg,0.0,0.3609018921852112
mlp,test,2024-09,country_ph,country_sg,0.0,0.3361087143421173
mlp,test,2024-10,country_ph,country_sg,0.0,0.31622207164764404
mlp,test,2024-11,country_ph,country_sg,0.0,0.3878239393234253
mlp,test,2024-01,country_ph,country_th,0.0,0.29955676198005676
mlp,test,2024-02,country_ph,country_th,0.0,0.4121426045894623
mlp,test,2024-03,country_ph,country_th,0.0,0.2928810715675354
mlp,test,2024-04,country_ph,country_th,0.0,0.41939467191696167
mlp,test,2024-05,country_ph,country_th,0.0,0.2980937659740448
mlp,test,2024-06,country_ph,country_th,0.0,0.5044454336166382
mlp,test,2024-07,country_ph,country_th,0.0,0.33100825548171997
mlp,test,2024-08,country_ph,country_th,0.0,0.5394816994667053
mlp,test,2024-09,country_ph,country_th,0.0,0.3189849555492401
mlp,test,2024-10,country_ph,country_th,0.0,0.31870797276496887
mlp,test,2024-11,country_ph,country_th,0.0,0.5719471573829651
mlp,test,2024-01,country_ph,country_us,0.0,0.3268817365169525
mlp,test,2024-02,country_ph,country_us,1.0,0.393661767244339
mlp,test,2024-03,country_ph,country_us,1.0,0.30514979362487793
mlp,test,2024-04,country_ph,country_us,1.0,0.3108614981174469
mlp,test,2024-05,country_ph,country_us,0.0,0.3079089820384979
mlp,test,2024-06,country_ph,country_us,1.0,0.29501765966415405
mlp,test,2024-07,country_ph,country_us,1.0,0.3257935643196106
mlp,test,2024-08,country_ph,country_us,0.0,0.369753897190094
mlp,test,2024-09,country_ph,country_us,0.0,0.30691659450531006
mlp,test,2024-10,country_ph,country_us,0.0,0.3917645514011383
mlp,test,2024-11,country_ph,country_us,0.0,0.40608546137809753
mlp,test,2024-01,country_sg,country_203,1.0,0.6389563083648682
mlp,test,2024-02,country_sg,country_203,1.0,0.6206451654434204
mlp,test,2024-03,country_sg,country_203,0.0,0.6407080292701721
mlp,test,2024-04,country_sg,country_203,0.0,0.626835823059082
mlp,test,2024-05,country_sg,country_203,1.0,0.5989220142364502
mlp,test,2024-06,country_sg,country_203,0.0,0.6588426232337952
mlp,test,2024-07,country_sg,country_203,1.0,0.6123026013374329
mlp,test,2024-08,country_sg,country_203,1.0,0.6503559350967407
mlp,test,2024-09,country_sg,country_203,0.0,0.6452695727348328
mlp,test,2024-10,country_sg,country_203,1.0,0.6789121031761169
mlp,test,2024-11,country_sg,country_203,1.0,0.6722847819328308
mlp,test,2024-01,country_sg,country_344,0.0,0.4849056601524353
mlp,test,2024-02,country_sg,country_344,0.0,0.5320162773132324
mlp,test,2024-03,country_sg,country_344,0.0,0.3961847424507141
mlp,test,2024-04,country_sg,country_344,0.0,0.41666379570961
mlp,test,2024-05,country_sg,country_344,0.0,0.45931410789489746
mlp,test,2024-06,country_sg,country_344,0.0,0.41371557116508484
mlp,test,2024-07,country_sg,country_344,0.0,0.4416203200817108
mlp,test,2024-08,country_sg,country_344,0.0,0.4293321669101715
mlp,test,2024-09,country_sg,country_344,0.0,0.4217369258403778
mlp,test,2024-10,country_sg,country_344,0.0,0.43334493041038513
mlp,test,2024-11,country_sg,country_344,0.0,0.43416762351989746
mlp,test,2024-01,country_sg,country_372,1.0,0.6794399619102478
mlp,test,2024-02,country_sg,country_372,0.0,0.7451388239860535
mlp,test,2024-03,country_sg,country_372,0.0,0.6890551447868347
mlp,test,2024-04,country_sg,country_372,0.0,0.6562737822532654
mlp,test,2024-05,country_sg,country_372,0.0,0.6304238438606262
mlp,test,2024-06,country_sg,country_372,0.0,0.6839255690574646
mlp,test,2024-07,country_sg,country_372,1.0,0.6545082330703735
mlp,test,2024-08,country_sg,country_372,1.0,0.7734330296516418
mlp,test,2024-09,country_sg,country_372,0.0,0.7616444230079651
mlp,test,2024-10,country_sg,country_372,0.0,0.699975848197937
mlp,test,2024-11,country_sg,country_372,0.0,0.6025245785713196
mlp,test,2024-01,country_sg,country_380,0.0,0.5550469756126404
mlp,test,2024-02,country_sg,country_380,0.0,0.5504494905471802
mlp,test,2024-03,country_sg,country_380,1.0,0.5679954886436462
mlp,test,2024-04,country_sg,country_380,0.0,0.5664588809013367
mlp,test,2024-05,country_sg,country_380,0.0,0.5778549313545227
mlp,test,2024-06,country_sg,country_380,0.0,0.6263481378555298
mlp,test,2024-07,country_sg,country_380,0.0,0.5542387366294861
mlp,test,2024-08,country_sg,country_380,0.0,0.6890220046043396
mlp,test,2024-09,country_sg,country_380,0.0,0.55734783411026
mlp,test,2024-10,country_sg,country_380,1.0,0.6179512739181519
mlp,test,2024-11,country_sg,country_380,1.0,0.5685714483261108
mlp,test,2024-01,country_sg,country_cn,0.0,0.3795655369758606
mlp,test,2024-02,country_sg,country_cn,0.0,0.5243848562240601
mlp,test,2024-03,country_sg,country_cn,0.0,0.3071911036968231
mlp,test,2024-04,country_sg,country_cn,0.0,0.3018258213996887
mlp,test,2024-05,country_sg,country_cn,0.0,0.3094537556171417
mlp,test,2024-06,country_sg,country_cn,0.0,0.29842084646224976
mlp,test,2024-07,country_sg,country_cn,0.0,0.3257906436920166
mlp,test,2024-08,country_sg,country_cn,0.0,0.3022330701351166
mlp,test,2024-09,country_sg,country_cn,0.0,0.29708579182624817
mlp,test,2024-10,country_sg,country_cn,0.0,0.30702176690101624
mlp,test,2024-11,country_sg,country_cn,0.0,0.33532199263572693
mlp,test,2024-01,country_sg,country_de,0.0,0.3531462550163269
mlp,test,2024-02,country_sg,country_de,0.0,0.4703477621078491
mlp,test,2024-03,country_sg,country_de,0.0,0.37794509530067444
mlp,test,2024-04,country_sg,country_de,0.0,0.348162442445755
mlp,test,2024-05,country_sg,country_de,0.0,0.37681660056114197
mlp,test,2024-06,country_sg,country_de,0.0,0.34610599279403687
mlp,test,2024-07,country_sg,country_de,0.0,0.3689468801021576
mlp,test,2024-08,country_sg,country_de,1.0,0.44456008076667786
mlp,test,2024-09,country_sg,country_de,0.0,0.3384115695953369
mlp,test,2024-10,country_sg,country_de,1.0,0.3471643924713135
mlp,test,2024-11,country_sg,country_de,1.0,0.5427225828170776
mlp,test,2024-01,country_sg,country_fr,1.0,0.39061757922172546
mlp,test,2024-02,country_sg,country_fr,0.0,0.5064300894737244
mlp,test,2024-03,country_sg,country_fr,0.0,0.47820624709129333
mlp,test,2024-04,country_sg,country_fr,0.0,0.3649793565273285
mlp,test,2024-05,country_sg,country_fr,0.0,0.3680393099784851
mlp,test,2024-06,country_sg,country_fr,0.0,0.34724751114845276
mlp,test,2024-07,country_sg,country_fr,1.0,0.5803704261779785
mlp,test,2024-08,country_sg,country_fr,1.0,0.5577822923660278
mlp,test,2024-09,country_sg,country_fr,1.0,0.38335803151130676
mlp,test,2024-10,country_sg,country_fr,0.0,0.4264397919178009
mlp,test,2024-11,country_sg,country_fr,1.0,0.47346171736717224
mlp,test,2024-01,country_sg,country_gb,1.0,0.43729788064956665
mlp,test,2024-02,country_sg,country_gb,1.0,0.4782176911830902
mlp,test,2024-03,country_sg,country_gb,0.0,0.5858993530273438
mlp,test,2024-04,country_sg,country_gb,1.0,0.4228627681732178
mlp,test,2024-05,country_sg,country_gb,0.0,0.5421774387359619
mlp,test,2024-06,country_sg,country_gb,1.0,0.39618369936943054
mlp,test,2024-07,country_sg,country_gb,0.0,0.5164468288421631
mlp,test,2024-08,country_sg,country_gb,1.0,0.4224088191986084
mlp,test,2024-09,country_sg,country_gb,0.0,0.45333999395370483
mlp,test,2024-10,country_sg,country_gb,0.0,0.484173059463501
mlp,test,2024-11,country_sg,country_gb,0.0,0.5009996891021729
mlp,test,2024-01,country_sg,country_in,0.0,0.31195300817489624
mlp,test,2024-02,country_sg,country_in,0.0,0.4157600998878479
mlp,test,2024-03,country_sg,country_in,0.0,0.418436735868454
mlp,test,2024-04,country_sg,country_in,0.0,0.43320322036743164
mlp,test,2024-05,country_sg,country_in,1.0,0.4217889606952667
mlp,test,2024-06,country_sg,country_in,0.0,0.34751713275909424
mlp,test,2024-07,country_sg,country_in,0.0,0.326551228761673
mlp,test,2024-08,country_sg,country_in,0.0,0.304851233959198
mlp,test,2024-09,country_sg,country_in,0.0,0.44035613536834717
mlp,test,2024-10,country_sg,country_in,0.0,0.4946620762348175
mlp,test,2024-11,country_sg,country_in,0.0,0.4169177711009979
mlp,test,2024-01,country_sg,country_jp,1.0,0.52653568983078
mlp,test,2024-02,country_sg,country_jp,0.0,0.5765854716300964
mlp,test,2024-03,country_sg,country_jp,1.0,0.34750497341156006
mlp,test,2024-04,country_sg,country_jp,0.0,0.372231662273407
mlp,test,2024-05,country_sg,country_jp,0.0,0.3531196713447571
mlp,test,2024-06,country_sg,country_jp,0.0,0.3251597583293915
mlp,test,2024-07,country_sg,country_jp,1.0,0.34211859107017517
mlp,test,2024-08,country_sg,country_jp,1.0,0.3490893542766571
mlp,test,2024-09,country_sg,country_jp,0.0,0.32146817445755005
mlp,test,2024-10,country_sg,country_jp,0.0,0.3592550456523895
mlp,test,2024-11,country_sg,country_jp,0.0,0.4675918519496918
mlp,test,2024-01,country_sg,country_kr,0.0,0.32883140444755554
mlp,test,2024-02,country_sg,country_kr,0.0,0.31708452105522156
mlp,test,2024-03,country_sg,country_kr,1.0,0.3462846279144287
mlp,test,2024-04,country_sg,country_kr,0.0,0.33136019110679626
mlp,test,2024-05,country_sg,country_kr,0.0,0.3020954430103302
mlp,test,2024-06,country_sg,country_kr,0.0,0.40128612518310547
mlp,test,2024-07,country_sg,country_kr,0.0,0.36071959137916565
mlp,test,2024-08,country_sg,country_kr,0.0,0.3121686577796936
mlp,test,2024-09,country_sg,country_kr,0.0,0.30872705578804016
mlp,test,2024-10,country_sg,country_kr,0.0,0.3066227436065674
mlp,test,2024-11,country_sg,country_kr,0.0,0.39433422684669495
mlp,test,2024-01,country_sg,country_mx,1.0,0.46702033281326294
mlp,test,2024-02,country_sg,country_mx,1.0,0.33429741859436035
mlp,test,2024-03,country_sg,country_mx,0.0,0.413941890001297
mlp,test,2024-04,country_sg,country_mx,0.0,0.31747564673423767
mlp,test,2024-05,country_sg,country_mx,0.0,0.3279690742492676
mlp,test,2024-06,country_sg,country_mx,1.0,0.3234010636806488
mlp,test,2024-07,country_sg,country_mx,0.0,0.3264752924442291
mlp,test,2024-08,country_sg,country_mx,0.0,0.33318546414375305
mlp,test,2024-09,country_sg,country_mx,0.0,0.3357417583465576
mlp,test,2024-10,country_sg,country_mx,0.0,0.3430304527282715
mlp,test,2024-11,country_sg,country_mx,0.0,0.5207369923591614
mlp,test,2024-01,country_sg,country_my,0.0,0.32964658737182617
mlp,test,2024-02,country_sg,country_my,0.0,0.3537869155406952
mlp,test,2024-03,country_sg,country_my,0.0,0.30668210983276367
mlp,test,2024-04,country_sg,country_my,0.0,0.2946329116821289
mlp,test,2024-05,country_sg,country_my,0.0,0.30336493253707886
mlp,test,2024-06,country_sg,country_my,0.0,0.2802065908908844
mlp,test,2024-07,country_sg,country_my,0.0,0.27771836519241333
mlp,test,2024-08,country_sg,country_my,0.0,0.250487357378006
mlp,test,2024-09,country_sg,country_my,0.0,0.2944682240486145
mlp,test,2024-10,country_sg,country_my,0.0,0.28617727756500244
mlp,test,2024-11,country_sg,country_my,0.0,0.33612117171287537
mlp,test,2024-01,country_sg,country_ph,1.0,0.37393081188201904
mlp,test,2024-02,country_sg,country_ph,1.0,0.3976164758205414
mlp,test,2024-03,country_sg,country_ph,0.0,0.3637401759624481
mlp,test,2024-04,country_sg,country_ph,0.0,0.3433462381362915
mlp,test,2024-05,country_sg,country_ph,0.0,0.3095262944698334
mlp,test,2024-06,country_sg,country_ph,0.0,0.29610204696655273
mlp,test,2024-07,country_sg,country_ph,0.0,0.32754963636398315
mlp,test,2024-08,country_sg,country_ph,0.0,0.3093430697917938
mlp,test,2024-09,country_sg,country_ph,0.0,0.3426285684108734
mlp,test,2024-10,country_sg,country_ph,0.0,0.2993147671222687
mlp,test,2024-11,country_sg,country_ph,0.0,0.3988906443119049
mlp,test,2024-01,country_sg,country_th,0.0,0.32653626799583435
mlp,test,2024-02,country_sg,country_th,0.0,0.34055522084236145
mlp,test,2024-03,country_sg,country_th,1.0,0.31764987111091614
mlp,test,2024-04,country_sg,country_th,1.0,0.38863605260849
mlp,test,2024-05,country_sg,country_th,1.0,0.28628525137901306
mlp,test,2024-06,country_sg,country_th,0.0,0.5083492398262024
mlp,test,2024-07,country_sg,country_th,0.0,0.33374789357185364
mlp,test,2024-08,country_sg,country_th,0.0,0.5787623524665833
mlp,test,2024-09,country_sg,country_th,0.0,0.3111448287963867
mlp,test,2024-10,country_sg,country_th,0.0,0.32312458753585815
mlp,test,2024-11,country_sg,country_th,0.0,0.5824570655822754
mlp,test,2024-01,country_sg,country_us,1.0,0.3465586304664612
mlp,test,2024-02,country_sg,country_us,1.0,0.37840980291366577
mlp,test,2024-03,country_sg,country_us,1.0,0.3380339443683624
mlp,test,2024-04,country_sg,country_us,0.0,0.33369916677474976
mlp,test,2024-05,country_sg,country_us,0.0,0.3182249069213867
mlp,test,2024-06,country_sg,country_us,0.0,0.3016532063484192
mlp,test,2024-07,country_sg,country_us,0.0,0.3451349437236786
mlp,test,2024-08,country_sg,country_us,1.0,0.38074296712875366
mlp,test,2024-09,country_sg,country_us,0.0,0.32014185190200806
mlp,test,2024-10,country_sg,country_us,1.0,0.41080227494239807
mlp,test,2024-11,country_sg,country_us,1.0,0.4349733591079712
mlp,test,2024-01,country_th,country_203,1.0,0.574316143989563
mlp,test,2024-02,country_th,country_203,0.0,0.5713181495666504
mlp,test,2024-03,country_th,country_203,0.0,0.5518723130226135
mlp,test,2024-04,country_th,country_203,1.0,0.6066834926605225
mlp,test,2024-05,country_th,country_203,0.0,0.5753114819526672
mlp,test,2024-06,country_th,country_203,1.0,0.6448583602905273
mlp,test,2024-07,country_th,country_203,0.0,0.5514625310897827
mlp,test,2024-08,country_th,country_203,0.0,0.6442927122116089
mlp,test,2024-09,country_th,country_203,0.0,0.536536693572998
mlp,test,2024-10,country_th,country_203,0.0,0.6079676151275635
mlp,test,2024-11,country_th,country_203,0.0,0.6642542481422424
mlp,test,2024-01,country_th,country_344,1.0,0.5204404592514038
mlp,test,2024-02,country_th,country_344,0.0,0.570315957069397
mlp,test,2024-03,country_th,country_344,0.0,0.4651828110218048
mlp,test,2024-04,country_th,country_344,0.0,0.4785012900829315
mlp,test,2024-05,country_th,country_344,0.0,0.5193892121315002
mlp,test,2024-06,country_th,country_344,0.0,0.520283579826355
mlp,test,2024-07,country_th,country_344,0.0,0.47429096698760986
mlp,test,2024-08,country_th,country_344,0.0,0.5600564479827881
mlp,test,2024-09,country_th,country_344,0.0,0.46159476041793823
mlp,test,2024-10,country_th,country_344,0.0,0.46969375014305115
mlp,test,2024-11,country_th,country_344,0.0,0.5307252407073975
mlp,test,2024-01,country_th,country_372,0.0,0.6159518957138062
mlp,test,2024-02,country_th,country_372,0.0,0.7032176852226257
mlp,test,2024-03,country_th,country_372,0.0,0.6064435839653015
mlp,test,2024-04,country_th,country_372,0.0,0.58409184217453
mlp,test,2024-05,country_th,country_372,0.0,0.5684567093849182
mlp,test,2024-06,country_th,country_372,1.0,0.6342252492904663
mlp,test,2024-07,country_th,country_372,0.0,0.6006971597671509
mlp,test,2024-08,country_th,country_372,0.0,0.8069559931755066
mlp,test,2024-09,country_th,country_372,1.0,0.6724840998649597
mlp,test,2024-10,country_th,country_372,0.0,0.6521574258804321
mlp,test,2024-11,country_th,country_372,0.0,0.5880014896392822
mlp,test,2024-01,country_th,country_380,0.0,0.6032711863517761
mlp,test,2024-02,country_th,country_380,0.0,0.5841737985610962
mlp,test,2024-03,country_th,country_380,1.0,0.6034436821937561
mlp,test,2024-04,country_th,country_380,0.0,0.6055958271026611
mlp,test,2024-05,country_th,country_380,0.0,0.6200968027114868
mlp,test,2024-06,country_th,country_380,0.0,0.7136620879173279
mlp,test,2024-07,country_th,country_380,1.0,0.5900557041168213
mlp,test,2024-08,country_th,country_380,0.0,0.7937718033790588
mlp,test,2024-09,country_th,country_380,0.0,0.574985921382904
mlp,test,2024-10,country_th,country_380,0.0,0.6464349031448364
mlp,test,2024-11,country_th,country_380,1.0,0.6593186855316162
mlp,test,2024-01,country_th,country_cn,1.0,0.3893095850944519
mlp,test,2024-02,country_th,country_cn,0.0,0.527597188949585
mlp,test,2024-03,country_th,country_cn,0.0,0.32798993587493896
mlp,test,2024-04,country_th,country_cn,0.0,0.3594704866409302
mlp,test,2024-05,country_th,country_cn,0.0,0.33914944529533386
mlp,test,2024-06,country_th,country_cn,0.0,0.4416508674621582
mlp,test,2024-07,country_th,country_cn,0.0,0.3180788457393646
mlp,test,2024-08,country_th,country_cn,0.0,0.4513639509677887
mlp,test,2024-09,country_th,country_cn,0.0,0.31387320160865784
mlp,test,2024-10,country_th,country_cn,0.0,0.31859198212623596
mlp,test,2024-11,country_th,country_cn,0.0,0.45279398560523987
mlp,test,2024-01,country_th,country_de,1.0,0.33378928899765015
mlp,test,2024-02,country_th,country_de,0.0,0.43475887179374695
mlp,test,2024-03,country_th,country_de,1.0,0.3495131731033325
mlp,test,2024-04,country_th,country_de,1.0,0.39090898633003235
mlp,test,2024-05,country_th,country_de,1.0,0.37623313069343567
mlp,test,2024-06,country_th,country_de,1.0,0.4718858003616333
mlp,test,2024-07,country_th,country_de,0.0,0.33320873975753784
mlp,test,2024-08,country_th,country_de,0.0,0.5916522145271301
mlp,test,2024-09,country_th,country_de,0.0,0.32025793194770813
mlp,test,2024-10,country_th,country_de,1.0,0.33058828115463257
mlp,test,2024-11,country_th,country_de,0.0,0.5907942056655884
mlp,test,2024-01,country_th,country_fr,0.0,0.38389480113983154
mlp,test,2024-02,country_th,country_fr,0.0,0.47424232959747314
mlp,test,2024-03,country_th,country_fr,1.0,0.44475623965263367
mlp,test,2024-04,country_th,country_fr,0.0,0.40461379289627075
mlp,test,2024-05,country_th,country_fr,1.0,0.4108518958091736
mlp,test,2024-06,country_th,country_fr,1.0,0.5248948931694031
mlp,test,2024-07,country_th,country_fr,0.0,0.5332452058792114
mlp,test,2024-08,country_th,country_fr,0.0,0.6633870005607605
mlp,test,2024-09,country_th,country_fr,1.0,0.36999571323394775
mlp,test,2024-10,country_th,country_fr,1.0,0.4116022288799286
mlp,test,2024-11,country_th,country_fr,1.0,0.6101893782615662
mlp,test,2024-01,country_th,country_gb,1.0,0.3848842978477478
mlp,test,2024-02,country_th,country_gb,1.0,0.42242684960365295
mlp,test,2024-03,country_th,country_gb,1.0,0.47360503673553467
mlp,test,2024-04,country_th,country_gb,0.0,0.408806711435318
mlp,test,2024-05,country_th,country_gb,0.0,0.47391262650489807
mlp,test,2024-06,country_th,country_gb,1.0,0.5124791264533997
mlp,test,2024-07,country_th,country_gb,0.0,0.4026491641998291
mlp,test,2024-08,country_th,country_gb,1.0,0.5892157554626465
mlp,test,2024-09,country_th,country_gb,0.0,0.38088318705558777
mlp,test,2024-10,country_th,country_gb,0.0,0.4245065748691559
mlp,test,2024-11,country_th,country_gb,1.0,0.5903598070144653
mlp,test,2024-01,country_th,country_in,1.0,0.3232870399951935
mlp,test,2024-02,country_th,country_in,0.0,0.43512260913848877
mlp,test,2024-03,country_th,country_in,1.0,0.4236319363117218
mlp,test,2024-04,country_th,country_in,0.0,0.5352530479431152
mlp,test,2024-05,country_th,country_in,1.0,0.4257252514362335
mlp,test,2024-06,country_th,country_in,0.0,0.5492366552352905
mlp,test,2024-07,country_th,country_in,1.0,0.33011552691459656
mlp,test,2024-08,country_th,country_in,1.0,0.5532019138336182
mlp,test,2024-09,country_th,country_in,1.0,0.42770034074783325
mlp,test,2024-10,country_th,country_in,0.0,0.482624351978302
mlp,test,2024-11,country_th,country_in,1.0,0.6245486736297607
mlp,test,2024-01,country_th,country_jp,0.0,0.5152727961540222
mlp,test,2024-02,country_th,country_jp,0.0,0.5769899487495422
mlp,test,2024-03,country_th,country_jp,0.0,0.3620205819606781
mlp,test,2024-04,country_th,country_jp,0.0,0.43174582719802856
mlp,test,2024-05,country_th,country_jp,1.0,0.3809296786785126
mlp,test,2024-06,country_th,country_jp,0.0,0.47646021842956543
mlp,test,2024-07,country_th,country_jp,0.0,0.32839852571487427
mlp,test,2024-08,country_th,country_jp,0.0,0.5290390849113464
mlp,test,2024-09,country_th,country_jp,0.0,0.31609857082366943
mlp,test,2024-10,country_th,country_jp,0.0,0.3678942918777466
mlp,test,2024-11,country_th,country_jp,0.0,0.5692312121391296
mlp,test,2024-01,country_th,country_kr,0.0,0.36419782042503357
mlp,test,2024-02,country_th,country_kr,0.0,0.328459233045578
mlp,test,2024-03,country_th,country_kr,0.0,0.39888131618499756
mlp,test,2024-04,country_th,country_kr,0.0,0.40944433212280273
mlp,test,2024-05,country_th,country_kr,0.0,0.3468404710292816
mlp,test,2024-06,country_th,country_kr,0.0,0.5843361616134644
mlp,test,2024-07,country_th,country_kr,0.0,0.36892980337142944
mlp,test,2024-08,country_th,country_kr,0.0,0.5319576859474182
mlp,test,2024-09,country_th,country_kr,0.0,0.34167852997779846
mlp,test,2024-10,country_th,country_kr,0.0,0.34188422560691833
mlp,test,2024-11,country_th,country_kr,0.0,0.5383907556533813
mlp,test,2024-01,country_th,country_mx,0.0,0.4815983474254608
mlp,test,2024-02,country_th,country_mx,0.0,0.30976203083992004
mlp,test,2024-03,country_th,country_mx,0.0,0.40693536400794983
mlp,test,2024-04,country_th,country_mx,0.0,0.3545045852661133
mlp,test,2024-05,country_th,country_mx,0.0,0.36860474944114685
mlp,test,2024-06,country_th,country_mx,0.0,0.49807825684547424
mlp,test,2024-07,country_th,country_mx,0.0,0.31277698278427124
mlp,test,2024-08,country_th,country_mx,0.0,0.5791018009185791
mlp,test,2024-09,country_th,country_mx,0.0,0.32777079939842224
mlp,test,2024-10,country_th,country_mx,0.0,0.33039262890815735
mlp,test,2024-11,country_th,country_mx,0.0,0.6309605240821838
mlp,test,2024-01,country_th,country_my,0.0,0.38739606738090515
mlp,test,2024-02,country_th,country_my,0.0,0.39366456866264343
mlp,test,2024-03,country_th,country_my,0.0,0.3581085205078125
mlp,test,2024-04,country_th,country_my,0.0,0.37831079959869385
mlp,test,2024-05,country_th,country_my,0.0,0.3765311539173126
mlp,test,2024-06,country_th,country_my,0.0,0.46410465240478516
mlp,test,2024-07,country_th,country_my,0.0,0.3084864914417267
mlp,test,2024-08,country_th,country_my,0.0,0.42316934466362
mlp,test,2024-09,country_th,country_my,0.0,0.34134137630462646
mlp,test,2024-10,country_th,country_my,0.0,0.32946833968162537
mlp,test,2024-11,country_th,country_my,0.0,0.5256863236427307
mlp,test,2024-01,country_th,country_ph,0.0,0.40689605474472046
mlp,test,2024-02,country_th,country_ph,0.0,0.4038856625556946
mlp,test,2024-03,country_th,country_ph,1.0,0.3818950653076172
mlp,test,2024-04,country_th,country_ph,0.0,0.4392794072628021
mlp,test,2024-05,country_th,country_ph,1.0,0.36600053310394287
mlp,test,2024-06,country_th,country_ph,1.0,0.4790775775909424
mlp,test,2024-07,country_th,country_ph,1.0,0.3466711938381195
mlp,test,2024-08,country_th,country_ph,0.0,0.5382803082466125
mlp,test,2024-09,country_th,country_ph,0.0,0.3695237636566162
mlp,test,2024-10,country_th,country_ph,0.0,0.3252919316291809
mlp,test,2024-11,country_th,country_ph,1.0,0.5810450911521912
mlp,test,2024-01,country_th,country_sg,1.0,0.32033786177635193
mlp,test,2024-02,country_th,country_sg,1.0,0.2990758419036865
mlp,test,2024-03,country_th,country_sg,0.0,0.3568371534347534
mlp,test,2024-04,country_th,country_sg,1.0,0.3785061836242676
mlp,test,2024-05,country_th,country_sg,1.0,0.3801036477088928
mlp,test,2024-06,country_th,country_sg,1.0,0.4743385910987854
mlp,test,2024-07,country_th,country_sg,1.0,0.3728046119213104
mlp,test,2024-08,country_th,country_sg,0.0,0.5292063355445862
mlp,test,2024-09,country_th,country_sg,1.0,0.33497700095176697
mlp,test,2024-10,country_th,country_sg,0.0,0.32756200432777405
mlp,test,2024-11,country_th,country_sg,0.0,0.5298551917076111
mlp,test,2024-01,country_th,country_us,0.0,0.29627925157546997
mlp,test,2024-02,country_th,country_us,0.0,0.32991522550582886
mlp,test,2024-03,country_th,country_us,0.0,0.2857573330402374
mlp,test,2024-04,country_th,country_us,1.0,0.30471575260162354
mlp,test,2024-05,country_th,country_us,0.0,0.2853392958641052
mlp,test,2024-06,country_th,country_us,0.0,0.36679166555404663
mlp,test,2024-07,country_th,country_us,1.0,0.28997164964675903
mlp,test,2024-08,country_th,country_us,1.0,0.4709971845149994
mlp,test,2024-09,country_th,country_us,1.0,0.2782694399356842
mlp,test,2024-10,country_th,country_us,1.0,0.36980462074279785
mlp,test,2024-11,country_th,country_us,1.0,0.49353182315826416
mlp,test,2024-01,country_tw,country_203,0.0,0.5230124592781067
mlp,test,2024-02,country_tw,country_203,0.0,0.561684787273407
mlp,test,2024-03,country_tw,country_203,0.0,0.5085763335227966
mlp,test,2024-04,country_tw,country_203,0.0,0.5589639544487
mlp,test,2024-05,country_tw,country_203,0.0,0.548170268535614
mlp,test,2024-06,country_tw,country_203,0.0,0.5364190936088562
mlp,test,2024-07,country_tw,country_203,0.0,0.4846472442150116
mlp,test,2024-08,country_tw,country_203,0.0,0.5138668417930603
mlp,test,2024-09,country_tw,country_203,0.0,0.5111888647079468
mlp,test,2024-10,country_tw,country_203,0.0,0.5815144181251526
mlp,test,2024-11,country_tw,country_203,0.0,0.5172603130340576
mlp,test,2024-01,country_tw,country_344,1.0,0.46737754344940186
mlp,test,2024-02,country_tw,country_344,0.0,0.5275335907936096
mlp,test,2024-03,country_tw,country_344,0.0,0.391552597284317
mlp,test,2024-04,country_tw,country_344,0.0,0.4123070240020752
mlp,test,2024-05,country_tw,country_344,0.0,0.45339876413345337
mlp,test,2024-06,country_tw,country_344,0.0,0.41429200768470764
mlp,test,2024-07,country_tw,country_344,0.0,0.43091046810150146
mlp,test,2024-08,country_tw,country_344,0.0,0.42307183146476746
mlp,test,2024-09,country_tw,country_344,0.0,0.40979745984077454
mlp,test,2024-10,country_tw,country_344,0.0,0.4208013713359833
mlp,test,2024-11,country_tw,country_344,0.0,0.4074695408344269
mlp,test,2024-01,country_tw,country_372,1.0,0.5679454207420349
mlp,test,2024-02,country_tw,country_372,0.0,0.6995049118995667
mlp,test,2024-03,country_tw,country_372,1.0,0.5527626276016235
mlp,test,2024-04,country_tw,country_372,0.0,0.5474087595939636
mlp,test,2024-05,country_tw,country_372,0.0,0.501891553401947
mlp,test,2024-06,country_tw,country_372,0.0,0.556193470954895
mlp,test,2024-07,country_tw,country_372,1.0,0.5569767951965332
mlp,test,2024-08,country_tw,country_372,0.0,0.7133561968803406
mlp,test,2024-09,country_tw,country_372,0.0,0.6675277352333069
mlp,test,2024-10,country_tw,country_372,0.0,0.6336873769760132
mlp,test,2024-11,country_tw,country_372,1.0,0.46954166889190674
mlp,test,2024-01,country_tw,country_380,1.0,0.535402774810791
mlp,test,2024-02,country_tw,country_380,1.0,0.5813947916030884
mlp,test,2024-03,country_tw,country_380,1.0,0.5395989418029785
mlp,test,2024-04,country_tw,country_380,1.0,0.5618481040000916
mlp,test,2024-05,country_tw,country_380,0.0,0.5937929749488831
mlp,test,2024-06,country_tw,country_380,0.0,0.6240414381027222
mlp,test,2024-07,country_tw,country_380,1.0,0.5419415235519409
mlp,test,2024-08,country_tw,country_380,0.0,0.687905490398407
mlp,test,2024-09,country_tw,country_380,0.0,0.5482379198074341
mlp,test,2024-10,country_tw,country_380,0.0,0.6203895211219788
mlp,test,2024-11,country_tw,country_380,0.0,0.564164936542511
mlp,test,2024-01,country_tw,country_cn,1.0,0.31201642751693726
mlp,test,2024-02,country_tw,country_cn,0.0,0.45537200570106506
mlp,test,2024-03,country_tw,country_cn,0.0,0.260779470205307
mlp,test,2024-04,country_tw,country_cn,0.0,0.26748931407928467
mlp,test,2024-05,country_tw,country_cn,0.0,0.2657637298107147
mlp,test,2024-06,country_tw,country_cn,0.0,0.2772429883480072
mlp,test,2024-07,country_tw,country_cn,0.0,0.2698616683483124
mlp,test,2024-08,country_tw,country_cn,0.0,0.2616041600704193
mlp,test,2024-09,country_tw,country_cn,0.0,0.26253998279571533
mlp,test,2024-10,country_tw,country_cn,0.0,0.26578930020332336
mlp,test,2024-11,country_tw,country_cn,0.0,0.26049289107322693
mlp,test,2024-01,country_tw,country_de,1.0,0.28982657194137573
mlp,test,2024-02,country_tw,country_de,1.0,0.40850743651390076
mlp,test,2024-03,country_tw,country_de,1.0,0.292214959859848
mlp,test,2024-04,country_tw,country_de,1.0,0.30919286608695984
mlp,test,2024-05,country_tw,country_de,0.0,0.3213633894920349
mlp,test,2024-06,country_tw,country_de,0.0,0.3139910101890564
mlp,test,2024-07,country_tw,country_de,0.0,0.3088764548301697
mlp,test,2024-08,country_tw,country_de,0.0,0.3718371093273163
mlp,test,2024-09,country_tw,country_de,0.0,0.2898648679256439
mlp,test,2024-10,country_tw,country_de,0.0,0.30740752816200256
mlp,test,2024-11,country_tw,country_de,0.0,0.39258161187171936
mlp,test,2024-01,country_tw,country_fr,1.0,0.29985979199409485
mlp,test,2024-02,country_tw,country_fr,1.0,0.4272269904613495
mlp,test,2024-03,country_tw,country_fr,0.0,0.36837533116340637
mlp,test,2024-04,country_tw,country_fr,1.0,0.3007105886936188
mlp,test,2024-05,country_tw,country_fr,0.0,0.3160936236381531
mlp,test,2024-06,country_tw,country_fr,1.0,0.3152552843093872
mlp,test,2024-07,country_tw,country_fr,1.0,0.5008517503738403
mlp,test,2024-08,country_tw,country_fr,0.0,0.4575059115886688
mlp,test,2024-09,country_tw,country_fr,1.0,0.31765785813331604
mlp,test,2024-10,country_tw,country_fr,0.0,0.36683332920074463
mlp,test,2024-11,country_tw,country_fr,0.0,0.354094922542572
mlp,test,2024-01,country_tw,country_gb,0.0,0.32990652322769165
mlp,test,2024-02,country_tw,country_gb,1.0,0.383321613073349
mlp,test,2024-03,country_tw,country_gb,1.0,0.4300325810909271
mlp,test,2024-04,country_tw,country_gb,1.0,0.3261267840862274
mlp,test,2024-05,country_tw,country_gb,0.0,0.43270665407180786
mlp,test,2024-06,country_tw,country_gb,0.0,0.3325965404510498
mlp,test,2024-07,country_tw,country_gb,0.0,0.3722389042377472
mlp,test,2024-08,country_tw,country_gb,0.0,0.3305704891681671
mlp,test,2024-09,country_tw,country_gb,1.0,0.3340796232223511
mlp,test,2024-10,country_tw,country_gb,0.0,0.4069855213165283
mlp,test,2024-11,country_tw,country_gb,0.0,0.3384937047958374
mlp,test,2024-01,country_tw,country_in,0.0,0.24357306957244873
mlp,test,2024-02,country_tw,country_in,0.0,0.36923640966415405
mlp,test,2024-03,country_tw,country_in,0.0,0.35126349329948425
mlp,test,2024-04,country_tw,country_in,0.0,0.38001012802124023
mlp,test,2024-05,country_tw,country_in,0.0,0.3500743806362152
mlp,test,2024-06,country_tw,country_in,0.0,0.3063023090362549
mlp,test,2024-07,country_tw,country_in,0.0,0.2521331012248993
mlp,test,2024-08,country_tw,country_in,0.0,0.2526295483112335
mlp,test,2024-09,country_tw,country_in,0.0,0.3488827645778656
mlp,test,2024-10,country_tw,country_in,0.0,0.4089626669883728
mlp,test,2024-11,country_tw,country_in,0.0,0.3055550754070282
mlp,test,2024-01,country_tw,country_jp,1.0,0.48688918352127075
mlp,test,2024-02,country_tw,country_jp,0.0,0.5400292277336121
mlp,test,2024-03,country_tw,country_jp,1.0,0.27580952644348145
mlp,test,2024-04,country_tw,country_jp,1.0,0.32752078771591187
mlp,test,2024-05,country_tw,country_jp,0.0,0.3056265711784363
mlp,test,2024-06,country_tw,country_jp,0.0,0.29452183842658997
mlp,test,2024-07,country_tw,country_jp,0.0,0.28293362259864807
mlp,test,2024-08,country_tw,country_jp,0.0,0.29693740606307983
mlp,test,2024-09,country_tw,country_jp,0.0,0.26964646577835083
mlp,test,2024-10,country_tw,country_jp,0.0,0.3111262023448944
mlp,test,2024-11,country_tw,country_jp,0.0,0.3474695682525635
mlp,test,2024-01,country_tw,country_kr,0.0,0.28509509563446045
mlp,test,2024-02,country_tw,country_kr,0.0,0.2817675471305847
mlp,test,2024-03,country_tw,country_kr,0.0,0.29491478204727173
mlp,test,2024-04,country_tw,country_kr,0.0,0.30042704939842224
mlp,test,2024-05,country_tw,country_kr,0.0,0.2660778760910034
mlp,test,2024-06,country_tw,country_kr,0.0,0.37564754486083984
mlp,test,2024-07,country_tw,country_kr,0.0,0.30885860323905945
mlp,test,2024-08,country_tw,country_kr,0.0,0.2804052531719208
mlp,test,2024-09,country_tw,country_kr,0.0,0.27709582448005676
mlp,test,2024-10,country_tw,country_kr,0.0,0.27771100401878357
mlp,test,2024-11,country_tw,country_kr,0.0,0.3120622932910919
mlp,test,2024-01,country_tw,country_mx,0.0,0.38459932804107666
mlp,test,2024-02,country_tw,country_mx,0.0,0.2705395817756653
mlp,test,2024-03,country_tw,country_mx,0.0,0.31602925062179565
mlp,test,2024-04,country_tw,country_mx,0.0,0.2609795331954956
mlp,test,2024-05,country_tw,country_mx,0.0,0.27518704533576965
mlp,test,2024-06,country_tw,country_mx,0.0,0.28314998745918274
mlp,test,2024-07,country_tw,country_mx,0.0,0.2646852135658264
mlp,test,2024-08,country_tw,country_mx,0.0,0.28151312470436096
mlp,test,2024-09,country_tw,country_mx,0.0,0.2682744562625885
mlp,test,2024-10,country_tw,country_mx,0.0,0.2704128623008728
mlp,test,2024-11,country_tw,country_mx,0.0,0.3820118010044098
mlp,test,2024-01,country_tw,country_my,0.0,0.3036063015460968
mlp,test,2024-02,country_tw,country_my,0.0,0.33872824907302856
mlp,test,2024-03,country_tw,country_my,0.0,0.27871477603912354
mlp,test,2024-04,country_tw,country_my,0.0,0.28782689571380615
mlp,test,2024-05,country_tw,country_my,0.0,0.2923209071159363
mlp,test,2024-06,country_tw,country_my,0.0,0.28564247488975525
mlp,test,2024-07,country_tw,country_my,0.0,0.25713542103767395
mlp,test,2024-08,country_tw,country_my,0.0,0.23886702954769135
mlp,test,2024-09,country_tw,country_my,0.0,0.28636065125465393
mlp,test,2024-10,country_tw,country_my,0.0,0.2742771506309509
mlp,test,2024-11,country_tw,country_my,0.0,0.2934475541114807
mlp,test,2024-01,country_tw,country_ph,1.0,0.33172816038131714
mlp,test,2024-02,country_tw,country_ph,1.0,0.384407639503479
mlp,test,2024-03,country_tw,country_ph,1.0,0.3207325339317322
mlp,test,2024-04,country_tw,country_ph,0.0,0.32847705483436584
mlp,test,2024-05,country_tw,country_ph,0.0,0.2906692326068878
mlp,test,2024-06,country_tw,country_ph,0.0,0.29631945490837097
mlp,test,2024-07,country_tw,country_ph,0.0,0.29775941371917725
mlp,test,2024-08,country_tw,country_ph,0.0,0.2932659387588501
mlp,test,2024-09,country_tw,country_ph,0.0,0.325457364320755
mlp,test,2024-10,country_tw,country_ph,0.0,0.2821788489818573
mlp,test,2024-11,country_tw,country_ph,0.0,0.33569881319999695
mlp,test,2024-01,country_tw,country_sg,0.0,0.2482869178056717
mlp,test,2024-02,country_tw,country_sg,0.0,0.2618504762649536
mlp,test,2024-03,country_tw,country_sg,0.0,0.27871525287628174
mlp,test,2024-04,country_tw,country_sg,0.0,0.2841257154941559
mlp,test,2024-05,country_tw,country_sg,0.0,0.29327592253685
mlp,test,2024-06,country_tw,country_sg,0.0,0.30559372901916504
mlp,test,2024-07,country_tw,country_sg,0.0,0.31121718883514404
mlp,test,2024-08,country_tw,country_sg,0.0,0.3090106248855591
mlp,test,2024-09,country_tw,country_sg,0.0,0.27972209453582764
mlp,test,2024-10,country_tw,country_sg,0.0,0.26723337173461914
mlp,test,2024-11,country_tw,country_sg,0.0,0.3058983087539673
mlp,test,2024-01,country_tw,country_th,0.0,0.25419580936431885
mlp,test,2024-02,country_tw,country_th,0.0,0.29206016659736633
mlp,test,2024-03,country_tw,country_th,0.0,0.2379790097475052
mlp,test,2024-04,country_tw,country_th,0.0,0.3356636166572571
mlp,test,2024-05,country_tw,country_th,0.0,0.23662081360816956
mlp,test,2024-06,country_tw,country_th,0.0,0.44220730662345886
mlp,test,2024-07,country_tw,country_th,1.0,0.27109280228614807
mlp,test,2024-08,country_tw,country_th,0.0,0.4878177046775818
mlp,test,2024-09,country_tw,country_th,0.0,0.2654067575931549
mlp,test,2024-10,country_tw,country_th,1.0,0.2683798670768738
mlp,test,2024-11,country_tw,country_th,1.0,0.4807226359844208
mlp,test,2024-01,country_tw,country_us,0.0,0.27667587995529175
mlp,test,2024-02,country_tw,country_us,0.0,0.31595927476882935
mlp,test,2024-03,country_tw,country_us,0.0,0.25619053840637207
mlp,test,2024-04,country_tw,country_us,0.0,0.250374972820282
mlp,test,2024-05,country_tw,country_us,0.0,0.25697043538093567
mlp,test,2024-06,country_tw,country_us,0.0,0.2509634494781494
mlp,test,2024-07,country_tw,country_us,0.0,0.2664044201374054
mlp,test,2024-08,country_tw,country_us,0.0,0.31313371658325195
mlp,test,2024-09,country_tw,country_us,0.0,0.24463583528995514
mlp,test,2024-10,country_tw,country_us,0.0,0.3316631019115448
mlp,test,2024-11,country_tw,country_us,0.0,0.3323648273944855
mlp,test,2024-01,country_us,country_203,1.0,0.6731857657432556
mlp,test,2024-02,country_us,country_203,1.0,0.7130396962165833
mlp,test,2024-03,country_us,country_203,1.0,0.6628482937812805
mlp,test,2024-04,country_us,country_203,0.0,0.723882794380188
mlp,test,2024-05,country_us,country_203,1.0,0.6490557193756104
mlp,test,2024-06,country_us,country_203,0.0,0.6817606091499329
mlp,test,2024-07,country_us,country_203,0.0,0.6432033777236938
mlp,test,2024-08,country_us,country_203,0.0,0.6885073781013489
mlp,test,2024-09,country_us,country_203,0.0,0.6469570398330688
mlp,test,2024-10,country_us,country_203,0.0,0.7059741020202637
mlp,test,2024-11,country_us,country_203,0.0,0.6564062833786011
mlp,test,2024-01,country_us,country_344,1.0,0.6296771764755249
mlp,test,2024-02,country_us,country_344,0.0,0.6891707181930542
mlp,test,2024-03,country_us,country_344,1.0,0.5741039514541626
mlp,test,2024-04,country_us,country_344,0.0,0.6279054284095764
mlp,test,2024-05,country_us,country_344,1.0,0.6080343127250671
mlp,test,2024-06,country_us,country_344,0.0,0.6011282801628113
mlp,test,2024-07,country_us,country_344,0.0,0.596592366695404
mlp,test,2024-08,country_us,country_344,0.0,0.6229230165481567
mlp,test,2024-09,country_us,country_344,0.0,0.5906347036361694
mlp,test,2024-10,country_us,country_344,0.0,0.6258587837219238
mlp,test,2024-11,country_us,country_344,0.0,0.5943312644958496
mlp,test,2024-01,country_us,country_372,1.0,0.6559487581253052
mlp,test,2024-02,country_us,country_372,0.0,0.7585917115211487
mlp,test,2024-03,country_us,country_372,0.0,0.6214014887809753
mlp,test,2024-04,country_us,country_372,0.0,0.6421924829483032
mlp,test,2024-05,country_us,country_372,0.0,0.5471209287643433
mlp,test,2024-06,country_us,country_372,0.0,0.6231287717819214
mlp,test,2024-07,country_us,country_372,1.0,0.6259393095970154
mlp,test,2024-08,country_us,country_372,0.0,0.7628702521324158
mlp,test,2024-09,country_us,country_372,1.0,0.6965562701225281
mlp,test,2024-10,country_us,country_372,0.0,0.6923181414604187
mlp,test,2024-11,country_us,country_372,0.0,0.5010071396827698
mlp,test,2024-01,country_us,country_380,0.0,0.6706717014312744
mlp,test,2024-02,country_us,country_380,0.0,0.7023741006851196
mlp,test,2024-03,country_us,country_380,0.0,0.6482688784599304
mlp,test,2024-04,country_us,country_380,0.0,0.6876627206802368
mlp,test,2024-05,country_us,country_380,0.0,0.6708676218986511
mlp,test,2024-06,country_us,country_380,0.0,0.7008638978004456
mlp,test,2024-07,country_us,country_380,1.0,0.6627150774002075
mlp,test,2024-08,country_us,country_380,0.0,0.772638201713562
mlp,test,2024-09,country_us,country_380,0.0,0.6499648094177246
mlp,test,2024-10,country_us,country_380,0.0,0.7169408798217773
mlp,test,2024-11,country_us,country_380,1.0,0.6476525664329529
mlp,test,2024-01,country_us,country_cn,0.0,0.597518265247345
mlp,test,2024-02,country_us,country_cn,0.0,0.7048870921134949
mlp,test,2024-03,country_us,country_cn,0.0,0.4790247082710266
mlp,test,2024-04,country_us,country_cn,0.0,0.558756411075592
mlp,test,2024-05,country_us,country_cn,0.0,0.47811490297317505
mlp,test,2024-06,country_us,country_cn,0.0,0.51436448097229
mlp,test,2024-07,country_us,country_cn,0.0,0.48898738622665405
mlp,test,2024-08,country_us,country_cn,0.0,0.54964280128479
mlp,test,2024-09,country_us,country_cn,0.0,0.4861050546169281
mlp,test,2024-10,country_us,country_cn,0.0,0.5790776610374451
mlp,test,2024-11,country_us,country_cn,0.0,0.5162045359611511
mlp,test,2024-01,country_us,country_de,1.0,0.5718688368797302
mlp,test,2024-02,country_us,country_de,1.0,0.6912900805473328
mlp,test,2024-03,country_us,country_de,1.0,0.5463938117027283
mlp,test,2024-04,country_us,country_de,1.0,0.6150601506233215
mlp,test,2024-05,country_us,country_de,1.0,0.571344256401062
mlp,test,2024-06,country_us,country_de,1.0,0.5869757533073425
mlp,test,2024-07,country_us,country_de,1.0,0.5682075023651123
mlp,test,2024-08,country_us,country_de,0.0,0.6745597124099731
mlp,test,2024-09,country_us,country_de,1.0,0.5340018272399902
mlp,test,2024-10,country_us,country_de,0.0,0.6245774030685425
mlp,test,2024-11,country_us,country_de,0.0,0.6473132371902466
mlp,test,2024-01,country_us,country_fr,0.0,0.5993000268936157
mlp,test,2024-02,country_us,country_fr,0.0,0.7151024341583252
mlp,test,2024-03,country_us,country_fr,0.0,0.6346513032913208
mlp,test,2024-04,country_us,country_fr,0.0,0.6409592628479004
mlp,test,2024-05,country_us,country_fr,0.0,0.5794684886932373
mlp,test,2024-06,country_us,country_fr,0.0,0.6130265593528748
mlp,test,2024-07,country_us,country_fr,1.0,0.6910845637321472
mlp,test,2024-08,country_us,country_fr,1.0,0.7086228728294373
mlp,test,2024-09,country_us,country_fr,0.0,0.6006703972816467
mlp,test,2024-10,country_us,country_fr,0.0,0.6881255507469177
mlp,test,2024-11,country_us,country_fr,0.0,0.6445596814155579
mlp,test,2024-01,country_us,country_gb,0.0,0.5707665681838989
mlp,test,2024-02,country_us,country_gb,0.0,0.6734617948532104
mlp,test,2024-03,country_us,country_gb,0.0,0.6103726029396057
mlp,test,2024-04,country_us,country_gb,0.0,0.5986708402633667
mlp,test,2024-05,country_us,country_gb,0.0,0.6179472804069519
mlp,test,2024-06,country_us,country_gb,0.0,0.5479611754417419
mlp,test,2024-07,country_us,country_gb,0.0,0.5821603536605835
mlp,test,2024-08,country_us,country_gb,1.0,0.6140350699424744
mlp,test,2024-09,country_us,country_gb,0.0,0.5541539192199707
mlp,test,2024-10,country_us,country_gb,1.0,0.6670405864715576
mlp,test,2024-11,country_us,country_gb,0.0,0.5968681573867798
mlp,test,2024-01,country_us,country_in,0.0,0.5852431654930115
mlp,test,2024-02,country_us,country_in,0.0,0.7374120354652405
mlp,test,2024-03,country_us,country_in,0.0,0.6745718121528625
mlp,test,2024-04,country_us,country_in,0.0,0.7191733717918396
mlp,test,2024-05,country_us,country_in,0.0,0.652715802192688
mlp,test,2024-06,country_us,country_in,0.0,0.6266729831695557
mlp,test,2024-07,country_us,country_in,0.0,0.6106396913528442
mlp,test,2024-08,country_us,country_in,0.0,0.65163254737854
mlp,test,2024-09,country_us,country_in,0.0,0.6460801959037781
mlp,test,2024-10,country_us,country_in,0.0,0.7619732618331909
mlp,test,2024-11,country_us,country_in,0.0,0.6967917680740356
mlp,test,2024-01,country_us,country_jp,1.0,0.6784290671348572
mlp,test,2024-02,country_us,country_jp,1.0,0.7241091728210449
mlp,test,2024-03,country_us,country_jp,1.0,0.5322763919830322
mlp,test,2024-04,country_us,country_jp,0.0,0.6508057713508606
mlp,test,2024-05,country_us,country_jp,0.0,0.5557206273078918
mlp,test,2024-06,country_us,country_jp,0.0,0.5462573766708374
mlp,test,2024-07,country_us,country_jp,0.0,0.5273683667182922
mlp,test,2024-08,country_us,country_jp,0.0,0.612238347530365
mlp,test,2024-09,country_us,country_jp,0.0,0.5080679059028625
mlp,test,2024-10,country_us,country_jp,0.0,0.6439408659934998
mlp,test,2024-11,country_us,country_jp,0.0,0.61288982629776
mlp,test,2024-01,country_us,country_kr,0.0,0.5563719272613525
mlp,test,2024-02,country_us,country_kr,0.0,0.6358144879341125
mlp,test,2024-03,country_us,country_kr,0.0,0.5620958805084229
mlp,test,2024-04,country_us,country_kr,0.0,0.6301968097686768
mlp,test,2024-05,country_us,country_kr,0.0,0.5066599249839783
mlp,test,2024-06,country_us,country_kr,0.0,0.6317781209945679
mlp,test,2024-07,country_us,country_kr,0.0,0.5781464576721191
mlp,test,2024-08,country_us,country_kr,0.0,0.6031173467636108
mlp,test,2024-09,country_us,country_kr,0.0,0.5281487703323364
mlp,test,2024-10,country_us,country_kr,0.0,0.5907250642776489
mlp,test,2024-11,country_us,country_kr,0.0,0.6019182205200195
mlp,test,2024-01,country_us,country_mx,0.0,0.7007392048835754
mlp,test,2024-02,country_us,country_mx,0.0,0.6747314929962158
mlp,test,2024-03,country_us,country_mx,0.0,0.6133946776390076
mlp,test,2024-04,country_us,country_mx,0.0,0.6365561485290527
mlp,test,2024-05,country_us,country_mx,0.0,0.5788350105285645
mlp,test,2024-06,country_us,country_mx,0.0,0.6063882112503052
mlp,test,2024-07,country_us,country_mx,0.0,0.5604103803634644
mlp,test,2024-08,country_us,country_mx,0.0,0.6642370223999023
mlp,test,2024-09,country_us,country_mx,0.0,0.5823338627815247
mlp,test,2024-10,country_us,country_mx,0.0,0.6690194606781006
mlp,test,2024-11,country_us,country_mx,0.0,0.6948667764663696
mlp,test,2024-01,country_us,country_my,0.0,0.551999032497406
mlp,test,2024-02,country_us,country_my,0.0,0.6323682069778442
mlp,test,2024-03,country_us,country_my,0.0,0.4839177131652832
mlp,test,2024-04,country_us,country_my,0.0,0.5553305745124817
mlp,test,2024-05,country_us,country_my,0.0,0.49330928921699524
mlp,test,2024-06,country_us,country_my,0.0,0.5056605339050293
mlp,test,2024-07,country_us,country_my,0.0,0.4152209758758545
mlp,test,2024-08,country_us,country_my,0.0,0.41719043254852295
mlp,test,2024-09,country_us,country_my,0.0,0.4829922318458557
mlp,test,2024-10,country_us,country_my,0.0,0.5556352734565735
mlp,test,2024-11,country_us,country_my,0.0,0.5254172682762146
mlp,test,2024-01,country_us,country_ph,0.0,0.5998291373252869
mlp,test,2024-02,country_us,country_ph,0.0,0.6682912111282349
mlp,test,2024-03,country_us,country_ph,0.0,0.5467920899391174
mlp,test,2024-04,country_us,country_ph,0.0,0.6148077249526978
mlp,test,2024-05,country_us,country_ph,0.0,0.4990011155605316
mlp,test,2024-06,country_us,country_ph,0.0,0.5244711637496948
mlp,test,2024-07,country_us,country_ph,0.0,0.514019787311554
mlp,test,2024-08,country_us,country_ph,0.0,0.573095440864563
mlp,test,2024-09,country_us,country_ph,0.0,0.5476909279823303
mlp,test,2024-10,country_us,country_ph,0.0,0.5840579867362976
mlp,test,2024-11,country_us,country_ph,0.0,0.5885396599769592
mlp,test,2024-01,country_us,country_sg,0.0,0.5519189834594727
mlp,test,2024-02,country_us,country_sg,1.0,0.6318274140357971
mlp,test,2024-03,country_us,country_sg,1.0,0.560372531414032
mlp,test,2024-04,country_us,country_sg,0.0,0.6395075917243958
mlp,test,2024-05,country_us,country_sg,0.0,0.5589284896850586
mlp,test,2024-06,country_us,country_sg,0.0,0.6123491525650024
mlp,test,2024-07,country_us,country_sg,0.0,0.6082364320755005
mlp,test,2024-08,country_us,country_sg,0.0,0.6548169851303101
mlp,test,2024-09,country_us,country_sg,0.0,0.5670914649963379
mlp,test,2024-10,country_us,country_sg,0.0,0.6212968230247498
mlp,test,2024-11,country_us,country_sg,0.0,0.6119341850280762
mlp,test,2024-01,country_us,country_th,0.0,0.5445557236671448
mlp,test,2024-02,country_us,country_th,0.0,0.6503539681434631
mlp,test,2024-03,country_us,country_th,1.0,0.48899194598197937
mlp,test,2024-04,country_us,country_th,0.0,0.6713532209396362
mlp,test,2024-05,country_us,country_th,0.0,0.45682594180107117
mlp,test,2024-06,country_us,country_th,0.0,0.6684761047363281
mlp,test,2024-07,country_us,country_th,0.0,0.5423101186752319
mlp,test,2024-08,country_us,country_th,0.0,0.7233633399009705
mlp,test,2024-09,country_us,country_th,0.0,0.5239730477333069
mlp,test,2024-10,country_us,country_th,0.0,0.6135176420211792
mlp,test,2024-11,country_us,country_th,1.0,0.6859524250030518
mlp,test,2024-01,country_vn,country_203,1.0,0.8466101884841919
mlp,test,2024-02,country_vn,country_203,0.0,0.8708013296127319
mlp,test,2024-03,country_vn,country_203,0.0,0.8290076851844788
mlp,test,2024-04,country_vn,country_203,0.0,0.8694881796836853
mlp,test,2024-05,country_vn,country_203,1.0,0.8526343107223511
mlp,test,2024-06,country_vn,country_203,1.0,0.8659773468971252
mlp,test,2024-07,country_vn,country_203,1.0,0.8470863699913025
mlp,test,2024-08,country_vn,country_203,1.0,0.8523004651069641
mlp,test,2024-09,country_vn,country_203,0.0,0.8422368168830872
mlp,test,2024-10,country_vn,country_203,1.0,0.8794221878051758
mlp,test,2024-11,country_vn,country_203,0.0,0.8717924952507019
mlp,test,2024-01,country_vn,country_344,1.0,0.8344394564628601
mlp,test,2024-02,country_vn,country_344,0.0,0.8638308048248291
mlp,test,2024-03,country_vn,country_344,0.0,0.7785419821739197
mlp,test,2024-04,country_vn,country_344,1.0,0.7922631502151489
mlp,test,2024-05,country_vn,country_344,0.0,0.8229665160179138
mlp,test,2024-06,country_vn,country_344,0.0,0.7887865900993347
mlp,test,2024-07,country_vn,country_344,0.0,0.8039137125015259
mlp,test,2024-08,country_vn,country_344,0.0,0.7954223155975342
mlp,test,2024-09,country_vn,country_344,1.0,0.78692626953125
mlp,test,2024-10,country_vn,country_344,0.0,0.8036445379257202
mlp,test,2024-11,country_vn,country_344,0.0,0.7972503304481506
mlp,test,2024-01,country_vn,country_372,0.0,0.9030306935310364
mlp,test,2024-02,country_vn,country_372,1.0,0.9497138857841492
mlp,test,2024-03,country_vn,country_372,0.0,0.9183226227760315
mlp,test,2024-04,country_vn,country_372,1.0,0.8715310096740723
mlp,test,2024-05,country_vn,country_372,0.0,0.8828970789909363
mlp,test,2024-06,country_vn,country_372,1.0,0.8900203108787537
mlp,test,2024-07,country_vn,country_372,0.0,0.9115058183670044
mlp,test,2024-08,country_vn,country_372,1.0,0.9359923005104065
mlp,test,2024-09,country_vn,country_372,1.0,0.940807580947876
mlp,test,2024-10,country_vn,country_372,1.0,0.9356364607810974
mlp,test,2024-11,country_vn,country_372,1.0,0.8693796992301941
mlp,test,2024-01,country_vn,country_380,0.0,0.9062491059303284
mlp,test,2024-02,country_vn,country_380,0.0,0.9133633971214294
mlp,test,2024-03,country_vn,country_380,0.0,0.8987879157066345
mlp,test,2024-04,country_vn,country_380,0.0,0.9042636752128601
mlp,test,2024-05,country_vn,country_380,0.0,0.9170011281967163
mlp,test,2024-06,country_vn,country_380,0.0,0.9301043152809143
mlp,test,2024-07,country_vn,country_380,0.0,0.9055551290512085
mlp,test,2024-08,country_vn,country_380,0.0,0.9481804966926575
mlp,test,2024-09,country_vn,country_380,0.0,0.8989839553833008
mlp,test,2024-10,country_vn,country_380,0.0,0.9213890433311462
mlp,test,2024-11,country_vn,country_380,1.0,0.9058821201324463
mlp,test,2024-01,country_vn,country_cn,1.0,0.8087425231933594
mlp,test,2024-02,country_vn,country_cn,0.0,0.8495083451271057
mlp,test,2024-03,country_vn,country_cn,1.0,0.7713956236839294
mlp,test,2024-04,country_vn,country_cn,1.0,0.774695098400116
mlp,test,2024-05,country_vn,country_cn,0.0,0.7962141633033752
mlp,test,2024-06,country_vn,country_cn,1.0,0.7844986319541931
mlp,test,2024-07,country_vn,country_cn,1.0,0.7797621488571167
mlp,test,2024-08,country_vn,country_cn,0.0,0.7809481620788574
mlp,test,2024-09,country_vn,country_cn,1.0,0.7694501876831055
mlp,test,2024-10,country_vn,country_cn,0.0,0.7939872145652771
mlp,test,2024-11,country_vn,country_cn,0.0,0.7996359467506409
mlp,test,2024-01,country_vn,country_de,1.0,0.8494754433631897
mlp,test,2024-02,country_vn,country_de,1.0,0.8872470855712891
mlp,test,2024-03,country_vn,country_de,1.0,0.8408253788948059
mlp,test,2024-04,country_vn,country_de,1.0,0.8598917722702026
mlp,test,2024-05,country_vn,country_de,0.0,0.861253559589386
mlp,test,2024-06,country_vn,country_de,1.0,0.8530319929122925
mlp,test,2024-07,country_vn,country_de,0.0,0.8577508926391602
mlp,test,2024-08,country_vn,country_de,0.0,0.8801419138908386
mlp,test,2024-09,country_vn,country_de,0.0,0.8447305560112
mlp,test,2024-10,country_vn,country_de,0.0,0.8551050424575806
mlp,test,2024-11,country_vn,country_de,0.0,0.8726974725723267
mlp,test,2024-01,country_vn,country_fr,0.0,0.8615542054176331
mlp,test,2024-02,country_vn,country_fr,1.0,0.8849341869354248
mlp,test,2024-03,country_vn,country_fr,1.0,0.8976648449897766
mlp,test,2024-04,country_vn,country_fr,0.0,0.8738787770271301
mlp,test,2024-05,country_vn,country_fr,0.0,0.8644514083862305
mlp,test,2024-06,country_vn,country_fr,0.0,0.8587665557861328
mlp,test,2024-07,country_vn,country_fr,0.0,0.9080619215965271
mlp,test,2024-08,country_vn,country_fr,0.0,0.8950314521789551
mlp,test,2024-09,country_vn,country_fr,0.0,0.8524665832519531
mlp,test,2024-10,country_vn,country_fr,0.0,0.8874659538269043
mlp,test,2024-11,country_vn,country_fr,0.0,0.8882452845573425
mlp,test,2024-01,country_vn,country_gb,1.0,0.8784618377685547
mlp,test,2024-02,country_vn,country_gb,1.0,0.8872014880180359
mlp,test,2024-03,country_vn,country_gb,0.0,0.8926585912704468
mlp,test,2024-04,country_vn,country_gb,1.0,0.8618111610412598
mlp,test,2024-05,country_vn,country_gb,0.0,0.8931252360343933
mlp,test,2024-06,country_vn,country_gb,0.0,0.8594503998756409
mlp,test,2024-07,country_vn,country_gb,0.0,0.8793364763259888
mlp,test,2024-08,country_vn,country_gb,0.0,0.8724608421325684
mlp,test,2024-09,country_vn,country_gb,0.0,0.8726518750190735
mlp,test,2024-10,country_vn,country_gb,0.0,0.8843648433685303
mlp,test,2024-11,country_vn,country_gb,1.0,0.8724766373634338
mlp,test,2024-01,country_vn,country_in,1.0,0.7441060543060303
mlp,test,2024-02,country_vn,country_in,0.0,0.8435442447662354
mlp,test,2024-03,country_vn,country_in,0.0,0.8349778056144714
mlp,test,2024-04,country_vn,country_in,1.0,0.8637327551841736
mlp,test,2024-05,country_vn,country_in,1.0,0.8665247559547424
mlp,test,2024-06,country_vn,country_in,1.0,0.8528580665588379
mlp,test,2024-07,country_vn,country_in,1.0,0.8488627076148987
mlp,test,2024-08,country_vn,country_in,1.0,0.800215482711792
mlp,test,2024-09,country_vn,country_in,1.0,0.8602215647697449
mlp,test,2024-10,country_vn,country_in,1.0,0.9045325517654419
mlp,test,2024-11,country_vn,country_in,1.0,0.8496675491333008
mlp,test,2024-01,country_vn,country_jp,0.0,0.9073516130447388
mlp,test,2024-02,country_vn,country_jp,0.0,0.9072772264480591
mlp,test,2024-03,country_vn,country_jp,1.0,0.8473746180534363
mlp,test,2024-04,country_vn,country_jp,0.0,0.8746787309646606
mlp,test,2024-05,country_vn,country_jp,0.0,0.8760327696800232
mlp,test,2024-06,country_vn,country_jp,0.0,0.8675914406776428
mlp,test,2024-07,country_vn,country_jp,0.0,0.8454180955886841
mlp,test,2024-08,country_vn,country_jp,0.0,0.8681306838989258
mlp,test,2024-09,country_vn,country_jp,0.0,0.8357062339782715
mlp,test,2024-10,country_vn,country_jp,0.0,0.8697395324707031
mlp,test,2024-11,country_vn,country_jp,0.0,0.875420093536377
mlp,test,2024-01,country_vn,country_kr,0.0,0.8324218392372131
mlp,test,2024-02,country_vn,country_kr,0.0,0.8380235433578491
mlp,test,2024-03,country_vn,country_kr,0.0,0.8336925506591797
mlp,test,2024-04,country_vn,country_kr,0.0,0.8423970341682434
mlp,test,2024-05,country_vn,country_kr,0.0,0.8473820686340332
mlp,test,2024-06,country_vn,country_kr,0.0,0.8665996789932251
mlp,test,2024-07,country_vn,country_kr,0.0,0.8388082981109619
mlp,test,2024-08,country_vn,country_kr,0.0,0.8416672348976135
mlp,test,2024-09,country_vn,country_kr,0.0,0.8330321311950684
mlp,test,2024-10,country_vn,country_kr,0.0,0.8315625786781311
mlp,test,2024-11,country_vn,country_kr,0.0,0.8460681438446045
mlp,test,2024-01,country_vn,country_mx,0.0,0.8851818442344666
mlp,test,2024-02,country_vn,country_mx,0.0,0.8498632907867432
mlp,test,2024-03,country_vn,country_mx,0.0,0.871211051940918
mlp,test,2024-04,country_vn,country_mx,1.0,0.8380304574966431
mlp,test,2024-05,country_vn,country_mx,0.0,0.8597057461738586
mlp,test,2024-06,country_vn,country_mx,0.0,0.8395509123802185
mlp,test,2024-07,country_vn,country_mx,0.0,0.8398705124855042
mlp,test,2024-08,country_vn,country_mx,0.0,0.85765141248703
mlp,test,2024-09,country_vn,country_mx,0.0,0.8534107804298401
mlp,test,2024-10,country_vn,country_mx,0.0,0.8438960909843445
mlp,test,2024-11,country_vn,country_mx,0.0,0.8748682141304016
mlp,test,2024-01,country_vn,country_my,1.0,0.8574131727218628
mlp,test,2024-02,country_vn,country_my,1.0,0.861261248588562
mlp,test,2024-03,country_vn,country_my,1.0,0.8355689644813538
mlp,test,2024-04,country_vn,country_my,0.0,0.8330903053283691
mlp,test,2024-05,country_vn,country_my,0.0,0.8202886581420898
mlp,test,2024-06,country_vn,country_my,0.0,0.8288998007774353
mlp,test,2024-07,country_vn,country_my,0.0,0.804240345954895
mlp,test,2024-08,country_vn,country_my,0.0,0.7724049091339111
mlp,test,2024-09,country_vn,country_my,0.0,0.8352107405662537
mlp,test,2024-10,country_vn,country_my,0.0,0.8149923086166382
mlp,test,2024-11,country_vn,country_my,0.0,0.8355358839035034
mlp,test,2024-01,country_vn,country_ph,1.0,0.9256572723388672
mlp,test,2024-02,country_vn,country_ph,1.0,0.9244071841239929
mlp,test,2024-03,country_vn,country_ph,0.0,0.9109429121017456
mlp,test,2024-04,country_vn,country_ph,0.0,0.9100888967514038
mlp,test,2024-05,country_vn,country_ph,0.0,0.8910980224609375
mlp,test,2024-06,country_vn,country_ph,1.0,0.8767963647842407
mlp,test,2024-07,country_vn,country_ph,0.0,0.8957040309906006
mlp,test,2024-08,country_vn,country_ph,0.0,0.8867780566215515
mlp,test,2024-09,country_vn,country_ph,0.0,0.9073224663734436
mlp,test,2024-10,country_vn,country_ph,0.0,0.897496223449707
mlp,test,2024-11,country_vn,country_ph,0.0,0.9015475511550903
mlp,test,2024-01,country_vn,country_sg,0.0,0.8183535933494568
mlp,test,2024-02,country_vn,country_sg,0.0,0.8353673815727234
mlp,test,2024-03,country_vn,country_sg,0.0,0.8140982985496521
mlp,test,2024-04,country_vn,country_sg,0.0,0.8315504789352417
mlp,test,2024-05,country_vn,country_sg,0.0,0.8498160243034363
mlp,test,2024-06,country_vn,country_sg,0.0,0.8320347666740417
mlp,test,2024-07,country_vn,country_sg,0.0,0.8492456078529358
mlp,test,2024-08,country_vn,country_sg,0.0,0.8479093313217163
mlp,test,2024-09,country_vn,country_sg,0.0,0.8368409276008606
mlp,test,2024-10,country_vn,country_sg,0.0,0.8248376250267029
mlp,test,2024-11,country_vn,country_sg,0.0,0.8561904430389404
mlp,test,2024-01,country_vn,country_th,0.0,0.8147245049476624
mlp,test,2024-02,country_vn,country_th,0.0,0.8435921669006348
mlp,test,2024-03,country_vn,country_th,0.0,0.7874937057495117
mlp,test,2024-04,country_vn,country_th,0.0,0.8570694327354431
mlp,test,2024-05,country_vn,country_th,0.0,0.7896344661712646
mlp,test,2024-06,country_vn,country_th,0.0,0.8754597306251526
mlp,test,2024-07,country_vn,country_th,0.0,0.8193784356117249
mlp,test,2024-08,country_vn,country_th,0.0,0.8898547291755676
mlp,test,2024-09,country_vn,country_th,0.0,0.8214331269264221
mlp,test,2024-10,country_vn,country_th,0.0,0.8175870776176453
mlp,test,2024-11,country_vn,country_th,0.0,0.8781104683876038
mlp,test,2024-01,country_vn,country_us,0.0,0.8136292695999146
mlp,test,2024-02,country_vn,country_us,0.0,0.8205128312110901
mlp,test,2024-03,country_vn,country_us,0.0,0.7720742225646973
mlp,test,2024-04,country_vn,country_us,0.0,0.7761741876602173
mlp,test,2024-05,country_vn,country_us,0.0,0.7828822135925293
mlp,test,2024-06,country_vn,country_us,0.0,0.768174409866333
mlp,test,2024-07,country_vn,country_us,1.0,0.7874802350997925
mlp,test,2024-08,country_vn,country_us,0.0,0.8278737664222717
mlp,test,2024-09,country_vn,country_us,1.0,0.7820595502853394
mlp,test,2024-10,country_vn,country_us,1.0,0.8382939696311951
mlp,test,2024-11,country_vn,country_us,1.0,0.8339529633522034
